#Frame     end-to-end
       1      41.1822
       2      41.0902
       3      40.6537
       4      41.9817
       5      41.5604
       6      42.3822
       7      42.0671
       8      42.6163
       9      42.1708
      10      41.0159
      11      40.2988
      12      42.2252
      13      41.9905
      14      40.9226
      15      41.1138
      16      40.0337
      17      41.1902
      18      41.4258
      19      41.7226
      20      40.0071
      21      41.1543
      22      40.4612
      23      42.0986
      24      41.2433
      25      41.8274
      26      41.5655
      27      41.7319
      28      41.7385
      29      41.3646
      30      41.7390
      31      41.3977
      32      41.9414
      33      41.7299
      34      41.6043
      35      41.0959
      36      40.1611
      37      40.6967
      38      41.3037
      39      40.8295
      40      41.0402
      41      40.5945
      42      41.0529
      43      41.7792
      44      41.5111
      45      41.4343
      46      40.3438
      47      40.0967
      48      40.8002
      49      40.6269
      50      40.6087
      51      42.3299
      52      41.4927
      53      41.3701
      54      40.6932
      55      41.2385
      56      42.0095
      57      39.7278
      58      39.9992
      59      41.0983
      60      39.3879
      61      40.6549
      62      40.2481
      63      40.1877
      64      41.0246
      65      40.5530
      66      40.7197
      67      41.4984
      68      40.6652
      69      41.1701
      70      41.2810
      71      41.3667
      72      41.3888
      73      41.4269
      74      41.5630
      75      41.6954
      76      41.4329
      77      41.1955
      78      40.9780
      79      40.7103
      80      41.0692
      81      41.8196
      82      41.2975
      83      42.0811
      84      40.6893
      85      42.4448
      86      42.6067
      87      43.1351
      88      41.8801
      89      41.7385
      90      42.5352
      91      42.9310
      92      42.4065
      93      42.3624
      94      42.0534
      95      42.0333
      96      41.4843
      97      41.1332
      98      41.7075
      99      41.5356
     100      42.4081
     101      41.6453
     102      42.3145
     103      41.4937
     104      42.2691
     105      41.8541
     106      41.7451
     107      41.8653
     108      41.6822
     109      41.1467
     110      41.5388
     111      41.5230
     112      42.2419
     113      41.7081
     114      42.6144
     115      41.9702
     116      42.9951
     117      41.8995
     118      42.4903
     119      41.5079
     120      41.6648
     121      41.5807
     122      42.4109
     123      41.2069
     124      41.6603
     125      41.9990
     126      41.8944
     127      42.3532
     128      41.5222
     129      42.1343
     130      41.6556
     131      41.4292
     132      41.0763
     133      41.2035
     134      41.9411
     135      41.9898
     136      41.8691
     137      41.6562
     138      41.6719
     139      42.6620
     140      42.6149
     141      40.9686
     142      41.6552
     143      42.7394
     144      42.4186
     145      41.8779
     146      42.1640
     147      42.4115
     148      41.9326
     149      42.8204
     150      41.2917
     151      41.4330
     152      41.9684
     153      41.6944
     154      41.0192
     155      42.6424
     156      40.8637
     157      42.2631
     158      42.1164
     159      41.1836
     160      41.5398
     161      42.0225
     162      41.8016
     163      41.1248
     164      41.5138
     165      40.7648
     166      41.5212
     167      42.2809
     168      41.8577
     169      40.8919
     170      40.8506
     171      41.0285
     172      41.9403
     173      43.0657
     174      41.7987
     175      42.6234
     176      40.8796
     177      40.9349
     178      42.0991
     179      42.0678
     180      40.5356
     181      40.4151
     182      41.6819
     183      41.3970
     184      41.9241
     185      41.9336
     186      42.0498
     187      42.2969
     188      41.5854
     189      40.2543
     190      41.8069
     191      42.5813
     192      41.6070
     193      40.6373
     194      41.5091
     195      41.5105
     196      41.7835
     197      42.1735
     198      42.0272
     199      41.7712
     200      41.6351
     201      42.2161
     202      41.8041
     203      42.0705
     204      40.9909
     205      42.3829
     206      41.6879
     207      42.0831
     208      42.1371
     209      42.0713
     210      42.3903
     211      41.0476
     212      41.3190
     213      41.6406
     214      41.3164
     215      41.8799
     216      40.6606
     217      42.0771
     218      41.7663
     219      41.6082
     220      40.8028
     221      40.4638
     222      40.6963
     223      40.4638
     224      40.5434
     225      40.8387
     226      41.7039
     227      41.7880
     228      41.5306
     229      42.3321
     230      41.1273
     231      41.5277
     232      42.5186
     233      42.8021
     234      42.0115
     235      41.3347
     236      41.6030
     237      41.5466
     238      41.3614
     239      41.4659
     240      42.4614
     241      41.1513
     242      42.0205
     243      42.7090
     244      41.9166
     245      42.2290
     246      42.2913
     247      42.3571
     248      41.4796
     249      41.9170
     250      41.7110
     251      41.5036
     252      41.5730
     253      41.3966
     254      41.5264
     255      41.4619
     256      41.4510
     257      41.1035
     258      41.1941
     259      41.7420
     260      41.7321
     261      40.9059
     262      42.0419
     263      40.4853
     264      41.9352
     265      41.6110
     266      41.2984
     267      40.9364
     268      39.8817
     269      41.0125
     270      40.7085
     271      40.4801
     272      41.3219
     273      41.5126
     274      40.6929
     275      41.5476
     276      41.1766
     277      40.9184
     278      40.3594
     279      40.8808
     280      39.7656
     281      40.6710
     282      40.6535
     283      41.3734
     284      41.1040
     285      40.4142
     286      40.1539
     287      40.8576
     288      40.0777
     289      41.2236
     290      40.6691
     291      40.9315
     292      39.6835
     293      40.3474
     294      40.9937
     295      40.8203
     296      41.0571
     297      40.9570
     298      39.9259
     299      42.3799
     300      41.0267
     301      41.4926
     302      40.7937
     303      40.4992
     304      40.8642
     305      40.7497
     306      40.7088
     307      40.0474
     308      40.4302
     309      40.1631
     310      40.6342
     311      40.0967
     312      40.3871
     313      39.8952
     314      39.4432
     315      40.6347
     316      41.2251
     317      40.5843
     318      41.2900
     319      41.3773
     320      41.2303
     321      40.5279
     322      40.1955
     323      40.9688
     324      40.2628
     325      40.5606
     326      40.4593
     327      40.5209
     328      40.7134
     329      40.9749
     330      41.1714
     331      40.5886
     332      41.0819
     333      40.2170
     334      40.9192
     335      40.5295
     336      41.6436
     337      41.0182
     338      42.2555
     339      40.8380
     340      40.4520
     341      40.1695
     342      41.2246
     343      40.7197
     344      41.1407
     345      41.4639
     346      40.8250
     347      41.5024
     348      40.6242
     349      40.1755
     350      41.3934
     351      41.0949
     352      40.7459
     353      40.8550
     354      42.0956
     355      40.1450
     356      39.9302
     357      41.3048
     358      39.0654
     359      41.1479
     360      41.9880
     361      41.0250
     362      41.2157
     363      41.9416
     364      40.7097
     365      40.4087
     366      40.8841
     367      41.8067
     368      42.1200
     369      41.9491
     370      41.7447
     371      41.5345
     372      41.7347
     373      41.1191
     374      41.5180
     375      39.8693
     376      40.0663
     377      41.4904
     378      39.6407
     379      42.3929
     380      40.2158
     381      40.2696
     382      40.2999
     383      41.2230
     384      40.9519
     385      41.6263
     386      41.4313
     387      40.4420
     388      41.5335
     389      41.6562
     390      41.5138
     391      41.8215
     392      42.1212
     393      40.9137
     394      41.9450
     395      41.3107
     396      39.9070
     397      40.7905
     398      41.1876
     399      41.0255
     400      41.7333
     401      40.7880
     402      41.3430
     403      40.7201
     404      40.5536
     405      42.2637
     406      40.7208
     407      41.4740
     408      41.4843
     409      40.5433
     410      40.4944
     411      41.0577
     412      39.4319
     413      40.9470
     414      40.8332
     415      41.7741
     416      40.8719
     417      39.6565
     418      40.8000
     419      40.9527
     420      40.5891
     421      39.6929
     422      39.3884
     423      38.5478
     424      40.3548
     425      39.9723
     426      39.4112
     427      39.5187
     428      40.7785
     429      40.6302
     430      40.9952
     431      40.6507
     432      40.6491
     433      40.9810
     434      40.3672
     435      41.4924
     436      41.0590
     437      40.2295
     438      40.2939
     439      40.0629
     440      40.7824
     441      40.8296
     442      40.0548
     443      40.0908
     444      41.6700
     445      40.6834
     446      41.1640
     447      41.4967
     448      41.4263
     449      40.4613
     450      39.2346
     451      39.7442
     452      40.9597
     453      41.0701
     454      40.7519
     455      39.4223
     456      39.9021
     457      41.5840
     458      41.5375
     459      40.9236
     460      41.1791
     461      40.7240
     462      40.9887
     463      41.3127
     464      41.3475
     465      40.9249
     466      40.3020
     467      41.5259
     468      41.3959
     469      40.9420
     470      40.5183
     471      40.9147
     472      40.6947
     473      40.3914
     474      39.4779
     475      40.8111
     476      39.6510
     477      40.3512
     478      40.8778
     479      41.0922
     480      40.4606
     481      40.9144
     482      41.0102
     483      41.4781
     484      41.2164
     485      40.2441
     486      41.6763
     487      39.9232
     488      40.6929
     489      40.3659
     490      40.7518
     491      41.4675
     492      40.4925
     493      42.4352
     494      40.8641
     495      41.2753
     496      41.0280
     497      41.7442
     498      40.6775
     499      41.4012
     500      41.1002
     501      41.0279
     502      40.4997
     503      40.6166
     504      40.8507
     505      40.8296
     506      40.7472
     507      39.3510
     508      40.7281
     509      40.3999
     510      40.6304
     511      40.2845
     512      40.5819
     513      40.7834
     514      40.2408
     515      40.0882
     516      41.2670
     517      40.0323
     518      40.7208
     519      41.0927
     520      41.0053
     521      40.7336
     522      40.3376
     523      40.1918
     524      39.4007
     525      39.6010
     526      40.8317
     527      40.0389
     528      40.4457
     529      40.6845
     530      40.7199
     531      40.4638
     532      39.2479
     533      40.9656
     534      40.7506
     535      39.9553
     536      40.2983
     537      40.8963
     538      41.7143
     539      41.0570
     540      41.0839
     541      39.9007
     542      39.8551
     543      40.1508
     544      40.4746
     545      40.4289
     546      41.8880
     547      39.8610
     548      40.1016
     549      41.5933
     550      42.1664
     551      41.3080
     552      41.7220
     553      40.8783
     554      40.7556
     555      40.1272
     556      39.6360
     557      40.0454
     558      40.2343
     559      39.6566
     560      40.0675
     561      40.2716
     562      40.0771
     563      40.9685
     564      40.7243
     565      40.5918
     566      39.7830
     567      40.9808
     568      42.0328
     569      40.7916
     570      41.0930
     571      40.9764
     572      41.3762
     573      40.8950
     574      40.4453
     575      41.1868
     576      40.6158
     577      40.4273
     578      40.7869
     579      41.4841
     580      40.8274
     581      40.6317
     582      40.4832
     583      40.4156
     584      40.8123
     585      41.3713
     586      40.1791
     587      40.4160
     588      40.9929
     589      40.7719
     590      40.6396
     591      41.2730
     592      40.7236
     593      41.5398
     594      41.8394
     595      40.3877
     596      41.7910
     597      41.5169
     598      40.9426
     599      41.1919
     600      41.3678
     601      41.1257
     602      41.6728
     603      41.3685
     604      40.2922
     605      40.3738
     606      41.0927
     607      40.4999
     608      41.3665
     609      42.5940
     610      40.9630
     611      41.1138
     612      41.8749
     613      41.8176
     614      41.6290
     615      41.3764
     616      41.1342
     617      41.2994
     618      41.2316
     619      40.9566
     620      41.3821
     621      40.2151
     622      40.6038
     623      41.2331
     624      40.9052
     625      40.6073
     626      40.2044
     627      39.4980
     628      40.9634
     629      40.6398
     630      40.0167
     631      41.0409
     632      41.1093
     633      41.0880
     634      41.0032
     635      40.5417
     636      41.0387
     637      40.7527
     638      40.9253
     639      40.2216
     640      40.5631
     641      41.0851
     642      41.2469
     643      41.4378
     644      41.5165
     645      41.4595
     646      41.7031
     647      41.1113
     648      41.0096
     649      40.5632
     650      41.1476
     651      40.9475
     652      40.9182
     653      41.2177
     654      41.9245
     655      41.4766
     656      40.8847
     657      41.7013
     658      41.8012
     659      41.1690
     660      41.7126
     661      41.3014
     662      40.7580
     663      41.0245
     664      40.5354
     665      40.8721
     666      40.9223
     667      40.4579
     668      40.1273
     669      40.2801
     670      40.5585
     671      40.2264
     672      40.5399
     673      41.2357
     674      41.4567
     675      41.6940
     676      41.0593
     677      40.2673
     678      40.0907
     679      41.0347
     680      41.1002
     681      41.3532
     682      39.6813
     683      40.7203
     684      41.3056
     685      42.2137
     686      41.6291
     687      42.6484
     688      42.4841
     689      40.4846
     690      40.6180
     691      40.0488
     692      41.8461
     693      40.6903
     694      41.0007
     695      41.6944
     696      40.4474
     697      42.3093
     698      41.0625
     699      40.8177
     700      41.2477
     701      40.3513
     702      40.3915
     703      40.6673
     704      39.7206
     705      40.2077
     706      41.2806
     707      40.0182
     708      41.3908
     709      41.0446
     710      40.2906
     711      41.2029
     712      40.8170
     713      40.0895
     714      39.5462
     715      41.0961
     716      40.8330
     717      40.0796
     718      41.2333
     719      40.4889
     720      40.2778
     721      40.8298
     722      41.4125
     723      40.8903
     724      41.3234
     725      40.7253
     726      40.3565
     727      40.0865
     728      40.4638
     729      39.8290
     730      41.2696
     731      40.7282
     732      38.8689
     733      40.0626
     734      40.0794
     735      40.2203
     736      40.8427
     737      40.2619
     738      41.5669
     739      40.1499
     740      39.9884
     741      40.0491
     742      40.9647
     743      40.1165
     744      39.8902
     745      40.4284
     746      40.2415
     747      40.1072
     748      40.7533
     749      40.8891
     750      40.8831
     751      40.6564
     752      39.8021
     753      40.8691
     754      40.7121
     755      40.2750
     756      40.9482
     757      40.5239
     758      40.4782
     759      39.8920
     760      40.2764
     761      41.0118
     762      40.0737
     763      40.4336
     764      40.2939
     765      40.8022
     766      40.4861
     767      40.8119
     768      40.6531
     769      40.3509
     770      40.3773
     771      40.9795
     772      41.3022
     773      40.9484
     774      39.7499
     775      40.4552
     776      40.7620
     777      40.9283
     778      41.5621
     779      41.1346
     780      41.1060
     781      40.5696
     782      41.4553
     783      41.2518
     784      40.6388
     785      40.9104
     786      41.8182
     787      40.3960
     788      41.0521
     789      40.3213
     790      41.2409
     791      41.2921
     792      41.2388
     793      40.4996
     794      40.5399
     795      40.3147
     796      40.5657
     797      40.3138
     798      39.7508
     799      40.2641
     800      40.4162
     801      41.2227
     802      40.7164
     803      40.7887
     804      41.2033
     805      41.1968
     806      41.6680
     807      40.7068
     808      40.9187
     809      40.7975
     810      40.2080
     811      40.1781
     812      40.7578
     813      40.1129
     814      39.7804
     815      41.1679
     816      40.2729
     817      39.4956
     818      39.6525
     819      39.1655
     820      40.3492
     821      40.5359
     822      40.8089
     823      39.9730
     824      40.1100
     825      40.7398
     826      40.1305
     827      39.1072
     828      39.4804
     829      39.5561
     830      38.7674
     831      38.9219
     832      39.9255
     833      39.8014
     834      39.1159
     835      40.0138
     836      40.3145
     837      40.9476
     838      38.9324
     839      40.1459
     840      39.5814
     841      40.1735
     842      40.0630
     843      39.7894
     844      39.9114
     845      39.8590
     846      39.4785
     847      40.7304
     848      39.3598
     849      39.8674
     850      40.7706
     851      41.1459
     852      41.0017
     853      40.2792
     854      39.9233
     855      40.2130
     856      40.4366
     857      39.4648
     858      39.9143
     859      40.7366
     860      40.5740
     861      41.0524
     862      41.0282
     863      39.4049
     864      40.2037
     865      41.1009
     866      40.1141
     867      39.7517
     868      39.7896
     869      40.7617
     870      40.4365
     871      40.2969
     872      39.9288
     873      40.3153
     874      40.1353
     875      39.7411
     876      40.2702
     877      40.9015
     878      40.4588
     879      39.6425
     880      39.2382
     881      39.6823
     882      39.5884
     883      39.0674
     884      40.1534
     885      39.8611
     886      39.8419
     887      40.1233
     888      40.1390
     889      41.5363
     890      40.8320
     891      41.4787
     892      40.1652
     893      40.5382
     894      40.8395
     895      40.9258
     896      40.8211
     897      40.5075
     898      40.0676
     899      40.9660
     900      40.5403
     901      40.6357
     902      39.7956
     903      39.6386
     904      40.5756
     905      39.7776
     906      40.1654
     907      39.3712
     908      40.3981
     909      39.6953
     910      39.7156
     911      40.5385
     912      40.6040
     913      39.8747
     914      40.5190
     915      40.6986
     916      40.2842
     917      40.4545
     918      40.2749
     919      41.2654
     920      40.6899
     921      41.2423
     922      40.7087
     923      39.9565
     924      40.5069
     925      40.6248
     926      40.7888
     927      41.2796
     928      39.7049
     929      40.2010
     930      40.0173
     931      39.4045
     932      39.1163
     933      39.2440
     934      39.7102
     935      39.7782
     936      38.7920
     937      40.1856
     938      40.3004
     939      40.7670
     940      39.9353
     941      39.9823
     942      39.9261
     943      39.5694
     944      39.5435
     945      39.4143
     946      39.6903
     947      39.8539
     948      39.9615
     949      40.2859
     950      39.8024
     951      40.7289
     952      39.9715
     953      38.9579
     954      39.5382
     955      39.0439
     956      40.2562
     957      39.0596
     958      39.7209
     959      39.0777
     960      39.6220
     961      39.0240
     962      39.7076
     963      39.2690
     964      39.6639
     965      39.1286
     966      38.0576
     967      38.3789
     968      38.9051
     969      39.1989
     970      38.9579
     971      38.7864
     972      39.4298
     973      41.1806
     974      39.9037
     975      40.3901
     976      40.5806
     977      41.0028
     978      40.3012
     979      40.8585
     980      41.3061
     981      39.8497
     982      39.3737
     983      40.4750
     984      40.3785
     985      40.0923
     986      39.8778
     987      40.5370
     988      40.4774
     989      39.5367
     990      39.7872
     991      40.0162
     992      40.5699
     993      41.2804
     994      41.4972
     995      40.2962
     996      40.4184
     997      40.0565
     998      40.0977
     999      41.3683
    1000      41.3930
    1001      41.1031
    1002      40.1335
    1003      39.6978
    1004      40.3646
    1005      40.2338
    1006      40.6169
    1007      40.2215
    1008      41.0745
    1009      40.3830
    1010      40.8207
    1011      40.9672
    1012      41.7241
    1013      40.7228
    1014      41.3287
    1015      40.2053
    1016      40.4868
    1017      40.2058
    1018      40.1360
    1019      40.6871
    1020      39.4710
    1021      39.2145
    1022      39.7054
    1023      40.6411
    1024      39.7083
    1025      39.5556
    1026      39.8697
    1027      39.2699
    1028      40.2593
    1029      40.2578
    1030      40.2991
    1031      39.9894
    1032      38.8132
    1033      40.9734
    1034      41.6153
    1035      41.9744
    1036      40.9633
    1037      39.8165
    1038      40.2772
    1039      40.6426
    1040      41.3421
    1041      40.6182
    1042      40.3631
    1043      40.4216
    1044      39.0949
    1045      41.0405
    1046      40.0376
    1047      40.5247
    1048      41.0150
    1049      40.7412
    1050      39.7316
    1051      40.0916
    1052      38.5146
    1053      39.6702
    1054      38.3460
    1055      39.2665
    1056      40.6238
    1057      39.8611
    1058      40.0163
    1059      40.3158
    1060      39.6859
    1061      39.9035
    1062      39.8430
    1063      39.5188
    1064      40.3225
    1065      39.5786
    1066      39.0703
    1067      39.2437
    1068      39.9025
    1069      39.5059
    1070      40.1136
    1071      38.8127
    1072      41.0300
    1073      38.9822
    1074      39.1106
    1075      39.4287
    1076      40.3705
    1077      40.2720
    1078      38.8410
    1079      39.2866
    1080      40.5468
    1081      39.6121
    1082      38.7069
    1083      40.2203
    1084      40.2068
    1085      39.2506
    1086      39.1844
    1087      39.2996
    1088      39.3591
    1089      39.5584
    1090      39.4226
    1091      39.8052
    1092      40.5252
    1093      39.3034
    1094      40.2531
    1095      39.7483
    1096      39.0864
    1097      39.4488
    1098      38.8136
    1099      39.6327
    1100      39.9406
    1101      39.1346
    1102      39.5067
    1103      39.1568
    1104      38.7190
    1105      38.9581
    1106      39.2171
    1107      38.9128
    1108      39.2161
    1109      38.9713
    1110      39.3008
    1111      39.2809
    1112      40.8154
    1113      38.9214
    1114      40.3641
    1115      39.3963
    1116      40.3606
    1117      39.3319
    1118      39.0613
    1119      39.9997
    1120      39.5281
    1121      39.6640
    1122      39.3849
    1123      39.9302
    1124      40.2166
    1125      39.6743
    1126      41.0275
    1127      41.4276
    1128      40.8452
    1129      40.0961
    1130      39.9109
    1131      40.0533
    1132      40.3684
    1133      39.7862
    1134      38.7322
    1135      39.1794
    1136      39.7480
    1137      40.0514
    1138      39.4870
    1139      40.5620
    1140      39.7038
    1141      39.2378
    1142      40.1194
    1143      39.1784
    1144      39.8857
    1145      40.8814
    1146      41.2989
    1147      40.3466
    1148      40.2997
    1149      40.8481
    1150      41.1088
    1151      41.8691
    1152      42.3452
    1153      41.1266
    1154      41.5118
    1155      41.4824
    1156      42.1191
    1157      42.5756
    1158      41.6008
    1159      42.4081
    1160      41.7763
    1161      42.0509
    1162      42.7742
    1163      42.4652
    1164      43.0202
    1165      42.4257
    1166      42.2354
    1167      42.5508
    1168      43.0263
    1169      41.6524
    1170      42.6481
    1171      41.3468
    1172      40.9982
    1173      41.3663
    1174      42.1696
    1175      41.0014
    1176      40.7507
    1177      39.9051
    1178      40.1710
    1179      39.7803
    1180      39.6523
    1181      40.0706
    1182      39.9742
    1183      41.1205
    1184      40.4182
    1185      39.8485
    1186      40.1646
    1187      39.8610
    1188      39.4458
    1189      39.8607
    1190      39.0496
    1191      39.5413
    1192      41.1724
    1193      40.2959
    1194      39.5111
    1195      39.9548
    1196      40.1899
    1197      39.5641
    1198      40.7900
    1199      40.5273
    1200      39.8487
    1201      39.9191
    1202      40.6501
    1203      40.0897
    1204      40.9449
    1205      40.1272
    1206      39.2236
    1207      38.9000
    1208      40.1439
    1209      39.0420
    1210      39.3736
    1211      38.8604
    1212      39.1083
    1213      39.1984
    1214      39.9639
    1215      40.2094
    1216      40.5979
    1217      40.8346
    1218      40.1326
    1219      40.2327
    1220      40.3363
    1221      42.4601
    1222      41.8765
    1223      41.0707
    1224      40.8697
    1225      39.7410
    1226      39.7084
    1227      39.9122
    1228      38.4395
    1229      39.4456
    1230      40.2427
    1231      39.7823
    1232      40.5375
    1233      40.1665
    1234      41.9921
    1235      39.8141
    1236      39.8137
    1237      40.3409
    1238      40.3227
    1239      39.9321
    1240      38.7215
    1241      38.9018
    1242      39.1611
    1243      39.6425
    1244      38.7396
    1245      39.5529
    1246      39.7815
    1247      39.0125
    1248      38.0390
    1249      38.9177
    1250      38.3482
    1251      38.6856
    1252      39.3396
    1253      38.4948
    1254      39.0670
    1255      39.3602
    1256      38.4531
    1257      38.3247
    1258      38.3167
    1259      39.0005
    1260      40.6825
    1261      40.2842
    1262      40.3124
    1263      39.7164
    1264      39.4819
    1265      40.7966
    1266      39.8651
    1267      39.8705
    1268      40.4603
    1269      40.5989
    1270      39.6857
    1271      40.8826
    1272      40.4122
    1273      39.9371
    1274      40.5410
    1275      40.5570
    1276      40.0291
    1277      40.2041
    1278      41.0040
    1279      39.1201
    1280      39.0550
    1281      40.2744
    1282      40.0661
    1283      40.0348
    1284      40.0104
    1285      40.8614
    1286      39.9339
    1287      40.6066
    1288      39.9902
    1289      39.5751
    1290      39.7214
    1291      40.5098
    1292      39.9019
    1293      40.2530
    1294      39.5363
    1295      40.2203
    1296      40.3660
    1297      40.8297
    1298      40.2455
    1299      40.5261
    1300      40.3913
    1301      40.6729
    1302      40.7123
    1303      41.4666
    1304      40.9794
    1305      41.5234
    1306      39.8624
    1307      40.1324
    1308      42.5684
    1309      41.0632
    1310      41.6141
    1311      41.9009
    1312      40.9717
    1313      40.2677
    1314      40.1426
    1315      41.4778
    1316      39.6261
    1317      40.7754
    1318      41.2565
    1319      40.4596
    1320      39.9655
    1321      40.5829
    1322      39.5658
    1323      40.0683
    1324      38.8619
    1325      40.0488
    1326      39.3317
    1327      39.6326
    1328      38.4278
    1329      39.4995
    1330      39.3553
    1331      39.3534
    1332      40.5155
    1333      38.8327
    1334      40.0989
    1335      39.4421
    1336      39.3739
    1337      39.6262
    1338      39.5690
    1339      38.5486
    1340      39.6273
    1341      38.3514
    1342      39.6896
    1343      39.4513
    1344      39.6945
    1345      39.1040
    1346      39.2741
    1347      40.6844
    1348      39.3130
    1349      39.9884
    1350      39.4363
    1351      40.1739
    1352      40.2276
    1353      40.3738
    1354      40.4149
    1355      39.6360
    1356      39.5683
    1357      39.9820
    1358      39.9520
    1359      39.6982
    1360      38.8405
    1361      39.9376
    1362      39.8974
    1363      39.7310
    1364      38.9242
    1365      39.9157
    1366      40.1952
    1367      39.4158
    1368      40.0904
    1369      39.2344
    1370      40.0500
    1371      39.7359
    1372      40.1512
    1373      39.6696
    1374      39.1323
    1375      39.6774
    1376      38.8398
    1377      39.3615
    1378      39.3244
    1379      39.9767
    1380      39.1547
    1381      39.6374
    1382      38.9729
    1383      39.5368
    1384      39.3223
    1385      38.2198
    1386      38.2606
    1387      39.0995
    1388      39.2582
    1389      39.3368
    1390      39.1444
    1391      39.5070
    1392      39.1098
    1393      39.2451
    1394      39.1906
    1395      39.4846
    1396      39.4157
    1397      40.1693
    1398      39.8792
    1399      40.2485
    1400      40.0398
    1401      40.0038
    1402      40.5717
    1403      40.0598
    1404      39.1425
    1405      39.0559
    1406      39.5584
    1407      39.8391
    1408      39.1801
    1409      39.8572
    1410      40.0199
    1411      40.3896
    1412      40.5222
    1413      40.0002
    1414      39.6028
    1415      39.8020
    1416      39.4965
    1417      38.2430
    1418      39.1573
    1419      39.4293
    1420      39.8352
    1421      39.2139
    1422      39.3799
    1423      39.6451
    1424      39.1773
    1425      38.8549
    1426      38.2907
    1427      39.0869
    1428      39.2809
    1429      38.5345
    1430      39.4822
    1431      39.3813
    1432      39.2196
    1433      40.2984
    1434      39.8222
    1435      39.2381
    1436      39.7024
    1437      39.4349
    1438      40.1138
    1439      39.5415
    1440      39.3644
    1441      39.7876
    1442      39.7077
    1443      39.1864
    1444      39.4594
    1445      39.5192
    1446      39.7100
    1447      40.1751
    1448      38.6170
    1449      39.6774
    1450      40.0350
    1451      39.9453
    1452      39.5346
    1453      39.2916
    1454      39.4361
    1455      39.8436
    1456      40.2171
    1457      39.9838
    1458      40.5640
    1459      40.7599
    1460      39.4341
    1461      39.7805
    1462      40.4126
    1463      40.2796
    1464      39.9459
    1465      40.6656
    1466      40.8742
    1467      40.8810
    1468      40.8609
    1469      39.1555
    1470      40.3550
    1471      39.3497
    1472      39.6013
    1473      40.0430
    1474      39.8005
    1475      40.2312
    1476      39.7261
    1477      40.0456
    1478      40.4357
    1479      39.3715
    1480      40.3245
    1481      40.0646
    1482      39.0302
    1483      38.8651
    1484      40.3767
    1485      39.8736
    1486      40.9285
    1487      40.1829
    1488      40.1485
    1489      40.9425
    1490      39.5513
    1491      39.3787
    1492      39.7618
    1493      40.2466
    1494      39.3433
    1495      39.7755
    1496      40.4392
    1497      40.6744
    1498      40.9810
    1499      40.2046
    1500      40.2507
    1501      39.8254
    1502      39.9742
    1503      41.5541
    1504      42.3596
    1505      41.9395
    1506      40.7112
    1507      41.9666
    1508      40.4918
    1509      40.6511
    1510      40.6075
    1511      40.6705
    1512      39.9057
    1513      39.7584
    1514      39.5121
    1515      39.5953
    1516      38.7905
    1517      39.0436
    1518      39.7430
    1519      38.9829
    1520      39.2623
    1521      39.5512
    1522      39.2384
    1523      39.4140
    1524      39.0151
    1525      39.3292
    1526      39.9995
    1527      40.0331
    1528      40.3819
    1529      39.5712
    1530      39.2416
    1531      39.8190
    1532      39.9387
    1533      39.2057
    1534      39.6267
    1535      39.0135
    1536      38.9810
    1537      40.0938
    1538      39.7682
    1539      39.7555
    1540      40.9014
    1541      39.8661
    1542      41.0071
    1543      40.1337
    1544      40.4746
    1545      40.3244
    1546      40.0589
    1547      40.2907
    1548      40.3559
    1549      39.9682
    1550      40.4796
    1551      39.3021
    1552      39.9619
    1553      39.5019
    1554      38.1747
    1555      39.1563
    1556      38.6204
    1557      39.2360
    1558      39.5299
    1559      39.7799
    1560      40.1178
    1561      39.6067
    1562      39.8979
    1563      39.1967
    1564      39.8337
    1565      39.5920
    1566      39.3172
    1567      39.5984
    1568      39.0657
    1569      40.4316
    1570      39.5996
    1571      40.2475
    1572      40.8081
    1573      40.4776
    1574      40.4025
    1575      39.1530
    1576      40.8693
    1577      38.6497
    1578      39.9701
    1579      39.9122
    1580      39.7695
    1581      39.0482
    1582      38.8989
    1583      39.9218
    1584      38.6952
    1585      40.9791
    1586      39.8891
    1587      40.2894
    1588      40.5265
    1589      40.6215
    1590      39.9289
    1591      40.2104
    1592      40.4707
    1593      39.5677
    1594      39.9874
    1595      40.3652
    1596      39.8059
    1597      39.5827
    1598      41.0028
    1599      40.5126
    1600      40.6996
    1601      40.9820
    1602      41.7782
    1603      40.5493
    1604      41.7647
    1605      40.7367
    1606      41.0998
    1607      40.3243
    1608      40.2926
    1609      41.4199
    1610      41.1200
    1611      41.2275
    1612      41.8579
    1613      41.7772
    1614      39.7195
    1615      40.7076
    1616      41.0453
    1617      40.6478
    1618      40.2947
    1619      40.1496
    1620      40.6187
    1621      38.5746
    1622      39.7173
    1623      39.7459
    1624      39.5633
    1625      39.6598
    1626      39.3811
    1627      39.6017
    1628      40.5266
    1629      40.4927
    1630      39.2345
    1631      39.7092
    1632      39.2241
    1633      39.9929
    1634      40.1051
    1635      39.0551
    1636      38.8210
    1637      38.9831
    1638      38.6283
    1639      39.3115
    1640      40.0569
    1641      38.9203
    1642      39.6173
    1643      40.2549
    1644      39.7704
    1645      40.5383
    1646      40.5868
    1647      39.5731
    1648      39.9947
    1649      39.7486
    1650      39.7045
    1651      40.6725
    1652      40.7233
    1653      40.3863
    1654      39.8021
    1655      40.1621
    1656      39.5370
    1657      41.5149
    1658      39.9227
    1659      41.8305
    1660      40.7244
    1661      40.6069
    1662      41.0709
    1663      41.4335
    1664      40.3590
    1665      40.3756
    1666      39.6094
    1667      40.4075
    1668      38.9809
    1669      40.3394
    1670      40.4742
    1671      39.7267
    1672      40.1960
    1673      40.2983
    1674      41.1129
    1675      40.5869
    1676      38.8843
    1677      40.0597
    1678      40.2843
    1679      39.9594
    1680      40.1782
    1681      40.7741
    1682      40.9545
    1683      40.9936
    1684      40.2600
    1685      40.0485
    1686      41.7916
    1687      40.5842
    1688      41.8330
    1689      40.3998
    1690      40.7447
    1691      41.0078
    1692      40.7271
    1693      39.5956
    1694      39.6547
    1695      39.3393
    1696      41.5172
    1697      39.4731
    1698      39.9609
    1699      39.6915
    1700      39.2518
    1701      39.1098
    1702      39.5730
    1703      40.8523
    1704      40.2540
    1705      40.5925
    1706      41.0136
    1707      40.8021
    1708      40.3181
    1709      40.0535
    1710      40.2541
    1711      41.1896
    1712      39.6417
    1713      41.2122
    1714      40.6817
    1715      40.2561
    1716      40.0741
    1717      39.6491
    1718      39.4308
    1719      40.1777
    1720      39.7926
    1721      39.4383
    1722      40.2781
    1723      40.1083
    1724      41.6687
    1725      41.2932
    1726      40.8735
    1727      41.4260
    1728      40.8827
    1729      41.1973
    1730      40.1963
    1731      41.1539
    1732      40.4415
    1733      40.7228
    1734      39.3279
    1735      41.4605
    1736      40.1276
    1737      40.8242
    1738      39.7851
    1739      40.9996
    1740      40.1553
    1741      40.8243
    1742      40.4872
    1743      40.0622
    1744      40.3590
    1745      40.4726
    1746      40.1397
    1747      40.1260
    1748      40.5133
    1749      38.6921
    1750      40.9720
    1751      41.5367
    1752      41.0691
    1753      39.7432
    1754      40.2173
    1755      40.2082
    1756      40.0934
    1757      40.3372
    1758      40.1348
    1759      40.1245
    1760      39.6690
    1761      40.1282
    1762      40.1417
    1763      39.5583
    1764      39.8364
    1765      39.9419
    1766      40.9340
    1767      42.4306
    1768      39.7816
    1769      40.6228
    1770      39.7464
    1771      40.0008
    1772      39.6110
    1773      40.6098
    1774      39.5372
    1775      39.1831
    1776      39.1312
    1777      40.1491
    1778      40.0636
    1779      40.0749
    1780      40.4897
    1781      40.6917
    1782      40.2507
    1783      40.3291
    1784      40.0545
    1785      40.6813
    1786      39.8276
    1787      39.8889
    1788      39.7735
    1789      39.1420
    1790      40.9131
    1791      39.9878
    1792      39.4458
    1793      40.6999
    1794      40.9193
    1795      41.1585
    1796      40.6256
    1797      40.6474
    1798      42.3583
    1799      41.0275
    1800      40.4487
    1801      40.3363
    1802      40.2928
    1803      40.5816
    1804      41.5832
    1805      41.1315
    1806      41.8743
    1807      41.5304
    1808      41.2014
    1809      40.5604
    1810      40.5640
    1811      40.8246
    1812      39.7183
    1813      40.6714
    1814      40.5865
    1815      40.2133
    1816      41.5230
    1817      39.8077
    1818      40.0958
    1819      40.5235
    1820      39.5920
    1821      39.9979
    1822      39.8400
    1823      40.0780
    1824      39.6231
    1825      40.3003
    1826      40.3132
    1827      39.7650
    1828      39.7142
    1829      40.2389
    1830      39.4248
    1831      39.8418
    1832      39.2459
    1833      40.5387
    1834      40.8497
    1835      40.2430
    1836      42.0570
    1837      40.1258
    1838      40.2492
    1839      40.0500
    1840      40.0837
    1841      40.5818
    1842      40.4162
    1843      40.3630
    1844      40.6795
    1845      38.9558
    1846      39.8115
    1847      39.5013
    1848      39.9007
    1849      40.0013
    1850      41.0316
    1851      41.1913
    1852      40.5893
    1853      40.2362
    1854      39.8282
    1855      39.4905
    1856      41.2568
    1857      40.9059
    1858      40.4930
    1859      39.9992
    1860      40.6766
    1861      41.1019
    1862      41.4631
    1863      40.8546
    1864      39.4825
    1865      39.4809
    1866      39.7607
    1867      39.6901
    1868      39.5675
    1869      39.2952
    1870      39.2310
    1871      40.0493
    1872      38.9737
    1873      40.4381
    1874      39.9271
    1875      40.1290
    1876      40.3826
    1877      40.3530
    1878      40.8350
    1879      40.9530
    1880      40.2383
    1881      40.7559
    1882      38.5634
    1883      39.9140
    1884      40.5381
    1885      41.4519
    1886      40.9058
    1887      40.4972
    1888      38.9542
    1889      40.0199
    1890      40.6291
    1891      40.2507
    1892      40.4993
    1893      39.9184
    1894      40.3992
    1895      40.1309
    1896      41.0804
    1897      40.5142
    1898      39.7184
    1899      38.7699
    1900      40.3939
    1901      39.8426
    1902      40.3545
    1903      40.4815
    1904      39.7241
    1905      39.8335
    1906      39.7810
    1907      40.3234
    1908      39.4548
    1909      39.6955
    1910      38.9193
    1911      39.7093
    1912      39.7069
    1913      40.1838
    1914      39.3693
    1915      39.3896
    1916      39.6659
    1917      40.2065
    1918      39.9800
    1919      39.6852
    1920      39.5464
    1921      39.6856
    1922      39.7850
    1923      38.7533
    1924      39.1660
    1925      39.6924
    1926      40.0366
    1927      40.6551
    1928      39.6170
    1929      40.9320
    1930      39.8364
    1931      40.1995
    1932      40.0683
    1933      39.6930
    1934      39.8970
    1935      39.8963
    1936      39.3770
    1937      39.6897
    1938      39.2402
    1939      39.0689
    1940      39.1117
    1941      38.5976
    1942      39.4416
    1943      38.4523
    1944      39.2164
    1945      39.5088
    1946      38.6486
    1947      38.4632
    1948      38.5134
    1949      39.1693
    1950      39.7758
    1951      38.7120
    1952      39.4287
    1953      39.5440
    1954      39.3264
    1955      38.5784
    1956      39.0768
    1957      39.1070
    1958      39.1636
    1959      38.4799
    1960      38.9182
    1961      38.6573
    1962      38.7807
    1963      38.5975
    1964      40.0064
    1965      38.3687
    1966      38.8579
    1967      39.5758
    1968      39.5896
    1969      39.4467
    1970      39.9122
    1971      40.2294
    1972      40.2251
    1973      40.8804
    1974      39.1068
    1975      39.2051
    1976      39.9504
    1977      38.9637
    1978      39.1004
    1979      39.6180
    1980      39.5355
    1981      39.7852
    1982      39.9713
    1983      39.4089
    1984      39.7983
    1985      39.6122
    1986      39.3734
    1987      41.6824
    1988      40.7152
    1989      41.3835
    1990      41.0318
    1991      40.4910
    1992      39.3226
    1993      40.9604
    1994      39.4877
    1995      40.1305
    1996      39.4399
    1997      40.0690
    1998      40.1503
    1999      40.7707
    2000      40.5188
    2001      42.5712
    2002      41.9908
    2003      41.8093
    2004      41.7889
    2005      40.6217
    2006      42.2500
    2007      41.2546
    2008      42.6906
    2009      41.6799
    2010      41.4336
    2011      40.7139
    2012      41.6217
    2013      41.1582
    2014      41.2547
    2015      40.9389
    2016      41.7561
    2017      40.3929
    2018      42.0732
    2019      42.8303
    2020      40.8281
    2021      41.9957
    2022      41.1635
    2023      41.8250
    2024      41.8001
    2025      43.1704
    2026      42.0852
    2027      43.2559
    2028      41.9820
    2029      42.0198
    2030      40.5959
    2031      41.1863
    2032      42.9303
    2033      41.4258
    2034      42.0902
    2035      41.8804
    2036      42.4870
    2037      41.4550
    2038      41.7933
    2039      42.5804
    2040      42.4649
    2041      41.8886
    2042      42.4570
    2043      41.4185
    2044      41.4970
    2045      41.6617
    2046      41.4347
    2047      41.7741
    2048      42.1663
    2049      42.8260
    2050      42.1701
    2051      40.6359
    2052      40.5834
    2053      41.2426
    2054      42.3325
    2055      42.4300
    2056      41.5042
    2057      40.5017
    2058      40.5892
    2059      40.5972
    2060      40.2779
    2061      40.3339
    2062      40.6893
    2063      40.4389
    2064      40.9723
    2065      40.1869
    2066      41.5505
    2067      41.5598
    2068      41.8096
    2069      41.8489
    2070      41.7564
    2071      42.2877
    2072      41.4473
    2073      41.7857
    2074      40.6216
    2075      40.7893
    2076      40.7647
    2077      42.1961
    2078      42.0926
    2079      41.6991
    2080      41.0806
    2081      40.0327
    2082      40.7734
    2083      41.8988
    2084      41.6663
    2085      41.7114
    2086      42.4878
    2087      41.7612
    2088      41.3308
    2089      41.4660
    2090      41.6979
    2091      41.1697
    2092      41.0610
    2093      41.6477
    2094      42.3628
    2095      42.4893
    2096      42.1500
    2097      42.2272
    2098      41.5007
    2099      42.4201
    2100      42.7061
    2101      41.5537
    2102      41.7475
    2103      41.0899
    2104      41.4972
    2105      42.2660
    2106      41.8937
    2107      42.9692
    2108      42.7560
    2109      42.5880
    2110      41.5819
    2111      42.0648
    2112      41.8414
    2113      42.1546
    2114      41.5953
    2115      42.0532
    2116      41.8785
    2117      41.5108
    2118      41.8043
    2119      42.1479
    2120      42.2204
    2121      43.5358
    2122      42.6162
    2123      41.8915
    2124      42.3855
    2125      44.0473
    2126      42.8643
    2127      40.5907
    2128      42.5140
    2129      41.7109
    2130      42.3814
    2131      42.1575
    2132      41.2799
    2133      40.8409
    2134      41.7518
    2135      40.7593
    2136      41.0131
    2137      41.7190
    2138      40.5463
    2139      41.2795
    2140      41.7472
    2141      40.8156
    2142      40.6177
    2143      41.0772
    2144      40.6447
    2145      41.7414
    2146      41.4884
    2147      40.4241
    2148      40.4552
    2149      40.4904
    2150      40.6523
    2151      41.9535
    2152      41.3044
    2153      40.1373
    2154      41.4068
    2155      41.1320
    2156      40.7867
    2157      41.4985
    2158      41.4525
    2159      40.4775
    2160      40.3172
    2161      39.5812
    2162      39.6592
    2163      40.5372
    2164      40.6142
    2165      40.5927
    2166      39.7606
    2167      40.2415
    2168      40.5501
    2169      40.1300
    2170      41.4523
    2171      41.8355
    2172      41.0168
    2173      39.9832
    2174      41.8062
    2175      41.9345
    2176      42.4071
    2177      42.0618
    2178      42.7281
    2179      41.7221
    2180      41.6351
    2181      42.5974
    2182      41.7117
    2183      42.9198
    2184      40.7725
    2185      41.1934
    2186      40.9363
    2187      40.6256
    2188      40.3721
    2189      40.3170
    2190      41.1363
    2191      41.0040
    2192      40.8031
    2193      40.9647
    2194      40.8852
    2195      40.0592
    2196      40.3234
    2197      39.7830
    2198      39.9179
    2199      39.6927
    2200      39.7316
    2201      39.6140
    2202      39.3706
    2203      39.5051
    2204      40.4094
    2205      39.4671
    2206      41.1386
    2207      42.1077
    2208      40.9689
    2209      40.5248
    2210      39.4765
    2211      42.0453
    2212      40.8949
    2213      41.5746
    2214      41.3528
    2215      41.2784
    2216      39.8401
    2217      39.8982
    2218      40.4859
    2219      42.2590
    2220      41.1392
    2221      40.3217
    2222      41.1754
    2223      41.8549
    2224      40.9802
    2225      42.0453
    2226      40.3845
    2227      41.4931
    2228      39.4014
    2229      39.8028
    2230      40.2562
    2231      39.6248
    2232      40.4065
    2233      39.5987
    2234      39.7466
    2235      40.0991
    2236      39.5588
    2237      40.1383
    2238      40.9204
    2239      39.5104
    2240      40.3934
    2241      40.3729
    2242      41.5489
    2243      40.2722
    2244      40.9090
    2245      40.0444
    2246      41.0613
    2247      41.8371
    2248      41.2135
    2249      40.4401
    2250      40.9865
    2251      40.8058
    2252      40.7132
    2253      40.9335
    2254      40.5632
    2255      40.4037
    2256      40.5149
    2257      41.0714
    2258      41.8065
    2259      40.1991
    2260      40.8171
    2261      41.1744
    2262      40.1855
    2263      40.9742
    2264      41.5464
    2265      41.2582
    2266      41.6104
    2267      40.6562
    2268      41.8855
    2269      41.3459
    2270      40.0031
    2271      41.4938
    2272      40.9237
    2273      41.4061
    2274      41.6312
    2275      42.3865
    2276      41.7926
    2277      42.6467
    2278      41.8984
    2279      40.9845
    2280      41.6605
    2281      41.5359
    2282      41.1167
    2283      41.1620
    2284      40.9250
    2285      40.8063
    2286      39.9582
    2287      40.9995
    2288      40.2784
    2289      40.2426
    2290      39.1222
    2291      39.4920
    2292      39.2327
    2293      39.2051
    2294      40.3066
    2295      40.8062
    2296      40.2154
    2297      40.0411
    2298      40.6440
    2299      41.0861
    2300      40.7402
    2301      40.6347
    2302      39.5149
    2303      39.4337
    2304      40.4288
    2305      40.7157
    2306      40.0901
    2307      40.5286
    2308      40.2343
    2309      39.7144
    2310      39.6889
    2311      39.1938
    2312      40.0749
    2313      40.2622
    2314      40.8620
    2315      40.8425
    2316      39.9847
    2317      40.5145
    2318      40.6961
    2319      41.3438
    2320      41.3076
    2321      43.2853
    2322      42.0795
    2323      42.9130
    2324      42.5705
    2325      41.6364
    2326      42.2517
    2327      42.5447
    2328      41.8831
    2329      41.3369
    2330      43.4729
    2331      41.7011
    2332      40.0945
    2333      42.3206
    2334      42.2763
    2335      42.2296
    2336      42.6257
    2337      41.7516
    2338      41.2459
    2339      40.7830
    2340      40.8926
    2341      41.3697
    2342      41.8162
    2343      40.3943
    2344      40.7011
    2345      41.3474
    2346      40.9038
    2347      41.8996
    2348      41.3532
    2349      41.2651
    2350      41.7410
    2351      42.1000
    2352      41.5423
    2353      41.9339
    2354      41.6656
    2355      41.5986
    2356      41.1196
    2357      41.7978
    2358      40.7140
    2359      40.7150
    2360      40.8572
    2361      42.4846
    2362      42.1212
    2363      40.6269
    2364      41.7918
    2365      41.2883
    2366      40.9605
    2367      41.5012
    2368      42.3371
    2369      43.0183
    2370      40.8359
    2371      41.9650
    2372      42.3213
    2373      41.5900
    2374      41.7195
    2375      41.6369
    2376      41.1013
    2377      41.9506
    2378      41.7774
    2379      42.3709
    2380      41.6614
    2381      42.2165
    2382      41.8692
    2383      41.8036
    2384      41.8025
    2385      42.8480
    2386      42.1462
    2387      41.8960
    2388      42.6111
    2389      42.7175
    2390      42.6740
    2391      43.1087
    2392      42.7910
    2393      42.3057
    2394      41.7110
    2395      41.0336
    2396      41.3182
    2397      42.4658
    2398      41.4344
    2399      42.4430
    2400      43.4465
    2401      44.1549
    2402      42.1658
    2403      40.6918
    2404      41.2932
    2405      40.9550
    2406      41.6809
    2407      41.5445
    2408      40.9979
    2409      41.8873
    2410      41.9889
    2411      42.5278
    2412      42.8468
    2413      41.8178
    2414      42.3148
    2415      42.5438
    2416      42.9493
    2417      42.8871
    2418      42.1835
    2419      42.5044
    2420      42.7143
    2421      42.2847
    2422      42.4047
    2423      41.9945
    2424      41.1294
    2425      42.2764
    2426      43.3608
    2427      42.5360
    2428      42.7066
    2429      42.4353
    2430      42.4927
    2431      43.5917
    2432      43.2323
    2433      42.6833
    2434      43.6493
    2435      43.3571
    2436      42.8607
    2437      42.3246
    2438      42.5210
    2439      41.4735
    2440      41.8405
    2441      43.0536
    2442      43.4589
    2443      41.4868
    2444      42.0894
    2445      41.8264
    2446      42.7098
    2447      41.7395
    2448      42.2165
    2449      43.0217
    2450      41.9701
    2451      43.3068
    2452      42.3502
    2453      41.7320
    2454      41.8126
    2455      41.8958
    2456      43.2686
    2457      41.6171
    2458      42.3585
    2459      41.8495
    2460      43.5047
    2461      44.1189
    2462      42.2478
    2463      41.2836
    2464      41.7405
    2465      42.4067
    2466      41.0719
    2467      42.0735
    2468      42.3546
    2469      41.9437
    2470      41.7052
    2471      41.8538
    2472      41.4671
    2473      42.4535
    2474      42.1611
    2475      42.8312
    2476      43.6991
    2477      42.7169
    2478      41.0821
    2479      41.3598
    2480      42.0770
    2481      41.2800
    2482      42.2025
    2483      42.1087
    2484      41.0631
    2485      42.5849
    2486      41.4573
    2487      42.4140
    2488      41.7910
    2489      42.1616
    2490      41.4607
    2491      41.9183
    2492      41.5450
    2493      41.1225
    2494      42.6270
    2495      42.2376
    2496      42.4512
    2497      41.2540
    2498      42.3596
    2499      41.8444
    2500      43.3053
    2501      41.6717
    2502      42.3038
    2503      41.7557
    2504      42.0019
    2505      41.4299
    2506      41.7708
    2507      42.3474
    2508      42.0472
    2509      42.5735
    2510      41.1462
    2511      43.2372
    2512      42.3096
    2513      41.4374
    2514      41.7342
    2515      42.5653
    2516      41.3551
    2517      40.9998
    2518      42.2866
    2519      41.5483
    2520      40.7114
    2521      40.7707
    2522      41.7159
    2523      40.9231
    2524      40.7856
    2525      41.2623
    2526      42.9333
    2527      41.6070
    2528      42.8128
    2529      42.5368
    2530      42.3834
    2531      43.4161
    2532      41.5912
    2533      40.5292
    2534      42.0731
    2535      42.5998
    2536      41.4914
    2537      42.2200
    2538      42.2775
    2539      42.0427
    2540      41.5103
    2541      41.9583
    2542      42.0817
    2543      41.9329
    2544      41.6038
    2545      42.1891
    2546      42.2124
    2547      42.0693
    2548      42.0421
    2549      42.2220
    2550      42.1528
    2551      42.4490
    2552      41.6883
    2553      42.2049
    2554      41.9047
    2555      42.2143
    2556      42.7075
    2557      42.2647
    2558      42.4738
    2559      41.3191
    2560      41.1132
    2561      41.6055
    2562      40.8775
    2563      41.1392
    2564      42.5355
    2565      41.2739
    2566      41.9256
    2567      42.0085
    2568      41.9745
    2569      41.5469
    2570      41.2888
    2571      42.0464
    2572      42.3422
    2573      41.1515
    2574      41.0331
    2575      40.9711
    2576      40.3150
    2577      41.5079
    2578      40.2922
    2579      41.3999
    2580      42.5789
    2581      41.9052
    2582      42.2439
    2583      41.1412
    2584      41.3555
    2585      42.0105
    2586      40.5152
    2587      41.3834
    2588      40.4985
    2589      41.3543
    2590      40.4106
    2591      42.2248
    2592      39.6162
    2593      40.4147
    2594      39.8566
    2595      40.0467
    2596      40.5844
    2597      40.8233
    2598      40.8537
    2599      42.2645
    2600      42.9263
    2601      41.1368
    2602      40.8090
    2603      41.1751
    2604      41.3965
    2605      42.7161
    2606      42.5299
    2607      42.7631
    2608      41.8690
    2609      41.8964
    2610      41.0676
    2611      40.7520
    2612      41.0330
    2613      41.4315
    2614      41.6789
    2615      41.2190
    2616      41.1722
    2617      42.5263
    2618      41.5823
    2619      41.9827
    2620      41.6613
    2621      41.1306
    2622      41.6754
    2623      42.3557
    2624      40.6459
    2625      40.9471
    2626      41.1345
    2627      40.8263
    2628      41.2415
    2629      41.6571
    2630      42.0806
    2631      41.7604
    2632      42.3839
    2633      40.9979
    2634      41.5436
    2635      41.9805
    2636      42.1912
    2637      41.4880
    2638      41.0201
    2639      41.3009
    2640      40.8182
    2641      40.6196
    2642      41.9001
    2643      42.0062
    2644      40.9508
    2645      41.0122
    2646      39.9330
    2647      40.5938
    2648      40.0623
    2649      41.1051
    2650      40.6623
    2651      40.4425
    2652      41.6220
    2653      40.0766
    2654      40.1338
    2655      40.9008
    2656      42.5521
    2657      41.4169
    2658      40.8145
    2659      41.8807
    2660      41.9504
    2661      41.6106
    2662      42.1484
    2663      42.3362
    2664      42.8781
    2665      42.2668
    2666      43.0171
    2667      42.3678
    2668      41.0592
    2669      41.3065
    2670      41.3708
    2671      42.2332
    2672      41.6528
    2673      41.7994
    2674      41.6039
    2675      41.2022
    2676      40.8115
    2677      42.3970
    2678      41.9632
    2679      42.1391
    2680      41.5350
    2681      41.1389
    2682      41.7291
    2683      41.9579
    2684      40.5703
    2685      41.8722
    2686      40.8690
    2687      41.9161
    2688      41.0332
    2689      41.9004
    2690      41.5844
    2691      41.0738
    2692      41.1105
    2693      40.3905
    2694      41.6080
    2695      40.2018
    2696      41.6176
    2697      40.6794
    2698      41.1943
    2699      41.3724
    2700      41.3617
    2701      41.3365
    2702      40.3953
    2703      41.2238
    2704      41.5217
    2705      41.1210
    2706      39.6428
    2707      41.3007
    2708      42.0166
    2709      42.0947
    2710      42.4841
    2711      41.5657
    2712      41.2375
    2713      41.2481
    2714      40.8079
    2715      41.2171
    2716      41.2717
    2717      40.4574
    2718      42.1064
    2719      40.6685
    2720      40.5264
    2721      40.0824
    2722      39.7864
    2723      40.0345
    2724      40.1939
    2725      40.2020
    2726      40.5441
    2727      40.6380
    2728      40.9892
    2729      40.3287
    2730      40.3728
    2731      40.4333
    2732      40.5737
    2733      40.3532
    2734      40.8830
    2735      40.5763
    2736      40.8259
    2737      40.8358
    2738      40.3483
    2739      40.8792
    2740      42.4728
    2741      42.6359
    2742      42.2957
    2743      42.2088
    2744      40.4350
    2745      40.5576
    2746      41.4489
    2747      41.0476
    2748      41.0518
    2749      41.6984
    2750      41.4826
    2751      41.4923
    2752      41.1032
    2753      41.7614
    2754      41.4449
    2755      42.1227
    2756      40.7536
    2757      41.4452
    2758      41.6541
    2759      41.9026
    2760      41.9458
    2761      41.9864
    2762      41.4303
    2763      41.0057
    2764      41.2489
    2765      40.6511
    2766      40.6845
    2767      42.0823
    2768      42.0221
    2769      42.3218
    2770      41.8348
    2771      42.5089
    2772      41.6793
    2773      42.6355
    2774      42.5089
    2775      41.9275
    2776      42.0485
    2777      42.9558
    2778      41.7603
    2779      41.6534
    2780      41.2325
    2781      42.1320
    2782      41.8144
    2783      41.6506
    2784      41.8145
    2785      41.7235
    2786      41.7352
    2787      41.8377
    2788      41.0728
    2789      41.5898
    2790      41.5494
    2791      40.6328
    2792      42.0560
    2793      41.9061
    2794      40.4262
    2795      40.8294
    2796      40.8702
    2797      39.8993
    2798      41.5651
    2799      40.6725
    2800      40.4337
    2801      40.5289
    2802      41.4982
    2803      39.8740
    2804      40.1948
    2805      41.5358
    2806      40.7347
    2807      41.1969
    2808      40.5791
    2809      40.0379
    2810      40.5733
    2811      40.2689
    2812      40.8740
    2813      40.6443
    2814      40.8121
    2815      42.3648
    2816      41.0167
    2817      41.6428
    2818      40.8926
    2819      41.3929
    2820      40.8827
    2821      41.8651
    2822      41.5305
    2823      41.4963
    2824      40.8541
    2825      41.0843
    2826      41.4558
    2827      42.6650
    2828      40.4137
    2829      41.6545
    2830      41.0037
    2831      40.5590
    2832      40.7795
    2833      41.1385
    2834      40.7908
    2835      40.4431
    2836      41.1167
    2837      40.1862
    2838      40.3382
    2839      40.8714
    2840      40.4183
    2841      41.1414
    2842      41.1753
    2843      40.4922
    2844      41.5084
    2845      39.6545
    2846      40.1344
    2847      40.5886
    2848      39.8735
    2849      41.0048
    2850      40.4994
    2851      40.7120
    2852      41.3578
    2853      40.5793
    2854      40.6176
    2855      39.8825
    2856      41.3041
    2857      40.6285
    2858      40.7606
    2859      40.7883
    2860      42.2087
    2861      40.3098
    2862      40.7314
    2863      41.3398
    2864      41.0047
    2865      40.6094
    2866      41.8113
    2867      40.0783
    2868      41.9474
    2869      40.5930
    2870      40.2618
    2871      41.1908
    2872      41.0083
    2873      41.1051
    2874      40.8250
    2875      40.6467
    2876      41.0011
    2877      40.7991
    2878      41.1120
    2879      40.7914
    2880      41.4579
    2881      40.8323
    2882      40.1983
    2883      41.3190
    2884      40.5561
    2885      40.5840
    2886      40.1449
    2887      41.0525
    2888      39.4404
    2889      40.0248
    2890      41.4493
    2891      40.1129
    2892      40.7039
    2893      40.9342
    2894      41.7957
    2895      42.8492
    2896      41.0238
    2897      41.0070
    2898      40.9960
    2899      40.5775
    2900      41.2130
    2901      40.7442
    2902      40.9168
    2903      41.1876
    2904      41.7417
    2905      41.0992
    2906      41.7271
    2907      41.0485
    2908      40.9611
    2909      41.2332
    2910      40.7918
    2911      40.7242
    2912      39.9868
    2913      41.1863
    2914      41.0359
    2915      41.5200
    2916      41.8196
    2917      41.6893
    2918      40.6710
    2919      41.0082
    2920      40.6574
    2921      41.9882
    2922      41.1141
    2923      41.1086
    2924      42.5211
    2925      41.7055
    2926      41.5664
    2927      40.9946
    2928      41.5806
    2929      41.4099
    2930      40.9921
    2931      41.0678
    2932      40.7938
    2933      41.2962
    2934      41.1508
    2935      41.4194
    2936      40.8126
    2937      42.0121
    2938      41.2668
    2939      41.5199
    2940      40.6907
    2941      40.3678
    2942      41.0210
    2943      41.2395
    2944      40.9631
    2945      40.9065
    2946      41.1674
    2947      40.8937
    2948      41.4189
    2949      41.0565
    2950      41.3999
    2951      40.4527
    2952      39.9465
    2953      40.5614
    2954      40.6860
    2955      40.8943
    2956      40.6526
    2957      40.5812
    2958      40.7426
    2959      40.7369
    2960      40.7645
    2961      41.1567
    2962      41.4479
    2963      40.5199
    2964      42.3668
    2965      41.4402
    2966      40.7658
    2967      41.3298
    2968      41.2396
    2969      40.5550
    2970      40.5727
    2971      41.2818
    2972      40.7038
    2973      40.9902
    2974      40.6668
    2975      40.9668
    2976      41.5357
    2977      40.2223
    2978      39.8529
    2979      41.6235
    2980      41.1441
    2981      42.1195
    2982      40.6901
    2983      41.0866
    2984      40.8454
    2985      40.8555
    2986      41.5896
    2987      40.9775
    2988      40.6408
    2989      40.5238
    2990      40.9368
    2991      40.1941
    2992      40.7213
    2993      41.9743
    2994      41.1933
    2995      41.6707
    2996      41.4413
    2997      40.7750
    2998      41.4707
    2999      41.4048
    3000      42.2452
    3001      41.3751
    3002      41.3118
    3003      42.2963
    3004      42.3668
    3005      41.7748
    3006      41.9200
    3007      41.8228
    3008      42.5385
    3009      40.5151
    3010      41.3496
    3011      41.7892
    3012      41.7216
    3013      42.2221
    3014      41.4362
    3015      40.4150
    3016      42.2474
    3017      41.4416
    3018      40.7093
    3019      41.1446
    3020      40.9232
    3021      41.5326
    3022      42.2195
    3023      40.9572
    3024      41.2051
    3025      40.0622
    3026      41.1639
    3027      40.9023
    3028      41.5765
    3029      41.7155
    3030      41.7621
    3031      41.5230
    3032      42.2486
    3033      43.7494
    3034      41.6209
    3035      41.9470
    3036      41.2524
    3037      40.8425
    3038      40.4357
    3039      41.5268
    3040      41.6540
    3041      40.7890
    3042      40.9456
    3043      40.0251
    3044      41.0531
    3045      40.9687
    3046      41.3888
    3047      42.0814
    3048      40.4300
    3049      40.3968
    3050      39.6250
    3051      40.5845
    3052      40.6926
    3053      41.2194
    3054      41.4627
    3055      41.1592
    3056      41.3673
    3057      40.6829
    3058      40.9922
    3059      40.1882
    3060      40.6870
    3061      41.4848
    3062      41.3752
    3063      41.0264
    3064      41.5318
    3065      41.2494
    3066      41.1538
    3067      40.7705
    3068      41.1514
    3069      41.0374
    3070      42.1233
    3071      41.4719
    3072      40.3635
    3073      40.7274
    3074      41.0379
    3075      41.0967
    3076      40.7367
    3077      40.9725
    3078      41.2210
    3079      41.0391
    3080      41.3594
    3081      41.6757
    3082      42.0389
    3083      41.7832
    3084      41.5003
    3085      42.0248
    3086      40.8901
    3087      40.9019
    3088      41.1414
    3089      41.6961
    3090      40.8762
    3091      40.7981
    3092      40.9080
    3093      41.0283
    3094      40.8867
    3095      41.6060
    3096      40.6300
    3097      40.6094
    3098      40.8243
    3099      41.0335
    3100      41.1284
    3101      41.7853
    3102      40.3465
    3103      40.7906
    3104      41.0111
    3105      41.5336
    3106      41.1692
    3107      40.5357
    3108      39.9914
    3109      40.7279
    3110      40.8532
    3111      40.6806
    3112      41.3474
    3113      40.9455
    3114      40.3939
    3115      40.2060
    3116      40.7351
    3117      41.0093
    3118      41.5289
    3119      41.5389
    3120      41.3602
    3121      41.1481
    3122      40.1864
    3123      40.7155
    3124      40.7226
    3125      40.6603
    3126      40.0997
    3127      41.4911
    3128      40.2378
    3129      40.7845
    3130      41.3363
    3131      40.9227
    3132      40.6773
    3133      40.8430
    3134      40.3346
    3135      40.6737
    3136      41.2623
    3137      41.0444
    3138      40.5129
    3139      41.0039
    3140      40.8875
    3141      41.8461
    3142      41.6221
    3143      40.7228
    3144      40.3250
    3145      40.4632
    3146      40.0549
    3147      40.3586
    3148      40.2920
    3149      40.5869
    3150      41.0158
    3151      39.9786
    3152      41.3449
    3153      40.6458
    3154      40.2651
    3155      40.6685
    3156      40.4004
    3157      40.5916
    3158      41.3371
    3159      41.5824
    3160      41.4706
    3161      40.1690
    3162      39.8243
    3163      40.0252
    3164      40.8794
    3165      40.1055
    3166      40.9829
    3167      39.8877
    3168      40.7225
    3169      40.0120
    3170      40.4899
    3171      40.7529
    3172      40.5049
    3173      40.6825
    3174      39.4369
    3175      40.2431
    3176      40.9642
    3177      40.1293
    3178      40.4837
    3179      41.0582
    3180      41.1357
    3181      41.4211
    3182      41.8004
    3183      40.9297
    3184      41.1553
    3185      41.3931
    3186      40.4956
    3187      40.9622
    3188      41.1149
    3189      40.9332
    3190      40.1581
    3191      40.6493
    3192      41.9327
    3193      39.8292
    3194      40.2654
    3195      40.6691
    3196      41.2419
    3197      40.5940
    3198      40.5840
    3199      40.4886
    3200      40.7487
    3201      40.5417
    3202      40.8964
    3203      40.7484
    3204      40.0263
    3205      40.8330
    3206      40.2826
    3207      39.9086
    3208      40.5276
    3209      40.2607
    3210      40.3106
    3211      41.0026
    3212      40.5652
    3213      41.0891
    3214      41.2583
    3215      40.5134
    3216      40.3242
    3217      40.1333
    3218      40.3537
    3219      39.6749
    3220      40.6170
    3221      40.1869
    3222      40.5674
    3223      40.5819
    3224      39.9425
    3225      40.4265
    3226      40.6867
    3227      40.9884
    3228      40.9446
    3229      40.0454
    3230      40.5323
    3231      41.1739
    3232      41.1807
    3233      41.2055
    3234      41.0835
    3235      40.2037
    3236      40.8983
    3237      40.4574
    3238      40.6117
    3239      40.5409
    3240      41.0508
    3241      40.9878
    3242      40.5131
    3243      40.8221
    3244      40.0884
    3245      40.1132
    3246      40.0718
    3247      40.7053
    3248      39.9416
    3249      40.5801
    3250      40.0393
    3251      40.1744
    3252      39.7821
    3253      40.3712
    3254      40.7499
    3255      40.7952
    3256      40.7737
    3257      40.2108
    3258      40.4942
    3259      39.5911
    3260      40.3826
    3261      40.2313
    3262      41.2785
    3263      40.4268
    3264      40.9178
    3265      41.1790
    3266      40.9503
    3267      40.5378
    3268      40.6408
    3269      40.6320
    3270      41.0835
    3271      39.3045
    3272      40.5241
    3273      40.6028
    3274      40.3927
    3275      40.2831
    3276      41.0158
    3277      40.3428
    3278      40.9041
    3279      41.2483
    3280      40.8507
    3281      40.4869
    3282      40.7691
    3283      40.4287
    3284      41.5874
    3285      41.3227
    3286      41.1480
    3287      41.5843
    3288      40.9446
    3289      41.0173
    3290      41.1839
    3291      41.6211
    3292      40.9889
    3293      41.4102
    3294      40.6898
    3295      40.3751
    3296      40.6828
    3297      40.5871
    3298      41.8318
    3299      41.4311
    3300      40.7321
    3301      41.1302
    3302      41.4238
    3303      41.2973
    3304      40.3194
    3305      41.1893
    3306      41.3951
    3307      40.8543
    3308      41.1595
    3309      40.8093
    3310      41.1967
    3311      40.1477
    3312      40.2142
    3313      40.5813
    3314      40.4929
    3315      39.7723
    3316      41.7653
    3317      40.6924
    3318      40.9423
    3319      40.0414
    3320      40.6370
    3321      39.5454
    3322      40.4829
    3323      41.2231
    3324      41.5083
    3325      40.4933
    3326      41.1761
    3327      40.9248
    3328      40.0415
    3329      40.8904
    3330      39.9187
    3331      39.4434
    3332      40.2860
    3333      40.3333
    3334      40.3674
    3335      41.3513
    3336      42.1030
    3337      39.8926
    3338      40.3044
    3339      40.0756
    3340      38.8238
    3341      40.7799
    3342      40.4471
    3343      40.3195
    3344      40.8059
    3345      40.9761
    3346      40.8301
    3347      41.0123
    3348      41.2079
    3349      41.6615
    3350      40.8776
    3351      40.8614
    3352      40.5828
    3353      40.9852
    3354      41.6004
    3355      41.0272
    3356      41.0429
    3357      42.3515
    3358      41.7620
    3359      41.6442
    3360      40.9584
    3361      41.5768
    3362      41.4176
    3363      41.1717
    3364      40.4049
    3365      41.6604
    3366      40.5658
    3367      41.0278
    3368      40.9398
    3369      40.9340
    3370      41.7551
    3371      41.0956
    3372      40.2500
    3373      41.0797
    3374      41.2420
    3375      41.2554
    3376      41.0392
    3377      40.2490
    3378      41.1989
    3379      40.7105
    3380      41.5672
    3381      39.9239
    3382      40.1694
    3383      41.0065
    3384      41.1722
    3385      40.9024
    3386      40.7257
    3387      41.5298
    3388      41.7421
    3389      40.3834
    3390      40.3076
    3391      41.6076
    3392      40.2759
    3393      40.7782
    3394      41.0300
    3395      40.9639
    3396      40.7213
    3397      40.7124
    3398      40.6299
    3399      40.7226
    3400      40.4920
    3401      41.1687
    3402      40.8604
    3403      41.0676
    3404      41.0322
    3405      40.7447
    3406      40.0909
    3407      40.6878
    3408      40.6328
    3409      40.8948
    3410      40.3379
    3411      41.0554
    3412      41.5205
    3413      40.8420
    3414      41.1796
    3415      41.0630
    3416      40.7806
    3417      40.4731
    3418      40.4045
    3419      40.4832
    3420      40.5004
    3421      40.9018
    3422      40.7070
    3423      40.2673
    3424      40.5862
    3425      40.4165
    3426      40.4385
    3427      41.0083
    3428      40.2039
    3429      39.4128
    3430      40.0846
    3431      40.7086
    3432      40.1059
    3433      39.9714
    3434      40.0387
    3435      40.8237
    3436      40.7541
    3437      40.2488
    3438      40.4433
    3439      39.9262
    3440      40.3990
    3441      41.4701
    3442      41.3414
    3443      41.8590
    3444      40.3964
    3445      40.4387
    3446      40.8090
    3447      40.9086
    3448      40.6189
    3449      40.4794
    3450      40.5048
    3451      41.1091
    3452      40.5719
    3453      40.2850
    3454      39.9005
    3455      40.2783
    3456      42.0141
    3457      40.8446
    3458      40.9094
    3459      40.8511
    3460      40.5075
    3461      40.3010
    3462      40.6736
    3463      41.2328
    3464      40.5428
    3465      41.3290
    3466      41.2607
    3467      40.9643
    3468      41.2124
    3469      40.6848
    3470      40.9667
    3471      41.2440
    3472      41.8557
    3473      40.8229
    3474      41.5029
    3475      41.3432
    3476      41.5432
    3477      40.8693
    3478      40.7032
    3479      40.4150
    3480      40.8771
    3481      41.1429
    3482      41.2700
    3483      41.1039
    3484      40.2930
    3485      42.2247
    3486      40.9215
    3487      40.9122
    3488      41.4655
    3489      41.2401
    3490      41.5838
    3491      40.4139
    3492      39.8999
    3493      40.3632
    3494      40.5272
    3495      40.4969
    3496      40.8030
    3497      41.0804
    3498      41.0080
    3499      41.4790
    3500      40.3634
    3501      41.1993
    3502      41.2281
    3503      41.5727
    3504      41.2587
    3505      40.4030
    3506      40.1846
    3507      40.7502
    3508      40.4374
    3509      40.2840
    3510      40.8893
    3511      41.3033
    3512      41.3336
    3513      41.9255
    3514      41.0733
    3515      40.5503
    3516      41.4043
    3517      41.4644
    3518      41.4734
    3519      41.0016
    3520      40.9604
    3521      41.4460
    3522      40.9434
    3523      41.6220
    3524      40.7401
    3525      40.7096
    3526      40.3070
    3527      41.3804
    3528      40.8987
    3529      40.7258
    3530      41.6789
    3531      41.0448
    3532      40.2712
    3533      40.6079
    3534      41.1723
    3535      40.9062
    3536      41.2439
    3537      41.6654
    3538      39.9201
    3539      41.6790
    3540      41.3942
    3541      41.0177
    3542      41.1268
    3543      41.0416
    3544      40.6773
    3545      40.6023
    3546      40.8471
    3547      40.7598
    3548      41.5585
    3549      40.5576
    3550      41.5272
    3551      41.1214
    3552      42.0288
    3553      41.3741
    3554      41.7497
    3555      39.8162
    3556      39.5269
    3557      40.7527
    3558      40.9799
    3559      40.8905
    3560      40.8949
    3561      40.5184
    3562      41.2136
    3563      40.3623
    3564      40.4645
    3565      39.9961
    3566      41.4850
    3567      41.2045
    3568      42.3751
    3569      42.1587
    3570      40.9319
    3571      41.6836
    3572      40.5248
    3573      41.3792
    3574      41.6573
    3575      41.5214
    3576      41.5022
    3577      41.0862
    3578      41.9590
    3579      41.3940
    3580      42.2912
    3581      41.2413
    3582      41.0804
    3583      41.0200
    3584      41.4812
    3585      41.7664
    3586      41.2658
    3587      40.8526
    3588      41.5328
    3589      40.2194
    3590      42.2272
    3591      41.6073
    3592      41.6890
    3593      41.4768
    3594      41.0445
    3595      40.5643
    3596      41.1168
    3597      40.6542
    3598      40.8385
    3599      41.4797
    3600      41.3869
    3601      41.6477
    3602      42.3719
    3603      40.8838
    3604      41.8638
    3605      42.1543
    3606      41.7131
    3607      40.5519
    3608      40.5428
    3609      41.6471
    3610      40.9972
    3611      40.8839
    3612      41.5171
    3613      40.6563
    3614      41.3617
    3615      41.5243
    3616      41.7396
    3617      40.8481
    3618      41.3613
    3619      42.5450
    3620      43.1098
    3621      43.1824
    3622      42.5603
    3623      41.1636
    3624      41.6332
    3625      41.0260
    3626      41.1368
    3627      41.4740
    3628      41.9669
    3629      40.5621
    3630      40.6822
    3631      41.5057
    3632      41.5071
    3633      40.8333
    3634      41.6774
    3635      41.1581
    3636      41.4210
    3637      40.8070
    3638      41.3117
    3639      41.1729
    3640      41.4106
    3641      40.9930
    3642      41.6281
    3643      40.7173
    3644      41.3473
    3645      41.2432
    3646      41.6545
    3647      41.1655
    3648      40.5432
    3649      40.2852
    3650      41.4166
    3651      41.1066
    3652      40.9216
    3653      41.1359
    3654      40.5321
    3655      41.5316
    3656      41.5073
    3657      41.0335
    3658      41.0359
    3659      41.5366
    3660      40.4196
    3661      41.3367
    3662      40.5865
    3663      41.8648
    3664      40.9925
    3665      40.8539
    3666      40.6615
    3667      40.7607
    3668      40.2727
    3669      40.7377
    3670      40.2637
    3671      41.1599
    3672      41.5600
    3673      40.6630
    3674      40.8145
    3675      40.9232
    3676      40.1462
    3677      41.4435
    3678      41.3406
    3679      40.2826
    3680      41.7236
    3681      40.9089
    3682      40.6073
    3683      40.6375
    3684      41.9893
    3685      40.6841
    3686      40.3457
    3687      40.9838
    3688      41.1531
    3689      40.7431
    3690      40.9807
    3691      41.0133
    3692      41.7381
    3693      40.9639
    3694      40.1880
    3695      41.1523
    3696      40.6647
    3697      41.0967
    3698      41.3855
    3699      41.3936
    3700      40.6732
    3701      40.7683
    3702      40.9051
    3703      40.0333
    3704      40.4963
    3705      40.2432
    3706      40.7634
    3707      40.5993
    3708      41.1833
    3709      41.0273
    3710      40.7867
    3711      41.3071
    3712      41.0583
    3713      41.0613
    3714      40.9889
    3715      41.0144
    3716      41.3868
    3717      41.7385
    3718      40.6917
    3719      41.3780
    3720      40.9407
    3721      41.2551
    3722      41.1043
    3723      41.7545
    3724      40.4678
    3725      40.9198
    3726      41.8392
    3727      40.6661
    3728      41.3105
    3729      41.1666
    3730      41.3983
    3731      40.7974
    3732      40.9597
    3733      41.2765
    3734      41.0372
    3735      40.3336
    3736      40.4546
    3737      40.5361
    3738      41.6620
    3739      40.7542
    3740      41.2279
    3741      41.9554
    3742      41.0220
    3743      41.0163
    3744      41.0590
    3745      41.6575
    3746      40.3139
    3747      40.8954
    3748      41.8207
    3749      40.3289
    3750      41.3806
    3751      41.0737
    3752      41.1416
    3753      40.8023
    3754      41.3299
    3755      40.7220
    3756      41.3055
    3757      41.5201
    3758      40.3544
    3759      41.7520
    3760      41.5203
    3761      41.4684
    3762      40.4960
    3763      41.1499
    3764      40.8187
    3765      40.8803
    3766      41.2479
    3767      41.0841
    3768      41.0481
    3769      39.9386
    3770      40.5430
    3771      41.0478
    3772      40.8086
    3773      40.9327
    3774      41.1845
    3775      41.3712
    3776      40.7590
    3777      41.2813
    3778      41.4885
    3779      41.1914
    3780      41.3826
    3781      42.0025
    3782      40.5912
    3783      41.2223
    3784      41.2400
    3785      41.6189
    3786      41.2339
    3787      41.5337
    3788      41.8593
    3789      41.5624
    3790      41.3707
    3791      41.2696
    3792      41.4759
    3793      41.2019
    3794      40.0836
    3795      41.8803
    3796      41.2454
    3797      40.7270
    3798      40.8458
    3799      40.8019
    3800      39.9307
    3801      41.1866
    3802      41.5026
    3803      40.5876
    3804      41.4540
    3805      42.0019
    3806      41.0627
    3807      40.5006
    3808      41.4207
    3809      42.3357
    3810      41.4036
    3811      42.0142
    3812      41.5632
    3813      43.5971
    3814      42.8885
    3815      42.6961
    3816      43.8109
    3817      43.3233
    3818      42.5339
    3819      40.5313
    3820      40.8367
    3821      41.2549
    3822      41.4178
    3823      41.2527
    3824      41.6535
    3825      41.9860
    3826      41.8578
    3827      40.9700
    3828      41.6541
    3829      43.1021
    3830      41.8519
    3831      41.5403
    3832      41.1731
    3833      40.9457
    3834      42.1303
    3835      42.3306
    3836      41.3592
    3837      40.6621
    3838      41.1358
    3839      41.5724
    3840      41.3173
    3841      41.6864
    3842      41.7371
    3843      40.8495
    3844      41.4180
    3845      40.5699
    3846      40.5932
    3847      41.1570
    3848      42.1301
    3849      41.5854
    3850      41.9189
    3851      41.5033
    3852      42.2330
    3853      41.4555
    3854      42.0224
    3855      41.9801
    3856      40.9505
    3857      40.6886
    3858      41.8498
    3859      42.1078
    3860      41.6378
    3861      41.4395
    3862      41.2416
    3863      41.6184
    3864      41.5024
    3865      41.0034
    3866      41.4015
    3867      40.9986
    3868      41.6030
    3869      41.6312
    3870      40.2585
    3871      41.3820
    3872      42.4767
    3873      41.6376
    3874      42.4743
    3875      41.2465
    3876      41.9065
    3877      42.8685
    3878      42.4169
    3879      41.3332
    3880      42.0519
    3881      41.5481
    3882      42.3849
    3883      43.0638
    3884      42.7262
    3885      42.2403
    3886      42.7280
    3887      42.9594
    3888      43.1553
    3889      41.7300
    3890      42.2766
    3891      42.7487
    3892      42.6014
    3893      41.8522
    3894      42.2827
    3895      41.5521
    3896      42.1214
    3897      40.3714
    3898      42.7655
    3899      41.9218
    3900      41.1809
    3901      41.3275
    3902      40.9816
    3903      41.1819
    3904      41.1697
    3905      40.7899
    3906      40.6700
    3907      41.7776
    3908      40.6523
    3909      41.4622
    3910      41.0187
    3911      40.7028
    3912      40.6440
    3913      41.1240
    3914      40.6649
    3915      40.8705
    3916      39.3156
    3917      39.8113
    3918      40.4588
    3919      41.9109
    3920      41.9392
    3921      42.1927
    3922      41.7117
    3923      41.3159
    3924      41.5325
    3925      40.4968
    3926      40.7359
    3927      40.0733
    3928      40.2616
    3929      41.2717
    3930      40.9939
    3931      41.0976
    3932      40.7135
    3933      40.1138
    3934      39.9325
    3935      40.2212
    3936      39.8348
    3937      40.2996
    3938      39.8478
    3939      39.6983
    3940      40.8415
    3941      41.5465
    3942      40.4322
    3943      40.4124
    3944      41.0755
    3945      40.7114
    3946      41.2543
    3947      40.4080
    3948      40.0892
    3949      41.6041
    3950      41.1092
    3951      40.5758
    3952      39.4626
    3953      39.0771
    3954      39.0141
    3955      39.9974
    3956      40.1406
    3957      40.0956
    3958      41.1436
    3959      40.3773
    3960      40.2739
    3961      41.1983
    3962      40.2150
    3963      40.7881
    3964      40.7001
    3965      41.0437
    3966      40.6160
    3967      40.7265
    3968      40.3907
    3969      41.8757
    3970      41.6953
    3971      40.5281
    3972      40.5053
    3973      41.4802
    3974      40.4541
    3975      40.2044
    3976      39.8920
    3977      40.2413
    3978      40.3344
    3979      40.1336
    3980      40.3330
    3981      39.7171
    3982      39.6145
    3983      39.1638
    3984      40.1360
    3985      39.6672
    3986      40.5825
    3987      40.9482
    3988      39.8724
    3989      40.4782
    3990      39.8288
    3991      40.7148
    3992      41.1941
    3993      38.9139
    3994      40.0247
    3995      39.7622
    3996      40.0954
    3997      40.5304
    3998      40.4668
    3999      41.4319
    4000      40.4352
    4001      45.3117
    4002      47.2215
    4003      46.7723
    4004      46.9752
    4005      46.8468
    4006      46.9881
    4007      46.5627
    4008      46.4723
    4009      47.0580
    4010      46.5239
    4011      44.0045
    4012      45.5945
    4013      46.4810
    4014      46.3947
    4015      45.4310
    4016      45.3346
    4017      45.8911
    4018      46.4309
    4019      46.9119
    4020      48.1510
    4021      45.9042
    4022      45.7442
    4023      46.5845
    4024      44.9452
    4025      45.2913
    4026      45.0145
    4027      46.7911
    4028      47.4905
    4029      47.1485
    4030      47.3756
    4031      45.9954
    4032      47.2919
    4033      46.9307
    4034      47.9801
    4035      45.6008
    4036      44.1005
    4037      47.8126
    4038      47.2099
    4039      47.2923
    4040      47.3752
    4041      47.6191
    4042      49.3944
    4043      48.9214
    4044      47.6767
    4045      48.5068
    4046      48.6838
    4047      47.6679
    4048      47.2069
    4049      46.3530
    4050      47.4563
    4051      46.8334
    4052      49.3470
    4053      47.8829
    4054      46.4530
    4055      49.0540
    4056      48.7350
    4057      48.8727
    4058      47.7269
    4059      47.8851
    4060      46.4201
    4061      46.3699
    4062      44.9684
    4063      44.4216
    4064      44.8892
    4065      43.6801
    4066      43.6603
    4067      45.0873
    4068      48.2067
    4069      47.1178
    4070      47.8127
    4071      47.4185
    4072      46.4222
    4073      46.3295
    4074      46.3480
    4075      45.6308
    4076      45.7165
    4077      45.1994
    4078      44.4106
    4079      45.1129
    4080      45.4322
    4081      44.6505
    4082      44.8935
    4083      42.7796
    4084      44.3986
    4085      44.4851
    4086      44.8774
    4087      44.0143
    4088      44.8994
    4089      46.0433
    4090      45.8439
    4091      46.5126
    4092      46.1609
    4093      45.3809
    4094      46.0774
    4095      46.6295
    4096      46.0654
    4097      45.5264
    4098      45.9722
    4099      45.9378
    4100      47.2675
    4101      46.5376
    4102      45.4385
    4103      46.0839
    4104      46.9679
    4105      47.9397
    4106      47.2993
    4107      48.0200
    4108      48.1672
    4109      47.5046
    4110      47.2427
    4111      45.8941
    4112      46.5699
    4113      45.3990
    4114      45.5781
    4115      44.9555
    4116      46.3534
    4117      44.6146
    4118      45.9551
    4119      47.2109
    4120      46.2888
    4121      46.2812
    4122      46.0803
    4123      45.0731
    4124      46.1009
    4125      46.5200
    4126      46.5990
    4127      46.6577
    4128      46.6274
    4129      47.5448
    4130      45.9997
    4131      48.1197
    4132      47.4913
    4133      46.8823
    4134      45.7311
    4135      46.5126
    4136      45.3267
    4137      46.3512
    4138      44.9516
    4139      46.5251
    4140      47.3978
    4141      48.3046
    4142      46.6631
    4143      45.4583
    4144      45.4432
    4145      46.7182
    4146      47.3204
    4147      47.4900
    4148      47.2579
    4149      46.2184
    4150      48.3478
    4151      49.6543
    4152      47.1484
    4153      46.3559
    4154      48.4482
    4155      47.8976
    4156      48.9835
    4157      48.0884
    4158      48.8629
    4159      49.1875
    4160      50.7209
    4161      48.9976
    4162      49.1448
    4163      50.4141
    4164      48.4768
    4165      48.9762
    4166      47.6848
    4167      47.3823
    4168      47.7526
    4169      47.4697
    4170      46.6071
    4171      45.5193
    4172      45.5947
    4173      45.2123
    4174      46.7765
    4175      45.5334
    4176      43.6561
    4177      44.7894
    4178      45.6228
    4179      43.7388
    4180      43.8522
    4181      44.9115
    4182      44.5851
    4183      44.7482
    4184      44.1917
    4185      44.8674
    4186      44.6711
    4187      44.0492
    4188      45.2599
    4189      44.8094
    4190      44.3154
    4191      43.8925
    4192      42.2514
    4193      42.8028
    4194      42.3788
    4195      43.1561
    4196      42.5250
    4197      42.9110
    4198      44.7274
    4199      45.1248
    4200      44.5651
    4201      45.0173
    4202      45.6030
    4203      45.7071
    4204      46.8514
    4205      45.0001
    4206      44.3769
    4207      44.4456
    4208      45.2216
    4209      46.5783
    4210      46.7338
    4211      48.3262
    4212      46.5770
    4213      45.9640
    4214      45.3811
    4215      46.6114
    4216      44.6757
    4217      44.4591
    4218      45.3432
    4219      44.8198
    4220      43.5910
    4221      44.9218
    4222      44.5639
    4223      44.1758
    4224      44.7912
    4225      43.3355
    4226      44.0367
    4227      46.0327
    4228      45.6343
    4229      44.5749
    4230      45.9218
    4231      47.3410
    4232      45.0984
    4233      47.0500
    4234      45.3792
    4235      46.7452
    4236      48.6737
    4237      47.4059
    4238      46.8929
    4239      47.1811
    4240      44.9429
    4241      43.5538
    4242      44.7156
    4243      44.8232
    4244      44.4513
    4245      45.4027
    4246      44.7069
    4247      44.2935
    4248      46.6670
    4249      46.9786
    4250      47.5685
    4251      46.9516
    4252      45.8356
    4253      45.3019
    4254      45.6508
    4255      45.6237
    4256      46.8375
    4257      47.6377
    4258      47.8774
    4259      47.7580
    4260      47.8832
    4261      45.4682
    4262      44.5760
    4263      44.3766
    4264      45.1100
    4265      45.3393
    4266      45.4415
    4267      43.8274
    4268      44.9270
    4269      44.5423
    4270      43.3494
    4271      43.1137
    4272      42.0939
    4273      44.2648
    4274      42.7132
    4275      43.1260
    4276      42.8994
    4277      42.5146
    4278      42.3945
    4279      42.5698
    4280      42.7794
    4281      42.3225
    4282      42.6763
    4283      43.4103
    4284      44.1771
    4285      45.6599
    4286      44.3686
    4287      45.3556
    4288      44.7148
    4289      44.3270
    4290      45.5768
    4291      43.0365
    4292      43.1054
    4293      44.6233
    4294      43.3166
    4295      43.2788
    4296      44.1766
    4297      43.3759
    4298      42.7410
    4299      42.4988
    4300      44.1441
    4301      43.1148
    4302      42.5135
    4303      43.0105
    4304      43.4405
    4305      43.0085
    4306      41.9305
    4307      42.2649
    4308      43.6204
    4309      42.2153
    4310      43.3273
    4311      42.2555
    4312      42.8082
    4313      42.9218
    4314      42.9356
    4315      44.0722
    4316      41.4789
    4317      42.9416
    4318      42.6099
    4319      42.5998
    4320      42.9114
    4321      42.9515
    4322      42.0556
    4323      42.3891
    4324      43.0056
    4325      41.9402
    4326      42.2532
    4327      41.8897
    4328      41.3547
    4329      41.8426
    4330      40.5265
    4331      41.4178
    4332      41.6581
    4333      41.2563
    4334      41.8568
    4335      42.9889
    4336      42.0399
    4337      43.9795
    4338      42.3788
    4339      41.9016
    4340      42.9969
    4341      42.3106
    4342      41.8118
    4343      41.4683
    4344      40.9194
    4345      42.1811
    4346      42.5318
    4347      42.9809
    4348      43.2173
    4349      43.1502
    4350      43.2216
    4351      44.3415
    4352      43.5060
    4353      42.8148
    4354      43.6621
    4355      42.4040
    4356      43.9607
    4357      43.0930
    4358      41.7390
    4359      42.5936
    4360      42.7410
    4361      42.7742
    4362      43.3157
    4363      42.9958
    4364      43.2711
    4365      42.2858
    4366      43.7753
    4367      44.5350
    4368      42.4990
    4369      44.4396
    4370      43.8370
    4371      43.6312
    4372      42.0319
    4373      43.0938
    4374      43.0936
    4375      42.6411
    4376      42.1056
    4377      43.1572
    4378      42.6427
    4379      42.1659
    4380      40.9796
    4381      41.0228
    4382      41.8595
    4383      41.7635
    4384      42.3422
    4385      42.8257
    4386      42.3305
    4387      40.8120
    4388      40.8651
    4389      41.9090
    4390      41.3449
    4391      43.2085
    4392      42.8571
    4393      42.0420
    4394      42.3745
    4395      41.5396
    4396      42.3596
    4397      42.0109
    4398      42.1697
    4399      41.3151
    4400      42.3014
    4401      43.3303
    4402      42.1425
    4403      42.2688
    4404      42.2855
    4405      42.0350
    4406      43.2266
    4407      41.8131
    4408      41.9752
    4409      43.4310
    4410      42.1772
    4411      43.2155
    4412      43.3818
    4413      42.0799
    4414      41.9503
    4415      41.3508
    4416      41.4990
    4417      40.3067
    4418      41.7681
    4419      41.5424
    4420      41.3283
    4421      41.8681
    4422      42.8495
    4423      41.8463
    4424      41.2240
    4425      41.4959
    4426      40.0817
    4427      40.0343
    4428      42.5011
    4429      41.4026
    4430      42.1188
    4431      42.4775
    4432      41.8105
    4433      42.4313
    4434      42.4932
    4435      42.0153
    4436      41.0297
    4437      41.3041
    4438      41.4756
    4439      41.7053
    4440      41.9235
    4441      42.4070
    4442      41.5566
    4443      42.9197
    4444      42.9517
    4445      42.3712
    4446      43.1563
    4447      42.3941
    4448      41.3384
    4449      41.4011
    4450      41.8474
    4451      41.2584
    4452      41.5914
    4453      41.8441
    4454      42.1761
    4455      42.4602
    4456      42.2916
    4457      42.7335
    4458      41.2631
    4459      43.0198
    4460      42.1892
    4461      41.9691
    4462      42.0061
    4463      41.9289
    4464      42.0413
    4465      42.1074
    4466      42.1029
    4467      42.1107
    4468      42.4718
    4469      43.0257
    4470      43.6262
    4471      43.9741
    4472      43.2898
    4473      42.1027
    4474      43.6923
    4475      44.3838
    4476      43.8482
    4477      44.6018
    4478      43.7776
    4479      42.7168
    4480      44.4318
    4481      42.9982
    4482      43.2068
    4483      43.3246
    4484      43.2156
    4485      43.0213
    4486      43.1590
    4487      42.6654
    4488      42.4525
    4489      42.8625
    4490      42.4055
    4491      42.2791
    4492      42.2124
    4493      41.6728
    4494      41.2084
    4495      42.5085
    4496      41.6671
    4497      41.9589
    4498      41.1880
    4499      42.1344
    4500      41.6168
    4501      41.5964
    4502      41.9701
    4503      42.2576
    4504      42.7313
    4505      42.9135
    4506      43.6571
    4507      44.4086
    4508      43.9257
    4509      42.8211
    4510      42.9059
    4511      43.3068
    4512      43.3630
    4513      42.7477
    4514      44.1338
    4515      43.0486
    4516      42.9834
    4517      44.0854
    4518      42.8504
    4519      43.4833
    4520      43.8477
    4521      44.3108
    4522      42.9244
    4523      42.3467
    4524      41.9168
    4525      42.2405
    4526      41.3627
    4527      42.5457
    4528      41.6474
    4529      42.5293
    4530      42.3489
    4531      42.6890
    4532      42.2547
    4533      42.0330
    4534      41.3947
    4535      41.7254
    4536      41.5155
    4537      41.8514
    4538      41.8423
    4539      41.9054
    4540      41.6905
    4541      41.3383
    4542      42.6354
    4543      41.8079
    4544      41.6861
    4545      41.3854
    4546      42.8372
    4547      42.6859
    4548      42.5044
    4549      42.6851
    4550      43.3925
    4551      43.5663
    4552      42.3875
    4553      42.4265
    4554      43.4592
    4555      43.2458
    4556      44.2596
    4557      43.5589
    4558      43.2627
    4559      43.2570
    4560      42.7470
    4561      42.4116
    4562      42.8380
    4563      42.6412
    4564      41.8353
    4565      42.5717
    4566      43.9021
    4567      44.1487
    4568      43.7333
    4569      43.0514
    4570      41.3849
    4571      43.1261
    4572      43.9697
    4573      43.1873
    4574      43.6448
    4575      42.5373
    4576      44.3158
    4577      43.4360
    4578      43.5338
    4579      44.0476
    4580      42.4618
    4581      43.4651
    4582      42.9896
    4583      42.5604
    4584      43.7837
    4585      43.3095
    4586      42.8232
    4587      42.7829
    4588      42.3127
    4589      42.6261
    4590      43.5030
    4591      42.9786
    4592      42.8373
    4593      42.3587
    4594      42.6325
    4595      42.4935
    4596      42.8543
    4597      42.0172
    4598      43.4607
    4599      42.5925
    4600      43.4256
    4601      41.8573
    4602      42.2409
    4603      41.3195
    4604      42.5280
    4605      42.3979
    4606      42.9928
    4607      42.8366
    4608      42.8982
    4609      42.4956
    4610      43.8038
    4611      43.1189
    4612      42.4448
    4613      41.6541
    4614      42.4429
    4615      42.1672
    4616      42.2840
    4617      42.7398
    4618      42.2594
    4619      41.8145
    4620      42.2443
    4621      42.1517
    4622      42.4008
    4623      42.1694
    4624      42.1975
    4625      42.3611
    4626      43.0948
    4627      42.1294
    4628      42.2824
    4629      43.2627
    4630      42.9167
    4631      42.3913
    4632      43.7678
    4633      42.7618
    4634      42.1483
    4635      41.9106
    4636      43.0599
    4637      43.9356
    4638      42.5545
    4639      42.4085
    4640      43.7458
    4641      43.2850
    4642      43.3920
    4643      44.3062
    4644      43.6119
    4645      43.2049
    4646      43.3271
    4647      42.8389
    4648      42.4871
    4649      43.1868
    4650      42.8651
    4651      43.4974
    4652      43.7120
    4653      42.3678
    4654      42.6546
    4655      43.7303
    4656      42.6059
    4657      42.1901
    4658      43.5453
    4659      42.9898
    4660      43.5018
    4661      43.7814
    4662      43.4324
    4663      42.9309
    4664      42.4533
    4665      41.8828
    4666      42.8542
    4667      42.1647
    4668      43.0462
    4669      42.9596
    4670      43.1595
    4671      43.5590
    4672      44.0177
    4673      42.6959
    4674      42.8539
    4675      42.3293
    4676      42.3568
    4677      42.6811
    4678      42.2202
    4679      42.0548
    4680      43.1582
    4681      43.0598
    4682      43.0616
    4683      42.3454
    4684      42.4110
    4685      42.7313
    4686      42.9628
    4687      42.4347
    4688      43.0599
    4689      43.5227
    4690      42.4374
    4691      42.6366
    4692      42.7797
    4693      42.3852
    4694      42.3317
    4695      42.4135
    4696      42.5354
    4697      42.8267
    4698      42.4418
    4699      43.4016
    4700      42.0703
    4701      42.5434
    4702      43.3460
    4703      43.8930
    4704      43.4499
    4705      43.3168
    4706      43.2312
    4707      43.2613
    4708      43.5743
    4709      43.2922
    4710      43.9500
    4711      43.6409
    4712      42.9524
    4713      42.9891
    4714      42.2400
    4715      43.0214
    4716      43.0808
    4717      43.5869
    4718      43.2982
    4719      43.0013
    4720      44.3781
    4721      42.9988
    4722      42.8027
    4723      42.4281
    4724      41.6472
    4725      42.7928
    4726      42.0676
    4727      43.5921
    4728      42.1052
    4729      42.4449
    4730      41.9862
    4731      41.6941
    4732      42.1949
    4733      42.3820
    4734      42.8575
    4735      41.9024
    4736      41.5022
    4737      41.6162
    4738      41.1485
    4739      42.6375
    4740      42.7469
    4741      42.0036
    4742      42.1247
    4743      42.1894
    4744      41.1047
    4745      41.5738
    4746      42.0002
    4747      41.3672
    4748      42.0201
    4749      42.1002
    4750      42.3836
    4751      41.3442
    4752      42.3336
    4753      42.4416
    4754      43.5754
    4755      43.1752
    4756      43.3428
    4757      41.4452
    4758      42.9654
    4759      41.7509
    4760      42.2235
    4761      42.6156
    4762      43.7605
    4763      44.2299
    4764      43.5935
    4765      43.0403
    4766      44.3548
    4767      44.1116
    4768      42.6059
    4769      42.5916
    4770      42.6069
    4771      42.7270
    4772      42.4109
    4773      43.6481
    4774      43.6785
    4775      43.4220
    4776      43.4972
    4777      43.0049
    4778      41.9339
    4779      42.1078
    4780      42.1753
    4781      41.6245
    4782      42.3513
    4783      41.5942
    4784      41.6838
    4785      41.9805
    4786      42.0067
    4787      41.9523
    4788      40.9388
    4789      41.9307
    4790      42.2138
    4791      41.3772
    4792      41.4269
    4793      42.0139
    4794      41.9182
    4795      40.9566
    4796      42.1838
    4797      42.3174
    4798      42.6298
    4799      41.3291
    4800      41.5148
    4801      40.5940
    4802      41.4121
    4803      41.7908
    4804      42.1294
    4805      42.1898
    4806      41.8829
    4807      42.9165
    4808      42.4505
    4809      42.4100
    4810      42.7339
    4811      41.7596
    4812      41.5338
    4813      42.8151
    4814      42.5098
    4815      41.9360
    4816      42.5205
    4817      42.8053
    4818      42.4478
    4819      43.0495
    4820      41.6367
    4821      42.0457
    4822      43.1276
    4823      42.5630
    4824      42.5730
    4825      42.9929
    4826      41.9170
    4827      42.7550
    4828      41.4712
    4829      41.8645
    4830      42.7872
    4831      42.7440
    4832      42.0612
    4833      42.2227
    4834      43.0299
    4835      43.7622
    4836      43.1792
    4837      42.3901
    4838      43.2520
    4839      43.1238
    4840      42.6407
    4841      42.7944
    4842      43.2091
    4843      42.6310
    4844      43.1172
    4845      42.7310
    4846      43.0715
    4847      42.4411
    4848      42.3106
    4849      41.7459
    4850      43.0073
    4851      44.0141
    4852      43.7430
    4853      44.5517
    4854      43.5305
    4855      43.1900
    4856      42.5711
    4857      43.0265
    4858      43.3901
    4859      42.1389
    4860      42.2169
    4861      42.6002
    4862      43.2504
    4863      43.5343
    4864      42.8988
    4865      42.3917
    4866      42.7411
    4867      43.0871
    4868      43.5733
    4869      43.6494
    4870      43.3786
    4871      43.0514
    4872      43.1347
    4873      43.1498
    4874      43.2506
    4875      42.8285
    4876      42.3118
    4877      42.5065
    4878      43.3780
    4879      43.3247
    4880      42.2897
    4881      43.7162
    4882      42.7670
    4883      43.5805
    4884      43.4844
    4885      43.6951
    4886      43.3110
    4887      43.0719
    4888      43.7522
    4889      43.2956
    4890      44.4958
    4891      42.9937
    4892      43.0573
    4893      44.2960
    4894      42.7262
    4895      44.0403
    4896      42.6531
    4897      43.6209
    4898      43.3592
    4899      43.0468
    4900      43.2993
    4901      43.6174
    4902      43.9778
    4903      43.8172
    4904      43.6116
    4905      43.7134
    4906      42.9892
    4907      42.5558
    4908      42.9384
    4909      42.9400
    4910      42.8778
    4911      43.8897
    4912      43.0722
    4913      42.6490
    4914      43.2353
    4915      43.3635
    4916      42.8877
    4917      43.3535
    4918      43.0553
    4919      44.0092
    4920      44.3459
    4921      43.7717
    4922      42.6002
    4923      43.9110
    4924      43.3370
    4925      43.0683
    4926      43.3275
    4927      43.0647
    4928      43.8592
    4929      43.1036
    4930      44.0558
    4931      43.9914
    4932      43.9609
    4933      44.6315
    4934      45.5128
    4935      43.6290
    4936      44.8141
    4937      45.1225
    4938      45.1055
    4939      44.3255
    4940      44.7940
    4941      43.2477
    4942      42.7798
    4943      44.1754
    4944      44.4796
    4945      42.4864
    4946      44.3206
    4947      43.6253
    4948      43.2616
    4949      43.4988
    4950      43.1332
    4951      43.3360
    4952      43.7887
    4953      42.6945
    4954      43.5564
    4955      43.9857
    4956      42.5314
    4957      43.9735
    4958      43.0685
    4959      42.9306
    4960      43.4384
    4961      43.2186
    4962      42.9207
    4963      43.0990
    4964      41.9918
    4965      42.8143
    4966      43.4674
    4967      42.0705
    4968      43.2199
    4969      42.0672
    4970      43.4969
    4971      43.4321
    4972      43.4378
    4973      43.8069
    4974      43.5023
    4975      43.8086
    4976      44.2118
    4977      44.5052
    4978      42.9579
    4979      44.4728
    4980      44.1261
    4981      43.3176
    4982      43.3260
    4983      43.9639
    4984      44.1643
    4985      43.2230
    4986      42.5376
    4987      42.8331
    4988      42.9619
    4989      42.2996
    4990      43.2698
    4991      43.8322
    4992      44.6788
    4993      43.1113
    4994      43.2253
    4995      43.2928
    4996      42.1461
    4997      43.6662
    4998      43.2207
    4999      42.7049
    5000      43.1136
    5001      43.3811
    5002      42.8758
    5003      43.0627
    5004      42.5462
    5005      41.8744
    5006      42.5431
    5007      43.3592
    5008      44.4493
    5009      42.9329
    5010      42.6599
    5011      42.7708
    5012      43.3599
    5013      43.6329
    5014      43.2773
    5015      44.3246
    5016      43.9532
    5017      43.4388
    5018      44.2642
    5019      43.5751
    5020      43.5269
    5021      44.0896
    5022      43.0349
    5023      43.7597
    5024      43.1412
    5025      43.2473
    5026      43.4756
    5027      42.3396
    5028      42.7063
    5029      42.4609
    5030      42.4884
    5031      42.3960
    5032      43.4083
    5033      43.0832
    5034      42.7980
    5035      43.4193
    5036      43.3021
    5037      45.4318
    5038      45.2745
    5039      45.1854
    5040      45.1097
    5041      43.6625
    5042      43.9099
    5043      43.6323
    5044      43.9844
    5045      44.1148
    5046      43.6734
    5047      44.4472
    5048      43.9654
    5049      43.6501
    5050      43.2542
    5051      44.0022
    5052      43.2662
    5053      42.9358
    5054      43.5854
    5055      43.0455
    5056      42.8542
    5057      43.4026
    5058      42.3294
    5059      42.3903
    5060      42.5339
    5061      44.1310
    5062      43.4635
    5063      41.9884
    5064      42.3055
    5065      42.9330
    5066      42.4816
    5067      43.9262
    5068      43.3841
    5069      43.5281
    5070      43.2566
    5071      43.6345
    5072      42.8641
    5073      43.4129
    5074      43.3265
    5075      42.5872
    5076      42.3354
    5077      43.7283
    5078      43.5463
    5079      44.3573
    5080      43.6814
    5081      44.3034
    5082      42.0655
    5083      43.4000
    5084      43.8672
    5085      43.8488
    5086      42.0027
    5087      42.4836
    5088      42.9970
    5089      41.7616
    5090      42.3633
    5091      41.5679
    5092      43.0855
    5093      42.2890
    5094      42.9110
    5095      42.2378
    5096      43.2827
    5097      43.2546
    5098      41.8647
    5099      41.9068
    5100      42.2823
    5101      42.7499
    5102      43.5440
    5103      43.5783
    5104      43.4257
    5105      44.8356
    5106      44.0506
    5107      42.4003
    5108      42.6736
    5109      43.3067
    5110      43.4982
    5111      43.6492
    5112      42.7468
    5113      42.4892
    5114      42.4108
    5115      43.3835
    5116      42.4325
    5117      43.4732
    5118      43.0308
    5119      43.8262
    5120      43.3404
    5121      43.3780
    5122      42.8104
    5123      42.2589
    5124      42.2316
    5125      42.6364
    5126      42.1913
    5127      42.6867
    5128      42.2369
    5129      43.8471
    5130      43.1818
    5131      43.1773
    5132      43.4281
    5133      44.3503
    5134      42.9430
    5135      44.4600
    5136      43.0896
    5137      44.0787
    5138      43.0032
    5139      42.8591
    5140      43.3274
    5141      42.7193
    5142      43.1397
    5143      42.5289
    5144      41.9930
    5145      42.4823
    5146      41.7672
    5147      42.8438
    5148      41.6292
    5149      42.0921
    5150      43.2671
    5151      43.1321
    5152      42.9634
    5153      42.9653
    5154      42.0303
    5155      42.1044
    5156      41.4859
    5157      43.2972
    5158      42.4733
    5159      41.7758
    5160      41.4108
    5161      42.7076
    5162      42.1382
    5163      41.3101
    5164      42.4349
    5165      42.3487
    5166      42.4096
    5167      42.2262
    5168      42.4859
    5169      42.6277
    5170      42.6269
    5171      43.2241
    5172      43.0379
    5173      42.7050
    5174      44.4113
    5175      43.4609
    5176      42.1570
    5177      42.2449
    5178      42.2304
    5179      43.1743
    5180      43.6524
    5181      43.6997
    5182      44.2554
    5183      42.4731
    5184      42.9395
    5185      42.7248
    5186      42.9670
    5187      43.9657
    5188      42.9679
    5189      43.6897
    5190      44.4427
    5191      42.9939
    5192      43.1434
    5193      43.0313
    5194      42.7735
    5195      43.9523
    5196      43.5102
    5197      43.1876
    5198      42.7334
    5199      43.1362
    5200      44.0357
    5201      42.4648
    5202      42.3856
    5203      42.5253
    5204      42.5144
    5205      43.2247
    5206      44.0647
    5207      44.2896
    5208      43.8073
    5209      43.9655
    5210      43.9831
    5211      43.9402
    5212      44.1975
    5213      43.0767
    5214      43.6387
    5215      42.6608
    5216      43.8663
    5217      43.8710
    5218      42.6010
    5219      42.1448
    5220      42.6909
    5221      42.2248
    5222      42.6253
    5223      42.3877
    5224      43.0255
    5225      42.6963
    5226      43.5491
    5227      42.7892
    5228      42.7580
    5229      44.0072
    5230      43.3989
    5231      42.1673
    5232      44.0348
    5233      43.2671
    5234      42.9067
    5235      41.8412
    5236      42.3156
    5237      41.6638
    5238      42.1708
    5239      41.8241
    5240      42.2234
    5241      42.5904
    5242      42.8010
    5243      42.6420
    5244      42.9036
    5245      42.1404
    5246      41.3414
    5247      42.0623
    5248      41.7874
    5249      41.8675
    5250      41.3660
    5251      40.5202
    5252      41.1342
    5253      40.1323
    5254      41.1892
    5255      40.9967
    5256      40.9604
    5257      41.0289
    5258      41.9820
    5259      42.2623
    5260      42.3659
    5261      42.0595
    5262      42.6962
    5263      41.5230
    5264      41.9202
    5265      41.4372
    5266      42.4262
    5267      42.1113
    5268      40.5470
    5269      41.5780
    5270      41.5854
    5271      41.3521
    5272      41.1848
    5273      42.5652
    5274      42.9900
    5275      43.1714
    5276      41.7588
    5277      42.7282
    5278      42.9490
    5279      41.6780
    5280      42.7747
    5281      42.7822
    5282      43.1598
    5283      42.4376
    5284      44.0431
    5285      42.3789
    5286      43.1400
    5287      43.9588
    5288      42.8579
    5289      42.0891
    5290      41.2353
    5291      42.0630
    5292      42.0778
    5293      42.2817
    5294      42.3347
    5295      42.3503
    5296      43.0288
    5297      43.1758
    5298      43.0664
    5299      43.3447
    5300      42.8651
    5301      42.9503
    5302      43.2295
    5303      43.9937
    5304      43.5752
    5305      43.7567
    5306      43.3671
    5307      42.8332
    5308      42.9536
    5309      44.4446
    5310      41.8500
    5311      41.3547
    5312      42.7150
    5313      43.8091
    5314      42.6759
    5315      42.0852
    5316      42.9865
    5317      42.6457
    5318      41.8644
    5319      43.8362
    5320      43.7813
    5321      43.3469
    5322      42.8581
    5323      43.6534
    5324      43.7920
    5325      42.7086
    5326      42.3444
    5327      43.8302
    5328      43.3847
    5329      44.3410
    5330      43.2430
    5331      42.7270
    5332      42.5950
    5333      42.4769
    5334      43.2578
    5335      43.1181
    5336      43.0563
    5337      42.6616
    5338      42.9587
    5339      42.8429
    5340      43.6819
    5341      43.3111
    5342      43.6615
    5343      44.0825
    5344      43.7693
    5345      42.7394
    5346      43.7115
    5347      43.1535
    5348      42.9960
    5349      43.0131
    5350      42.8230
    5351      43.0727
    5352      43.7973
    5353      42.9546
    5354      43.0844
    5355      42.7688
    5356      43.0703
    5357      42.7667
    5358      42.1551
    5359      42.6757
    5360      43.2461
    5361      42.5675
    5362      44.0224
    5363      44.5441
    5364      44.1606
    5365      43.5189
    5366      43.7955
    5367      43.9939
    5368      43.7905
    5369      43.5497
    5370      43.6943
    5371      42.5944
    5372      43.3256
    5373      44.6252
    5374      43.7111
    5375      43.9188
    5376      44.3892
    5377      44.0463
    5378      43.5289
    5379      42.8221
    5380      44.2876
    5381      43.7510
    5382      43.7554
    5383      43.9851
    5384      44.0476
    5385      43.7492
    5386      44.6853
    5387      44.8499
    5388      44.1352
    5389      42.8554
    5390      43.9990
    5391      44.0430
    5392      42.9230
    5393      43.4324
    5394      43.5940
    5395      44.4233
    5396      43.4648
    5397      43.7472
    5398      42.5776
    5399      43.1945
    5400      43.6058
    5401      43.3773
    5402      43.6809
    5403      42.7246
    5404      43.4946
    5405      43.6767
    5406      43.1350
    5407      43.6225
    5408      42.9615
    5409      43.4034
    5410      43.2730
    5411      42.8847
    5412      41.7234
    5413      42.4631
    5414      42.9701
    5415      43.0873
    5416      42.1271
    5417      42.9581
    5418      43.9947
    5419      43.1579
    5420      42.7051
    5421      42.4768
    5422      42.2832
    5423      42.9440
    5424      42.0832
    5425      43.2177
    5426      43.9717
    5427      43.4647
    5428      43.1842
    5429      41.8544
    5430      43.7758
    5431      44.3373
    5432      43.0953
    5433      43.7991
    5434      43.4432
    5435      43.3460
    5436      43.4538
    5437      43.2140
    5438      42.2138
    5439      42.7101
    5440      42.4127
    5441      42.8362
    5442      43.2505
    5443      42.5360
    5444      43.1198
    5445      43.3504
    5446      43.5110
    5447      43.1274
    5448      43.4312
    5449      43.3629
    5450      43.8000
    5451      42.2868
    5452      42.1137
    5453      42.3259
    5454      42.6858
    5455      42.9230
    5456      43.2399
    5457      42.9061
    5458      42.8814
    5459      42.2391
    5460      42.1980
    5461      42.4375
    5462      42.3444
    5463      42.7929
    5464      42.2034
    5465      42.9101
    5466      43.4948
    5467      43.2314
    5468      43.4047
    5469      43.0379
    5470      43.4220
    5471      41.6615
    5472      43.0477
    5473      42.6474
    5474      42.0471
    5475      43.1795
    5476      43.0983
    5477      42.3648
    5478      43.1990
    5479      42.8182
    5480      43.9556
    5481      43.9702
    5482      44.0100
    5483      44.0321
    5484      43.3227
    5485      42.0885
    5486      42.7882
    5487      41.9675
    5488      42.5745
    5489      42.4859
    5490      41.7501
    5491      42.6908
    5492      43.5065
    5493      42.5750
    5494      43.0637
    5495      42.0686
    5496      43.0191
    5497      43.2219
    5498      43.0152
    5499      42.4027
    5500      43.0987
    5501      42.8556
    5502      42.6984
    5503      43.2292
    5504      44.1767
    5505      43.2507
    5506      43.4334
    5507      43.4054
    5508      43.1380
    5509      43.2696
    5510      43.1016
    5511      43.4721
    5512      43.1755
    5513      42.5410
    5514      42.7011
    5515      43.0958
    5516      43.1518
    5517      42.9736
    5518      43.2027
    5519      42.7154
    5520      42.5821
    5521      42.0423
    5522      43.4736
    5523      43.6355
    5524      43.0762
    5525      42.6592
    5526      42.2305
    5527      43.0987
    5528      42.0793
    5529      42.7781
    5530      42.2908
    5531      41.8622
    5532      42.1334
    5533      43.6636
    5534      43.2185
    5535      43.1650
    5536      43.2755
    5537      43.7294
    5538      41.8264
    5539      42.4085
    5540      42.9566
    5541      42.8146
    5542      42.0029
    5543      42.3560
    5544      42.4880
    5545      42.6258
    5546      43.5554
    5547      43.6198
    5548      42.2918
    5549      42.6227
    5550      42.4584
    5551      42.7714
    5552      42.7212
    5553      42.7230
    5554      41.9225
    5555      42.0520
    5556      41.9431
    5557      42.3763
    5558      42.5294
    5559      42.5332
    5560      43.0311
    5561      42.9105
    5562      43.7216
    5563      42.9701
    5564      42.8868
    5565      42.4735
    5566      42.3144
    5567      42.3681
    5568      42.6467
    5569      43.1720
    5570      42.3348
    5571      41.7033
    5572      42.1076
    5573      41.2652
    5574      42.4126
    5575      41.7632
    5576      41.1329
    5577      41.7046
    5578      42.2960
    5579      42.1959
    5580      42.0621
    5581      41.3568
    5582      41.6644
    5583      42.0473
    5584      42.0852
    5585      41.9624
    5586      41.8377
    5587      42.1313
    5588      42.6787
    5589      42.4400
    5590      42.2173
    5591      42.4843
    5592      42.5991
    5593      42.7114
    5594      42.0215
    5595      41.4937
    5596      41.9236
    5597      42.6231
    5598      41.6049
    5599      41.7521
    5600      41.6550
    5601      41.4874
    5602      42.3391
    5603      42.5737
    5604      43.3229
    5605      43.8929
    5606      43.9637
    5607      43.5310
    5608      43.2520
    5609      43.4935
    5610      42.8407
    5611      42.6243
    5612      43.6157
    5613      44.0421
    5614      43.1731
    5615      42.5129
    5616      42.5264
    5617      41.9976
    5618      43.5039
    5619      42.7638
    5620      43.0476
    5621      43.0272
    5622      43.2393
    5623      43.0096
    5624      42.3093
    5625      43.2395
    5626      42.6945
    5627      42.8823
    5628      43.2410
    5629      42.9645
    5630      43.2796
    5631      42.6842
    5632      43.4171
    5633      42.7914
    5634      43.7509
    5635      42.9075
    5636      42.1746
    5637      43.5531
    5638      42.4795
    5639      42.3310
    5640      42.8579
    5641      41.3810
    5642      43.0935
    5643      41.8218
    5644      42.1206
    5645      42.3423
    5646      41.8229
    5647      41.4483
    5648      42.8733
    5649      41.8832
    5650      42.3677
    5651      42.7652
    5652      41.1280
    5653      42.0035
    5654      42.3395
    5655      42.7290
    5656      42.0998
    5657      43.0211
    5658      42.5470
    5659      41.8264
    5660      42.4610
    5661      42.9312
    5662      42.7724
    5663      43.1677
    5664      43.0738
    5665      42.4807
    5666      43.7315
    5667      42.2314
    5668      43.4615
    5669      44.1619
    5670      43.9046
    5671      42.9804
    5672      42.7118
    5673      41.6259
    5674      42.1891
    5675      43.1631
    5676      43.1491
    5677      42.0722
    5678      41.9578
    5679      42.3029
    5680      42.2978
    5681      42.2633
    5682      43.2240
    5683      42.7160
    5684      42.7550
    5685      42.6079
    5686      41.8552
    5687      42.3744
    5688      41.8864
    5689      41.6512
    5690      42.9148
    5691      41.8447
    5692      42.6239
    5693      42.7529
    5694      43.2879
    5695      42.8644
    5696      42.8919
    5697      43.8474
    5698      43.6461
    5699      43.4026
    5700      42.5802
    5701      42.9171
    5702      44.4765
    5703      44.0872
    5704      43.7092
    5705      42.5604
    5706      43.0848
    5707      43.4395
    5708      42.6122
    5709      42.3148
    5710      43.5972
    5711      43.3491
    5712      44.4250
    5713      44.1403
    5714      44.6079
    5715      43.7651
    5716      44.2418
    5717      43.2376
    5718      43.4808
    5719      43.8994
    5720      43.1403
    5721      43.2096
    5722      42.5583
    5723      43.1209
    5724      42.9908
    5725      43.4253
    5726      44.1367
    5727      43.0335
    5728      43.7899
    5729      43.7118
    5730      43.8136
    5731      43.6696
    5732      44.3066
    5733      44.1596
    5734      44.2423
    5735      43.6092
    5736      44.3164
    5737      43.8668
    5738      44.7185
    5739      44.4849
    5740      44.2815
    5741      44.3657
    5742      44.4326
    5743      45.0035
    5744      44.9872
    5745      44.0907
    5746      44.0706
    5747      43.5811
    5748      44.4576
    5749      44.4651
    5750      45.1557
    5751      45.1262
    5752      43.5602
    5753      45.2847
    5754      43.3632
    5755      44.7252
    5756      44.3906
    5757      43.8158
    5758      45.0914
    5759      43.2037
    5760      43.7171
    5761      43.7091
    5762      43.5317
    5763      42.5131
    5764      44.7265
    5765      43.6182
    5766      44.2937
    5767      42.5241
    5768      42.9802
    5769      43.7949
    5770      43.3025
    5771      43.5334
    5772      44.8658
    5773      43.5851
    5774      44.1338
    5775      44.2577
    5776      43.1848
    5777      44.0434
    5778      43.4029
    5779      43.0453
    5780      44.2395
    5781      44.2396
    5782      44.2159
    5783      44.0553
    5784      42.8807
    5785      44.3984
    5786      43.8054
    5787      43.8318
    5788      43.4863
    5789      43.1930
    5790      43.3586
    5791      43.8877
    5792      43.3919
    5793      43.2886
    5794      43.4968
    5795      43.9548
    5796      43.7683
    5797      44.6946
    5798      43.6438
    5799      43.6893
    5800      43.8828
    5801      43.9251
    5802      43.7869
    5803      43.1196
    5804      43.6168
    5805      44.3570
    5806      42.7428
    5807      44.1708
    5808      43.8125
    5809      43.0060
    5810      43.2588
    5811      44.2405
    5812      44.0302
    5813      43.7668
    5814      44.2354
    5815      44.4626
    5816      43.1125
    5817      43.3387
    5818      42.7804
    5819      44.1306
    5820      43.6724
    5821      44.1344
    5822      43.8661
    5823      44.4829
    5824      44.4382
    5825      43.9427
    5826      45.7690
    5827      43.7621
    5828      45.3091
    5829      44.0596
    5830      44.2787
    5831      44.3189
    5832      43.5595
    5833      44.1063
    5834      43.3832
    5835      43.5343
    5836      44.3043
    5837      44.6654
    5838      45.0577
    5839      44.7158
    5840      44.0254
    5841      44.6004
    5842      44.3402
    5843      43.8367
    5844      44.2106
    5845      44.7265
    5846      44.1326
    5847      44.0256
    5848      44.2613
    5849      44.3671
    5850      44.4898
    5851      42.9700
    5852      43.0806
    5853      43.7575
    5854      43.7398
    5855      44.5055
    5856      44.0635
    5857      42.9512
    5858      43.4843
    5859      44.1240
    5860      43.6482
    5861      44.0582
    5862      43.3507
    5863      43.2863
    5864      43.2514
    5865      43.6893
    5866      43.4150
    5867      44.0700
    5868      44.4257
    5869      44.5848
    5870      44.0601
    5871      43.7299
    5872      43.6277
    5873      43.3247
    5874      44.6921
    5875      44.0293
    5876      44.1715
    5877      43.8066
    5878      45.0991
    5879      44.5832
    5880      43.4342
    5881      43.4462
    5882      43.3619
    5883      44.5112
    5884      44.3980
    5885      43.9572
    5886      43.7337
    5887      43.7293
    5888      44.0591
    5889      44.4347
    5890      44.2081
    5891      43.8961
    5892      43.5161
    5893      45.5065
    5894      43.8334
    5895      44.4697
    5896      43.8540
    5897      43.2807
    5898      43.6525
    5899      43.5447
    5900      42.4374
    5901      44.1862
    5902      44.7825
    5903      44.3755
    5904      45.1744
    5905      45.0002
    5906      44.2331
    5907      44.6272
    5908      43.8013
    5909      44.7191
    5910      43.5717
    5911      44.1319
    5912      44.6083
    5913      44.5054
    5914      44.1270
    5915      44.0119
    5916      43.5904
    5917      44.4083
    5918      44.0957
    5919      44.8538
    5920      44.6133
    5921      44.2347
    5922      44.0360
    5923      43.9263
    5924      43.4634
    5925      44.2483
    5926      43.7180
    5927      43.7988
    5928      43.3805
    5929      43.4282
    5930      44.5232
    5931      43.6942
    5932      42.6767
    5933      43.7420
    5934      45.1632
    5935      43.0085
    5936      44.0493
    5937      44.6476
    5938      44.4956
    5939      44.6763
    5940      44.3373
    5941      44.3051
    5942      44.1866
    5943      43.8519
    5944      45.0943
    5945      45.5645
    5946      44.0846
    5947      44.0453
    5948      43.0921
    5949      43.5129
    5950      43.4272
    5951      43.1161
    5952      42.6814
    5953      43.6692
    5954      43.3255
    5955      43.5355
    5956      43.1676
    5957      41.9139
    5958      43.0287
    5959      43.8893
    5960      44.5132
    5961      43.5978
    5962      43.1070
    5963      43.7659
    5964      43.9509
    5965      43.8709
    5966      44.6633
    5967      45.3707
    5968      44.6770
    5969      44.6764
    5970      43.2906
    5971      43.1409
    5972      42.7127
    5973      43.7451
    5974      44.0886
    5975      44.1710
    5976      44.7883
    5977      43.9575
    5978      43.5162
    5979      43.7146
    5980      43.4072
    5981      42.0290
    5982      42.7262
    5983      43.0731
    5984      43.0590
    5985      43.2595
    5986      43.6522
    5987      43.2266
    5988      43.8289
    5989      43.5596
    5990      43.1492
    5991      42.9733
    5992      44.3600
    5993      44.2787
    5994      44.0719
    5995      42.6017
    5996      43.0434
    5997      42.2622
    5998      42.6006
    5999      42.4639
    6000      43.0503
    6001      50.1309
    6002      49.0290
    6003      49.7886
    6004      50.3313
    6005      50.0651
    6006      49.7712
    6007      51.2539
    6008      49.8267
    6009      50.7455
    6010      49.6914
    6011      48.6739
    6012      45.8209
    6013      47.4585
    6014      45.9170
    6015      45.1686
    6016      45.8843
    6017      46.2956
    6018      48.4351
    6019      48.2416
    6020      47.6277
    6021      46.5428
    6022      46.8454
    6023      45.2954
    6024      46.9794
    6025      45.9989
    6026      46.0408
    6027      47.3277
    6028      47.5869
    6029      50.7375
    6030      51.9563
    6031      48.9468
    6032      47.4696
    6033      47.6517
    6034      46.0607
    6035      45.8458
    6036      47.0413
    6037      46.7994
    6038      47.1288
    6039      46.2453
    6040      45.9689
    6041      45.1055
    6042      45.0071
    6043      46.5409
    6044      45.1763
    6045      45.8013
    6046      46.0964
    6047      47.4276
    6048      45.0050
    6049      46.3240
    6050      47.1698
    6051      46.7513
    6052      45.1200
    6053      46.2820
    6054      46.6159
    6055      46.5013
    6056      45.7150
    6057      45.1000
    6058      46.1068
    6059      45.5938
    6060      42.9761
    6061      44.7525
    6062      44.9334
    6063      43.9953
    6064      44.7422
    6065      45.6534
    6066      45.0176
    6067      45.4809
    6068      44.6122
    6069      45.0789
    6070      45.4152
    6071      43.7506
    6072      45.2955
    6073      45.8794
    6074      45.2660
    6075      44.4844
    6076      43.8512
    6077      45.2028
    6078      44.3480
    6079      43.6138
    6080      44.7166
    6081      46.1373
    6082      45.9950
    6083      46.5292
    6084      45.3789
    6085      46.6087
    6086      44.9083
    6087      44.1512
    6088      43.7080
    6089      44.5039
    6090      44.4359
    6091      45.2488
    6092      44.4493
    6093      44.4139
    6094      44.6019
    6095      44.1610
    6096      44.4657
    6097      44.7099
    6098      44.3127
    6099      44.0731
    6100      43.6617
    6101      44.3698
    6102      45.1669
    6103      44.8707
    6104      44.4713
    6105      45.3628
    6106      45.7425
    6107      44.5549
    6108      46.4410
    6109      47.2144
    6110      46.2206
    6111      47.4300
    6112      46.3252
    6113      47.0048
    6114      46.8711
    6115      46.2398
    6116      47.3698
    6117      46.6300
    6118      45.8873
    6119      47.9465
    6120      46.2940
    6121      45.9075
    6122      46.9954
    6123      45.4868
    6124      45.2878
    6125      45.1207
    6126      44.3740
    6127      46.2848
    6128      45.8147
    6129      46.6487
    6130      44.8893
    6131      44.8798
    6132      45.7983
    6133      44.4797
    6134      43.4110
    6135      43.7178
    6136      43.6843
    6137      44.5036
    6138      45.3247
    6139      46.0803
    6140      47.2528
    6141      45.6555
    6142      46.7179
    6143      44.7336
    6144      45.2978
    6145      44.2365
    6146      45.2138
    6147      45.2007
    6148      45.4000
    6149      45.9925
    6150      46.8413
    6151      47.1674
    6152      46.3849
    6153      46.7749
    6154      47.3564
    6155      47.2939
    6156      47.9325
    6157      46.9199
    6158      45.8722
    6159      46.0689
    6160      46.9450
    6161      44.9786
    6162      44.7468
    6163      44.7040
    6164      45.2296
    6165      45.4837
    6166      45.0353
    6167      45.4898
    6168      45.6402
    6169      43.9889
    6170      44.2798
    6171      44.8057
    6172      44.3822
    6173      43.7443
    6174      43.1955
    6175      44.9541
    6176      45.8645
    6177      43.3356
    6178      45.4450
    6179      44.5005
    6180      45.3942
    6181      44.8789
    6182      44.4050
    6183      45.2152
    6184      44.3353
    6185      45.4632
    6186      44.9494
    6187      44.4420
    6188      45.0109
    6189      44.2353
    6190      47.4159
    6191      46.2537
    6192      44.0496
    6193      43.6396
    6194      45.0784
    6195      46.6317
    6196      47.9335
    6197      48.2198
    6198      47.4836
    6199      47.9568
    6200      47.9109
    6201      47.6057
    6202      47.2235
    6203      47.1904
    6204      48.8881
    6205      48.0487
    6206      48.2038
    6207      47.4664
    6208      45.7510
    6209      45.7684
    6210      46.0054
    6211      45.9490
    6212      46.1842
    6213      45.4840
    6214      47.6022
    6215      45.9984
    6216      46.1361
    6217      47.1469
    6218      47.3787
    6219      44.4145
    6220      45.5099
    6221      46.5620
    6222      46.0721
    6223      45.6197
    6224      45.5012
    6225      44.1678
    6226      43.9232
    6227      46.0488
    6228      46.2741
    6229      45.1720
    6230      44.8690
    6231      45.3099
    6232      45.7009
    6233      46.4331
    6234      45.7457
    6235      47.8672
    6236      46.2828
    6237      46.0025
    6238      46.7963
    6239      46.1522
    6240      46.0041
    6241      46.3994
    6242      44.7765
    6243      44.7921
    6244      45.7786
    6245      45.4396
    6246      46.5573
    6247      46.2425
    6248      45.6943
    6249      45.4652
    6250      45.5285
    6251      44.7262
    6252      45.9795
    6253      45.5519
    6254      44.9991
    6255      45.2649
    6256      45.9587
    6257      45.0854
    6258      46.1133
    6259      45.4273
    6260      44.8447
    6261      45.9882
    6262      46.3777
    6263      45.6750
    6264      46.2060
    6265      45.4974
    6266      46.0429
    6267      46.8926
    6268      46.2205
    6269      46.1051
    6270      46.2379
    6271      46.3325
    6272      45.0257
    6273      47.6906
    6274      48.2661
    6275      47.9124
    6276      46.9802
    6277      47.2240
    6278      49.1329
    6279      46.9176
    6280      47.1288
    6281      47.1545
    6282      47.0693
    6283      46.9033
    6284      46.7183
    6285      46.3955
    6286      48.2352
    6287      49.1780
    6288      48.0357
    6289      48.1958
    6290      49.2154
    6291      48.4919
    6292      49.4055
    6293      51.5046
    6294      50.4878
    6295      48.9174
    6296      52.8448
    6297      50.2062
    6298      49.9150
    6299      48.4247
    6300      48.7414
    6301      47.7760
    6302      48.1915
    6303      47.1981
    6304      46.0198
    6305      46.6820
    6306      45.5577
    6307      47.4437
    6308      44.8895
    6309      46.1147
    6310      47.4506
    6311      46.2862
    6312      45.5175
    6313      47.3661
    6314      47.8056
    6315      47.4476
    6316      46.5131
    6317      46.3072
    6318      46.5394
    6319      45.8273
    6320      47.7107
    6321      47.2996
    6322      47.6749
    6323      46.6252
    6324      50.3970
    6325      49.7424
    6326      50.0015
    6327      51.5483
    6328      51.1570
    6329      52.0686
    6330      52.4794
    6331      52.5305
    6332      52.3295
    6333      51.7631
    6334      49.4200
    6335      51.2541
    6336      51.1978
    6337      50.8925
    6338      52.1474
    6339      51.3302
    6340      50.0517
    6341      52.4703
    6342      49.5123
    6343      50.4530
    6344      48.7981
    6345      48.6534
    6346      49.5185
    6347      49.9071
    6348      49.6726
    6349      49.8323
    6350      50.3188
    6351      47.7597
    6352      49.5524
    6353      50.2358
    6354      52.2686
    6355      49.5637
    6356      47.8160
    6357      49.0181
    6358      50.2458
    6359      47.7373
    6360      48.8080
    6361      47.5201
    6362      49.1939
    6363      49.1203
    6364      47.9415
    6365      49.6939
    6366      50.2429
    6367      51.3931
    6368      50.4473
    6369      49.0926
    6370      49.8136
    6371      49.4614
    6372      50.7204
    6373      48.8300
    6374      48.0123
    6375      49.2652
    6376      51.6039
    6377      50.9351
    6378      51.0718
    6379      49.9113
    6380      51.5453
    6381      50.5851
    6382      50.7655
    6383      50.9723
    6384      50.0237
    6385      51.8048
    6386      51.2373
    6387      50.9510
    6388      51.2770
    6389      51.2554
    6390      51.5885
    6391      51.0879
    6392      51.4409
    6393      51.2063
    6394      51.0745
    6395      51.2551
    6396      51.1678
    6397      52.0865
    6398      53.1205
    6399      51.7757
    6400      51.3544
    6401      49.7463
    6402      50.5518
    6403      49.0002
    6404      49.7294
    6405      49.0655
    6406      48.2812
    6407      50.0834
    6408      50.2967
    6409      51.1572
    6410      50.8584
    6411      48.6558
    6412      46.8652
    6413      48.5129
    6414      49.5972
    6415      48.1332
    6416      49.5212
    6417      49.2187
    6418      48.4009
    6419      49.2425
    6420      49.3014
    6421      48.7876
    6422      48.8662
    6423      50.6307
    6424      48.4601
    6425      46.9178
    6426      46.6745
    6427      46.5799
    6428      49.1848
    6429      48.2570
    6430      47.1737
    6431      45.8611
    6432      47.5906
    6433      47.7604
    6434      47.4979
    6435      46.9465
    6436      47.8925
    6437      47.9263
    6438      48.0154
    6439      48.3302
    6440      49.6724
    6441      51.0764
    6442      50.6566
    6443      49.4139
    6444      50.1262
    6445      51.3096
    6446      50.1683
    6447      50.6609
    6448      49.6188
    6449      49.4273
    6450      49.1912
    6451      49.3384
    6452      47.7179
    6453      48.1367
    6454      48.6896
    6455      48.6820
    6456      47.8316
    6457      49.2045
    6458      47.1026
    6459      48.4023
    6460      47.5697
    6461      47.7755
    6462      47.2674
    6463      48.9374
    6464      48.7072
    6465      47.2496
    6466      48.3559
    6467      48.5919
    6468      49.5032
    6469      49.4343
    6470      48.0966
    6471      49.2522
    6472      49.0235
    6473      50.1384
    6474      48.7404
    6475      47.9618
    6476      48.2449
    6477      50.2245
    6478      47.3877
    6479      48.3625
    6480      47.3715
    6481      47.6246
    6482      48.0144
    6483      48.8423
    6484      47.4847
    6485      47.8232
    6486      47.7053
    6487      48.8146
    6488      47.5474
    6489      46.9654
    6490      48.1314
    6491      48.5043
    6492      50.5906
    6493      49.4031
    6494      50.1238
    6495      48.2788
    6496      49.4164
    6497      49.6484
    6498      51.7874
    6499      49.9796
    6500      49.7886
    6501      49.2690
    6502      49.8250
    6503      48.8604
    6504      49.9696
    6505      50.0283
    6506      49.6573
    6507      49.9682
    6508      48.5886
    6509      48.9144
    6510      47.9879
    6511      50.4583
    6512      49.6430
    6513      50.5633
    6514      49.2306
    6515      50.2954
    6516      49.8220
    6517      49.2172
    6518      50.1934
    6519      49.8786
    6520      49.8593
    6521      49.9803
    6522      49.4963
    6523      53.2396
    6524      50.4194
    6525      50.9492
    6526      49.4100
    6527      49.7463
    6528      50.4181
    6529      49.7127
    6530      51.1690
    6531      51.2798
    6532      51.0814
    6533      50.2859
    6534      49.1512
    6535      49.4366
    6536      50.4904
    6537      50.4657
    6538      50.5779
    6539      50.3864
    6540      49.6212
    6541      50.4839
    6542      51.5854
    6543      49.0671
    6544      50.6234
    6545      49.4038
    6546      50.3101
    6547      50.8858
    6548      51.2286
    6549      49.7563
    6550      50.6394
    6551      51.1025
    6552      50.4958
    6553      50.1630
    6554      51.8617
    6555      52.1129
    6556      52.1346
    6557      50.6773
    6558      51.4860
    6559      51.6318
    6560      51.1104
    6561      51.1299
    6562      50.6133
    6563      51.3040
    6564      50.9998
    6565      52.2883
    6566      51.1514
    6567      51.6224
    6568      53.1879
    6569      51.8263
    6570      53.1200
    6571      50.9745
    6572      51.8551
    6573      50.4361
    6574      52.2239
    6575      51.9305
    6576      51.6514
    6577      50.9167
    6578      52.1616
    6579      51.8511
    6580      50.5098
    6581      51.1942
    6582      51.0497
    6583      52.5306
    6584      51.8658
    6585      51.6134
    6586      51.8362
    6587      51.9464
    6588      52.0800
    6589      53.3227
    6590      54.2470
    6591      54.1650
    6592      52.5155
    6593      52.3075
    6594      51.9047
    6595      52.3221
    6596      51.1226
    6597      50.9400
    6598      51.7932
    6599      51.8567
    6600      51.9368
    6601      49.9148
    6602      50.9325
    6603      50.8975
    6604      52.1196
    6605      53.2742
    6606      52.5956
    6607      51.0596
    6608      52.2988
    6609      51.0177
    6610      50.9924
    6611      49.9101
    6612      49.2857
    6613      49.1181
    6614      50.8468
    6615      50.1518
    6616      49.1688
    6617      49.3028
    6618      49.0771
    6619      48.2970
    6620      48.0040
    6621      47.9462
    6622      49.4400
    6623      46.9525
    6624      48.4544
    6625      48.4478
    6626      48.7517
    6627      48.7713
    6628      47.9140
    6629      47.7970
    6630      46.4112
    6631      47.1145
    6632      48.7072
    6633      47.1284
    6634      47.3445
    6635      47.1926
    6636      47.7044
    6637      47.4162
    6638      47.5782
    6639      46.9551
    6640      46.2387
    6641      46.8807
    6642      47.0254
    6643      48.5039
    6644      46.5728
    6645      48.7337
    6646      47.4775
    6647      47.6383
    6648      48.1153
    6649      47.9333
    6650      47.1085
    6651      47.6313
    6652      48.1732
    6653      47.0018
    6654      46.4255
    6655      47.5844
    6656      46.4391
    6657      48.3341
    6658      45.7488
    6659      46.6724
    6660      47.4455
    6661      46.5492
    6662      47.6929
    6663      48.2199
    6664      47.9372
    6665      47.8061
    6666      47.4375
    6667      47.4874
    6668      46.9745
    6669      46.1285
    6670      46.3866
    6671      48.3748
    6672      48.3018
    6673      47.2295
    6674      47.2698
    6675      47.0549
    6676      45.8236
    6677      45.5426
    6678      47.1934
    6679      44.9618
    6680      45.3303
    6681      45.9671
    6682      47.4434
    6683      46.7234
    6684      45.2945
    6685      46.4280
    6686      47.9081
    6687      46.9087
    6688      45.4141
    6689      45.9842
    6690      46.0996
    6691      46.9843
    6692      47.2058
    6693      46.9552
    6694      46.6070
    6695      46.3909
    6696      46.5565
    6697      45.8650
    6698      46.1270
    6699      45.3619
    6700      42.8925
    6701      44.6902
    6702      44.6866
    6703      43.7892
    6704      44.5233
    6705      45.1186
    6706      44.7132
    6707      43.3919
    6708      45.3723
    6709      44.2243
    6710      44.5730
    6711      43.9516
    6712      42.8796
    6713      43.1719
    6714      43.6664
    6715      43.6654
    6716      44.0938
    6717      44.2808
    6718      43.5762
    6719      43.1886
    6720      44.0084
    6721      46.5732
    6722      45.7750
    6723      46.1354
    6724      43.9521
    6725      46.0796
    6726      45.5654
    6727      45.7644
    6728      48.3092
    6729      49.0290
    6730      47.7875
    6731      47.4103
    6732      46.1179
    6733      46.8271
    6734      47.4319
    6735      47.7200
    6736      47.6376
    6737      48.2004
    6738      46.7845
    6739      46.2867
    6740      45.8604
    6741      45.2730
    6742      45.6843
    6743      45.7512
    6744      44.0610
    6745      44.0938
    6746      43.9029
    6747      44.3807
    6748      44.0443
    6749      42.4365
    6750      46.1725
    6751      44.4298
    6752      44.4822
    6753      46.6032
    6754      44.1047
    6755      45.0680
    6756      43.9507
    6757      45.7952
    6758      45.7879
    6759      43.8178
    6760      44.3861
    6761      45.0239
    6762      44.0145
    6763      44.3184
    6764      43.6417
    6765      43.0166
    6766      43.2311
    6767      42.5397
    6768      43.1325
    6769      43.5532
    6770      43.7953
    6771      44.4308
    6772      45.1245
    6773      43.5781
    6774      43.9807
    6775      43.4310
    6776      44.0024
    6777      42.8126
    6778      45.0698
    6779      43.4128
    6780      45.2075
    6781      44.1661
    6782      43.3235
    6783      45.4644
    6784      43.7273
    6785      45.9089
    6786      44.3790
    6787      44.4702
    6788      45.3991
    6789      45.0915
    6790      44.6973
    6791      45.3485
    6792      44.4681
    6793      45.4672
    6794      42.9835
    6795      43.4807
    6796      44.6743
    6797      44.7160
    6798      44.8199
    6799      43.6355
    6800      44.1669
    6801      45.5343
    6802      44.4032
    6803      44.4141
    6804      43.4471
    6805      44.3814
    6806      45.0005
    6807      44.9604
    6808      46.7320
    6809      44.0470
    6810      45.3010
    6811      44.8627
    6812      43.9872
    6813      44.8105
    6814      45.2912
    6815      45.1751
    6816      45.8324
    6817      44.4081
    6818      44.1943
    6819      44.5146
    6820      43.7294
    6821      45.4587
    6822      42.9862
    6823      44.4523
    6824      43.1815
    6825      44.2708
    6826      43.4773
    6827      43.3498
    6828      43.7122
    6829      42.2715
    6830      42.4378
    6831      42.3298
    6832      43.0596
    6833      44.9961
    6834      44.1811
    6835      43.2737
    6836      44.3604
    6837      43.3244
    6838      42.0647
    6839      42.0250
    6840      43.2061
    6841      43.1997
    6842      44.8036
    6843      42.3894
    6844      43.9685
    6845      44.0756
    6846      43.3800
    6847      44.5965
    6848      44.6490
    6849      44.4950
    6850      44.4281
    6851      43.9907
    6852      45.0385
    6853      43.9447
    6854      43.2683
    6855      43.2055
    6856      43.2174
    6857      43.7399
    6858      42.9620
    6859      44.8519
    6860      44.7466
    6861      44.7015
    6862      43.9545
    6863      44.6157
    6864      45.3162
    6865      44.4683
    6866      45.2304
    6867      45.4477
    6868      45.8073
    6869      43.2415
    6870      43.3780
    6871      44.0317
    6872      43.5492
    6873      45.8878
    6874      43.6912
    6875      42.5736
    6876      44.7071
    6877      43.6330
    6878      44.7592
    6879      43.6086
    6880      44.1425
    6881      43.9343
    6882      44.4951
    6883      43.9758
    6884      44.6472
    6885      44.2799
    6886      46.3923
    6887      45.1519
    6888      45.2117
    6889      45.6083
    6890      45.0561
    6891      45.0089
    6892      42.7637
    6893      44.0020
    6894      44.0989
    6895      44.0450
    6896      44.9816
    6897      44.6344
    6898      44.7945
    6899      45.4863
    6900      44.7890
    6901      44.6997
    6902      45.0408
    6903      46.4856
    6904      45.8264
    6905      46.8973
    6906      45.0855
    6907      45.4449
    6908      46.5580
    6909      44.0708
    6910      44.1760
    6911      45.7106
    6912      44.9335
    6913      45.0814
    6914      43.5341
    6915      42.1360
    6916      44.8085
    6917      43.9897
    6918      44.8535
    6919      43.6660
    6920      44.0727
    6921      42.8748
    6922      42.8058
    6923      43.1117
    6924      45.0020
    6925      46.1830
    6926      45.9580
    6927      45.7030
    6928      44.6548
    6929      44.4371
    6930      44.3377
    6931      45.2754
    6932      46.6450
    6933      46.6323
    6934      46.9900
    6935      46.2026
    6936      45.5910
    6937      47.3833
    6938      45.0511
    6939      46.9694
    6940      44.6359
    6941      45.9295
    6942      46.8498
    6943      47.4814
    6944      47.3829
    6945      44.4407
    6946      45.9155
    6947      45.8110
    6948      46.3161
    6949      45.8839
    6950      46.5735
    6951      47.2149
    6952      46.8571
    6953      45.4177
    6954      45.6534
    6955      45.1917
    6956      45.4853
    6957      46.3264
    6958      46.5515
    6959      45.8850
    6960      47.2371
    6961      47.3438
    6962      46.6524
    6963      45.8782
    6964      46.8572
    6965      46.4926
    6966      45.3095
    6967      47.6087
    6968      46.7300
    6969      47.7209
    6970      47.0200
    6971      45.5882
    6972      47.0278
    6973      47.7854
    6974      49.4410
    6975      47.8904
    6976      47.8313
    6977      46.9825
    6978      46.2918
    6979      46.7345
    6980      47.4199
    6981      45.6018
    6982      45.4233
    6983      45.5694
    6984      46.8456
    6985      46.6458
    6986      45.7059
    6987      46.0476
    6988      46.1036
    6989      46.6811
    6990      45.2808
    6991      45.0368
    6992      45.5858
    6993      45.9143
    6994      45.4913
    6995      45.6406
    6996      45.4282
    6997      46.1023
    6998      44.4923
    6999      45.4545
    7000      44.6436
    7001      44.9708
    7002      44.2311
    7003      44.1759
    7004      45.3118
    7005      45.0974
    7006      44.9401
    7007      43.6806
    7008      46.2626
    7009      44.6521
    7010      45.2163
    7011      44.4255
    7012      46.3453
    7013      45.7375
    7014      44.6599
    7015      45.2678
    7016      45.4122
    7017      43.7736
    7018      44.0527
    7019      43.8022
    7020      43.8644
    7021      42.9944
    7022      42.3162
    7023      40.4788
    7024      42.8453
    7025      43.1059
    7026      43.1914
    7027      44.8097
    7028      42.3279
    7029      42.9180
    7030      43.5204
    7031      44.5100
    7032      42.8995
    7033      43.4778
    7034      43.8859
    7035      44.5784
    7036      43.5042
    7037      43.5934
    7038      42.4685
    7039      44.5799
    7040      42.7390
    7041      43.1453
    7042      43.4576
    7043      45.6938
    7044      45.5933
    7045      43.2973
    7046      44.8347
    7047      44.0195
    7048      44.9295
    7049      44.1843
    7050      43.6504
    7051      44.8451
    7052      43.2279
    7053      44.5871
    7054      43.8956
    7055      43.6976
    7056      43.4411
    7057      44.8005
    7058      44.3966
    7059      44.4208
    7060      43.5198
    7061      45.0538
    7062      44.1920
    7063      45.0963
    7064      46.1777
    7065      44.8205
    7066      46.2820
    7067      44.1779
    7068      44.4125
    7069      46.0194
    7070      45.8926
    7071      43.8729
    7072      42.9242
    7073      43.7621
    7074      44.5906
    7075      45.2076
    7076      44.1995
    7077      44.0982
    7078      42.3390
    7079      44.3779
    7080      44.0943
    7081      43.5111
    7082      43.0685
    7083      45.5258
    7084      44.8603
    7085      45.5089
    7086      45.5140
    7087      44.8665
    7088      45.1758
    7089      46.5721
    7090      46.6155
    7091      46.5353
    7092      46.2581
    7093      45.2884
    7094      46.3945
    7095      44.8021
    7096      44.4466
    7097      45.5628
    7098      45.2590
    7099      46.0642
    7100      44.4492
    7101      45.4106
    7102      44.5994
    7103      46.7010
    7104      46.9411
    7105      44.9196
    7106      45.3561
    7107      45.4436
    7108      44.7919
    7109      44.4696
    7110      44.9324
    7111      44.4504
    7112      45.2062
    7113      45.0584
    7114      42.9191
    7115      43.2369
    7116      45.1796
    7117      41.9217
    7118      42.4213
    7119      42.2262
    7120      42.8697
    7121      43.9770
    7122      43.1696
    7123      42.7571
    7124      42.5535
    7125      41.3579
    7126      43.0976
    7127      42.1135
    7128      42.4832
    7129      41.1037
    7130      42.4825
    7131      42.8706
    7132      41.8504
    7133      43.3281
    7134      41.0371
    7135      42.2084
    7136      42.6300
    7137      43.3693
    7138      41.9764
    7139      42.9412
    7140      42.6937
    7141      41.7327
    7142      41.0769
    7143      43.3839
    7144      42.9146
    7145      42.7460
    7146      42.9565
    7147      42.7512
    7148      43.0854
    7149      42.2273
    7150      42.9207
    7151      45.0863
    7152      44.1098
    7153      44.2102
    7154      43.6209
    7155      43.2119
    7156      42.9493
    7157      45.4058
    7158      44.8769
    7159      44.3404
    7160      43.9608
    7161      43.5838
    7162      43.6645
    7163      46.9922
    7164      43.9183
    7165      44.3734
    7166      45.9508
    7167      44.8732
    7168      44.9567
    7169      44.6403
    7170      45.0829
    7171      44.3391
    7172      43.5764
    7173      43.6886
    7174      42.9459
    7175      44.5211
    7176      43.0216
    7177      42.0262
    7178      41.7300
    7179      41.4815
    7180      41.6350
    7181      43.0049
    7182      42.9559
    7183      44.0496
    7184      44.2201
    7185      43.7292
    7186      43.2909
    7187      43.2608
    7188      44.7616
    7189      44.9271
    7190      42.7919
    7191      44.1027
    7192      42.3476
    7193      43.7137
    7194      43.4852
    7195      44.0341
    7196      43.8663
    7197      42.5756
    7198      42.8163
    7199      43.2975
    7200      43.9331
    7201      43.4913
    7202      43.6770
    7203      42.9910
    7204      44.3671
    7205      43.5750
    7206      46.3508
    7207      45.9307
    7208      43.6053
    7209      44.7100
    7210      44.9044
    7211      44.1547
    7212      44.9219
    7213      43.8196
    7214      46.2128
    7215      43.8651
    7216      44.1340
    7217      44.8434
    7218      44.7255
    7219      44.9580
    7220      45.2715
    7221      44.4339
    7222      43.9342
    7223      45.6336
    7224      45.0136
    7225      45.0121
    7226      47.0436
    7227      46.7967
    7228      46.3040
    7229      44.6752
    7230      44.8279
    7231      43.4690
    7232      44.8683
    7233      44.1570
    7234      45.7905
    7235      46.9234
    7236      43.8099
    7237      43.9364
    7238      43.4026
    7239      43.6520
    7240      42.1610
    7241      44.5373
    7242      43.5455
    7243      42.9951
    7244      44.4030
    7245      43.6864
    7246      45.2273
    7247      46.7525
    7248      45.4924
    7249      47.2271
    7250      47.3719
    7251      48.8628
    7252      46.6295
    7253      49.2580
    7254      45.9758
    7255      44.8749
    7256      45.0822
    7257      44.8056
    7258      44.5364
    7259      45.8286
    7260      44.4516
    7261      46.1600
    7262      46.9194
    7263      47.0375
    7264      45.9116
    7265      44.0987
    7266      46.0657
    7267      46.3162
    7268      46.4470
    7269      44.9332
    7270      45.1776
    7271      46.8749
    7272      46.0337
    7273      45.5381
    7274      45.4505
    7275      44.3789
    7276      44.1609
    7277      46.9873
    7278      46.7642
    7279      47.9489
    7280      45.0881
    7281      48.0087
    7282      46.5800
    7283      49.1195
    7284      47.8909
    7285      51.4236
    7286      49.3828
    7287      48.2973
    7288      47.2446
    7289      46.4760
    7290      47.3285
    7291      48.3114
    7292      48.5734
    7293      46.7384
    7294      46.7513
    7295      45.6213
    7296      46.6221
    7297      46.0226
    7298      45.8981
    7299      46.4468
    7300      45.8993
    7301      44.9690
    7302      46.7506
    7303      45.9663
    7304      43.6060
    7305      44.7508
    7306      45.5058
    7307      44.8910
    7308      45.2378
    7309      45.2273
    7310      45.7784
    7311      44.5891
    7312      46.6679
    7313      48.6383
    7314      47.5356
    7315      49.3517
    7316      49.6460
    7317      49.3635
    7318      49.6027
    7319      48.6808
    7320      48.1100
    7321      48.0551
    7322      47.6166
    7323      49.4024
    7324      49.9837
    7325      49.2328
    7326      47.8830
    7327      48.7641
    7328      49.7683
    7329      48.2687
    7330      48.1188
    7331      47.4314
    7332      48.9080
    7333      49.0056
    7334      48.7319
    7335      47.7593
    7336      49.4255
    7337      49.0625
    7338      48.2536
    7339      48.3883
    7340      48.6636
    7341      49.5221
    7342      49.5855
    7343      47.1635
    7344      47.2577
    7345      47.3541
    7346      46.2453
    7347      48.8174
    7348      47.9870
    7349      47.8314
    7350      46.9537
    7351      48.3362
    7352      46.4548
    7353      45.7740
    7354      47.4095
    7355      46.8885
    7356      46.5737
    7357      46.7089
    7358      45.7061
    7359      47.9064
    7360      49.5292
    7361      49.3628
    7362      49.1304
    7363      48.4397
    7364      47.7079
    7365      49.6772
    7366      49.7813
    7367      48.5688
    7368      45.7453
    7369      46.3396
    7370      45.4027
    7371      46.5509
    7372      47.8744
    7373      47.5749
    7374      47.8526
    7375      46.7375
    7376      45.3592
    7377      46.2274
    7378      47.3460
    7379      46.3873
    7380      48.5552
    7381      47.6329
    7382      47.8348
    7383      47.3637
    7384      47.0337
    7385      46.7998
    7386      47.8827
    7387      47.1698
    7388      48.8943
    7389      47.9900
    7390      47.8401
    7391      47.8196
    7392      48.7146
    7393      49.2755
    7394      47.6696
    7395      46.2576
    7396      46.7473
    7397      46.4301
    7398      47.0723
    7399      46.5542
    7400      46.1841
    7401      44.6580
    7402      43.7656
    7403      44.5195
    7404      44.9204
    7405      44.9323
    7406      44.7735
    7407      44.8856
    7408      43.8658
    7409      45.9149
    7410      46.3271
    7411      47.0701
    7412      46.9647
    7413      45.0308
    7414      43.8930
    7415      44.6470
    7416      45.5703
    7417      46.6382
    7418      46.1477
    7419      46.4546
    7420      49.2478
    7421      45.7924
    7422      46.7477
    7423      47.5873
    7424      47.4481
    7425      47.2990
    7426      47.8223
    7427      48.2654
    7428      47.9788
    7429      45.7704
    7430      46.0340
    7431      45.3682
    7432      43.9845
    7433      45.1359
    7434      44.4969
    7435      45.9720
    7436      45.6833
    7437      45.2523
    7438      45.9545
    7439      43.1390
    7440      44.8924
    7441      44.3821
    7442      45.0801
    7443      44.4432
    7444      46.4644
    7445      45.7905
    7446      47.1258
    7447      46.1984
    7448      44.9096
    7449      46.0372
    7450      46.3763
    7451      45.3247
    7452      47.2718
    7453      45.1970
    7454      45.8423
    7455      46.0808
    7456      44.7796
    7457      44.9353
    7458      45.0665
    7459      44.1098
    7460      48.4610
    7461      46.3614
    7462      45.9656
    7463      48.5729
    7464      46.2102
    7465      45.9440
    7466      49.3179
    7467      46.6636
    7468      46.5452
    7469      46.6072
    7470      46.6310
    7471      45.2638
    7472      45.3500
    7473      45.4191
    7474      45.4548
    7475      45.1905
    7476      46.3735
    7477      44.8089
    7478      45.1750
    7479      45.1307
    7480      45.5241
    7481      44.1461
    7482      45.3657
    7483      45.9215
    7484      46.5218
    7485      46.1356
    7486      44.4854
    7487      45.9166
    7488      47.4255
    7489      46.5076
    7490      45.9729
    7491      45.4052
    7492      44.6707
    7493      43.9192
    7494      43.9172
    7495      43.9407
    7496      44.2698
    7497      43.2857
    7498      43.8594
    7499      44.0626
    7500      43.4338
    7501      44.0752
    7502      43.4007
    7503      42.3524
    7504      43.4229
    7505      42.1751
    7506      43.1450
    7507      42.9552
    7508      42.7631
    7509      43.8802
    7510      43.2151
    7511      43.4472
    7512      43.9160
    7513      42.8822
    7514      45.0259
    7515      43.7683
    7516      46.7195
    7517      44.3455
    7518      43.9513
    7519      43.1943
    7520      44.1774
    7521      43.8473
    7522      42.6438
    7523      43.0347
    7524      44.1779
    7525      44.6597
    7526      44.2816
    7527      44.1618
    7528      44.1683
    7529      43.8102
    7530      42.7955
    7531      43.1760
    7532      44.7407
    7533      43.0907
    7534      44.4539
    7535      45.1410
    7536      44.3926
    7537      43.5598
    7538      44.1599
    7539      43.1233
    7540      45.1413
    7541      44.0152
    7542      42.8847
    7543      44.9747
    7544      44.6456
    7545      45.5725
    7546      44.9296
    7547      43.6921
    7548      44.2208
    7549      43.5574
    7550      42.2416
    7551      44.1764
    7552      44.5226
    7553      43.5496
    7554      43.9305
    7555      45.6525
    7556      45.7318
    7557      43.9557
    7558      43.6189
    7559      43.6474
    7560      43.1733
    7561      42.4647
    7562      41.7431
    7563      44.1072
    7564      45.3589
    7565      43.4363
    7566      46.8485
    7567      45.9611
    7568      43.8963
    7569      44.7324
    7570      44.0869
    7571      43.6318
    7572      43.4559
    7573      43.5032
    7574      43.6998
    7575      42.7827
    7576      44.9548
    7577      44.0160
    7578      44.1008
    7579      45.6471
    7580      45.4343
    7581      44.3981
    7582      44.0425
    7583      44.1240
    7584      43.5269
    7585      43.9015
    7586      42.7330
    7587      43.2913
    7588      44.4564
    7589      44.5520
    7590      44.9909
    7591      42.9041
    7592      43.1830
    7593      44.9403
    7594      43.6407
    7595      43.9005
    7596      44.4619
    7597      45.1924
    7598      43.7985
    7599      44.9683
    7600      46.6436
    7601      45.2286
    7602      46.9587
    7603      45.2945
    7604      46.4913
    7605      46.2355
    7606      45.1766
    7607      46.2709
    7608      46.0834
    7609      45.8166
    7610      46.0213
    7611      46.4761
    7612      45.4672
    7613      46.2508
    7614      45.0113
    7615      44.1438
    7616      44.8949
    7617      43.5660
    7618      44.0553
    7619      43.5849
    7620      44.5848
    7621      42.8664
    7622      44.2232
    7623      44.7900
    7624      44.8115
    7625      46.4138
    7626      47.4363
    7627      46.9425
    7628      46.8647
    7629      46.1572
    7630      46.5041
    7631      46.5890
    7632      46.8923
    7633      45.8281
    7634      46.5505
    7635      46.3531
    7636      45.5434
    7637      47.6980
    7638      46.6851
    7639      45.9242
    7640      46.0963
    7641      49.1426
    7642      48.4120
    7643      46.3127
    7644      47.8290
    7645      48.7606
    7646      47.5682
    7647      50.3380
    7648      47.5231
    7649      48.0829
    7650      47.1204
    7651      47.6921
    7652      47.8401
    7653      46.7311
    7654      48.5879
    7655      47.0746
    7656      48.9055
    7657      47.8560
    7658      47.9602
    7659      46.6284
    7660      47.6689
    7661      46.6754
    7662      45.4433
    7663      47.3076
    7664      46.7567
    7665      45.8946
    7666      46.3883
    7667      45.8788
    7668      46.3854
    7669      46.9299
    7670      46.4191
    7671      45.9548
    7672      47.9885
    7673      48.1770
    7674      48.6846
    7675      48.5367
    7676      47.7519
    7677      48.1174
    7678      48.2113
    7679      47.5798
    7680      48.0410
    7681      49.2816
    7682      47.5828
    7683      48.6802
    7684      48.2675
    7685      47.8978
    7686      47.4888
    7687      48.1275
    7688      48.4273
    7689      47.8643
    7690      48.0857
    7691      46.7905
    7692      48.0186
    7693      49.2039
    7694      47.7185
    7695      47.2708
    7696      48.0374
    7697      49.0903
    7698      48.4130
    7699      49.1487
    7700      48.0916
    7701      49.8087
    7702      47.6140
    7703      47.0192
    7704      48.2501
    7705      47.5141
    7706      47.8101
    7707      48.0441
    7708      47.9574
    7709      47.7700
    7710      48.5016
    7711      47.1930
    7712      48.3719
    7713      49.0393
    7714      50.1411
    7715      52.1290
    7716      52.9512
    7717      52.3276
    7718      49.7455
    7719      50.3003
    7720      50.3028
    7721      49.9673
    7722      47.9744
    7723      48.8610
    7724      49.7699
    7725      48.3088
    7726      48.1668
    7727      47.2877
    7728      46.7430
    7729      48.7890
    7730      47.4293
    7731      46.7267
    7732      46.6607
    7733      46.9940
    7734      47.9765
    7735      46.8630
    7736      47.9573
    7737      47.4661
    7738      47.8277
    7739      48.7757
    7740      48.8346
    7741      49.2638
    7742      49.9195
    7743      50.3515
    7744      49.7199
    7745      48.6239
    7746      49.1168
    7747      48.1968
    7748      49.6370
    7749      49.2299
    7750      49.6096
    7751      47.8978
    7752      48.6734
    7753      48.3931
    7754      48.9954
    7755      47.1600
    7756      48.2877
    7757      48.4051
    7758      48.7935
    7759      49.6756
    7760      48.9337
    7761      47.9317
    7762      49.0027
    7763      48.9521
    7764      49.1624
    7765      49.3178
    7766      49.0975
    7767      48.4640
    7768      46.7810
    7769      46.6447
    7770      46.7463
    7771      47.2607
    7772      46.8970
    7773      46.9166
    7774      46.5901
    7775      46.5785
    7776      47.4941
    7777      46.8908
    7778      46.6397
    7779      46.6769
    7780      47.4536
    7781      47.3335
    7782      47.5407
    7783      46.7541
    7784      46.8442
    7785      47.3931
    7786      48.2361
    7787      49.2538
    7788      47.9170
    7789      48.4731
    7790      47.6182
    7791      46.9427
    7792      48.4991
    7793      47.8148
    7794      47.1938
    7795      46.9468
    7796      46.7866
    7797      46.9480
    7798      47.0667
    7799      47.3260
    7800      48.8025
    7801      48.2665
    7802      48.3777
    7803      48.1265
    7804      48.2092
    7805      49.0531
    7806      47.5694
    7807      48.3008
    7808      47.7770
    7809      47.1557
    7810      47.2021
    7811      46.7198
    7812      45.8474
    7813      46.3384
    7814      46.8962
    7815      48.6727
    7816      47.6086
    7817      47.4451
    7818      48.1582
    7819      48.5030
    7820      47.5927
    7821      48.7133
    7822      48.2766
    7823      46.6173
    7824      49.1826
    7825      48.2357
    7826      48.0943
    7827      48.8625
    7828      47.3933
    7829      48.2201
    7830      48.6373
    7831      46.9256
    7832      48.1804
    7833      46.3485
    7834      47.8217
    7835      48.7199
    7836      48.9986
    7837      47.1883
    7838      49.0014
    7839      48.1490
    7840      49.1401
    7841      47.8246
    7842      48.4735
    7843      49.8640
    7844      47.4817
    7845      49.5672
    7846      51.0826
    7847      50.1484
    7848      49.4349
    7849      49.0006
    7850      51.5457
    7851      51.5414
    7852      51.7520
    7853      51.2093
    7854      50.7427
    7855      53.8568
    7856      51.8684
    7857      51.7012
    7858      51.5249
    7859      51.4952
    7860      50.2115
    7861      51.3004
    7862      51.7106
    7863      51.0851
    7864      50.9470
    7865      49.6183
    7866      49.7597
    7867      51.7116
    7868      51.0983
    7869      51.1668
    7870      51.0922
    7871      50.8606
    7872      54.4144
    7873      52.9557
    7874      52.4151
    7875      50.1495
    7876      48.9237
    7877      47.9801
    7878      49.3500
    7879      48.6923
    7880      50.6495
    7881      50.3970
    7882      50.7538
    7883      50.0084
    7884      50.8286
    7885      50.9226
    7886      50.5238
    7887      49.0409
    7888      50.1229
    7889      49.1757
    7890      51.1252
    7891      51.6145
    7892      50.3577
    7893      52.2163
    7894      50.5285
    7895      51.1536
    7896      50.3669
    7897      50.1574
    7898      51.6519
    7899      50.9480
    7900      50.9746
    7901      50.5491
    7902      49.3054
    7903      48.8080
    7904      49.5292
    7905      49.6083
    7906      50.1392
    7907      49.3743
    7908      50.7316
    7909      49.0955
    7910      48.6724
    7911      50.1997
    7912      49.3715
    7913      50.0901
    7914      52.0396
    7915      50.8749
    7916      50.0576
    7917      51.5421
    7918      50.1748
    7919      50.8145
    7920      48.5272
    7921      49.3856
    7922      48.1543
    7923      49.2567
    7924      48.1383
    7925      48.7020
    7926      49.5794
    7927      49.4511
    7928      48.1194
    7929      50.3653
    7930      49.2206
    7931      47.8394
    7932      49.6598
    7933      48.6399
    7934      48.5779
    7935      48.8731
    7936      48.8053
    7937      48.7832
    7938      47.9953
    7939      47.7226
    7940      47.5295
    7941      48.4990
    7942      48.9276
    7943      48.5847
    7944      49.6547
    7945      47.8541
    7946      48.3276
    7947      48.9259
    7948      50.0025
    7949      50.3569
    7950      50.7194
    7951      49.9244
    7952      49.8133
    7953      49.1567
    7954      51.7918
    7955      51.3758
    7956      51.4271
    7957      48.9004
    7958      49.7584
    7959      49.5246
    7960      48.5570
    7961      49.2755
    7962      48.9721
    7963      49.2600
    7964      50.0570
    7965      49.5656
    7966      50.3839
    7967      49.5955
    7968      50.6855
    7969      49.1552
    7970      49.2287
    7971      49.3426
    7972      48.5313
    7973      49.9911
    7974      48.7456
    7975      50.7166
    7976      48.8958
    7977      49.8039
    7978      49.9297
    7979      49.4165
    7980      50.3892
    7981      48.2714
    7982      49.0990
    7983      49.0675
    7984      48.1271
    7985      47.1966
    7986      47.5062
    7987      50.2485
    7988      50.4679
    7989      50.5814
    7990      49.6363
    7991      48.1317
    7992      50.3388
    7993      50.6517
    7994      49.9579
    7995      50.6446
    7996      49.9193
    7997      49.4716
    7998      48.5297
    7999      50.1686
    8000      50.3546
