#Frame     end-to-end
       1      40.8735
       2      45.2902
       3      42.4624
       4      41.0749
       5      43.1670
       6      45.0899
       7      43.8349
       8      44.1019
       9      46.9761
      10      46.1341
      11      44.8590
      12      45.8542
      13      42.8248
      14      43.5716
      15      48.3048
      16      46.8087
      17      47.8313
      18      45.8159
      19      49.9638
      20      46.4464
      21      48.5999
      22      47.9892
      23      49.4966
      24      46.9021
      25      47.5233
      26      44.0955
      27      44.6937
      28      46.8036
      29      44.4186
      30      44.8503
      31      46.2125
      32      44.4701
      33      41.3577
      34      42.8036
      35      43.1241
      36      43.3152
      37      46.5172
      38      42.5180
      39      45.2875
      40      44.7519
      41      44.6042
      42      43.1103
      43      44.5329
      44      46.3965
      45      50.3211
      46      53.0082
      47      51.8901
      48      52.8410
      49      55.9616
      50      54.7355
      51      56.9380
      52      59.7141
      53      59.4962
      54      59.0648
      55      58.9245
      56      59.1901
      57      59.2576
      58      60.1580
      59      61.8425
      60      61.4820
      61      60.4381
      62      58.0509
      63      57.4482
      64      54.0811
      65      54.4679
      66      55.3213
      67      57.8509
      68      64.5430
      69      63.8408
      70      66.1225
      71      65.1694
      72      60.9608
      73      63.1559
      74      63.9014
      75      58.3807
      76      58.2830
      77      61.3563
      78      56.8239
      79      58.5266
      80      57.6789
      81      55.1552
      82      58.3845
      83      49.9252
      84      49.9948
      85      45.2257
      86      47.6210
      87      50.0824
      88      50.8325
      89      49.5554
      90      47.9387
      91      48.0224
      92      50.6155
      93      46.0522
      94      46.9543
      95      45.3435
      96      46.1989
      97      48.0825
      98      47.0099
      99      45.6763
     100      46.1820
     101      44.5331
     102      47.5519
     103      45.2223
     104      43.2680
     105      42.6054
     106      43.4628
     107      43.6267
     108      45.8805
     109      41.6010
     110      41.5520
     111      41.3303
     112      42.6566
     113      46.3943
     114      43.6477
     115      44.9503
     116      44.8674
     117      44.9311
     118      45.7104
     119      45.2843
     120      42.6794
     121      42.0898
     122      44.6719
     123      49.7463
     124      54.7643
     125      54.1295
     126      56.4406
     127      53.8130
     128      50.5526
     129      52.8235
     130      52.6575
     131      48.5809
     132      46.0256
     133      44.7749
     134      42.3847
     135      45.3155
     136      45.0449
     137      48.4082
     138      50.3281
     139      46.1415
     140      48.1278
     141      48.7608
     142      47.9401
     143      52.3696
     144      53.5711
     145      54.0909
     146      52.4352
     147      53.7225
     148      54.6278
     149      51.8089
     150      56.7794
     151      61.8745
     152      54.6073
     153      53.1990
     154      53.7778
     155      52.4793
     156      50.3224
     157      48.9656
     158      47.9393
     159      48.2619
     160      47.6159
     161      44.6805
     162      49.2809
     163      48.9846
     164      51.8819
     165      49.6391
     166      48.5925
     167      50.4930
     168      45.6906
     169      50.1936
     170      49.6412
     171      45.7545
     172      46.3012
     173      45.7992
     174      46.1827
     175      43.6449
     176      46.2172
     177      41.9637
     178      42.3426
     179      42.7765
     180      41.7413
     181      42.1906
     182      44.2123
     183      44.9807
     184      47.4521
     185      46.7331
     186      48.5712
     187      45.4348
     188      48.7154
     189      48.1116
     190      45.8136
     191      45.3245
     192      47.4142
     193      44.3753
     194      47.9779
     195      49.0429
     196      46.6744
     197      49.0010
     198      44.7080
     199      46.4054
     200      50.3760
     201      47.8599
     202      47.9138
     203      46.3016
     204      48.4909
     205      46.5368
     206      43.0232
     207      41.2327
     208      42.1005
     209      40.8155
     210      40.3973
     211      44.8483
     212      45.2191
     213      45.6140
     214      45.1241
     215      44.8259
     216      43.6765
     217      45.1121
     218      44.3201
     219      44.2184
     220      44.0862
     221      44.8752
     222      44.1935
     223      42.8815
     224      43.2651
     225      45.3646
     226      44.0209
     227      42.7135
     228      42.5767
     229      45.4823
     230      47.9692
     231      46.2408
     232      49.2277
     233      47.3365
     234      45.3985
     235      43.5636
     236      45.8514
     237      42.7907
     238      43.9486
     239      42.0420
     240      44.4088
     241      46.3677
     242      45.7712
     243      45.1351
     244      45.5101
     245      46.5986
     246      47.1971
     247      48.1220
     248      47.8672
     249      46.5646
     250      44.9481
     251      49.2119
     252      50.0250
     253      44.6167
     254      43.5624
     255      44.2669
     256      42.8730
     257      44.2214
     258      44.2398
     259      43.1411
     260      44.7605
     261      47.3929
     262      46.7068
     263      47.0639
     264      50.6620
     265      45.3666
     266      44.0745
     267      45.6633
     268      48.2473
     269      44.4490
     270      47.4506
     271      47.0793
     272      44.4016
     273      46.4207
     274      46.0770
     275      47.8227
     276      45.4036
     277      45.1718
     278      46.3997
     279      47.1561
     280      44.3408
     281      43.3951
     282      45.4387
     283      45.0902
     284      46.3379
     285      43.5537
     286      46.2135
     287      46.6441
     288      45.4467
     289      44.4147
     290      45.7557
     291      44.6488
     292      43.5288
     293      43.2390
     294      42.9880
     295      41.9042
     296      43.9949
     297      45.7673
     298      44.9838
     299      45.4248
     300      48.4911
     301      45.2706
     302      43.7023
     303      44.3878
     304      42.7581
     305      44.2362
     306      46.2155
     307      42.7981
     308      44.4688
     309      43.6021
     310      42.5272
     311      42.9247
     312      44.1122
     313      44.4820
     314      43.1683
     315      43.0446
     316      44.9723
     317      41.3269
     318      41.4759
     319      43.3135
     320      43.6950
     321      43.8162
     322      42.8655
     323      45.6590
     324      47.4768
     325      50.5031
     326      50.0924
     327      49.0625
     328      45.7378
     329      47.8289
     330      48.7379
     331      46.2240
     332      49.9885
     333      50.9029
     334      46.8757
     335      45.9021
     336      42.4607
     337      44.5885
     338      43.3797
     339      45.7092
     340      44.4085
     341      43.1137
     342      43.9274
     343      41.3559
     344      44.3927
     345      45.1544
     346      47.0642
     347      47.4204
     348      48.7877
     349      46.7006
     350      47.2855
     351      45.4102
     352      47.2804
     353      43.7386
     354      44.0746
     355      46.4920
     356      43.6281
     357      46.8179
     358      45.6956
     359      45.1885
     360      43.7235
     361      42.9165
     362      46.4641
     363      46.4137
     364      46.9887
     365      45.8067
     366      45.9871
     367      47.1659
     368      46.3093
     369      46.9752
     370      44.9309
     371      45.8234
     372      43.4613
     373      44.8462
     374      45.9575
     375      45.4198
     376      46.3232
     377      45.9000
     378      45.4924
     379      43.2640
     380      43.1498
     381      45.9045
     382      44.2031
     383      46.3286
     384      43.8236
     385      43.2786
     386      44.4242
     387      43.5461
     388      44.4025
     389      44.0192
     390      43.2973
     391      45.5395
     392      43.6202
     393      49.9279
     394      47.3163
     395      47.4356
     396      47.2934
     397      48.2567
     398      46.7427
     399      46.2904
     400      45.6721
     401      47.2493
     402      49.4675
     403      48.1007
     404      48.0233
     405      46.1452
     406      47.1516
     407      46.2127
     408      46.4901
     409      48.8731
     410      48.0086
     411      49.4247
     412      48.9689
     413      48.3254
     414      45.6556
     415      45.3632
     416      42.5978
     417      48.5561
     418      43.7301
     419      45.2050
     420      46.4115
     421      46.0221
     422      45.6210
     423      43.4769
     424      44.8839
     425      42.8067
     426      42.6626
     427      41.0367
     428      42.9355
     429      45.1615
     430      45.3339
     431      44.6859
     432      42.6913
     433      43.4370
     434      44.3226
     435      43.3401
     436      46.2068
     437      44.0280
     438      45.9443
     439      47.2314
     440      47.2354
     441      43.7262
     442      44.9908
     443      42.3710
     444      39.2397
     445      39.7472
     446      43.9419
     447      41.4025
     448      45.7158
     449      47.0148
     450      44.4257
     451      43.0518
     452      44.7168
     453      45.0086
     454      44.3056
     455      47.1044
     456      42.5191
     457      44.7804
     458      44.4460
     459      47.1354
     460      47.6607
     461      46.5028
     462      48.5123
     463      45.7562
     464      45.2360
     465      46.8670
     466      44.2055
     467      39.7360
     468      44.3508
     469      46.4662
     470      46.3050
     471      45.8802
     472      46.2622
     473      45.8851
     474      47.0562
     475      48.3555
     476      48.3655
     477      51.0489
     478      44.7253
     479      44.3281
     480      49.4290
     481      55.9688
     482      54.9497
     483      57.4720
     484      60.6864
     485      62.9247
     486      63.7514
     487      59.7682
     488      62.9729
     489      66.8663
     490      64.8788
     491      71.1065
     492      67.8063
     493      70.8751
     494      73.3908
     495      75.4881
     496      74.3045
     497      76.1127
     498      73.5523
     499      72.8250
     500      74.4563
     501      78.3627
     502      78.9760
     503      80.6498
     504      80.6950
     505      85.2805
     506      87.7301
     507      87.6651
     508      90.7148
     509      92.7276
     510      95.0441
     511      93.4852
     512      89.8078
     513      92.9074
     514      94.3058
     515      89.9467
     516      89.9975
     517      88.1003
     518      89.4229
     519      90.9389
     520      87.8219
     521      85.7836
     522      86.3775
     523      89.2454
     524      92.1994
     525      92.6824
     526      89.8396
     527      93.4532
     528      96.0582
     529      93.4745
     530     101.3517
     531      99.6957
     532      98.3213
     533      97.7244
     534     101.7976
     535     102.5167
     536     104.4577
     537     108.0793
     538     107.5535
     539     107.8231
     540     108.7065
     541     109.8982
     542     105.1822
     543     102.3311
     544     105.7424
     545     100.6319
     546      97.6381
     547     101.7110
     548      99.6793
     549     100.1460
     550     101.1562
     551     102.6266
     552     100.4231
     553     102.5287
     554     102.6891
     555      98.5162
     556      96.7503
     557      96.3305
     558      93.9644
     559      96.7478
     560      95.0386
     561      94.7832
     562      93.0965
     563      93.1527
     564      93.4614
     565      92.2455
     566      95.7511
     567      98.0350
     568      99.2724
     569     102.9550
     570     101.6801
     571     100.0823
     572      98.4861
     573     102.2809
     574      97.6448
     575      95.4969
     576      95.9818
     577      89.7629
     578      85.8348
     579      90.7995
     580      94.3784
     581      93.1752
     582      92.2635
     583      95.6784
     584      95.7503
     585      97.4353
     586      98.3533
     587     100.6420
     588      97.3994
     589      95.0060
     590      94.1042
     591      95.9910
     592      95.4690
     593      92.4858
     594      92.2661
     595      89.5878
     596      88.4763
     597      86.4434
     598      86.4007
     599      84.5534
     600      85.6323
     601      87.4780
     602      89.8624
     603      92.7648
     604      93.9440
     605      94.9776
     606      90.0320
     607      91.8220
     608      92.5106
     609      91.8165
     610      92.0381
     611      92.9313
     612      91.8457
     613      91.0210
     614      95.4698
     615      97.2020
     616      96.8037
     617      90.9335
     618      93.7370
     619     100.8197
     620      94.7771
     621      95.5724
     622      94.2587
     623      98.5832
     624      94.6500
     625      92.2056
     626      92.6443
     627      93.2651
     628      95.5031
     629      93.5828
     630      94.7582
     631      98.4494
     632      97.4342
     633     100.1976
     634      95.3448
     635      96.8307
     636      90.4572
     637      89.9223
     638      94.0074
     639      96.7445
     640      96.7904
     641      94.5272
     642      99.2956
     643     102.2854
     644     102.2862
     645      98.8862
     646      95.5216
     647      96.3438
     648      91.7805
     649      96.4748
     650      96.7855
     651      96.6587
     652      97.7391
     653      95.2494
     654      93.5434
     655      94.0709
     656     101.9465
     657     100.7010
     658     101.9638
     659     104.4182
     660     105.9419
     661     107.0798
     662     105.4661
     663     106.7276
     664     101.5678
     665     106.2197
     666     104.6071
     667     105.4866
     668     102.9267
     669     100.7290
     670      97.6861
     671      99.4121
     672     104.1441
     673     100.1755
     674     104.3846
     675     101.5578
     676      98.2628
     677      99.0653
     678     101.5818
     679     102.3049
     680     105.5392
     681     102.6365
     682     106.6279
     683     104.7426
     684     103.7158
     685     104.7595
     686     106.6276
     687     102.9952
     688     104.1081
     689     103.0202
     690     102.5820
     691      99.9326
     692     103.7612
     693     104.1666
     694     103.9239
     695     105.8184
     696     105.7061
     697     101.7621
     698     103.8920
     699     105.5198
     700      99.3487
     701      99.0327
     702      94.2726
     703      95.3910
     704      99.8527
     705     103.6840
     706     103.2723
     707     103.0093
     708     104.2386
     709     102.6262
     710     104.8226
     711     102.6431
     712     104.2277
     713     105.2789
     714     104.7088
     715     105.7996
     716     105.1610
     717     105.2326
     718     106.3396
     719     104.7256
     720     106.4324
     721     105.8043
     722     108.0966
     723     103.9953
     724     107.7729
     725     107.6403
     726     106.1572
     727     103.1377
     728     104.6868
     729     107.0614
     730     105.4363
     731     105.4821
     732     102.8423
     733     105.4544
     734     103.4761
     735     105.0511
     736     106.2541
     737     104.1677
     738     104.3044
     739     105.6013
     740     102.3673
     741     107.9844
     742     106.9495
     743     104.1019
     744     106.0663
     745     104.5233
     746     106.1264
     747     109.1740
     748     112.1922
     749     112.6638
     750     111.6703
     751     108.1232
     752     105.9297
     753     106.0264
     754     108.3128
     755     105.9382
     756     104.0329
     757     103.8942
     758     103.2976
     759     105.3418
     760     110.1789
     761     107.8436
     762     113.2311
     763     112.7038
     764     114.8236
     765     114.3034
     766     113.8861
     767     117.5446
     768     116.6226
     769     115.5600
     770     111.5229
     771     113.0342
     772     113.7856
     773     111.5295
     774     109.5277
     775     107.8033
     776     103.3350
     777     106.5372
     778     104.0185
     779     107.5793
     780     108.5514
     781     111.4303
     782     107.5660
     783     109.9355
     784     110.7305
     785     113.1693
     786     112.5633
     787     117.6410
     788     112.9348
     789     108.7354
     790     112.3303
     791     108.8674
     792     110.2591
     793     110.6733
     794     113.5018
     795     111.3158
     796     114.0224
     797     114.9657
     798     113.9318
     799     113.6905
     800     116.0352
     801     112.1606
     802     115.3833
     803     118.9136
     804     115.9534
     805     118.2351
     806     119.0050
     807     118.8790
     808     117.0888
     809     117.1999
     810     118.9805
     811     121.3848
     812     121.2891
     813     118.3144
     814     117.1611
     815     118.6059
     816     116.4835
     817     117.4709
     818     116.6644
     819     116.3086
     820     109.6388
     821     105.8636
     822     107.1529
     823     106.6866
     824     109.3271
     825     107.7178
     826     109.9588
     827     103.5986
     828     100.5926
     829      99.4627
     830     102.1474
     831     101.8235
     832     104.6622
     833     102.9430
     834     101.9177
     835     101.8887
     836     103.3373
     837     106.1450
     838     104.6305
     839     102.8728
     840     106.6109
     841     106.5594
     842     108.2677
     843     106.4103
     844     106.4422
     845     105.5801
     846     104.9606
     847     106.7160
     848     105.6843
     849     107.8794
     850     101.7868
     851     104.1092
     852     107.9535
     853     104.0888
     854     108.7921
     855     102.9213
     856     107.6098
     857     109.2815
     858     105.0836
     859     107.8939
     860     105.8516
     861     106.7701
     862     106.8655
     863     104.6005
     864     100.7943
     865     106.2683
     866     110.2787
     867     107.7849
     868     109.9266
     869     111.9359
     870     107.6804
     871     109.1772
     872     109.1186
     873     109.1802
     874     108.9636
     875     107.2092
     876     108.1866
     877     111.4185
     878     108.0381
     879     109.6782
     880     108.5829
     881     108.1122
     882     107.6656
     883     109.4763
     884     109.3662
     885     109.3053
     886     106.9421
     887     108.0594
     888     106.4764
     889      98.5448
     890      97.5539
     891     102.1459
     892      99.5995
     893     104.6286
     894     102.0596
     895     103.9386
     896     102.7936
     897     106.0783
     898     108.1352
     899     104.9573
     900     106.9412
     901     108.3173
     902     106.5719
     903     107.9154
     904     108.1923
     905     105.2795
     906     108.3342
     907     104.8393
     908     105.2388
     909     103.4295
     910     104.3846
     911     100.7816
     912     105.7562
     913     104.1640
     914     102.2050
     915     100.6095
     916     103.6973
     917     100.0737
     918     100.5288
     919      99.6350
     920      99.3908
     921     101.8714
     922     101.0510
     923     100.2009
     924     101.1195
     925     103.9450
     926     101.0321
     927     104.3433
     928     103.9090
     929      95.0967
     930      97.1292
     931      99.7639
     932     101.6053
     933     101.7878
     934     102.3019
     935     104.2415
     936     102.8295
     937      99.6001
     938     100.9256
     939     100.2356
     940      95.1181
     941      98.2944
     942      98.8807
     943      93.6150
     944      90.6509
     945      86.3746
     946      89.9955
     947      90.2296
     948      92.1641
     949      96.1740
     950      93.3331
     951      94.6924
     952      92.2338
     953      90.5034
     954      94.8315
     955      91.6048
     956      94.8086
     957      93.3151
     958      93.9117
     959      96.7873
     960      95.6537
     961      98.6292
     962      95.5452
     963      95.5008
     964      92.9354
     965      95.6751
     966      94.6605
     967      98.5452
     968     104.3074
     969     102.2078
     970     104.4282
     971     103.5882
     972     102.6238
     973     103.5025
     974     102.5507
     975     106.7214
     976     102.2565
     977      98.6220
     978     100.3800
     979     100.1058
     980     102.1461
     981      99.9122
     982     102.7288
     983     105.6926
     984     103.1577
     985     107.4727
     986     104.3055
     987     106.0687
     988     104.0511
     989      99.8181
     990     101.2161
     991     101.3589
     992     101.9611
     993     101.3584
     994      98.5131
     995      97.4864
     996      99.7320
     997     100.3621
     998      99.8355
     999     103.1908
    1000     102.0849
    1001     102.2685
    1002     102.0558
    1003     100.2293
    1004     103.5564
    1005     102.9054
    1006     102.7983
    1007     101.8781
    1008     103.7181
    1009     103.7280
    1010     106.5212
    1011     103.4575
    1012     100.4714
    1013     100.1758
    1014     100.9215
    1015      99.1014
    1016     101.0045
    1017     101.0104
    1018     100.8899
    1019      99.9910
    1020     102.2070
    1021     102.6707
    1022      99.6083
    1023      98.9614
    1024      99.1142
    1025      98.5440
    1026      99.7720
    1027      99.7806
    1028      98.0639
    1029     100.8995
    1030     101.7484
    1031     104.4454
    1032     105.6852
    1033     102.3562
    1034     105.2200
    1035     102.6510
    1036     104.2478
    1037     100.8172
    1038      99.1874
    1039      98.7021
    1040      97.6831
    1041      98.8854
    1042     102.1511
    1043     103.9718
    1044     104.5448
    1045     102.6662
    1046      98.6581
    1047     100.2939
    1048     101.0055
    1049      98.3669
    1050     103.3109
    1051     102.4632
    1052     101.5978
    1053      97.8558
    1054      98.5028
    1055     102.7409
    1056      99.7876
    1057     101.4348
    1058     100.4612
    1059      96.7531
    1060      96.4969
    1061      92.6926
    1062      96.6723
    1063      93.7977
    1064      91.3556
    1065      93.2256
    1066      94.4514
    1067      99.0993
    1068      95.4855
    1069      91.1737
    1070      92.3947
    1071      91.2509
    1072      89.1165
    1073      93.3448
    1074      92.3054
    1075      93.7419
    1076      95.9421
    1077      94.4230
    1078      95.3288
    1079      98.8474
    1080      96.2394
    1081      98.8693
    1082      94.0972
    1083      90.9196
    1084      88.6338
    1085      87.2414
    1086      97.6669
    1087      97.5391
    1088      97.1248
    1089      94.0323
    1090      95.3536
    1091      96.8340
    1092      96.3759
    1093      93.6365
    1094      94.4247
    1095      92.5397
    1096      95.8603
    1097      94.4343
    1098      95.0267
    1099      93.9162
    1100      93.4421
    1101      92.7095
    1102      92.4792
    1103      90.1624
    1104      91.3463
    1105      93.9702
    1106      95.7517
    1107      93.2925
    1108      92.2406
    1109      97.1771
    1110      96.7462
    1111      96.3701
    1112      99.9911
    1113      97.9107
    1114      98.3295
    1115      97.2495
    1116      95.8038
    1117     101.2364
    1118      97.4270
    1119      98.9451
    1120      99.3382
    1121     103.2546
    1122     101.9650
    1123     102.1018
    1124      96.4644
    1125      97.1459
    1126      97.9316
    1127      97.9497
    1128      96.0980
    1129      93.6782
    1130      90.0546
    1131      90.1944
    1132      94.0924
    1133      92.2679
    1134      89.3944
    1135      86.6630
    1136      84.6199
    1137      82.4818
    1138      84.5628
    1139      85.8035
    1140      84.0060
    1141      80.8103
    1142      87.7566
    1143      88.9615
    1144      89.1956
    1145      94.1655
    1146      91.4540
    1147      90.9428
    1148      88.3294
    1149      88.7521
    1150      90.7643
    1151      89.5065
    1152      96.7231
    1153      96.8861
    1154      98.7887
    1155      98.1974
    1156      96.2343
    1157      96.0195
    1158     101.5191
    1159      94.9722
    1160      97.7546
    1161      92.8318
    1162      90.5729
    1163      94.4708
    1164      99.3744
    1165     102.7255
    1166      99.9711
    1167     101.6564
    1168     100.5773
    1169     104.9876
    1170     104.3556
    1171     107.1720
    1172     105.0836
    1173     101.4778
    1174     107.5492
    1175     107.1008
    1176     108.1905
    1177     108.7240
    1178     105.5731
    1179     104.9790
    1180      98.9448
    1181      97.2901
    1182     100.6411
    1183     102.0619
    1184     100.9086
    1185      98.0318
    1186      96.3690
    1187      94.5192
    1188      93.4327
    1189      92.1788
    1190      90.3503
    1191      89.9125
    1192      88.5888
    1193      93.3015
    1194      92.3310
    1195      94.7076
    1196      93.0004
    1197      94.2451
    1198     100.3855
    1199      98.5267
    1200     100.1173
    1201     102.1783
    1202      93.1549
    1203      93.1359
    1204      94.0992
    1205      98.5649
    1206      98.3862
    1207      98.4219
    1208      93.3913
    1209      97.4671
    1210      98.8605
    1211      98.6604
    1212      97.5695
    1213      97.8262
    1214     102.0286
    1215      98.8710
    1216      91.4660
    1217      89.4221
    1218      93.0660
    1219      90.5781
    1220      88.7726
    1221      85.8698
    1222      85.9166
    1223      82.6031
    1224      84.0727
    1225      86.3129
    1226      87.4812
    1227      86.6994
    1228      85.7108
    1229      88.3481
    1230      93.3193
    1231      97.2439
    1232      99.7852
    1233      96.9887
    1234      95.5497
    1235      99.1430
    1236     101.1833
    1237      98.6172
    1238      93.5384
    1239      96.8736
    1240     102.8041
    1241     101.4219
    1242      96.0954
    1243      93.7867
    1244      96.1631
    1245      94.4223
    1246      97.2852
    1247      94.6839
    1248      92.0866
    1249      94.6358
    1250      95.5152
    1251      96.2711
    1252      93.4849
    1253      91.1913
    1254      88.2871
    1255      85.1140
    1256      84.2389
    1257      84.5014
    1258      83.2875
    1259      80.4820
    1260      84.8454
    1261      81.4659
    1262      79.0439
    1263      78.3857
    1264      81.2432
    1265      79.7846
    1266      78.3826
    1267      78.6353
    1268      81.3865
    1269      81.1636
    1270      84.6549
    1271      88.0006
    1272      90.1966
    1273      97.8217
    1274      97.6089
    1275      92.8604
    1276      95.8487
    1277      93.9003
    1278      91.2360
    1279      92.0353
    1280      91.5982
    1281      87.5803
    1282      87.8504
    1283      90.9412
    1284      90.1170
    1285      88.0404
    1286      88.1583
    1287      89.7898
    1288      91.8730
    1289      88.7120
    1290      91.0829
    1291      94.5559
    1292      96.4122
    1293      93.2369
    1294      88.9856
    1295      88.3598
    1296      84.7440
    1297      81.7808
    1298      87.0507
    1299      81.9896
    1300      81.8794
    1301      79.9272
    1302      83.6441
    1303      82.8227
    1304      81.7068
    1305      85.8889
    1306      85.5429
    1307      85.1788
    1308      87.9157
    1309      86.2912
    1310      91.2722
    1311      92.1889
    1312      93.0334
    1313      91.5635
    1314      88.5485
    1315      87.5156
    1316      87.0594
    1317      81.3428
    1318      85.5549
    1319      86.1113
    1320      90.7931
    1321      93.4883
    1322      96.4860
    1323      95.9563
    1324      97.3644
    1325      97.3521
    1326     101.5432
    1327     104.4376
    1328     103.9526
    1329     107.1261
    1330     107.6034
    1331     104.4317
    1332     107.0902
    1333     106.2343
    1334     102.8537
    1335     103.1335
    1336     104.2101
    1337     103.7162
    1338     103.0535
    1339      99.7179
    1340      95.2452
    1341      95.6847
    1342      94.1988
    1343      96.0820
    1344      93.3032
    1345      98.4802
    1346     101.7131
    1347      98.6947
    1348     106.0581
    1349     110.5024
    1350     109.6545
    1351     102.7591
    1352     100.4535
    1353     102.1257
    1354      98.9615
    1355      97.7460
    1356      92.2196
    1357      93.5518
    1358      93.1417
    1359      92.7229
    1360      94.6807
    1361      98.7148
    1362      95.5674
    1363      91.5087
    1364      90.3599
    1365      91.9688
    1366      90.4718
    1367      92.8566
    1368      90.7532
    1369      91.9422
    1370      89.7768
    1371      92.5219
    1372      99.2199
    1373      97.5267
    1374      98.9249
    1375      97.5166
    1376      96.1311
    1377      95.6433
    1378     100.0165
    1379      92.3109
    1380      92.9214
    1381      92.6993
    1382      95.4241
    1383      90.1874
    1384      92.0040
    1385      89.5470
    1386      89.3365
    1387      88.1653
    1388      84.0163
    1389      86.7832
    1390      87.9971
    1391      91.6834
    1392      89.5927
    1393      90.7878
    1394      91.8331
    1395      92.7698
    1396      91.9014
    1397      89.4033
    1398      92.5494
    1399      95.9275
    1400      95.5404
    1401      95.4855
    1402      93.0848
    1403      91.0103
    1404      88.5911
    1405      85.5133
    1406      85.6660
    1407      88.7322
    1408      81.2848
    1409      79.9022
    1410      80.2138
    1411      77.1021
    1412      78.6094
    1413      78.3254
    1414      79.5095
    1415      77.9360
    1416      78.5301
    1417      77.6247
    1418      74.9974
    1419      73.6563
    1420      71.9800
    1421      75.2661
    1422      73.5586
    1423      71.7562
    1424      69.4882
    1425      69.4611
    1426      65.7909
    1427      62.7855
    1428      64.1094
    1429      64.4496
    1430      63.4498
    1431      60.8432
    1432      58.0467
    1433      60.4312
    1434      64.0913
    1435      65.8887
    1436      68.1226
    1437      66.8312
    1438      64.6122
    1439      71.4467
    1440      74.2450
    1441      69.3414
    1442      69.3052
    1443      69.8671
    1444      69.5729
    1445      71.1001
    1446      71.2901
    1447      73.9608
    1448      73.2811
    1449      75.2158
    1450      76.3814
    1451      75.5357
    1452      74.7739
    1453      77.1566
    1454      71.3991
    1455      73.3694
    1456      71.1172
    1457      72.5912
    1458      69.7664
    1459      70.6274
    1460      71.5856
    1461      71.4019
    1462      70.2931
    1463      70.8948
    1464      69.6899
    1465      69.5697
    1466      74.9236
    1467      75.3495
    1468      77.0149
    1469      80.4830
    1470      80.2743
    1471      82.8674
    1472      82.6753
    1473      85.3286
    1474      85.8627
    1475      81.8082
    1476      84.4921
    1477      82.2637
    1478      83.1688
    1479      85.4789
    1480      85.0297
    1481      82.9037
    1482      80.4349
    1483      80.9920
    1484      79.2310
    1485      80.3101
    1486      78.0166
    1487      76.9840
    1488      75.6095
    1489      73.3817
    1490      72.2029
    1491      72.4405
    1492      72.7818
    1493      72.3898
    1494      71.8801
    1495      72.5573
    1496      76.4851
    1497      73.6519
    1498      74.1798
    1499      78.3619
    1500      73.7445
    1501      72.7142
    1502      74.2612
    1503      73.0276
    1504      73.9714
    1505      74.7388
    1506      74.8622
    1507      75.9461
    1508      75.6240
    1509      77.0380
    1510      78.3278
    1511      76.7372
    1512      78.9464
    1513      81.3713
    1514      76.3399
    1515      82.4822
    1516      79.4785
    1517      74.9525
    1518      74.8523
    1519      72.1186
    1520      77.8306
    1521      75.2610
    1522      76.0613
    1523      77.5245
    1524      79.2629
    1525      74.8284
    1526      74.8093
    1527      70.7331
    1528      69.4772
    1529      72.4350
    1530      64.7145
    1531      60.0295
    1532      59.7280
    1533      61.0585
    1534      62.8462
    1535      61.6252
    1536      59.3627
    1537      59.5184
    1538      57.3977
    1539      57.4735
    1540      53.1892
    1541      57.7595
    1542      53.7395
    1543      55.8939
    1544      53.4525
    1545      54.6431
    1546      56.5252
    1547      57.8192
    1548      61.6492
    1549      63.7705
    1550      60.0640
    1551      63.7960
    1552      65.4206
    1553      68.2280
    1554      72.8398
    1555      73.6915
    1556      72.5149
    1557      79.1934
    1558      80.6470
    1559      79.6846
    1560      80.1733
    1561      80.2926
    1562      81.4739
    1563      88.7724
    1564      87.3247
    1565      85.3859
    1566      87.4436
    1567      90.0703
    1568      89.2398
    1569      86.3129
    1570      86.1306
    1571      81.5119
    1572      78.8284
    1573      77.3941
    1574      78.6842
    1575      81.3274
    1576      85.9552
    1577      80.6974
    1578      82.3875
    1579      78.9016
    1580      79.2748
    1581      80.0953
    1582      79.8385
    1583      79.2012
    1584      81.4684
    1585      82.7031
    1586      87.4742
    1587      83.9988
    1588      80.5688
    1589      82.7802
    1590      84.6744
    1591      83.8442
    1592      83.5750
    1593      83.7584
    1594      83.3819
    1595      81.5377
    1596      79.4609
    1597      78.0963
    1598      80.1881
    1599      77.6140
    1600      77.6695
    1601      80.2035
    1602      79.5030
    1603      84.3373
    1604      80.3026
    1605      78.4348
    1606      79.5488
    1607      75.5534
    1608      77.0484
    1609      82.3906
    1610      79.6593
    1611      78.5277
    1612      78.2564
    1613      77.5048
    1614      79.6593
    1615      77.2145
    1616      77.1038
    1617      82.3889
    1618      77.1950
    1619      77.5495
    1620      76.8907
    1621      75.9454
    1622      73.1777
    1623      72.3889
    1624      68.0759
    1625      71.2641
    1626      69.2790
    1627      71.4658
    1628      73.5700
    1629      73.6113
    1630      74.0003
    1631      72.7713
    1632      74.4371
    1633      73.0600
    1634      76.3179
    1635      76.6999
    1636      80.5549
    1637      79.8113
    1638      72.2190
    1639      70.9914
    1640      65.9761
    1641      68.0967
    1642      63.0325
    1643      66.9534
    1644      71.2976
    1645      74.2564
    1646      77.9618
    1647      81.8522
    1648      86.3538
    1649      84.3875
    1650      84.4309
    1651      84.2092
    1652      86.4131
    1653      82.5209
    1654      81.5730
    1655      81.3222
    1656      79.6739
    1657      78.7189
    1658      77.3768
    1659      77.4147
    1660      82.5774
    1661      84.3355
    1662      84.7838
    1663      82.7513
    1664      82.9278
    1665      82.8774
    1666      91.3717
    1667      91.4200
    1668      92.4653
    1669      90.6147
    1670      84.7773
    1671      84.6816
    1672      79.7988
    1673      77.9606
    1674      78.8215
    1675      73.1420
    1676      78.2464
    1677      80.8594
    1678      78.9803
    1679      77.8691
    1680      76.6944
    1681      80.2285
    1682      83.5367
    1683      83.9038
    1684      81.5177
    1685      79.9085
    1686      79.0117
    1687      83.0756
    1688      83.8295
    1689      83.6241
    1690      85.1365
    1691      84.3454
    1692      81.9867
    1693      80.0345
    1694      77.2026
    1695      78.5578
    1696      79.9026
    1697      79.7087
    1698      77.8599
    1699      81.5542
    1700      78.8974
    1701      79.1638
    1702      80.7443
    1703      86.4778
    1704      90.4458
    1705      92.4448
    1706      99.3364
    1707      99.6721
    1708      96.0611
    1709      93.4690
    1710      88.7750
    1711      88.9830
    1712      93.8919
    1713      94.5388
    1714      97.7322
    1715      94.8461
    1716      92.8705
    1717      98.0053
    1718      99.6706
    1719     101.7258
    1720     103.4589
    1721     105.1581
    1722     102.2381
    1723     103.9402
    1724     101.4539
    1725     101.1572
    1726     102.1590
    1727     104.7885
    1728     105.3706
    1729     106.5687
    1730     107.4930
    1731     103.1443
    1732     102.4762
    1733     102.3807
    1734     104.1623
    1735     104.8148
    1736     105.8501
    1737     106.1573
    1738     106.8606
    1739     103.7181
    1740     105.3993
    1741     100.6542
    1742     102.4125
    1743      95.3072
    1744      97.3838
    1745      94.9130
    1746     100.1837
    1747     101.5330
    1748     100.2296
    1749     101.6971
    1750     102.3402
    1751     102.9033
    1752     101.2463
    1753     102.2255
    1754      99.5289
    1755      99.8168
    1756     103.6445
    1757     101.0727
    1758     100.1700
    1759     101.8427
    1760     100.9035
    1761     105.1789
    1762     108.8219
    1763     108.6568
    1764     105.5858
    1765     105.9156
    1766     105.7165
    1767     104.6227
    1768     103.6763
    1769     106.3023
    1770     103.6236
    1771     106.0624
    1772     104.0332
    1773     102.5073
    1774     104.1510
    1775      99.9832
    1776     103.5688
    1777     105.1327
    1778     102.6484
    1779     102.4927
    1780     103.6184
    1781     102.2663
    1782     102.5839
    1783     103.7501
    1784     101.1691
    1785     102.8913
    1786     100.8989
    1787      98.8936
    1788     103.3413
    1789     100.3385
    1790     102.5483
    1791     100.6853
    1792     100.0302
    1793      97.9934
    1794     104.6348
    1795     105.1878
    1796     102.8485
    1797     100.7044
    1798     101.3577
    1799     100.5577
    1800      99.6444
    1801     103.9253
    1802     103.5993
    1803     107.4816
    1804     105.9448
    1805     108.2338
    1806     108.2329
    1807     108.6136
    1808     109.9080
    1809     107.7758
    1810     108.3542
    1811     110.6557
    1812     109.2698
    1813     109.8518
    1814     111.2841
    1815     106.6880
    1816     106.3332
    1817     106.9220
    1818     107.2711
    1819     107.9398
    1820     111.8368
    1821     107.9773
    1822     105.7167
    1823     105.8160
    1824     102.9844
    1825     110.6853
    1826     110.3329
    1827     109.7732
    1828     108.8582
    1829     111.3762
    1830     109.8567
    1831     108.3504
    1832     110.1803
    1833     112.7095
    1834     111.1426
    1835     112.6051
    1836     110.1775
    1837     109.7220
    1838     107.5318
    1839     110.0103
    1840     109.9215
    1841     112.1882
    1842     110.4100
    1843     109.5155
    1844     107.2736
    1845     106.9981
    1846     101.8283
    1847     101.7267
    1848     102.5832
    1849     104.1501
    1850     107.9149
    1851     105.8214
    1852     105.5358
    1853     103.4446
    1854     103.7814
    1855      97.8885
    1856      97.6953
    1857     102.1230
    1858     101.9985
    1859     101.7515
    1860     101.0871
    1861      97.9071
    1862      98.8130
    1863      94.5404
    1864      94.5437
    1865      94.2589
    1866      91.9197
    1867      96.0205
    1868     100.6210
    1869     102.4584
    1870     100.3600
    1871      96.9215
    1872      96.8149
    1873      92.2487
    1874      91.7426
    1875      89.4230
    1876      89.6202
    1877      81.4548
    1878      85.6734
    1879      85.1192
    1880      85.7302
    1881      86.7146
    1882      89.2396
    1883      90.3981
    1884      84.1796
    1885      86.3647
    1886      89.1223
    1887      90.9284
    1888      89.2160
    1889      92.8781
    1890      95.4287
    1891      94.4592
    1892      87.8656
    1893      90.1783
    1894      92.1594
    1895      91.9495
    1896      93.7029
    1897      94.3893
    1898      90.2483
    1899      90.5582
    1900      90.6128
    1901      93.7765
    1902      92.1294
    1903      87.4760
    1904      87.9704
    1905      87.2529
    1906      92.2689
    1907      94.0657
    1908      99.1568
    1909      95.9266
    1910      92.5716
    1911      92.8156
    1912      92.7031
    1913      91.4107
    1914      88.6081
    1915      82.5558
    1916      78.7149
    1917      82.5436
    1918      81.2577
    1919      79.4039
    1920      72.1738
    1921      71.3867
    1922      68.4684
    1923      71.6051
    1924      71.7931
    1925      77.5993
    1926      74.8521
    1927      73.6594
    1928      74.8344
    1929      73.9656
    1930      76.0291
    1931      71.0330
    1932      71.4674
    1933      75.8601
    1934      77.5281
    1935      76.3796
    1936      79.8364
    1937      77.2154
    1938      79.4359
    1939      76.8976
    1940      82.7387
    1941      85.3583
    1942      87.8224
    1943      87.1354
    1944      83.1413
    1945      83.4994
    1946      89.4788
    1947      88.4626
    1948      86.5002
    1949      85.9114
    1950      84.5429
    1951      84.4455
    1952      84.8639
    1953      82.8691
    1954      81.3409
    1955      79.6491
    1956      78.9966
    1957      75.1965
    1958      79.8818
    1959      76.8948
    1960      76.7493
    1961      79.7868
    1962      81.2856
    1963      84.4994
    1964      85.8408
    1965      87.3953
    1966      84.4759
    1967      80.6947
    1968      79.7469
    1969      72.9889
    1970      70.8237
    1971      70.5492
    1972      72.6938
    1973      71.6341
    1974      71.3170
    1975      67.8114
    1976      69.7864
    1977      70.1675
    1978      69.2461
    1979      69.7421
    1980      73.6393
    1981      74.6572
    1982      75.9502
    1983      76.1868
    1984      77.3648
    1985      76.9751
    1986      73.6760
    1987      74.8733
    1988      76.3842
    1989      73.1691
    1990      72.8116
    1991      72.4976
    1992      70.2002
    1993      72.8559
    1994      76.3401
    1995      78.1493
    1996      78.4103
    1997      86.4181
    1998      84.0327
    1999      85.6643
    2000      92.4832
    2001      59.2766
    2002      56.1775
    2003      55.2057
    2004      51.2777
    2005      51.1777
    2006      53.8669
    2007      59.8916
    2008      58.4758
    2009      59.3443
    2010      59.2061
    2011      62.9704
    2012      66.6895
    2013      65.5504
    2014      63.1416
    2015      62.6216
    2016      58.2215
    2017      57.7586
    2018      57.8506
    2019      59.7319
    2020      61.8898
    2021      64.0195
    2022      62.6018
    2023      63.8335
    2024      66.8772
    2025      70.0929
    2026      71.7035
    2027      75.4535
    2028      70.7764
    2029      67.4876
    2030      63.7064
    2031      68.5931
    2032      63.9452
    2033      64.8408
    2034      65.9570
    2035      62.8368
    2036      64.0721
    2037      65.5249
    2038      66.6193
    2039      60.4114
    2040      64.2795
    2041      66.7818
    2042      65.6678
    2043      68.6587
    2044      72.5563
    2045      71.2237
    2046      68.8804
    2047      64.5464
    2048      58.0023
    2049      60.7277
    2050      62.2664
    2051      66.1970
    2052      61.8336
    2053      69.8232
    2054      67.7179
    2055      68.7912
    2056      62.6373
    2057      64.4877
    2058      61.0408
    2059      62.0992
    2060      61.8508
    2061      69.6631
    2062      68.8596
    2063      70.0613
    2064      74.2025
    2065      77.9111
    2066      77.3689
    2067      83.1327
    2068      82.0140
    2069      84.7666
    2070      77.3124
    2071      76.3588
    2072      76.2804
    2073      78.9642
    2074      82.8217
    2075      84.6432
    2076      89.3304
    2077      92.1771
    2078      91.0115
    2079      91.4119
    2080      87.4607
    2081      90.6874
    2082      93.8736
    2083      91.6465
    2084      91.5870
    2085      91.4759
    2086      87.6558
    2087      90.9400
    2088      94.8002
    2089      95.3037
    2090      98.2100
    2091      93.8659
    2092      95.3783
    2093      93.8897
    2094      96.7902
    2095      98.6572
    2096      95.9461
    2097      95.6094
    2098      95.6285
    2099      98.0197
    2100      94.5647
    2101      91.8423
    2102      91.2407
    2103      89.9423
    2104      93.9707
    2105      89.6781
    2106      91.2120
    2107      90.1970
    2108      92.2409
    2109      85.0706
    2110      86.2860
    2111      80.6967
    2112      84.3037
    2113      85.7190
    2114      81.5661
    2115      79.8297
    2116      82.8219
    2117      78.3327
    2118      81.1801
    2119      82.9553
    2120      85.3592
    2121      90.0802
    2122      91.7640
    2123      94.1994
    2124      94.7611
    2125      96.7125
    2126      92.0987
    2127      93.4228
    2128      93.1825
    2129      97.4455
    2130      90.6796
    2131      93.0745
    2132      87.5019
    2133      86.7154
    2134      84.6318
    2135      86.0295
    2136      88.6845
    2137      85.4504
    2138      85.2770
    2139      88.5968
    2140      90.5241
    2141      92.0186
    2142      88.7679
    2143      86.3436
    2144      80.7554
    2145      79.4925
    2146      76.7346
    2147      75.9620
    2148      79.9178
    2149      78.5464
    2150      81.0472
    2151      83.6426
    2152      84.8077
    2153      82.3082
    2154      76.9805
    2155      77.9566
    2156      79.0682
    2157      83.5761
    2158      83.2098
    2159      83.5568
    2160      81.4111
    2161      80.7868
    2162      82.8863
    2163      81.5866
    2164      77.2162
    2165      75.1537
    2166      82.0431
    2167      82.5004
    2168      84.5640
    2169      80.9013
    2170      80.7001
    2171      77.8636
    2172      83.9362
    2173      85.3516
    2174      79.7828
    2175      78.8736
    2176      74.5206
    2177      78.5225
    2178      80.6009
    2179      83.3471
    2180      82.7736
    2181      84.8421
    2182      79.9885
    2183      82.0849
    2184      82.5856
    2185      79.3665
    2186      83.1194
    2187      83.1710
    2188      82.6592
    2189      82.4560
    2190      82.5028
    2191      79.8414
    2192      81.7701
    2193      79.2657
    2194      76.9552
    2195      73.7484
    2196      74.7361
    2197      74.7157
    2198      75.7594
    2199      77.3167
    2200      76.6872
    2201      77.2211
    2202      74.5861
    2203      73.2102
    2204      74.5987
    2205      75.0256
    2206      74.2616
    2207      75.1747
    2208      74.8790
    2209      74.5582
    2210      66.8222
    2211      69.1588
    2212      71.3480
    2213      69.5929
    2214      65.9204
    2215      62.6250
    2216      67.2632
    2217      70.4416
    2218      68.6947
    2219      72.6711
    2220      73.3841
    2221      69.5263
    2222      70.1890
    2223      71.1147
    2224      74.7151
    2225      69.9104
    2226      69.2721
    2227      65.0744
    2228      62.8026
    2229      62.9110
    2230      58.9256
    2231      64.0747
    2232      60.6757
    2233      63.9641
    2234      70.6126
    2235      67.2925
    2236      66.5449
    2237      65.0480
    2238      69.2086
    2239      65.1825
    2240      70.4418
    2241      65.4143
    2242      66.3097
    2243      68.6881
    2244      70.7979
    2245      71.1444
    2246      75.0079
    2247      73.4783
    2248      68.2329
    2249      67.5115
    2250      60.9327
    2251      64.8533
    2252      56.5247
    2253      58.9324
    2254      59.2279
    2255      55.8335
    2256      56.1499
    2257      53.3688
    2258      58.2424
    2259      56.0148
    2260      54.9423
    2261      51.6468
    2262      50.6618
    2263      53.7511
    2264      56.7046
    2265      53.2711
    2266      55.8687
    2267      58.5462
    2268      59.3976
    2269      58.7428
    2270      63.1178
    2271      60.4786
    2272      62.9256
    2273      61.0983
    2274      54.4734
    2275      56.3513
    2276      59.4468
    2277      60.2944
    2278      58.8909
    2279      58.7353
    2280      57.5420
    2281      59.7231
    2282      58.5804
    2283      60.2031
    2284      63.4314
    2285      56.9607
    2286      57.4448
    2287      57.1311
    2288      59.2057
    2289      60.0551
    2290      61.5829
    2291      57.5162
    2292      57.9178
    2293      55.4087
    2294      53.5770
    2295      53.6327
    2296      54.7601
    2297      55.7119
    2298      57.1595
    2299      53.4499
    2300      56.8948
    2301      56.5127
    2302      55.3280
    2303      51.1411
    2304      55.4103
    2305      55.0578
    2306      57.8953
    2307      58.7404
    2308      63.0207
    2309      63.0899
    2310      62.5619
    2311      61.1212
    2312      64.5467
    2313      61.5890
    2314      62.6122
    2315      63.4101
    2316      66.8189
    2317      63.8284
    2318      68.0198
    2319      64.5220
    2320      59.8615
    2321      64.8203
    2322      60.5741
    2323      63.4093
    2324      63.2794
    2325      61.4373
    2326      64.9950
    2327      64.6324
    2328      70.0908
    2329      70.6229
    2330      73.2391
    2331      72.1642
    2332      75.0037
    2333      70.9291
    2334      70.1658
    2335      73.1516
    2336      66.6613
    2337      66.3160
    2338      61.0403
    2339      60.0913
    2340      63.0235
    2341      62.4222
    2342      58.8716
    2343      58.7404
    2344      55.5434
    2345      54.4366
    2346      54.6503
    2347      60.3723
    2348      62.5450
    2349      64.2880
    2350      65.5521
    2351      66.5564
    2352      68.1352
    2353      67.5524
    2354      67.9200
    2355      66.6690
    2356      66.9740
    2357      68.5035
    2358      63.7567
    2359      60.8377
    2360      60.9421
    2361      55.7582
    2362      55.1948
    2363      55.6122
    2364      51.6028
    2365      51.1843
    2366      50.4127
    2367      54.6525
    2368      49.8871
    2369      50.1368
    2370      52.3386
    2371      52.5844
    2372      57.0698
    2373      57.6021
    2374      59.8457
    2375      57.7911
    2376      55.0576
    2377      57.1224
    2378      55.1383
    2379      55.1318
    2380      57.4273
    2381      61.6308
    2382      56.8492
    2383      54.4189
    2384      54.8517
    2385      59.5740
    2386      61.8931
    2387      60.0487
    2388      60.3087
    2389      59.7945
    2390      61.7270
    2391      58.2401
    2392      61.4489
    2393      60.8685
    2394      66.4369
    2395      61.1750
    2396      59.6279
    2397      60.5848
    2398      60.9262
    2399      58.7783
    2400      58.0172
    2401      58.3467
    2402      56.1798
    2403      55.0437
    2404      57.3102
    2405      57.8694
    2406      57.6738
    2407      57.0898
    2408      55.1642
    2409      56.3705
    2410      58.7119
    2411      63.4354
    2412      64.0077
    2413      66.2614
    2414      70.0086
    2415      64.6408
    2416      64.4690
    2417      64.6612
    2418      65.0103
    2419      58.9094
    2420      56.3393
    2421      59.3989
    2422      61.4700
    2423      62.1557
    2424      69.0798
    2425      67.9741
    2426      66.9759
    2427      64.1235
    2428      60.6300
    2429      59.3448
    2430      59.3985
    2431      58.6863
    2432      63.2241
    2433      66.9247
    2434      65.9824
    2435      65.1588
    2436      66.2547
    2437      66.3191
    2438      61.8902
    2439      57.7910
    2440      58.3101
    2441      57.8794
    2442      59.2459
    2443      57.5629
    2444      57.6197
    2445      57.8162
    2446      56.4230
    2447      59.1838
    2448      65.4956
    2449      60.8978
    2450      60.8945
    2451      62.2868
    2452      58.6494
    2453      61.6632
    2454      59.3164
    2455      61.3961
    2456      57.0823
    2457      60.8090
    2458      58.8964
    2459      58.3253
    2460      57.9065
    2461      56.1723
    2462      53.2821
    2463      54.2816
    2464      54.4308
    2465      55.5535
    2466      56.1585
    2467      56.6358
    2468      51.4379
    2469      53.5715
    2470      56.7401
    2471      59.2953
    2472      58.2314
    2473      57.8475
    2474      56.9192
    2475      54.5462
    2476      59.2330
    2477      59.3670
    2478      60.9184
    2479      59.1731
    2480      59.2318
    2481      59.4685
    2482      58.3408
    2483      59.2149
    2484      56.9516
    2485      60.7585
    2486      63.4622
    2487      59.3007
    2488      62.3499
    2489      65.8634
    2490      71.9975
    2491      69.0855
    2492      69.6427
    2493      64.3372
    2494      70.5190
    2495      74.5925
    2496      73.8007
    2497      76.1403
    2498      70.5490
    2499      70.9589
    2500      72.0320
    2501      67.4987
    2502      67.8124
    2503      69.1040
    2504      68.8656
    2505      65.5791
    2506      64.0171
    2507      64.8487
    2508      65.8607
    2509      61.8976
    2510      64.2426
    2511      65.7151
    2512      62.9661
    2513      63.0981
    2514      61.4900
    2515      65.4136
    2516      66.1592
    2517      69.3946
    2518      63.4853
    2519      64.8734
    2520      66.1381
    2521      67.8965
    2522      63.4840
    2523      61.0495
    2524      59.2931
    2525      59.2984
    2526      57.7137
    2527      64.9476
    2528      62.7069
    2529      59.1241
    2530      64.5923
    2531      61.1964
    2532      64.2619
    2533      63.9431
    2534      58.2708
    2535      65.3668
    2536      66.1257
    2537      67.7562
    2538      71.9636
    2539      70.7673
    2540      67.5564
    2541      68.3725
    2542      62.2992
    2543      61.9186
    2544      55.6127
    2545      56.5322
    2546      56.9358
    2547      57.9307
    2548      62.4861
    2549      60.5451
    2550      60.2859
    2551      60.5070
    2552      59.1229
    2553      56.5366
    2554      59.9006
    2555      57.4139
    2556      57.0493
    2557      55.0192
    2558      56.2682
    2559      62.0974
    2560      58.4907
    2561      55.2598
    2562      53.0846
    2563      52.3274
    2564      53.5526
    2565      51.7006
    2566      53.1283
    2567      52.2712
    2568      52.6355
    2569      52.7552
    2570      52.1884
    2571      56.3161
    2572      52.9130
    2573      53.2686
    2574      56.9433
    2575      53.2917
    2576      52.0789
    2577      54.6668
    2578      52.5173
    2579      55.0160
    2580      52.7921
    2581      57.9731
    2582      56.8524
    2583      62.4715
    2584      62.8715
    2585      59.6287
    2586      59.3826
    2587      58.8375
    2588      56.5303
    2589      56.8687
    2590      57.4762
    2591      59.9583
    2592      60.1491
    2593      58.1877
    2594      65.7740
    2595      58.0378
    2596      57.3139
    2597      55.3867
    2598      55.0467
    2599      58.7289
    2600      58.0840
    2601      55.1888
    2602      50.8663
    2603      53.7119
    2604      53.1845
    2605      56.5428
    2606      56.8111
    2607      58.0491
    2608      55.0690
    2609      55.1561
    2610      56.8820
    2611      51.7826
    2612      53.4911
    2613      53.2420
    2614      54.4610
    2615      56.2819
    2616      55.9602
    2617      58.3283
    2618      56.5949
    2619      57.4463
    2620      56.0162
    2621      56.9038
    2622      57.5176
    2623      56.7589
    2624      61.7443
    2625      61.3061
    2626      57.3306
    2627      59.4138
    2628      57.0254
    2629      57.4306
    2630      57.3639
    2631      57.0587
    2632      58.4515
    2633      60.4038
    2634      58.0504
    2635      61.6892
    2636      63.0727
    2637      67.1032
    2638      65.7378
    2639      62.4200
    2640      59.6793
    2641      59.0860
    2642      59.4353
    2643      62.0180
    2644      57.5692
    2645      60.2890
    2646      60.9866
    2647      60.0375
    2648      59.5362
    2649      57.5712
    2650      56.0048
    2651      52.7032
    2652      58.1482
    2653      57.7205
    2654      62.4090
    2655      57.4290
    2656      58.1069
    2657      56.7142
    2658      58.5064
    2659      53.4916
    2660      58.1992
    2661      55.3888
    2662      52.9242
    2663      51.6061
    2664      53.6868
    2665      57.7235
    2666      54.4327
    2667      55.4163
    2668      57.9119
    2669      57.8458
    2670      60.8187
    2671      62.9300
    2672      58.7601
    2673      61.1814
    2674      60.9375
    2675      61.8278
    2676      61.0241
    2677      60.7362
    2678      59.5655
    2679      59.2387
    2680      56.4730
    2681      55.8984
    2682      57.4622
    2683      57.5532
    2684      53.6988
    2685      51.9183
    2686      53.4554
    2687      50.8537
    2688      55.4550
    2689      61.3666
    2690      60.8192
    2691      58.6180
    2692      59.3226
    2693      54.4804
    2694      53.0683
    2695      55.1632
    2696      53.0697
    2697      53.3548
    2698      54.8305
    2699      57.0824
    2700      56.4373
    2701      54.1857
    2702      51.0607
    2703      47.5972
    2704      48.8830
    2705      49.8174
    2706      53.6697
    2707      53.6131
    2708      56.8453
    2709      58.3842
    2710      52.6265
    2711      56.2389
    2712      52.3450
    2713      51.8377
    2714      53.0928
    2715      57.6599
    2716      58.2316
    2717      52.5414
    2718      52.5928
    2719      56.9015
    2720      59.3754
    2721      56.2112
    2722      56.7555
    2723      59.6530
    2724      55.1932
    2725      57.8524
    2726      61.7200
    2727      61.1109
    2728      60.5574
    2729      57.5414
    2730      56.8780
    2731      58.6608
    2732      62.2716
    2733      60.0239
    2734      62.4904
    2735      64.1814
    2736      66.7334
    2737      62.9839
    2738      62.0723
    2739      65.1935
    2740      66.5292
    2741      71.6231
    2742      67.8053
    2743      73.8973
    2744      71.8461
    2745      71.3396
    2746      71.7082
    2747      72.6888
    2748      72.6522
    2749      72.1349
    2750      71.3527
    2751      69.0406
    2752      66.5690
    2753      70.9080
    2754      71.8669
    2755      73.7821
    2756      78.3836
    2757      79.6596
    2758      77.1048
    2759      73.7598
    2760      75.5881
    2761      80.3767
    2762      78.1051
    2763      81.3931
    2764      81.1748
    2765      78.6421
    2766      77.5673
    2767      78.0774
    2768      77.6511
    2769      77.3372
    2770      75.5792
    2771      71.6134
    2772      72.3271
    2773      74.2834
    2774      68.1715
    2775      64.0996
    2776      61.8091
    2777      67.2161
    2778      67.7416
    2779      62.2027
    2780      61.8986
    2781      61.7367
    2782      64.6148
    2783      69.0478
    2784      67.7288
    2785      66.4777
    2786      64.4579
    2787      59.1024
    2788      57.3624
    2789      56.9253
    2790      53.2054
    2791      53.1337
    2792      52.2561
    2793      52.1587
    2794      52.2668
    2795      51.3641
    2796      55.6818
    2797      55.7346
    2798      57.1662
    2799      56.5564
    2800      63.7830
    2801      62.3704
    2802      64.2101
    2803      66.1698
    2804      66.9621
    2805      66.0699
    2806      66.2560
    2807      63.7403
    2808      60.0743
    2809      63.0943
    2810      60.7364
    2811      64.2377
    2812      63.7195
    2813      63.8053
    2814      63.4683
    2815      65.7631
    2816      63.6666
    2817      59.3737
    2818      54.4381
    2819      55.9854
    2820      57.5073
    2821      60.7520
    2822      57.9257
    2823      57.1018
    2824      60.9368
    2825      56.7478
    2826      60.2938
    2827      52.6098
    2828      53.1995
    2829      53.7148
    2830      58.3089
    2831      56.6744
    2832      55.6025
    2833      57.7291
    2834      57.9362
    2835      59.4904
    2836      59.3367
    2837      60.9095
    2838      60.0725
    2839      58.3217
    2840      59.2013
    2841      54.7326
    2842      52.1942
    2843      54.5587
    2844      57.0274
    2845      58.9947
    2846      57.5646
    2847      57.8913
    2848      63.5245
    2849      63.4725
    2850      67.4766
    2851      67.6953
    2852      65.8323
    2853      63.1167
    2854      55.9216
    2855      57.0276
    2856      57.3386
    2857      62.1469
    2858      61.8215
    2859      61.6273
    2860      60.9315
    2861      61.8071
    2862      64.6583
    2863      62.3332
    2864      62.2052
    2865      62.9085
    2866      57.4843
    2867      60.0937
    2868      58.8635
    2869      54.7658
    2870      59.6375
    2871      62.3155
    2872      64.5620
    2873      62.7611
    2874      60.0480
    2875      56.5030
    2876      54.7327
    2877      57.9523
    2878      59.5782
    2879      62.9281
    2880      66.1001
    2881      66.9089
    2882      64.9667
    2883      64.7804
    2884      62.6774
    2885      59.9462
    2886      59.2140
    2887      54.6651
    2888      52.0762
    2889      54.0782
    2890      54.5555
    2891      53.5713
    2892      55.7193
    2893      59.1761
    2894      57.5048
    2895      55.9308
    2896      60.5485
    2897      59.9685
    2898      58.9888
    2899      60.7044
    2900      66.5908
    2901      74.9100
    2902      72.8138
    2903      75.5026
    2904      73.6020
    2905      72.2552
    2906      75.1937
    2907      68.8740
    2908      67.4382
    2909      68.4392
    2910      72.8244
    2911      71.1393
    2912      74.0283
    2913      80.0352
    2914      73.4579
    2915      72.4606
    2916      69.8358
    2917      77.2310
    2918      80.6765
    2919      72.2444
    2920      73.3321
    2921      72.3028
    2922      69.1323
    2923      69.7223
    2924      73.1253
    2925      73.3886
    2926      70.3148
    2927      67.7912
    2928      71.6902
    2929      67.4379
    2930      70.5526
    2931      71.6774
    2932      69.1305
    2933      72.4603
    2934      71.6877
    2935      76.6516
    2936      82.9390
    2937      80.2927
    2938      79.5908
    2939      74.9688
    2940      76.1016
    2941      73.6830
    2942      73.7522
    2943      72.7553
    2944      70.2818
    2945      71.2622
    2946      75.2506
    2947      76.3978
    2948      78.1279
    2949      83.4360
    2950      80.2859
    2951      77.5411
    2952      80.6069
    2953      81.3114
    2954      78.4241
    2955      80.5171
    2956      80.2676
    2957      79.0581
    2958      77.4851
    2959      78.9225
    2960      79.2263
    2961      81.0421
    2962      74.4928
    2963      75.3933
    2964      75.2928
    2965      72.5974
    2966      71.7639
    2967      70.1992
    2968      70.7735
    2969      67.5674
    2970      71.4254
    2971      68.2809
    2972      70.9238
    2973      74.0011
    2974      75.9852
    2975      76.2957
    2976      76.6522
    2977      76.9842
    2978      70.3760
    2979      73.1178
    2980      74.1476
    2981      73.9394
    2982      73.1010
    2983      74.6654
    2984      75.3014
    2985      75.7246
    2986      74.8726
    2987      71.9597
    2988      70.3762
    2989      70.9398
    2990      76.3816
    2991      77.8929
    2992      77.9313
    2993      79.4903
    2994      79.0856
    2995      76.5569
    2996      72.2239
    2997      78.1526
    2998      76.8958
    2999      75.6435
    3000      73.8564
    3001      73.6974
    3002      77.2404
    3003      78.8747
    3004      77.4752
    3005      78.6760
    3006      77.8981
    3007      77.0936
    3008      79.7957
    3009      75.0640
    3010      75.4177
    3011      82.7099
    3012      79.3686
    3013      77.7821
    3014      74.9883
    3015      78.4228
    3016      84.1173
    3017      80.3245
    3018      84.5485
    3019      80.3965
    3020      76.1825
    3021      78.5781
    3022      82.6593
    3023      79.2413
    3024      81.0982
    3025      83.5594
    3026      81.3823
    3027      76.2822
    3028      76.2814
    3029      73.1761
    3030      68.6231
    3031      70.2726
    3032      69.2968
    3033      70.5817
    3034      71.5948
    3035      75.6963
    3036      74.8060
    3037      74.7555
    3038      73.9926
    3039      74.6929
    3040      73.7163
    3041      70.9980
    3042      70.3333
    3043      75.4347
    3044      75.9515
    3045      69.7794
    3046      73.0713
    3047      70.3332
    3048      72.8065
    3049      76.0679
    3050      77.7567
    3051      69.3539
    3052      70.7940
    3053      77.3729
    3054      77.9968
    3055      75.0879
    3056      76.2269
    3057      79.7896
    3058      72.9552
    3059      67.9399
    3060      63.3177
    3061      63.0716
    3062      65.3188
    3063      68.3029
    3064      66.1254
    3065      66.2835
    3066      65.0387
    3067      63.5335
    3068      64.0199
    3069      65.6241
    3070      64.6314
    3071      63.2922
    3072      61.3072
    3073      61.7888
    3074      63.0523
    3075      62.6553
    3076      63.0916
    3077      57.5070
    3078      59.2224
    3079      54.8020
    3080      54.3027
    3081      55.3881
    3082      55.6745
    3083      54.8485
    3084      57.3394
    3085      55.2129
    3086      56.2384
    3087      56.8185
    3088      50.3313
    3089      54.0886
    3090      55.5673
    3091      58.9264
    3092      60.8473
    3093      58.6999
    3094      58.0260
    3095      60.5622
    3096      57.0455
    3097      59.0958
    3098      58.1241
    3099      63.6894
    3100      63.7084
    3101      60.9683
    3102      62.9740
    3103      61.1208
    3104      63.9373
    3105      60.4636
    3106      58.1295
    3107      56.3253
    3108      58.4856
    3109      59.8094
    3110      59.7065
    3111      59.0219
    3112      60.5919
    3113      57.7396
    3114      60.4711
    3115      55.7969
    3116      56.8537
    3117      58.0759
    3118      62.0197
    3119      65.7399
    3120      67.8895
    3121      66.4314
    3122      68.0387
    3123      68.0321
    3124      67.5231
    3125      74.1826
    3126      73.5727
    3127      71.1120
    3128      70.1652
    3129      66.7374
    3130      67.9266
    3131      71.0964
    3132      77.2209
    3133      70.9267
    3134      72.5155
    3135      66.5669
    3136      72.4127
    3137      66.2240
    3138      67.6984
    3139      66.1370
    3140      69.8830
    3141      72.6181
    3142      68.4881
    3143      65.3946
    3144      62.7958
    3145      60.0385
    3146      57.7463
    3147      60.8659
    3148      62.9589
    3149      58.1726
    3150      61.8083
    3151      60.7715
    3152      59.3000
    3153      56.2871
    3154      57.8533
    3155      62.2856
    3156      63.4701
    3157      66.0119
    3158      64.9194
    3159      62.7205
    3160      58.8664
    3161      63.3590
    3162      61.1082
    3163      62.3249
    3164      65.4708
    3165      64.4820
    3166      63.7542
    3167      62.2611
    3168      59.8261
    3169      61.0941
    3170      57.1069
    3171      60.0892
    3172      57.3815
    3173      53.3622
    3174      56.0762
    3175      56.4481
    3176      56.4674
    3177      52.8760
    3178      53.1163
    3179      59.7053
    3180      60.7087
    3181      59.5838
    3182      58.7004
    3183      58.0622
    3184      53.2550
    3185      55.6619
    3186      56.5550
    3187      60.7741
    3188      64.2274
    3189      62.2312
    3190      60.6899
    3191      58.8052
    3192      59.4041
    3193      61.2078
    3194      67.6272
    3195      64.2637
    3196      68.1926
    3197      62.4773
    3198      69.3677
    3199      65.2084
    3200      63.2976
    3201      59.9563
    3202      65.3348
    3203      68.7569
    3204      70.7500
    3205      68.5863
    3206      65.1857
    3207      63.9092
    3208      65.5314
    3209      64.8856
    3210      64.1494
    3211      67.6571
    3212      61.0230
    3213      57.7807
    3214      53.8588
    3215      57.3929
    3216      56.9148
    3217      54.9536
    3218      54.3161
    3219      54.6846
    3220      52.0469
    3221      50.7261
    3222      48.5135
    3223      50.2194
    3224      47.4648
    3225      47.5439
    3226      49.4049
    3227      51.2531
    3228      56.8858
    3229      54.5450
    3230      52.1742
    3231      54.6872
    3232      56.7059
    3233      60.0303
    3234      59.7171
    3235      61.7182
    3236      62.5023
    3237      65.9762
    3238      65.9291
    3239      66.5577
    3240      66.9037
    3241      69.5903
    3242      62.6471
    3243      63.5774
    3244      62.2899
    3245      63.8959
    3246      61.5336
    3247      62.0890
    3248      65.6140
    3249      69.3575
    3250      64.1874
    3251      66.6708
    3252      62.6791
    3253      65.1536
    3254      67.3047
    3255      63.2363
    3256      63.8995
    3257      63.2547
    3258      61.9519
    3259      58.7276
    3260      59.4616
    3261      57.1270
    3262      55.8722
    3263      59.0885
    3264      59.6878
    3265      60.5958
    3266      61.3901
    3267      61.7679
    3268      65.7603
    3269      62.7512
    3270      62.5141
    3271      56.8949
    3272      54.0093
    3273      51.8961
    3274      53.4419
    3275      53.1461
    3276      50.9677
    3277      51.8066
    3278      48.0330
    3279      51.5376
    3280      48.8848
    3281      50.6231
    3282      55.1812
    3283      55.6139
    3284      49.9032
    3285      51.6575
    3286      53.7918
    3287      55.4129
    3288      56.8243
    3289      56.3886
    3290      55.8150
    3291      53.0708
    3292      60.6441
    3293      61.1695
    3294      64.0526
    3295      63.8803
    3296      64.2026
    3297      63.2936
    3298      65.3744
    3299      65.8262
    3300      64.3166
    3301      67.2634
    3302      67.1996
    3303      67.9031
    3304      67.6185
    3305      67.4079
    3306      64.0911
    3307      65.3895
    3308      63.7722
    3309      59.5697
    3310      59.7575
    3311      60.6691
    3312      61.3361
    3313      66.0408
    3314      64.6810
    3315      64.9305
    3316      63.1521
    3317      64.4971
    3318      65.1749
    3319      72.0135
    3320      71.0402
    3321      68.7805
    3322      67.7587
    3323      63.4300
    3324      63.5956
    3325      62.9892
    3326      65.7542
    3327      58.1184
    3328      55.0230
    3329      56.8091
    3330      60.7980
    3331      60.5629
    3332      64.5663
    3333      66.4151
    3334      65.7407
    3335      64.6975
    3336      64.4116
    3337      63.6655
    3338      66.1975
    3339      60.9063
    3340      63.5557
    3341      61.7622
    3342      62.2580
    3343      62.0761
    3344      61.3601
    3345      59.0310
    3346      69.4673
    3347      71.5591
    3348      70.9779
    3349      69.9414
    3350      69.0580
    3351      66.7170
    3352      67.0262
    3353      66.3916
    3354      65.8902
    3355      68.8558
    3356      65.1185
    3357      67.2108
    3358      65.8699
    3359      67.8900
    3360      64.4150
    3361      70.8153
    3362      71.6120
    3363      69.3739
    3364      70.7761
    3365      67.5866
    3366      75.9768
    3367      73.2897
    3368      71.9745
    3369      67.1259
    3370      63.3448
    3371      65.0060
    3372      62.0363
    3373      58.4099
    3374      56.8304
    3375      55.4756
    3376      52.4020
    3377      55.4474
    3378      57.0713
    3379      57.9610
    3380      59.4728
    3381      63.8295
    3382      62.0951
    3383      62.0033
    3384      62.9809
    3385      63.5815
    3386      64.0793
    3387      62.0098
    3388      63.3597
    3389      63.4499
    3390      62.2338
    3391      65.7223
    3392      67.5034
    3393      64.7967
    3394      65.4660
    3395      58.5604
    3396      60.0914
    3397      59.5629
    3398      59.4727
    3399      59.5675
    3400      59.8371
    3401      63.6482
    3402      63.0193
    3403      65.4288
    3404      63.9248
    3405      64.4471
    3406      60.9448
    3407      61.8011
    3408      65.1000
    3409      64.6463
    3410      69.0090
    3411      66.4711
    3412      67.2421
    3413      63.9696
    3414      64.4111
    3415      62.4768
    3416      60.2642
    3417      59.9339
    3418      64.7585
    3419      65.2857
    3420      64.2165
    3421      66.3266
    3422      66.2245
    3423      69.6077
    3424      67.5376
    3425      64.4498
    3426      68.1491
    3427      67.8158
    3428      66.4739
    3429      65.4913
    3430      60.2081
    3431      60.6353
    3432      58.7865
    3433      58.3280
    3434      58.2418
    3435      60.0575
    3436      62.6839
    3437      62.5030
    3438      60.9856
    3439      61.2759
    3440      66.9992
    3441      70.1607
    3442      70.3026
    3443      65.6776
    3444      62.0806
    3445      60.8320
    3446      64.4620
    3447      64.0715
    3448      64.7928
    3449      65.1715
    3450      70.7002
    3451      70.5079
    3452      65.7989
    3453      67.7103
    3454      66.0835
    3455      64.2434
    3456      65.4624
    3457      67.7930
    3458      69.5435
    3459      73.0793
    3460      68.5346
    3461      71.8709
    3462      70.1722
    3463      70.1719
    3464      66.9367
    3465      63.1729
    3466      64.7620
    3467      61.4728
    3468      63.6826
    3469      63.9979
    3470      60.6116
    3471      60.4777
    3472      61.6359
    3473      63.3848
    3474      63.8789
    3475      64.4528
    3476      64.7211
    3477      66.9500
    3478      63.8394
    3479      68.7609
    3480      66.6734
    3481      60.3492
    3482      61.0024
    3483      59.5335
    3484      59.8500
    3485      52.4490
    3486      55.2380
    3487      55.1190
    3488      55.6804
    3489      55.5948
    3490      62.4559
    3491      69.4515
    3492      73.6146
    3493      72.6255
    3494      71.1712
    3495      72.0666
    3496      72.7987
    3497      73.2271
    3498      76.8710
    3499      74.0154
    3500      77.0651
    3501      75.3300
    3502      78.1378
    3503      79.5076
    3504      81.8510
    3505      81.5735
    3506      79.2585
    3507      80.0293
    3508      78.9126
    3509      79.3999
    3510      79.7258
    3511      77.1410
    3512      72.7939
    3513      78.9328
    3514      79.4524
    3515      80.6142
    3516      77.3258
    3517      74.7715
    3518      77.3085
    3519      79.7608
    3520      78.2550
    3521      78.4489
    3522      78.9737
    3523      79.1046
    3524      78.6982
    3525      75.2687
    3526      75.3617
    3527      77.3288
    3528      73.6036
    3529      71.7562
    3530      70.9021
    3531      73.3463
    3532      75.8853
    3533      70.9118
    3534      76.8204
    3535      72.2095
    3536      76.0596
    3537      74.4161
    3538      78.5750
    3539      80.3159
    3540      77.9199
    3541      78.1894
    3542      75.2752
    3543      74.8787
    3544      76.1349
    3545      77.5272
    3546      77.9455
    3547      80.0924
    3548      79.8740
    3549      76.4698
    3550      74.4319
    3551      76.0388
    3552      75.3109
    3553      75.6605
    3554      74.7037
    3555      68.5945
    3556      71.1933
    3557      71.4555
    3558      73.2894
    3559      69.6623
    3560      70.7932
    3561      74.7288
    3562      74.2269
    3563      75.3533
    3564      76.7644
    3565      81.3497
    3566      80.5537
    3567      79.5487
    3568      73.3353
    3569      78.4770
    3570      78.4392
    3571      79.2488
    3572      83.1422
    3573      82.1550
    3574      78.4901
    3575      79.2646
    3576      81.4784
    3577      77.5061
    3578      76.3220
    3579      77.5649
    3580      83.9913
    3581      78.1489
    3582      72.3381
    3583      78.5654
    3584      76.6528
    3585      77.7650
    3586      79.0272
    3587      85.3600
    3588      85.0075
    3589      85.1312
    3590      84.5580
    3591      88.1148
    3592      86.8925
    3593      88.1518
    3594      85.0975
    3595      85.7848
    3596      83.6225
    3597      79.1762
    3598      79.7557
    3599      79.3762
    3600      80.0459
    3601      77.6386
    3602      78.4020
    3603      85.3815
    3604      85.7691
    3605      79.7443
    3606      78.7887
    3607      72.8400
    3608      73.1844
    3609      72.9307
    3610      79.2351
    3611      78.6854
    3612      81.4148
    3613      79.2483
    3614      81.2813
    3615      78.8992
    3616      77.2737
    3617      76.7753
    3618      74.7957
    3619      75.1471
    3620      74.6229
    3621      73.1296
    3622      71.9202
    3623      74.4216
    3624      72.9314
    3625      78.1521
    3626      75.6700
    3627      72.3153
    3628      74.2312
    3629      74.3090
    3630      73.5578
    3631      76.0628
    3632      73.4119
    3633      77.0938
    3634      77.7949
    3635      80.9058
    3636      83.2314
    3637      79.1815
    3638      78.5522
    3639      77.4702
    3640      74.2962
    3641      75.5940
    3642      78.6174
    3643      79.4913
    3644      81.4798
    3645      77.6119
    3646      77.6550
    3647      76.9688
    3648      74.4485
    3649      74.7445
    3650      75.6312
    3651      82.3610
    3652      75.5377
    3653      73.0210
    3654      76.6583
    3655      73.5743
    3656      72.2389
    3657      71.5644
    3658      69.3233
    3659      71.4757
    3660      70.6410
    3661      70.1166
    3662      71.4361
    3663      76.1353
    3664      76.5057
    3665      74.0944
    3666      76.6059
    3667      76.0910
    3668      75.2975
    3669      69.3635
    3670      66.9466
    3671      65.7849
    3672      64.1006
    3673      63.8106
    3674      61.7146
    3675      58.7078
    3676      62.4871
    3677      64.8709
    3678      67.6785
    3679      73.0059
    3680      75.1892
    3681      78.0200
    3682      80.2234
    3683      74.4748
    3684      75.0611
    3685      77.0093
    3686      74.8861
    3687      72.0987
    3688      74.6578
    3689      72.6016
    3690      76.4782
    3691      78.3516
    3692      81.3458
    3693      81.4855
    3694      79.8105
    3695      78.8894
    3696      80.8915
    3697      80.1132
    3698      79.7986
    3699      79.5947
    3700      76.7828
    3701      76.8232
    3702      77.4164
    3703      77.7744
    3704      76.7289
    3705      74.1506
    3706      70.7288
    3707      75.6022
    3708      77.2072
    3709      71.0323
    3710      74.4629
    3711      77.7628
    3712      80.2538
    3713      84.7771
    3714      90.2942
    3715      86.8036
    3716      87.5148
    3717      86.3355
    3718      91.5955
    3719      92.6410
    3720      93.5778
    3721      97.4249
    3722      95.3421
    3723      93.5348
    3724      88.3376
    3725      82.0929
    3726      77.8965
    3727      78.1758
    3728      77.4487
    3729      74.8464
    3730      75.4780
    3731      74.6526
    3732      76.2338
    3733      77.7710
    3734      73.3224
    3735      71.3408
    3736      74.4818
    3737      76.0796
    3738      75.8158
    3739      76.6875
    3740      80.7909
    3741      81.5645
    3742      81.5783
    3743      85.3259
    3744      86.7976
    3745      87.2215
    3746      91.0436
    3747      88.0043
    3748      86.9020
    3749      85.8692
    3750      87.0769
    3751      87.8549
    3752      87.1950
    3753      90.5984
    3754      92.8491
    3755      95.5456
    3756      91.2993
    3757      87.8539
    3758      83.7550
    3759      83.2451
    3760      83.0934
    3761      84.7782
    3762      82.1010
    3763      83.2713
    3764      76.8481
    3765      75.2310
    3766      78.3318
    3767      78.9217
    3768      74.9289
    3769      79.0790
    3770      78.3932
    3771      79.5109
    3772      79.6804
    3773      81.9698
    3774      76.8817
    3775      78.0859
    3776      78.5168
    3777      81.4742
    3778      82.2765
    3779      82.4171
    3780      81.4415
    3781      79.7864
    3782      82.7853
    3783      78.7071
    3784      81.9473
    3785      80.1612
    3786      82.2335
    3787      78.3222
    3788      78.2272
    3789      81.6578
    3790      82.1485
    3791      80.3756
    3792      80.4900
    3793      73.7718
    3794      76.3801
    3795      70.9732
    3796      70.8969
    3797      71.3728
    3798      78.2839
    3799      80.1546
    3800      82.2413
    3801      81.5672
    3802      85.2938
    3803      85.2378
    3804      81.1020
    3805      87.0110
    3806      90.2613
    3807      89.5938
    3808      88.5967
    3809      84.6293
    3810      83.3309
    3811      87.8358
    3812      88.0183
    3813      89.3842
    3814      85.2615
    3815      85.9116
    3816      92.3971
    3817      89.7436
    3818      90.0878
    3819      93.6266
    3820      92.0451
    3821      94.9597
    3822      92.3339
    3823      89.8628
    3824      88.3917
    3825      85.7564
    3826      87.8523
    3827      81.7664
    3828      84.3484
    3829      78.7245
    3830      84.4035
    3831      87.1879
    3832      85.4048
    3833      90.6219
    3834      87.0061
    3835      86.5169
    3836      85.4364
    3837      84.6218
    3838      85.1148
    3839      87.9826
    3840      85.5928
    3841      84.3027
    3842      84.6926
    3843      86.1079
    3844      87.1950
    3845      85.2600
    3846      84.9289
    3847      85.5775
    3848      84.3758
    3849      78.4006
    3850      78.1531
    3851      79.9331
    3852      81.1645
    3853      79.4122
    3854      80.2470
    3855      75.6684
    3856      77.5595
    3857      82.1550
    3858      82.6388
    3859      85.2492
    3860      88.3185
    3861      84.4524
    3862      86.6581
    3863      87.0605
    3864      82.0322
    3865      77.8613
    3866      78.3213
    3867      79.1629
    3868      77.0382
    3869      76.0498
    3870      81.7883
    3871      83.0739
    3872      80.9055
    3873      87.8152
    3874      90.7396
    3875      87.6601
    3876      88.7901
    3877      87.8329
    3878      86.0858
    3879      86.3781
    3880      87.0339
    3881      90.7963
    3882      85.6017
    3883      84.5826
    3884      84.3963
    3885      86.6701
    3886      86.9530
    3887      91.6358
    3888      90.1208
    3889      91.7786
    3890      91.9116
    3891      92.2699
    3892      94.1370
    3893      91.9445
    3894      92.9550
    3895      96.4884
    3896      95.2462
    3897      95.4547
    3898      94.6920
    3899      95.7942
    3900      95.3082
    3901      91.5741
    3902      92.9930
    3903      88.2602
    3904      91.2324
    3905      89.1796
    3906      89.1256
    3907      89.3023
    3908      84.2746
    3909      84.1630
    3910      83.1324
    3911      80.5890
    3912      82.0133
    3913      87.3598
    3914      82.3024
    3915      80.4086
    3916      83.2317
    3917      81.0200
    3918      79.9552
    3919      76.8230
    3920      73.0310
    3921      70.4614
    3922      74.3321
    3923      76.8029
    3924      74.7480
    3925      75.4098
    3926      74.9414
    3927      72.7844
    3928      72.6848
    3929      67.7124
    3930      65.0752
    3931      69.0488
    3932      68.7436
    3933      70.2127
    3934      72.9125
    3935      76.9050
    3936      80.0720
    3937      79.8737
    3938      78.0105
    3939      75.0220
    3940      75.6978
    3941      73.6040
    3942      73.9892
    3943      75.4928
    3944      76.3006
    3945      73.9148
    3946      75.8197
    3947      74.3937
    3948      74.1450
    3949      74.3853
    3950      73.9572
    3951      69.8523
    3952      70.4963
    3953      71.5294
    3954      76.1858
    3955      80.5912
    3956      76.3868
    3957      76.5234
    3958      73.2915
    3959      70.3236
    3960      64.7204
    3961      62.9537
    3962      62.9476
    3963      63.9491
    3964      60.8596
    3965      64.9399
    3966      65.3819
    3967      60.5985
    3968      62.2730
    3969      66.5044
    3970      64.9304
    3971      67.5498
    3972      70.0445
    3973      74.0386
    3974      75.0156
    3975      76.8070
    3976      80.7423
    3977      75.8321
    3978      78.1133
    3979      76.1369
    3980      73.4497
    3981      71.9397
    3982      70.9640
    3983      72.3566
    3984      77.5091
    3985      78.9192
    3986      76.2559
    3987      73.6509
    3988      65.6372
    3989      66.3181
    3990      69.1480
    3991      70.8843
    3992      69.9483
    3993      67.5869
    3994      66.3364
    3995      61.0231
    3996      65.1422
    3997      62.7826
    3998      69.3748
    3999      63.9219
    4000      66.5300
    4001     118.9724
    4002     119.3696
    4003     119.0683
    4004     119.5401
    4005     120.1766
    4006     122.7489
    4007     121.1908
    4008     117.4593
    4009     116.7916
    4010     115.4326
    4011     119.7854
    4012     123.6246
    4013     125.1401
    4014     120.7385
    4015     118.6657
    4016     116.3411
    4017     119.3419
    4018     117.2366
    4019     119.5001
    4020     117.3013
    4021     117.2656
    4022     116.0216
    4023     116.3413
    4024     117.8171
    4025     112.4725
    4026     113.7432
    4027     115.1849
    4028     113.6813
    4029     110.8011
    4030     109.1199
    4031     108.2312
    4032     110.2197
    4033     112.2637
    4034     109.9560
    4035     105.2689
    4036     105.9631
    4037     102.6020
    4038     103.2728
    4039     105.7043
    4040     104.8115
    4041     108.5503
    4042     106.0250
    4043     101.7667
    4044     105.0354
    4045     107.4747
    4046     110.8727
    4047     109.9988
    4048     110.2868
    4049     111.1847
    4050     106.2345
    4051     102.2310
    4052     104.3544
    4053     103.5031
    4054     104.5242
    4055     106.6934
    4056     108.4102
    4057     110.1083
    4058     110.7063
    4059     106.9860
    4060     108.7796
    4061     103.2840
    4062     105.0394
    4063     105.0347
    4064     106.0309
    4065     102.3213
    4066     104.2217
    4067     100.9315
    4068      98.7825
    4069      97.3718
    4070      97.1077
    4071      96.6115
    4072      96.3350
    4073      96.3387
    4074      94.8817
    4075      94.5574
    4076      90.9405
    4077      91.1826
    4078      92.0915
    4079      94.3641
    4080      92.2914
    4081      92.6814
    4082      93.7190
    4083      97.7337
    4084      99.6272
    4085      98.9555
    4086      99.0863
    4087     100.8801
    4088     103.7683
    4089     100.1652
    4090      99.5519
    4091      98.3723
    4092      95.6500
    4093      92.2510
    4094      94.9949
    4095      99.3426
    4096      98.0286
    4097      98.7958
    4098      97.2189
    4099      93.9719
    4100      91.2732
    4101      92.4075
    4102      92.0588
    4103      91.8104
    4104      92.4753
    4105      94.1223
    4106      91.7915
    4107      94.7736
    4108      95.6822
    4109      90.2173
    4110      94.8912
    4111      94.6871
    4112      97.8148
    4113     102.9395
    4114     109.1404
    4115     106.1955
    4116     104.9746
    4117     103.1214
    4118     106.4599
    4119     104.3280
    4120     104.0402
    4121      99.3209
    4122     100.9052
    4123     101.1940
    4124     104.7480
    4125     104.8952
    4126     109.8253
    4127     106.4771
    4128     108.7691
    4129     103.9904
    4130     105.6453
    4131     105.4613
    4132     104.3804
    4133     101.1412
    4134     102.2769
    4135     103.9857
    4136     109.2674
    4137     110.9473
    4138     110.5126
    4139     110.9677
    4140     107.6375
    4141     107.9674
    4142     104.8140
    4143     108.9692
    4144     102.5460
    4145     105.8023
    4146     106.1352
    4147     108.3558
    4148     106.2170
    4149     108.5059
    4150     108.7234
    4151     111.4483
    4152     108.8479
    4153     104.7980
    4154     105.9063
    4155     107.4432
    4156     108.2476
    4157     107.7937
    4158     112.6798
    4159     116.3333
    4160     116.1742
    4161     112.2951
    4162     116.3569
    4163     117.2892
    4164     114.6764
    4165     116.8851
    4166     112.8414
    4167     107.6630
    4168     108.4717
    4169     109.9897
    4170     112.5710
    4171     108.0704
    4172     108.2841
    4173     104.8387
    4174     107.5192
    4175     107.6378
    4176     103.9402
    4177     102.3804
    4178      98.2369
    4179      97.8240
    4180      95.3266
    4181      99.1680
    4182      93.8518
    4183      92.9791
    4184      93.1613
    4185      93.9094
    4186      94.4408
    4187      95.6114
    4188      91.8501
    4189      84.9514
    4190      87.1289
    4191      87.3545
    4192      85.6201
    4193      88.0535
    4194      84.0618
    4195      85.3378
    4196      80.5118
    4197      76.6101
    4198      84.3287
    4199      84.6206
    4200      88.1742
    4201      82.7418
    4202      82.0148
    4203      86.0379
    4204      91.7288
    4205      90.7560
    4206      84.9128
    4207      84.3309
    4208      88.3877
    4209      89.7382
    4210      92.2866
    4211      93.6067
    4212      92.3444
    4213      98.4182
    4214      99.2279
    4215     101.7040
    4216     107.9558
    4217     106.9847
    4218     105.2357
    4219     103.8735
    4220     102.0787
    4221     101.2199
    4222      92.6428
    4223      93.0481
    4224      92.3528
    4225      92.9096
    4226      97.4999
    4227      94.6658
    4228      86.2399
    4229      94.8772
    4230      98.1781
    4231      95.9743
    4232      98.9362
    4233      98.1369
    4234     100.8540
    4235     102.7687
    4236     109.0715
    4237     105.9032
    4238     106.4856
    4239     110.9540
    4240     109.8854
    4241     110.3814
    4242     108.7242
    4243     109.9873
    4244     106.3379
    4245     110.5133
    4246     111.6554
    4247     106.4300
    4248     109.5249
    4249     109.0156
    4250     105.8450
    4251     108.6528
    4252     108.6314
    4253     109.3431
    4254     111.0477
    4255     112.1750
    4256     111.6803
    4257     114.0083
    4258     109.5775
    4259     111.1338
    4260     112.5522
    4261     116.3106
    4262     119.0182
    4263     118.9951
    4264     117.6159
    4265     119.3581
    4266     119.6653
    4267     116.4370
    4268     118.7160
    4269     118.0182
    4270     112.0854
    4271     118.9691
    4272     116.8786
    4273     115.6552
    4274     113.4631
    4275     116.0161
    4276     115.3460
    4277     116.3075
    4278     117.4918
    4279     113.8542
    4280     109.5318
    4281     102.2358
    4282      99.4384
    4283     100.1837
    4284     102.2149
    4285     103.1223
    4286     105.0068
    4287     107.4845
    4288     109.2317
    4289     111.0502
    4290     106.4466
    4291     114.0402
    4292     112.4887
    4293     111.5541
    4294     111.2655
    4295     114.8293
    4296     113.2435
    4297     114.8274
    4298     113.4003
    4299     109.8492
    4300     106.9135
    4301     110.1995
    4302     107.6506
    4303     109.4929
    4304     105.8257
    4305     106.6192
    4306     108.4347
    4307     106.4239
    4308     109.8441
    4309     105.0422
    4310     105.6451
    4311     107.6207
    4312     107.9084
    4313     107.6909
    4314     106.4724
    4315     111.2883
    4316     109.9878
    4317     110.6568
    4318     108.0176
    4319     108.8819
    4320     111.1643
    4321     111.4266
    4322     113.0574
    4323     110.1464
    4324     108.1982
    4325     109.8052
    4326     107.9323
    4327     106.3238
    4328     107.0639
    4329     106.7035
    4330     103.9702
    4331     101.7635
    4332     105.3289
    4333      98.6551
    4334     104.9934
    4335     108.3607
    4336     107.8571
    4337     107.0094
    4338     104.2265
    4339     100.9177
    4340      98.5935
    4341      96.1132
    4342      99.0975
    4343      98.9577
    4344      97.9518
    4345      94.1380
    4346      93.4645
    4347      89.6767
    4348      91.7155
    4349      93.6504
    4350      93.6489
    4351      93.5491
    4352      94.1016
    4353      92.3408
    4354      97.8718
    4355     101.9961
    4356     101.1117
    4357     105.9289
    4358     103.2861
    4359     105.9959
    4360     107.7962
    4361     101.6796
    4362     102.5632
    4363     104.6841
    4364     109.3448
    4365     109.1358
    4366     107.2766
    4367     103.4619
    4368     107.0022
    4369     106.8060
    4370     108.4549
    4371     113.5937
    4372     112.9940
    4373     110.9261
    4374     111.0407
    4375     109.6217
    4376     104.0360
    4377     105.5494
    4378     100.9685
    4379     100.8361
    4380      97.2762
    4381      99.2392
    4382     102.5641
    4383      99.4865
    4384      99.8367
    4385     100.3269
    4386      97.0974
    4387      97.4865
    4388      94.2432
    4389      97.1111
    4390      95.6726
    4391      98.2757
    4392      99.6913
    4393     101.8825
    4394      99.9883
    4395     101.0011
    4396      97.8555
    4397      96.8084
    4398      98.4103
    4399      99.5877
    4400     101.5828
    4401     101.1893
    4402      97.1830
    4403      93.9868
    4404      93.7877
    4405      98.0684
    4406      98.2099
    4407      97.8940
    4408     101.2040
    4409      99.6458
    4410      99.0285
    4411      92.7472
    4412      97.0599
    4413     100.3470
    4414      96.9574
    4415     100.8437
    4416     101.5351
    4417     101.5829
    4418     100.4728
    4419     101.3189
    4420     102.6062
    4421     100.0479
    4422      99.1652
    4423     100.6964
    4424     103.0558
    4425     107.0149
    4426     106.4327
    4427     105.3764
    4428     102.4470
    4429     102.2785
    4430     102.5181
    4431     105.5956
    4432     104.6703
    4433     105.6201
    4434     107.5154
    4435     108.3365
    4436     110.0643
    4437     108.9695
    4438     107.0096
    4439     103.0147
    4440     103.2837
    4441     100.7465
    4442      98.0489
    4443     103.5985
    4444     107.1038
    4445     104.4137
    4446     102.6449
    4447     101.5183
    4448     100.0896
    4449      99.4210
    4450      98.3297
    4451     101.8599
    4452     101.3901
    4453     101.8855
    4454      94.9440
    4455      90.0243
    4456      89.0929
    4457      88.4106
    4458      93.5504
    4459      95.6374
    4460      96.8300
    4461      99.2835
    4462      96.4327
    4463      95.2729
    4464      95.5940
    4465     100.1642
    4466     102.0287
    4467      97.5218
    4468      94.4385
    4469      93.2294
    4470      95.5910
    4471      97.1944
    4472      98.2952
    4473      99.1327
    4474      96.8510
    4475     101.4564
    4476     102.1591
    4477     101.5301
    4478     102.0624
    4479     101.4078
    4480      96.4895
    4481     101.5793
    4482      99.7898
    4483     100.1140
    4484      98.6664
    4485      98.6742
    4486     100.0585
    4487     106.3507
    4488     100.8003
    4489      96.1259
    4490     101.5283
    4491     105.5043
    4492     103.5704
    4493     104.1868
    4494     104.1047
    4495     103.4867
    4496     101.0730
    4497      95.4284
    4498      92.6842
    4499      92.6234
    4500      90.7531
    4501      88.7213
    4502      89.9333
    4503      91.2929
    4504      90.8138
    4505      94.5817
    4506      93.2213
    4507      88.4267
    4508      89.3891
    4509      92.7614
    4510      92.9865
    4511      97.6979
    4512      93.2424
    4513      94.1793
    4514      92.9707
    4515      95.8189
    4516      92.0087
    4517      88.5447
    4518      86.5855
    4519      87.0570
    4520      90.7284
    4521      90.4441
    4522      92.6942
    4523      90.9683
    4524      92.1369
    4525      89.9198
    4526      88.6931
    4527      87.9444
    4528      90.2331
    4529      95.8235
    4530      96.2523
    4531      95.5282
    4532      96.1239
    4533      96.2813
    4534      96.4662
    4535      98.4798
    4536      95.7268
    4537      93.2907
    4538      96.8058
    4539      98.5998
    4540     102.4978
    4541      99.9196
    4542     100.6874
    4543     103.2425
    4544      99.9933
    4545      98.8982
    4546      93.7187
    4547      99.7335
    4548     100.4972
    4549      98.6136
    4550      97.2322
    4551      97.6040
    4552      98.2126
    4553      98.0406
    4554      96.3237
    4555      96.4661
    4556      98.1453
    4557      97.8518
    4558      99.6328
    4559      98.9238
    4560     104.2841
    4561     104.1368
    4562     102.1990
    4563      98.8209
    4564     101.0519
    4565     104.8517
    4566     102.8788
    4567     103.3957
    4568      99.7295
    4569     101.2200
    4570     101.2756
    4571     104.8905
    4572     100.4471
    4573     100.8266
    4574     103.3111
    4575     106.5086
    4576     107.8554
    4577     105.0414
    4578     101.0812
    4579     102.5377
    4580      96.4977
    4581      98.5360
    4582      97.3405
    4583      92.1632
    4584      92.9577
    4585      97.0784
    4586      94.2897
    4587      91.2685
    4588      93.9181
    4589      92.9445
    4590      96.0204
    4591      96.0173
    4592      92.5339
    4593      89.0073
    4594      87.0599
    4595      85.5696
    4596      95.7463
    4597      99.5414
    4598      96.4600
    4599      92.2371
    4600      93.1000
    4601      97.8373
    4602     102.1189
    4603      99.5585
    4604     103.4120
    4605     100.9274
    4606      95.2170
    4607      96.0610
    4608      94.6695
    4609      94.9725
    4610      96.6281
    4611      92.0865
    4612      90.3497
    4613      93.4236
    4614      93.7274
    4615      99.0829
    4616     102.5523
    4617     104.2026
    4618     101.8048
    4619     101.2132
    4620     102.4913
    4621     101.1024
    4622      99.8441
    4623      99.7674
    4624     100.2475
    4625      96.5754
    4626      96.1589
    4627      95.4520
    4628     101.7003
    4629      99.8874
    4630      99.5865
    4631      99.1508
    4632      97.3321
    4633      99.4019
    4634      90.7051
    4635      92.4673
    4636      91.1811
    4637      85.4068
    4638      82.4584
    4639      80.2282
    4640      79.3375
    4641      79.7175
    4642      81.3003
    4643      78.9515
    4644      75.3533
    4645      74.5870
    4646      77.7622
    4647      78.1409
    4648      80.7334
    4649      78.6576
    4650      79.2371
    4651      80.8642
    4652      81.8952
    4653      80.3440
    4654      78.2398
    4655      80.3890
    4656      79.6495
    4657      82.5010
    4658      81.1189
    4659      79.8216
    4660      77.5777
    4661      74.4940
    4662      73.5471
    4663      69.4132
    4664      75.1511
    4665      76.8514
    4666      77.1949
    4667      78.9812
    4668      75.0584
    4669      78.1341
    4670      74.7232
    4671      74.0132
    4672      75.2418
    4673      74.6425
    4674      74.1713
    4675      80.3408
    4676      78.3591
    4677      78.9849
    4678      76.1839
    4679      79.6375
    4680      78.0153
    4681      80.0187
    4682      82.8775
    4683      82.2774
    4684      85.6576
    4685      89.1930
    4686      84.5705
    4687      87.0191
    4688      91.6413
    4689      91.4087
    4690      93.3862
    4691      92.8296
    4692      96.2149
    4693      90.1417
    4694      85.8975
    4695      88.0691
    4696      89.9600
    4697      89.9115
    4698      87.5560
    4699      88.3776
    4700      91.6513
    4701      93.1449
    4702      89.3227
    4703      94.6728
    4704      94.6292
    4705      96.1437
    4706      92.9225
    4707      94.2882
    4708      91.8120
    4709      91.5073
    4710      94.2041
    4711      94.9134
    4712      97.5985
    4713      93.4841
    4714      92.6177
    4715      93.9598
    4716      93.9760
    4717      94.8895
    4718      95.5603
    4719      98.6577
    4720      99.2554
    4721      98.1320
    4722     104.3630
    4723     102.2928
    4724     103.1562
    4725      99.7721
    4726     102.3756
    4727     103.8656
    4728     103.7729
    4729     108.2404
    4730     106.4058
    4731     108.0129
    4732     107.5246
    4733     107.6068
    4734     108.3737
    4735     107.9564
    4736     112.8627
    4737     110.1827
    4738     110.7418
    4739     113.5298
    4740     110.2146
    4741     113.6118
    4742     115.6851
    4743     117.4791
    4744     116.6017
    4745     115.9598
    4746     114.2856
    4747     114.8541
    4748     113.5706
    4749     113.6343
    4750     115.8070
    4751     114.2897
    4752     115.3220
    4753     115.7229
    4754     112.5577
    4755     105.9856
    4756     108.7641
    4757     109.4572
    4758     108.4745
    4759     105.5401
    4760     106.4097
    4761     105.9355
    4762     106.4312
    4763     107.1235
    4764     105.6699
    4765     105.6374
    4766     107.6267
    4767     107.5912
    4768     107.6984
    4769     111.4176
    4770     103.4529
    4771     102.6872
    4772     100.9506
    4773     102.2845
    4774     102.6353
    4775     108.5885
    4776     105.6154
    4777     107.0175
    4778     109.2755
    4779     110.7735
    4780     108.3155
    4781     107.1328
    4782     107.4379
    4783     107.3046
    4784     106.9751
    4785     104.6055
    4786     106.5257
    4787     105.3115
    4788     102.6766
    4789     102.8099
    4790     101.1999
    4791      99.6836
    4792     105.1189
    4793     103.3781
    4794     105.8660
    4795     111.5523
    4796     113.1949
    4797     108.1979
    4798     110.7739
    4799     109.7825
    4800     113.2911
    4801     110.4537
    4802     107.5722
    4803     112.8512
    4804     109.7972
    4805     109.6469
    4806     112.2345
    4807     113.8597
    4808     108.8026
    4809     110.6781
    4810     113.2269
    4811     111.8539
    4812     107.0710
    4813     110.9388
    4814     109.1412
    4815     109.7054
    4816     105.9371
    4817     108.9071
    4818     106.9714
    4819     108.5109
    4820     102.9121
    4821     102.1582
    4822     105.7187
    4823     102.4178
    4824     102.1031
    4825      99.6359
    4826     102.7536
    4827     107.7207
    4828     104.4335
    4829     105.5637
    4830     107.5877
    4831     105.8700
    4832     105.0208
    4833     105.5410
    4834      99.3866
    4835      96.0283
    4836      97.1671
    4837      95.1229
    4838     100.2875
    4839      97.5182
    4840     101.0679
    4841     102.0694
    4842     101.1120
    4843     100.1807
    4844      99.1704
    4845     105.8183
    4846     106.8910
    4847     106.5443
    4848     101.6255
    4849     107.0659
    4850     101.9982
    4851     102.6926
    4852     104.9917
    4853     104.7940
    4854     104.0952
    4855     109.0891
    4856     108.5984
    4857     109.7485
    4858     109.6095
    4859     110.4580
    4860     108.7129
    4861     110.1770
    4862     108.5421
    4863     112.1224
    4864     110.7767
    4865     109.3087
    4866     110.9909
    4867     109.2262
    4868     112.7843
    4869     108.9830
    4870     106.1554
    4871     108.4137
    4872     108.7369
    4873     109.0336
    4874     107.8278
    4875     110.4304
    4876     113.4085
    4877     113.0959
    4878     104.1990
    4879     108.6070
    4880     109.8454
    4881     107.2997
    4882     109.9614
    4883     107.6429
    4884     109.0567
    4885     107.9675
    4886     111.1386
    4887     110.4638
    4888     107.6022
    4889     107.8110
    4890     105.6469
    4891     110.0435
    4892     110.7939
    4893     116.9636
    4894     115.0430
    4895     116.9268
    4896     115.3728
    4897     115.3800
    4898     112.1685
    4899     110.4599
    4900     112.1503
    4901     110.1485
    4902     111.7199
    4903     106.3069
    4904     105.3251
    4905     105.4492
    4906     105.3375
    4907     107.3920
    4908     111.0262
    4909     109.2015
    4910     110.7768
    4911     115.6667
    4912     121.7444
    4913     123.4787
    4914     124.2228
    4915     125.2543
    4916     120.4767
    4917     120.8148
    4918     123.7865
    4919     122.4765
    4920     123.0207
    4921     121.9752
    4922     118.6860
    4923     118.4372
    4924     117.0523
    4925     117.2501
    4926     115.5559
    4927     115.9124
    4928     116.6967
    4929     112.1115
    4930     113.8899
    4931     117.2000
    4932     115.8235
    4933     117.6609
    4934     118.5859
    4935     116.3144
    4936     119.6679
    4937     120.2952
    4938     114.6021
    4939     112.9437
    4940     113.0175
    4941     111.6027
    4942     111.5049
    4943     111.5364
    4944     114.3856
    4945     112.1928
    4946     110.5039
    4947     113.1720
    4948     109.0054
    4949     115.7254
    4950     115.5229
    4951     113.5197
    4952     118.7322
    4953     115.6058
    4954     110.5496
    4955     103.7193
    4956     107.7667
    4957     111.3487
    4958     108.3399
    4959     110.7332
    4960     106.7042
    4961     109.4735
    4962     105.9467
    4963     107.2945
    4964     107.0015
    4965     106.6217
    4966     106.5224
    4967     105.2818
    4968     105.6529
    4969     105.7542
    4970     106.9195
    4971     111.4429
    4972     106.5982
    4973     106.8517
    4974     109.2109
    4975     105.3185
    4976     104.4608
    4977     105.2404
    4978     106.1018
    4979     103.0955
    4980     104.3314
    4981     102.5107
    4982      97.5668
    4983      98.5628
    4984      96.5516
    4985      89.1979
    4986      89.2703
    4987      90.1457
    4988      99.0933
    4989      99.2991
    4990     102.6859
    4991     100.0109
    4992      98.8336
    4993     103.5903
    4994     103.5029
    4995     101.8768
    4996     105.7735
    4997     100.4237
    4998     101.2748
    4999     100.3782
    5000      97.9300
    5001     102.8199
    5002     100.3311
    5003      98.5934
    5004      96.9723
    5005      97.2577
    5006     102.9301
    5007     105.8379
    5008     106.7463
    5009     104.1316
    5010     105.6526
    5011     105.4570
    5012     107.2061
    5013     109.2788
    5014     111.6741
    5015     106.6653
    5016     105.4511
    5017     103.1878
    5018     104.6442
    5019     106.4570
    5020     105.5584
    5021     105.1646
    5022     104.1565
    5023     106.7695
    5024     104.8551
    5025     109.3643
    5026     107.7719
    5027     109.7449
    5028     109.0624
    5029     109.9367
    5030     113.8211
    5031     111.7056
    5032     112.0050
    5033     108.6386
    5034     106.6809
    5035     105.6634
    5036      99.6320
    5037      99.0306
    5038      98.9776
    5039     101.5116
    5040     103.8383
    5041     105.1770
    5042     102.8229
    5043      99.3224
    5044      96.0886
    5045      99.9230
    5046      96.7374
    5047      97.8051
    5048      96.2825
    5049     101.6060
    5050     102.6683
    5051     102.4552
    5052     103.2717
    5053     105.1392
    5054     105.9531
    5055     105.1894
    5056     106.3234
    5057     111.8490
    5058     110.6497
    5059     108.9936
    5060     108.4688
    5061     109.0664
    5062     104.4811
    5063     104.7301
    5064     105.3213
    5065     105.9327
    5066     108.4116
    5067     105.6333
    5068     104.2178
    5069     101.4779
    5070     103.3477
    5071     101.4092
    5072     100.5533
    5073     102.4620
    5074     107.7218
    5075     109.6775
    5076     108.0775
    5077     107.8925
    5078     108.7317
    5079     103.9424
    5080     105.1143
    5081     105.8239
    5082     107.5095
    5083     108.9158
    5084     105.9601
    5085      98.7501
    5086     101.8456
    5087     106.6290
    5088     104.8352
    5089     107.7025
    5090     110.2882
    5091     110.0084
    5092     109.9964
    5093     109.4909
    5094     109.3200
    5095     110.6864
    5096     109.0581
    5097     109.9904
    5098     108.2201
    5099     104.7455
    5100     100.0484
    5101      99.1026
    5102      97.7388
    5103      99.3488
    5104     100.3059
    5105     104.9126
    5106     104.5636
    5107     101.2021
    5108     102.9410
    5109     105.7875
    5110     108.0203
    5111     105.8104
    5112     107.7552
    5113     106.5074
    5114     107.0097
    5115     103.0037
    5116     101.6875
    5117      97.0419
    5118      90.6792
    5119      95.4731
    5120      97.1897
    5121      98.6645
    5122     100.1842
    5123     103.5405
    5124     104.9822
    5125      96.4797
    5126      99.3745
    5127      97.3233
    5128      93.7123
    5129      92.9094
    5130      94.8663
    5131      94.0636
    5132      92.0140
    5133      96.3028
    5134      97.3116
    5135      95.9332
    5136      94.7115
    5137      94.4556
    5138      99.1204
    5139      98.8115
    5140      98.5408
    5141     100.9223
    5142      96.2739
    5143      94.3412
    5144     102.1867
    5145     101.7772
    5146     104.8003
    5147     105.8567
    5148     107.5696
    5149     104.4048
    5150     107.6097
    5151     107.7070
    5152     106.0458
    5153     105.6960
    5154     106.7634
    5155     107.8054
    5156     108.1253
    5157     110.4637
    5158     111.9428
    5159     106.2976
    5160     104.2413
    5161     107.3662
    5162     108.8095
    5163     109.1457
    5164     112.5334
    5165     116.7590
    5166     119.5911
    5167     116.2344
    5168     116.2067
    5169     115.2657
    5170     119.0202
    5171     117.1206
    5172     115.9634
    5173     113.4999
    5174     115.3436
    5175     112.6073
    5176     107.6370
    5177      98.6604
    5178     100.0875
    5179     102.1199
    5180     105.7734
    5181     109.2162
    5182     111.2274
    5183     111.5100
    5184     108.1222
    5185     104.9732
    5186     113.9331
    5187     109.9393
    5188     113.9348
    5189     114.2028
    5190     118.2383
    5191     116.5006
    5192     115.6483
    5193     115.3712
    5194     111.6701
    5195     109.0536
    5196     109.3701
    5197     110.3270
    5198     110.0108
    5199     115.0638
    5200     115.9446
    5201     114.9911
    5202     113.0869
    5203     110.0090
    5204     112.0911
    5205     112.9867
    5206     109.1743
    5207     112.8799
    5208     115.5565
    5209     111.7569
    5210     114.1844
    5211     107.9625
    5212     107.9193
    5213     106.8754
    5214     103.2663
    5215     103.4738
    5216     104.6327
    5217      99.8759
    5218     101.9969
    5219     105.0723
    5220     105.4885
    5221     106.9162
    5222     108.9268
    5223     112.5783
    5224     113.0157
    5225     108.9306
    5226     112.0439
    5227     113.5760
    5228     112.3737
    5229     109.8814
    5230     110.6581
    5231     112.8299
    5232     116.0026
    5233     115.7290
    5234     114.8579
    5235     116.4971
    5236     117.4902
    5237     125.0375
    5238     126.0776
    5239     125.0691
    5240     122.6787
    5241     121.0389
    5242     119.4010
    5243     117.2259
    5244     116.7869
    5245     118.8561
    5246     117.0037
    5247     114.4323
    5248     111.2869
    5249     113.5560
    5250     110.2421
    5251     107.6141
    5252     107.6159
    5253     101.8525
    5254      99.5322
    5255      96.5340
    5256      96.1445
    5257     100.4095
    5258     103.4041
    5259     100.5924
    5260     102.8850
    5261     106.7233
    5262     101.1382
    5263      98.4614
    5264      96.8966
    5265      98.6230
    5266      91.6101
    5267      90.4300
    5268      91.7486
    5269      93.2242
    5270      95.8067
    5271      98.6311
    5272     100.9071
    5273     101.2889
    5274      97.5040
    5275      97.3786
    5276     100.3713
    5277      97.4604
    5278     100.4639
    5279     102.8652
    5280     101.5310
    5281     101.1081
    5282     100.2758
    5283      97.7959
    5284      96.0199
    5285      92.2180
    5286      90.5968
    5287      92.0594
    5288      87.8641
    5289      86.0494
    5290      86.3157
    5291      90.7721
    5292      89.8203
    5293      88.7481
    5294      92.3212
    5295      89.0321
    5296      90.2230
    5297      87.7081
    5298      88.4618
    5299      89.3177
    5300      83.7821
    5301      85.8074
    5302      85.8543
    5303      86.4064
    5304      83.4907
    5305      83.0997
    5306      84.4015
    5307      87.7669
    5308      91.1935
    5309      89.3667
    5310      84.4536
    5311      85.8883
    5312      82.1539
    5313      83.8336
    5314      80.3144
    5315      80.2946
    5316      77.9120
    5317      73.3472
    5318      74.8109
    5319      74.7964
    5320      67.5156
    5321      72.7784
    5322      70.6151
    5323      69.7400
    5324      73.1117
    5325      74.0092
    5326      70.5951
    5327      69.5732
    5328      69.9589
    5329      73.0437
    5330      71.5892
    5331      69.8818
    5332      67.0862
    5333      73.1068
    5334      75.6552
    5335      74.9996
    5336      68.9382
    5337      65.3497
    5338      69.3175
    5339      65.5525
    5340      70.5788
    5341      67.4949
    5342      67.0079
    5343      68.9009
    5344      65.8875
    5345      63.5845
    5346      69.4100
    5347      71.1092
    5348      77.1647
    5349      83.2102
    5350      81.4029
    5351      85.1125
    5352      89.0986
    5353      91.4792
    5354      92.3588
    5355      90.3126
    5356      90.6497
    5357      87.6095
    5358      85.5126
    5359      89.7710
    5360      86.9273
    5361      94.2974
    5362      92.3838
    5363      90.4969
    5364      93.2004
    5365      91.1309
    5366      91.4817
    5367      89.4445
    5368      88.0451
    5369      86.9296
    5370      87.5772
    5371      86.3770
    5372      91.1158
    5373      89.8648
    5374      89.7581
    5375      92.4708
    5376      93.4700
    5377      96.3238
    5378      93.3755
    5379      93.0751
    5380      95.3705
    5381      98.9929
    5382      97.3871
    5383      92.8638
    5384      93.3628
    5385      90.8942
    5386      87.1907
    5387      85.7075
    5388      85.3433
    5389      85.2253
    5390      84.9064
    5391      86.7465
    5392      90.2607
    5393      91.2986
    5394      94.4560
    5395      96.5209
    5396      98.9733
    5397      97.9276
    5398      99.0282
    5399      94.1285
    5400      89.7309
    5401      81.7333
    5402      85.9325
    5403      88.6989
    5404      90.3284
    5405      91.3953
    5406      93.7586
    5407      94.5243
    5408      90.1007
    5409      88.0205
    5410      89.8290
    5411      89.5627
    5412      89.2560
    5413      85.2501
    5414      80.6886
    5415      83.3498
    5416      82.9539
    5417      87.3641
    5418      91.5044
    5419      93.1654
    5420      93.5734
    5421     100.6177
    5422      98.4430
    5423      98.3864
    5424      99.3563
    5425     102.5036
    5426     100.9172
    5427     103.0796
    5428     106.0098
    5429     107.5913
    5430     105.6413
    5431     102.7641
    5432     100.8315
    5433      98.0923
    5434      95.5481
    5435      96.8873
    5436      99.4851
    5437      99.2108
    5438      98.7297
    5439      97.5544
    5440      99.3330
    5441      98.9668
    5442      94.9900
    5443      97.0819
    5444      98.5774
    5445     101.6861
    5446     102.8540
    5447     105.5989
    5448     104.6080
    5449     106.2996
    5450     114.0944
    5451     113.0140
    5452     114.1552
    5453     111.9358
    5454     108.7647
    5455     108.2075
    5456     109.2740
    5457     111.0933
    5458     110.7964
    5459     109.1203
    5460     106.4529
    5461     104.1716
    5462     108.3464
    5463     106.8133
    5464     105.6188
    5465     107.0301
    5466     105.6540
    5467     102.8450
    5468     104.7086
    5469     104.1595
    5470     103.9051
    5471     101.4174
    5472      97.1837
    5473      99.5992
    5474     103.0290
    5475     103.6629
    5476     105.9562
    5477     105.2439
    5478     111.0928
    5479     108.7175
    5480     107.7434
    5481     112.0084
    5482     114.8677
    5483     115.9741
    5484     117.5321
    5485     122.2917
    5486     120.7268
    5487     120.7744
    5488     120.0690
    5489     120.3921
    5490     119.3197
    5491     120.3368
    5492     123.8893
    5493     122.8467
    5494     118.7456
    5495     118.8475
    5496     120.4812
    5497     118.6191
    5498     119.3876
    5499     121.6122
    5500     116.5502
    5501     115.5151
    5502     108.5024
    5503     109.0203
    5504     114.5064
    5505     117.4522
    5506     114.3853
    5507     116.4402
    5508     114.2080
    5509     115.3630
    5510     115.5688
    5511     112.5698
    5512     113.8293
    5513     111.8187
    5514     109.2262
    5515     113.2476
    5516     115.2122
    5517     117.2645
    5518     114.3186
    5519     112.7376
    5520     109.6281
    5521     115.3134
    5522     112.8704
    5523     112.0879
    5524     117.0659
    5525     112.8181
    5526     110.4710
    5527     108.5955
    5528     113.4983
    5529     111.5960
    5530     115.3034
    5531     113.7801
    5532     111.4058
    5533     115.4906
    5534     116.3697
    5535     114.6714
    5536     111.0515
    5537     111.1249
    5538     111.3113
    5539     110.8101
    5540     109.5922
    5541     109.4870
    5542     112.3815
    5543     111.8522
    5544     109.7220
    5545     110.6623
    5546     110.6128
    5547     106.5229
    5548     103.2981
    5549     103.2876
    5550     104.1115
    5551     107.5422
    5552     107.9924
    5553     105.3621
    5554      99.3376
    5555     100.5689
    5556      99.9938
    5557      99.0986
    5558     100.5141
    5559      98.8270
    5560      98.0461
    5561     100.2863
    5562      94.6867
    5563      93.7616
    5564      92.5125
    5565      91.7367
    5566      91.9806
    5567      88.5378
    5568      83.3597
    5569      84.4078
    5570      81.7504
    5571      83.7725
    5572      81.0580
    5573      82.4125
    5574      82.6249
    5575      82.4438
    5576      82.1862
    5577      88.7533
    5578      85.8038
    5579      84.1161
    5580      83.5669
    5581      83.3105
    5582      86.5239
    5583      91.7671
    5584      98.7436
    5585      98.7802
    5586      98.9957
    5587     102.0787
    5588      99.0811
    5589      96.9984
    5590     100.9512
    5591      99.5530
    5592     101.5528
    5593     106.2986
    5594     100.8720
    5595     104.3465
    5596     106.1519
    5597     101.3000
    5598     100.3529
    5599      99.6208
    5600     102.6763
    5601     103.3408
    5602      98.7196
    5603      98.1526
    5604      99.1353
    5605     101.7448
    5606      99.0248
    5607      98.2937
    5608      94.8948
    5609      97.9859
    5610      94.3939
    5611      94.1462
    5612      96.5557
    5613      95.4252
    5614      96.7161
    5615      92.8035
    5616      89.0839
    5617      92.7684
    5618      97.0758
    5619      93.4315
    5620      94.1172
    5621      94.8365
    5622      94.1614
    5623      95.1390
    5624      95.3871
    5625      95.4028
    5626      99.5904
    5627      99.5557
    5628     102.4934
    5629     101.5424
    5630      96.3151
    5631      98.4144
    5632      99.6846
    5633     104.4133
    5634     104.9489
    5635     104.8591
    5636     104.4804
    5637     102.4342
    5638     105.3638
    5639     105.6792
    5640     109.6818
    5641     109.9241
    5642     109.4772
    5643     110.2890
    5644     109.8527
    5645     107.6546
    5646     106.6851
    5647     107.4362
    5648     106.2226
    5649     102.6568
    5650     103.0402
    5651      99.2557
    5652     100.8652
    5653     104.9690
    5654     104.5954
    5655     106.7635
    5656     105.6751
    5657     110.7755
    5658     111.7167
    5659     111.1674
    5660     112.6293
    5661     113.5840
    5662     116.9161
    5663     117.2301
    5664     120.2999
    5665     123.4753
    5666     126.7179
    5667     123.6781
    5668     122.5748
    5669     122.7893
    5670     123.2314
    5671     122.4022
    5672     119.1160
    5673     115.6779
    5674     111.9517
    5675     112.3230
    5676     109.7516
    5677     111.6163
    5678     110.2675
    5679     112.6325
    5680     112.7981
    5681     111.6020
    5682     107.9466
    5683     105.5561
    5684     107.2149
    5685     106.2813
    5686     104.6579
    5687     108.1285
    5688     109.1744
    5689     108.4098
    5690     106.3978
    5691     105.9156
    5692     103.3353
    5693     100.1471
    5694     102.0585
    5695     104.8922
    5696     107.1266
    5697     105.8008
    5698     104.5366
    5699     100.1703
    5700      99.1942
    5701      96.0296
    5702      90.4168
    5703      90.5633
    5704      95.3239
    5705      94.0454
    5706      99.1541
    5707      99.0334
    5708      98.3086
    5709      97.4239
    5710     101.4003
    5711     103.6019
    5712     105.9420
    5713     103.0363
    5714     103.1547
    5715     107.8258
    5716     108.9762
    5717     108.2353
    5718     106.8952
    5719     108.1125
    5720     108.5502
    5721     107.9347
    5722     109.6869
    5723     106.3355
    5724     101.0804
    5725      97.6404
    5726      98.9986
    5727     102.1799
    5728     102.3090
    5729      97.0619
    5730      97.1717
    5731      99.5754
    5732     101.1563
    5733     104.2905
    5734     102.2627
    5735     103.5406
    5736     101.4007
    5737     103.5039
    5738     106.2572
    5739     107.8525
    5740     106.7339
    5741     109.1472
    5742     110.3957
    5743     111.8500
    5744     116.1605
    5745     118.2072
    5746     119.5066
    5747     116.7852
    5748     116.2205
    5749     111.8574
    5750     106.8561
    5751     107.1279
    5752     107.8950
    5753     108.9364
    5754     105.2287
    5755     106.5924
    5756     108.7869
    5757     111.8414
    5758     107.9496
    5759     107.3976
    5760     106.0021
    5761     107.6024
    5762     113.5208
    5763     112.5099
    5764     116.8327
    5765     112.6707
    5766     115.4864
    5767     116.3448
    5768     120.3839
    5769     119.1645
    5770     121.4041
    5771     118.9807
    5772     114.8770
    5773     116.0706
    5774     112.1974
    5775     115.6764
    5776     113.6443
    5777     114.6721
    5778     115.3402
    5779     117.6050
    5780     114.7115
    5781     116.6226
    5782     122.3672
    5783     122.5044
    5784     121.5773
    5785     120.1140
    5786     122.4594
    5787     123.2311
    5788     120.1141
    5789     122.6134
    5790     116.4602
    5791     116.6163
    5792     116.0170
    5793     115.2638
    5794     115.8317
    5795     116.8940
    5796     110.2564
    5797     112.5092
    5798     116.4549
    5799     116.2053
    5800     117.6028
    5801     117.5409
    5802     120.9123
    5803     121.7467
    5804     122.8098
    5805     122.8021
    5806     122.3609
    5807     116.9221
    5808     116.7117
    5809     111.9546
    5810     114.3773
    5811     113.3356
    5812     110.9920
    5813     111.8797
    5814     110.8706
    5815     111.3595
    5816     111.6171
    5817     112.7552
    5818     111.5692
    5819     106.0465
    5820     103.2621
    5821     106.0302
    5822     103.8036
    5823     104.8577
    5824     108.1864
    5825     110.5146
    5826     108.7269
    5827     103.1437
    5828     105.8042
    5829     105.2660
    5830     103.0292
    5831     104.7854
    5832     108.6223
    5833     110.4884
    5834     106.9709
    5835     106.6203
    5836     105.6476
    5837     105.7828
    5838     104.6549
    5839     101.3949
    5840     102.6073
    5841     100.2843
    5842      95.9950
    5843      96.7780
    5844      94.8088
    5845      97.2502
    5846     101.7981
    5847     108.7624
    5848     107.1236
    5849     103.3769
    5850     103.5055
    5851     105.8766
    5852     105.1881
    5853     105.5744
    5854     105.0782
    5855     103.9152
    5856      98.0074
    5857     101.4074
    5858     105.4497
    5859     106.3601
    5860     104.9464
    5861     104.6037
    5862     100.6458
    5863     100.1371
    5864     101.6324
    5865     108.5050
    5866     109.9036
    5867     108.9458
    5868     113.5782
    5869     116.9091
    5870     117.3104
    5871     115.7511
    5872     118.4218
    5873     118.9434
    5874     115.0288
    5875     112.7601
    5876     109.4641
    5877     110.3816
    5878     112.8781
    5879     108.9695
    5880     109.2175
    5881     110.4958
    5882     109.4418
    5883     109.3266
    5884     109.4866
    5885     107.0611
    5886     107.8153
    5887     109.4444
    5888     111.1069
    5889     104.4435
    5890     102.2288
    5891     102.9025
    5892     103.3311
    5893     103.6739
    5894     102.9619
    5895     103.5135
    5896     103.9810
    5897     100.8025
    5898     100.4130
    5899     104.5250
    5900     102.8429
    5901     102.6043
    5902     103.8185
    5903     107.3631
    5904     111.6993
    5905     108.5819
    5906     112.9415
    5907     113.3918
    5908     114.9902
    5909     117.9917
    5910     118.3264
    5911     118.9177
    5912     115.3133
    5913     115.8230
    5914     117.4658
    5915     120.3608
    5916     120.8266
    5917     118.2853
    5918     122.9862
    5919     120.3857
    5920     121.8245
    5921     125.4142
    5922     124.9417
    5923     123.5034
    5924     125.1766
    5925     124.9940
    5926     125.0801
    5927     124.9277
    5928     120.7392
    5929     117.0362
    5930     116.3785
    5931     112.2242
    5932     111.2863
    5933     107.0529
    5934     107.1425
    5935     110.3771
    5936     107.4983
    5937     107.4469
    5938     106.8982
    5939     107.2969
    5940     108.0183
    5941     107.7127
    5942     107.2562
    5943     109.0029
    5944     104.4847
    5945     104.5152
    5946     109.6448
    5947     115.7997
    5948     117.5667
    5949     114.0080
    5950     112.1793
    5951     111.0602
    5952     113.7437
    5953     115.0685
    5954     112.8471
    5955     110.1275
    5956     110.1603
    5957     106.9408
    5958     109.9237
    5959     110.6020
    5960     107.1299
    5961     106.6702
    5962     106.3841
    5963     108.4389
    5964     113.9071
    5965     113.8042
    5966     111.8822
    5967     112.2725
    5968     112.9859
    5969     115.2120
    5970     115.7933
    5971     117.9409
    5972     118.4332
    5973     121.1915
    5974     118.3310
    5975     115.3552
    5976     113.0257
    5977     114.7161
    5978     111.8323
    5979     112.9511
    5980     110.6969
    5981     113.6879
    5982     116.3467
    5983     112.6109
    5984     114.6308
    5985     114.6760
    5986     114.5253
    5987     108.9303
    5988     111.8303
    5989     108.2333
    5990     109.2838
    5991     117.2573
    5992     118.3435
    5993     120.7269
    5994     120.2399
    5995     117.1952
    5996     117.5000
    5997     112.4856
    5998     113.0499
    5999     110.9279
    6000     114.1296
    6001      43.0134
    6002      43.2215
    6003      45.3791
    6004      45.9790
    6005      43.8659
    6006      49.5987
    6007      50.2615
    6008      52.2940
    6009      45.8076
    6010      47.5778
    6011      46.1461
    6012      47.3005
    6013      52.3436
    6014      56.3700
    6015      56.7320
    6016      51.0506
    6017      52.7303
    6018      51.3014
    6019      51.7809
    6020      55.9990
    6021      53.8967
    6022      51.9851
    6023      52.9712
    6024      59.7157
    6025      56.9556
    6026      57.3552
    6027      53.0201
    6028      51.2849
    6029      51.2941
    6030      49.5923
    6031      49.0274
    6032      47.7392
    6033      46.3112
    6034      46.4358
    6035      45.6156
    6036      45.5252
    6037      44.4298
    6038      43.6266
    6039      42.5658
    6040      44.6599
    6041      43.3602
    6042      45.4330
    6043      47.3605
    6044      47.5921
    6045      50.3783
    6046      46.8561
    6047      47.8098
    6048      47.4307
    6049      43.6501
    6050      49.1192
    6051      47.6560
    6052      47.0512
    6053      48.8745
    6054      51.0389
    6055      50.3071
    6056      52.6201
    6057      48.2407
    6058      46.2275
    6059      46.6002
    6060      49.0166
    6061      45.0264
    6062      44.1977
    6063      42.5099
    6064      45.6424
    6065      47.9964
    6066      48.7413
    6067      46.8331
    6068      46.0011
    6069      43.2660
    6070      45.8340
    6071      43.6583
    6072      44.9385
    6073      47.6464
    6074      48.4768
    6075      46.6033
    6076      45.5631
    6077      44.1172
    6078      46.5214
    6079      50.1413
    6080      47.6663
    6081      47.0924
    6082      45.6590
    6083      44.7011
    6084      44.1061
    6085      41.2633
    6086      43.5879
    6087      43.0731
    6088      42.8427
    6089      43.0792
    6090      43.4341
    6091      43.9713
    6092      41.8399
    6093      41.2293
    6094      43.0286
    6095      42.0269
    6096      44.4566
    6097      44.2805
    6098      43.2963
    6099      43.2635
    6100      42.2277
    6101      45.0917
    6102      43.5445
    6103      45.9608
    6104      46.6619
    6105      46.3201
    6106      43.8922
    6107      46.6677
    6108      45.2820
    6109      44.4716
    6110      43.2369
    6111      44.4260
    6112      45.1704
    6113      43.1349
    6114      43.1715
    6115      44.1353
    6116      42.6214
    6117      42.7994
    6118      41.3131
    6119      40.8113
    6120      39.8358
    6121      39.0103
    6122      42.4303
    6123      43.6842
    6124      42.1737
    6125      42.0516
    6126      41.8240
    6127      43.2737
    6128      46.6957
    6129      44.1033
    6130      46.0908
    6131      44.2733
    6132      41.7680
    6133      41.1888
    6134      46.8650
    6135      44.7578
    6136      44.4991
    6137      45.9852
    6138      45.9748
    6139      43.0073
    6140      46.7586
    6141      47.8956
    6142      42.5612
    6143      41.6644
    6144      42.0469
    6145      46.2772
    6146      46.8070
    6147      47.7626
    6148      47.0029
    6149      48.1451
    6150      47.5207
    6151      49.8939
    6152      47.6119
    6153      46.7325
    6154      47.4533
    6155      45.3288
    6156      45.7649
    6157      48.3870
    6158      50.6419
    6159      49.6215
    6160      49.6934
    6161      49.2270
    6162      46.9063
    6163      53.0668
    6164      54.1039
    6165      52.2890
    6166      50.7426
    6167      48.3178
    6168      48.9163
    6169      49.3546
    6170      49.3813
    6171      47.9065
    6172      45.8338
    6173      47.3955
    6174      50.7663
    6175      47.9583
    6176      50.2034
    6177      51.3378
    6178      52.0301
    6179      50.9587
    6180      50.0443
    6181      56.9473
    6182      51.9821
    6183      52.9003
    6184      54.8277
    6185      56.3111
    6186      55.8602
    6187      53.7650
    6188      54.1454
    6189      54.5622
    6190      53.0863
    6191      54.5947
    6192      53.6428
    6193      53.8014
    6194      50.9513
    6195      52.3867
    6196      54.3763
    6197      53.2042
    6198      51.5565
    6199      50.1913
    6200      48.6229
    6201      49.6133
    6202      51.7694
    6203      56.0726
    6204      50.7736
    6205      52.8035
    6206      47.3748
    6207      50.2997
    6208      49.9657
    6209      48.6344
    6210      46.5853
    6211      51.4872
    6212      51.2404
    6213      51.0172
    6214      48.5844
    6215      51.8870
    6216      52.0227
    6217      51.3601
    6218      49.6614
    6219      52.2188
    6220      51.9935
    6221      52.6461
    6222      51.7535
    6223      52.0810
    6224      52.8352
    6225      52.9810
    6226      53.9337
    6227      55.2876
    6228      51.4386
    6229      54.9377
    6230      54.4774
    6231      55.0349
    6232      53.0704
    6233      49.4297
    6234      48.1784
    6235      51.9613
    6236      52.5518
    6237      49.7590
    6238      48.1850
    6239      50.4668
    6240      55.9192
    6241      50.2192
    6242      52.2979
    6243      51.4107
    6244      49.7599
    6245      48.1945
    6246      52.7126
    6247      49.5560
    6248      51.0044
    6249      48.6021
    6250      47.9126
    6251      49.5632
    6252      46.5731
    6253      50.5752
    6254      48.2695
    6255      46.2430
    6256      44.7690
    6257      41.5374
    6258      45.5192
    6259      46.2787
    6260      43.5394
    6261      45.2211
    6262      43.0761
    6263      46.4048
    6264      45.1619
    6265      41.5875
    6266      43.4394
    6267      43.1943
    6268      43.6572
    6269      48.2236
    6270      44.5388
    6271      45.9920
    6272      45.3839
    6273      46.0190
    6274      44.3293
    6275      45.0139
    6276      44.5481
    6277      45.6055
    6278      43.7462
    6279      42.9845
    6280      46.0483
    6281      46.3232
    6282      48.7748
    6283      48.8423
    6284      44.8101
    6285      44.7339
    6286      44.3535
    6287      46.3734
    6288      49.9067
    6289      49.5068
    6290      50.1051
    6291      49.1226
    6292      49.2021
    6293      49.1093
    6294      50.2628
    6295      48.9514
    6296      46.8805
    6297      45.3606
    6298      47.7244
    6299      48.3735
    6300      46.4198
    6301      47.7761
    6302      44.6957
    6303      44.0367
    6304      44.5087
    6305      44.6626
    6306      45.8341
    6307      48.4158
    6308      48.8149
    6309      47.4469
    6310      47.1956
    6311      44.7875
    6312      45.5872
    6313      47.2141
    6314      47.2998
    6315      47.0552
    6316      47.6462
    6317      49.2304
    6318      47.3276
    6319      49.6762
    6320      49.0674
    6321      46.9308
    6322      50.1424
    6323      48.5274
    6324      47.1839
    6325      47.0129
    6326      47.7247
    6327      49.7267
    6328      47.7980
    6329      51.3474
    6330      50.5648
    6331      49.4449
    6332      47.8709
    6333      45.9957
    6334      47.2720
    6335      46.6653
    6336      46.8355
    6337      45.7250
    6338      46.8775
    6339      48.6058
    6340      48.9925
    6341      47.5832
    6342      48.6127
    6343      51.4505
    6344      49.0661
    6345      48.1652
    6346      48.1574
    6347      50.7838
    6348      51.1781
    6349      46.9358
    6350      49.6432
    6351      47.4498
    6352      48.0445
    6353      47.5372
    6354      47.1598
    6355      48.6101
    6356      50.7446
    6357      50.2703
    6358      49.0270
    6359      50.3982
    6360      49.1067
    6361      47.7706
    6362      49.6886
    6363      48.5847
    6364      51.1889
    6365      50.1435
    6366      46.2141
    6367      48.2501
    6368      46.5577
    6369      48.3965
    6370      47.6871
    6371      49.1072
    6372      46.8008
    6373      46.0619
    6374      47.0095
    6375      49.5738
    6376      48.8211
    6377      49.2232
    6378      51.8900
    6379      51.3584
    6380      54.0764
    6381      52.1410
    6382      50.5692
    6383      48.7841
    6384      47.6089
    6385      50.1675
    6386      49.5870
    6387      50.5660
    6388      52.3312
    6389      46.8395
    6390      49.0708
    6391      48.7215
    6392      50.3643
    6393      48.9438
    6394      46.6425
    6395      49.6113
    6396      50.2129
    6397      50.3106
    6398      50.4889
    6399      50.3719
    6400      53.7632
    6401      52.9590
    6402      52.5623
    6403      49.6883
    6404      52.4954
    6405      50.1180
    6406      47.6150
    6407      50.4439
    6408      49.2233
    6409      47.5995
    6410      47.1189
    6411      49.9527
    6412      49.1084
    6413      47.9300
    6414      50.4984
    6415      50.5942
    6416      48.7744
    6417      47.9855
    6418      48.8638
    6419      44.7944
    6420      45.2932
    6421      44.4007
    6422      44.8161
    6423      48.0078
    6424      47.9564
    6425      46.9612
    6426      47.3637
    6427      47.9071
    6428      48.7583
    6429      49.7151
    6430      47.7910
    6431      44.3406
    6432      48.1053
    6433      46.2490
    6434      46.9607
    6435      45.5789
    6436      43.8493
    6437      42.7493
    6438      46.1425
    6439      47.5561
    6440      47.5590
    6441      48.0550
    6442      45.9659
    6443      48.7718
    6444      47.7291
    6445      48.7340
    6446      48.3200
    6447      47.6031
    6448      46.2225
    6449      45.7764
    6450      43.8162
    6451      45.5318
    6452      45.9631
    6453      44.1770
    6454      45.2286
    6455      46.4110
    6456      47.2761
    6457      46.8638
    6458      47.4996
    6459      45.8254
    6460      44.6592
    6461      45.7384
    6462      44.9843
    6463      46.3599
    6464      42.7868
    6465      42.7656
    6466      42.6862
    6467      42.5190
    6468      41.9710
    6469      42.7092
    6470      42.3088
    6471      42.2907
    6472      40.6883
    6473      41.1741
    6474      43.6719
    6475      43.1758
    6476      42.4851
    6477      41.8559
    6478      42.2389
    6479      41.7848
    6480      43.1554
    6481      44.7134
    6482      44.0078
    6483      42.6436
    6484      45.0924
    6485      44.4041
    6486      43.9513
    6487      43.9526
    6488      43.7602
    6489      43.4213
    6490      44.9933
    6491      43.8768
    6492      42.9755
    6493      44.0533
    6494      45.7023
    6495      44.3795
    6496      45.1144
    6497      48.3429
    6498      49.0778
    6499      51.2585
    6500      50.9009
    6501      51.1450
    6502      48.2660
    6503      48.1907
    6504      47.2584
    6505      45.9739
    6506      53.7460
    6507      52.2833
    6508      49.1128
    6509      49.6922
    6510      52.4347
    6511      53.9534
    6512      54.3001
    6513      53.0460
    6514      49.7064
    6515      47.5760
    6516      49.1062
    6517      47.0655
    6518      45.5541
    6519      47.4311
    6520      45.5949
    6521      44.8584
    6522      47.6671
    6523      49.7566
    6524      48.5402
    6525      47.1316
    6526      45.5553
    6527      47.4782
    6528      48.2122
    6529      47.0832
    6530      46.4772
    6531      50.6961
    6532      51.1533
    6533      46.8900
    6534      49.0865
    6535      49.9446
    6536      46.8215
    6537      46.2443
    6538      48.4429
    6539      46.7395
    6540      49.3644
    6541      48.0508
    6542      47.1553
    6543      47.4985
    6544      50.9524
    6545      51.4820
    6546      52.7395
    6547      52.8073
    6548      52.3354
    6549      54.9292
    6550      54.0192
    6551      54.0283
    6552      56.4123
    6553      55.6754
    6554      55.6474
    6555      53.7407
    6556      53.1165
    6557      50.3225
    6558      47.8422
    6559      50.2119
    6560      50.1765
    6561      51.6825
    6562      53.1278
    6563      48.9922
    6564      46.7741
    6565      44.1450
    6566      43.3260
    6567      45.7437
    6568      43.5430
    6569      43.4041
    6570      43.9066
    6571      43.0564
    6572      46.1814
    6573      43.6513
    6574      45.3542
    6575      44.0890
    6576      45.2615
    6577      45.2816
    6578      48.7047
    6579      45.8873
    6580      46.8983
    6581      47.0298
    6582      47.0095
    6583      47.8906
    6584      46.8720
    6585      45.4752
    6586      45.2723
    6587      45.8980
    6588      46.9766
    6589      47.3397
    6590      45.8827
    6591      48.3547
    6592      45.7379
    6593      47.6818
    6594      46.8431
    6595      46.1983
    6596      46.4990
    6597      45.3749
    6598      46.7174
    6599      45.2693
    6600      44.4128
    6601      44.8204
    6602      46.1690
    6603      46.5212
    6604      45.4251
    6605      45.3271
    6606      44.2988
    6607      45.4885
    6608      43.5503
    6609      43.9534
    6610      44.8482
    6611      43.8970
    6612      44.8379
    6613      45.6644
    6614      43.5621
    6615      45.1667
    6616      43.7554
    6617      45.0276
    6618      47.0631
    6619      45.8639
    6620      47.5530
    6621      47.7602
    6622      49.2116
    6623      48.1746
    6624      48.9100
    6625      45.1111
    6626      47.6098
    6627      47.9972
    6628      49.0402
    6629      49.0618
    6630      49.1219
    6631      55.2063
    6632      51.2692
    6633      51.9746
    6634      51.0185
    6635      48.0701
    6636      49.7590
    6637      50.8630
    6638      49.9416
    6639      48.2485
    6640      52.8828
    6641      54.3040
    6642      51.1184
    6643      50.8498
    6644      49.4514
    6645      50.6831
    6646      49.8876
    6647      49.4645
    6648      48.2408
    6649      50.3678
    6650      49.0936
    6651      47.1393
    6652      50.8187
    6653      49.2707
    6654      47.4748
    6655      49.5899
    6656      52.1273
    6657      53.7231
    6658      51.4105
    6659      53.2300
    6660      55.4946
    6661      53.4252
    6662      53.8963
    6663      54.2598
    6664      59.2269
    6665      51.5351
    6666      48.3629
    6667      50.9310
    6668      54.9095
    6669      53.3004
    6670      51.5734
    6671      52.8523
    6672      52.5512
    6673      50.4637
    6674      53.9590
    6675      53.3404
    6676      54.5152
    6677      51.3358
    6678      54.5001
    6679      51.2298
    6680      45.4756
    6681      45.9686
    6682      47.5455
    6683      50.3029
    6684      49.5882
    6685      52.0082
    6686      47.8010
    6687      47.5549
    6688      47.3556
    6689      48.2891
    6690      51.4447
    6691      49.0298
    6692      50.8618
    6693      48.6670
    6694      50.3457
    6695      47.6293
    6696      48.4655
    6697      51.5820
    6698      49.7623
    6699      50.4012
    6700      49.0955
    6701      50.9672
    6702      50.7548
    6703      51.5224
    6704      50.3190
    6705      51.1693
    6706      48.6265
    6707      48.8708
    6708      55.5411
    6709      55.1019
    6710      57.0810
    6711      57.7559
    6712      56.8173
    6713      56.0511
    6714      54.9553
    6715      53.3905
    6716      55.7752
    6717      53.4724
    6718      55.2888
    6719      57.2415
    6720      57.2655
    6721      57.5243
    6722      57.9652
    6723      57.3145
    6724      53.4240
    6725      53.1115
    6726      50.4562
    6727      51.1933
    6728      53.6936
    6729      54.4772
    6730      55.1807
    6731      50.6049
    6732      55.2401
    6733      55.6264
    6734      54.6341
    6735      55.4298
    6736      56.1104
    6737      54.0711
    6738      52.5896
    6739      55.8286
    6740      56.1580
    6741      52.3210
    6742      53.2146
    6743      52.4918
    6744      52.2950
    6745      55.4528
    6746      53.9300
    6747      51.3539
    6748      54.8572
    6749      53.0416
    6750      52.4840
    6751      53.1256
    6752      53.3884
    6753      51.5374
    6754      52.9064
    6755      54.3627
    6756      48.7288
    6757      49.2403
    6758      48.2719
    6759      48.4548
    6760      47.5131
    6761      45.4408
    6762      46.0176
    6763      48.0070
    6764      46.9545
    6765      46.7494
    6766      47.9750
    6767      48.9033
    6768      46.6007
    6769      45.4699
    6770      47.8872
    6771      48.7262
    6772      51.4399
    6773      47.7124
    6774      49.1588
    6775      49.4336
    6776      45.8055
    6777      46.8339
    6778      46.9157
    6779      44.7048
    6780      43.7772
    6781      46.0060
    6782      42.5519
    6783      41.2818
    6784      39.6690
    6785      38.5583
    6786      41.2143
    6787      38.5770
    6788      41.0206
    6789      43.0214
    6790      44.0826
    6791      44.1392
    6792      43.4708
    6793      44.8505
    6794      43.4034
    6795      41.6405
    6796      43.3810
    6797      41.6228
    6798      41.4590
    6799      43.5526
    6800      44.9986
    6801      51.3503
    6802      47.3542
    6803      47.4331
    6804      46.2448
    6805      46.3267
    6806      46.2574
    6807      49.3539
    6808      49.4977
    6809      48.3765
    6810      46.5807
    6811      44.4873
    6812      44.7091
    6813      44.0268
    6814      45.5360
    6815      46.3470
    6816      47.8796
    6817      49.5852
    6818      50.0765
    6819      49.1499
    6820      48.3170
    6821      51.2317
    6822      51.8012
    6823      52.1378
    6824      49.0912
    6825      50.8201
    6826      50.4649
    6827      50.8753
    6828      49.2277
    6829      49.3285
    6830      48.7340
    6831      49.1969
    6832      52.8707
    6833      52.8629
    6834      53.1141
    6835      52.7278
    6836      52.7858
    6837      50.4325
    6838      51.7539
    6839      51.7694
    6840      57.2921
    6841      54.3653
    6842      56.2317
    6843      58.4761
    6844      59.6149
    6845      57.9625
    6846      56.0492
    6847      54.5285
    6848      52.7138
    6849      52.6777
    6850      54.0760
    6851      49.5630
    6852      49.5477
    6853      49.5481
    6854      51.1040
    6855      54.4893
    6856      54.4877
    6857      52.0878
    6858      50.4687
    6859      49.3199
    6860      47.7767
    6861      48.1966
    6862      53.0878
    6863      47.0031
    6864      47.3817
    6865      46.2490
    6866      47.5210
    6867      47.8372
    6868      46.4594
    6869      47.2493
    6870      48.0053
    6871      48.2529
    6872      51.5235
    6873      53.2846
    6874      50.6544
    6875      53.8898
    6876      52.5648
    6877      49.0764
    6878      49.5916
    6879      50.3028
    6880      50.3624
    6881      50.6116
    6882      50.3556
    6883      50.6691
    6884      50.2476
    6885      51.2187
    6886      47.2114
    6887      46.4225
    6888      51.0362
    6889      49.9682
    6890      48.4883
    6891      49.7206
    6892      48.6585
    6893      51.9690
    6894      51.3875
    6895      54.1676
    6896      52.6674
    6897      53.6023
    6898      51.6361
    6899      52.9567
    6900      51.8252
    6901      49.3028
    6902      47.9106
    6903      48.8577
    6904      49.6044
    6905      48.0318
    6906      46.1942
    6907      50.3027
    6908      50.9011
    6909      49.5727
    6910      50.8302
    6911      50.6290
    6912      47.3883
    6913      48.1567
    6914      51.1968
    6915      49.2463
    6916      49.8686
    6917      50.9679
    6918      52.9199
    6919      56.4357
    6920      53.2561
    6921      59.1393
    6922      56.5436
    6923      54.8423
    6924      52.3954
    6925      54.4121
    6926      54.1458
    6927      52.2226
    6928      48.0603
    6929      48.3890
    6930      53.4332
    6931      54.0432
    6932      50.2338
    6933      51.4348
    6934      49.0729
    6935      49.1219
    6936      50.7348
    6937      55.7427
    6938      58.7894
    6939      61.9944
    6940      58.9486
    6941      58.2073
    6942      58.7990
    6943      59.7389
    6944      63.4892
    6945      63.1301
    6946      59.8151
    6947      55.4461
    6948      57.5510
    6949      52.0333
    6950      52.4272
    6951      51.5381
    6952      55.0688
    6953      50.8321
    6954      53.8138
    6955      53.8849
    6956      53.8047
    6957      53.4654
    6958      50.6037
    6959      54.7098
    6960      56.6225
    6961      55.2563
    6962      51.6525
    6963      50.5326
    6964      51.2995
    6965      50.8509
    6966      51.4281
    6967      49.3442
    6968      45.7468
    6969      45.3648
    6970      49.4115
    6971      48.1066
    6972      49.4666
    6973      48.0387
    6974      49.1915
    6975      48.3315
    6976      45.8432
    6977      48.3935
    6978      45.9343
    6979      46.1696
    6980      46.9679
    6981      44.7542
    6982      46.8730
    6983      45.2708
    6984      45.1336
    6985      44.5402
    6986      46.6484
    6987      44.0450
    6988      44.9665
    6989      47.0415
    6990      46.0014
    6991      47.9275
    6992      44.8947
    6993      49.3502
    6994      49.4520
    6995      45.7655
    6996      49.3571
    6997      52.3275
    6998      48.2474
    6999      47.0981
    7000      50.5586
    7001      48.2454
    7002      46.1313
    7003      44.1252
    7004      44.8115
    7005      44.6138
    7006      41.8303
    7007      43.7024
    7008      40.9355
    7009      39.5897
    7010      40.8942
    7011      41.9051
    7012      41.0247
    7013      39.5574
    7014      42.6273
    7015      41.8407
    7016      41.3329
    7017      41.5923
    7018      42.1552
    7019      44.1497
    7020      44.3411
    7021      45.3862
    7022      47.8878
    7023      48.6339
    7024      45.6764
    7025      48.2385
    7026      47.0317
    7027      46.6443
    7028      43.7289
    7029      48.8465
    7030      47.5330
    7031      47.5271
    7032      46.3783
    7033      45.0913
    7034      41.8519
    7035      43.5610
    7036      47.5952
    7037      43.3504
    7038      46.0415
    7039      45.1770
    7040      46.1804
    7041      44.9281
    7042      46.3359
    7043      46.3929
    7044      43.8161
    7045      45.4149
    7046      46.3371
    7047      44.7312
    7048      45.0150
    7049      43.6351
    7050      43.3283
    7051      44.0233
    7052      44.2157
    7053      43.0691
    7054      45.3458
    7055      44.3101
    7056      46.5039
    7057      48.1356
    7058      46.0604
    7059      43.8614
    7060      44.8434
    7061      45.5862
    7062      46.8737
    7063      45.3281
    7064      43.2228
    7065      44.7936
    7066      44.7518
    7067      44.8748
    7068      44.5308
    7069      44.6005
    7070      46.8416
    7071      46.9017
    7072      45.3670
    7073      45.3613
    7074      47.3618
    7075      46.5903
    7076      44.8955
    7077      45.5052
    7078      46.4817
    7079      45.5986
    7080      44.3204
    7081      47.1930
    7082      49.0577
    7083      47.6349
    7084      47.3819
    7085      49.2248
    7086      47.2644
    7087      46.4119
    7088      46.5418
    7089      47.2824
    7090      45.2035
    7091      43.4421
    7092      41.5430
    7093      41.2871
    7094      40.5405
    7095      41.4425
    7096      43.3091
    7097      43.0440
    7098      43.7481
    7099      46.2235
    7100      47.2292
    7101      45.0805
    7102      44.7773
    7103      46.3824
    7104      46.5938
    7105      43.1007
    7106      43.7216
    7107      42.3572
    7108      44.2674
    7109      43.6672
    7110      43.7363
    7111      46.0132
    7112      50.3523
    7113      46.8492
    7114      44.6578
    7115      42.8460
    7116      43.8498
    7117      45.4645
    7118      43.1364
    7119      44.7445
    7120      45.0341
    7121      46.7338
    7122      45.4857
    7123      46.9933
    7124      46.8312
    7125      47.2610
    7126      46.1681
    7127      46.3410
    7128      49.9387
    7129      45.0525
    7130      45.9174
    7131      44.1938
    7132      45.4326
    7133      41.7111
    7134      44.1389
    7135      44.6575
    7136      44.8817
    7137      46.5180
    7138      46.3387
    7139      46.7847
    7140      46.9912
    7141      50.7088
    7142      47.9169
    7143      45.5560
    7144      46.7973
    7145      48.5996
    7146      46.3903
    7147      44.8791
    7148      47.4850
    7149      46.3968
    7150      46.3884
    7151      45.4300
    7152      45.8652
    7153      46.6647
    7154      46.7067
    7155      48.6557
    7156      47.2662
    7157      47.0733
    7158      43.0006
    7159      46.6156
    7160      44.1838
    7161      43.4741
    7162      43.5158
    7163      40.7132
    7164      41.8880
    7165      41.5952
    7166      44.0115
    7167      40.0532
    7168      42.4269
    7169      38.5976
    7170      43.9198
    7171      44.4983
    7172      45.5201
    7173      44.0020
    7174      46.2259
    7175      49.6206
    7176      42.0702
    7177      42.6416
    7178      43.7076
    7179      42.5069
    7180      44.3437
    7181      44.5476
    7182      46.3634
    7183      44.7732
    7184      43.6924
    7185      47.7592
    7186      47.6735
    7187      40.6941
    7188      42.0365
    7189      41.7747
    7190      45.0462
    7191      44.3758
    7192      42.4231
    7193      41.5415
    7194      42.8818
    7195      42.9193
    7196      43.4975
    7197      45.6852
    7198      43.5265
    7199      43.3160
    7200      43.6733
    7201      42.5589
    7202      38.9596
    7203      46.1387
    7204      44.2733
    7205      41.8757
    7206      43.7724
    7207      46.4633
    7208      46.1211
    7209      44.8202
    7210      45.2144
    7211      42.3164
    7212      42.9525
    7213      41.8301
    7214      42.4912
    7215      42.1698
    7216      42.6821
    7217      46.0868
    7218      44.8289
    7219      43.9837
    7220      47.5204
    7221      49.0151
    7222      51.7629
    7223      48.7687
    7224      49.4723
    7225      51.6436
    7226      48.0957
    7227      46.5519
    7228      46.3089
    7229      43.5471
    7230      44.7981
    7231      44.4591
    7232      43.8318
    7233      45.0247
    7234      41.7469
    7235      43.2665
    7236      44.8336
    7237      41.5589
    7238      42.4706
    7239      43.3924
    7240      43.7318
    7241      39.9809
    7242      40.4325
    7243      42.1221
    7244      39.6158
    7245      40.9340
    7246      43.6917
    7247      42.7169
    7248      43.0774
    7249      45.5607
    7250      43.2586
    7251      43.1402
    7252      42.9554
    7253      42.4061
    7254      43.6646
    7255      44.9133
    7256      41.3080
    7257      42.0332
    7258      41.1526
    7259      43.1952
    7260      44.0266
    7261      42.7489
    7262      44.1190
    7263      42.5116
    7264      43.3225
    7265      41.5674
    7266      40.2274
    7267      43.9797
    7268      45.2402
    7269      45.4888
    7270      43.1326
    7271      44.2268
    7272      42.1267
    7273      44.6707
    7274      44.3989
    7275      45.2938
    7276      43.9433
    7277      44.8302
    7278      41.5580
    7279      44.2316
    7280      44.3681
    7281      44.8615
    7282      45.3680
    7283      44.7158
    7284      44.3626
    7285      43.7386
    7286      39.0705
    7287      42.9229
    7288      40.8799
    7289      44.4032
    7290      41.5852
    7291      41.5269
    7292      42.6780
    7293      44.7001
    7294      43.9834
    7295      49.5891
    7296      48.8547
    7297      46.2626
    7298      49.4225
    7299      50.7432
    7300      53.5051
    7301      45.6594
    7302      49.5373
    7303      55.1847
    7304      53.4360
    7305      54.2011
    7306      52.1643
    7307      51.3762
    7308      49.6126
    7309      53.1145
    7310      51.1522
    7311      56.1023
    7312      56.3298
    7313      53.3001
    7314      51.4300
    7315      51.7575
    7316      47.6952
    7317      49.2320
    7318      50.6992
    7319      44.9006
    7320      47.3989
    7321      47.6542
    7322      45.6120
    7323      45.8304
    7324      41.4804
    7325      42.1056
    7326      42.6094
    7327      43.2734
    7328      41.7683
    7329      47.5670
    7330      48.9791
    7331      46.4358
    7332      51.6793
    7333      48.5594
    7334      45.9929
    7335      46.4014
    7336      46.8174
    7337      53.6271
    7338      51.3957
    7339      44.8821
    7340      48.1764
    7341      53.4941
    7342      57.1128
    7343      57.4846
    7344      53.9106
    7345      52.3021
    7346      48.8344
    7347      49.0569
    7348      47.4176
    7349      46.5536
    7350      43.8895
    7351      42.0329
    7352      45.8169
    7353      47.8308
    7354      48.7499
    7355      47.0999
    7356      43.8494
    7357      44.9943
    7358      44.9528
    7359      46.9235
    7360      52.1127
    7361      46.5962
    7362      50.8556
    7363      47.1784
    7364      46.1018
    7365      47.1030
    7366      45.6084
    7367      47.8026
    7368      48.9239
    7369      49.5759
    7370      52.7371
    7371      48.7972
    7372      47.4799
    7373      45.5852
    7374      46.0783
    7375      47.3165
    7376      50.5623
    7377      49.3419
    7378      49.9269
    7379      51.3007
    7380      50.7667
    7381      49.8203
    7382      49.9447
    7383      51.5909
    7384      51.9908
    7385      56.3142
    7386      55.5441
    7387      53.9834
    7388      51.9929
    7389      53.5281
    7390      52.9569
    7391      55.6185
    7392      59.1865
    7393      59.9595
    7394      59.8785
    7395      55.7025
    7396      53.1338
    7397      56.0904
    7398      53.0991
    7399      50.1892
    7400      47.2711
    7401      50.5074
    7402      54.4025
    7403      53.2938
    7404      51.4256
    7405      56.5651
    7406      56.9426
    7407      58.7296
    7408      60.5565
    7409      57.9565
    7410      58.5041
    7411      54.3951
    7412      52.4813
    7413      54.9702
    7414      61.2140
    7415      56.9293
    7416      54.0190
    7417      52.7238
    7418      50.8145
    7419      52.9067
    7420      49.6322
    7421      47.5665
    7422      48.4616
    7423      48.7723
    7424      49.4916
    7425      45.8286
    7426      47.4178
    7427      44.4239
    7428      45.9154
    7429      44.8859
    7430      42.7381
    7431      43.5848
    7432      46.8437
    7433      49.6777
    7434      50.3841
    7435      50.7330
    7436      51.2265
    7437      48.9537
    7438      48.3172
    7439      47.1507
    7440      48.2074
    7441      49.9552
    7442      53.2245
    7443      47.4025
    7444      50.6627
    7445      48.6375
    7446      46.7052
    7447      45.2137
    7448      45.3169
    7449      45.6836
    7450      42.3844
    7451      46.2182
    7452      45.9348
    7453      44.9659
    7454      44.7587
    7455      46.5717
    7456      49.1217
    7457      45.5051
    7458      49.2096
    7459      47.8058
    7460      46.4649
    7461      49.3304
    7462      48.2375
    7463      44.6489
    7464      42.3492
    7465      42.8876
    7466      42.5999
    7467      42.3826
    7468      41.6916
    7469      41.6378
    7470      40.8183
    7471      41.6865
    7472      42.1691
    7473      42.5263
    7474      43.5093
    7475      43.9440
    7476      42.5262
    7477      42.8902
    7478      43.9628
    7479      43.2228
    7480      48.1449
    7481      43.5017
    7482      42.0777
    7483      42.7826
    7484      42.7601
    7485      44.6898
    7486      44.0645
    7487      45.2022
    7488      44.9291
    7489      42.9799
    7490      46.2102
    7491      45.4293
    7492      45.3655
    7493      44.6371
    7494      45.3666
    7495      43.4704
    7496      43.2703
    7497      47.2592
    7498      46.0674
    7499      44.3712
    7500      45.3764
    7501      45.9356
    7502      44.4794
    7503      45.9965
    7504      46.8607
    7505      50.9703
    7506      46.4363
    7507      48.7960
    7508      48.4372
    7509      43.5634
    7510      50.1941
    7511      48.4573
    7512      48.0939
    7513      46.4079
    7514      44.9439
    7515      49.4612
    7516      46.5407
    7517      45.2927
    7518      49.9160
    7519      48.2720
    7520      49.4979
    7521      46.2820
    7522      44.9067
    7523      46.8748
    7524      48.1925
    7525      47.6741
    7526      50.5613
    7527      48.3979
    7528      46.7591
    7529      44.6408
    7530      45.1082
    7531      43.0623
    7532      45.4641
    7533      48.4365
    7534      46.8732
    7535      45.7746
    7536      44.6855
    7537      43.9303
    7538      44.2549
    7539      42.6131
    7540      46.7454
    7541      48.5234
    7542      44.5451
    7543      45.0357
    7544      48.3228
    7545      45.3600
    7546      43.9039
    7547      48.0936
    7548      44.3030
    7549      48.3768
    7550      45.1655
    7551      45.8399
    7552      48.6364
    7553      47.3761
    7554      44.1138
    7555      45.0148
    7556      43.4804
    7557      47.5121
    7558      45.5105
    7559      43.5552
    7560      44.8821
    7561      48.3763
    7562      46.8634
    7563      46.4681
    7564      49.6093
    7565      47.5384
    7566      45.5665
    7567      48.4207
    7568      46.2883
    7569      44.3016
    7570      45.4117
    7571      45.7014
    7572      44.4045
    7573      43.0034
    7574      44.2495
    7575      44.7534
    7576      44.8483
    7577      44.5819
    7578      45.2638
    7579      44.5762
    7580      45.2539
    7581      45.7700
    7582      45.8411
    7583      45.4900
    7584      44.6452
    7585      44.2053
    7586      43.0183
    7587      46.0765
    7588      43.9323
    7589      44.4290
    7590      47.2876
    7591      47.2641
    7592      48.9162
    7593      45.6094
    7594      48.9998
    7595      44.1861
    7596      46.6725
    7597      46.7337
    7598      47.0665
    7599      44.3746
    7600      42.9772
    7601      43.6708
    7602      43.4925
    7603      42.5651
    7604      43.3135
    7605      43.8241
    7606      47.6795
    7607      47.8222
    7608      48.7801
    7609      49.0462
    7610      48.9516
    7611      47.5809
    7612      47.7345
    7613      47.4293
    7614      48.4423
    7615      47.8308
    7616      47.9804
    7617      44.3680
    7618      49.5978
    7619      48.5467
    7620      47.0063
    7621      49.7127
    7622      48.8575
    7623      48.0714
    7624      46.1614
    7625      45.1559
    7626      46.0330
    7627      48.9191
    7628      47.8934
    7629      44.3343
    7630      43.2979
    7631      45.3571
    7632      45.7462
    7633      45.8401
    7634      45.8473
    7635      44.4805
    7636      44.8320
    7637      44.5782
    7638      45.6091
    7639      44.8339
    7640      43.2805
    7641      45.0690
    7642      43.4510
    7643      42.3423
    7644      41.6195
    7645      42.9508
    7646      42.2113
    7647      41.8553
    7648      44.0509
    7649      45.1183
    7650      43.8197
    7651      42.5388
    7652      40.9846
    7653      40.3970
    7654      40.7576
    7655      44.5283
    7656      45.0739
    7657      44.2166
    7658      44.4455
    7659      43.1425
    7660      42.6981
    7661      45.1091
    7662      44.6792
    7663      43.1305
    7664      45.1821
    7665      45.3929
    7666      43.3325
    7667      48.7969
    7668      46.4225
    7669      46.9196
    7670      46.3080
    7671      48.0602
    7672      47.0040
    7673      49.8146
    7674      49.6611
    7675      51.2646
    7676      54.0588
    7677      53.6189
    7678      54.5121
    7679      56.0277
    7680      53.4080
    7681      59.0925
    7682      60.1534
    7683      57.6502
    7684      54.8748
    7685      58.3531
    7686      55.6707
    7687      53.3627
    7688      54.4417
    7689      51.0069
    7690      46.0344
    7691      43.5768
    7692      43.7170
    7693      45.1606
    7694      46.7753
    7695      47.5794
    7696      48.1157
    7697      45.7552
    7698      43.1844
    7699      44.0433
    7700      44.8109
    7701      43.9324
    7702      44.1820
    7703      43.8930
    7704      44.1802
    7705      43.8866
    7706      42.6341
    7707      44.2651
    7708      42.6551
    7709      42.5985
    7710      44.3137
    7711      45.4718
    7712      44.1267
    7713      45.8164
    7714      46.1624
    7715      42.8042
    7716      46.0129
    7717      45.0254
    7718      46.4267
    7719      45.0363
    7720      47.0876
    7721      43.7337
    7722      44.3985
    7723      44.2039
    7724      43.1367
    7725      44.5768
    7726      43.3555
    7727      43.3765
    7728      43.8396
    7729      44.8931
    7730      43.6404
    7731      44.4262
    7732      44.4285
    7733      46.4973
    7734      43.7735
    7735      43.3553
    7736      44.8902
    7737      41.9816
    7738      41.3940
    7739      44.3270
    7740      44.8003
    7741      43.1002
    7742      44.8248
    7743      44.1682
    7744      45.7190
    7745      44.1778
    7746      43.3132
    7747      44.1658
    7748      43.8214
    7749      43.5573
    7750      41.9929
    7751      42.8622
    7752      42.9178
    7753      42.7790
    7754      41.8926
    7755      42.2243
    7756      42.9723
    7757      42.6254
    7758      43.2866
    7759      44.0025
    7760      41.9142
    7761      42.6896
    7762      41.0278
    7763      44.7996
    7764      44.7053
    7765      45.9828
    7766      44.9476
    7767      46.3610
    7768      45.5670
    7769      45.5256
    7770      43.5007
    7771      47.6216
    7772      47.9596
    7773      46.6787
    7774      46.2875
    7775      43.7079
    7776      44.3715
    7777      46.1562
    7778      42.4187
    7779      40.8679
    7780      43.3883
    7781      42.2333
    7782      42.4551
    7783      42.7961
    7784      44.5143
    7785      42.9464
    7786      43.0417
    7787      43.8676
    7788      43.6936
    7789      42.3340
    7790      43.4111
    7791      43.6191
    7792      42.6861
    7793      41.3207
    7794      42.1194
    7795      42.9086
    7796      41.9260
    7797      43.1173
    7798      42.1167
    7799      41.8709
    7800      44.4471
    7801      43.1801
    7802      43.6117
    7803      44.0498
    7804      43.2160
    7805      45.0323
    7806      43.7209
    7807      46.9247
    7808      45.0462
    7809      48.1434
    7810      41.9248
    7811      43.4931
    7812      42.9552
    7813      42.4037
    7814      43.0889
    7815      45.5348
    7816      46.2981
    7817      45.7810
    7818      47.3961
    7819      46.8614
    7820      48.2631
    7821      48.3105
    7822      47.5320
    7823      46.5607
    7824      47.0102
    7825      45.0362
    7826      46.8990
    7827      44.1334
    7828      45.4135
    7829      42.6855
    7830      44.3648
    7831      44.6362
    7832      43.7701
    7833      44.2775
    7834      43.0596
    7835      42.5902
    7836      43.0166
    7837      45.8810
    7838      44.9636
    7839      43.7974
    7840      42.2244
    7841      42.6680
    7842      44.4084
    7843      43.6922
    7844      44.1623
    7845      43.3332
    7846      44.2783
    7847      43.1034
    7848      43.8201
    7849      42.9193
    7850      43.4246
    7851      43.8518
    7852      43.6225
    7853      42.3088
    7854      43.8386
    7855      43.1291
    7856      41.7504
    7857      42.7462
    7858      42.7939
    7859      41.6569
    7860      42.7915
    7861      43.9166
    7862      43.0330
    7863      43.4268
    7864      43.3994
    7865      42.0622
    7866      41.7976
    7867      43.5850
    7868      42.2236
    7869      40.7809
    7870      45.0493
    7871      45.3025
    7872      44.5162
    7873      44.3072
    7874      43.5955
    7875      44.8205
    7876      45.8147
    7877      44.5286
    7878      42.1971
    7879      42.6708
    7880      44.5888
    7881      43.8273
    7882      45.8258
    7883      46.1293
    7884      45.4254
    7885      44.9375
    7886      45.2771
    7887      44.9162
    7888      45.2481
    7889      44.5494
    7890      43.7820
    7891      45.4131
    7892      44.7966
    7893      42.9913
    7894      43.9997
    7895      46.3129
    7896      46.6233
    7897      49.5590
    7898      50.6145
    7899      47.7460
    7900      47.9968
    7901      44.5862
    7902      47.1572
    7903      45.1774
    7904      47.6327
    7905      47.2720
    7906      47.5527
    7907      45.3283
    7908      46.1095
    7909      47.1979
    7910      46.1007
    7911      47.9103
    7912      44.6044
    7913      47.2987
    7914      43.6077
    7915      41.7082
    7916      42.3580
    7917      43.9177
    7918      44.3369
    7919      43.4778
    7920      40.6845
    7921      44.0862
    7922      44.9311
    7923      43.4801
    7924      44.1315
    7925      42.2005
    7926      43.3792
    7927      43.3625
    7928      42.8390
    7929      44.0414
    7930      45.2400
    7931      43.5057
    7932      43.9859
    7933      44.6829
    7934      45.5315
    7935      44.2280
    7936      47.1873
    7937      46.2991
    7938      47.8239
    7939      42.6885
    7940      43.8243
    7941      44.6566
    7942      46.0253
    7943      45.1191
    7944      47.2478
    7945      47.9574
    7946      45.3140
    7947      47.2802
    7948      48.4012
    7949      51.6707
    7950      51.8116
    7951      52.6244
    7952      52.8694
    7953      52.4223
    7954      47.2293
    7955      42.5022
    7956      44.0719
    7957      46.3469
    7958      45.0648
    7959      44.5068
    7960      45.0046
    7961      44.5776
    7962      46.8633
    7963      45.3368
    7964      41.9643
    7965      43.6893
    7966      42.0295
    7967      43.2984
    7968      43.6650
    7969      43.5522
    7970      45.5264
    7971      46.4453
    7972      44.5750
    7973      45.2204
    7974      45.7998
    7975      45.9069
    7976      44.9915
    7977      47.7760
    7978      47.9714
    7979      45.4572
    7980      43.8995
    7981      41.0752
    7982      42.0861
    7983      44.9517
    7984      45.0640
    7985      43.8820
    7986      45.7713
    7987      47.0531
    7988      45.5139
    7989      44.1317
    7990      41.1254
    7991      43.8981
    7992      44.7027
    7993      44.7015
    7994      45.4649
    7995      44.3127
    7996      44.5122
    7997      44.6250
    7998      45.0451
    7999      43.8031
    8000      46.9472
