#Frame     end-to-end
       1      42.7052
       2      42.1938
       3      42.2210
       4      40.7191
       5      41.4454
       6      42.5196
       7      43.2735
       8      41.4189
       9      42.8407
      10      41.5423
      11      41.7010
      12      41.4633
      13      42.4526
      14      40.9536
      15      39.8175
      16      41.5115
      17      40.2214
      18      40.0437
      19      40.7320
      20      40.7026
      21      40.9352
      22      39.7002
      23      40.0296
      24      40.0229
      25      40.2224
      26      40.3444
      27      39.5470
      28      39.0290
      29      39.8388
      30      39.4929
      31      39.1654
      32      39.8982
      33      39.4061
      34      39.3022
      35      39.4970
      36      39.7440
      37      39.2740
      38      39.8638
      39      40.1973
      40      38.5453
      41      39.8063
      42      39.6380
      43      39.5527
      44      39.8144
      45      39.1752
      46      38.9701
      47      39.8415
      48      38.9954
      49      39.4210
      50      38.7918
      51      39.8444
      52      39.6620
      53      40.2825
      54      39.7768
      55      41.2166
      56      39.3059
      57      40.5338
      58      40.3234
      59      40.4875
      60      39.1213
      61      39.4654
      62      39.6766
      63      39.7812
      64      40.6263
      65      39.6220
      66      39.7756
      67      40.3269
      68      40.1060
      69      39.9923
      70      39.5198
      71      40.1902
      72      39.9325
      73      39.1434
      74      39.7317
      75      39.6370
      76      40.1372
      77      40.4153
      78      41.4281
      79      41.0755
      80      40.9860
      81      39.4240
      82      41.3143
      83      40.8025
      84      40.9625
      85      42.0123
      86      41.8260
      87      39.7877
      88      40.3768
      89      39.8595
      90      40.7246
      91      40.9125
      92      38.4278
      93      40.4236
      94      40.2727
      95      41.0551
      96      39.6386
      97      40.0006
      98      41.8004
      99      38.7891
     100      39.5000
     101      40.6070
     102      39.4943
     103      40.7489
     104      40.3314
     105      40.6711
     106      40.2356
     107      39.6893
     108      39.3902
     109      40.0730
     110      40.1660
     111      39.7205
     112      39.2208
     113      39.8202
     114      39.3905
     115      39.4502
     116      39.5496
     117      39.6072
     118      39.9082
     119      39.4628
     120      40.5184
     121      39.9161
     122      40.6034
     123      39.3010
     124      40.7235
     125      38.9205
     126      39.9771
     127      40.0333
     128      39.0975
     129      39.5732
     130      40.0693
     131      40.2710
     132      39.0718
     133      38.9558
     134      39.0698
     135      39.7124
     136      39.3960
     137      38.7525
     138      38.6881
     139      39.0845
     140      38.7310
     141      38.9018
     142      38.8978
     143      39.0816
     144      39.6557
     145      39.9504
     146      39.6389
     147      39.8267
     148      40.5426
     149      40.8260
     150      40.0732
     151      39.4747
     152      40.6471
     153      40.6031
     154      42.4456
     155      39.9686
     156      40.8350
     157      40.7237
     158      40.4274
     159      40.5490
     160      40.4482
     161      40.8272
     162      40.7380
     163      41.2792
     164      41.4189
     165      41.3551
     166      40.6318
     167      40.2105
     168      40.9445
     169      40.6518
     170      41.0823
     171      41.0466
     172      41.0628
     173      40.4199
     174      41.3234
     175      40.5890
     176      40.4166
     177      41.0578
     178      40.7369
     179      41.6061
     180      39.9275
     181      41.0848
     182      39.9802
     183      41.0531
     184      40.7505
     185      39.9844
     186      39.4029
     187      39.0343
     188      40.0029
     189      39.8901
     190      40.3193
     191      40.1923
     192      39.4104
     193      40.1230
     194      40.3862
     195      40.9843
     196      40.1916
     197      39.5223
     198      39.1795
     199      39.7234
     200      39.0811
     201      39.4292
     202      39.8854
     203      40.0975
     204      39.1899
     205      38.8835
     206      39.8996
     207      39.1478
     208      39.6722
     209      40.2333
     210      39.8287
     211      40.8607
     212      38.7560
     213      38.5258
     214      39.8789
     215      38.1940
     216      39.9237
     217      37.9495
     218      38.4646
     219      37.8582
     220      37.4742
     221      39.7376
     222      38.3638
     223      38.0631
     224      38.1159
     225      38.0381
     226      39.2004
     227      38.6882
     228      38.8596
     229      38.0290
     230      38.6023
     231      38.8758
     232      39.4431
     233      38.7365
     234      39.0338
     235      39.3990
     236      39.0229
     237      39.5073
     238      39.6675
     239      39.0301
     240      37.8859
     241      38.2569
     242      36.8658
     243      38.4923
     244      37.3479
     245      38.9745
     246      38.6945
     247      39.2967
     248      38.9731
     249      39.0115
     250      38.2834
     251      39.4278
     252      38.1585
     253      38.4217
     254      39.2055
     255      39.3901
     256      39.5484
     257      38.8490
     258      37.8055
     259      38.0877
     260      38.5598
     261      38.5630
     262      38.8271
     263      38.3999
     264      38.6782
     265      38.4954
     266      38.2585
     267      39.0677
     268      38.7260
     269      38.3467
     270      38.3927
     271      38.8837
     272      38.7776
     273      38.3010
     274      38.3659
     275      38.8379
     276      39.5897
     277      38.8394
     278      38.6491
     279      38.5310
     280      38.9139
     281      40.0760
     282      39.0428
     283      39.8386
     284      40.0938
     285      38.8336
     286      38.5966
     287      38.4759
     288      38.6358
     289      40.1986
     290      39.2680
     291      38.7800
     292      39.1927
     293      38.6537
     294      39.4586
     295      39.5159
     296      39.2460
     297      39.0496
     298      40.5597
     299      40.0993
     300      39.5295
     301      39.4749
     302      39.5572
     303      38.4299
     304      39.0302
     305      39.0820
     306      39.3549
     307      40.3160
     308      39.2094
     309      38.4842
     310      38.4403
     311      38.5918
     312      37.4515
     313      37.9782
     314      38.7662
     315      38.6127
     316      39.3524
     317      39.8173
     318      39.6288
     319      38.7323
     320      38.9467
     321      39.7219
     322      39.8710
     323      38.5424
     324      38.8621
     325      39.1013
     326      38.1979
     327      38.5594
     328      39.5652
     329      40.1089
     330      38.9219
     331      39.7159
     332      39.4831
     333      39.1149
     334      40.5577
     335      40.4657
     336      41.1495
     337      39.9694
     338      39.3477
     339      39.5021
     340      38.7927
     341      38.0191
     342      38.7276
     343      38.8441
     344      39.2406
     345      39.0993
     346      38.8050
     347      38.2421
     348      39.0416
     349      39.4216
     350      39.5943
     351      39.7697
     352      39.5137
     353      40.3888
     354      39.2608
     355      40.8320
     356      39.4869
     357      39.2737
     358      39.2151
     359      39.6047
     360      39.4841
     361      39.7167
     362      39.6400
     363      39.7719
     364      40.1174
     365      39.3258
     366      40.2632
     367      40.1934
     368      39.9687
     369      38.0882
     370      39.7400
     371      39.5571
     372      39.8076
     373      41.0830
     374      39.6350
     375      40.2461
     376      40.1409
     377      39.3942
     378      39.9636
     379      39.6478
     380      39.7824
     381      39.5388
     382      40.1449
     383      40.7666
     384      39.6695
     385      40.6453
     386      39.4270
     387      39.5821
     388      40.5850
     389      39.8224
     390      39.8133
     391      40.3233
     392      40.4236
     393      40.2149
     394      40.0321
     395      39.7145
     396      39.4461
     397      40.0523
     398      39.9264
     399      39.9302
     400      40.9038
     401      39.9678
     402      40.6765
     403      40.0929
     404      39.9427
     405      39.7955
     406      39.5928
     407      39.7811
     408      39.3829
     409      39.6499
     410      40.3143
     411      40.1004
     412      39.3504
     413      39.4140
     414      38.7399
     415      40.6107
     416      40.2962
     417      38.7161
     418      39.2413
     419      39.3015
     420      38.7281
     421      39.8949
     422      39.7460
     423      39.8115
     424      38.5237
     425      38.6102
     426      39.1484
     427      38.8242
     428      39.9642
     429      40.0042
     430      39.8015
     431      38.8456
     432      39.4561
     433      39.5349
     434      38.4952
     435      39.0442
     436      39.1889
     437      39.3575
     438      39.5825
     439      40.2983
     440      39.6932
     441      38.9066
     442      39.7847
     443      40.1719
     444      40.0005
     445      40.7781
     446      40.3435
     447      39.7442
     448      40.2096
     449      39.4576
     450      39.5288
     451      38.4361
     452      39.0699
     453      39.1103
     454      38.6846
     455      39.1844
     456      39.6928
     457      39.2913
     458      38.9424
     459      39.5423
     460      39.3402
     461      39.1152
     462      39.1726
     463      39.2123
     464      38.6119
     465      38.7943
     466      39.3543
     467      39.0498
     468      38.3717
     469      39.5052
     470      38.8273
     471      39.0809
     472      39.5905
     473      40.2036
     474      39.3715
     475      39.2728
     476      39.7682
     477      39.2146
     478      39.2447
     479      39.5605
     480      39.2499
     481      38.7197
     482      39.2006
     483      40.0542
     484      39.1429
     485      39.5813
     486      39.2334
     487      39.7909
     488      39.3487
     489      39.0707
     490      38.4453
     491      38.8887
     492      38.4713
     493      37.8565
     494      38.6483
     495      38.6320
     496      39.3799
     497      39.6926
     498      38.9538
     499      38.5158
     500      38.6581
     501      38.4825
     502      39.8117
     503      39.0326
     504      38.0783
     505      38.9946
     506      39.1177
     507      39.4201
     508      38.7221
     509      38.7074
     510      38.8083
     511      38.8102
     512      40.1847
     513      39.6229
     514      37.9592
     515      39.2616
     516      40.6277
     517      38.9984
     518      38.6713
     519      40.1330
     520      40.3506
     521      39.5388
     522      38.7285
     523      38.6656
     524      39.3167
     525      40.3362
     526      38.9069
     527      40.2557
     528      39.1177
     529      40.5338
     530      40.5941
     531      40.1541
     532      39.9871
     533      40.8938
     534      41.3143
     535      41.1547
     536      41.3181
     537      41.1668
     538      41.5245
     539      39.9694
     540      40.5230
     541      39.2292
     542      39.9419
     543      40.1590
     544      38.5702
     545      40.2846
     546      39.2171
     547      39.1260
     548      39.0087
     549      39.6214
     550      39.5072
     551      39.8807
     552      39.5705
     553      40.1263
     554      39.9465
     555      39.0590
     556      39.9915
     557      38.5062
     558      40.4674
     559      40.1629
     560      39.6817
     561      39.7143
     562      39.3953
     563      39.0958
     564      40.2876
     565      39.9953
     566      39.9941
     567      40.2988
     568      40.2351
     569      40.3283
     570      39.8735
     571      40.7999
     572      39.7961
     573      40.5094
     574      39.4498
     575      41.0316
     576      39.9683
     577      39.9171
     578      37.8718
     579      38.6759
     580      39.4348
     581      39.2023
     582      39.6348
     583      40.2439
     584      39.4523
     585      40.0705
     586      39.6093
     587      38.7337
     588      39.1299
     589      40.2416
     590      39.0531
     591      37.9492
     592      39.3386
     593      39.6748
     594      40.2677
     595      39.0341
     596      39.4285
     597      39.6277
     598      40.2485
     599      40.2270
     600      39.5854
     601      39.7698
     602      39.6118
     603      39.6536
     604      40.6004
     605      39.8314
     606      40.0512
     607      39.7250
     608      39.1370
     609      40.3289
     610      40.6014
     611      40.7463
     612      38.9395
     613      39.4627
     614      39.3925
     615      38.9497
     616      40.6439
     617      39.6345
     618      39.9148
     619      40.4423
     620      38.5458
     621      39.7324
     622      39.6857
     623      39.7646
     624      39.9973
     625      39.2652
     626      39.5485
     627      41.7242
     628      40.0311
     629      39.7505
     630      39.5034
     631      39.8577
     632      39.8404
     633      40.1125
     634      40.8194
     635      39.3499
     636      40.6429
     637      40.1930
     638      40.5731
     639      40.4257
     640      39.9510
     641      39.6733
     642      39.6920
     643      39.7798
     644      40.0153
     645      39.2522
     646      39.9121
     647      38.0687
     648      39.9685
     649      39.6879
     650      39.0887
     651      40.2328
     652      40.2171
     653      39.7659
     654      39.1183
     655      39.2191
     656      39.8417
     657      38.4978
     658      38.9586
     659      39.4012
     660      39.1117
     661      39.8774
     662      38.8912
     663      39.5193
     664      39.6043
     665      40.8248
     666      41.0540
     667      41.3508
     668      41.2205
     669      40.8900
     670      40.3263
     671      39.5340
     672      38.8409
     673      39.1324
     674      39.6264
     675      39.0116
     676      40.5539
     677      40.9797
     678      40.8469
     679      40.0608
     680      41.5346
     681      41.3915
     682      39.8672
     683      40.9720
     684      40.8883
     685      41.9831
     686      39.9337
     687      41.1355
     688      40.0387
     689      40.3581
     690      39.5406
     691      39.8350
     692      39.1402
     693      38.7866
     694      39.8929
     695      39.3569
     696      40.0034
     697      39.1404
     698      39.1546
     699      39.5241
     700      39.8379
     701      38.7827
     702      39.3818
     703      40.6283
     704      39.6878
     705      39.7110
     706      39.5375
     707      39.2083
     708      39.1579
     709      39.3604
     710      40.0405
     711      40.9296
     712      38.3398
     713      38.3672
     714      39.3258
     715      40.0855
     716      39.2922
     717      39.8528
     718      39.8505
     719      39.2156
     720      38.9457
     721      39.5385
     722      39.1425
     723      38.7491
     724      40.5298
     725      40.0513
     726      42.0480
     727      38.5181
     728      39.4038
     729      38.7918
     730      39.8418
     731      39.9434
     732      39.6111
     733      39.8445
     734      40.0998
     735      38.7807
     736      39.5623
     737      39.0362
     738      39.2451
     739      39.1280
     740      38.4333
     741      38.6837
     742      39.6819
     743      39.5739
     744      39.4692
     745      39.8474
     746      38.6705
     747      37.7501
     748      38.2854
     749      39.2880
     750      39.4119
     751      38.9940
     752      39.4672
     753      39.1104
     754      39.1517
     755      39.1538
     756      38.5312
     757      39.1301
     758      39.9229
     759      38.0523
     760      40.2646
     761      40.3029
     762      40.2719
     763      39.6927
     764      39.6956
     765      40.5287
     766      39.3099
     767      40.2910
     768      40.0682
     769      39.3132
     770      40.1989
     771      40.3229
     772      40.5241
     773      39.3393
     774      40.3637
     775      40.0267
     776      39.6401
     777      39.8125
     778      40.0319
     779      40.0960
     780      39.3031
     781      39.1950
     782      39.9322
     783      39.5408
     784      39.6201
     785      38.5755
     786      38.6193
     787      39.9894
     788      39.3252
     789      40.5230
     790      40.4129
     791      39.9872
     792      39.6596
     793      39.6630
     794      39.2468
     795      39.3687
     796      40.7398
     797      40.4705
     798      41.6645
     799      40.5164
     800      40.7947
     801      40.0618
     802      40.2626
     803      40.7545
     804      41.3103
     805      39.8372
     806      40.2051
     807      39.3319
     808      40.7937
     809      40.4284
     810      41.4989
     811      40.2516
     812      40.8138
     813      40.9075
     814      39.9017
     815      40.4106
     816      40.5608
     817      40.6547
     818      40.4954
     819      41.7231
     820      41.3884
     821      41.4512
     822      41.3856
     823      41.5748
     824      41.1501
     825      41.0825
     826      41.6115
     827      41.6183
     828      40.3511
     829      41.5162
     830      41.2601
     831      40.9320
     832      41.2350
     833      41.5886
     834      41.5093
     835      41.4658
     836      42.2436
     837      41.9205
     838      41.1995
     839      41.6674
     840      40.8377
     841      40.0960
     842      40.2627
     843      40.7872
     844      40.8637
     845      40.7538
     846      41.1872
     847      40.8654
     848      40.7482
     849      40.4972
     850      41.1124
     851      40.7308
     852      41.4328
     853      40.3150
     854      39.9660
     855      40.3094
     856      41.5996
     857      41.2701
     858      40.8841
     859      41.1616
     860      41.3847
     861      40.9926
     862      41.1245
     863      40.3767
     864      39.9995
     865      40.3434
     866      40.3163
     867      41.0740
     868      40.2792
     869      41.4822
     870      41.3585
     871      40.6704
     872      40.4518
     873      41.2157
     874      41.3577
     875      41.3934
     876      41.0703
     877      42.1260
     878      41.3191
     879      41.4343
     880      41.9701
     881      41.4415
     882      41.3743
     883      41.5895
     884      41.2935
     885      41.6204
     886      41.2676
     887      41.4046
     888      41.3503
     889      40.8685
     890      40.3009
     891      40.3589
     892      40.6084
     893      40.2874
     894      40.6440
     895      40.1381
     896      41.3462
     897      40.7431
     898      40.6948
     899      40.8732
     900      41.3777
     901      41.0591
     902      40.5500
     903      40.9610
     904      41.2919
     905      40.0389
     906      39.9156
     907      40.0859
     908      41.0165
     909      40.3833
     910      40.0762
     911      39.7236
     912      41.3244
     913      39.9113
     914      40.4992
     915      40.0734
     916      39.2741
     917      40.0197
     918      40.4384
     919      40.4484
     920      39.8554
     921      39.4725
     922      39.5674
     923      39.7910
     924      39.4357
     925      39.5151
     926      41.8497
     927      40.8030
     928      39.8710
     929      40.5222
     930      40.8364
     931      41.5902
     932      40.4570
     933      40.1706
     934      40.8461
     935      40.5618
     936      41.5149
     937      39.8494
     938      40.2009
     939      40.8724
     940      41.0819
     941      40.8268
     942      40.5061
     943      39.7900
     944      39.9335
     945      40.9821
     946      40.6467
     947      39.6526
     948      39.3299
     949      40.0292
     950      39.6875
     951      39.9606
     952      41.4245
     953      39.8767
     954      40.4325
     955      40.6435
     956      40.6634
     957      41.1786
     958      40.8303
     959      40.2426
     960      40.4544
     961      40.6324
     962      39.8481
     963      40.1608
     964      41.1619
     965      40.4268
     966      40.4861
     967      40.3344
     968      39.7058
     969      40.9886
     970      39.5114
     971      41.0364
     972      41.4166
     973      40.9775
     974      42.1111
     975      40.8535
     976      41.3542
     977      40.2880
     978      40.4115
     979      42.0313
     980      40.6279
     981      41.2301
     982      40.8241
     983      40.1699
     984      40.1916
     985      40.8676
     986      40.9927
     987      39.8521
     988      40.3292
     989      40.1324
     990      39.4498
     991      40.0775
     992      40.6958
     993      40.3802
     994      40.6121
     995      40.5631
     996      39.8281
     997      41.0562
     998      39.8426
     999      40.5817
    1000      40.5744
    1001      41.3779
    1002      40.8627
    1003      41.0669
    1004      40.8802
    1005      41.7670
    1006      40.2939
    1007      40.7224
    1008      40.0683
    1009      40.4618
    1010      40.6561
    1011      40.6061
    1012      40.0636
    1013      40.3308
    1014      39.3844
    1015      40.9992
    1016      40.7200
    1017      40.9485
    1018      40.6164
    1019      40.0521
    1020      40.4275
    1021      40.3502
    1022      40.4609
    1023      40.7114
    1024      41.5697
    1025      40.6767
    1026      41.2891
    1027      40.6649
    1028      42.2841
    1029      41.2687
    1030      40.6443
    1031      41.1354
    1032      40.8089
    1033      41.0923
    1034      41.7532
    1035      41.7361
    1036      39.6117
    1037      40.3248
    1038      40.6035
    1039      40.0702
    1040      39.9180
    1041      40.5516
    1042      41.1557
    1043      41.1658
    1044      40.6366
    1045      42.8688
    1046      41.3752
    1047      41.4591
    1048      40.9312
    1049      40.2711
    1050      40.7328
    1051      39.9878
    1052      40.1499
    1053      40.4988
    1054      40.1996
    1055      40.6688
    1056      40.5974
    1057      41.0402
    1058      40.7580
    1059      41.0670
    1060      40.6157
    1061      40.1765
    1062      40.3493
    1063      40.0904
    1064      40.3172
    1065      41.9454
    1066      40.1786
    1067      40.0527
    1068      40.0198
    1069      39.6529
    1070      41.0032
    1071      41.3171
    1072      41.3112
    1073      40.2985
    1074      41.7994
    1075      41.6507
    1076      41.2299
    1077      41.5677
    1078      41.7224
    1079      40.8136
    1080      41.0278
    1081      41.4696
    1082      40.8412
    1083      41.2631
    1084      40.9936
    1085      41.3895
    1086      41.2817
    1087      40.4909
    1088      41.4291
    1089      41.3810
    1090      41.0304
    1091      40.4545
    1092      40.8022
    1093      40.8933
    1094      42.7210
    1095      41.3316
    1096      41.0217
    1097      40.9149
    1098      42.6630
    1099      42.2746
    1100      41.3575
    1101      41.2045
    1102      41.8801
    1103      41.7830
    1104      41.8516
    1105      40.1318
    1106      42.8925
    1107      42.5474
    1108      42.2847
    1109      41.5700
    1110      41.4828
    1111      41.4736
    1112      40.9159
    1113      43.3619
    1114      41.3013
    1115      41.3311
    1116      42.0577
    1117      42.5834
    1118      41.6871
    1119      40.8489
    1120      41.8773
    1121      41.4851
    1122      42.2552
    1123      41.4740
    1124      42.7171
    1125      41.1431
    1126      40.8220
    1127      41.3789
    1128      41.6367
    1129      40.1955
    1130      40.3326
    1131      40.8384
    1132      42.0709
    1133      42.0358
    1134      40.6502
    1135      41.9263
    1136      41.1815
    1137      40.9865
    1138      40.6698
    1139      41.2973
    1140      40.5271
    1141      41.0618
    1142      39.7472
    1143      41.1901
    1144      41.0832
    1145      41.5466
    1146      41.4745
    1147      41.2110
    1148      41.1140
    1149      39.7682
    1150      40.9012
    1151      40.3042
    1152      41.1603
    1153      41.6786
    1154      43.4007
    1155      41.8330
    1156      41.3563
    1157      41.4731
    1158      41.7420
    1159      42.3568
    1160      42.7311
    1161      42.0946
    1162      41.3868
    1163      41.3272
    1164      42.7097
    1165      41.5992
    1166      41.8123
    1167      41.1204
    1168      41.4609
    1169      40.3857
    1170      40.0845
    1171      41.0845
    1172      40.0027
    1173      41.5024
    1174      40.7015
    1175      40.5398
    1176      40.3803
    1177      39.7900
    1178      40.2770
    1179      40.5720
    1180      40.2578
    1181      40.7985
    1182      40.1215
    1183      41.6906
    1184      41.9775
    1185      43.1333
    1186      41.9956
    1187      41.8793
    1188      42.8186
    1189      41.9796
    1190      40.7510
    1191      42.3349
    1192      41.5473
    1193      41.8298
    1194      41.6516
    1195      42.4624
    1196      42.5180
    1197      42.7214
    1198      41.5603
    1199      41.9094
    1200      42.3020
    1201      41.5507
    1202      41.5306
    1203      41.0424
    1204      41.4642
    1205      43.1697
    1206      41.7851
    1207      41.2341
    1208      42.7853
    1209      42.7059
    1210      42.5501
    1211      42.8474
    1212      42.0815
    1213      42.8595
    1214      41.8094
    1215      41.8267
    1216      42.6543
    1217      41.5542
    1218      42.6853
    1219      41.2907
    1220      42.0741
    1221      42.5618
    1222      41.6206
    1223      42.1882
    1224      42.7592
    1225      42.5635
    1226      43.0594
    1227      42.5071
    1228      42.5826
    1229      42.4576
    1230      43.0632
    1231      42.5144
    1232      43.4876
    1233      43.3850
    1234      43.3045
    1235      42.1403
    1236      42.7129
    1237      42.8689
    1238      42.0157
    1239      42.7569
    1240      42.7963
    1241      42.1742
    1242      43.5713
    1243      42.7471
    1244      41.7597
    1245      42.0463
    1246      42.3665
    1247      42.3025
    1248      42.9323
    1249      42.8986
    1250      42.2480
    1251      42.8309
    1252      42.3162
    1253      42.4020
    1254      42.4366
    1255      41.8114
    1256      41.4776
    1257      41.4591
    1258      41.9696
    1259      42.3046
    1260      42.0942
    1261      42.5455
    1262      41.7737
    1263      42.2354
    1264      42.4042
    1265      42.8589
    1266      41.9945
    1267      42.8912
    1268      42.3727
    1269      40.7846
    1270      41.6492
    1271      42.1151
    1272      41.5424
    1273      40.9160
    1274      42.6272
    1275      42.2328
    1276      40.9201
    1277      42.6512
    1278      41.6081
    1279      40.6375
    1280      41.6675
    1281      41.3412
    1282      42.0889
    1283      41.8381
    1284      42.2956
    1285      42.0698
    1286      42.6515
    1287      41.4147
    1288      42.1921
    1289      42.3022
    1290      42.1783
    1291      40.7953
    1292      40.1662
    1293      40.6450
    1294      40.1638
    1295      41.6754
    1296      41.3649
    1297      41.1560
    1298      41.4367
    1299      41.5164
    1300      41.8012
    1301      39.6620
    1302      40.5098
    1303      40.1237
    1304      39.8205
    1305      39.9674
    1306      39.0867
    1307      39.4913
    1308      40.8048
    1309      39.8998
    1310      39.1126
    1311      39.6952
    1312      39.6475
    1313      39.5903
    1314      40.7660
    1315      39.1001
    1316      39.5465
    1317      39.6283
    1318      40.2980
    1319      40.4498
    1320      39.4218
    1321      39.4361
    1322      39.7788
    1323      40.5674
    1324      39.8149
    1325      40.6068
    1326      40.2591
    1327      40.0512
    1328      39.8954
    1329      40.4269
    1330      40.7370
    1331      40.9698
    1332      39.7272
    1333      40.3896
    1334      39.0764
    1335      38.8980
    1336      39.6851
    1337      39.4050
    1338      39.1634
    1339      39.6740
    1340      40.0791
    1341      40.7528
    1342      39.5980
    1343      40.9019
    1344      40.3860
    1345      40.9975
    1346      39.5249
    1347      41.2755
    1348      40.4667
    1349      40.3137
    1350      40.6527
    1351      40.5025
    1352      41.3304
    1353      41.4906
    1354      41.1276
    1355      39.6380
    1356      40.0129
    1357      40.7174
    1358      41.4626
    1359      40.6595
    1360      41.3425
    1361      41.3443
    1362      40.4107
    1363      40.6142
    1364      39.5182
    1365      40.1190
    1366      40.9681
    1367      40.8290
    1368      40.5439
    1369      40.2229
    1370      39.9750
    1371      40.3582
    1372      39.3539
    1373      40.0083
    1374      39.7711
    1375      41.1937
    1376      41.5862
    1377      41.4306
    1378      40.1983
    1379      40.9232
    1380      40.8635
    1381      38.5699
    1382      39.9992
    1383      40.5124
    1384      39.7991
    1385      40.7353
    1386      39.3860
    1387      40.8472
    1388      39.3616
    1389      40.1558
    1390      40.5767
    1391      39.7672
    1392      39.1508
    1393      39.6527
    1394      39.6514
    1395      39.9495
    1396      38.9756
    1397      40.2916
    1398      38.9570
    1399      39.7628
    1400      39.0849
    1401      38.9590
    1402      39.5179
    1403      41.4283
    1404      40.1622
    1405      40.2907
    1406      40.1282
    1407      40.6930
    1408      40.8130
    1409      40.2472
    1410      39.5939
    1411      39.8939
    1412      39.7892
    1413      40.2269
    1414      40.2191
    1415      41.1149
    1416      40.6374
    1417      40.6163
    1418      39.7970
    1419      40.2040
    1420      41.2922
    1421      39.7499
    1422      39.8787
    1423      39.2749
    1424      40.4695
    1425      39.7215
    1426      39.4023
    1427      39.0689
    1428      38.8474
    1429      38.7998
    1430      38.2519
    1431      39.3032
    1432      39.8215
    1433      40.1627
    1434      39.6295
    1435      40.7696
    1436      40.4875
    1437      40.2025
    1438      40.2423
    1439      40.2386
    1440      39.8264
    1441      40.0782
    1442      39.7934
    1443      39.3209
    1444      39.5848
    1445      39.5993
    1446      40.0392
    1447      39.2449
    1448      38.4926
    1449      38.8807
    1450      39.6792
    1451      39.9458
    1452      39.3581
    1453      39.3074
    1454      40.0022
    1455      40.6377
    1456      40.5427
    1457      40.4796
    1458      41.2093
    1459      40.4665
    1460      40.0700
    1461      40.1290
    1462      40.0093
    1463      40.6912
    1464      39.8721
    1465      39.0793
    1466      40.3117
    1467      40.5326
    1468      41.1767
    1469      41.5416
    1470      40.5172
    1471      39.9043
    1472      40.0644
    1473      40.2480
    1474      40.9348
    1475      41.0611
    1476      40.1714
    1477      40.7068
    1478      39.5164
    1479      40.3182
    1480      40.1916
    1481      40.4201
    1482      41.6170
    1483      41.3641
    1484      40.6340
    1485      40.9743
    1486      39.6392
    1487      40.6366
    1488      40.2247
    1489      39.4530
    1490      39.2110
    1491      39.7577
    1492      39.2698
    1493      39.3223
    1494      40.9534
    1495      39.5956
    1496      40.3619
    1497      40.6666
    1498      40.2963
    1499      39.8492
    1500      39.8111
    1501      41.0568
    1502      40.5665
    1503      39.7175
    1504      40.5353
    1505      40.0861
    1506      40.9594
    1507      39.4800
    1508      40.0061
    1509      41.4599
    1510      41.0861
    1511      40.0012
    1512      40.5578
    1513      39.2107
    1514      39.9656
    1515      40.3549
    1516      40.5851
    1517      40.4077
    1518      40.6013
    1519      41.2648
    1520      39.7654
    1521      41.4161
    1522      41.1536
    1523      40.9411
    1524      41.2670
    1525      40.9046
    1526      40.3943
    1527      39.8009
    1528      39.7095
    1529      40.0878
    1530      40.1678
    1531      39.3099
    1532      40.8943
    1533      40.0629
    1534      39.7863
    1535      39.6635
    1536      39.6424
    1537      39.2569
    1538      40.5760
    1539      40.9957
    1540      40.7224
    1541      39.5250
    1542      40.3922
    1543      39.1341
    1544      39.7341
    1545      39.7068
    1546      38.8995
    1547      39.8269
    1548      40.0134
    1549      40.6467
    1550      41.3728
    1551      41.6867
    1552      41.0028
    1553      40.2001
    1554      41.2378
    1555      41.0103
    1556      40.4488
    1557      40.5519
    1558      39.6783
    1559      39.6779
    1560      40.4214
    1561      40.4191
    1562      39.9385
    1563      40.9009
    1564      40.9273
    1565      39.7509
    1566      40.1299
    1567      40.9750
    1568      41.4420
    1569      40.1271
    1570      40.5759
    1571      40.9828
    1572      39.2079
    1573      40.0749
    1574      40.9505
    1575      40.8595
    1576      40.9088
    1577      41.5063
    1578      41.1193
    1579      40.6294
    1580      41.0791
    1581      40.4588
    1582      40.5777
    1583      40.3234
    1584      39.9544
    1585      40.0757
    1586      39.9902
    1587      41.1953
    1588      40.2788
    1589      40.7765
    1590      41.8447
    1591      40.9601
    1592      41.7322
    1593      40.7133
    1594      41.1140
    1595      41.7491
    1596      41.5058
    1597      41.5454
    1598      40.8066
    1599      40.3672
    1600      40.3345
    1601      40.3847
    1602      39.2191
    1603      40.0182
    1604      40.2072
    1605      41.3894
    1606      39.9501
    1607      40.2889
    1608      39.5406
    1609      39.9580
    1610      40.1100
    1611      40.3752
    1612      39.2921
    1613      39.6808
    1614      40.5579
    1615      40.4513
    1616      41.0324
    1617      40.5328
    1618      39.9495
    1619      40.1699
    1620      40.1151
    1621      41.2367
    1622      39.8471
    1623      39.7143
    1624      40.4328
    1625      41.2875
    1626      40.0420
    1627      40.0028
    1628      39.9451
    1629      41.5444
    1630      40.8660
    1631      40.5187
    1632      39.9522
    1633      40.5277
    1634      40.5227
    1635      40.8458
    1636      39.7116
    1637      40.1753
    1638      40.3809
    1639      40.7328
    1640      40.7845
    1641      40.3601
    1642      40.6165
    1643      40.4446
    1644      39.9990
    1645      40.6376
    1646      39.9324
    1647      41.1691
    1648      41.1926
    1649      40.2547
    1650      40.4468
    1651      40.4736
    1652      40.1998
    1653      40.5589
    1654      41.5072
    1655      40.4650
    1656      40.1487
    1657      40.8390
    1658      40.6071
    1659      41.1492
    1660      40.5454
    1661      39.9150
    1662      40.4721
    1663      40.8093
    1664      39.8118
    1665      40.3826
    1666      41.0546
    1667      41.2913
    1668      40.3968
    1669      40.1373
    1670      40.6977
    1671      41.3575
    1672      39.9831
    1673      40.1535
    1674      40.4287
    1675      40.1505
    1676      40.4458
    1677      40.3889
    1678      40.6566
    1679      40.1045
    1680      39.7056
    1681      39.3496
    1682      41.0317
    1683      40.5416
    1684      40.5255
    1685      40.6166
    1686      40.6360
    1687      40.1087
    1688      39.8517
    1689      40.8195
    1690      39.7227
    1691      40.5575
    1692      39.7601
    1693      40.4435
    1694      40.5429
    1695      41.0849
    1696      40.8891
    1697      41.1409
    1698      40.9976
    1699      40.5360
    1700      41.0163
    1701      40.6028
    1702      40.4753
    1703      40.0923
    1704      40.5019
    1705      40.5359
    1706      40.4662
    1707      39.6995
    1708      40.1335
    1709      41.0361
    1710      41.0482
    1711      40.4941
    1712      39.6647
    1713      40.1953
    1714      39.1423
    1715      39.6330
    1716      40.0009
    1717      41.2298
    1718      39.6455
    1719      40.7527
    1720      40.1639
    1721      39.7398
    1722      39.8590
    1723      39.9191
    1724      39.4736
    1725      40.4357
    1726      39.8101
    1727      38.7632
    1728      39.5712
    1729      39.1921
    1730      40.1690
    1731      38.9113
    1732      40.2604
    1733      40.4433
    1734      40.0040
    1735      40.4643
    1736      39.9140
    1737      40.6308
    1738      41.0605
    1739      40.9530
    1740      40.9577
    1741      40.7451
    1742      40.7272
    1743      40.6163
    1744      40.8712
    1745      39.8803
    1746      40.5612
    1747      40.6969
    1748      40.9227
    1749      39.4455
    1750      39.9597
    1751      40.6211
    1752      40.1497
    1753      40.4843
    1754      40.3682
    1755      39.8039
    1756      40.4887
    1757      40.7578
    1758      40.6727
    1759      40.6078
    1760      40.3009
    1761      41.0667
    1762      39.8731
    1763      40.3866
    1764      41.2244
    1765      40.9354
    1766      40.1723
    1767      40.2837
    1768      39.4824
    1769      40.2865
    1770      40.9321
    1771      40.4245
    1772      40.2326
    1773      40.1036
    1774      40.4197
    1775      39.8718
    1776      39.8260
    1777      40.6012
    1778      41.1015
    1779      40.8423
    1780      40.1832
    1781      40.3688
    1782      40.8494
    1783      40.6534
    1784      39.7640
    1785      39.9219
    1786      40.1583
    1787      40.4018
    1788      40.9166
    1789      40.0662
    1790      40.3995
    1791      40.6263
    1792      41.0143
    1793      40.5085
    1794      40.3895
    1795      40.1345
    1796      40.1130
    1797      40.7037
    1798      40.5249
    1799      40.6820
    1800      40.5639
    1801      39.6304
    1802      40.7784
    1803      40.3294
    1804      40.4288
    1805      40.7314
    1806      40.4126
    1807      40.6563
    1808      40.3038
    1809      40.5561
    1810      41.1132
    1811      40.5045
    1812      40.1970
    1813      40.1891
    1814      40.0568
    1815      41.2490
    1816      40.7552
    1817      40.2341
    1818      40.5733
    1819      39.7121
    1820      39.5766
    1821      40.4597
    1822      39.9972
    1823      40.9979
    1824      39.9980
    1825      40.4927
    1826      40.7870
    1827      42.0033
    1828      41.1271
    1829      40.4676
    1830      40.1337
    1831      41.1489
    1832      40.1143
    1833      40.9529
    1834      40.7053
    1835      40.7030
    1836      40.5290
    1837      40.9906
    1838      40.7434
    1839      41.4979
    1840      41.1118
    1841      40.2341
    1842      40.5701
    1843      40.5594
    1844      40.1854
    1845      39.7480
    1846      40.3931
    1847      39.6335
    1848      40.3579
    1849      40.2539
    1850      39.9865
    1851      40.7715
    1852      40.4312
    1853      40.4076
    1854      41.4003
    1855      40.8038
    1856      40.2989
    1857      40.6660
    1858      40.3980
    1859      40.9750
    1860      41.1595
    1861      40.9034
    1862      39.8058
    1863      40.1610
    1864      40.5378
    1865      40.7154
    1866      41.0976
    1867      40.0176
    1868      39.9501
    1869      41.1607
    1870      40.0981
    1871      40.8641
    1872      40.6095
    1873      40.4605
    1874      40.7539
    1875      41.6229
    1876      41.4206
    1877      40.4160
    1878      41.0969
    1879      40.2171
    1880      40.6094
    1881      41.4735
    1882      40.2789
    1883      40.9932
    1884      40.2078
    1885      41.1161
    1886      40.2627
    1887      41.7946
    1888      40.1210
    1889      40.9928
    1890      41.1631
    1891      40.3313
    1892      40.2102
    1893      40.2590
    1894      40.2395
    1895      40.7063
    1896      40.9545
    1897      39.4345
    1898      41.1975
    1899      40.5996
    1900      39.5980
    1901      39.6856
    1902      41.1352
    1903      39.8207
    1904      41.0204
    1905      40.3717
    1906      40.6847
    1907      40.2788
    1908      40.3405
    1909      40.7404
    1910      40.2893
    1911      40.7459
    1912      39.9349
    1913      39.9894
    1914      39.9163
    1915      40.6208
    1916      41.2415
    1917      40.0480
    1918      41.2772
    1919      41.1792
    1920      39.9050
    1921      40.7637
    1922      39.1654
    1923      39.7265
    1924      39.4570
    1925      38.6947
    1926      40.4585
    1927      39.2370
    1928      39.3714
    1929      38.5014
    1930      40.3086
    1931      40.3985
    1932      39.9213
    1933      39.9889
    1934      41.2807
    1935      40.7819
    1936      39.6001
    1937      40.6403
    1938      40.8098
    1939      40.0527
    1940      40.2548
    1941      40.1131
    1942      40.7356
    1943      39.9433
    1944      40.6618
    1945      41.3230
    1946      39.5334
    1947      39.1499
    1948      40.3145
    1949      39.7823
    1950      39.1064
    1951      40.6274
    1952      39.6064
    1953      40.5106
    1954      39.7778
    1955      40.3955
    1956      39.9176
    1957      39.6059
    1958      40.4626
    1959      40.2564
    1960      40.5095
    1961      40.5491
    1962      40.3660
    1963      39.4643
    1964      39.3701
    1965      39.8867
    1966      40.3064
    1967      40.1587
    1968      41.2234
    1969      39.5032
    1970      39.9529
    1971      40.1692
    1972      40.2699
    1973      39.3842
    1974      39.7276
    1975      39.7539
    1976      38.9268
    1977      39.6601
    1978      39.4191
    1979      38.9651
    1980      39.2777
    1981      39.8012
    1982      38.7229
    1983      39.6633
    1984      39.9707
    1985      38.7115
    1986      39.7883
    1987      39.9657
    1988      39.9579
    1989      39.8918
    1990      39.8871
    1991      39.3232
    1992      40.2584
    1993      39.6667
    1994      40.2534
    1995      40.0334
    1996      41.0277
    1997      41.9760
    1998      40.9117
    1999      40.4149
    2000      40.9106
    2001      42.9944
    2002      42.2239
    2003      43.0788
    2004      42.0895
    2005      41.4115
    2006      41.4378
    2007      41.8161
    2008      43.0441
    2009      42.3139
    2010      41.8733
    2011      42.0979
    2012      41.2988
    2013      41.5720
    2014      42.7734
    2015      42.4189
    2016      42.4214
    2017      41.0345
    2018      41.6102
    2019      41.5255
    2020      42.1058
    2021      42.0358
    2022      42.1726
    2023      42.2841
    2024      40.3377
    2025      41.1952
    2026      41.4631
    2027      40.8273
    2028      42.8238
    2029      42.2979
    2030      39.9835
    2031      40.0792
    2032      40.4855
    2033      40.6549
    2034      40.8987
    2035      40.9444
    2036      41.1132
    2037      42.4753
    2038      41.0073
    2039      43.0513
    2040      42.3665
    2041      42.5339
    2042      41.8028
    2043      41.1623
    2044      42.1590
    2045      41.8830
    2046      41.7209
    2047      43.8532
    2048      43.1433
    2049      43.6063
    2050      41.9992
    2051      44.1521
    2052      42.8321
    2053      39.9011
    2054      41.5807
    2055      42.6392
    2056      40.6408
    2057      41.2639
    2058      39.1647
    2059      39.0130
    2060      40.5754
    2061      39.9948
    2062      41.3418
    2063      40.8585
    2064      41.4279
    2065      45.0959
    2066      43.6238
    2067      44.1088
    2068      43.8539
    2069      44.4905
    2070      45.2393
    2071      45.3943
    2072      43.9004
    2073      44.5320
    2074      44.1548
    2075      44.0852
    2076      44.3576
    2077      41.6508
    2078      43.1785
    2079      41.5924
    2080      43.9783
    2081      43.2470
    2082      42.7074
    2083      42.6781
    2084      42.4724
    2085      42.0854
    2086      43.1064
    2087      42.8224
    2088      42.2429
    2089      42.2934
    2090      42.6691
    2091      41.3361
    2092      40.7787
    2093      43.7037
    2094      41.0804
    2095      43.9984
    2096      43.6528
    2097      40.8511
    2098      41.4584
    2099      41.5264
    2100      41.8489
    2101      41.4374
    2102      41.4705
    2103      42.3045
    2104      41.2100
    2105      40.8513
    2106      42.6793
    2107      40.7836
    2108      43.0773
    2109      41.6700
    2110      42.0902
    2111      42.2981
    2112      42.7126
    2113      42.6426
    2114      41.9817
    2115      41.4125
    2116      40.9593
    2117      43.1478
    2118      44.3934
    2119      43.1462
    2120      42.1585
    2121      44.3981
    2122      43.8847
    2123      41.1779
    2124      42.0684
    2125      42.1478
    2126      39.0048
    2127      40.4754
    2128      39.2285
    2129      40.5670
    2130      41.4878
    2131      42.1023
    2132      42.7315
    2133      40.7352
    2134      41.7563
    2135      42.4314
    2136      42.6805
    2137      41.3366
    2138      43.4537
    2139      42.4729
    2140      39.1001
    2141      40.0369
    2142      38.5919
    2143      40.4355
    2144      40.8192
    2145      41.0155
    2146      41.2014
    2147      41.1281
    2148      39.7065
    2149      41.4010
    2150      42.6654
    2151      40.9581
    2152      41.4763
    2153      41.0202
    2154      43.5086
    2155      42.6347
    2156      44.1425
    2157      43.5567
    2158      44.1051
    2159      45.4807
    2160      45.7485
    2161      44.1214
    2162      46.5964
    2163      46.1652
    2164      47.2621
    2165      46.9288
    2166      43.9681
    2167      46.0579
    2168      45.2271
    2169      42.1084
    2170      44.3556
    2171      42.1519
    2172      43.8634
    2173      44.0828
    2174      42.4100
    2175      44.7354
    2176      42.3246
    2177      42.4767
    2178      40.8813
    2179      41.9493
    2180      41.1783
    2181      43.5450
    2182      41.4108
    2183      42.4550
    2184      40.9375
    2185      41.9527
    2186      42.8213
    2187      42.1574
    2188      41.1401
    2189      42.4251
    2190      41.9469
    2191      42.8485
    2192      41.7795
    2193      42.9227
    2194      41.8353
    2195      41.7383
    2196      43.3075
    2197      43.6665
    2198      41.4440
    2199      39.7102
    2200      41.1984
    2201      40.1218
    2202      40.1544
    2203      43.8275
    2204      44.2103
    2205      43.3588
    2206      42.1012
    2207      44.7736
    2208      42.8563
    2209      42.8534
    2210      44.0074
    2211      42.8875
    2212      44.8362
    2213      44.7902
    2214      43.1023
    2215      42.6071
    2216      43.4900
    2217      43.9481
    2218      43.6831
    2219      46.2715
    2220      46.1032
    2221      46.8652
    2222      47.3284
    2223      45.2009
    2224      46.2773
    2225      47.6106
    2226      45.1207
    2227      45.1106
    2228      45.2811
    2229      43.4653
    2230      44.0536
    2231      43.4211
    2232      41.2541
    2233      42.3980
    2234      41.3428
    2235      43.4964
    2236      42.2044
    2237      43.8459
    2238      41.6226
    2239      44.0334
    2240      42.4902
    2241      41.0651
    2242      43.0555
    2243      42.7661
    2244      43.5791
    2245      43.8262
    2246      44.2428
    2247      43.5706
    2248      43.3387
    2249      43.6523
    2250      45.6390
    2251      43.3469
    2252      42.1764
    2253      44.3777
    2254      40.7954
    2255      42.8137
    2256      43.6567
    2257      43.4114
    2258      43.9467
    2259      41.9994
    2260      41.2155
    2261      41.5482
    2262      43.7788
    2263      42.4875
    2264      44.6646
    2265      44.9794
    2266      45.9239
    2267      45.4060
    2268      45.1960
    2269      44.8327
    2270      43.5197
    2271      47.0113
    2272      43.8863
    2273      46.0854
    2274      44.9725
    2275      46.1601
    2276      43.6444
    2277      44.7281
    2278      44.0815
    2279      45.3566
    2280      45.4409
    2281      44.6596
    2282      43.7551
    2283      42.7519
    2284      42.6438
    2285      41.8241
    2286      43.1784
    2287      43.0978
    2288      43.0709
    2289      44.5242
    2290      43.9626
    2291      43.5184
    2292      44.6311
    2293      44.3282
    2294      45.2600
    2295      44.2447
    2296      43.8671
    2297      44.9699
    2298      43.9817
    2299      43.8413
    2300      42.5163
    2301      43.5230
    2302      45.0207
    2303      44.1605
    2304      45.5493
    2305      43.9061
    2306      42.6557
    2307      43.1907
    2308      42.8553
    2309      42.5021
    2310      42.6439
    2311      40.1267
    2312      42.9901
    2313      44.2234
    2314      44.1804
    2315      44.3989
    2316      43.4425
    2317      44.2211
    2318      43.3733
    2319      44.2890
    2320      42.2524
    2321      43.4196
    2322      43.5525
    2323      44.8695
    2324      44.4052
    2325      45.1932
    2326      44.5402
    2327      44.5753
    2328      43.6059
    2329      43.9452
    2330      43.2676
    2331      42.8543
    2332      43.3187
    2333      45.2361
    2334      41.9932
    2335      42.7706
    2336      43.1732
    2337      45.2286
    2338      44.4773
    2339      42.7178
    2340      43.5909
    2341      43.4331
    2342      43.7257
    2343      43.2061
    2344      45.1899
    2345      47.0755
    2346      46.7340
    2347      46.8426
    2348      45.9322
    2349      44.5739
    2350      46.7731
    2351      43.7055
    2352      44.0895
    2353      42.8768
    2354      44.1327
    2355      43.4464
    2356      43.4436
    2357      43.7867
    2358      42.4267
    2359      43.2177
    2360      44.6157
    2361      42.6843
    2362      42.8332
    2363      43.4137
    2364      41.4421
    2365      44.0023
    2366      45.6092
    2367      46.7145
    2368      41.7100
    2369      42.7751
    2370      44.0714
    2371      43.2653
    2372      43.8607
    2373      40.8420
    2374      41.2701
    2375      40.8948
    2376      41.6003
    2377      41.2700
    2378      41.4452
    2379      42.5559
    2380      41.7998
    2381      40.9757
    2382      43.0646
    2383      41.6428
    2384      41.4399
    2385      39.5606
    2386      40.0642
    2387      41.5008
    2388      39.9313
    2389      42.1113
    2390      39.6125
    2391      42.3503
    2392      41.3030
    2393      42.6952
    2394      41.6975
    2395      41.5353
    2396      40.5736
    2397      39.4167
    2398      41.2469
    2399      43.4779
    2400      40.9130
    2401      41.2110
    2402      42.3833
    2403      40.0215
    2404      44.0312
    2405      42.4133
    2406      40.9884
    2407      39.5316
    2408      40.4236
    2409      41.2438
    2410      42.6480
    2411      41.2425
    2412      42.1208
    2413      40.9768
    2414      41.3118
    2415      41.5473
    2416      41.5165
    2417      41.8331
    2418      44.1839
    2419      41.3387
    2420      43.0239
    2421      42.0377
    2422      40.8795
    2423      41.4857
    2424      42.1036
    2425      41.9674
    2426      40.5725
    2427      40.7751
    2428      42.3225
    2429      41.9121
    2430      41.8839
    2431      41.1228
    2432      42.0703
    2433      40.1113
    2434      40.3500
    2435      42.7032
    2436      41.1730
    2437      41.8291
    2438      41.2282
    2439      42.2248
    2440      42.3419
    2441      40.0721
    2442      41.8314
    2443      40.9509
    2444      42.3092
    2445      41.1757
    2446      42.4061
    2447      41.6009
    2448      40.2972
    2449      39.0895
    2450      42.7159
    2451      41.8041
    2452      43.6268
    2453      40.2135
    2454      40.2300
    2455      41.6965
    2456      42.9950
    2457      43.0432
    2458      42.6856
    2459      43.6548
    2460      43.2521
    2461      42.3506
    2462      43.1871
    2463      42.9566
    2464      43.2210
    2465      42.4866
    2466      44.8475
    2467      44.6775
    2468      43.8779
    2469      41.9207
    2470      41.9052
    2471      43.0367
    2472      43.5158
    2473      45.0084
    2474      43.1382
    2475      44.3475
    2476      45.9227
    2477      45.8427
    2478      45.2489
    2479      44.5996
    2480      44.9090
    2481      47.0412
    2482      46.6924
    2483      46.7487
    2484      44.1087
    2485      46.2612
    2486      45.2959
    2487      45.1793
    2488      44.7303
    2489      45.2432
    2490      42.2906
    2491      42.0800
    2492      44.2431
    2493      44.7815
    2494      44.5860
    2495      45.6024
    2496      45.9180
    2497      45.3591
    2498      46.0024
    2499      44.8053
    2500      44.3397
    2501      43.5684
    2502      43.7805
    2503      44.3281
    2504      45.1860
    2505      44.5648
    2506      44.4381
    2507      44.2800
    2508      45.2779
    2509      44.9854
    2510      45.4926
    2511      45.9219
    2512      44.4378
    2513      44.4255
    2514      45.9643
    2515      43.7800
    2516      44.0385
    2517      44.4102
    2518      45.3093
    2519      45.3647
    2520      45.8582
    2521      43.3291
    2522      44.2774
    2523      44.4541
    2524      43.8409
    2525      43.8488
    2526      45.7218
    2527      43.4891
    2528      43.1655
    2529      43.7360
    2530      43.6749
    2531      44.9836
    2532      44.9239
    2533      42.3024
    2534      42.4620
    2535      42.0847
    2536      43.7126
    2537      44.2210
    2538      43.3487
    2539      43.1280
    2540      43.9774
    2541      44.7604
    2542      43.5608
    2543      43.3375
    2544      43.2136
    2545      44.3257
    2546      43.8909
    2547      43.5351
    2548      44.7140
    2549      44.4878
    2550      44.9979
    2551      43.7886
    2552      43.2178
    2553      44.6616
    2554      42.8910
    2555      42.6398
    2556      42.2675
    2557      44.3763
    2558      43.5131
    2559      43.8215
    2560      44.3883
    2561      44.6639
    2562      44.5162
    2563      44.8619
    2564      43.7474
    2565      44.4003
    2566      44.8226
    2567      44.2133
    2568      45.1403
    2569      44.5126
    2570      43.6866
    2571      45.0265
    2572      42.8568
    2573      44.1322
    2574      44.7224
    2575      44.2272
    2576      45.4845
    2577      45.6967
    2578      43.4084
    2579      43.3510
    2580      44.4223
    2581      46.0500
    2582      44.0869
    2583      43.8219
    2584      44.7009
    2585      45.5009
    2586      44.6899
    2587      44.5140
    2588      43.4808
    2589      45.4635
    2590      44.3825
    2591      42.6441
    2592      42.8919
    2593      42.0704
    2594      43.2936
    2595      43.7049
    2596      44.2784
    2597      44.1264
    2598      43.1411
    2599      43.5030
    2600      44.5308
    2601      43.5482
    2602      43.8137
    2603      44.6503
    2604      43.5346
    2605      45.1995
    2606      44.8514
    2607      44.5380
    2608      42.3213
    2609      43.6306
    2610      44.2948
    2611      44.8680
    2612      43.6875
    2613      46.0176
    2614      43.3529
    2615      42.9439
    2616      44.3758
    2617      45.2233
    2618      43.4693
    2619      43.2818
    2620      41.4776
    2621      44.5335
    2622      43.3243
    2623      42.5937
    2624      43.6055
    2625      42.3334
    2626      42.8027
    2627      42.8771
    2628      42.7804
    2629      43.0145
    2630      42.9320
    2631      43.2419
    2632      43.5279
    2633      44.3219
    2634      43.1557
    2635      43.8669
    2636      42.7314
    2637      42.9291
    2638      43.2668
    2639      43.3775
    2640      43.1237
    2641      42.1464
    2642      44.2088
    2643      43.1557
    2644      43.8702
    2645      44.2257
    2646      42.0703
    2647      43.5875
    2648      43.5323
    2649      42.8396
    2650      42.8129
    2651      42.4122
    2652      40.9239
    2653      41.2736
    2654      43.1816
    2655      43.7606
    2656      44.0265
    2657      43.0737
    2658      43.2702
    2659      43.2152
    2660      43.3484
    2661      42.8661
    2662      43.0025
    2663      43.7953
    2664      42.6225
    2665      42.7313
    2666      42.0165
    2667      42.1011
    2668      42.9127
    2669      43.4354
    2670      44.0145
    2671      43.8269
    2672      43.1267
    2673      42.9635
    2674      42.1597
    2675      41.6133
    2676      42.2238
    2677      42.0766
    2678      44.0568
    2679      42.0091
    2680      44.2441
    2681      41.8808
    2682      44.0923
    2683      42.9910
    2684      43.2439
    2685      43.1356
    2686      45.8625
    2687      43.5781
    2688      44.1412
    2689      44.7578
    2690      41.5332
    2691      42.7923
    2692      43.8681
    2693      43.2027
    2694      43.0198
    2695      43.3775
    2696      42.3522
    2697      42.7919
    2698      42.8132
    2699      42.7683
    2700      41.2269
    2701      43.8932
    2702      43.5292
    2703      44.3153
    2704      44.4624
    2705      45.9012
    2706      44.2207
    2707      43.2963
    2708      43.2574
    2709      43.1251
    2710      42.7704
    2711      42.5998
    2712      43.4405
    2713      44.3587
    2714      42.9683
    2715      43.1014
    2716      42.9842
    2717      42.9505
    2718      43.3884
    2719      43.5547
    2720      42.8572
    2721      42.2727
    2722      40.7982
    2723      41.4221
    2724      43.6459
    2725      42.2917
    2726      42.5225
    2727      42.4523
    2728      42.9877
    2729      42.9431
    2730      42.7028
    2731      43.0026
    2732      43.4354
    2733      42.7020
    2734      43.6129
    2735      41.8265
    2736      43.0534
    2737      40.6901
    2738      41.5884
    2739      40.6618
    2740      41.4703
    2741      43.0730
    2742      43.0744
    2743      41.5986
    2744      43.5018
    2745      42.2045
    2746      43.4526
    2747      42.0390
    2748      42.6328
    2749      41.0881
    2750      42.5116
    2751      43.0593
    2752      44.9252
    2753      42.2793
    2754      42.7523
    2755      41.3270
    2756      41.5999
    2757      41.9003
    2758      42.1403
    2759      44.3444
    2760      43.0799
    2761      43.2434
    2762      42.7880
    2763      40.8126
    2764      42.8931
    2765      41.3205
    2766      40.6460
    2767      42.7048
    2768      43.3059
    2769      43.0214
    2770      43.0465
    2771      42.7962
    2772      43.5949
    2773      43.4193
    2774      43.4544
    2775      44.6091
    2776      42.8610
    2777      44.7804
    2778      43.2694
    2779      43.4021
    2780      44.7504
    2781      43.7172
    2782      42.3825
    2783      42.1189
    2784      43.5609
    2785      43.8536
    2786      42.3746
    2787      42.9693
    2788      42.2682
    2789      43.8291
    2790      44.2609
    2791      43.7189
    2792      41.9987
    2793      41.5949
    2794      42.8628
    2795      40.6962
    2796      42.4763
    2797      41.6932
    2798      41.4241
    2799      42.4753
    2800      41.2476
    2801      42.6752
    2802      42.8423
    2803      42.0026
    2804      43.6834
    2805      43.3012
    2806      43.7008
    2807      43.0332
    2808      42.8012
    2809      42.0883
    2810      43.7690
    2811      43.7661
    2812      41.1791
    2813      42.6718
    2814      41.7097
    2815      43.6071
    2816      42.5911
    2817      43.9043
    2818      44.4258
    2819      42.9778
    2820      43.2835
    2821      44.8367
    2822      44.0126
    2823      42.1116
    2824      43.6522
    2825      44.2939
    2826      44.8154
    2827      45.6030
    2828      43.7068
    2829      44.6135
    2830      45.1865
    2831      43.0247
    2832      45.5655
    2833      45.0674
    2834      43.7247
    2835      44.7488
    2836      42.6053
    2837      43.4259
    2838      41.2783
    2839      42.6519
    2840      45.1017
    2841      44.2136
    2842      44.2414
    2843      42.6996
    2844      41.8866
    2845      43.3855
    2846      44.8144
    2847      44.8760
    2848      45.3526
    2849      44.5733
    2850      44.8922
    2851      45.1214
    2852      47.1786
    2853      45.1612
    2854      47.0195
    2855      44.4813
    2856      42.6942
    2857      42.6338
    2858      43.8922
    2859      43.1740
    2860      43.4747
    2861      44.3059
    2862      42.9741
    2863      44.6832
    2864      45.4821
    2865      44.2446
    2866      45.0714
    2867      44.8597
    2868      43.5176
    2869      44.2802
    2870      42.7276
    2871      43.3081
    2872      40.6386
    2873      43.9915
    2874      43.3411
    2875      43.7994
    2876      44.0280
    2877      43.2224
    2878      43.0232
    2879      42.8051
    2880      43.3148
    2881      44.9018
    2882      43.5013
    2883      44.4484
    2884      44.5031
    2885      43.3411
    2886      43.7988
    2887      43.9668
    2888      44.0512
    2889      43.6248
    2890      44.4985
    2891      44.5143
    2892      43.2976
    2893      43.9695
    2894      44.0053
    2895      43.9032
    2896      44.0484
    2897      43.5826
    2898      45.0847
    2899      44.8507
    2900      43.0780
    2901      43.6846
    2902      42.6314
    2903      44.5564
    2904      43.7111
    2905      46.3074
    2906      43.8554
    2907      45.3117
    2908      43.4575
    2909      44.3755
    2910      43.8677
    2911      45.7739
    2912      44.5333
    2913      43.8699
    2914      44.1086
    2915      44.8564
    2916      44.2581
    2917      46.2356
    2918      43.7676
    2919      44.3231
    2920      43.6322
    2921      45.4576
    2922      45.5878
    2923      42.8373
    2924      44.2452
    2925      43.5198
    2926      44.1798
    2927      42.8152
    2928      43.6918
    2929      45.1533
    2930      46.1470
    2931      45.5730
    2932      45.6238
    2933      45.9466
    2934      45.3256
    2935      46.0967
    2936      45.5556
    2937      43.0471
    2938      46.4431
    2939      44.3473
    2940      42.4867
    2941      44.6947
    2942      44.6716
    2943      45.7525
    2944      45.3827
    2945      44.6202
    2946      42.6572
    2947      43.5238
    2948      41.2483
    2949      43.1079
    2950      43.0246
    2951      42.7172
    2952      42.5345
    2953      43.4358
    2954      43.7483
    2955      43.5372
    2956      43.3466
    2957      43.7638
    2958      43.9492
    2959      43.1901
    2960      42.8278
    2961      43.5084
    2962      42.6865
    2963      43.3798
    2964      42.8332
    2965      43.4643
    2966      44.0896
    2967      43.4124
    2968      42.6422
    2969      43.7147
    2970      42.6701
    2971      42.2431
    2972      43.7775
    2973      44.5748
    2974      43.6983
    2975      44.5651
    2976      44.8167
    2977      45.2030
    2978      44.7923
    2979      45.4653
    2980      43.5718
    2981      45.0665
    2982      44.2700
    2983      45.5434
    2984      43.6647
    2985      45.2685
    2986      44.0807
    2987      44.1499
    2988      44.4312
    2989      44.1937
    2990      44.1788
    2991      43.7707
    2992      43.6847
    2993      44.5501
    2994      44.7871
    2995      43.0628
    2996      45.4499
    2997      44.9184
    2998      46.2422
    2999      46.0690
    3000      46.1452
    3001      47.9397
    3002      44.5447
    3003      44.2643
    3004      43.8720
    3005      44.7649
    3006      44.0992
    3007      45.1729
    3008      44.4215
    3009      42.2463
    3010      42.9657
    3011      41.8638
    3012      44.8240
    3013      44.3340
    3014      42.9123
    3015      44.4574
    3016      42.0886
    3017      44.6902
    3018      43.2892
    3019      43.1165
    3020      42.4459
    3021      43.7581
    3022      43.7770
    3023      43.9058
    3024      42.5758
    3025      44.5170
    3026      44.5779
    3027      43.7678
    3028      44.6704
    3029      43.7240
    3030      44.0619
    3031      43.8530
    3032      43.3008
    3033      44.0445
    3034      43.5968
    3035      43.6138
    3036      43.1847
    3037      43.9904
    3038      43.1238
    3039      46.6163
    3040      44.7211
    3041      43.4736
    3042      43.5599
    3043      45.0767
    3044      43.9942
    3045      45.4453
    3046      43.9662
    3047      44.2002
    3048      43.2338
    3049      45.1934
    3050      44.7465
    3051      43.5231
    3052      43.2577
    3053      44.0996
    3054      43.9471
    3055      45.1736
    3056      46.7813
    3057      45.4010
    3058      43.9077
    3059      42.9795
    3060      43.9199
    3061      45.4605
    3062      43.6857
    3063      43.9487
    3064      44.2042
    3065      44.8014
    3066      45.6890
    3067      44.7516
    3068      44.0607
    3069      44.7712
    3070      45.1522
    3071      44.1233
    3072      43.5396
    3073      44.7957
    3074      44.1214
    3075      43.9430
    3076      44.7742
    3077      44.7057
    3078      45.0525
    3079      44.5241
    3080      42.9435
    3081      43.3046
    3082      43.6100
    3083      45.7846
    3084      44.7431
    3085      44.1975
    3086      44.4620
    3087      44.5354
    3088      45.0133
    3089      43.6987
    3090      44.4297
    3091      45.1805
    3092      45.1625
    3093      44.4135
    3094      45.0680
    3095      43.8925
    3096      43.5143
    3097      43.3310
    3098      43.9221
    3099      44.5471
    3100      43.6635
    3101      42.6400
    3102      42.1659
    3103      44.7449
    3104      44.4371
    3105      44.3207
    3106      43.7556
    3107      43.9082
    3108      44.7760
    3109      45.4923
    3110      44.2304
    3111      43.9706
    3112      44.1162
    3113      44.8355
    3114      45.0796
    3115      46.5011
    3116      44.8021
    3117      44.9442
    3118      44.0934
    3119      43.5563
    3120      43.9656
    3121      43.2209
    3122      44.0990
    3123      43.6092
    3124      44.4199
    3125      43.3066
    3126      43.2378
    3127      43.7102
    3128      43.7572
    3129      43.5584
    3130      43.6070
    3131      43.8476
    3132      46.0340
    3133      44.6641
    3134      43.1697
    3135      44.4013
    3136      46.2945
    3137      44.7425
    3138      44.4772
    3139      42.5904
    3140      44.3369
    3141      44.1914
    3142      44.0556
    3143      45.3266
    3144      43.2055
    3145      42.9079
    3146      44.3601
    3147      44.9629
    3148      44.7819
    3149      44.8649
    3150      44.5091
    3151      44.3525
    3152      43.2146
    3153      44.1556
    3154      43.3198
    3155      44.4079
    3156      43.3111
    3157      44.8973
    3158      43.9777
    3159      44.1403
    3160      44.5126
    3161      44.5945
    3162      43.6950
    3163      44.9362
    3164      44.4392
    3165      46.0513
    3166      44.4821
    3167      44.5100
    3168      42.6726
    3169      43.4618
    3170      43.6556
    3171      45.4115
    3172      45.4890
    3173      45.6988
    3174      42.9826
    3175      44.6026
    3176      43.9439
    3177      44.0189
    3178      44.2289
    3179      44.6077
    3180      46.7911
    3181      44.1288
    3182      44.8192
    3183      44.3383
    3184      42.6470
    3185      43.5766
    3186      44.9419
    3187      45.3413
    3188      47.2122
    3189      45.3351
    3190      44.7705
    3191      44.3237
    3192      44.6369
    3193      45.7256
    3194      45.2491
    3195      44.5803
    3196      41.6046
    3197      42.8291
    3198      42.1563
    3199      41.6882
    3200      44.2918
    3201      44.9697
    3202      43.4681
    3203      45.4587
    3204      46.4090
    3205      44.2874
    3206      45.3072
    3207      44.9683
    3208      43.9748
    3209      44.2596
    3210      44.4348
    3211      44.9252
    3212      43.8467
    3213      43.1939
    3214      44.1562
    3215      44.5225
    3216      42.6594
    3217      45.0364
    3218      42.6005
    3219      43.6001
    3220      43.0696
    3221      43.0178
    3222      43.3387
    3223      43.1936
    3224      44.3206
    3225      45.1122
    3226      44.5614
    3227      44.2818
    3228      42.8307
    3229      42.8702
    3230      42.8437
    3231      44.4061
    3232      44.1681
    3233      43.9823
    3234      44.2517
    3235      44.5090
    3236      43.7976
    3237      43.1263
    3238      43.8035
    3239      44.3323
    3240      41.8685
    3241      43.5149
    3242      43.5625
    3243      44.3334
    3244      44.4382
    3245      44.4096
    3246      43.3830
    3247      43.5678
    3248      43.1868
    3249      43.7681
    3250      42.2765
    3251      43.8597
    3252      41.9456
    3253      44.4988
    3254      42.8347
    3255      43.8749
    3256      42.8875
    3257      43.6241
    3258      42.4623
    3259      42.6094
    3260      43.4754
    3261      42.6342
    3262      44.1461
    3263      42.6957
    3264      43.0199
    3265      43.5423
    3266      42.8948
    3267      43.8947
    3268      43.9802
    3269      44.0636
    3270      43.7775
    3271      43.4831
    3272      43.4488
    3273      44.9033
    3274      43.3252
    3275      43.9650
    3276      42.9157
    3277      42.8180
    3278      43.2803
    3279      43.0627
    3280      43.1231
    3281      43.0530
    3282      43.0735
    3283      42.4029
    3284      43.9270
    3285      43.4373
    3286      42.4346
    3287      42.4404
    3288      42.9280
    3289      42.5609
    3290      44.0974
    3291      42.9942
    3292      43.7918
    3293      44.0384
    3294      43.4633
    3295      45.2847
    3296      43.4516
    3297      43.5163
    3298      43.4133
    3299      41.9284
    3300      44.2186
    3301      43.3026
    3302      43.2321
    3303      44.8203
    3304      43.1986
    3305      44.4547
    3306      42.9461
    3307      42.9357
    3308      44.7172
    3309      42.3560
    3310      43.3397
    3311      44.6844
    3312      43.7708
    3313      43.0843
    3314      43.5894
    3315      44.8906
    3316      43.9112
    3317      43.3807
    3318      43.5690
    3319      43.5225
    3320      43.6181
    3321      43.6170
    3322      42.4066
    3323      43.2799
    3324      43.7048
    3325      43.6388
    3326      43.0308
    3327      43.3676
    3328      42.7879
    3329      43.1790
    3330      43.3386
    3331      43.3739
    3332      43.5308
    3333      44.9433
    3334      42.2527
    3335      42.5325
    3336      41.9275
    3337      43.0756
    3338      42.0798
    3339      41.8809
    3340      42.7143
    3341      41.3542
    3342      42.5855
    3343      41.9463
    3344      42.2120
    3345      44.3544
    3346      41.7578
    3347      43.0090
    3348      41.3082
    3349      42.6357
    3350      42.5499
    3351      43.1382
    3352      42.9801
    3353      42.4889
    3354      43.7825
    3355      41.8563
    3356      42.5234
    3357      42.5671
    3358      43.0750
    3359      41.8920
    3360      40.2594
    3361      44.1960
    3362      43.9709
    3363      42.3302
    3364      43.5845
    3365      43.2927
    3366      44.2803
    3367      43.8357
    3368      43.8521
    3369      43.4913
    3370      44.0130
    3371      43.6889
    3372      44.0337
    3373      44.4355
    3374      45.0323
    3375      44.7806
    3376      44.7726
    3377      44.0093
    3378      40.0658
    3379      40.8384
    3380      42.5827
    3381      43.9701
    3382      43.2806
    3383      43.6230
    3384      43.5567
    3385      43.7789
    3386      43.6636
    3387      45.2106
    3388      45.7935
    3389      44.3819
    3390      43.0103
    3391      43.3594
    3392      44.3785
    3393      43.8516
    3394      44.2852
    3395      43.9980
    3396      43.3214
    3397      43.0465
    3398      46.8051
    3399      45.3980
    3400      45.6054
    3401      44.3012
    3402      44.6000
    3403      44.5981
    3404      44.1866
    3405      43.2473
    3406      42.5555
    3407      44.6099
    3408      43.5492
    3409      43.1942
    3410      42.5516
    3411      43.8659
    3412      42.7221
    3413      42.8126
    3414      43.5188
    3415      44.5448
    3416      44.0136
    3417      44.5644
    3418      44.6914
    3419      44.4211
    3420      44.2210
    3421      44.5984
    3422      43.8418
    3423      44.1736
    3424      45.6813
    3425      45.3035
    3426      43.0178
    3427      42.4809
    3428      44.0490
    3429      43.9565
    3430      43.0086
    3431      44.6623
    3432      42.4507
    3433      44.0183
    3434      44.2552
    3435      43.2396
    3436      42.3640
    3437      43.3253
    3438      41.6805
    3439      41.3939
    3440      43.5560
    3441      43.5730
    3442      41.9523
    3443      43.0429
    3444      43.3049
    3445      44.3380
    3446      41.8108
    3447      43.9773
    3448      43.1408
    3449      42.8437
    3450      41.2736
    3451      43.9190
    3452      44.2881
    3453      44.6900
    3454      43.0206
    3455      43.5665
    3456      43.7869
    3457      43.3841
    3458      43.5026
    3459      44.2947
    3460      42.6415
    3461      43.5315
    3462      42.9504
    3463      43.3340
    3464      43.0209
    3465      42.7366
    3466      43.2467
    3467      46.1453
    3468      44.4752
    3469      45.7059
    3470      42.9704
    3471      44.5326
    3472      43.7031
    3473      43.6980
    3474      43.3339
    3475      44.4100
    3476      44.1756
    3477      43.8520
    3478      42.4351
    3479      43.1332
    3480      43.2967
    3481      43.6148
    3482      43.0492
    3483      43.2720
    3484      43.9418
    3485      43.3242
    3486      43.0785
    3487      45.8001
    3488      44.1110
    3489      43.5705
    3490      41.4615
    3491      43.2033
    3492      42.7976
    3493      43.7515
    3494      43.0782
    3495      44.3244
    3496      43.3264
    3497      43.7593
    3498      43.6058
    3499      43.7164
    3500      44.3573
    3501      45.1226
    3502      44.5798
    3503      44.1363
    3504      45.0412
    3505      43.6208
    3506      43.6277
    3507      43.1312
    3508      42.8662
    3509      42.5479
    3510      44.6211
    3511      44.3935
    3512      44.0534
    3513      42.6582
    3514      42.9178
    3515      42.4036
    3516      43.7153
    3517      44.8004
    3518      43.3317
    3519      43.9295
    3520      43.5491
    3521      42.4647
    3522      42.0164
    3523      42.6732
    3524      44.6741
    3525      43.9864
    3526      43.3685
    3527      44.6535
    3528      43.8789
    3529      43.3301
    3530      44.0272
    3531      43.1712
    3532      43.4619
    3533      43.1939
    3534      41.8559
    3535      41.6515
    3536      43.0155
    3537      44.1150
    3538      41.7504
    3539      42.3870
    3540      43.7089
    3541      44.7519
    3542      44.6220
    3543      44.6731
    3544      44.7786
    3545      42.0432
    3546      42.7745
    3547      41.6615
    3548      42.3154
    3549      43.5888
    3550      41.7175
    3551      42.5229
    3552      44.3050
    3553      41.0534
    3554      41.8811
    3555      43.5570
    3556      42.1251
    3557      41.8827
    3558      43.4298
    3559      43.6518
    3560      41.5137
    3561      42.8376
    3562      42.9083
    3563      43.6084
    3564      43.2602
    3565      43.4830
    3566      40.8235
    3567      42.0307
    3568      42.2445
    3569      42.5047
    3570      43.0041
    3571      41.0189
    3572      41.4651
    3573      40.5622
    3574      40.3746
    3575      43.0892
    3576      43.0979
    3577      41.3858
    3578      43.3008
    3579      42.4332
    3580      42.7358
    3581      42.5926
    3582      41.0354
    3583      41.4720
    3584      41.6109
    3585      43.1696
    3586      44.5975
    3587      41.6781
    3588      43.1140
    3589      42.4042
    3590      42.6156
    3591      43.1863
    3592      42.2576
    3593      43.4184
    3594      43.1953
    3595      41.8927
    3596      42.2095
    3597      42.7766
    3598      42.8580
    3599      42.8076
    3600      40.0680
    3601      42.3906
    3602      42.6231
    3603      42.7004
    3604      41.7285
    3605      41.4029
    3606      43.5945
    3607      41.8682
    3608      43.7075
    3609      42.8687
    3610      41.2731
    3611      41.1909
    3612      42.4877
    3613      42.0685
    3614      42.7489
    3615      41.4754
    3616      41.9510
    3617      42.3657
    3618      42.7583
    3619      43.0922
    3620      42.9001
    3621      42.4528
    3622      43.4535
    3623      42.4812
    3624      43.0979
    3625      42.6506
    3626      44.1782
    3627      45.0577
    3628      44.3641
    3629      43.2384
    3630      44.2972
    3631      42.4095
    3632      43.8690
    3633      42.2499
    3634      44.0047
    3635      42.6307
    3636      43.3571
    3637      42.7525
    3638      41.8679
    3639      42.9393
    3640      44.9706
    3641      43.6934
    3642      43.1109
    3643      43.9502
    3644      43.1612
    3645      42.1417
    3646      42.9670
    3647      42.4779
    3648      40.9513
    3649      43.3088
    3650      43.5654
    3651      44.1439
    3652      44.5433
    3653      44.1285
    3654      43.4372
    3655      43.0907
    3656      43.3394
    3657      44.4848
    3658      44.3238
    3659      44.6911
    3660      42.2997
    3661      40.7619
    3662      43.1108
    3663      43.0003
    3664      43.1901
    3665      43.0038
    3666      41.8296
    3667      43.0086
    3668      42.7682
    3669      43.2309
    3670      43.1286
    3671      43.7169
    3672      41.8631
    3673      45.0152
    3674      43.8634
    3675      41.9339
    3676      44.5244
    3677      44.1296
    3678      43.2601
    3679      43.6763
    3680      42.7445
    3681      43.2469
    3682      43.3838
    3683      43.2218
    3684      42.8573
    3685      44.3711
    3686      44.2668
    3687      43.6012
    3688      43.5951
    3689      42.1935
    3690      44.3007
    3691      42.7794
    3692      42.5255
    3693      40.4809
    3694      41.4602
    3695      43.1884
    3696      41.4685
    3697      42.2404
    3698      43.0117
    3699      42.1679
    3700      41.9120
    3701      41.6089
    3702      41.9837
    3703      41.8210
    3704      42.7679
    3705      41.0609
    3706      42.1003
    3707      40.6021
    3708      40.9858
    3709      43.2506
    3710      40.7205
    3711      41.1077
    3712      41.8407
    3713      42.3413
    3714      42.8452
    3715      43.0935
    3716      42.4793
    3717      42.8291
    3718      40.9282
    3719      43.2713
    3720      41.8787
    3721      43.4983
    3722      43.3069
    3723      42.8545
    3724      44.0626
    3725      43.4275
    3726      41.6566
    3727      41.4542
    3728      42.5332
    3729      42.7049
    3730      42.4236
    3731      44.1193
    3732      42.7673
    3733      42.2266
    3734      42.8826
    3735      43.0136
    3736      43.9625
    3737      44.3565
    3738      43.2614
    3739      41.9700
    3740      44.0224
    3741      43.0511
    3742      43.1015
    3743      44.0093
    3744      42.0557
    3745      41.6864
    3746      43.1444
    3747      43.1018
    3748      44.8265
    3749      41.8069
    3750      41.9049
    3751      42.2225
    3752      41.3613
    3753      41.8122
    3754      41.5224
    3755      44.7715
    3756      42.2410
    3757      42.4499
    3758      41.3415
    3759      39.5965
    3760      39.0016
    3761      39.9085
    3762      39.6272
    3763      39.8572
    3764      40.8083
    3765      40.9863
    3766      39.1230
    3767      40.0919
    3768      39.4199
    3769      40.2730
    3770      40.3251
    3771      39.6914
    3772      39.4584
    3773      41.0356
    3774      37.5618
    3775      40.4088
    3776      40.1471
    3777      39.0287
    3778      39.6435
    3779      39.0832
    3780      40.3273
    3781      40.1047
    3782      39.0091
    3783      39.3368
    3784      41.0763
    3785      41.7346
    3786      42.8367
    3787      42.3326
    3788      43.0482
    3789      42.2721
    3790      41.2901
    3791      41.2244
    3792      41.3695
    3793      41.5449
    3794      42.6649
    3795      43.7223
    3796      41.2973
    3797      42.3342
    3798      41.5393
    3799      39.9783
    3800      42.7825
    3801      42.8631
    3802      41.5813
    3803      39.6001
    3804      41.3639
    3805      41.8832
    3806      41.4045
    3807      40.5798
    3808      43.1070
    3809      41.6140
    3810      39.5768
    3811      38.2940
    3812      40.4240
    3813      37.8964
    3814      40.8547
    3815      38.6893
    3816      40.1908
    3817      40.1095
    3818      40.5263
    3819      43.2707
    3820      42.6939
    3821      41.7358
    3822      42.8880
    3823      42.2536
    3824      43.6926
    3825      42.9509
    3826      43.6937
    3827      43.1821
    3828      43.1568
    3829      43.8291
    3830      44.1972
    3831      43.4886
    3832      44.1816
    3833      43.6057
    3834      41.0919
    3835      44.7992
    3836      43.4189
    3837      42.5914
    3838      41.0608
    3839      41.7582
    3840      42.9273
    3841      44.1525
    3842      42.2697
    3843      42.5836
    3844      43.9651
    3845      41.7772
    3846      42.4040
    3847      41.7932
    3848      42.4126
    3849      43.7770
    3850      43.9056
    3851      44.3758
    3852      43.0229
    3853      42.8505
    3854      41.8681
    3855      44.9488
    3856      43.1198
    3857      42.2867
    3858      43.5017
    3859      41.9377
    3860      42.8321
    3861      43.8163
    3862      43.4892
    3863      42.0893
    3864      43.1399
    3865      41.9820
    3866      41.9672
    3867      43.5994
    3868      43.1327
    3869      43.5040
    3870      44.5347
    3871      44.5965
    3872      44.6344
    3873      43.9783
    3874      46.4199
    3875      46.1046
    3876      45.4952
    3877      45.9949
    3878      45.7540
    3879      46.1116
    3880      45.8001
    3881      45.7238
    3882      44.3545
    3883      46.2155
    3884      45.3553
    3885      45.6078
    3886      46.1832
    3887      45.2880
    3888      44.7210
    3889      46.1348
    3890      45.1629
    3891      47.0748
    3892      48.7091
    3893      47.5310
    3894      45.1208
    3895      47.1311
    3896      46.1916
    3897      45.7925
    3898      47.4220
    3899      48.4185
    3900      47.2119
    3901      47.3600
    3902      47.4988
    3903      47.7441
    3904      45.7513
    3905      46.9412
    3906      47.1668
    3907      46.7856
    3908      45.7742
    3909      47.2038
    3910      46.6805
    3911      47.4670
    3912      48.2310
    3913      48.2105
    3914      49.9919
    3915      46.9614
    3916      46.6483
    3917      47.6426
    3918      47.4038
    3919      48.1676
    3920      46.9555
    3921      48.3829
    3922      47.3351
    3923      47.3687
    3924      47.0236
    3925      47.6957
    3926      48.7680
    3927      45.8145
    3928      46.9062
    3929      48.0972
    3930      47.7138
    3931      46.1406
    3932      49.1627
    3933      46.4025
    3934      47.9273
    3935      47.7659
    3936      45.2138
    3937      49.6707
    3938      45.7750
    3939      46.1829
    3940      46.7820
    3941      48.7578
    3942      47.2118
    3943      47.6601
    3944      45.9447
    3945      46.3065
    3946      46.4618
    3947      47.8940
    3948      46.9718
    3949      46.4725
    3950      48.2109
    3951      46.9662
    3952      49.0326
    3953      48.1463
    3954      47.5643
    3955      45.9433
    3956      48.1077
    3957      47.4594
    3958      48.6520
    3959      48.1188
    3960      48.7963
    3961      47.6689
    3962      49.4786
    3963      48.0275
    3964      47.8964
    3965      48.3709
    3966      46.6049
    3967      47.9945
    3968      45.4910
    3969      46.2316
    3970      47.6771
    3971      47.6519
    3972      46.4626
    3973      47.8877
    3974      48.4104
    3975      48.3458
    3976      50.4310
    3977      47.5060
    3978      48.3230
    3979      48.6712
    3980      48.4536
    3981      51.0433
    3982      50.6134
    3983      51.7260
    3984      51.6848
    3985      50.0301
    3986      51.6152
    3987      51.7278
    3988      50.1705
    3989      50.1720
    3990      48.1532
    3991      49.8770
    3992      49.9328
    3993      51.1156
    3994      49.2879
    3995      51.3509
    3996      51.2297
    3997      50.4521
    3998      50.6642
    3999      51.8700
    4000      48.7483
    4001      40.3819
    4002      40.6817
    4003      39.2689
    4004      40.3132
    4005      39.9877
    4006      39.5298
    4007      40.0847
    4008      39.9368
    4009      40.8949
    4010      40.9475
    4011      40.7954
    4012      40.9765
    4013      40.1555
    4014      40.9333
    4015      40.0090
    4016      40.2683
    4017      39.3598
    4018      40.0260
    4019      40.6085
    4020      40.5958
    4021      40.0939
    4022      40.4438
    4023      40.1990
    4024      40.2998
    4025      39.0933
    4026      40.3402
    4027      40.3766
    4028      41.3114
    4029      39.7684
    4030      40.2092
    4031      40.3395
    4032      40.6953
    4033      40.1416
    4034      39.6806
    4035      40.1300
    4036      40.7093
    4037      39.5628
    4038      40.1854
    4039      40.0452
    4040      40.7545
    4041      41.1605
    4042      40.0849
    4043      39.5007
    4044      40.3431
    4045      39.2475
    4046      39.0459
    4047      40.2829
    4048      39.4838
    4049      40.7572
    4050      40.9696
    4051      41.3156
    4052      41.7333
    4053      40.8866
    4054      42.3555
    4055      41.9362
    4056      41.9145
    4057      41.3158
    4058      40.4018
    4059      40.5619
    4060      40.2130
    4061      41.4609
    4062      40.4818
    4063      41.1170
    4064      40.8559
    4065      41.9003
    4066      41.2559
    4067      41.5317
    4068      41.1567
    4069      41.6499
    4070      40.4944
    4071      40.0322
    4072      42.2249
    4073      41.6564
    4074      41.1989
    4075      41.7318
    4076      42.0950
    4077      41.8314
    4078      41.5176
    4079      41.6105
    4080      41.1328
    4081      40.9102
    4082      41.5828
    4083      40.7066
    4084      41.0579
    4085      40.0065
    4086      39.7270
    4087      40.5217
    4088      40.5557
    4089      40.5441
    4090      41.4721
    4091      40.2180
    4092      39.9763
    4093      39.2609
    4094      39.6177
    4095      42.6070
    4096      40.7432
    4097      40.2042
    4098      42.3120
    4099      41.5845
    4100      41.9952
    4101      42.1515
    4102      39.9640
    4103      40.1118
    4104      40.8644
    4105      41.6424
    4106      41.2746
    4107      42.0039
    4108      41.5579
    4109      41.0765
    4110      40.6505
    4111      40.1920
    4112      41.9630
    4113      40.7418
    4114      40.7852
    4115      40.9523
    4116      39.1913
    4117      39.6726
    4118      39.9901
    4119      40.6117
    4120      41.6107
    4121      42.0176
    4122      41.4845
    4123      41.0356
    4124      41.2253
    4125      40.8912
    4126      40.6918
    4127      40.6794
    4128      40.4935
    4129      40.5855
    4130      40.8745
    4131      42.0658
    4132      42.5125
    4133      41.6565
    4134      42.1170
    4135      40.7640
    4136      42.1728
    4137      40.9338
    4138      40.0764
    4139      41.4666
    4140      41.7240
    4141      40.9205
    4142      40.7905
    4143      41.5055
    4144      42.5527
    4145      41.5130
    4146      41.3137
    4147      40.5990
    4148      41.4248
    4149      40.8370
    4150      40.4154
    4151      42.2376
    4152      39.6475
    4153      42.4118
    4154      40.8425
    4155      40.5768
    4156      41.1008
    4157      40.6194
    4158      40.4014
    4159      42.1050
    4160      41.7639
    4161      41.4722
    4162      42.0410
    4163      42.4893
    4164      41.0350
    4165      39.9757
    4166      40.0097
    4167      40.9769
    4168      40.9578
    4169      40.9303
    4170      39.9992
    4171      41.3654
    4172      42.5564
    4173      42.5162
    4174      41.3334
    4175      41.1911
    4176      41.1942
    4177      41.1399
    4178      41.4130
    4179      40.0246
    4180      40.7686
    4181      40.1156
    4182      40.9663
    4183      41.1045
    4184      41.9283
    4185      41.0914
    4186      40.6734
    4187      39.8709
    4188      40.7004
    4189      40.0176
    4190      40.9192
    4191      40.5688
    4192      39.7072
    4193      40.0220
    4194      40.4007
    4195      41.4392
    4196      41.1476
    4197      41.0508
    4198      41.4935
    4199      42.1187
    4200      41.5761
    4201      40.8692
    4202      41.4343
    4203      40.5755
    4204      40.3897
    4205      40.4613
    4206      40.9534
    4207      40.5233
    4208      40.3564
    4209      41.0132
    4210      39.9866
    4211      40.8330
    4212      41.2800
    4213      42.6744
    4214      41.5619
    4215      40.6000
    4216      40.0403
    4217      39.0240
    4218      41.8333
    4219      40.7572
    4220      40.3988
    4221      40.7167
    4222      39.0019
    4223      39.6990
    4224      39.9658
    4225      40.2035
    4226      41.1992
    4227      40.7236
    4228      41.9559
    4229      41.2365
    4230      41.6398
    4231      40.5093
    4232      41.0680
    4233      41.3508
    4234      39.8505
    4235      40.6745
    4236      40.6173
    4237      40.1263
    4238      41.0177
    4239      41.6556
    4240      40.8900
    4241      40.7681
    4242      41.5408
    4243      42.0220
    4244      41.5598
    4245      42.5797
    4246      42.2512
    4247      40.9934
    4248      42.4071
    4249      43.2562
    4250      42.1104
    4251      41.8432
    4252      40.4671
    4253      41.4527
    4254      41.3720
    4255      41.1054
    4256      40.0367
    4257      41.7154
    4258      42.7324
    4259      42.0903
    4260      41.9495
    4261      42.4154
    4262      41.1889
    4263      41.5613
    4264      41.7323
    4265      41.1871
    4266      41.2620
    4267      41.4944
    4268      41.4006
    4269      41.9283
    4270      41.2615
    4271      43.3528
    4272      42.0603
    4273      42.2164
    4274      43.1347
    4275      43.0311
    4276      42.7040
    4277      42.1193
    4278      42.3170
    4279      41.6806
    4280      42.3555
    4281      41.6508
    4282      41.7506
    4283      41.5254
    4284      41.1915
    4285      41.1618
    4286      40.5152
    4287      41.1084
    4288      41.2549
    4289      40.4708
    4290      40.7605
    4291      42.1312
    4292      40.8433
    4293      40.6122
    4294      40.5796
    4295      40.7145
    4296      41.0364
    4297      41.0344
    4298      40.4537
    4299      40.6272
    4300      39.3326
    4301      42.4221
    4302      41.1443
    4303      41.8346
    4304      40.0325
    4305      41.4246
    4306      40.3612
    4307      42.3998
    4308      42.7525
    4309      41.8036
    4310      42.5644
    4311      41.8534
    4312      40.8844
    4313      40.7167
    4314      40.7631
    4315      40.1692
    4316      40.8502
    4317      40.5365
    4318      40.2848
    4319      41.3539
    4320      41.3261
    4321      40.7547
    4322      41.8046
    4323      40.8475
    4324      40.7247
    4325      41.7160
    4326      42.0283
    4327      39.6327
    4328      40.9169
    4329      40.3200
    4330      41.3458
    4331      40.3611
    4332      42.7196
    4333      41.4060
    4334      40.9317
    4335      41.0121
    4336      41.1231
    4337      40.8094
    4338      40.7115
    4339      41.2857
    4340      39.9312
    4341      39.8361
    4342      41.1705
    4343      41.1962
    4344      42.9164
    4345      41.3913
    4346      40.9593
    4347      40.6001
    4348      40.9353
    4349      40.4728
    4350      39.9005
    4351      41.0810
    4352      39.8729
    4353      39.8456
    4354      40.7381
    4355      42.0535
    4356      41.4158
    4357      41.7536
    4358      40.9065
    4359      41.0330
    4360      42.2002
    4361      42.1553
    4362      41.9552
    4363      41.6873
    4364      42.1915
    4365      40.2537
    4366      40.3511
    4367      40.9905
    4368      41.1615
    4369      42.5943
    4370      41.8272
    4371      40.1176
    4372      42.0225
    4373      41.1942
    4374      41.1076
    4375      40.7199
    4376      40.5252
    4377      41.4946
    4378      40.4012
    4379      40.6308
    4380      41.0115
    4381      41.1767
    4382      39.7837
    4383      41.9210
    4384      40.3608
    4385      40.8334
    4386      40.7446
    4387      41.3730
    4388      40.1255
    4389      39.2519
    4390      41.6232
    4391      41.6831
    4392      42.1349
    4393      41.1297
    4394      41.7467
    4395      41.0493
    4396      40.8863
    4397      41.6979
    4398      39.8672
    4399      40.4951
    4400      40.6659
    4401      39.6451
    4402      40.6945
    4403      40.9777
    4404      41.0162
    4405      40.9128
    4406      40.5941
    4407      40.5550
    4408      40.3551
    4409      40.9426
    4410      40.8426
    4411      41.3651
    4412      39.1782
    4413      40.7150
    4414      40.2512
    4415      40.7866
    4416      40.5152
    4417      40.4253
    4418      39.3971
    4419      39.6768
    4420      40.5624
    4421      38.7159
    4422      41.1677
    4423      40.3946
    4424      41.0868
    4425      42.1292
    4426      41.6091
    4427      42.1033
    4428      41.3257
    4429      41.5717
    4430      40.4407
    4431      40.7939
    4432      40.2543
    4433      41.2102
    4434      42.1959
    4435      40.5598
    4436      41.2930
    4437      40.2516
    4438      40.6699
    4439      41.5733
    4440      41.6864
    4441      40.6588
    4442      39.7455
    4443      40.3306
    4444      40.3017
    4445      40.6915
    4446      40.6145
    4447      40.1436
    4448      39.6179
    4449      39.8197
    4450      39.6075
    4451      39.5390
    4452      41.0853
    4453      40.5995
    4454      39.8524
    4455      39.9194
    4456      41.5137
    4457      41.3600
    4458      40.8734
    4459      41.2279
    4460      40.2829
    4461      40.5635
    4462      41.0905
    4463      40.5506
    4464      41.4705
    4465      40.1126
    4466      40.5807
    4467      39.2547
    4468      41.1719
    4469      41.0712
    4470      39.0687
    4471      39.7575
    4472      41.2541
    4473      39.5447
    4474      39.5566
    4475      40.7567
    4476      39.1142
    4477      39.6675
    4478      39.3352
    4479      42.4937
    4480      41.9927
    4481      43.1743
    4482      43.9497
    4483      41.5991
    4484      41.5524
    4485      42.1356
    4486      41.5084
    4487      41.9294
    4488      42.1916
    4489      39.2974
    4490      40.1181
    4491      40.0084
    4492      42.3675
    4493      39.7062
    4494      42.5630
    4495      43.9586
    4496      42.8897
    4497      42.6261
    4498      43.1910
    4499      41.4687
    4500      42.8100
    4501      41.0194
    4502      41.3419
    4503      41.4417
    4504      41.8930
    4505      41.9059
    4506      41.4168
    4507      40.4327
    4508      40.5688
    4509      41.0944
    4510      40.9372
    4511      41.5802
    4512      41.7749
    4513      41.7350
    4514      42.3892
    4515      42.3422
    4516      41.5874
    4517      40.7007
    4518      41.1225
    4519      39.9161
    4520      41.0236
    4521      41.1069
    4522      40.2690
    4523      39.8794
    4524      41.3419
    4525      40.6389
    4526      42.7444
    4527      40.9188
    4528      42.0486
    4529      41.5919
    4530      41.9045
    4531      40.5868
    4532      40.7540
    4533      41.0639
    4534      40.3588
    4535      41.8161
    4536      41.7128
    4537      40.4121
    4538      41.1592
    4539      41.2893
    4540      41.0017
    4541      41.2512
    4542      42.3398
    4543      41.3034
    4544      42.0237
    4545      41.1119
    4546      40.9337
    4547      43.7774
    4548      41.0566
    4549      39.6675
    4550      40.2851
    4551      40.2015
    4552      38.1872
    4553      40.3553
    4554      39.6573
    4555      40.2669
    4556      40.9362
    4557      40.5964
    4558      39.9753
    4559      41.7119
    4560      41.7269
    4561      40.2245
    4562      41.6586
    4563      43.0780
    4564      40.3080
    4565      41.0831
    4566      41.0197
    4567      39.9505
    4568      41.2241
    4569      43.0865
    4570      43.2187
    4571      43.1210
    4572      43.2008
    4573      44.1712
    4574      41.6587
    4575      42.4062
    4576      42.5300
    4577      44.7549
    4578      43.9043
    4579      43.5808
    4580      43.6319
    4581      41.5190
    4582      41.6837
    4583      42.8414
    4584      40.7267
    4585      41.5508
    4586      42.4425
    4587      41.9272
    4588      41.1390
    4589      42.3827
    4590      42.7296
    4591      43.3594
    4592      42.9685
    4593      41.7258
    4594      41.7906
    4595      43.3176
    4596      42.7529
    4597      42.3685
    4598      42.7903
    4599      41.2850
    4600      41.7998
    4601      41.5696
    4602      41.4358
    4603      41.9163
    4604      42.7337
    4605      43.1149
    4606      43.2911
    4607      42.1577
    4608      42.8931
    4609      42.1352
    4610      43.2906
    4611      44.8952
    4612      42.9270
    4613      41.3490
    4614      41.8831
    4615      42.9043
    4616      42.1772
    4617      41.5724
    4618      42.7435
    4619      43.1077
    4620      42.5325
    4621      41.1380
    4622      43.0529
    4623      42.9992
    4624      41.4501
    4625      43.7557
    4626      41.8367
    4627      44.2651
    4628      43.5015
    4629      42.8216
    4630      43.2303
    4631      43.7398
    4632      43.6808
    4633      42.5447
    4634      42.8207
    4635      43.1910
    4636      40.6306
    4637      40.9879
    4638      40.0493
    4639      40.5064
    4640      40.1327
    4641      39.7269
    4642      40.5903
    4643      39.0204
    4644      39.8565
    4645      40.2180
    4646      41.7678
    4647      41.0190
    4648      40.3300
    4649      41.7685
    4650      41.4604
    4651      40.9965
    4652      41.9326
    4653      40.3041
    4654      43.8550
    4655      42.9223
    4656      44.0413
    4657      43.1731
    4658      43.0975
    4659      42.1476
    4660      42.3715
    4661      41.8761
    4662      42.2155
    4663      42.0245
    4664      42.0423
    4665      42.2190
    4666      42.6046
    4667      42.4329
    4668      42.9599
    4669      43.1172
    4670      43.7604
    4671      42.6802
    4672      43.2975
    4673      43.8450
    4674      43.2160
    4675      42.8122
    4676      43.0244
    4677      42.7770
    4678      43.0488
    4679      41.9585
    4680      43.0028
    4681      43.2024
    4682      43.0443
    4683      43.1354
    4684      43.3468
    4685      44.3111
    4686      43.3395
    4687      42.0988
    4688      43.2449
    4689      42.6870
    4690      43.5978
    4691      42.5138
    4692      44.0877
    4693      43.1001
    4694      43.6194
    4695      46.2646
    4696      44.3805
    4697      45.0047
    4698      45.8937
    4699      45.1239
    4700      41.3819
    4701      43.3439
    4702      44.6868
    4703      45.5128
    4704      44.7238
    4705      43.9400
    4706      45.2466
    4707      43.8424
    4708      43.1913
    4709      42.7335
    4710      42.6741
    4711      43.5320
    4712      42.4563
    4713      43.0323
    4714      42.6064
    4715      41.9208
    4716      42.9947
    4717      42.4775
    4718      39.7191
    4719      41.4027
    4720      42.1647
    4721      43.0060
    4722      42.1006
    4723      42.1572
    4724      41.9420
    4725      41.0871
    4726      40.8963
    4727      42.4313
    4728      41.8431
    4729      42.3841
    4730      43.0612
    4731      43.3118
    4732      42.6451
    4733      43.7396
    4734      41.0370
    4735      42.1810
    4736      42.2523
    4737      41.7789
    4738      42.0465
    4739      42.9248
    4740      41.6644
    4741      42.9350
    4742      41.3260
    4743      42.3860
    4744      41.1347
    4745      42.1324
    4746      40.4115
    4747      42.0540
    4748      41.0792
    4749      42.2959
    4750      40.9992
    4751      41.4888
    4752      41.5905
    4753      42.8972
    4754      42.3012
    4755      44.5734
    4756      43.9542
    4757      44.2735
    4758      45.6638
    4759      45.5404
    4760      43.0536
    4761      42.0972
    4762      43.7023
    4763      42.3851
    4764      42.5854
    4765      43.2576
    4766      42.3875
    4767      43.1066
    4768      43.2363
    4769      42.7698
    4770      42.9275
    4771      42.5173
    4772      41.5307
    4773      40.9394
    4774      41.5687
    4775      41.6421
    4776      41.8834
    4777      41.1011
    4778      42.0413
    4779      45.1598
    4780      43.3290
    4781      42.1148
    4782      42.5226
    4783      42.3526
    4784      43.5542
    4785      42.1154
    4786      41.7537
    4787      43.8508
    4788      44.2934
    4789      43.4758
    4790      44.9980
    4791      45.1567
    4792      44.3995
    4793      44.5123
    4794      42.2456
    4795      43.4224
    4796      43.9161
    4797      42.6921
    4798      42.4866
    4799      40.1485
    4800      42.2449
    4801      39.9478
    4802      41.4470
    4803      41.5341
    4804      41.9719
    4805      42.8156
    4806      43.4825
    4807      41.1409
    4808      43.8657
    4809      42.6851
    4810      43.5799
    4811      44.1756
    4812      43.1521
    4813      42.3670
    4814      42.2209
    4815      43.2248
    4816      44.4765
    4817      43.0192
    4818      43.3126
    4819      43.0920
    4820      42.3015
    4821      43.7425
    4822      44.0882
    4823      42.6910
    4824      43.1125
    4825      41.4651
    4826      43.2375
    4827      41.4234
    4828      40.2333
    4829      40.8084
    4830      41.6323
    4831      42.2201
    4832      40.0516
    4833      39.8082
    4834      40.5684
    4835      39.9376
    4836      40.4431
    4837      41.3219
    4838      37.6402
    4839      38.2985
    4840      37.5852
    4841      40.0224
    4842      40.2773
    4843      40.2942
    4844      41.4623
    4845      41.4741
    4846      43.7537
    4847      44.1619
    4848      42.4965
    4849      43.5052
    4850      41.7089
    4851      42.9846
    4852      43.4585
    4853      43.6033
    4854      42.2959
    4855      42.9426
    4856      41.5109
    4857      41.2704
    4858      41.2840
    4859      40.8668
    4860      40.8830
    4861      41.3959
    4862      43.6566
    4863      41.7314
    4864      41.3757
    4865      41.0233
    4866      41.3787
    4867      40.7209
    4868      42.0693
    4869      42.1033
    4870      43.5226
    4871      41.3091
    4872      40.9338
    4873      39.9502
    4874      42.4061
    4875      41.2674
    4876      41.5066
    4877      42.9039
    4878      43.0341
    4879      42.1668
    4880      42.9212
    4881      44.5983
    4882      44.8428
    4883      45.3757
    4884      43.0803
    4885      43.2596
    4886      40.9835
    4887      43.3854
    4888      42.8423
    4889      43.6112
    4890      43.2473
    4891      42.1478
    4892      42.4004
    4893      42.2212
    4894      41.5648
    4895      40.4989
    4896      42.6832
    4897      40.9168
    4898      41.3047
    4899      42.1984
    4900      42.3045
    4901      41.5921
    4902      40.7542
    4903      40.1567
    4904      43.3119
    4905      45.1186
    4906      44.7121
    4907      41.9584
    4908      42.9727
    4909      42.0158
    4910      42.9235
    4911      42.9755
    4912      43.4946
    4913      42.0158
    4914      44.2810
    4915      42.8893
    4916      42.6771
    4917      42.2168
    4918      43.6363
    4919      42.7828
    4920      40.3749
    4921      41.5755
    4922      40.3010
    4923      42.4669
    4924      41.8386
    4925      45.4785
    4926      42.5153
    4927      41.4629
    4928      42.9745
    4929      45.6354
    4930      45.7528
    4931      43.8743
    4932      43.3418
    4933      44.8032
    4934      42.7394
    4935      42.7994
    4936      42.0001
    4937      41.9550
    4938      45.5435
    4939      44.0767
    4940      44.9900
    4941      43.8747
    4942      41.5980
    4943      43.1225
    4944      42.5457
    4945      42.6751
    4946      41.0780
    4947      40.9606
    4948      44.9296
    4949      45.1286
    4950      45.4214
    4951      43.8419
    4952      44.8189
    4953      43.7039
    4954      43.3350
    4955      41.5026
    4956      41.2291
    4957      39.6801
    4958      40.3230
    4959      41.7998
    4960      39.5004
    4961      41.7405
    4962      44.0971
    4963      44.1193
    4964      46.1671
    4965      44.7494
    4966      43.0342
    4967      42.8640
    4968      41.9524
    4969      40.5958
    4970      41.3242
    4971      40.8452
    4972      39.3355
    4973      42.1182
    4974      40.0250
    4975      39.0212
    4976      41.2727
    4977      41.0536
    4978      40.0582
    4979      40.1383
    4980      41.5494
    4981      41.3302
    4982      39.9375
    4983      39.5538
    4984      39.5684
    4985      40.8828
    4986      41.0341
    4987      43.0651
    4988      41.0354
    4989      39.8798
    4990      39.7639
    4991      41.0291
    4992      40.5339
    4993      39.1380
    4994      41.8830
    4995      40.7882
    4996      42.6926
    4997      41.3089
    4998      40.5638
    4999      40.6324
    5000      41.8051
    5001      41.4918
    5002      41.9726
    5003      42.1944
    5004      40.4254
    5005      42.0960
    5006      43.0480
    5007      45.0188
    5008      40.3175
    5009      41.8039
    5010      39.2247
    5011      41.6188
    5012      42.4719
    5013      39.3392
    5014      40.0431
    5015      39.7627
    5016      41.0646
    5017      40.6155
    5018      40.2316
    5019      41.4977
    5020      42.2296
    5021      40.9435
    5022      41.2825
    5023      42.2743
    5024      41.2355
    5025      42.1753
    5026      42.7308
    5027      40.7109
    5028      42.4563
    5029      43.5071
    5030      44.9031
    5031      43.3971
    5032      42.4222
    5033      44.4718
    5034      40.9348
    5035      42.0031
    5036      42.5150
    5037      42.1961
    5038      42.1427
    5039      40.4033
    5040      43.4879
    5041      42.1273
    5042      40.3820
    5043      42.5637
    5044      41.3110
    5045      39.7151
    5046      41.6603
    5047      39.5335
    5048      38.4568
    5049      40.6476
    5050      38.0915
    5051      39.5525
    5052      40.3256
    5053      40.3091
    5054      40.8234
    5055      40.1297
    5056      39.6164
    5057      39.4641
    5058      38.8101
    5059      39.6013
    5060      39.4654
    5061      40.5448
    5062      38.4879
    5063      37.8918
    5064      38.0131
    5065      37.8828
    5066      36.7848
    5067      36.1715
    5068      36.5312
    5069      36.5170
    5070      35.9207
    5071      36.5759
    5072      36.7119
    5073      36.0693
    5074      36.2847
    5075      36.5821
    5076      37.5420
    5077      35.6613
    5078      36.4011
    5079      37.1757
    5080      37.0712
    5081      37.2659
    5082      37.9700
    5083      37.0496
    5084      36.3274
    5085      36.4066
    5086      35.5228
    5087      36.0992
    5088      35.4938
    5089      36.7203
    5090      35.5554
    5091      35.6572
    5092      36.0081
    5093      35.6322
    5094      34.9269
    5095      36.3077
    5096      36.6023
    5097      36.9460
    5098      35.7578
    5099      35.5037
    5100      36.6696
    5101      35.8510
    5102      36.1086
    5103      36.1365
    5104      37.5361
    5105      39.0503
    5106      36.5483
    5107      36.8457
    5108      36.9374
    5109      35.8850
    5110      37.4687
    5111      38.2672
    5112      37.4357
    5113      36.2881
    5114      37.7945
    5115      36.8425
    5116      36.7476
    5117      35.8189
    5118      35.8929
    5119      36.0000
    5120      35.8862
    5121      35.8584
    5122      36.2341
    5123      36.5181
    5124      36.1325
    5125      36.9511
    5126      36.9201
    5127      35.5660
    5128      36.4740
    5129      38.3496
    5130      39.5532
    5131      38.6143
    5132      37.0907
    5133      37.9690
    5134      37.8636
    5135      38.7148
    5136      39.3639
    5137      40.7940
    5138      41.3580
    5139      42.2547
    5140      40.7369
    5141      42.0506
    5142      42.2582
    5143      42.9028
    5144      43.5791
    5145      41.8812
    5146      41.0628
    5147      39.5514
    5148      42.1956
    5149      40.7925
    5150      41.5908
    5151      40.7047
    5152      41.5006
    5153      41.1894
    5154      41.3196
    5155      40.4363
    5156      41.5852
    5157      40.3230
    5158      40.6512
    5159      41.4473
    5160      39.8474
    5161      40.1492
    5162      39.9085
    5163      41.2663
    5164      41.5941
    5165      43.4958
    5166      40.0743
    5167      41.3499
    5168      41.0530
    5169      42.2300
    5170      41.4415
    5171      42.3140
    5172      41.0160
    5173      42.0961
    5174      42.6899
    5175      42.7521
    5176      42.4922
    5177      42.0013
    5178      41.6577
    5179      41.0148
    5180      43.3337
    5181      41.8539
    5182      41.2145
    5183      40.1796
    5184      40.4356
    5185      41.6645
    5186      41.8205
    5187      41.0585
    5188      41.5043
    5189      40.6282
    5190      40.9332
    5191      39.9816
    5192      38.4861
    5193      38.6739
    5194      37.9989
    5195      39.2591
    5196      38.9749
    5197      37.8269
    5198      38.8960
    5199      38.8626
    5200      38.7704
    5201      38.7036
    5202      38.3369
    5203      40.2634
    5204      39.4852
    5205      39.0471
    5206      41.0295
    5207      40.4114
    5208      41.9567
    5209      42.4196
    5210      42.5438
    5211      40.9451
    5212      40.6083
    5213      40.7795
    5214      39.3358
    5215      38.5935
    5216      39.3689
    5217      40.0531
    5218      41.2175
    5219      38.2752
    5220      39.7887
    5221      39.0652
    5222      41.2171
    5223      39.6673
    5224      40.1919
    5225      41.3766
    5226      41.4588
    5227      39.4588
    5228      41.2222
    5229      40.5190
    5230      39.2402
    5231      40.8531
    5232      40.5730
    5233      41.6075
    5234      41.9874
    5235      42.9174
    5236      43.2847
    5237      44.1236
    5238      41.5390
    5239      40.7339
    5240      40.9109
    5241      42.7812
    5242      41.0473
    5243      39.5229
    5244      39.5818
    5245      39.0544
    5246      38.9715
    5247      40.2695
    5248      40.6593
    5249      41.8864
    5250      40.9454
    5251      41.4812
    5252      40.3163
    5253      41.8878
    5254      41.9341
    5255      40.3411
    5256      40.9765
    5257      39.9561
    5258      40.1880
    5259      40.2621
    5260      40.1877
    5261      39.2388
    5262      39.0872
    5263      39.0046
    5264      39.0507
    5265      40.2998
    5266      40.0348
    5267      39.2840
    5268      40.9360
    5269      41.2306
    5270      43.0930
    5271      41.5341
    5272      40.7863
    5273      43.1874
    5274      41.5462
    5275      41.5182
    5276      41.0811
    5277      42.0923
    5278      40.3107
    5279      40.2692
    5280      42.3960
    5281      40.4607
    5282      40.7292
    5283      39.8201
    5284      39.9217
    5285      41.3099
    5286      39.6197
    5287      40.9332
    5288      39.6364
    5289      40.2474
    5290      38.8153
    5291      39.4549
    5292      38.4867
    5293      39.3115
    5294      39.9905
    5295      40.5028
    5296      39.3883
    5297      39.3915
    5298      39.4492
    5299      38.8585
    5300      40.0264
    5301      39.0432
    5302      40.8916
    5303      42.0106
    5304      41.9146
    5305      39.6702
    5306      40.5124
    5307      40.2923
    5308      40.8242
    5309      41.5459
    5310      42.3296
    5311      45.1746
    5312      42.3937
    5313      43.1911
    5314      41.6895
    5315      41.8974
    5316      40.6804
    5317      41.7446
    5318      42.6460
    5319      42.4497
    5320      40.7359
    5321      41.6517
    5322      41.9102
    5323      42.5812
    5324      42.9742
    5325      40.4049
    5326      42.3021
    5327      42.5404
    5328      43.3297
    5329      47.2717
    5330      46.1363
    5331      45.2156
    5332      43.3714
    5333      43.0531
    5334      41.3718
    5335      42.5932
    5336      42.1248
    5337      43.3625
    5338      42.7306
    5339      42.5786
    5340      42.1423
    5341      42.5573
    5342      42.0762
    5343      43.8429
    5344      42.3329
    5345      42.2561
    5346      43.3079
    5347      44.4753
    5348      42.3545
    5349      42.4611
    5350      41.9224
    5351      41.2634
    5352      42.8408
    5353      42.8983
    5354      40.9900
    5355      43.3650
    5356      43.2381
    5357      43.8096
    5358      42.2553
    5359      44.2920
    5360      42.0496
    5361      42.7212
    5362      43.8796
    5363      42.1440
    5364      43.3105
    5365      42.4069
    5366      42.2443
    5367      41.2983
    5368      40.6431
    5369      41.5036
    5370      41.9746
    5371      42.7054
    5372      42.1420
    5373      43.3926
    5374      42.4265
    5375      42.8026
    5376      43.5727
    5377      42.1622
    5378      43.6677
    5379      43.0682
    5380      43.0125
    5381      42.7339
    5382      42.0497
    5383      43.2658
    5384      42.8246
    5385      41.9674
    5386      42.8820
    5387      43.7952
    5388      43.5507
    5389      43.5431
    5390      43.4167
    5391      42.3180
    5392      43.4921
    5393      43.3877
    5394      42.4768
    5395      43.1570
    5396      43.7929
    5397      42.3337
    5398      43.1983
    5399      41.6233
    5400      41.8091
    5401      42.9544
    5402      41.3023
    5403      42.6864
    5404      41.2738
    5405      41.7619
    5406      42.1335
    5407      42.3782
    5408      41.6954
    5409      42.8029
    5410      43.1263
    5411      45.0743
    5412      43.0964
    5413      42.1510
    5414      41.8291
    5415      42.1498
    5416      43.6684
    5417      42.0805
    5418      42.0683
    5419      41.7570
    5420      41.4931
    5421      43.2494
    5422      42.5112
    5423      43.4420
    5424      43.0405
    5425      42.7337
    5426      44.1167
    5427      45.1782
    5428      44.5467
    5429      42.1868
    5430      43.9229
    5431      42.6700
    5432      42.1462
    5433      42.1989
    5434      41.3483
    5435      41.9068
    5436      41.4751
    5437      42.6181
    5438      42.1883
    5439      43.0703
    5440      43.1877
    5441      42.3709
    5442      43.2264
    5443      43.4185
    5444      43.6340
    5445      41.9886
    5446      42.4011
    5447      43.0791
    5448      42.1098
    5449      42.7923
    5450      42.2061
    5451      41.8318
    5452      43.5884
    5453      43.6182
    5454      42.8800
    5455      43.4132
    5456      42.6577
    5457      42.2999
    5458      42.7813
    5459      42.2285
    5460      42.6392
    5461      42.6234
    5462      42.8912
    5463      43.1134
    5464      43.4195
    5465      42.5705
    5466      41.7370
    5467      40.3700
    5468      43.2785
    5469      42.5935
    5470      42.8902
    5471      42.6709
    5472      42.6837
    5473      42.5008
    5474      43.1396
    5475      41.8142
    5476      43.0142
    5477      42.6004
    5478      41.8026
    5479      42.6428
    5480      43.0692
    5481      43.1702
    5482      43.1765
    5483      43.4437
    5484      43.0485
    5485      42.9603
    5486      42.4907
    5487      40.8088
    5488      40.9611
    5489      42.6322
    5490      41.0408
    5491      40.7758
    5492      40.1383
    5493      41.3724
    5494      41.6925
    5495      43.3393
    5496      44.4587
    5497      44.3264
    5498      42.8776
    5499      41.8773
    5500      42.2345
    5501      43.2995
    5502      44.7976
    5503      43.9781
    5504      43.7851
    5505      43.3485
    5506      41.5782
    5507      42.3925
    5508      41.2761
    5509      42.6727
    5510      41.5312
    5511      43.8136
    5512      42.4602
    5513      41.8878
    5514      40.9533
    5515      40.1189
    5516      41.8311
    5517      40.8694
    5518      40.8769
    5519      40.6107
    5520      41.9379
    5521      43.9169
    5522      42.5141
    5523      43.0964
    5524      43.6457
    5525      41.2056
    5526      42.4815
    5527      41.6678
    5528      41.4197
    5529      41.8991
    5530      41.0487
    5531      41.5976
    5532      41.9682
    5533      41.1924
    5534      41.0173
    5535      40.3790
    5536      41.1470
    5537      40.1558
    5538      42.4766
    5539      40.2499
    5540      38.9732
    5541      40.6623
    5542      40.2073
    5543      40.6270
    5544      40.0282
    5545      41.8883
    5546      40.2411
    5547      40.9004
    5548      42.0545
    5549      39.4776
    5550      41.4878
    5551      41.2913
    5552      41.6129
    5553      40.3538
    5554      40.0991
    5555      40.0628
    5556      40.3398
    5557      40.9665
    5558      40.9688
    5559      41.7999
    5560      40.5789
    5561      40.3228
    5562      41.9955
    5563      41.3642
    5564      40.8194
    5565      41.6229
    5566      39.2987
    5567      40.0356
    5568      41.0893
    5569      41.2854
    5570      39.3182
    5571      39.7113
    5572      42.0693
    5573      40.3462
    5574      39.6085
    5575      40.0610
    5576      40.3496
    5577      40.3700
    5578      42.2236
    5579      40.3932
    5580      41.8895
    5581      41.3834
    5582      40.1818
    5583      40.5904
    5584      40.9659
    5585      40.8447
    5586      41.2678
    5587      42.2475
    5588      41.0740
    5589      41.4869
    5590      41.5033
    5591      40.4982
    5592      39.4165
    5593      39.6861
    5594      41.1395
    5595      40.2030
    5596      40.5418
    5597      41.2583
    5598      41.1514
    5599      40.4181
    5600      39.5910
    5601      40.9290
    5602      41.5346
    5603      40.2207
    5604      40.8820
    5605      40.0549
    5606      39.5953
    5607      39.0100
    5608      39.6262
    5609      39.7477
    5610      39.5181
    5611      39.3420
    5612      38.9872
    5613      37.7922
    5614      39.8802
    5615      38.9328
    5616      39.2795
    5617      39.1777
    5618      39.8995
    5619      38.9732
    5620      39.8446
    5621      40.4076
    5622      38.6986
    5623      39.4320
    5624      38.3569
    5625      39.0584
    5626      39.3320
    5627      38.3944
    5628      39.8771
    5629      38.6573
    5630      37.8940
    5631      39.3387
    5632      38.2858
    5633      38.1835
    5634      39.6296
    5635      38.3349
    5636      38.5193
    5637      39.3329
    5638      38.9291
    5639      38.8797
    5640      39.9716
    5641      41.1708
    5642      39.9119
    5643      40.0585
    5644      41.1146
    5645      41.1159
    5646      40.4917
    5647      39.2164
    5648      40.4626
    5649      39.7114
    5650      40.0342
    5651      38.9842
    5652      39.3004
    5653      40.3438
    5654      39.6310
    5655      40.5994
    5656      41.7473
    5657      41.6159
    5658      42.1817
    5659      41.8463
    5660      42.4087
    5661      41.0370
    5662      41.4126
    5663      41.8784
    5664      39.6342
    5665      40.9298
    5666      41.2974
    5667      40.7982
    5668      41.5122
    5669      41.2644
    5670      40.9157
    5671      39.3709
    5672      40.6665
    5673      40.2739
    5674      40.7799
    5675      39.3656
    5676      41.4072
    5677      41.4643
    5678      40.8678
    5679      39.7784
    5680      40.6099
    5681      40.5685
    5682      39.2262
    5683      41.8507
    5684      41.1126
    5685      42.0039
    5686      41.6488
    5687      41.7920
    5688      41.8355
    5689      41.2893
    5690      41.9573
    5691      41.0785
    5692      40.8542
    5693      41.2887
    5694      41.3186
    5695      40.3074
    5696      40.7999
    5697      41.2986
    5698      41.2796
    5699      41.0301
    5700      42.9661
    5701      42.6193
    5702      40.7923
    5703      41.8033
    5704      40.5901
    5705      39.9408
    5706      40.3549
    5707      38.9908
    5708      38.8834
    5709      38.9891
    5710      39.1244
    5711      38.7908
    5712      38.5940
    5713      39.2862
    5714      40.2775
    5715      39.0657
    5716      38.3763
    5717      40.4393
    5718      40.6779
    5719      41.6892
    5720      40.0309
    5721      40.0876
    5722      39.9651
    5723      40.3447
    5724      40.6043
    5725      41.3841
    5726      41.6354
    5727      39.5104
    5728      40.5153
    5729      41.7223
    5730      43.9953
    5731      45.6510
    5732      44.7101
    5733      45.2988
    5734      44.6647
    5735      42.7468
    5736      41.7172
    5737      43.3392
    5738      42.7448
    5739      42.3324
    5740      42.8212
    5741      42.9785
    5742      43.3329
    5743      43.8096
    5744      43.0582
    5745      42.8688
    5746      43.6280
    5747      42.5827
    5748      42.7171
    5749      43.3523
    5750      42.5924
    5751      42.6312
    5752      42.6741
    5753      42.3541
    5754      41.9015
    5755      43.1125
    5756      43.4471
    5757      44.1671
    5758      43.6746
    5759      42.6139
    5760      43.6533
    5761      44.2639
    5762      43.4031
    5763      43.8544
    5764      44.3028
    5765      44.4675
    5766      43.1553
    5767      44.2548
    5768      45.5792
    5769      45.6119
    5770      43.3619
    5771      45.1337
    5772      44.0039
    5773      45.6122
    5774      43.4937
    5775      44.4200
    5776      43.0966
    5777      44.6610
    5778      45.0919
    5779      42.0806
    5780      43.6438
    5781      43.6805
    5782      43.6802
    5783      43.4106
    5784      44.7316
    5785      42.7286
    5786      42.3381
    5787      44.7111
    5788      43.5162
    5789      44.9995
    5790      43.5220
    5791      45.2471
    5792      45.7695
    5793      44.6405
    5794      44.9715
    5795      44.4447
    5796      45.9649
    5797      46.1049
    5798      43.4258
    5799      45.7017
    5800      43.4034
    5801      44.5202
    5802      43.9302
    5803      44.9869
    5804      43.8229
    5805      45.0169
    5806      43.4161
    5807      42.4166
    5808      44.0411
    5809      45.8596
    5810      44.8270
    5811      43.4061
    5812      44.6651
    5813      43.5238
    5814      45.6189
    5815      44.4671
    5816      43.8610
    5817      44.7593
    5818      45.2586
    5819      45.3174
    5820      43.8191
    5821      45.2672
    5822      45.4780
    5823      43.7584
    5824      45.3641
    5825      46.1455
    5826      45.4473
    5827      46.6232
    5828      44.5890
    5829      44.7540
    5830      44.8361
    5831      44.3986
    5832      45.3040
    5833      45.7928
    5834      45.3058
    5835      45.9813
    5836      45.2895
    5837      43.8181
    5838      43.5894
    5839      44.2292
    5840      42.1897
    5841      43.4631
    5842      43.6212
    5843      43.0693
    5844      44.7266
    5845      44.1581
    5846      44.0264
    5847      45.1042
    5848      44.8464
    5849      45.0270
    5850      45.1924
    5851      43.2527
    5852      44.9991
    5853      45.0312
    5854      44.2625
    5855      44.8020
    5856      44.0421
    5857      42.9888
    5858      43.6684
    5859      44.9957
    5860      43.7518
    5861      43.6951
    5862      44.9841
    5863      44.9051
    5864      42.8735
    5865      44.2539
    5866      43.6114
    5867      44.5741
    5868      43.6829
    5869      44.9272
    5870      44.9454
    5871      43.6387
    5872      43.7336
    5873      44.6095
    5874      44.1205
    5875      44.5087
    5876      42.8756
    5877      45.5222
    5878      44.0381
    5879      44.3075
    5880      44.5758
    5881      43.0035
    5882      43.4771
    5883      43.7189
    5884      44.0513
    5885      43.9822
    5886      42.4821
    5887      42.8786
    5888      42.6450
    5889      41.4412
    5890      43.6856
    5891      43.2177
    5892      42.6729
    5893      44.1965
    5894      43.7241
    5895      44.2051
    5896      43.8881
    5897      42.9626
    5898      43.1801
    5899      42.4715
    5900      42.8483
    5901      44.6299
    5902      44.6756
    5903      43.1746
    5904      42.6503
    5905      44.5377
    5906      42.9015
    5907      43.0061
    5908      43.3141
    5909      44.6011
    5910      43.7918
    5911      44.0696
    5912      43.8475
    5913      44.7093
    5914      44.6364
    5915      44.0486
    5916      43.2091
    5917      43.5386
    5918      43.4863
    5919      43.0440
    5920      44.5614
    5921      44.2286
    5922      42.6376
    5923      44.0598
    5924      44.4946
    5925      44.7831
    5926      44.1176
    5927      43.6371
    5928      44.1693
    5929      43.7449
    5930      42.7397
    5931      43.3115
    5932      41.3560
    5933      43.3006
    5934      42.6851
    5935      43.4721
    5936      44.0495
    5937      43.9548
    5938      44.1594
    5939      45.8225
    5940      45.2093
    5941      45.2857
    5942      44.1094
    5943      43.6809
    5944      42.9976
    5945      44.1132
    5946      43.1374
    5947      45.2379
    5948      42.8921
    5949      43.6259
    5950      43.2211
    5951      43.4628
    5952      42.6034
    5953      43.6469
    5954      44.3301
    5955      43.4446
    5956      43.2197
    5957      43.2737
    5958      42.5464
    5959      42.9852
    5960      42.2486
    5961      42.9325
    5962      42.2109
    5963      43.9038
    5964      44.6107
    5965      43.9153
    5966      44.0444
    5967      43.8976
    5968      43.6524
    5969      44.4682
    5970      42.9530
    5971      43.6660
    5972      42.7279
    5973      42.6977
    5974      45.2309
    5975      43.8102
    5976      43.2626
    5977      42.5297
    5978      43.3979
    5979      44.1495
    5980      44.2723
    5981      43.7882
    5982      43.4178
    5983      42.6205
    5984      41.4849
    5985      42.0139
    5986      43.1641
    5987      41.4933
    5988      41.7957
    5989      42.6386
    5990      41.5969
    5991      42.2054
    5992      42.1233
    5993      43.0560
    5994      42.8161
    5995      42.4276
    5996      42.7768
    5997      41.8706
    5998      42.9195
    5999      42.2917
    6000      43.2014
    6001      43.1027
    6002      42.8136
    6003      44.0207
    6004      43.7434
    6005      43.3146
    6006      43.7913
    6007      45.1280
    6008      45.9787
    6009      44.1203
    6010      47.0639
    6011      45.3183
    6012      44.9100
    6013      45.7016
    6014      44.4289
    6015      44.5059
    6016      42.3851
    6017      42.7739
    6018      43.5103
    6019      44.5672
    6020      43.3585
    6021      42.9757
    6022      43.6146
    6023      43.6747
    6024      43.3280
    6025      41.6122
    6026      42.7548
    6027      43.2103
    6028      42.2625
    6029      43.8354
    6030      42.7624
    6031      42.7542
    6032      42.1073
    6033      43.3508
    6034      43.8342
    6035      44.5667
    6036      44.4291
    6037      43.3049
    6038      45.5293
    6039      43.2201
    6040      45.2378
    6041      43.8097
    6042      44.9756
    6043      46.2016
    6044      44.2477
    6045      43.0504
    6046      42.6656
    6047      45.2068
    6048      45.5108
    6049      44.9018
    6050      44.2961
    6051      44.2248
    6052      43.9006
    6053      44.9935
    6054      45.0856
    6055      46.5934
    6056      44.5087
    6057      45.3378
    6058      44.3476
    6059      44.5595
    6060      44.4920
    6061      45.6751
    6062      44.7000
    6063      44.4962
    6064      42.9244
    6065      44.3062
    6066      45.0078
    6067      43.8221
    6068      44.0627
    6069      43.9929
    6070      46.2341
    6071      44.0009
    6072      43.0404
    6073      42.8189
    6074      43.4814
    6075      45.4019
    6076      44.7667
    6077      44.3165
    6078      45.2342
    6079      44.2703
    6080      44.2033
    6081      43.9485
    6082      44.9141
    6083      45.3835
    6084      44.8249
    6085      45.2730
    6086      47.9336
    6087      47.7427
    6088      46.5013
    6089      44.9365
    6090      44.5531
    6091      43.7112
    6092      42.8701
    6093      43.0077
    6094      43.3515
    6095      43.6768
    6096      43.9376
    6097      45.6502
    6098      46.0027
    6099      44.0857
    6100      44.0898
    6101      43.6551
    6102      44.0629
    6103      44.4533
    6104      44.3433
    6105      45.3257
    6106      45.4352
    6107      44.5890
    6108      44.9333
    6109      44.8469
    6110      43.5978
    6111      44.9915
    6112      43.1467
    6113      43.9596
    6114      44.3607
    6115      44.4699
    6116      44.2653
    6117      44.2717
    6118      43.8663
    6119      44.2870
    6120      44.9713
    6121      44.8498
    6122      44.2891
    6123      43.8176
    6124      45.3105
    6125      45.1505
    6126      44.3376
    6127      45.0707
    6128      45.9480
    6129      45.9291
    6130      47.9410
    6131      46.6185
    6132      48.1512
    6133      47.1868
    6134      47.1798
    6135      48.4837
    6136      46.9296
    6137      48.3507
    6138      47.6219
    6139      47.4222
    6140      48.8304
    6141      46.1469
    6142      47.1905
    6143      46.3341
    6144      47.2246
    6145      44.5506
    6146      46.7401
    6147      45.0598
    6148      43.7652
    6149      43.4207
    6150      45.9134
    6151      43.9614
    6152      44.2162
    6153      45.2586
    6154      44.4384
    6155      44.6437
    6156      43.6936
    6157      45.8703
    6158      43.9670
    6159      44.8267
    6160      47.9200
    6161      47.6973
    6162      48.7776
    6163      47.7963
    6164      48.6118
    6165      48.9766
    6166      50.6405
    6167      51.3247
    6168      51.7290
    6169      51.6275
    6170      54.7862
    6171      50.8413
    6172      48.4826
    6173      49.2638
    6174      47.0428
    6175      46.8908
    6176      47.4951
    6177      46.7250
    6178      46.8863
    6179      49.1425
    6180      51.1467
    6181      48.2037
    6182      45.7298
    6183      46.9647
    6184      47.8170
    6185      47.8490
    6186      48.6704
    6187      47.5499
    6188      48.5598
    6189      48.8693
    6190      50.3876
    6191      50.1007
    6192      50.5311
    6193      51.4110
    6194      52.0737
    6195      51.8980
    6196      48.1699
    6197      48.1501
    6198      47.8337
    6199      47.6374
    6200      48.1495
    6201      50.1484
    6202      49.3710
    6203      47.8476
    6204      47.0343
    6205      50.0974
    6206      50.2948
    6207      50.2129
    6208      51.3756
    6209      50.6159
    6210      53.2121
    6211      51.0698
    6212      50.3580
    6213      49.1585
    6214      49.7313
    6215      51.9208
    6216      47.8712
    6217      49.9784
    6218      50.6454
    6219      49.5425
    6220      49.1182
    6221      47.7827
    6222      47.3046
    6223      47.8043
    6224      46.3069
    6225      47.4976
    6226      44.4348
    6227      47.4664
    6228      45.7443
    6229      45.5042
    6230      45.2982
    6231      45.2708
    6232      45.4162
    6233      45.6755
    6234      45.0210
    6235      45.0188
    6236      45.1642
    6237      46.2832
    6238      49.5220
    6239      48.7140
    6240      50.0610
    6241      49.4506
    6242      47.2894
    6243      48.6877
    6244      49.1100
    6245      49.2630
    6246      48.5604
    6247      51.3417
    6248      49.4107
    6249      47.6852
    6250      45.6360
    6251      46.0212
    6252      45.4256
    6253      46.0594
    6254      47.3056
    6255      45.9025
    6256      46.8410
    6257      46.1267
    6258      45.8029
    6259      45.9478
    6260      46.8670
    6261      46.7885
    6262      48.3470
    6263      47.1171
    6264      47.8106
    6265      48.7368
    6266      47.9410
    6267      47.0824
    6268      45.9908
    6269      46.2176
    6270      45.1057
    6271      46.4353
    6272      45.3165
    6273      43.5657
    6274      44.7146
    6275      45.2496
    6276      47.5755
    6277      46.8966
    6278      46.2549
    6279      47.0586
    6280      48.4965
    6281      45.8207
    6282      47.0767
    6283      47.4954
    6284      47.3184
    6285      47.8322
    6286      48.6015
    6287      50.0795
    6288      48.6112
    6289      47.8488
    6290      47.8954
    6291      47.6580
    6292      48.9542
    6293      48.1859
    6294      51.7184
    6295      49.8070
    6296      50.5032
    6297      47.9020
    6298      48.5685
    6299      47.3583
    6300      49.8758
    6301      50.4631
    6302      50.4974
    6303      50.2887
    6304      49.8612
    6305      49.5040
    6306      48.8293
    6307      48.5758
    6308      47.0555
    6309      48.2823
    6310      47.1403
    6311      46.6174
    6312      47.3940
    6313      45.7158
    6314      43.9097
    6315      44.7134
    6316      44.1837
    6317      44.7780
    6318      44.0337
    6319      46.2574
    6320      46.4527
    6321      45.9264
    6322      44.3263
    6323      46.0497
    6324      46.0328
    6325      47.1061
    6326      47.2286
    6327      49.1270
    6328      46.3868
    6329      45.4356
    6330      44.4013
    6331      43.2004
    6332      43.1891
    6333      41.7627
    6334      45.0928
    6335      45.3270
    6336      46.1797
    6337      45.6195
    6338      45.2588
    6339      45.6353
    6340      44.4164
    6341      43.7260
    6342      43.5587
    6343      45.6945
    6344      47.1548
    6345      46.5734
    6346      47.5413
    6347      47.4241
    6348      45.9710
    6349      44.7469
    6350      46.2979
    6351      48.0863
    6352      46.8241
    6353      47.3245
    6354      48.3113
    6355      46.6351
    6356      47.7500
    6357      47.1298
    6358      46.7934
    6359      46.8077
    6360      46.0070
    6361      43.5489
    6362      43.8629
    6363      44.3308
    6364      44.4383
    6365      42.5373
    6366      44.3933
    6367      44.2553
    6368      44.8965
    6369      44.1608
    6370      44.5569
    6371      45.5955
    6372      44.3246
    6373      43.7356
    6374      43.8387
    6375      42.3608
    6376      43.8015
    6377      43.5939
    6378      45.8152
    6379      45.3031
    6380      44.6653
    6381      42.7647
    6382      43.9809
    6383      43.4674
    6384      41.3546
    6385      42.2409
    6386      41.3448
    6387      43.0923
    6388      45.2758
    6389      43.6167
    6390      43.7420
    6391      44.5990
    6392      44.0984
    6393      43.1060
    6394      43.4032
    6395      44.0208
    6396      42.5109
    6397      42.7728
    6398      43.3525
    6399      44.5678
    6400      44.1610
    6401      43.9733
    6402      42.3747
    6403      41.6238
    6404      41.5377
    6405      41.4615
    6406      41.3750
    6407      42.6945
    6408      41.7398
    6409      43.0835
    6410      42.5281
    6411      42.3707
    6412      44.0490
    6413      45.4820
    6414      47.2751
    6415      45.8200
    6416      46.7060
    6417      44.6375
    6418      44.3226
    6419      44.0424
    6420      45.3987
    6421      45.7295
    6422      43.9780
    6423      43.9577
    6424      43.7806
    6425      44.5222
    6426      45.3472
    6427      46.2275
    6428      44.3091
    6429      44.6033
    6430      45.6401
    6431      43.2477
    6432      43.6502
    6433      46.2391
    6434      44.5158
    6435      43.4546
    6436      44.4062
    6437      43.5402
    6438      44.5601
    6439      43.9515
    6440      43.1300
    6441      43.5716
    6442      45.6230
    6443      44.9552
    6444      43.5257
    6445      43.3115
    6446      42.0663
    6447      42.7088
    6448      42.0097
    6449      42.9737
    6450      42.9689
    6451      42.8593
    6452      42.5014
    6453      42.0219
    6454      42.5249
    6455      42.6889
    6456      43.8335
    6457      41.4249
    6458      40.5772
    6459      41.9697
    6460      42.4307
    6461      42.0776
    6462      43.6295
    6463      42.5189
    6464      42.3805
    6465      43.2979
    6466      42.0380
    6467      41.4984
    6468      42.0384
    6469      42.2636
    6470      42.7239
    6471      42.1134
    6472      42.1572
    6473      42.6785
    6474      42.2978
    6475      42.0809
    6476      41.6022
    6477      42.6565
    6478      42.7366
    6479      42.5944
    6480      42.6797
    6481      41.4607
    6482      42.7897
    6483      42.5904
    6484      42.1955
    6485      41.5251
    6486      42.2703
    6487      41.4691
    6488      43.0033
    6489      42.7313
    6490      42.0028
    6491      42.3197
    6492      41.7047
    6493      43.1075
    6494      43.0704
    6495      43.3249
    6496      44.4742
    6497      46.1605
    6498      43.9063
    6499      46.3506
    6500      45.2914
    6501      44.3940
    6502      44.5487
    6503      44.0189
    6504      44.9556
    6505      45.8187
    6506      45.5140
    6507      43.8002
    6508      43.9012
    6509      44.1229
    6510      44.6706
    6511      44.2379
    6512      44.8169
    6513      44.8516
    6514      45.2522
    6515      46.3890
    6516      45.6758
    6517      46.8189
    6518      47.9903
    6519      45.1817
    6520      45.0559
    6521      43.1949
    6522      42.1471
    6523      41.0896
    6524      41.3965
    6525      41.9726
    6526      40.4032
    6527      41.5396
    6528      41.2686
    6529      40.6133
    6530      40.1399
    6531      41.2811
    6532      41.0757
    6533      41.8176
    6534      42.1158
    6535      42.5329
    6536      42.4717
    6537      41.7691
    6538      42.4738
    6539      43.3690
    6540      45.0571
    6541      45.7172
    6542      46.2211
    6543      45.8022
    6544      45.2826
    6545      46.1002
    6546      45.9243
    6547      46.3567
    6548      45.3184
    6549      45.6482
    6550      45.2424
    6551      45.1872
    6552      45.2853
    6553      46.3671
    6554      45.4058
    6555      45.8943
    6556      47.1756
    6557      46.4161
    6558      48.4138
    6559      45.5274
    6560      45.1969
    6561      45.3718
    6562      43.8119
    6563      44.5284
    6564      43.9927
    6565      43.0182
    6566      42.3735
    6567      43.1413
    6568      42.3781
    6569      43.6205
    6570      43.6048
    6571      43.8647
    6572      43.6117
    6573      45.0856
    6574      43.0298
    6575      42.8404
    6576      42.5066
    6577      42.8523
    6578      41.4562
    6579      42.4223
    6580      42.8767
    6581      46.2596
    6582      42.3191
    6583      42.6971
    6584      44.3748
    6585      43.8560
    6586      42.9384
    6587      43.3734
    6588      41.2286
    6589      41.0590
    6590      40.0554
    6591      40.0742
    6592      42.8786
    6593      41.9182
    6594      41.5198
    6595      41.4703
    6596      42.0679
    6597      41.7433
    6598      42.6359
    6599      41.3110
    6600      43.4153
    6601      42.1055
    6602      41.7628
    6603      42.9366
    6604      42.0869
    6605      42.0492
    6606      40.5986
    6607      42.2347
    6608      41.3126
    6609      41.8081
    6610      41.9896
    6611      40.8537
    6612      41.0627
    6613      40.7718
    6614      40.9337
    6615      42.2623
    6616      41.3929
    6617      41.3755
    6618      42.7423
    6619      42.1374
    6620      42.2583
    6621      43.3250
    6622      43.9354
    6623      42.5874
    6624      43.3128
    6625      42.4686
    6626      43.1444
    6627      44.4398
    6628      43.9101
    6629      43.4772
    6630      42.7434
    6631      42.2449
    6632      41.6416
    6633      41.1021
    6634      39.9075
    6635      42.0476
    6636      40.8673
    6637      41.1697
    6638      41.9368
    6639      40.9270
    6640      40.9901
    6641      40.5332
    6642      41.0794
    6643      41.8585
    6644      41.0997
    6645      41.9358
    6646      41.8249
    6647      42.3841
    6648      41.3392
    6649      40.7801
    6650      42.0814
    6651      41.4724
    6652      41.4623
    6653      42.6195
    6654      41.3014
    6655      41.1714
    6656      42.1359
    6657      42.3957
    6658      43.2679
    6659      42.1132
    6660      42.2074
    6661      42.6249
    6662      42.2121
    6663      40.8732
    6664      41.8111
    6665      41.5541
    6666      41.3665
    6667      42.8664
    6668      42.4879
    6669      41.7906
    6670      41.7570
    6671      41.8599
    6672      41.7317
    6673      38.9845
    6674      39.4373
    6675      38.5024
    6676      39.9446
    6677      39.6536
    6678      41.5085
    6679      41.0816
    6680      40.5370
    6681      40.6229
    6682      40.6236
    6683      41.2140
    6684      41.1354
    6685      41.2249
    6686      40.7225
    6687      41.3426
    6688      40.9420
    6689      41.8932
    6690      41.3229
    6691      41.0336
    6692      40.6216
    6693      41.6704
    6694      41.5614
    6695      40.6357
    6696      40.3687
    6697      40.7765
    6698      41.2061
    6699      39.9067
    6700      40.2462
    6701      39.5680
    6702      40.1910
    6703      40.1370
    6704      39.4583
    6705      40.6040
    6706      39.9409
    6707      40.2584
    6708      41.4294
    6709      41.1465
    6710      41.1705
    6711      40.6738
    6712      41.6746
    6713      40.4637
    6714      40.7001
    6715      40.9132
    6716      41.0604
    6717      41.2723
    6718      42.0096
    6719      41.3359
    6720      41.1437
    6721      40.9679
    6722      41.7484
    6723      41.1387
    6724      40.9954
    6725      40.8679
    6726      41.4587
    6727      41.6468
    6728      41.8904
    6729      41.6184
    6730      41.0084
    6731      40.8034
    6732      40.5697
    6733      41.2241
    6734      41.1594
    6735      42.2256
    6736      41.9479
    6737      41.6338
    6738      41.6410
    6739      42.0378
    6740      40.7928
    6741      41.9092
    6742      41.3676
    6743      41.0730
    6744      41.8179
    6745      40.7360
    6746      42.0898
    6747      41.1834
    6748      41.1634
    6749      41.2064
    6750      41.6825
    6751      41.4899
    6752      41.5634
    6753      41.3049
    6754      41.7567
    6755      42.4768
    6756      41.2917
    6757      42.4611
    6758      41.7744
    6759      40.4723
    6760      40.5758
    6761      41.4966
    6762      42.0572
    6763      42.4439
    6764      42.0579
    6765      44.4042
    6766      43.5686
    6767      43.6762
    6768      45.4942
    6769      44.8128
    6770      44.8521
    6771      44.5558
    6772      45.4498
    6773      45.4225
    6774      47.0745
    6775      45.9332
    6776      44.0688
    6777      44.7842
    6778      44.7083
    6779      46.5924
    6780      43.9675
    6781      44.6847
    6782      44.0813
    6783      44.2974
    6784      45.1809
    6785      44.0639
    6786      41.5276
    6787      42.0101
    6788      43.7371
    6789      44.3344
    6790      44.8372
    6791      45.6649
    6792      46.0120
    6793      44.4517
    6794      43.3087
    6795      43.0181
    6796      43.6894
    6797      44.7211
    6798      43.3583
    6799      44.7673
    6800      45.7837
    6801      46.2484
    6802      45.6074
    6803      45.3415
    6804      44.1812
    6805      43.3323
    6806      43.8577
    6807      44.3924
    6808      43.1847
    6809      43.2862
    6810      43.8158
    6811      45.7849
    6812      44.7771
    6813      44.7664
    6814      45.0099
    6815      44.7928
    6816      44.4906
    6817      44.6470
    6818      45.0249
    6819      44.7166
    6820      44.1633
    6821      43.9899
    6822      45.2742
    6823      44.2773
    6824      44.8805
    6825      44.7649
    6826      44.5618
    6827      44.8018
    6828      44.4297
    6829      44.2163
    6830      44.7816
    6831      44.1312
    6832      44.7876
    6833      45.3152
    6834      45.9399
    6835      44.6703
    6836      44.2797
    6837      43.9877
    6838      44.3566
    6839      45.4801
    6840      44.7659
    6841      44.8870
    6842      43.9208
    6843      45.4581
    6844      45.4296
    6845      45.2168
    6846      46.6420
    6847      47.4815
    6848      44.3852
    6849      45.5976
    6850      45.7607
    6851      46.7117
    6852      45.5580
    6853      46.2908
    6854      45.8470
    6855      44.9427
    6856      44.3763
    6857      43.8257
    6858      43.9052
    6859      43.8129
    6860      44.5786
    6861      45.4259
    6862      45.8421
    6863      45.5538
    6864      44.7272
    6865      46.2907
    6866      43.9080
    6867      45.6002
    6868      44.4473
    6869      42.9167
    6870      42.9310
    6871      41.9654
    6872      43.4524
    6873      43.4973
    6874      43.7043
    6875      42.9888
    6876      44.0191
    6877      42.3593
    6878      43.4926
    6879      45.3229
    6880      43.7840
    6881      42.6350
    6882      42.3117
    6883      42.0182
    6884      41.9751
    6885      41.8505
    6886      43.6077
    6887      43.0218
    6888      43.6430
    6889      42.7418
    6890      43.7645
    6891      44.7073
    6892      41.9941
    6893      42.4926
    6894      41.2701
    6895      40.1531
    6896      40.8053
    6897      41.9517
    6898      41.8525
    6899      42.4150
    6900      41.5562
    6901      41.8258
    6902      43.3559
    6903      41.7297
    6904      41.7065
    6905      41.5281
    6906      41.4256
    6907      42.9350
    6908      43.4741
    6909      43.5471
    6910      43.1293
    6911      42.7465
    6912      43.4585
    6913      42.6373
    6914      42.5808
    6915      44.1999
    6916      44.5009
    6917      42.4135
    6918      42.9222
    6919      42.4572
    6920      42.5477
    6921      41.7443
    6922      42.4571
    6923      42.6948
    6924      42.3069
    6925      42.0257
    6926      42.4304
    6927      42.6316
    6928      42.7147
    6929      42.0802
    6930      42.3583
    6931      42.4163
    6932      41.8640
    6933      42.7149
    6934      42.2636
    6935      42.7887
    6936      42.7977
    6937      41.7809
    6938      42.6867
    6939      41.7889
    6940      42.0647
    6941      41.7138
    6942      41.0873
    6943      42.6040
    6944      42.6146
    6945      42.4689
    6946      41.7110
    6947      43.0781
    6948      44.1603
    6949      43.1540
    6950      44.1549
    6951      45.5525
    6952      47.5345
    6953      44.8312
    6954      44.6405
    6955      43.8806
    6956      42.8344
    6957      44.2620
    6958      44.5959
    6959      42.1559
    6960      42.2227
    6961      41.5243
    6962      42.8971
    6963      43.2327
    6964      42.5896
    6965      42.5079
    6966      42.4873
    6967      42.0648
    6968      41.3818
    6969      42.0449
    6970      42.7913
    6971      41.7775
    6972      43.4607
    6973      42.5596
    6974      41.8341
    6975      41.8426
    6976      41.3218
    6977      42.3392
    6978      41.6160
    6979      43.1975
    6980      42.8289
    6981      42.0123
    6982      41.8775
    6983      40.9424
    6984      41.4034
    6985      40.6640
    6986      40.3883
    6987      41.0750
    6988      38.9744
    6989      40.6468
    6990      41.1762
    6991      40.3565
    6992      41.0408
    6993      42.0952
    6994      41.1337
    6995      42.1320
    6996      41.7393
    6997      40.8473
    6998      41.1853
    6999      41.2593
    7000      42.0470
    7001      40.4464
    7002      39.4511
    7003      40.5406
    7004      40.1050
    7005      41.5511
    7006      40.9546
    7007      39.7218
    7008      40.6911
    7009      40.5377
    7010      41.4147
    7011      41.1438
    7012      41.8796
    7013      41.8394
    7014      44.1026
    7015      41.8564
    7016      43.3417
    7017      42.9117
    7018      42.0950
    7019      42.3144
    7020      39.9789
    7021      40.6804
    7022      42.1855
    7023      41.3639
    7024      41.4521
    7025      41.2393
    7026      41.0710
    7027      41.0298
    7028      41.5630
    7029      41.1360
    7030      41.6772
    7031      40.6063
    7032      40.5766
    7033      40.5862
    7034      39.4230
    7035      39.3834
    7036      38.9545
    7037      38.5903
    7038      38.5691
    7039      38.6975
    7040      39.0470
    7041      38.9902
    7042      38.9604
    7043      39.7615
    7044      39.0022
    7045      38.5055
    7046      38.1431
    7047      39.2948
    7048      40.6073
    7049      39.7593
    7050      39.6690
    7051      40.9372
    7052      39.8253
    7053      40.8501
    7054      40.3402
    7055      41.7215
    7056      41.1692
    7057      40.8764
    7058      41.4058
    7059      40.9298
    7060      39.6181
    7061      41.2485
    7062      40.7662
    7063      40.1335
    7064      39.9384
    7065      37.5867
    7066      38.7239
    7067      38.4837
    7068      39.7225
    7069      39.2179
    7070      38.7269
    7071      39.5268
    7072      39.1495
    7073      40.0851
    7074      39.9119
    7075      39.3507
    7076      40.0860
    7077      39.1102
    7078      39.0528
    7079      39.2692
    7080      38.8746
    7081      39.8247
    7082      38.2007
    7083      39.5583
    7084      40.5490
    7085      39.5126
    7086      40.5822
    7087      38.3976
    7088      39.1403
    7089      41.3486
    7090      39.7252
    7091      40.4920
    7092      40.4836
    7093      39.7731
    7094      40.0219
    7095      40.5305
    7096      40.4622
    7097      40.3306
    7098      40.9130
    7099      41.0219
    7100      41.2478
    7101      41.0729
    7102      40.2259
    7103      40.9471
    7104      41.4051
    7105      41.3842
    7106      40.8726
    7107      41.8339
    7108      40.6692
    7109      41.1779
    7110      41.1437
    7111      40.9268
    7112      40.7199
    7113      40.6369
    7114      40.1169
    7115      40.2399
    7116      39.1520
    7117      40.5927
    7118      39.4567
    7119      39.8809
    7120      38.9452
    7121      38.7033
    7122      38.9647
    7123      39.5021
    7124      39.9542
    7125      40.3713
    7126      40.1910
    7127      40.0369
    7128      39.2940
    7129      39.8222
    7130      39.9469
    7131      38.6484
    7132      39.0765
    7133      39.5222
    7134      39.9686
    7135      41.3082
    7136      38.8577
    7137      40.0764
    7138      40.3101
    7139      41.0261
    7140      40.3550
    7141      39.6984
    7142      41.2891
    7143      41.0266
    7144      41.0541
    7145      40.1345
    7146      40.7838
    7147      40.0780
    7148      41.0488
    7149      41.1364
    7150      40.6911
    7151      41.1351
    7152      42.1330
    7153      40.8187
    7154      40.4692
    7155      41.3750
    7156      41.4852
    7157      41.2083
    7158      40.0518
    7159      40.7150
    7160      40.5672
    7161      40.2467
    7162      40.1568
    7163      40.8747
    7164      39.6815
    7165      39.3597
    7166      39.2978
    7167      39.5993
    7168      39.2627
    7169      40.8716
    7170      39.8669
    7171      40.3835
    7172      39.9678
    7173      40.1136
    7174      39.0007
    7175      39.6594
    7176      39.6154
    7177      39.5577
    7178      38.9075
    7179      39.6240
    7180      39.7119
    7181      39.7202
    7182      39.1986
    7183      39.6829
    7184      38.8569
    7185      39.5916
    7186      39.6436
    7187      38.9914
    7188      39.8673
    7189      39.7680
    7190      39.0664
    7191      38.9381
    7192      39.6597
    7193      39.1748
    7194      39.8912
    7195      39.8776
    7196      39.7625
    7197      39.5985
    7198      39.1582
    7199      38.8206
    7200      37.8699
    7201      39.9784
    7202      39.8061
    7203      39.4101
    7204      39.8981
    7205      39.9224
    7206      40.5467
    7207      39.3448
    7208      38.6719
    7209      38.3579
    7210      38.4136
    7211      39.5060
    7212      38.7007
    7213      38.7595
    7214      38.4376
    7215      39.0135
    7216      39.4171
    7217      40.4916
    7218      40.0984
    7219      40.4527
    7220      39.8042
    7221      38.6044
    7222      39.9358
    7223      40.3295
    7224      39.0649
    7225      39.7155
    7226      40.4330
    7227      39.9762
    7228      39.9604
    7229      41.2522
    7230      41.2852
    7231      40.4850
    7232      40.6657
    7233      40.6359
    7234      41.2687
    7235      40.8705
    7236      38.9367
    7237      39.2002
    7238      39.6566
    7239      40.2352
    7240      39.9919
    7241      39.1138
    7242      39.7170
    7243      39.2538
    7244      39.6740
    7245      39.7414
    7246      38.3869
    7247      39.5573
    7248      38.6656
    7249      41.3847
    7250      39.3842
    7251      40.6991
    7252      39.7412
    7253      39.4493
    7254      39.4326
    7255      39.6584
    7256      40.5447
    7257      39.4826
    7258      39.7465
    7259      39.5178
    7260      39.6362
    7261      39.8063
    7262      38.7517
    7263      39.4434
    7264      38.3907
    7265      38.2585
    7266      39.2171
    7267      38.8418
    7268      39.0265
    7269      38.8527
    7270      40.1174
    7271      38.6699
    7272      40.7588
    7273      39.7485
    7274      40.4546
    7275      39.5501
    7276      40.1107
    7277      40.9349
    7278      39.4489
    7279      39.1002
    7280      40.6965
    7281      40.0030
    7282      40.7477
    7283      40.8658
    7284      39.8430
    7285      40.7551
    7286      39.9511
    7287      39.6489
    7288      39.0612
    7289      40.9193
    7290      40.9386
    7291      41.1543
    7292      41.4730
    7293      40.9834
    7294      39.9899
    7295      40.9320
    7296      41.7911
    7297      41.2027
    7298      41.5818
    7299      40.1253
    7300      39.9883
    7301      40.0110
    7302      40.2075
    7303      40.0142
    7304      41.5950
    7305      39.9717
    7306      39.7442
    7307      39.7842
    7308      39.0939
    7309      39.8683
    7310      38.9052
    7311      40.9192
    7312      39.5028
    7313      39.5604
    7314      41.2155
    7315      39.6673
    7316      39.4089
    7317      38.9876
    7318      39.6730
    7319      38.7606
    7320      40.2250
    7321      40.4933
    7322      39.8461
    7323      40.7953
    7324      40.5455
    7325      40.2602
    7326      39.1695
    7327      40.0221
    7328      39.8984
    7329      40.6436
    7330      40.0301
    7331      39.9756
    7332      41.3898
    7333      39.8785
    7334      40.0405
    7335      38.7414
    7336      40.0495
    7337      40.9289
    7338      40.2660
    7339      39.4812
    7340      39.7302
    7341      39.6243
    7342      39.8891
    7343      40.4749
    7344      39.7031
    7345      39.4761
    7346      39.3849
    7347      39.6316
    7348      39.9436
    7349      39.8678
    7350      40.3383
    7351      39.3180
    7352      39.5643
    7353      38.3359
    7354      39.2947
    7355      39.9361
    7356      39.2338
    7357      39.3796
    7358      38.8816
    7359      39.1520
    7360      39.1166
    7361      38.8647
    7362      38.5076
    7363      38.4548
    7364      39.0321
    7365      39.3076
    7366      38.8572
    7367      38.3553
    7368      39.8837
    7369      39.7189
    7370      39.8705
    7371      39.4781
    7372      39.3494
    7373      38.9701
    7374      39.1114
    7375      39.3233
    7376      39.3535
    7377      38.7937
    7378      39.1178
    7379      39.0889
    7380      38.0596
    7381      37.8448
    7382      38.5632
    7383      39.8379
    7384      40.4166
    7385      38.8487
    7386      40.0944
    7387      38.2616
    7388      38.4389
    7389      38.9794
    7390      39.3663
    7391      39.0603
    7392      40.2516
    7393      40.5748
    7394      40.1415
    7395      40.0439
    7396      40.2342
    7397      40.3384
    7398      39.7554
    7399      38.9090
    7400      39.3561
    7401      39.9263
    7402      38.6910
    7403      38.0072
    7404      37.9071
    7405      38.7002
    7406      38.8611
    7407      38.0613
    7408      39.2118
    7409      38.6780
    7410      39.0651
    7411      39.2305
    7412      38.1765
    7413      38.4944
    7414      37.7462
    7415      38.3751
    7416      37.7915
    7417      37.8228
    7418      38.4560
    7419      37.9272
    7420      37.8003
    7421      38.6816
    7422      38.3559
    7423      37.7260
    7424      37.8713
    7425      37.8920
    7426      37.5695
    7427      38.4235
    7428      38.5468
    7429      38.1406
    7430      38.9585
    7431      39.0135
    7432      38.9947
    7433      39.3443
    7434      38.6074
    7435      38.8792
    7436      38.3937
    7437      38.2969
    7438      39.6576
    7439      40.6121
    7440      39.9134
    7441      40.3032
    7442      39.5995
    7443      38.4381
    7444      39.2430
    7445      39.1672
    7446      39.0988
    7447      38.4165
    7448      39.4506
    7449      38.8586
    7450      39.0838
    7451      39.2127
    7452      40.1966
    7453      39.7560
    7454      38.7922
    7455      38.7362
    7456      39.4363
    7457      37.6317
    7458      36.9961
    7459      36.6218
    7460      37.6541
    7461      36.6262
    7462      37.8794
    7463      36.5064
    7464      36.5434
    7465      37.2248
    7466      38.1232
    7467      37.4899
    7468      37.4698
    7469      36.7915
    7470      36.4112
    7471      37.1119
    7472      36.8046
    7473      37.5680
    7474      36.5382
    7475      36.8458
    7476      37.5177
    7477      37.3047
    7478      36.9509
    7479      37.3091
    7480      37.8550
    7481      37.9909
    7482      38.2459
    7483      39.1643
    7484      38.5676
    7485      37.9952
    7486      38.7556
    7487      38.4853
    7488      37.8077
    7489      38.7737
    7490      38.0873
    7491      38.1784
    7492      37.9403
    7493      38.5363
    7494      39.2252
    7495      37.6803
    7496      38.2515
    7497      38.9432
    7498      39.2091
    7499      38.0109
    7500      36.9783
    7501      37.9866
    7502      38.7245
    7503      39.6002
    7504      39.2371
    7505      38.5762
    7506      39.0070
    7507      37.9213
    7508      38.7737
    7509      38.3917
    7510      39.5752
    7511      39.6410
    7512      39.8655
    7513      40.5868
    7514      39.6805
    7515      39.9601
    7516      39.2358
    7517      38.8819
    7518      38.4689
    7519      37.6986
    7520      37.5434
    7521      37.0753
    7522      37.4552
    7523      37.6548
    7524      37.9075
    7525      37.8103
    7526      37.7619
    7527      37.8351
    7528      37.7665
    7529      37.0713
    7530      37.3140
    7531      37.3847
    7532      37.9053
    7533      36.9561
    7534      38.3214
    7535      37.1880
    7536      37.2010
    7537      37.4916
    7538      37.0172
    7539      36.3181
    7540      37.3716
    7541      36.7291
    7542      36.5432
    7543      35.5299
    7544      37.0091
    7545      37.5192
    7546      37.6640
    7547      36.9188
    7548      38.2345
    7549      38.0349
    7550      37.5722
    7551      38.0734
    7552      37.7713
    7553      38.2795
    7554      38.0756
    7555      38.3195
    7556      37.5794
    7557      37.6839
    7558      38.2929
    7559      37.5818
    7560      37.4598
    7561      37.6952
    7562      38.1581
    7563      38.1952
    7564      38.5658
    7565      39.1417
    7566      38.2842
    7567      39.3219
    7568      38.6744
    7569      37.9931
    7570      38.1702
    7571      37.6440
    7572      37.9099
    7573      38.3655
    7574      38.6366
    7575      37.8567
    7576      37.5189
    7577      38.7984
    7578      38.4084
    7579      38.3677
    7580      36.9391
    7581      37.1871
    7582      37.2205
    7583      37.0277
    7584      37.2462
    7585      37.5736
    7586      38.4416
    7587      37.8479
    7588      38.3592
    7589      38.7930
    7590      38.7136
    7591      37.4681
    7592      38.0006
    7593      38.4426
    7594      38.1627
    7595      38.3663
    7596      38.8999
    7597      38.8009
    7598      38.6499
    7599      37.8312
    7600      37.9501
    7601      37.8649
    7602      38.0564
    7603      37.4762
    7604      38.0226
    7605      38.6624
    7606      39.1510
    7607      38.1854
    7608      37.2002
    7609      36.7046
    7610      37.7691
    7611      38.0716
    7612      38.0702
    7613      37.5761
    7614      37.7932
    7615      38.1063
    7616      37.6069
    7617      37.9818
    7618      37.5974
    7619      37.9301
    7620      37.8598
    7621      37.9939
    7622      37.5780
    7623      38.2407
    7624      38.0926
    7625      38.1444
    7626      38.2781
    7627      38.4139
    7628      38.6575
    7629      38.6505
    7630      38.3878
    7631      38.3736
    7632      38.5487
    7633      38.2664
    7634      37.4154
    7635      38.1140
    7636      38.5652
    7637      38.2868
    7638      38.3606
    7639      37.9089
    7640      37.7042
    7641      38.7735
    7642      38.8031
    7643      38.8472
    7644      38.7166
    7645      38.1083
    7646      39.0994
    7647      38.8995
    7648      38.4307
    7649      38.6814
    7650      38.1016
    7651      37.9644
    7652      38.9227
    7653      38.8187
    7654      37.8671
    7655      38.7691
    7656      37.6878
    7657      39.1773
    7658      37.9459
    7659      38.6298
    7660      38.6904
    7661      38.4671
    7662      38.7702
    7663      38.9062
    7664      38.8335
    7665      38.7948
    7666      38.5125
    7667      38.5945
    7668      38.3095
    7669      37.9371
    7670      38.7156
    7671      38.0656
    7672      37.2411
    7673      37.8073
    7674      38.4681
    7675      39.0986
    7676      38.0128
    7677      38.7463
    7678      37.5886
    7679      38.6529
    7680      39.3724
    7681      38.7036
    7682      38.1683
    7683      37.1498
    7684      37.8431
    7685      37.9846
    7686      37.8259
    7687      37.7409
    7688      38.1869
    7689      38.3614
    7690      37.8754
    7691      37.9816
    7692      37.9502
    7693      38.2321
    7694      37.7028
    7695      38.0821
    7696      38.5304
    7697      37.8176
    7698      37.7896
    7699      37.2002
    7700      37.5920
    7701      38.5792
    7702      38.8336
    7703      38.1352
    7704      38.6581
    7705      37.2967
    7706      38.2125
    7707      37.4769
    7708      38.0736
    7709      37.6424
    7710      38.4106
    7711      38.5714
    7712      38.4891
    7713      38.0922
    7714      38.0021
    7715      38.3752
    7716      37.4963
    7717      38.1017
    7718      38.0333
    7719      37.5167
    7720      37.0437
    7721      37.9927
    7722      37.0307
    7723      37.3800
    7724      36.6529
    7725      36.7359
    7726      37.1365
    7727      38.4197
    7728      36.8342
    7729      37.9829
    7730      36.8474
    7731      36.9677
    7732      38.0508
    7733      37.8670
    7734      37.5289
    7735      37.7305
    7736      37.6957
    7737      37.5293
    7738      37.0678
    7739      37.1569
    7740      38.2202
    7741      37.6325
    7742      38.0283
    7743      37.9673
    7744      37.2499
    7745      37.3917
    7746      37.2744
    7747      36.8731
    7748      37.2623
    7749      37.7353
    7750      37.0385
    7751      37.8914
    7752      37.9300
    7753      37.3185
    7754      37.5476
    7755      37.6315
    7756      38.2093
    7757      37.3382
    7758      37.8128
    7759      38.4339
    7760      38.3324
    7761      37.4541
    7762      39.3355
    7763      37.6111
    7764      38.0213
    7765      38.6060
    7766      37.7821
    7767      37.7039
    7768      37.7027
    7769      38.1335
    7770      38.8231
    7771      38.2731
    7772      37.9173
    7773      37.9736
    7774      38.2464
    7775      37.8749
    7776      37.9063
    7777      36.8889
    7778      37.8931
    7779      37.4050
    7780      38.2488
    7781      37.4903
    7782      37.9671
    7783      37.7186
    7784      38.7700
    7785      38.0837
    7786      37.6751
    7787      38.4300
    7788      37.3381
    7789      37.0931
    7790      37.2229
    7791      37.9636
    7792      37.9558
    7793      37.8342
    7794      37.4028
    7795      37.9504
    7796      38.3666
    7797      38.0429
    7798      37.5213
    7799      38.5912
    7800      37.9112
    7801      36.7016
    7802      37.5449
    7803      37.0138
    7804      37.9529
    7805      37.9322
    7806      38.0050
    7807      37.4289
    7808      37.6755
    7809      38.4103
    7810      37.5309
    7811      37.5551
    7812      38.0067
    7813      38.3525
    7814      37.9492
    7815      38.2699
    7816      38.5504
    7817      37.7638
    7818      38.9082
    7819      38.4872
    7820      38.5572
    7821      39.0167
    7822      38.0540
    7823      38.4978
    7824      38.2075
    7825      38.7402
    7826      38.0243
    7827      38.5931
    7828      39.0235
    7829      39.1463
    7830      38.0909
    7831      38.4844
    7832      37.3244
    7833      37.8172
    7834      37.8858
    7835      37.6721
    7836      38.0745
    7837      38.1780
    7838      37.7668
    7839      37.9262
    7840      38.1992
    7841      37.7205
    7842      38.2117
    7843      37.9854
    7844      37.5762
    7845      37.9855
    7846      37.5514
    7847      37.1579
    7848      37.7508
    7849      38.1725
    7850      37.4865
    7851      37.8633
    7852      37.9501
    7853      37.4192
    7854      37.6240
    7855      37.8742
    7856      37.8935
    7857      37.6122
    7858      38.5442
    7859      37.7075
    7860      38.1611
    7861      38.2693
    7862      38.5521
    7863      38.6210
    7864      38.4172
    7865      38.2685
    7866      38.2703
    7867      39.0709
    7868      38.4933
    7869      38.4106
    7870      38.0022
    7871      38.5465
    7872      38.4881
    7873      39.0060
    7874      38.3198
    7875      38.0302
    7876      38.2643
    7877      38.3670
    7878      37.9839
    7879      38.2728
    7880      37.4676
    7881      37.8387
    7882      37.1747
    7883      38.3520
    7884      37.4417
    7885      37.4013
    7886      37.8454
    7887      38.4403
    7888      37.6405
    7889      37.7351
    7890      37.2338
    7891      37.6400
    7892      37.2063
    7893      37.7363
    7894      37.6408
    7895      37.0046
    7896      37.1464
    7897      37.0950
    7898      37.6849
    7899      37.4501
    7900      37.7489
    7901      37.9570
    7902      38.0070
    7903      37.5507
    7904      37.6711
    7905      37.8407
    7906      38.8306
    7907      37.7903
    7908      38.3658
    7909      37.8801
    7910      37.4720
    7911      37.3008
    7912      37.4048
    7913      37.5474
    7914      37.4215
    7915      37.1411
    7916      37.6193
    7917      37.8646
    7918      37.6095
    7919      36.9939
    7920      37.5122
    7921      37.7787
    7922      37.1009
    7923      37.8997
    7924      38.8538
    7925      38.3669
    7926      38.3243
    7927      37.7447
    7928      38.1979
    7929      38.6054
    7930      37.6275
    7931      37.3421
    7932      37.6116
    7933      37.3157
    7934      37.9872
    7935      38.0238
    7936      37.8411
    7937      37.0323
    7938      37.6005
    7939      36.8100
    7940      37.5927
    7941      37.6460
    7942      38.3608
    7943      38.2201
    7944      37.7317
    7945      37.7818
    7946      37.8302
    7947      38.2661
    7948      37.5016
    7949      37.6700
    7950      39.1654
    7951      38.2560
    7952      37.8414
    7953      37.5830
    7954      38.3613
    7955      37.8965
    7956      37.2012
    7957      36.7039
    7958      38.0583
    7959      37.2770
    7960      37.5204
    7961      37.6393
    7962      38.1758
    7963      38.2590
    7964      37.5970
    7965      38.0460
    7966      38.4838
    7967      37.0858
    7968      37.6836
    7969      37.7627
    7970      37.6744
    7971      37.4784
    7972      37.4513
    7973      37.6451
    7974      38.3315
    7975      37.7646
    7976      38.5522
    7977      38.5612
    7978      38.6980
    7979      39.4174
    7980      37.3949
    7981      38.7973
    7982      37.6690
    7983      38.1492
    7984      37.7370
    7985      37.5457
    7986      37.3351
    7987      38.2616
    7988      37.3873
    7989      37.5713
    7990      37.4888
    7991      37.3314
    7992      37.2967
    7993      38.0906
    7994      37.5323
    7995      37.3759
    7996      37.8057
    7997      38.2797
    7998      37.5561
    7999      37.3772
    8000      38.1353
