#Frame     end-to-end
       1      74.1983
       2      74.5234
       3      76.5277
       4      79.6423
       5      79.7198
       6      81.4104
       7      81.5336
       8      83.5480
       9      88.3239
      10      85.8311
      11      87.8475
      12      86.4217
      13      87.7984
      14      85.6563
      15      90.2220
      16      93.7502
      17      92.3809
      18      89.8572
      19      93.9196
      20      92.7137
      21      95.8404
      22      93.2805
      23      92.5300
      24      97.7702
      25     102.2395
      26     101.6368
      27      98.0115
      28      97.9887
      29      94.7260
      30      95.8430
      31      95.0254
      32      93.6194
      33      95.0379
      34      90.0141
      35      89.3740
      36      90.5695
      37      90.2176
      38      86.6578
      39      85.7544
      40      84.5755
      41      87.6233
      42      89.1565
      43      83.8441
      44      79.5518
      45      82.5933
      46      85.9055
      47      89.0104
      48      92.1985
      49      90.2426
      50      89.6728
      51      89.9377
      52      85.6048
      53      88.4972
      54      93.8328
      55      96.2301
      56      92.8038
      57      95.1926
      58      96.9062
      59      97.5955
      60     100.1018
      61      99.8789
      62      97.2452
      63      95.0591
      64      94.5907
      65      98.9065
      66     101.8126
      67     103.1224
      68     103.2411
      69      99.9657
      70     102.3920
      71     101.9166
      72      97.3155
      73      98.6689
      74      96.1940
      75      96.7286
      76      95.3006
      77      94.2441
      78      97.8582
      79      92.1602
      80      93.3697
      81      90.1467
      82      92.9243
      83      98.0896
      84      97.5493
      85      94.5913
      86      93.7329
      87      97.7971
      88      95.9292
      89      93.7406
      90      96.7282
      91      92.2277
      92      90.5554
      93      91.3156
      94      91.5983
      95      95.4545
      96     100.2842
      97     101.4880
      98      98.8832
      99      95.3845
     100      96.3221
     101      99.7004
     102      96.7377
     103      94.5110
     104      93.5957
     105      93.5935
     106      98.4822
     107     104.7199
     108     104.8048
     109     109.7294
     110     106.0294
     111     101.4110
     112      98.0354
     113      96.3088
     114     100.3774
     115      97.2221
     116      95.2613
     117      97.4226
     118      96.2519
     119      94.3893
     120      91.4379
     121      93.9902
     122      94.7141
     123     101.9237
     124     100.1362
     125     100.6167
     126      99.0025
     127     101.0924
     128     102.3796
     129     105.4594
     130     105.3184
     131     102.9693
     132     103.2901
     133     101.7121
     134     105.2154
     135     106.0307
     136     106.3443
     137     104.7878
     138     110.5340
     139     107.7507
     140     109.7623
     141     108.0893
     142     108.0290
     143     109.0932
     144     110.6912
     145     108.5686
     146     105.4767
     147     110.5436
     148     109.5335
     149     106.1979
     150     105.7008
     151     108.8504
     152     105.9955
     153     105.5373
     154     112.8390
     155     108.8522
     156     107.1624
     157     106.9919
     158     107.5792
     159     106.7614
     160     105.4578
     161     101.9979
     162     102.7581
     163     100.0023
     164     102.9722
     165      99.6338
     166      98.4057
     167      99.8703
     168      98.6510
     169     104.0745
     170     101.1489
     171     101.1440
     172     104.4259
     173     109.7008
     174     107.1190
     175     108.6374
     176     109.2792
     177     104.7961
     178     105.4549
     179     110.4291
     180     105.7042
     181     107.9530
     182     104.3089
     183     104.6170
     184     104.1636
     185     104.2716
     186     103.4813
     187     104.6252
     188     104.7814
     189     104.5695
     190     103.3954
     191     101.8767
     192     101.0317
     193     100.1508
     194     101.5681
     195      91.6894
     196      92.7575
     197      92.8687
     198      96.2377
     199      96.7947
     200      94.0059
     201      81.5949
     202      85.9925
     203      89.5664
     204      87.2201
     205      88.7304
     206      87.5435
     207      90.5866
     208      90.4307
     209      86.3752
     210      84.3056
     211      86.5152
     212      85.2109
     213      85.7187
     214      85.8278
     215      85.6019
     216      92.2605
     217      90.3770
     218      93.6630
     219      95.5836
     220      89.3480
     221      87.9873
     222      85.4628
     223      85.3827
     224      87.5863
     225      88.2847
     226      90.7255
     227      87.5076
     228      92.8910
     229      93.1071
     230      97.1989
     231      90.6496
     232      92.3819
     233      95.1215
     234      93.8677
     235      94.4181
     236      89.8693
     237      91.9193
     238      92.6345
     239      91.9313
     240      87.7250
     241      88.5196
     242      82.3135
     243      78.4883
     244      74.5827
     245      79.0092
     246      78.2900
     247      78.9824
     248      78.9941
     249      77.7363
     250      78.3431
     251      80.3783
     252      77.8846
     253      81.9863
     254      79.2122
     255      82.1449
     256      83.9570
     257      82.5804
     258      79.1072
     259      74.7488
     260      70.1618
     261      72.8227
     262      74.5287
     263      81.0052
     264      82.8368
     265      83.4177
     266      82.6785
     267      80.7470
     268      85.3462
     269      84.6223
     270      84.3667
     271      86.0088
     272      86.9740
     273      88.7053
     274      86.8288
     275      88.3111
     276      89.3923
     277      87.7629
     278      86.0618
     279      89.3932
     280      94.9864
     281      90.0888
     282      87.3665
     283      84.7383
     284      87.2649
     285      85.1598
     286      88.8442
     287      90.4520
     288      89.4699
     289      92.4872
     290      90.9420
     291      90.9640
     292      91.8520
     293      90.7663
     294      94.1499
     295      95.7214
     296      94.1124
     297      91.3388
     298      94.5310
     299      97.7022
     300      95.7170
     301      98.3012
     302      99.2808
     303     100.9279
     304     100.4577
     305      99.0798
     306      98.0128
     307     100.8026
     308     101.0218
     309      98.2166
     310     100.6764
     311      99.4709
     312     102.6619
     313     102.3592
     314     101.8373
     315      99.9590
     316      99.7033
     317      98.9862
     318      97.0077
     319      99.4046
     320      97.1728
     321     100.8852
     322      96.0760
     323      94.0999
     324      94.7431
     325      91.0277
     326      93.8425
     327      94.1390
     328      93.2656
     329      93.1993
     330      91.2498
     331      86.6131
     332      85.7610
     333      86.4677
     334      85.5861
     335      86.7650
     336      89.4955
     337      87.9241
     338      85.1518
     339      87.1589
     340      80.7477
     341      91.5471
     342      89.2240
     343      84.9776
     344      88.1356
     345      92.1197
     346      92.4137
     347      97.6185
     348      95.5357
     349      99.0422
     350      97.0545
     351      92.6332
     352      94.6516
     353      94.8728
     354      93.1925
     355      92.5269
     356      92.4961
     357      93.6483
     358      98.9748
     359      98.2012
     360      94.9203
     361      90.5548
     362      94.3425
     363      93.4306
     364      93.2234
     365      96.2010
     366      94.5544
     367      90.3499
     368      91.1706
     369      90.7884
     370      89.6580
     371      87.9135
     372      90.9197
     373      92.4405
     374      93.6027
     375      91.4902
     376      92.4536
     377      89.3211
     378      89.2833
     379      89.9228
     380      90.3653
     381      94.1878
     382      94.4771
     383      89.1055
     384      86.0907
     385      85.6730
     386      83.8770
     387      79.3327
     388      80.4965
     389      84.7745
     390      84.1906
     391      80.3755
     392      79.2319
     393      74.2402
     394      73.5166
     395      72.4426
     396      73.2817
     397      68.0224
     398      64.4091
     399      63.8002
     400      65.9308
     401      66.4936
     402      67.0806
     403      65.0545
     404      58.5022
     405      56.1267
     406      51.5730
     407      53.1030
     408      53.2957
     409      54.0963
     410      60.2013
     411      56.7710
     412      51.3163
     413      51.8441
     414      50.3506
     415      48.0250
     416      47.0773
     417      49.3990
     418      52.9425
     419      48.2444
     420      44.8376
     421      48.0377
     422      46.9664
     423      44.7232
     424      48.9505
     425      47.4708
     426      51.1339
     427      51.3959
     428      51.9768
     429      53.2336
     430      52.4152
     431      53.0663
     432      55.4539
     433      61.6574
     434      60.2869
     435      59.2130
     436      66.2174
     437      65.1982
     438      65.0730
     439      65.7488
     440      62.6719
     441      63.2151
     442      58.7566
     443      60.7695
     444      64.9494
     445      64.7448
     446      67.0152
     447      72.2091
     448      72.7229
     449      71.5556
     450      71.6673
     451      75.6113
     452      78.2407
     453      82.0726
     454      82.1771
     455      83.3542
     456      88.1205
     457      87.6984
     458      88.9004
     459      88.3240
     460      87.0604
     461      81.7674
     462      87.3105
     463      88.5440
     464      80.5511
     465      80.0611
     466      76.5528
     467      78.1342
     468      78.5464
     469      79.5546
     470      79.3038
     471      73.8647
     472      69.9979
     473      75.5352
     474      78.7981
     475      74.5067
     476      79.7836
     477      78.5180
     478      80.3570
     479      83.3755
     480      85.8691
     481      82.0074
     482      83.4318
     483      79.9212
     484      77.4732
     485      78.8033
     486      82.7390
     487      81.0367
     488      80.5446
     489      80.8717
     490      80.6918
     491      83.0065
     492      78.9433
     493      77.8337
     494      80.2499
     495      79.8222
     496      76.9425
     497      78.7510
     498      81.0279
     499      79.1373
     500      83.5326
     501      87.2241
     502      83.0416
     503      81.6169
     504      78.6598
     505      74.8059
     506      71.4224
     507      69.1676
     508      69.1851
     509      72.5728
     510      74.3632
     511      73.3919
     512      68.5932
     513      66.0912
     514      67.0674
     515      66.7931
     516      71.8187
     517      73.7221
     518      76.0508
     519      78.7976
     520      73.1972
     521      70.1850
     522      74.4162
     523      78.3240
     524      74.1906
     525      74.3139
     526      75.8362
     527      73.8832
     528      76.7649
     529      74.9905
     530      75.4866
     531      71.3031
     532      71.4742
     533      69.9470
     534      71.8219
     535      72.9989
     536      75.7167
     537      78.9803
     538      74.7633
     539      76.1750
     540      76.9005
     541      74.7531
     542      77.0454
     543      79.6111
     544      76.0696
     545      79.1627
     546      73.5068
     547      74.2046
     548      75.3038
     549      80.1290
     550      83.4462
     551      80.6616
     552      79.4813
     553      80.1639
     554      78.3080
     555      78.9120
     556      83.5223
     557      86.6126
     558      90.6909
     559      90.8089
     560      94.7441
     561      96.7459
     562      97.5527
     563     101.6954
     564     101.1906
     565      98.0931
     566     100.9168
     567      96.9926
     568      97.5216
     569      95.6015
     570      98.0028
     571      99.9382
     572     100.3191
     573     100.6022
     574      99.9952
     575     104.7582
     576     100.0899
     577      97.9442
     578      96.5617
     579      94.8127
     580     101.0469
     581      98.5124
     582      97.8191
     583      98.4504
     584     100.5535
     585      97.5181
     586      94.0771
     587      96.6694
     588      94.2066
     589      93.7221
     590      97.2766
     591     100.1690
     592      99.8662
     593     102.1556
     594     102.7244
     595     104.3465
     596     106.5168
     597     106.3906
     598     109.4138
     599     110.7257
     600     107.9457
     601     107.8212
     602     109.3218
     603     108.4042
     604     112.0636
     605     112.6517
     606     115.4800
     607     115.7276
     608     116.8173
     609     114.1034
     610     111.5396
     611     111.4821
     612     111.2356
     613     109.1742
     614     108.2425
     615     103.1101
     616      99.6049
     617     104.3761
     618     105.0304
     619      99.3016
     620      99.9735
     621     100.2099
     622      93.5755
     623      90.7948
     624      90.2377
     625      91.9073
     626      94.3826
     627      90.6665
     628      87.6310
     629      90.6299
     630      90.1272
     631      89.4285
     632      91.5772
     633      91.3260
     634      81.2896
     635      79.3444
     636      83.6370
     637      85.5817
     638      83.9187
     639      84.1845
     640      81.8358
     641      84.6841
     642      85.9764
     643      91.4566
     644      91.1527
     645      90.0337
     646      88.1642
     647      91.4183
     648      85.2763
     649      85.1527
     650      84.6805
     651      88.1028
     652      89.0281
     653      89.1308
     654      84.4611
     655      84.8480
     656      88.0955
     657      86.7025
     658      89.1417
     659      91.6974
     660      91.3631
     661      87.3864
     662      90.9186
     663      89.0338
     664      90.9157
     665      92.4055
     666      94.3695
     667      94.4396
     668      97.1728
     669      99.9059
     670      98.9703
     671      98.2472
     672      97.3624
     673      97.3733
     674      95.6453
     675      90.9699
     676      93.2266
     677      99.4072
     678      98.8437
     679      96.6539
     680      97.0687
     681     100.0367
     682      94.7800
     683      96.6544
     684      92.9424
     685      92.8821
     686      92.4049
     687      94.9124
     688      94.5180
     689      95.0710
     690      95.2769
     691      92.6897
     692      94.7129
     693      90.1939
     694      93.3397
     695      90.8702
     696      91.4560
     697      88.5500
     698      91.8570
     699      93.8736
     700      91.9315
     701      94.9374
     702      89.1637
     703      90.2630
     704      92.6486
     705      96.4893
     706      96.4613
     707      98.5913
     708      98.9107
     709     100.0937
     710      96.0841
     711      98.6377
     712      97.8038
     713     100.1002
     714      96.2394
     715      92.9860
     716     100.2553
     717      93.3145
     718      90.2860
     719      92.8570
     720      92.4931
     721      89.0288
     722      89.6901
     723      85.9686
     724      84.4074
     725      83.3036
     726      84.6907
     727      78.8499
     728      80.3903
     729      82.3589
     730      79.6029
     731      79.9095
     732      76.6672
     733      74.9458
     734      78.4954
     735      83.4614
     736      85.0159
     737      84.5419
     738      86.5940
     739      84.6635
     740      82.7657
     741      81.7797
     742      80.1625
     743      76.1391
     744      70.0687
     745      71.3270
     746      73.4788
     747      77.6326
     748      79.5220
     749      83.6255
     750      84.1962
     751      80.5673
     752      84.4898
     753      82.8252
     754      85.1107
     755      84.6439
     756      81.2676
     757      86.6038
     758      84.8782
     759      86.2781
     760      83.5936
     761      80.9223
     762      78.6945
     763      83.5887
     764      86.2934
     765      83.4386
     766      86.9559
     767      81.8317
     768      81.5257
     769      84.4206
     770      90.4737
     771      85.3518
     772      81.1488
     773      82.6820
     774      80.7829
     775      85.0362
     776      86.7550
     777      89.7904
     778      91.0203
     779      89.9680
     780      89.3959
     781      88.2511
     782      89.0208
     783      91.0534
     784      87.0595
     785      87.9534
     786      84.1910
     787      82.5611
     788      80.9454
     789      81.2255
     790      83.3007
     791      80.1170
     792      87.1772
     793      91.5177
     794      89.5365
     795      99.0506
     796     102.7153
     797     101.5583
     798     102.2387
     799     101.2116
     800     101.1841
     801     101.4195
     802     102.3538
     803     102.2503
     804      97.9485
     805      98.7658
     806      99.8234
     807     101.5016
     808      99.8080
     809      96.3546
     810      98.7098
     811     100.5042
     812      97.5388
     813      99.6301
     814     102.3205
     815     103.3777
     816      95.2172
     817      97.5862
     818      94.7159
     819      95.5035
     820      92.9422
     821      94.9626
     822      99.5645
     823     101.6124
     824     102.7485
     825     104.6167
     826     105.2137
     827     105.3615
     828     105.2613
     829     104.0735
     830     105.4257
     831     104.2469
     832     100.6546
     833     102.9424
     834     103.0423
     835     104.3620
     836     102.9669
     837      97.9146
     838      98.5125
     839     103.3233
     840     107.1829
     841     107.0131
     842     108.1859
     843     108.2077
     844     108.2386
     845     109.4243
     846     107.7099
     847     110.5541
     848     111.6588
     849     109.4931
     850     104.7325
     851     104.7234
     852     108.6068
     853     106.4334
     854     109.5244
     855     110.5227
     856     114.0464
     857     112.6392
     858     114.0423
     859     116.1488
     860     111.3737
     861     114.7415
     862     112.7791
     863     109.3049
     864     111.2090
     865     109.4200
     866     106.8069
     867     109.9790
     868     112.5486
     869     110.2156
     870     110.1466
     871     112.1537
     872     113.2799
     873     110.7114
     874     105.6902
     875     105.1815
     876     106.5533
     877     100.6651
     878     102.8817
     879     103.6221
     880     101.0124
     881     100.4745
     882      96.4944
     883      96.2952
     884      99.1811
     885     103.1568
     886     100.5875
     887      98.6286
     888     101.4093
     889     100.0892
     890     101.3062
     891      97.2949
     892      99.0002
     893      93.5688
     894      91.7806
     895      89.3738
     896      91.2640
     897      95.6541
     898      94.2876
     899      89.3935
     900      90.4230
     901      88.5232
     902      81.9059
     903      81.9245
     904      85.2681
     905      84.9745
     906      84.2296
     907      84.3024
     908      87.6970
     909      90.5645
     910      90.3855
     911      89.4387
     912      96.2238
     913      93.4725
     914      94.5053
     915      91.3675
     916      90.5671
     917      92.5533
     918      96.2464
     919      96.4414
     920      99.5003
     921      96.7569
     922      97.3021
     923     100.2470
     924     103.4000
     925     104.0696
     926     102.2695
     927     105.0427
     928     105.4813
     929     105.7952
     930     102.0589
     931      96.5054
     932      97.2905
     933      96.1705
     934      91.3717
     935      92.0632
     936      90.9022
     937      88.8362
     938      93.8935
     939      90.5918
     940      89.6554
     941      90.2216
     942      92.5059
     943      90.1971
     944      93.5253
     945      91.6504
     946      95.6145
     947      94.3768
     948      92.2572
     949      88.4145
     950      84.3635
     951      82.2484
     952      87.8778
     953      91.0780
     954      89.4831
     955      93.3338
     956      87.0571
     957      84.7256
     958      84.5735
     959      77.9994
     960      76.0537
     961      77.3071
     962      76.9959
     963      74.9808
     964      82.4407
     965      78.4745
     966      81.4391
     967      83.9476
     968      86.7297
     969      83.6460
     970      77.4663
     971      79.1122
     972      81.0634
     973      82.7300
     974      84.8702
     975      88.0196
     976      84.8801
     977      87.0849
     978      87.4568
     979      90.3242
     980      82.9414
     981      87.0856
     982      89.0370
     983      88.9556
     984      91.3693
     985      93.0753
     986      93.1237
     987      91.1379
     988      94.0558
     989      93.4817
     990      92.6926
     991      94.5950
     992      88.6869
     993      92.4388
     994      93.4399
     995      91.8959
     996      90.4836
     997      82.5986
     998      79.9262
     999      83.7337
    1000      89.7846
    1001      88.5955
    1002      90.4487
    1003      92.0427
    1004      92.0756
    1005      93.5320
    1006      95.4279
    1007      99.2890
    1008      96.8595
    1009      92.6146
    1010      93.7701
    1011      94.8609
    1012      94.2980
    1013      92.3724
    1014      90.4809
    1015      90.0538
    1016      88.6954
    1017      92.7138
    1018      90.9846
    1019      92.4305
    1020      91.1857
    1021      88.9204
    1022      85.0520
    1023      88.1990
    1024      86.8534
    1025      88.0019
    1026      89.3915
    1027      90.7590
    1028      87.7086
    1029      89.3893
    1030      91.7650
    1031      93.3521
    1032      93.0605
    1033      96.0547
    1034      89.5779
    1035      87.1345
    1036      86.7498
    1037      86.1721
    1038      84.4795
    1039      85.9177
    1040      82.1759
    1041      79.9564
    1042      79.7895
    1043      74.2712
    1044      75.6250
    1045      70.6982
    1046      72.4735
    1047      72.7192
    1048      75.6794
    1049      78.0361
    1050      83.3920
    1051      78.1726
    1052      78.7071
    1053      78.4745
    1054      82.9020
    1055      85.2126
    1056      81.5791
    1057      81.1671
    1058      82.8005
    1059      81.8691
    1060      79.3232
    1061      79.0837
    1062      80.7774
    1063      77.4261
    1064      77.6372
    1065      75.4016
    1066      77.9545
    1067      77.5320
    1068      76.5938
    1069      78.3218
    1070      76.7237
    1071      75.0830
    1072      73.2126
    1073      77.0721
    1074      79.3024
    1075      79.3449
    1076      84.1422
    1077      79.0101
    1078      81.2296
    1079      86.2489
    1080      84.3003
    1081      81.5666
    1082      80.9400
    1083      83.6093
    1084      79.5226
    1085      79.8690
    1086      79.4159
    1087      84.0693
    1088      77.7483
    1089      77.2631
    1090      79.1775
    1091      73.8905
    1092      76.5169
    1093      75.7814
    1094      69.3553
    1095      74.0173
    1096      74.4754
    1097      75.1473
    1098      76.8001
    1099      76.5809
    1100      73.3889
    1101      80.8814
    1102      83.6183
    1103      81.7805
    1104      79.9899
    1105      83.7237
    1106      82.3572
    1107      83.1987
    1108      80.6531
    1109      83.2484
    1110      81.8670
    1111      77.5416
    1112      84.4615
    1113      82.9723
    1114      86.3149
    1115      85.7861
    1116      89.2236
    1117      93.4037
    1118      96.5769
    1119      94.0380
    1120      96.4066
    1121      93.5042
    1122      89.1580
    1123      91.9791
    1124      89.8933
    1125      89.3843
    1126      87.1757
    1127      84.2007
    1128      84.1567
    1129      84.2797
    1130      84.7050
    1131      89.1531
    1132      90.9687
    1133      93.6694
    1134      93.4782
    1135      96.8978
    1136      95.1907
    1137      91.3289
    1138      91.3726
    1139      93.7284
    1140      96.1779
    1141      98.1564
    1142      96.3036
    1143      88.3445
    1144      87.9612
    1145      86.4650
    1146      92.9107
    1147      88.2976
    1148      87.2739
    1149      83.2680
    1150      85.2886
    1151      90.3315
    1152      92.0053
    1153      90.1351
    1154      89.9481
    1155      84.4988
    1156      86.4842
    1157      87.4598
    1158      92.3763
    1159      93.7976
    1160     100.6776
    1161      98.8255
    1162      99.3924
    1163      94.8877
    1164      97.1767
    1165      89.4820
    1166      91.3512
    1167      87.9754
    1168      89.0886
    1169      90.5150
    1170      93.2278
    1171      91.8503
    1172      90.2832
    1173      87.7264
    1174      89.4724
    1175      90.1675
    1176      91.7580
    1177      92.4976
    1178      92.9584
    1179      91.9110
    1180      88.2593
    1181      91.2684
    1182      88.9224
    1183      89.9859
    1184      86.4279
    1185      91.4890
    1186      94.4949
    1187      96.4677
    1188      98.0548
    1189      96.2842
    1190      95.4104
    1191      99.2324
    1192      95.9912
    1193      97.1003
    1194      99.4492
    1195     100.0081
    1196     101.8279
    1197     104.6145
    1198     103.8772
    1199     107.7427
    1200     101.8077
    1201      97.4700
    1202      96.3721
    1203      96.0990
    1204      97.1730
    1205      96.8539
    1206      95.1703
    1207      94.0341
    1208      90.8084
    1209      90.6022
    1210      92.8249
    1211      90.5414
    1212      90.6386
    1213      92.7356
    1214      89.2196
    1215      92.5796
    1216      96.8294
    1217      93.0856
    1218      95.4897
    1219      94.4896
    1220      94.6281
    1221      93.6530
    1222      95.4552
    1223      94.2833
    1224      87.7247
    1225      87.6150
    1226      84.0430
    1227      80.7865
    1228      81.3929
    1229      79.2085
    1230      75.6250
    1231      78.1649
    1232      77.4448
    1233      74.5244
    1234      79.9565
    1235      83.2940
    1236      77.7391
    1237      81.3207
    1238      81.3372
    1239      81.7496
    1240      81.6186
    1241      80.0001
    1242      85.0416
    1243      85.1833
    1244      85.1873
    1245      84.7108
    1246      84.9229
    1247      92.1496
    1248      86.4510
    1249      91.7521
    1250      92.0214
    1251      94.4201
    1252      96.4976
    1253      92.6578
    1254      95.8783
    1255      98.5110
    1256      98.8048
    1257      96.9921
    1258      93.4137
    1259      97.0852
    1260      98.9421
    1261      96.6499
    1262      96.7519
    1263      95.3903
    1264      94.9243
    1265      91.9935
    1266      91.4465
    1267      89.0031
    1268      84.9831
    1269      81.5816
    1270      88.0916
    1271      83.2266
    1272      87.6761
    1273      80.7357
    1274      84.5574
    1275      87.5540
    1276      89.0858
    1277      87.8396
    1278      90.0024
    1279      88.5418
    1280      82.8295
    1281      83.9258
    1282      83.9045
    1283      83.4529
    1284      83.1176
    1285      77.5682
    1286      81.1017
    1287      81.4960
    1288      83.4837
    1289      77.3579
    1290      87.3563
    1291      88.8230
    1292      92.8747
    1293      92.7595
    1294      93.5230
    1295      93.0762
    1296      98.4107
    1297      94.7138
    1298      92.8309
    1299      94.6459
    1300      92.5873
    1301      90.6336
    1302      90.5613
    1303      88.4263
    1304      91.5573
    1305      84.7190
    1306      87.4815
    1307      91.9415
    1308      93.5851
    1309      93.3943
    1310      94.3895
    1311      93.4511
    1312      91.6054
    1313      90.6783
    1314      87.7431
    1315      93.4359
    1316      88.9608
    1317      88.9309
    1318      88.9741
    1319      90.9676
    1320      93.6272
    1321      93.8352
    1322      94.8758
    1323      97.5933
    1324      96.5833
    1325     101.3140
    1326     101.4061
    1327     101.9515
    1328      97.5764
    1329     102.4912
    1330     105.0221
    1331     102.3999
    1332     102.5032
    1333     100.7272
    1334      94.2090
    1335      94.3695
    1336      95.6454
    1337      96.0125
    1338      90.7820
    1339      92.9771
    1340      90.7579
    1341      87.1733
    1342      89.4944
    1343      86.9707
    1344      87.7174
    1345      90.9335
    1346      87.2950
    1347      87.1406
    1348      80.6053
    1349      80.4366
    1350      81.9475
    1351      82.7334
    1352      85.8694
    1353      87.2720
    1354      85.6910
    1355      79.2951
    1356      80.1225
    1357      79.9777
    1358      77.1183
    1359      80.3265
    1360      83.6334
    1361      80.8817
    1362      78.8724
    1363      85.3869
    1364      83.0298
    1365      85.0484
    1366      85.1961
    1367      86.1263
    1368      83.8108
    1369      83.7535
    1370      85.9178
    1371      92.6426
    1372      93.8242
    1373      92.8770
    1374      92.4615
    1375      92.6422
    1376      96.0415
    1377      95.9427
    1378      93.9094
    1379      94.1771
    1380      87.4954
    1381      90.2745
    1382      95.7525
    1383      94.9302
    1384      97.3807
    1385      99.6705
    1386      97.4410
    1387     100.5299
    1388      98.1933
    1389     100.8465
    1390     103.2773
    1391     100.6739
    1392      96.3958
    1393      96.0594
    1394      94.9963
    1395      95.1754
    1396      98.0646
    1397      97.7326
    1398      92.1843
    1399      92.7681
    1400      91.0188
    1401      88.4093
    1402      94.7308
    1403      96.5489
    1404      93.3062
    1405      97.9307
    1406      97.0193
    1407      97.0064
    1408      93.1104
    1409      92.7819
    1410      87.6136
    1411      89.3878
    1412      84.8221
    1413      91.0942
    1414      90.1507
    1415      90.7833
    1416      85.7627
    1417      84.8536
    1418      87.8051
    1419      87.9103
    1420      96.0760
    1421      95.3124
    1422      90.9695
    1423      92.4421
    1424      94.8092
    1425      94.6044
    1426      93.6792
    1427      98.4571
    1428      94.0610
    1429      94.6863
    1430      94.8563
    1431     101.6273
    1432     104.1993
    1433      99.7806
    1434      98.3118
    1435      97.2399
    1436      95.1957
    1437      98.2043
    1438     104.0482
    1439     101.8653
    1440     101.6400
    1441     102.2615
    1442      99.0250
    1443      99.6397
    1444      99.9366
    1445     100.5647
    1446      98.7577
    1447      97.0142
    1448      95.2802
    1449      92.5682
    1450      93.3477
    1451      94.9173
    1452      91.2959
    1453      90.4703
    1454      91.3359
    1455      96.9832
    1456      92.5261
    1457      85.7361
    1458      86.1537
    1459      88.3272
    1460      90.7159
    1461      91.4990
    1462      90.1177
    1463      87.1687
    1464      85.6859
    1465      85.4946
    1466      85.1749
    1467      81.5307
    1468      79.0024
    1469      78.8220
    1470      76.9461
    1471      78.6532
    1472      73.1990
    1473      68.0688
    1474      66.3874
    1475      64.2421
    1476      61.1432
    1477      61.6329
    1478      61.5109
    1479      61.4126
    1480      58.9321
    1481      61.6739
    1482      61.2170
    1483      69.8737
    1484      70.0777
    1485      70.2727
    1486      71.8423
    1487      73.6136
    1488      77.0197
    1489      78.5512
    1490      76.0435
    1491      76.7290
    1492      75.3581
    1493      73.3028
    1494      73.4485
    1495      72.9643
    1496      68.8159
    1497      70.3337
    1498      74.3674
    1499      72.8291
    1500      67.1340
    1501      66.2336
    1502      64.8560
    1503      65.8003
    1504      68.9331
    1505      72.4829
    1506      75.9750
    1507      83.0323
    1508      77.3842
    1509      80.2316
    1510      76.8109
    1511      75.1575
    1512      69.7267
    1513      71.5320
    1514      69.4686
    1515      71.9510
    1516      72.0209
    1517      75.4819
    1518      70.4447
    1519      68.9835
    1520      70.1753
    1521      65.2071
    1522      67.3059
    1523      68.8399
    1524      69.3407
    1525      67.5863
    1526      60.3125
    1527      61.2127
    1528      65.2797
    1529      64.5231
    1530      63.4166
    1531      64.7147
    1532      61.6659
    1533      61.8105
    1534      64.7743
    1535      63.4179
    1536      60.7889
    1537      67.6274
    1538      71.0714
    1539      71.9204
    1540      69.0818
    1541      71.4145
    1542      67.8152
    1543      67.6926
    1544      67.1501
    1545      62.7615
    1546      64.1126
    1547      68.0049
    1548      65.9157
    1549      61.1860
    1550      65.6240
    1551      64.1837
    1552      60.6291
    1553      60.6364
    1554      59.5914
    1555      55.9559
    1556      57.0513
    1557      60.0445
    1558      59.8854
    1559      61.7520
    1560      58.1665
    1561      61.1647
    1562      61.0041
    1563      59.6927
    1564      58.7481
    1565      60.2052
    1566      57.4888
    1567      54.7583
    1568      51.6339
    1569      53.9191
    1570      51.0283
    1571      52.8844
    1572      47.4761
    1573      44.3126
    1574      43.9754
    1575      43.8486
    1576      44.9954
    1577      44.6383
    1578      43.2963
    1579      48.1235
    1580      47.4574
    1581      49.5928
    1582      49.6110
    1583      53.9238
    1584      54.2725
    1585      57.0696
    1586      53.5087
    1587      57.1007
    1588      58.4664
    1589      63.3729
    1590      60.3474
    1591      64.4052
    1592      65.3653
    1593      61.7917
    1594      67.0056
    1595      67.0960
    1596      61.1590
    1597      64.7887
    1598      62.9538
    1599      65.7185
    1600      66.2297
    1601      64.6601
    1602      59.0746
    1603      58.0150
    1604      54.0540
    1605      52.2852
    1606      47.3057
    1607      50.1003
    1608      50.8405
    1609      46.6408
    1610      47.7191
    1611      50.3043
    1612      43.9351
    1613      46.8207
    1614      47.4088
    1615      48.8034
    1616      49.6023
    1617      51.8039
    1618      50.5148
    1619      48.9428
    1620      43.8768
    1621      43.0241
    1622      42.5518
    1623      44.5209
    1624      41.4114
    1625      43.7218
    1626      40.2139
    1627      42.9071
    1628      44.1072
    1629      43.2640
    1630      45.6974
    1631      44.1664
    1632      43.2371
    1633      42.7242
    1634      46.4072
    1635      44.2218
    1636      44.5713
    1637      46.5415
    1638      46.7698
    1639      49.4661
    1640      55.1732
    1641      52.9995
    1642      50.1625
    1643      54.1488
    1644      48.8587
    1645      46.2674
    1646      47.1727
    1647      46.5240
    1648      47.1434
    1649      51.5577
    1650      49.5293
    1651      53.3859
    1652      49.0641
    1653      51.4446
    1654      54.4653
    1655      53.4144
    1656      50.2718
    1657      51.6450
    1658      48.4139
    1659      50.8410
    1660      48.9243
    1661      46.0176
    1662      48.0579
    1663      50.1457
    1664      47.4392
    1665      51.2353
    1666      46.8281
    1667      48.0607
    1668      48.8377
    1669      47.6652
    1670      54.6635
    1671      58.1900
    1672      63.6080
    1673      64.0080
    1674      56.2007
    1675      59.1744
    1676      61.8028
    1677      56.7365
    1678      53.9985
    1679      61.0023
    1680      54.8445
    1681      62.3615
    1682      63.9078
    1683      60.3358
    1684      64.6000
    1685      63.4047
    1686      61.4574
    1687      62.5769
    1688      57.4241
    1689      56.3112
    1690      53.7814
    1691      47.9371
    1692      46.1935
    1693      45.8850
    1694      44.8670
    1695      44.7559
    1696      46.3877
    1697      46.8732
    1698      46.2032
    1699      45.4036
    1700      44.8207
    1701      43.9251
    1702      44.0724
    1703      43.9858
    1704      42.4425
    1705      44.2792
    1706      45.9071
    1707      45.0461
    1708      45.0297
    1709      43.8829
    1710      43.9144
    1711      46.9736
    1712      52.4029
    1713      48.4473
    1714      43.4202
    1715      45.1090
    1716      46.4242
    1717      45.7222
    1718      46.0271
    1719      43.0956
    1720      44.0968
    1721      45.4605
    1722      44.7372
    1723      48.0540
    1724      46.6199
    1725      49.8464
    1726      45.4492
    1727      45.5382
    1728      44.9392
    1729      45.8392
    1730      48.6895
    1731      53.5677
    1732      54.3850
    1733      50.5836
    1734      46.1478
    1735      47.7353
    1736      49.5230
    1737      47.4781
    1738      43.3626
    1739      42.2678
    1740      42.3259
    1741      42.1036
    1742      39.8616
    1743      41.1479
    1744      42.4624
    1745      41.8203
    1746      42.1256
    1747      41.4336
    1748      42.4577
    1749      42.7237
    1750      43.3611
    1751      42.9121
    1752      42.8481
    1753      42.5864
    1754      41.3463
    1755      42.4993
    1756      43.3036
    1757      42.8927
    1758      44.0447
    1759      42.6761
    1760      43.6452
    1761      43.3461
    1762      42.9690
    1763      41.5152
    1764      43.0061
    1765      43.6910
    1766      43.2667
    1767      42.7179
    1768      42.9284
    1769      44.8116
    1770      43.0522
    1771      46.0318
    1772      47.2445
    1773      49.5835
    1774      49.6341
    1775      49.1767
    1776      48.6631
    1777      49.5790
    1778      51.3869
    1779      55.0213
    1780      52.6594
    1781      50.6245
    1782      48.3046
    1783      47.9920
    1784      48.4557
    1785      47.5169
    1786      49.1754
    1787      50.7313
    1788      50.3342
    1789      51.1612
    1790      50.0047
    1791      49.9843
    1792      49.9499
    1793      48.8232
    1794      58.1253
    1795      58.2589
    1796      53.7635
    1797      56.7785
    1798      51.6304
    1799      50.7840
    1800      52.6889
    1801      50.3723
    1802      52.4970
    1803      51.7692
    1804      56.7895
    1805      56.7657
    1806      58.3028
    1807      60.6893
    1808      56.6019
    1809      62.0686
    1810      67.8426
    1811      66.8855
    1812      65.9237
    1813      63.2473
    1814      68.2097
    1815      70.4993
    1816      66.9276
    1817      66.5704
    1818      66.4238
    1819      67.7182
    1820      66.2816
    1821      68.5608
    1822      68.6278
    1823      69.7713
    1824      70.1422
    1825      70.9470
    1826      64.4752
    1827      64.1470
    1828      69.7111
    1829      70.2418
    1830      73.6207
    1831      75.2636
    1832      74.1161
    1833      76.6404
    1834      74.5925
    1835      74.8597
    1836      77.4506
    1837      80.5008
    1838      79.2676
    1839      76.5059
    1840      77.7442
    1841      74.5856
    1842      72.6688
    1843      72.2320
    1844      63.1556
    1845      62.7759
    1846      61.8023
    1847      59.2809
    1848      63.7797
    1849      68.3576
    1850      73.4218
    1851      77.7057
    1852      76.5809
    1853      77.0122
    1854      78.0324
    1855      77.4816
    1856      76.5894
    1857      83.7590
    1858      80.1132
    1859      78.1349
    1860      73.6098
    1861      74.3028
    1862      78.2601
    1863      76.3463
    1864      72.3652
    1865      73.8816
    1866      71.6566
    1867      72.2103
    1868      77.6408
    1869      72.4785
    1870      71.2459
    1871      77.7558
    1872      77.7123
    1873      78.7950
    1874      76.0950
    1875      79.2280
    1876      74.6514
    1877      76.3016
    1878      78.8556
    1879      82.2122
    1880      83.2561
    1881      77.6027
    1882      80.8062
    1883      77.9807
    1884      78.2235
    1885      83.5193
    1886      85.0430
    1887      87.6303
    1888      82.2899
    1889      84.0856
    1890      81.5148
    1891      82.5333
    1892      80.8321
    1893      81.2980
    1894      77.8018
    1895      76.0076
    1896      74.3181
    1897      79.0326
    1898      79.5384
    1899      81.0886
    1900      84.3993
    1901      84.5780
    1902      85.9348
    1903      87.8225
    1904      88.9374
    1905      84.6893
    1906      85.5609
    1907      84.1465
    1908      82.6699
    1909      83.3649
    1910      81.7402
    1911      83.8666
    1912      83.5620
    1913      88.5677
    1914      92.7945
    1915      94.6793
    1916      92.9214
    1917      94.8375
    1918      91.4544
    1919      89.8499
    1920      93.2236
    1921      90.2370
    1922      92.8178
    1923      87.8925
    1924      89.6878
    1925      91.9679
    1926      93.0602
    1927      95.4028
    1928      96.5029
    1929      99.0144
    1930      98.9995
    1931      95.3949
    1932      92.2127
    1933      93.1107
    1934      92.7166
    1935      94.4760
    1936      95.0035
    1937      94.8374
    1938      96.6792
    1939      95.2417
    1940      98.9122
    1941     104.7498
    1942     100.3664
    1943      99.5689
    1944      99.1881
    1945      99.5127
    1946      96.2751
    1947     102.7695
    1948     102.7936
    1949      99.1332
    1950      97.3667
    1951     102.8309
    1952     105.0987
    1953     103.5095
    1954      97.9465
    1955     104.0734
    1956     103.9780
    1957     104.7109
    1958     104.0826
    1959     103.4783
    1960      99.8520
    1961      98.9217
    1962     101.7355
    1963     103.4618
    1964      99.8155
    1965      98.3109
    1966     101.4682
    1967      98.6860
    1968      96.2106
    1969      94.6983
    1970      95.7039
    1971      98.5800
    1972      94.5796
    1973      92.9937
    1974      92.8154
    1975      94.9681
    1976      97.1058
    1977      96.6971
    1978      94.1988
    1979      97.9389
    1980      92.9569
    1981      91.0880
    1982      94.2797
    1983      87.6158
    1984      85.7146
    1985      85.2221
    1986      84.3683
    1987      76.6673
    1988      82.3541
    1989      81.3353
    1990      80.5324
    1991      76.5477
    1992      78.5072
    1993      79.7887
    1994      77.1190
    1995      81.8020
    1996      88.1798
    1997      86.0423
    1998      81.1422
    1999      84.5387
    2000      81.3533
    2001      78.1118
    2002      78.4673
    2003      80.8469
    2004      84.1834
    2005      84.4434
    2006      85.0011
    2007      83.5673
    2008      81.2967
    2009      81.3514
    2010      83.3483
    2011      80.1850
    2012      77.9840
    2013      77.8085
    2014      76.6992
    2015      76.9749
    2016      73.1368
    2017      72.0263
    2018      77.9525
    2019      78.2907
    2020      78.6704
    2021      78.2917
    2022      77.2914
    2023      81.5954
    2024      83.6610
    2025      86.8904
    2026      79.1236
    2027      77.9778
    2028      84.2125
    2029      85.2288
    2030      88.6429
    2031      86.8269
    2032      85.8256
    2033      89.9764
    2034      93.5644
    2035      98.2953
    2036      95.9850
    2037      98.0114
    2038      95.4889
    2039      96.4968
    2040      96.1533
    2041      98.0576
    2042      95.6479
    2043      94.7020
    2044      93.2635
    2045      94.0018
    2046      92.5865
    2047      92.9664
    2048      98.7374
    2049      97.7099
    2050      97.3760
    2051     102.9572
    2052     105.6130
    2053     103.1813
    2054     102.9451
    2055     102.9722
    2056     102.7630
    2057     107.9046
    2058     106.8022
    2059     110.1370
    2060     111.2688
    2061     108.5406
    2062     114.3786
    2063     110.6524
    2064     110.9434
    2065     106.4967
    2066     107.4290
    2067     112.5176
    2068     109.0800
    2069     109.0073
    2070     109.5802
    2071     109.1859
    2072     108.8730
    2073     104.0076
    2074     101.5928
    2075      97.8211
    2076     103.5705
    2077     104.4483
    2078     103.2537
    2079     103.5578
    2080     104.0970
    2081     103.2750
    2082     102.7036
    2083      96.0317
    2084     103.3806
    2085     105.1812
    2086     106.5665
    2087     103.3170
    2088     106.8105
    2089     108.2257
    2090     106.3110
    2091     105.2381
    2092     106.6927
    2093     106.8967
    2094     111.1384
    2095     109.7980
    2096     113.2799
    2097     113.5950
    2098     114.4357
    2099     111.7792
    2100     107.4470
    2101     108.6753
    2102     107.5613
    2103     112.0494
    2104     111.7204
    2105     113.8196
    2106     112.8708
    2107     116.4746
    2108     115.9319
    2109     117.7609
    2110     117.6132
    2111     117.3130
    2112     117.5482
    2113     115.3097
    2114     113.4517
    2115     114.5338
    2116     117.5497
    2117     112.8270
    2118     114.8788
    2119     114.1778
    2120     112.1496
    2121     111.6492
    2122     107.9051
    2123     107.7037
    2124     109.1001
    2125     110.0311
    2126     106.5270
    2127     102.8204
    2128     105.1381
    2129     104.2010
    2130     104.4177
    2131     105.5082
    2132     101.3914
    2133     106.8982
    2134     102.1633
    2135     108.9436
    2136     108.4121
    2137     104.3084
    2138     107.5137
    2139     109.7722
    2140     112.4471
    2141     108.8581
    2142     105.8996
    2143     105.8851
    2144     104.7203
    2145     100.5515
    2146     101.4748
    2147      99.9657
    2148     102.5956
    2149     104.8362
    2150     105.3708
    2151     111.6527
    2152     111.4717
    2153     109.3068
    2154     110.4276
    2155     110.8968
    2156     108.5900
    2157     112.9410
    2158     109.5530
    2159     107.5196
    2160     103.1507
    2161     107.0968
    2162     108.3679
    2163     112.2686
    2164     112.4797
    2165     109.4903
    2166     110.0744
    2167     105.7092
    2168     110.1789
    2169     112.0457
    2170     112.2896
    2171     113.0549
    2172     109.7765
    2173     113.5639
    2174     109.2673
    2175     107.1057
    2176     102.6257
    2177      99.3559
    2178     103.6675
    2179     106.0001
    2180     106.6165
    2181     108.9617
    2182     108.1823
    2183     110.5388
    2184     105.5040
    2185     101.9919
    2186     100.0143
    2187      95.8056
    2188      95.4695
    2189      95.4891
    2190      99.6735
    2191      98.7377
    2192     103.2123
    2193     105.2963
    2194     102.3461
    2195     101.1637
    2196     106.9030
    2197     110.3603
    2198      99.5244
    2199     102.5592
    2200     100.0491
    2201     103.1848
    2202     101.7495
    2203     105.7877
    2204     108.7741
    2205     107.8928
    2206     106.5242
    2207     108.0768
    2208     107.1462
    2209     112.6404
    2210     114.8971
    2211     116.5877
    2212     113.9717
    2213     112.4716
    2214     108.5351
    2215     109.4504
    2216     109.4120
    2217     106.4714
    2218     106.3997
    2219     107.2749
    2220     106.1497
    2221     107.1836
    2222     107.5497
    2223     107.5380
    2224     113.1192
    2225     116.4530
    2226     112.6811
    2227     115.4376
    2228     113.9979
    2229     116.7277
    2230     114.8617
    2231     113.1238
    2232     113.9551
    2233     115.0164
    2234     114.2675
    2235     114.5449
    2236     116.5669
    2237     116.0990
    2238     117.2372
    2239     115.0056
    2240     111.7200
    2241     113.0437
    2242     112.3549
    2243     109.5888
    2244     109.6144
    2245     109.8201
    2246     111.6677
    2247     115.5307
    2248     115.6931
    2249     113.2818
    2250     114.4839
    2251     112.6585
    2252     114.2169
    2253     113.6259
    2254     109.4065
    2255     109.2675
    2256     103.7995
    2257     107.2989
    2258     107.3613
    2259     109.0941
    2260     108.3242
    2261     110.1218
    2262     104.2464
    2263     103.7219
    2264     100.7632
    2265     100.3760
    2266     105.4274
    2267     109.1752
    2268     110.4274
    2269     106.3714
    2270     102.5966
    2271     106.9187
    2272     104.1443
    2273     104.1382
    2274     102.7257
    2275     103.1350
    2276     105.2734
    2277     100.3087
    2278     102.7307
    2279     102.3118
    2280     104.1007
    2281     106.5193
    2282     104.3416
    2283     105.1519
    2284     108.2403
    2285     108.1475
    2286     104.5178
    2287     103.8513
    2288     103.9853
    2289     107.2705
    2290     104.2509
    2291     103.6535
    2292     101.8579
    2293     102.6687
    2294     101.5365
    2295     101.7007
    2296     100.0945
    2297     100.4304
    2298      96.1236
    2299     102.2375
    2300     104.1473
    2301     109.2399
    2302     109.2329
    2303     109.7783
    2304     110.1658
    2305     111.6600
    2306     110.1824
    2307     111.2088
    2308     110.9840
    2309     109.9727
    2310     108.4876
    2311     104.0286
    2312     107.3571
    2313     112.6408
    2314     110.1424
    2315     112.0546
    2316     114.4136
    2317     115.9950
    2318     113.0012
    2319     111.5696
    2320     114.1143
    2321     114.6537
    2322     116.5462
    2323     113.5661
    2324     114.2042
    2325     115.4733
    2326     114.9508
    2327     116.4922
    2328     114.4169
    2329     111.7294
    2330     108.9977
    2331     110.5347
    2332     114.2345
    2333     113.7341
    2334     111.7214
    2335     109.0151
    2336     108.2544
    2337     107.9841
    2338     108.8493
    2339     110.5989
    2340     107.6881
    2341     108.7186
    2342     107.9160
    2343     109.8663
    2344     109.4734
    2345     112.8143
    2346     108.1175
    2347     108.6293
    2348     109.4304
    2349     109.4159
    2350     108.4573
    2351     110.3498
    2352     110.5394
    2353     112.6378
    2354     111.6697
    2355     112.6910
    2356     112.5771
    2357     109.5541
    2358     109.0118
    2359     108.7756
    2360     108.0682
    2361     108.0615
    2362     107.4989
    2363     105.9673
    2364     106.1701
    2365     106.8087
    2366     106.6509
    2367     108.9897
    2368     112.4600
    2369     112.1435
    2370     108.8066
    2371     110.6795
    2372     107.8018
    2373     108.0057
    2374     106.7529
    2375     110.6147
    2376     112.2667
    2377     115.5150
    2378     112.9288
    2379     114.6019
    2380     112.6042
    2381     115.4401
    2382     115.8981
    2383     114.3568
    2384     111.6124
    2385     110.7634
    2386     113.4952
    2387     111.2749
    2388     112.1721
    2389     108.9666
    2390     111.0854
    2391     108.1614
    2392     110.3902
    2393     112.1456
    2394     109.1955
    2395     108.1135
    2396     107.7563
    2397     105.3153
    2398     109.0279
    2399     105.9018
    2400     107.0243
    2401     109.3875
    2402     111.2224
    2403     108.9586
    2404     107.6539
    2405     106.6255
    2406     106.0599
    2407     100.9849
    2408     100.8920
    2409     101.1349
    2410     100.6069
    2411      99.6997
    2412      99.9626
    2413     100.2166
    2414      98.0941
    2415     100.3827
    2416     104.9185
    2417     104.0575
    2418     107.8810
    2419     107.8065
    2420     105.9866
    2421     105.2902
    2422     103.5573
    2423     109.0730
    2424     108.3642
    2425     105.5848
    2426     109.8181
    2427     112.4341
    2428     107.9626
    2429     111.0266
    2430     109.0787
    2431     113.4308
    2432     112.7663
    2433     108.4952
    2434     111.2998
    2435     113.6226
    2436     116.4755
    2437     114.7999
    2438     113.3658
    2439     114.5395
    2440     113.4352
    2441     114.7860
    2442     115.0587
    2443     115.0463
    2444     113.7884
    2445     116.4924
    2446     114.9094
    2447     118.1993
    2448     120.7802
    2449     119.8259
    2450     117.4259
    2451     121.0271
    2452     120.8836
    2453     120.1749
    2454     116.6797
    2455     111.3305
    2456     111.2533
    2457     110.0957
    2458     109.6256
    2459     109.0395
    2460     107.9000
    2461     104.2856
    2462     106.8861
    2463     110.7490
    2464     110.9979
    2465     111.7675
    2466     113.3109
    2467     112.8262
    2468     113.3905
    2469     112.1300
    2470     115.1602
    2471     115.4219
    2472     119.0353
    2473     117.2246
    2474     119.6578
    2475     123.5364
    2476     121.1683
    2477     120.9333
    2478     116.9371
    2479     117.5339
    2480     109.4801
    2481     108.6450
    2482     107.5599
    2483     108.8997
    2484     112.8488
    2485     110.5580
    2486     110.0075
    2487     111.2817
    2488     114.7063
    2489     114.5803
    2490     116.4286
    2491     118.9814
    2492     118.3229
    2493     120.4407
    2494     116.1663
    2495     114.5416
    2496     117.7476
    2497     117.0704
    2498     117.2778
    2499     113.8863
    2500     114.5525
    2501     115.3859
    2502     114.7397
    2503     110.6696
    2504     110.3263
    2505     113.5541
    2506     106.0231
    2507     109.5662
    2508     110.8779
    2509     113.6298
    2510     114.0394
    2511     114.6629
    2512     110.4906
    2513     110.8616
    2514     105.0304
    2515     107.9088
    2516     107.5138
    2517     104.5779
    2518     103.6254
    2519     104.0146
    2520     105.4462
    2521     104.0490
    2522     104.8435
    2523     107.3570
    2524     106.6814
    2525     107.0915
    2526     106.2790
    2527     106.9288
    2528     103.3482
    2529     101.9904
    2530     105.0521
    2531     102.9852
    2532     106.8741
    2533     104.6092
    2534     105.8526
    2535     107.9931
    2536     106.8612
    2537     110.2122
    2538     106.1139
    2539     107.1467
    2540     105.5118
    2541     105.7785
    2542     102.4646
    2543     102.4309
    2544     102.5173
    2545     104.9583
    2546     105.0413
    2547     108.7747
    2548     101.9519
    2549     102.6689
    2550     105.0941
    2551     107.1810
    2552     108.6113
    2553     102.6297
    2554     104.9217
    2555     105.3363
    2556     107.3544
    2557     108.2800
    2558     105.6385
    2559     104.4570
    2560     102.8497
    2561     102.8617
    2562     104.0252
    2563     100.3191
    2564      98.2584
    2565     100.5841
    2566     101.9222
    2567     101.4323
    2568     103.4601
    2569     103.5511
    2570     104.5966
    2571     104.8173
    2572     111.1488
    2573     112.7878
    2574     109.7737
    2575     108.1129
    2576     110.1483
    2577     111.1551
    2578     109.2698
    2579     103.7773
    2580     104.9048
    2581     108.6531
    2582     105.9233
    2583     104.7672
    2584     104.6687
    2585     103.5964
    2586     104.5012
    2587     104.8119
    2588     101.9838
    2589     103.0378
    2590     102.6307
    2591     104.0940
    2592     104.1982
    2593     102.2095
    2594     103.2726
    2595     105.1482
    2596     107.1276
    2597     104.8624
    2598     101.8712
    2599     104.7872
    2600      99.8666
    2601     100.0386
    2602      99.6792
    2603     100.9768
    2604     103.2290
    2605     105.1590
    2606     105.7316
    2607     107.7363
    2608     107.4033
    2609     107.7471
    2610     106.1160
    2611     104.2904
    2612     102.1914
    2613     107.9791
    2614     110.4421
    2615     112.5342
    2616     110.9771
    2617     111.4904
    2618     109.3908
    2619     115.9052
    2620     114.7256
    2621     108.2192
    2622     103.0773
    2623     102.0404
    2624     106.6376
    2625     107.4365
    2626     105.7330
    2627     107.8324
    2628     106.9997
    2629     109.8758
    2630     107.6947
    2631     105.1276
    2632     106.8754
    2633     107.1757
    2634     107.0064
    2635     107.3080
    2636     107.4789
    2637     104.0799
    2638     105.1940
    2639     104.0617
    2640     112.5554
    2641     108.0265
    2642     108.9208
    2643     112.2441
    2644     111.6572
    2645     112.6887
    2646     110.5337
    2647     113.6483
    2648     113.9762
    2649     116.5954
    2650     121.3013
    2651     124.2034
    2652     122.9956
    2653     127.2610
    2654     128.5419
    2655     122.8609
    2656     124.6374
    2657     122.7078
    2658     123.1163
    2659     124.1180
    2660     120.2679
    2661     114.0623
    2662     114.1343
    2663     112.5741
    2664     110.3305
    2665     111.3623
    2666     111.3083
    2667     110.8117
    2668     112.9322
    2669     112.0828
    2670     108.9604
    2671     107.6887
    2672     108.3201
    2673     106.6742
    2674     105.4841
    2675     106.6035
    2676     104.4495
    2677      98.6114
    2678      99.0881
    2679      97.8026
    2680      94.3831
    2681     100.2289
    2682     108.8753
    2683     109.4629
    2684     114.3684
    2685     116.7715
    2686     117.7553
    2687     116.6444
    2688     114.2956
    2689     119.1367
    2690     119.5372
    2691     120.5423
    2692     115.1571
    2693     111.6377
    2694     118.2723
    2695     117.0954
    2696     114.8164
    2697     114.9084
    2698     118.6914
    2699     118.4700
    2700     115.3021
    2701     117.4823
    2702     113.3061
    2703     116.4373
    2704     122.2466
    2705     120.2028
    2706     109.7286
    2707     109.3398
    2708     111.2478
    2709     111.5224
    2710     110.8983
    2711     110.5401
    2712     111.8962
    2713     110.7149
    2714     108.0671
    2715     105.9890
    2716     108.5814
    2717     107.8580
    2718     105.9706
    2719     110.1980
    2720     105.9772
    2721     105.1373
    2722     107.1030
    2723     103.5504
    2724     104.8257
    2725     106.5465
    2726     104.2347
    2727     103.7956
    2728     103.8818
    2729     111.9032
    2730     113.6024
    2731     114.1360
    2732     113.3316
    2733     114.2100
    2734     116.8713
    2735     115.2860
    2736     114.4603
    2737     115.6649
    2738     118.8565
    2739     119.2151
    2740     121.2313
    2741     120.8875
    2742     120.2722
    2743     119.1957
    2744     118.8667
    2745     116.5601
    2746     117.1423
    2747     118.6278
    2748     118.5660
    2749     116.2398
    2750     116.2602
    2751     109.1627
    2752     112.8858
    2753     111.1860
    2754     110.0397
    2755     105.8144
    2756     108.0739
    2757     108.9293
    2758     106.9576
    2759     110.2691
    2760     114.7888
    2761     114.7530
    2762     110.6389
    2763     110.6250
    2764     113.9978
    2765     113.6184
    2766     111.5291
    2767     108.7865
    2768     111.3577
    2769     109.3534
    2770     109.0845
    2771     106.0146
    2772     108.3584
    2773     107.6292
    2774     109.5775
    2775     110.0269
    2776     108.0932
    2777     108.3907
    2778     107.6163
    2779     104.2654
    2780     102.0324
    2781     102.0591
    2782     101.7801
    2783     100.6872
    2784     101.7340
    2785     100.2809
    2786      98.6730
    2787      99.3827
    2788      97.4644
    2789      96.0351
    2790      99.6925
    2791     101.1486
    2792     100.5143
    2793     103.2686
    2794      97.6517
    2795      93.5540
    2796      92.0127
    2797      87.1556
    2798      85.3584
    2799      85.7714
    2800      87.7072
    2801      89.1191
    2802      92.5793
    2803      91.5489
    2804      98.7474
    2805     102.9855
    2806     100.0479
    2807     105.2149
    2808      99.0894
    2809     101.4159
    2810     100.1188
    2811     100.5813
    2812      96.5030
    2813      98.5114
    2814      99.6123
    2815      98.8368
    2816      95.6711
    2817     101.9774
    2818     102.0714
    2819     102.4475
    2820     105.4062
    2821     103.9837
    2822     101.0963
    2823     100.5210
    2824     101.3042
    2825     102.2589
    2826     101.5272
    2827     102.0092
    2828     103.5684
    2829     105.3115
    2830     105.1207
    2831      99.3033
    2832      95.9283
    2833      96.1782
    2834      97.5736
    2835      93.6152
    2836      90.5588
    2837      89.5131
    2838      82.5912
    2839      81.5927
    2840      82.9165
    2841      85.3823
    2842      83.8619
    2843      88.0166
    2844      89.8061
    2845      90.0471
    2846      95.2322
    2847      93.7679
    2848      88.6261
    2849      89.1108
    2850      92.6288
    2851      92.6931
    2852      95.6095
    2853      97.7714
    2854      99.4190
    2855      97.3547
    2856      97.7802
    2857      98.8458
    2858      99.1799
    2859     102.4949
    2860     103.8294
    2861     102.0034
    2862      97.4343
    2863      97.9441
    2864      93.1842
    2865      94.5558
    2866      93.9924
    2867      92.5528
    2868      96.6291
    2869      99.2081
    2870      92.4110
    2871      87.1022
    2872      90.2322
    2873      94.9100
    2874      95.2244
    2875     101.7024
    2876     102.8633
    2877     102.2505
    2878      97.6384
    2879      89.3390
    2880      87.8801
    2881      84.1407
    2882      88.6867
    2883      90.1804
    2884      92.9333
    2885      92.2822
    2886      90.0797
    2887      90.1981
    2888      86.8008
    2889      91.9444
    2890      92.8141
    2891      92.9531
    2892      93.2802
    2893      91.8452
    2894      94.5242
    2895      98.9304
    2896      91.9517
    2897      92.8682
    2898      92.0047
    2899      95.1467
    2900      96.3524
    2901      96.9091
    2902      90.9311
    2903      89.2258
    2904      93.4243
    2905      95.5339
    2906     101.7133
    2907      97.6983
    2908      97.1689
    2909     100.9039
    2910     103.5262
    2911     104.2726
    2912      99.3308
    2913     102.3719
    2914     105.6734
    2915     105.6487
    2916     109.0649
    2917     118.0477
    2918     118.4837
    2919     114.5710
    2920     115.2979
    2921     120.1483
    2922     117.3347
    2923     113.6912
    2924     121.1496
    2925     126.4328
    2926     124.5038
    2927     121.2563
    2928     123.5166
    2929     124.2454
    2930     124.0935
    2931     130.6105
    2932     132.6882
    2933     134.1189
    2934     132.1198
    2935     132.0477
    2936     133.8026
    2937     132.8526
    2938     135.3048
    2939     132.2210
    2940     131.2507
    2941     134.3546
    2942     131.8950
    2943     130.8316
    2944     129.2453
    2945     125.1487
    2946     127.1236
    2947     127.1776
    2948     131.1098
    2949     129.5458
    2950     128.6389
    2951     130.8045
    2952     128.8032
    2953     125.3177
    2954     126.2064
    2955     124.1802
    2956     123.0509
    2957     124.7635
    2958     126.3137
    2959     124.3002
    2960     121.9885
    2961     120.3071
    2962     122.3481
    2963     118.6580
    2964     119.4733
    2965     120.2509
    2966     122.1061
    2967     124.8203
    2968     126.7594
    2969     129.5996
    2970     125.6446
    2971     123.0384
    2972     128.3297
    2973     129.2302
    2974     128.4495
    2975     127.4271
    2976     127.1309
    2977     128.7060
    2978     125.8145
    2979     127.1247
    2980     126.7063
    2981     127.9418
    2982     127.4090
    2983     126.3183
    2984     126.5775
    2985     123.0348
    2986     122.9159
    2987     121.2643
    2988     122.7742
    2989     120.5940
    2990     121.0353
    2991     116.9312
    2992     115.3770
    2993     113.7237
    2994     111.3181
    2995     111.1778
    2996     108.1142
    2997     108.6175
    2998     105.9482
    2999     103.7117
    3000     112.7443
    3001     116.6947
    3002     120.3460
    3003     118.9968
    3004     116.3342
    3005     116.9380
    3006     113.0465
    3007     112.7949
    3008     110.0027
    3009     109.7467
    3010     110.0473
    3011     113.8332
    3012     110.9107
    3013     110.5394
    3014     107.8341
    3015     102.5422
    3016     103.9509
    3017     104.8366
    3018     107.9250
    3019     105.8846
    3020     107.0890
    3021     108.8780
    3022     108.5090
    3023     101.2841
    3024     104.4746
    3025     102.4142
    3026      99.0861
    3027     102.9744
    3028     106.0876
    3029     105.3343
    3030     109.4090
    3031     117.2740
    3032     119.9778
    3033     116.6682
    3034     120.7374
    3035     119.1555
    3036     116.7173
    3037     114.3317
    3038     114.5847
    3039     112.4027
    3040     112.3437
    3041     111.7867
    3042     114.8009
    3043     116.0230
    3044     116.6848
    3045     111.7493
    3046     109.5284
    3047     109.3686
    3048     111.4263
    3049     107.9938
    3050     109.4000
    3051     110.3221
    3052     118.0484
    3053     122.0001
    3054     123.4019
    3055     118.8948
    3056     128.2629
    3057     124.8014
    3058     124.8846
    3059     125.6418
    3060     121.9674
    3061     123.2804
    3062     124.9466
    3063     125.3376
    3064     128.9972
    3065     129.9240
    3066     128.6588
    3067     127.1870
    3068     129.1762
    3069     128.5202
    3070     127.0945
    3071     123.6779
    3072     125.7395
    3073     124.2872
    3074     126.2090
    3075     122.6423
    3076     120.5955
    3077     119.8107
    3078     117.4983
    3079     114.3544
    3080     115.3694
    3081     121.4905
    3082     119.3490
    3083     116.6429
    3084     120.9327
    3085     117.4440
    3086     117.5884
    3087     116.0777
    3088     120.3643
    3089     117.7761
    3090     117.5429
    3091     118.5774
    3092     112.9567
    3093     108.8299
    3094     109.1828
    3095     105.9333
    3096     107.5355
    3097     103.8269
    3098     103.8752
    3099      98.5803
    3100      96.8629
    3101      95.0529
    3102      97.1749
    3103      96.0601
    3104      95.3670
    3105      94.0024
    3106      94.7899
    3107      98.5983
    3108     100.1165
    3109     104.2742
    3110     106.3281
    3111     106.7746
    3112     104.1628
    3113     106.2525
    3114     107.0341
    3115     114.7021
    3116     108.8009
    3117     107.8664
    3118     111.1475
    3119     110.8214
    3120     117.6996
    3121     115.9931
    3122     111.3233
    3123     114.7400
    3124     112.9672
    3125     111.0125
    3126     111.7789
    3127     113.9488
    3128     116.0769
    3129     122.4357
    3130     115.3229
    3131     122.6104
    3132     120.4628
    3133     121.0574
    3134     120.6325
    3135     118.2487
    3136     121.1544
    3137     117.2855
    3138     118.1691
    3139     112.5003
    3140     111.3838
    3141     114.3457
    3142     120.5850
    3143     116.1087
    3144     115.7224
    3145     111.7003
    3146     110.3225
    3147     115.0448
    3148     116.0026
    3149     115.1513
    3150     117.2958
    3151     119.7463
    3152     119.4986
    3153     122.2591
    3154     121.8278
    3155     120.5239
    3156     118.7207
    3157     121.7851
    3158     122.2983
    3159     122.7087
    3160     120.5538
    3161     122.1335
    3162     126.5007
    3163     122.4028
    3164     120.8643
    3165     120.7550
    3166     123.5380
    3167     121.4015
    3168     116.0710
    3169     117.4996
    3170     118.1397
    3171     117.7502
    3172     121.4746
    3173     121.7743
    3174     124.2688
    3175     119.0362
    3176     117.7031
    3177     115.4101
    3178     122.7247
    3179     119.3587
    3180     118.2539
    3181     119.3400
    3182     121.8649
    3183     119.8023
    3184     120.9170
    3185     119.7348
    3186     115.3258
    3187     117.6622
    3188     112.6894
    3189     114.2050
    3190     115.4454
    3191     116.4646
    3192     110.7234
    3193     108.3923
    3194     107.3185
    3195     109.9979
    3196     114.0713
    3197     114.9162
    3198     113.2335
    3199     111.3266
    3200     110.3484
    3201     113.0783
    3202     108.1862
    3203     113.0025
    3204     115.8293
    3205     115.2943
    3206     117.4191
    3207     115.5845
    3208     113.1734
    3209     110.8429
    3210     107.8868
    3211     104.1305
    3212     100.4783
    3213      97.2881
    3214      98.6339
    3215      98.6334
    3216     102.2798
    3217     104.1430
    3218     102.1548
    3219     106.2593
    3220     104.9324
    3221     104.1955
    3222     107.0280
    3223     106.1792
    3224     108.5261
    3225     107.2127
    3226     108.3990
    3227     105.6951
    3228     102.6990
    3229     103.7035
    3230     103.4558
    3231     106.1772
    3232     106.1783
    3233     110.0883
    3234     109.1447
    3235     107.1234
    3236     106.0377
    3237     107.1753
    3238     104.8235
    3239     101.6643
    3240     104.5931
    3241     105.4505
    3242     108.5834
    3243     109.9840
    3244     107.6335
    3245     111.7575
    3246     110.2300
    3247     110.7473
    3248     107.3867
    3249     108.3113
    3250     107.8784
    3251     108.2223
    3252     102.9477
    3253     101.6445
    3254     101.9380
    3255      99.8405
    3256      98.5031
    3257     102.5111
    3258     104.2290
    3259     103.2384
    3260     100.6918
    3261     107.1959
    3262     105.5627
    3263     102.1320
    3264     100.5925
    3265      97.8920
    3266      98.4891
    3267     100.4726
    3268     104.9099
    3269     109.3334
    3270     111.7523
    3271     113.4350
    3272     111.7553
    3273     111.9122
    3274     112.6453
    3275     116.9953
    3276     119.9465
    3277     118.6047
    3278     117.8218
    3279     115.3198
    3280     119.3839
    3281     119.8744
    3282     119.5451
    3283     120.1353
    3284     122.0122
    3285     119.7870
    3286     118.2993
    3287     118.2323
    3288     115.8949
    3289     115.3862
    3290     113.9718
    3291     111.5510
    3292     113.4094
    3293     114.8610
    3294     114.9990
    3295     117.4406
    3296     119.6598
    3297     118.4679
    3298     119.9640
    3299     121.3423
    3300     121.5998
    3301     122.8841
    3302     124.0220
    3303     119.7462
    3304     121.1659
    3305     118.9874
    3306     122.1112
    3307     119.9665
    3308     122.3876
    3309     118.5646
    3310     116.8568
    3311     118.1442
    3312     114.9714
    3313     113.7895
    3314     113.9520
    3315     114.0975
    3316     119.2752
    3317     117.5447
    3318     117.5287
    3319     116.7940
    3320     115.3321
    3321     117.8388
    3322     116.6101
    3323     116.7641
    3324     121.3026
    3325     121.0359
    3326     119.2078
    3327     117.1366
    3328     120.4495
    3329     120.3574
    3330     120.8054
    3331     123.3496
    3332     123.7929
    3333     124.7584
    3334     125.0868
    3335     123.2332
    3336     125.4400
    3337     121.7661
    3338     123.1531
    3339     122.4317
    3340     121.3802
    3341     118.5463
    3342     118.1625
    3343     119.2289
    3344     120.6850
    3345     116.9626
    3346     116.6291
    3347     116.0698
    3348     114.3569
    3349     111.7143
    3350     112.9269
    3351     104.0256
    3352     109.6196
    3353     110.8162
    3354     109.8453
    3355     110.1350
    3356     112.5358
    3357     110.7308
    3358     108.7937
    3359     108.2244
    3360     101.2015
    3361     104.7637
    3362     107.3752
    3363     108.3962
    3364     111.1256
    3365     112.4744
    3366     110.0816
    3367     109.0842
    3368     107.4598
    3369     111.4064
    3370     109.1513
    3371     114.6806
    3372     110.9012
    3373     110.0031
    3374     104.2457
    3375     105.6828
    3376     105.4186
    3377      99.7601
    3378     103.3231
    3379     104.2583
    3380     106.1129
    3381     111.4390
    3382     108.1486
    3383     106.2941
    3384     109.9911
    3385     111.1669
    3386     112.9885
    3387     113.5647
    3388     110.6991
    3389     111.3701
    3390     109.2080
    3391     104.7014
    3392      97.1083
    3393      98.9482
    3394      97.7763
    3395     101.6110
    3396      98.2808
    3397     105.9404
    3398     104.1133
    3399     107.6588
    3400     109.2637
    3401     110.3604
    3402     107.5205
    3403     112.5968
    3404     111.5481
    3405     109.9203
    3406     111.8183
    3407     109.6703
    3408     112.2604
    3409     110.7757
    3410     107.1134
    3411     104.3028
    3412     102.8347
    3413     104.8756
    3414     107.9382
    3415     104.7924
    3416     105.6632
    3417     106.5377
    3418     104.3827
    3419     102.0184
    3420     103.6087
    3421     101.5039
    3422     100.1862
    3423     100.5179
    3424      99.7672
    3425     101.0137
    3426     104.8408
    3427     103.5068
    3428     104.3687
    3429     101.5844
    3430     100.6980
    3431     105.5289
    3432     106.6270
    3433     107.6914
    3434     109.5893
    3435     106.3377
    3436     106.1306
    3437     108.1003
    3438     110.4390
    3439     107.2438
    3440     109.9529
    3441     103.5235
    3442     104.8546
    3443     105.2708
    3444     109.4470
    3445     106.9287
    3446     109.0962
    3447     102.4712
    3448     105.3752
    3449     104.6375
    3450     109.0577
    3451     107.3551
    3452     104.5882
    3453     107.4179
    3454     105.2262
    3455     109.4122
    3456     111.0959
    3457     112.5833
    3458     108.4261
    3459     110.9092
    3460     106.9668
    3461     109.0315
    3462     106.9776
    3463     111.8041
    3464     110.6656
    3465     112.2887
    3466     115.1346
    3467     113.0982
    3468     111.4440
    3469     107.9134
    3470     109.2442
    3471     107.5827
    3472     106.7441
    3473     108.7656
    3474     112.7741
    3475     113.3461
    3476     111.6208
    3477     109.5825
    3478     108.9490
    3479     110.0945
    3480     111.8923
    3481     111.7700
    3482     108.2342
    3483     108.0449
    3484     112.7347
    3485     115.9975
    3486     119.4233
    3487     118.2119
    3488     116.9660
    3489     121.6211
    3490     120.5974
    3491     120.4630
    3492     118.5948
    3493     118.4587
    3494     115.4738
    3495     111.7814
    3496     120.2206
    3497     122.5561
    3498     114.9219
    3499     116.3951
    3500     120.6970
    3501     118.0491
    3502     117.3386
    3503     115.8088
    3504     116.9818
    3505     118.9840
    3506     117.6834
    3507     115.6281
    3508     116.6287
    3509     116.3385
    3510     115.9470
    3511     112.7671
    3512     116.4629
    3513     114.5639
    3514     115.9181
    3515     116.0389
    3516     112.7230
    3517     111.4998
    3518     113.1455
    3519     109.1489
    3520     114.8137
    3521     115.4669
    3522     117.2399
    3523     116.6535
    3524     115.6862
    3525     119.4120
    3526     116.4368
    3527     116.4626
    3528     114.3711
    3529     116.2371
    3530     115.5261
    3531     115.4647
    3532     118.5565
    3533     121.8006
    3534     120.0522
    3535     121.7318
    3536     121.3838
    3537     118.1535
    3538     118.5507
    3539     119.2704
    3540     121.5445
    3541     121.6783
    3542     123.2101
    3543     124.7272
    3544     122.3139
    3545     121.8050
    3546     122.1377
    3547     120.6461
    3548     120.8125
    3549     123.0586
    3550     123.4662
    3551     120.3752
    3552     123.9615
    3553     121.5526
    3554     122.9274
    3555     122.3249
    3556     124.5441
    3557     125.5363
    3558     125.6562
    3559     124.9272
    3560     124.3646
    3561     124.5760
    3562     124.4360
    3563     125.0368
    3564     123.8067
    3565     125.1684
    3566     125.3646
    3567     123.1944
    3568     125.3384
    3569     127.2295
    3570     122.1677
    3571     125.2757
    3572     127.3491
    3573     126.7436
    3574     127.4541
    3575     128.9463
    3576     125.8113
    3577     121.9840
    3578     119.2360
    3579     125.4445
    3580     128.2797
    3581     127.2191
    3582     126.7822
    3583     124.8555
    3584     124.4496
    3585     124.2572
    3586     122.1368
    3587     123.3461
    3588     123.4173
    3589     121.4358
    3590     120.0676
    3591     121.3874
    3592     122.5417
    3593     122.0260
    3594     123.6023
    3595     123.6521
    3596     124.3185
    3597     122.1563
    3598     123.1075
    3599     121.1168
    3600     120.2913
    3601     120.0039
    3602     120.3513
    3603     123.3751
    3604     124.9668
    3605     122.0561
    3606     121.9779
    3607     118.6240
    3608     121.7231
    3609     120.1319
    3610     121.4644
    3611     119.4684
    3612     120.1291
    3613     118.9582
    3614     120.8269
    3615     121.7836
    3616     117.4990
    3617     117.3795
    3618     117.1702
    3619     113.3074
    3620     116.1072
    3621     112.5947
    3622     112.0301
    3623     109.8923
    3624     110.5255
    3625     109.4628
    3626     111.2052
    3627     109.2461
    3628     107.3902
    3629     100.2244
    3630     101.0140
    3631      99.2485
    3632      97.3103
    3633     100.2490
    3634     103.0604
    3635     103.4383
    3636     105.1586
    3637     105.8143
    3638     105.7001
    3639     104.4911
    3640     107.4350
    3641     107.0146
    3642     110.9746
    3643     114.1299
    3644     116.7912
    3645     116.3723
    3646     122.2498
    3647     118.7902
    3648     120.9137
    3649     119.4843
    3650     122.1155
    3651     117.8835
    3652     119.6924
    3653     120.7656
    3654     119.2090
    3655     116.0338
    3656     116.7684
    3657     118.8681
    3658     118.9245
    3659     117.2178
    3660     119.1869
    3661     111.5989
    3662     109.8382
    3663     107.9617
    3664     105.2742
    3665     109.0050
    3666     112.5803
    3667     112.1799
    3668     111.6116
    3669     112.6749
    3670     107.8112
    3671     107.1439
    3672     103.9193
    3673     107.7726
    3674     106.5117
    3675     108.6365
    3676     110.8570
    3677     108.5845
    3678     112.3151
    3679     112.9198
    3680     114.1018
    3681     113.9390
    3682     109.0483
    3683     111.5759
    3684     112.0335
    3685     117.2832
    3686     113.9806
    3687     117.8201
    3688     118.3959
    3689     111.9970
    3690     111.6130
    3691     109.3923
    3692     111.1563
    3693     111.9649
    3694     109.9695
    3695     109.4524
    3696     104.0343
    3697     101.3830
    3698      97.1791
    3699      99.0554
    3700      95.5088
    3701      96.5513
    3702      91.8593
    3703      96.3976
    3704     101.0785
    3705     104.1366
    3706     107.2646
    3707     102.5282
    3708      97.3210
    3709     102.8077
    3710     106.5375
    3711     106.2912
    3712     107.9335
    3713     112.3807
    3714     109.9286
    3715     112.8144
    3716     109.6274
    3717     114.1441
    3718     111.6768
    3719     110.0927
    3720     115.1424
    3721     115.7535
    3722     114.1509
    3723     115.5118
    3724     112.3563
    3725     112.2762
    3726     114.6437
    3727     119.7716
    3728     121.7080
    3729     122.4761
    3730     123.2246
    3731     122.2938
    3732     120.3713
    3733     115.4056
    3734     117.7329
    3735     115.6663
    3736     116.2516
    3737     115.8446
    3738     117.4689
    3739     113.9832
    3740     114.4408
    3741     114.5511
    3742     115.7670
    3743     114.9514
    3744     112.8566
    3745     115.3500
    3746     120.2361
    3747     121.0725
    3748     120.8542
    3749     116.9676
    3750     116.9779
    3751     117.0069
    3752     116.7205
    3753     118.4927
    3754     120.4004
    3755     122.3688
    3756     122.6110
    3757     123.6094
    3758     123.6086
    3759     124.2262
    3760     123.9518
    3761     128.0882
    3762     128.0347
    3763     127.5505
    3764     127.7399
    3765     120.8251
    3766     119.8147
    3767     115.8628
    3768     116.3671
    3769     115.9014
    3770     116.2255
    3771     116.9384
    3772     116.7804
    3773     110.4508
    3774     111.7605
    3775     115.5293
    3776     118.4677
    3777     117.5311
    3778     113.8916
    3779     116.6143
    3780     117.2831
    3781     122.9676
    3782     120.6928
    3783     121.8379
    3784     120.4745
    3785     121.7746
    3786     124.5751
    3787     120.9626
    3788     119.6632
    3789     118.9603
    3790     115.9791
    3791     115.9206
    3792     112.5328
    3793     112.1784
    3794     105.7832
    3795     100.2310
    3796     102.6147
    3797     105.5084
    3798     107.8920
    3799     106.1013
    3800     100.0122
    3801     101.5431
    3802     101.8981
    3803     103.2170
    3804     105.3728
    3805     103.8067
    3806     106.3877
    3807     108.2544
    3808     103.6843
    3809     103.4059
    3810      99.4572
    3811     102.3912
    3812     103.9839
    3813      98.1864
    3814      96.6992
    3815     104.0464
    3816      99.2001
    3817      98.9156
    3818     102.7347
    3819     105.7470
    3820     109.8350
    3821     106.5487
    3822     104.9171
    3823     107.0968
    3824     105.8151
    3825     103.7734
    3826     108.4409
    3827     115.2103
    3828     115.9136
    3829     112.5643
    3830     110.5212
    3831     109.5317
    3832     109.3944
    3833     109.4963
    3834     111.6902
    3835     110.7686
    3836     111.7746
    3837     112.7735
    3838     110.6539
    3839     112.9599
    3840     113.5327
    3841     113.6612
    3842     115.3682
    3843     113.7909
    3844     115.4774
    3845     113.7920
    3846     109.1500
    3847     107.5467
    3848     111.3613
    3849     108.9732
    3850     112.4141
    3851     109.1031
    3852     110.8714
    3853     112.2907
    3854     114.3356
    3855     112.7579
    3856     111.7566
    3857     113.8368
    3858     113.7183
    3859     114.4081
    3860     115.0585
    3861     114.1640
    3862     116.1328
    3863     115.0283
    3864     114.6410
    3865     113.6172
    3866     109.8961
    3867     108.6470
    3868     106.8993
    3869     104.7532
    3870     102.8518
    3871      99.9376
    3872      97.9719
    3873     103.7905
    3874     102.6415
    3875      99.1772
    3876     105.3262
    3877     107.0000
    3878      99.5012
    3879     105.4686
    3880     107.3070
    3881     106.8889
    3882     104.8314
    3883     105.0745
    3884     108.0114
    3885     107.3563
    3886     107.3996
    3887     108.6769
    3888     103.5501
    3889     104.0839
    3890     100.2240
    3891     103.7792
    3892     108.6874
    3893     103.8025
    3894     106.2379
    3895     105.3667
    3896     107.9982
    3897     108.3835
    3898     103.7409
    3899     108.0748
    3900     106.0281
    3901     101.1895
    3902     105.0820
    3903     105.5133
    3904     106.3127
    3905     105.6337
    3906     105.4349
    3907     110.0689
    3908     105.5003
    3909     106.0530
    3910     106.4819
    3911     107.5060
    3912     109.2133
    3913     107.6565
    3914     107.4996
    3915     109.5322
    3916     106.4453
    3917     103.5741
    3918     103.9928
    3919     101.5012
    3920      99.8990
    3921     104.2627
    3922     104.0710
    3923     105.6267
    3924     108.5762
    3925     109.5452
    3926     112.3818
    3927     111.9777
    3928     110.6607
    3929     113.9339
    3930     116.6298
    3931     116.0153
    3932     116.2601
    3933     115.7674
    3934     115.0355
    3935     114.3780
    3936     115.5069
    3937     111.0025
    3938     117.2432
    3939     114.1413
    3940     110.8156
    3941     112.7191
    3942     113.0433
    3943     115.1313
    3944     112.5995
    3945     110.3804
    3946     115.3294
    3947     116.1750
    3948     111.1982
    3949     109.5892
    3950     108.7896
    3951     112.2075
    3952     116.3531
    3953     113.7785
    3954     112.7086
    3955     113.4329
    3956     113.5543
    3957     113.0021
    3958     116.2073
    3959     117.5295
    3960     118.4292
    3961     116.8991
    3962     117.8671
    3963     115.6942
    3964     117.4205
    3965     118.9744
    3966     116.7137
    3967     117.1262
    3968     112.5657
    3969     115.2957
    3970     117.1613
    3971     117.3036
    3972     120.3161
    3973     119.8519
    3974     122.7642
    3975     114.3302
    3976     114.1618
    3977     113.7420
    3978     115.6012
    3979     116.3773
    3980     121.3596
    3981     118.1808
    3982     114.9741
    3983     117.7288
    3984     116.8924
    3985     118.7736
    3986     117.2138
    3987     120.4969
    3988     119.4518
    3989     120.0112
    3990     120.4315
    3991     117.1951
    3992     118.1353
    3993     119.8442
    3994     121.0191
    3995     117.5599
    3996     114.6281
    3997     108.9897
    3998     113.7238
    3999     115.1594
    4000     119.6223
    4001      57.1552
    4002      61.7600
    4003      57.7902
    4004      56.6119
    4005      57.3996
    4006      56.9383
    4007      60.4084
    4008      59.6034
    4009      55.1786
    4010      55.4144
    4011      58.3322
    4012      58.7474
    4013      63.0665
    4014      63.0006
    4015      62.8980
    4016      58.2947
    4017      60.3945
    4018      60.8251
    4019      58.2823
    4020      57.6799
    4021      57.5133
    4022      58.2913
    4023      56.1255
    4024      54.6012
    4025      58.4041
    4026      59.4383
    4027      60.6366
    4028      56.3946
    4029      56.4760
    4030      53.6656
    4031      55.7777
    4032      54.3009
    4033      54.2831
    4034      50.2157
    4035      50.5192
    4036      49.4659
    4037      52.9001
    4038      55.9890
    4039      57.8679
    4040      54.2700
    4041      55.7438
    4042      57.9710
    4043      62.0958
    4044      60.5703
    4045      59.7111
    4046      56.9286
    4047      55.1608
    4048      60.0400
    4049      57.3847
    4050      57.2918
    4051      58.8541
    4052      63.8619
    4053      60.0868
    4054      64.0474
    4055      60.6015
    4056      56.6786
    4057      57.8202
    4058      59.4897
    4059      58.0084
    4060      54.2300
    4061      59.5093
    4062      58.2228
    4063      54.7911
    4064      53.6798
    4065      55.8417
    4066      54.3147
    4067      54.5832
    4068      55.1417
    4069      51.9635
    4070      52.0188
    4071      50.1037
    4072      51.8557
    4073      52.7342
    4074      51.5438
    4075      50.9890
    4076      54.3275
    4077      55.3192
    4078      55.2386
    4079      53.5389
    4080      51.7470
    4081      52.0490
    4082      51.6620
    4083      51.3296
    4084      56.0131
    4085      54.5411
    4086      52.1612
    4087      51.3152
    4088      54.4561
    4089      52.3247
    4090      49.9460
    4091      53.2322
    4092      53.9446
    4093      54.3110
    4094      49.5095
    4095      52.3697
    4096      51.9220
    4097      50.2859
    4098      51.2277
    4099      49.8919
    4100      48.8281
    4101      49.1647
    4102      52.6101
    4103      51.2085
    4104      51.5220
    4105      49.2296
    4106      47.6429
    4107      48.3511
    4108      49.0314
    4109      50.5624
    4110      52.2036
    4111      54.4782
    4112      57.8485
    4113      57.8933
    4114      56.8301
    4115      55.9196
    4116      56.7640
    4117      56.4099
    4118      60.2349
    4119      64.5669
    4120      68.5100
    4121      63.4755
    4122      56.0054
    4123      61.0422
    4124      61.7876
    4125      63.5674
    4126      59.3724
    4127      58.6100
    4128      58.3634
    4129      56.2490
    4130      53.3080
    4131      53.7330
    4132      60.9883
    4133      58.3856
    4134      59.3740
    4135      59.0589
    4136      60.6438
    4137      59.4707
    4138      51.4418
    4139      56.0351
    4140      53.6083
    4141      54.9345
    4142      57.4177
    4143      56.3148
    4144      55.4810
    4145      57.7787
    4146      61.1143
    4147      58.6129
    4148      57.9892
    4149      60.6552
    4150      58.2421
    4151      56.5055
    4152      59.2403
    4153      61.2016
    4154      64.2659
    4155      63.1290
    4156      63.4680
    4157      65.1636
    4158      68.2453
    4159      66.3174
    4160      64.9006
    4161      59.9185
    4162      63.6242
    4163      63.7237
    4164      63.6825
    4165      65.2743
    4166      61.9185
    4167      66.2438
    4168      63.9037
    4169      62.6009
    4170      59.9374
    4171      60.3560
    4172      58.9804
    4173      58.4988
    4174      54.9882
    4175      51.7442
    4176      51.3945
    4177      54.4862
    4178      54.9926
    4179      58.6580
    4180      59.0024
    4181      58.4626
    4182      60.0531
    4183      57.0304
    4184      53.4792
    4185      49.6835
    4186      55.5100
    4187      54.2943
    4188      51.9982
    4189      54.9217
    4190      58.7359
    4191      61.3472
    4192      68.3527
    4193      64.9501
    4194      65.2933
    4195      67.9969
    4196      65.9299
    4197      67.9786
    4198      69.5259
    4199      70.9314
    4200      67.8659
    4201      71.6198
    4202      70.3439
    4203      67.3240
    4204      66.4596
    4205      66.9007
    4206      66.5129
    4207      70.3818
    4208      71.6835
    4209      71.9081
    4210      71.8722
    4211      71.8687
    4212      69.3521
    4213      61.6592
    4214      61.6321
    4215      66.8364
    4216      64.7886
    4217      64.0097
    4218      60.3474
    4219      63.5215
    4220      63.0470
    4221      58.9818
    4222      53.1246
    4223      54.4518
    4224      55.5093
    4225      53.4014
    4226      56.6313
    4227      58.9464
    4228      52.3655
    4229      55.5958
    4230      56.3651
    4231      62.4432
    4232      62.6470
    4233      61.2793
    4234      61.5436
    4235      68.4891
    4236      62.2345
    4237      57.6664
    4238      60.5188
    4239      62.0047
    4240      59.5084
    4241      56.4453
    4242      60.3833
    4243      59.2882
    4244      59.3030
    4245      58.7068
    4246      58.1944
    4247      60.1323
    4248      58.6242
    4249      63.5620
    4250      63.5383
    4251      65.2561
    4252      62.8839
    4253      64.7740
    4254      65.8594
    4255      63.3250
    4256      61.5501
    4257      63.1948
    4258      68.7426
    4259      70.7158
    4260      66.7531
    4261      69.2057
    4262      68.5326
    4263      67.2086
    4264      67.4285
    4265      62.4859
    4266      58.0877
    4267      58.4432
    4268      57.6913
    4269      55.0761
    4270      53.9136
    4271      51.4239
    4272      56.0607
    4273      53.1084
    4274      53.7232
    4275      54.2560
    4276      53.8280
    4277      52.3753
    4278      56.8536
    4279      56.6997
    4280      54.6670
    4281      52.2384
    4282      49.4503
    4283      49.5047
    4284      47.0318
    4285      47.5716
    4286      52.8562
    4287      49.3103
    4288      47.8341
    4289      48.8171
    4290      50.7622
    4291      49.4644
    4292      50.2937
    4293      46.9332
    4294      50.5922
    4295      51.7045
    4296      52.1264
    4297      53.0509
    4298      54.5840
    4299      50.9699
    4300      48.3484
    4301      48.1882
    4302      49.2997
    4303      46.7021
    4304      48.3022
    4305      48.5957
    4306      49.3706
    4307      52.1003
    4308      57.5626
    4309      58.6021
    4310      58.2689
    4311      61.4755
    4312      65.6876
    4313      62.3987
    4314      59.5633
    4315      57.9823
    4316      54.1685
    4317      58.6925
    4318      58.3352
    4319      60.7206
    4320      60.2600
    4321      61.9195
    4322      62.5949
    4323      64.3745
    4324      62.9429
    4325      59.9044
    4326      61.3309
    4327      66.1510
    4328      65.1360
    4329      62.3247
    4330      63.4852
    4331      60.4932
    4332      63.0359
    4333      56.8249
    4334      62.3013
    4335      63.9841
    4336      60.0364
    4337      61.6757
    4338      61.4831
    4339      66.2796
    4340      70.6734
    4341      67.2039
    4342      71.8744
    4343      75.6650
    4344      69.7939
    4345      65.5814
    4346      65.5836
    4347      62.6804
    4348      59.2794
    4349      63.7746
    4350      68.2956
    4351      71.4331
    4352      73.3424
    4353      71.5749
    4354      70.0875
    4355      66.8683
    4356      64.8363
    4357      70.6755
    4358      76.2869
    4359      74.8226
    4360      72.3691
    4361      72.5687
    4362      67.2029
    4363      70.4568
    4364      69.6600
    4365      66.9931
    4366      60.4649
    4367      60.1749
    4368      61.9896
    4369      63.1938
    4370      67.0905
    4371      65.4498
    4372      64.8249
    4373      62.2437
    4374      63.3190
    4375      61.3541
    4376      60.0962
    4377      65.5876
    4378      65.7637
    4379      64.6897
    4380      69.2658
    4381      63.5562
    4382      68.2073
    4383      68.8220
    4384      64.4541
    4385      68.1653
    4386      68.8107
    4387      70.3052
    4388      71.8546
    4389      68.5746
    4390      68.2434
    4391      67.9809
    4392      67.5446
    4393      61.2510
    4394      65.2162
    4395      66.9194
    4396      64.7303
    4397      64.6036
    4398      66.5481
    4399      64.2735
    4400      63.8606
    4401      63.1137
    4402      63.9820
    4403      58.1654
    4404      57.7597
    4405      59.2885
    4406      58.6155
    4407      58.7302
    4408      58.4280
    4409      57.6132
    4410      57.8228
    4411      63.5063
    4412      63.1572
    4413      63.6940
    4414      60.0616
    4415      56.6104
    4416      57.6780
    4417      64.2008
    4418      57.7814
    4419      61.0997
    4420      64.0988
    4421      67.3358
    4422      63.4610
    4423      66.0817
    4424      61.9968
    4425      61.9083
    4426      61.3049
    4427      64.7893
    4428      64.7280
    4429      64.1930
    4430      62.7699
    4431      61.4522
    4432      57.6553
    4433      54.1211
    4434      57.4497
    4435      53.9222
    4436      59.3339
    4437      62.4573
    4438      60.2593
    4439      64.0496
    4440      62.1102
    4441      66.2272
    4442      63.9911
    4443      62.3487
    4444      63.9515
    4445      66.0572
    4446      65.1001
    4447      65.0606
    4448      61.4924
    4449      59.6235
    4450      58.1728
    4451      59.4196
    4452      53.3891
    4453      52.7798
    4454      56.0011
    4455      58.6096
    4456      52.4948
    4457      58.0860
    4458      63.8182
    4459      67.5153
    4460      64.9075
    4461      63.5976
    4462      63.5227
    4463      67.8408
    4464      68.7592
    4465      67.8957
    4466      63.9751
    4467      64.4299
    4468      60.8584
    4469      61.4651
    4470      60.1918
    4471      55.1851
    4472      51.1680
    4473      50.7960
    4474      50.4834
    4475      49.6961
    4476      49.0831
    4477      50.9214
    4478      50.8432
    4479      49.1331
    4480      52.6165
    4481      51.9312
    4482      53.4255
    4483      52.3322
    4484      50.9180
    4485      55.4951
    4486      56.7566
    4487      57.6262
    4488      57.7514
    4489      57.3490
    4490      55.2869
    4491      51.9218
    4492      50.0137
    4493      51.5365
    4494      52.2299
    4495      60.3974
    4496      64.0524
    4497      59.8675
    4498      62.5620
    4499      56.8803
    4500      61.7582
    4501      63.2226
    4502      69.6030
    4503      72.2538
    4504      67.3354
    4505      69.0425
    4506      66.3255
    4507      62.5177
    4508      64.1042
    4509      65.1072
    4510      66.4095
    4511      62.1587
    4512      62.0829
    4513      64.0317
    4514      62.3866
    4515      59.1472
    4516      59.7133
    4517      55.1200
    4518      55.0272
    4519      56.8050
    4520      56.3145
    4521      58.4671
    4522      57.9413
    4523      58.8318
    4524      60.7214
    4525      64.9778
    4526      61.1985
    4527      61.3789
    4528      59.8447
    4529      59.1548
    4530      57.6261
    4531      61.8538
    4532      63.0643
    4533      63.9721
    4534      68.2572
    4535      66.0964
    4536      71.8454
    4537      75.0643
    4538      72.0118
    4539      68.7271
    4540      67.0117
    4541      64.6962
    4542      66.7593
    4543      63.3618
    4544      63.3765
    4545      65.7048
    4546      67.4162
    4547      67.1344
    4548      68.2339
    4549      69.0321
    4550      68.3880
    4551      63.8425
    4552      69.0477
    4553      68.5110
    4554      65.4138
    4555      64.2130
    4556      65.3768
    4557      63.8578
    4558      66.5666
    4559      64.1439
    4560      66.0919
    4561      64.4390
    4562      64.0332
    4563      65.1930
    4564      63.2356
    4565      55.1329
    4566      56.6683
    4567      58.3941
    4568      57.2619
    4569      57.0575
    4570      54.7968
    4571      54.8828
    4572      55.9708
    4573      55.3385
    4574      58.5776
    4575      57.6974
    4576      56.5325
    4577      54.2048
    4578      54.7096
    4579      54.4566
    4580      58.4291
    4581      60.2402
    4582      62.9534
    4583      65.0598
    4584      67.6280
    4585      67.5347
    4586      68.0571
    4587      66.1303
    4588      62.1714
    4589      61.0838
    4590      58.0505
    4591      55.1087
    4592      51.2194
    4593      56.7250
    4594      55.4787
    4595      56.9498
    4596      59.1139
    4597      58.2133
    4598      52.6644
    4599      56.6066
    4600      58.4193
    4601      54.5553
    4602      53.3226
    4603      54.9028
    4604      53.0843
    4605      53.0739
    4606      59.4939
    4607      61.1944
    4608      60.1255
    4609      56.8824
    4610      54.2315
    4611      56.0358
    4612      54.9488
    4613      55.5881
    4614      58.0192
    4615      52.0964
    4616      52.4890
    4617      51.1140
    4618      54.6862
    4619      54.6024
    4620      56.3487
    4621      52.1077
    4622      53.6313
    4623      52.7621
    4624      50.7189
    4625      51.7133
    4626      50.9102
    4627      53.7508
    4628      53.7186
    4629      54.1142
    4630      52.4885
    4631      55.9638
    4632      57.1381
    4633      55.7291
    4634      60.4049
    4635      59.0954
    4636      59.5145
    4637      59.4680
    4638      58.1313
    4639      55.6997
    4640      58.5220
    4641      66.5413
    4642      67.4121
    4643      59.3895
    4644      59.7962
    4645      60.6893
    4646      58.8872
    4647      60.4431
    4648      60.8235
    4649      58.9399
    4650      62.1314
    4651      60.5857
    4652      57.8536
    4653      61.8589
    4654      59.3598
    4655      57.4766
    4656      55.8385
    4657      51.8913
    4658      53.6056
    4659      57.4420
    4660      56.9972
    4661      57.5407
    4662      56.4767
    4663      58.2813
    4664      55.2693
    4665      53.4270
    4666      51.1282
    4667      55.3239
    4668      60.2524
    4669      58.9431
    4670      59.0726
    4671      57.1313
    4672      58.2473
    4673      59.7786
    4674      59.2666
    4675      60.9084
    4676      58.4641
    4677      59.6964
    4678      63.8543
    4679      57.9432
    4680      56.9279
    4681      58.0819
    4682      58.4352
    4683      55.6836
    4684      57.0881
    4685      57.1173
    4686      56.5483
    4687      55.8662
    4688      55.0436
    4689      57.5325
    4690      56.4623
    4691      56.2918
    4692      58.0662
    4693      56.6609
    4694      56.2335
    4695      56.5546
    4696      56.3472
    4697      54.5251
    4698      54.0620
    4699      56.4775
    4700      59.7503
    4701      59.9033
    4702      53.0065
    4703      50.9571
    4704      53.9240
    4705      51.8528
    4706      53.3669
    4707      53.7192
    4708      51.9113
    4709      50.7717
    4710      51.3488
    4711      49.2047
    4712      50.6333
    4713      54.1201
    4714      57.0808
    4715      58.4250
    4716      58.5307
    4717      59.5546
    4718      57.9534
    4719      55.4950
    4720      56.2503
    4721      57.7695
    4722      56.0124
    4723      59.5161
    4724      58.2203
    4725      59.5031
    4726      55.4123
    4727      56.4630
    4728      56.6797
    4729      55.2117
    4730      58.2539
    4731      55.3860
    4732      54.6069
    4733      53.0563
    4734      55.0326
    4735      57.1903
    4736      53.5922
    4737      55.8132
    4738      59.7285
    4739      58.3878
    4740      58.2250
    4741      56.6047
    4742      56.7755
    4743      58.0859
    4744      58.9792
    4745      56.7975
    4746      55.7790
    4747      59.3056
    4748      56.7247
    4749      57.1658
    4750      57.9775
    4751      58.2413
    4752      54.8748
    4753      51.5757
    4754      52.7003
    4755      53.4603
    4756      55.6042
    4757      55.4907
    4758      54.5446
    4759      53.4479
    4760      54.3372
    4761      53.8120
    4762      51.9228
    4763      51.6919
    4764      52.0047
    4765      53.4652
    4766      54.0766
    4767      49.4821
    4768      48.3304
    4769      50.8517
    4770      47.7753
    4771      47.2977
    4772      46.7795
    4773      47.4080
    4774      48.7096
    4775      47.5956
    4776      48.5441
    4777      46.1388
    4778      49.8461
    4779      48.7823
    4780      46.7542
    4781      47.9194
    4782      45.9345
    4783      48.5019
    4784      45.0970
    4785      44.4873
    4786      49.8362
    4787      48.8030
    4788      48.4000
    4789      49.7897
    4790      47.4621
    4791      45.5821
    4792      49.2007
    4793      50.0905
    4794      47.5882
    4795      47.2225
    4796      46.0457
    4797      49.1612
    4798      47.2391
    4799      48.2902
    4800      47.6374
    4801      48.5758
    4802      48.9228
    4803      47.7939
    4804      48.4038
    4805      48.5735
    4806      49.8979
    4807      51.3420
    4808      50.6085
    4809      48.5013
    4810      49.8178
    4811      48.9190
    4812      49.2317
    4813      51.9875
    4814      50.4441
    4815      53.9875
    4816      52.6322
    4817      49.1005
    4818      49.3403
    4819      48.9293
    4820      50.0121
    4821      47.5489
    4822      46.7759
    4823      47.4920
    4824      46.9611
    4825      46.6447
    4826      45.1979
    4827      45.0844
    4828      47.1309
    4829      51.8981
    4830      50.5257
    4831      49.3749
    4832      49.8339
    4833      51.1113
    4834      51.3620
    4835      50.2739
    4836      47.9566
    4837      48.1095
    4838      48.6732
    4839      44.5589
    4840      46.0977
    4841      45.1875
    4842      44.3075
    4843      46.5603
    4844      46.7311
    4845      46.1308
    4846      45.4718
    4847      45.4696
    4848      45.9855
    4849      44.6030
    4850      44.9128
    4851      48.0250
    4852      45.7779
    4853      46.2402
    4854      44.8763
    4855      49.2091
    4856      47.4670
    4857      45.5464
    4858      47.2891
    4859      47.8800
    4860      45.7438
    4861      48.1973
    4862      45.2031
    4863      46.4642
    4864      45.0995
    4865      45.5594
    4866      47.0197
    4867      45.9550
    4868      47.8382
    4869      47.7453
    4870      50.0167
    4871      48.8798
    4872      45.7987
    4873      46.9923
    4874      48.6168
    4875      46.4284
    4876      42.7601
    4877      46.8984
    4878      47.1062
    4879      47.2513
    4880      46.1873
    4881      46.6240
    4882      44.7175
    4883      46.3948
    4884      45.9489
    4885      44.9344
    4886      45.7830
    4887      47.2113
    4888      47.5709
    4889      46.9823
    4890      47.7783
    4891      47.0143
    4892      46.2812
    4893      46.6766
    4894      46.2214
    4895      48.4367
    4896      45.5674
    4897      45.4346
    4898      45.3999
    4899      46.0944
    4900      45.6918
    4901      46.3041
    4902      46.8515
    4903      46.3586
    4904      46.9131
    4905      47.5031
    4906      46.8861
    4907      48.0886
    4908      45.4459
    4909      44.9369
    4910      46.6527
    4911      46.5688
    4912      44.4843
    4913      47.9988
    4914      43.9451
    4915      46.8630
    4916      45.5146
    4917      46.4130
    4918      48.0156
    4919      46.8709
    4920      50.3571
    4921      51.5513
    4922      50.3138
    4923      47.1383
    4924      45.6750
    4925      46.4982
    4926      45.8579
    4927      46.8919
    4928      47.6183
    4929      49.0145
    4930      49.9090
    4931      48.4577
    4932      47.9753
    4933      46.6217
    4934      47.9806
    4935      48.4057
    4936      46.6349
    4937      49.8614
    4938      49.1835
    4939      49.3377
    4940      47.9709
    4941      50.7514
    4942      47.4531
    4943      46.7373
    4944      48.1896
    4945      48.9591
    4946      47.5394
    4947      49.1827
    4948      47.0037
    4949      46.2573
    4950      48.0863
    4951      46.0387
    4952      47.7741
    4953      47.8877
    4954      45.3877
    4955      47.7298
    4956      47.7571
    4957      47.3769
    4958      47.1314
    4959      47.3604
    4960      46.9363
    4961      46.7755
    4962      49.1202
    4963      45.7164
    4964      45.2849
    4965      47.6966
    4966      47.8966
    4967      47.1152
    4968      44.3964
    4969      48.1000
    4970      45.5988
    4971      43.5801
    4972      43.6669
    4973      46.0318
    4974      47.0558
    4975      45.0009
    4976      46.1702
    4977      44.9928
    4978      45.2943
    4979      45.7144
    4980      45.4916
    4981      44.0843
    4982      44.6386
    4983      46.6481
    4984      45.3532
    4985      46.6324
    4986      45.5417
    4987      47.1077
    4988      46.4599
    4989      45.9972
    4990      45.9021
    4991      47.0470
    4992      48.1048
    4993      48.2552
    4994      48.6126
    4995      47.9865
    4996      47.9900
    4997      47.3217
    4998      46.6019
    4999      49.6954
    5000      46.7938
    5001      46.6879
    5002      47.5515
    5003      46.6585
    5004      44.0535
    5005      43.3368
    5006      43.4881
    5007      45.7523
    5008      46.3489
    5009      45.1801
    5010      44.9251
    5011      45.0540
    5012      45.4580
    5013      43.7995
    5014      44.6575
    5015      45.7330
    5016      45.5548
    5017      45.0707
    5018      45.9092
    5019      45.5839
    5020      46.5208
    5021      47.1441
    5022      47.1802
    5023      46.6112
    5024      47.1064
    5025      46.8469
    5026      44.8484
    5027      44.0213
    5028      45.4543
    5029      47.1036
    5030      45.1182
    5031      43.4911
    5032      44.1875
    5033      44.8968
    5034      45.7239
    5035      45.4506
    5036      46.1427
    5037      46.4112
    5038      46.9475
    5039      46.4782
    5040      47.4966
    5041      47.2153
    5042      47.8873
    5043      46.6382
    5044      46.4145
    5045      43.5079
    5046      43.8247
    5047      43.6850
    5048      45.5588
    5049      46.8463
    5050      45.9854
    5051      44.8880
    5052      44.0959
    5053      43.8259
    5054      44.7215
    5055      45.6340
    5056      46.6803
    5057      45.7831
    5058      45.0781
    5059      45.2944
    5060      45.3652
    5061      44.0280
    5062      45.2203
    5063      45.7063
    5064      43.9150
    5065      46.5323
    5066      45.6758
    5067      46.3431
    5068      43.6915
    5069      45.9309
    5070      45.5369
    5071      47.4736
    5072      44.2060
    5073      47.7370
    5074      45.7912
    5075      44.0422
    5076      46.7884
    5077      45.0580
    5078      46.4317
    5079      45.7196
    5080      45.8128
    5081      45.5345
    5082      43.9090
    5083      45.4935
    5084      46.2222
    5085      46.0069
    5086      45.5689
    5087      44.2474
    5088      46.6355
    5089      45.3149
    5090      44.2648
    5091      46.8182
    5092      44.4265
    5093      46.1092
    5094      45.1565
    5095      44.6703
    5096      44.7454
    5097      45.6721
    5098      46.0087
    5099      46.0140
    5100      45.4793
    5101      46.7849
    5102      47.3235
    5103      48.2335
    5104      47.2031
    5105      48.6483
    5106      48.2483
    5107      48.8391
    5108      48.9126
    5109      49.4570
    5110      51.3401
    5111      50.2916
    5112      50.0164
    5113      50.4119
    5114      48.0763
    5115      49.1779
    5116      48.7925
    5117      47.1229
    5118      48.2715
    5119      47.7926
    5120      49.3649
    5121      47.4557
    5122      47.6127
    5123      45.5914
    5124      46.9442
    5125      47.0111
    5126      46.7864
    5127      45.6977
    5128      49.2088
    5129      49.2972
    5130      47.0229
    5131      49.5404
    5132      50.0390
    5133      48.9860
    5134      50.5802
    5135      48.2204
    5136      47.4212
    5137      51.1774
    5138      51.2931
    5139      49.5830
    5140      49.2625
    5141      50.9938
    5142      48.9182
    5143      51.5058
    5144      49.2253
    5145      51.9286
    5146      49.5804
    5147      49.2825
    5148      47.2069
    5149      47.2583
    5150      45.8376
    5151      49.7704
    5152      52.1164
    5153      51.4603
    5154      52.7756
    5155      52.0869
    5156      51.2254
    5157      51.1321
    5158      51.5220
    5159      48.8704
    5160      49.0185
    5161      49.7744
    5162      49.6900
    5163      49.7345
    5164      49.2275
    5165      47.3970
    5166      49.0368
    5167      49.6545
    5168      47.4401
    5169      49.8252
    5170      50.0504
    5171      49.6942
    5172      51.7817
    5173      52.1759
    5174      50.1819
    5175      51.4385
    5176      50.6428
    5177      49.8591
    5178      50.1621
    5179      49.9136
    5180      50.6950
    5181      50.3429
    5182      51.0991
    5183      49.5838
    5184      49.9830
    5185      51.5179
    5186      51.8814
    5187      50.2998
    5188      49.5880
    5189      50.4384
    5190      51.5685
    5191      51.8574
    5192      49.5389
    5193      51.0196
    5194      49.2737
    5195      49.5577
    5196      49.1001
    5197      52.4786
    5198      52.0878
    5199      52.1631
    5200      49.3787
    5201      49.2241
    5202      47.2885
    5203      50.2992
    5204      49.6985
    5205      51.3951
    5206      46.7418
    5207      47.2807
    5208      49.2901
    5209      51.7867
    5210      51.3829
    5211      48.3785
    5212      49.6106
    5213      50.8904
    5214      47.1809
    5215      49.8775
    5216      47.1574
    5217      47.1205
    5218      49.7531
    5219      49.7399
    5220      49.4877
    5221      48.4517
    5222      51.0974
    5223      51.1875
    5224      53.1373
    5225      49.7488
    5226      51.5444
    5227      52.0801
    5228      51.5005
    5229      51.7603
    5230      50.4228
    5231      48.1725
    5232      48.0208
    5233      51.1250
    5234      51.2197
    5235      49.5974
    5236      49.9291
    5237      49.6206
    5238      50.4119
    5239      50.5978
    5240      47.8952
    5241      47.2158
    5242      50.3716
    5243      49.8152
    5244      51.2442
    5245      50.4530
    5246      48.5652
    5247      48.4861
    5248      48.2819
    5249      47.4041
    5250      51.7328
    5251      51.7909
    5252      49.5894
    5253      49.4864
    5254      47.6333
    5255      47.8790
    5256      46.9884
    5257      49.1245
    5258      51.4776
    5259      52.2321
    5260      51.5311
    5261      49.6936
    5262      49.7313
    5263      50.4655
    5264      47.8311
    5265      49.3575
    5266      52.3578
    5267      51.0434
    5268      53.1055
    5269      50.3933
    5270      49.0106
    5271      48.9926
    5272      50.5101
    5273      48.8100
    5274      49.0000
    5275      48.9927
    5276      49.8989
    5277      48.5924
    5278      49.5225
    5279      50.0900
    5280      47.4061
    5281      48.3463
    5282      49.3422
    5283      48.6920
    5284      49.6197
    5285      50.7152
    5286      50.6225
    5287      49.8402
    5288      48.3596
    5289      50.4885
    5290      51.5515
    5291      48.1220
    5292      45.7578
    5293      46.7835
    5294      48.8763
    5295      48.0013
    5296      48.6907
    5297      47.2809
    5298      45.8905
    5299      47.2687
    5300      46.4294
    5301      47.2911
    5302      46.1675
    5303      49.9468
    5304      48.6458
    5305      50.1783
    5306      51.1272
    5307      49.7907
    5308      49.5151
    5309      51.2446
    5310      50.1697
    5311      48.6868
    5312      46.6383
    5313      48.0203
    5314      47.8213
    5315      49.2350
    5316      47.4371
    5317      50.3233
    5318      48.7074
    5319      47.5821
    5320      48.8206
    5321      48.6164
    5322      49.2961
    5323      47.0159
    5324      48.2353
    5325      48.4535
    5326      45.9682
    5327      47.0862
    5328      51.1170
    5329      50.5803
    5330      48.5734
    5331      48.3725
    5332      47.8494
    5333      45.7872
    5334      48.0518
    5335      45.3471
    5336      49.8587
    5337      50.5331
    5338      49.5492
    5339      49.5753
    5340      46.9906
    5341      51.6697
    5342      50.2885
    5343      49.8894
    5344      49.2590
    5345      47.5941
    5346      47.1950
    5347      49.4056
    5348      48.7667
    5349      48.0636
    5350      49.2525
    5351      47.1795
    5352      47.5821
    5353      46.2949
    5354      48.8255
    5355      45.5558
    5356      46.3457
    5357      48.5737
    5358      47.4533
    5359      47.4122
    5360      49.4505
    5361      48.4947
    5362      47.8560
    5363      49.2700
    5364      48.4953
    5365      48.1298
    5366      47.9227
    5367      47.6374
    5368      47.4426
    5369      49.0558
    5370      47.3352
    5371      48.1485
    5372      47.9687
    5373      48.3614
    5374      49.3474
    5375      47.5896
    5376      51.6644
    5377      50.9118
    5378      50.7155
    5379      49.7704
    5380      49.3284
    5381      48.8745
    5382      47.5868
    5383      45.6958
    5384      48.2482
    5385      45.8327
    5386      44.0828
    5387      45.1950
    5388      46.7720
    5389      45.3651
    5390      45.1427
    5391      45.0305
    5392      47.5469
    5393      46.9308
    5394      49.9430
    5395      48.5868
    5396      49.6403
    5397      52.0315
    5398      51.0072
    5399      47.4108
    5400      50.3987
    5401      49.0327
    5402      50.2491
    5403      49.0774
    5404      50.2626
    5405      50.1420
    5406      49.5074
    5407      50.4740
    5408      48.7476
    5409      49.6464
    5410      50.2240
    5411      49.9765
    5412      49.8672
    5413      51.2504
    5414      51.0929
    5415      49.1458
    5416      51.0540
    5417      50.8603
    5418      51.2365
    5419      48.0414
    5420      49.9378
    5421      50.7655
    5422      51.9006
    5423      51.1913
    5424      51.5233
    5425      50.7546
    5426      48.5096
    5427      49.2097
    5428      48.7110
    5429      49.6309
    5430      49.4716
    5431      48.5815
    5432      49.3168
    5433      53.0998
    5434      50.1406
    5435      50.4479
    5436      51.6376
    5437      47.7872
    5438      49.4815
    5439      49.7087
    5440      49.2245
    5441      51.4732
    5442      48.9428
    5443      50.2358
    5444      51.6904
    5445      49.2829
    5446      48.7313
    5447      46.7761
    5448      50.9510
    5449      50.3555
    5450      51.6374
    5451      48.8184
    5452      51.7983
    5453      50.9498
    5454      53.6485
    5455      51.1242
    5456      51.0715
    5457      50.1794
    5458      51.8647
    5459      50.6940
    5460      50.6855
    5461      48.5041
    5462      49.7064
    5463      50.0069
    5464      50.3066
    5465      49.8556
    5466      50.4012
    5467      51.4627
    5468      51.4978
    5469      48.9774
    5470      47.6187
    5471      50.1060
    5472      49.1585
    5473      49.4760
    5474      51.0878
    5475      50.1757
    5476      51.3379
    5477      52.5451
    5478      54.4702
    5479      50.0788
    5480      50.5289
    5481      50.6819
    5482      51.4301
    5483      49.4202
    5484      48.4963
    5485      47.8021
    5486      47.9750
    5487      50.5746
    5488      48.7341
    5489      51.5402
    5490      50.9607
    5491      50.5657
    5492      50.4277
    5493      51.5284
    5494      51.5036
    5495      50.3307
    5496      51.7471
    5497      49.6385
    5498      50.7504
    5499      50.3004
    5500      51.8066
    5501      49.5406
    5502      50.0707
    5503      48.4800
    5504      46.8881
    5505      47.5355
    5506      47.1541
    5507      49.6819
    5508      49.7538
    5509      49.1478
    5510      52.2708
    5511      49.8646
    5512      49.5558
    5513      50.1240
    5514      51.2535
    5515      49.2136
    5516      49.5689
    5517      48.7835
    5518      48.2441
    5519      50.9605
    5520      49.5321
    5521      46.0082
    5522      50.3732
    5523      46.6933
    5524      44.9439
    5525      47.1747
    5526      48.3922
    5527      48.1787
    5528      49.4636
    5529      50.2253
    5530      47.5055
    5531      47.5572
    5532      47.9646
    5533      47.8215
    5534      48.5017
    5535      49.6365
    5536      51.2193
    5537      53.0846
    5538      47.6830
    5539      52.2268
    5540      53.9079
    5541      52.8541
    5542      55.0500
    5543      55.3033
    5544      52.7385
    5545      53.3423
    5546      54.4845
    5547      56.1767
    5548      52.0715
    5549      52.0311
    5550      55.4654
    5551      51.3581
    5552      52.4858
    5553      51.8519
    5554      51.3345
    5555      49.2195
    5556      49.7445
    5557      51.5917
    5558      52.3875
    5559      49.5671
    5560      50.3573
    5561      55.0431
    5562      52.5661
    5563      51.4967
    5564      53.4682
    5565      54.0876
    5566      54.2023
    5567      56.8372
    5568      52.0770
    5569      54.5743
    5570      50.1143
    5571      51.1097
    5572      52.6994
    5573      55.7404
    5574      55.9394
    5575      53.6749
    5576      53.1942
    5577      53.5900
    5578      53.5065
    5579      55.4689
    5580      53.8119
    5581      56.0774
    5582      54.4523
    5583      55.2631
    5584      50.4920
    5585      52.5463
    5586      53.3115
    5587      50.5139
    5588      52.0549
    5589      49.6739
    5590      46.7415
    5591      50.4589
    5592      48.2285
    5593      48.2162
    5594      48.2150
    5595      46.7672
    5596      49.7303
    5597      50.7497
    5598      48.7987
    5599      51.5345
    5600      48.0957
    5601      51.1565
    5602      49.1306
    5603      50.5863
    5604      50.4741
    5605      50.4381
    5606      52.0879
    5607      50.2575
    5608      54.6364
    5609      58.8118
    5610      51.4373
    5611      48.5078
    5612      51.3828
    5613      50.7319
    5614      51.9677
    5615      49.2612
    5616      52.4902
    5617      49.9257
    5618      49.6092
    5619      48.8005
    5620      48.8552
    5621      50.0737
    5622      48.2236
    5623      51.6897
    5624      52.3237
    5625      49.1090
    5626      50.0492
    5627      53.9744
    5628      52.8631
    5629      54.8873
    5630      54.9927
    5631      53.9613
    5632      56.4986
    5633      56.1936
    5634      54.4321
    5635      49.1302
    5636      49.2814
    5637      50.8015
    5638      51.2682
    5639      50.8519
    5640      49.6855
    5641      49.4430
    5642      48.4755
    5643      47.9848
    5644      50.7453
    5645      50.6653
    5646      50.6573
    5647      47.4861
    5648      53.2922
    5649      54.5245
    5650      51.7455
    5651      52.8952
    5652      54.7344
    5653      51.3648
    5654      52.3373
    5655      51.8501
    5656      47.6410
    5657      48.6453
    5658      47.3758
    5659      48.6161
    5660      47.2241
    5661      47.6940
    5662      44.6268
    5663      43.9953
    5664      49.1447
    5665      49.2568
    5666      50.9311
    5667      48.0214
    5668      47.6478
    5669      47.5942
    5670      45.9008
    5671      46.8117
    5672      47.5699
    5673      47.6209
    5674      47.1604
    5675      48.8997
    5676      48.1705
    5677      47.1896
    5678      46.7759
    5679      46.3424
    5680      46.4901
    5681      49.6339
    5682      48.5341
    5683      47.2574
    5684      49.2431
    5685      46.6995
    5686      46.7120
    5687      47.5219
    5688      45.7079
    5689      46.8106
    5690      47.5059
    5691      49.4480
    5692      45.9487
    5693      46.4970
    5694      46.0736
    5695      46.9485
    5696      45.4994
    5697      48.5386
    5698      47.5391
    5699      47.1808
    5700      46.5879
    5701      47.9902
    5702      49.6406
    5703      49.2981
    5704      45.8480
    5705      45.7077
    5706      46.8085
    5707      46.4256
    5708      47.7074
    5709      47.1536
    5710      48.4059
    5711      48.1716
    5712      48.7890
    5713      47.3676
    5714      45.8923
    5715      47.4095
    5716      47.8421
    5717      46.1707
    5718      48.0539
    5719      45.1375
    5720      47.2159
    5721      47.2537
    5722      49.3244
    5723      48.0823
    5724      47.4330
    5725      47.6894
    5726      48.4856
    5727      48.4744
    5728      47.1349
    5729      48.4288
    5730      47.8532
    5731      47.3048
    5732      45.1218
    5733      46.0832
    5734      47.6246
    5735      46.7356
    5736      48.9838
    5737      47.1398
    5738      45.6478
    5739      46.5345
    5740      47.3962
    5741      47.5580
    5742      44.6175
    5743      44.5792
    5744      44.8867
    5745      48.7759
    5746      47.3958
    5747      46.7006
    5748      45.7808
    5749      44.3585
    5750      44.7231
    5751      47.5010
    5752      45.5402
    5753      47.9150
    5754      45.5112
    5755      48.0514
    5756      44.9279
    5757      46.7366
    5758      46.2944
    5759      44.8988
    5760      46.5923
    5761      45.4041
    5762      46.4028
    5763      46.8391
    5764      43.9953
    5765      46.0336
    5766      46.6280
    5767      48.4377
    5768      47.0137
    5769      48.5310
    5770      47.7777
    5771      47.7719
    5772      46.4434
    5773      45.7325
    5774      47.5236
    5775      48.5233
    5776      47.8069
    5777      48.4474
    5778      50.4287
    5779      49.7586
    5780      50.0847
    5781      50.4072
    5782      48.8771
    5783      47.3585
    5784      47.8798
    5785      47.6055
    5786      46.2459
    5787      45.9523
    5788      45.0793
    5789      46.8582
    5790      46.6012
    5791      45.5716
    5792      43.8656
    5793      44.9799
    5794      43.6407
    5795      44.3791
    5796      44.6064
    5797      45.3951
    5798      44.4349
    5799      44.8491
    5800      46.0165
    5801      42.3269
    5802      45.1658
    5803      46.8102
    5804      46.2795
    5805      43.6867
    5806      44.0047
    5807      47.2633
    5808      44.5542
    5809      49.3240
    5810      45.7627
    5811      45.5908
    5812      47.7724
    5813      47.0084
    5814      46.4973
    5815      43.9784
    5816      44.6484
    5817      47.1516
    5818      46.3749
    5819      46.8894
    5820      46.0520
    5821      46.8421
    5822      45.7527
    5823      45.8046
    5824      44.8316
    5825      45.2126
    5826      45.7772
    5827      43.7790
    5828      44.5429
    5829      44.6222
    5830      48.0723
    5831      46.9414
    5832      45.4130
    5833      46.8246
    5834      45.1407
    5835      44.8334
    5836      44.2168
    5837      43.7428
    5838      44.8924
    5839      43.8553
    5840      44.6091
    5841      45.4438
    5842      45.7123
    5843      44.9259
    5844      45.7583
    5845      44.1908
    5846      42.3628
    5847      43.1311
    5848      45.1612
    5849      44.3095
    5850      44.2992
    5851      44.6250
    5852      43.6552
    5853      44.7288
    5854      43.2915
    5855      42.5661
    5856      45.2064
    5857      44.7482
    5858      45.6704
    5859      43.7135
    5860      45.4316
    5861      45.8266
    5862      45.5094
    5863      44.4089
    5864      46.4710
    5865      47.2027
    5866      44.9160
    5867      47.8337
    5868      46.4840
    5869      48.9807
    5870      47.8204
    5871      46.0298
    5872      45.9627
    5873      48.6253
    5874      47.2994
    5875      50.2820
    5876      47.0640
    5877      45.2768
    5878      44.7656
    5879      43.9528
    5880      44.7616
    5881      45.2231
    5882      44.3698
    5883      44.2342
    5884      45.6026
    5885      44.7901
    5886      46.0786
    5887      43.9117
    5888      46.6161
    5889      43.7932
    5890      46.2338
    5891      44.8064
    5892      43.2524
    5893      45.0517
    5894      45.6787
    5895      43.8622
    5896      44.8045
    5897      43.9374
    5898      45.7039
    5899      44.4567
    5900      46.2317
    5901      45.2107
    5902      46.4038
    5903      46.1126
    5904      46.2259
    5905      44.4897
    5906      43.5546
    5907      46.2008
    5908      45.3181
    5909      46.3468
    5910      45.5603
    5911      45.2656
    5912      45.5598
    5913      45.8348
    5914      48.2247
    5915      46.5136
    5916      44.4486
    5917      48.0305
    5918      46.6660
    5919      46.8935
    5920      47.9542
    5921      44.0198
    5922      46.7444
    5923      45.9552
    5924      45.1842
    5925      46.2721
    5926      44.4330
    5927      47.1648
    5928      45.9354
    5929      46.8984
    5930      46.9099
    5931      47.3550
    5932      47.0699
    5933      46.7667
    5934      44.2789
    5935      45.8585
    5936      46.8224
    5937      48.7397
    5938      46.2228
    5939      44.4999
    5940      46.4490
    5941      47.7345
    5942      43.9382
    5943      47.2722
    5944      46.4182
    5945      46.9058
    5946      46.2809
    5947      46.3055
    5948      48.4072
    5949      50.6312
    5950      50.0662
    5951      46.6349
    5952      46.4257
    5953      47.8567
    5954      45.9415
    5955      46.2462
    5956      44.5181
    5957      44.3731
    5958      44.1827
    5959      44.1613
    5960      44.4368
    5961      44.1322
    5962      44.4184
    5963      44.7256
    5964      44.9920
    5965      44.7290
    5966      45.0497
    5967      43.9231
    5968      45.4066
    5969      45.8065
    5970      44.8295
    5971      44.6141
    5972      45.2391
    5973      46.8335
    5974      48.6031
    5975      47.1687
    5976      46.3861
    5977      48.3292
    5978      47.3647
    5979      47.7217
    5980      47.9956
    5981      46.0629
    5982      44.9104
    5983      44.6422
    5984      44.8616
    5985      46.2559
    5986      44.3560
    5987      43.1389
    5988      45.9605
    5989      46.3327
    5990      47.7358
    5991      48.4936
    5992      46.3537
    5993      47.2423
    5994      45.4327
    5995      44.4664
    5996      43.7322
    5997      44.8572
    5998      46.4538
    5999      43.8021
    6000      46.0466
    6001      43.5325
    6002      43.2352
    6003      42.5180
    6004      40.3313
    6005      43.2722
    6006      43.3590
    6007      44.5077
    6008      45.2004
    6009      44.4592
    6010      44.3873
    6011      44.5395
    6012      41.4187
    6013      41.3339
    6014      40.4703
    6015      41.9037
    6016      42.2219
    6017      43.7950
    6018      46.5473
    6019      44.7261
    6020      44.9714
    6021      47.6917
    6022      49.7773
    6023      45.3019
    6024      45.2408
    6025      48.4248
    6026      46.5205
    6027      42.6927
    6028      49.1178
    6029      44.9200
    6030      44.8098
    6031      45.7837
    6032      46.2318
    6033      45.1138
    6034      42.4119
    6035      41.5225
    6036      44.9067
    6037      43.7150
    6038      46.6130
    6039      44.2696
    6040      46.9277
    6041      49.2877
    6042      47.2497
    6043      46.8145
    6044      43.5070
    6045      41.3353
    6046      42.0491
    6047      44.8183
    6048      45.9033
    6049      45.1684
    6050      44.8245
    6051      45.6186
    6052      46.6418
    6053      42.5426
    6054      43.3587
    6055      42.9230
    6056      44.3001
    6057      44.1414
    6058      46.2278
    6059      45.6046
    6060      43.2459
    6061      43.2345
    6062      44.9255
    6063      45.2220
    6064      44.2000
    6065      42.4228
    6066      43.0070
    6067      45.5602
    6068      45.2095
    6069      43.8271
    6070      42.1091
    6071      45.8077
    6072      43.4157
    6073      43.3559
    6074      44.0985
    6075      41.1570
    6076      42.5916
    6077      39.5220
    6078      41.1958
    6079      42.7798
    6080      42.7588
    6081      40.5115
    6082      40.3727
    6083      39.9204
    6084      41.7682
    6085      42.3532
    6086      41.4062
    6087      41.3186
    6088      41.0203
    6089      44.4321
    6090      45.8306
    6091      47.1302
    6092      46.3995
    6093      47.4414
    6094      48.4867
    6095      47.4523
    6096      43.9006
    6097      47.2080
    6098      49.1635
    6099      47.6161
    6100      48.3631
    6101      49.2507
    6102      47.3389
    6103      48.3095
    6104      49.1633
    6105      49.3060
    6106      47.1193
    6107      47.6313
    6108      46.9388
    6109      46.5297
    6110      45.8415
    6111      45.6766
    6112      45.6314
    6113      43.0769
    6114      46.0390
    6115      46.9560
    6116      47.8348
    6117      48.9456
    6118      52.2691
    6119      45.1403
    6120      47.1740
    6121      47.4326
    6122      44.3741
    6123      43.2739
    6124      47.4089
    6125      45.2177
    6126      45.8348
    6127      47.8501
    6128      46.0485
    6129      47.6629
    6130      47.9062
    6131      44.4742
    6132      45.1454
    6133      43.1146
    6134      40.6631
    6135      43.9499
    6136      44.0782
    6137      44.5807
    6138      44.7806
    6139      47.9705
    6140      50.9881
    6141      50.5830
    6142      51.4970
    6143      49.9770
    6144      50.1283
    6145      51.1274
    6146      51.8086
    6147      53.5272
    6148      56.1358
    6149      54.8293
    6150      55.2841
    6151      55.7875
    6152      53.0466
    6153      48.7178
    6154      46.8728
    6155      46.3550
    6156      46.4378
    6157      45.9713
    6158      46.9613
    6159      45.1625
    6160      48.6136
    6161      48.0377
    6162      47.7422
    6163      48.2141
    6164      48.6002
    6165      48.8359
    6166      45.9737
    6167      45.0896
    6168      47.0463
    6169      46.7083
    6170      43.3629
    6171      49.6048
    6172      53.2105
    6173      49.1900
    6174      52.8293
    6175      49.4239
    6176      51.8962
    6177      49.3247
    6178      46.8373
    6179      46.8215
    6180      44.5184
    6181      49.8429
    6182      50.8369
    6183      53.1189
    6184      52.8648
    6185      58.0583
    6186      54.4550
    6187      50.3241
    6188      48.0939
    6189      45.7762
    6190      48.0977
    6191      49.2540
    6192      45.9851
    6193      47.1299
    6194      46.3897
    6195      47.3046
    6196      47.6841
    6197      48.5269
    6198      49.7763
    6199      48.0913
    6200      47.1246
    6201      48.0032
    6202      47.5181
    6203      45.0541
    6204      47.2610
    6205      47.7417
    6206      47.4312
    6207      46.2044
    6208      46.3696
    6209      42.0895
    6210      44.6922
    6211      47.1864
    6212      45.7074
    6213      47.2505
    6214      50.7653
    6215      49.2826
    6216      49.5317
    6217      45.0591
    6218      47.5036
    6219      45.7433
    6220      47.3360
    6221      43.2315
    6222      45.5353
    6223      42.8172
    6224      40.9274
    6225      43.1078
    6226      41.8829
    6227      42.4588
    6228      43.3833
    6229      44.7556
    6230      45.2586
    6231      44.5594
    6232      47.5563
    6233      46.6119
    6234      45.6159
    6235      43.9419
    6236      46.2486
    6237      49.3105
    6238      44.2813
    6239      49.5572
    6240      47.4734
    6241      48.2586
    6242      48.1813
    6243      46.3841
    6244      48.6181
    6245      48.2358
    6246      47.7888
    6247      49.1332
    6248      45.2166
    6249      46.4040
    6250      45.5713
    6251      45.7230
    6252      45.2984
    6253      44.2093
    6254      42.8540
    6255      44.9483
    6256      45.0398
    6257      43.5694
    6258      40.9347
    6259      43.0333
    6260      45.5202
    6261      42.8832
    6262      44.5939
    6263      42.0050
    6264      44.9085
    6265      44.5586
    6266      43.4254
    6267      43.2879
    6268      43.6166
    6269      44.8863
    6270      46.8690
    6271      52.0211
    6272      51.5987
    6273      52.5835
    6274      48.4851
    6275      46.5899
    6276      47.4067
    6277      45.9544
    6278      48.1754
    6279      46.9498
    6280      49.4414
    6281      48.4242
    6282      49.6007
    6283      44.9606
    6284      47.5653
    6285      49.8274
    6286      46.9758
    6287      44.9892
    6288      48.1251
    6289      45.3956
    6290      47.0090
    6291      47.0949
    6292      42.2158
    6293      45.6185
    6294      45.6330
    6295      46.4847
    6296      46.9244
    6297      42.6685
    6298      43.9630
    6299      47.9176
    6300      46.0493
    6301      46.5417
    6302      46.3129
    6303      47.6789
    6304      48.8329
    6305      45.9510
    6306      44.6598
    6307      47.8724
    6308      47.3965
    6309      43.9595
    6310      46.6776
    6311      46.8752
    6312      46.1070
    6313      45.1778
    6314      46.6868
    6315      43.5307
    6316      46.4677
    6317      46.0252
    6318      43.7108
    6319      45.3205
    6320      44.3037
    6321      44.9039
    6322      46.8313
    6323      47.0744
    6324      45.0081
    6325      43.8806
    6326      45.5576
    6327      46.6973
    6328      42.1741
    6329      45.8753
    6330      49.7783
    6331      49.7469
    6332      51.1463
    6333      51.7916
    6334      47.9539
    6335      46.7494
    6336      47.7092
    6337      49.3352
    6338      47.6365
    6339      43.5852
    6340      46.2725
    6341      47.7599
    6342      48.6092
    6343      51.4260
    6344      49.4598
    6345      43.8716
    6346      48.7664
    6347      50.3885
    6348      50.3351
    6349      47.9094
    6350      48.6082
    6351      50.2749
    6352      56.3168
    6353      53.6965
    6354      50.0265
    6355      51.3255
    6356      52.9943
    6357      53.2475
    6358      55.4995
    6359      53.2427
    6360      56.7118
    6361      55.0726
    6362      54.5006
    6363      54.9205
    6364      53.0595
    6365      57.5546
    6366      51.3882
    6367      51.9433
    6368      52.6073
    6369      51.0096
    6370      48.2312
    6371      46.3033
    6372      51.4703
    6373      51.8829
    6374      43.6871
    6375      42.2002
    6376      45.2703
    6377      45.4069
    6378      47.3348
    6379      44.8050
    6380      46.3489
    6381      50.0408
    6382      52.2921
    6383      48.9993
    6384      46.1305
    6385      48.8356
    6386      50.7536
    6387      48.5112
    6388      48.4113
    6389      45.5888
    6390      47.0591
    6391      52.6088
    6392      46.4589
    6393      47.7482
    6394      42.8533
    6395      46.6262
    6396      43.7324
    6397      42.3940
    6398      48.2080
    6399      44.8074
    6400      44.1036
    6401      42.6510
    6402      41.8125
    6403      44.0591
    6404      43.3504
    6405      44.0990
    6406      44.2367
    6407      46.2766
    6408      44.9116
    6409      45.3959
    6410      45.8161
    6411      45.9539
    6412      43.3967
    6413      45.9203
    6414      46.1790
    6415      44.9168
    6416      44.9245
    6417      44.6731
    6418      44.4795
    6419      44.4530
    6420      44.4402
    6421      45.0163
    6422      45.9490
    6423      47.5535
    6424      48.9961
    6425      46.8459
    6426      45.2599
    6427      42.3574
    6428      44.7012
    6429      42.0780
    6430      44.0071
    6431      42.5953
    6432      44.2165
    6433      45.3125
    6434      47.2213
    6435      44.7668
    6436      45.5343
    6437      45.4904
    6438      46.4770
    6439      45.5934
    6440      45.6913
    6441      44.7455
    6442      45.6597
    6443      44.3846
    6444      47.5049
    6445      47.9248
    6446      49.3721
    6447      49.0214
    6448      48.8685
    6449      49.1184
    6450      47.2092
    6451      50.9242
    6452      49.1320
    6453      49.6147
    6454      49.8478
    6455      49.0971
    6456      46.3329
    6457      46.1032
    6458      45.7027
    6459      48.9141
    6460      48.7073
    6461      45.5632
    6462      46.2393
    6463      43.8131
    6464      46.9093
    6465      47.4723
    6466      44.6547
    6467      43.0112
    6468      48.1251
    6469      47.8581
    6470      45.6124
    6471      47.9604
    6472      47.8774
    6473      43.9340
    6474      45.1574
    6475      45.1504
    6476      46.5226
    6477      47.6130
    6478      45.3268
    6479      47.7604
    6480      50.1853
    6481      51.9160
    6482      47.1597
    6483      50.0485
    6484      47.4534
    6485      47.2429
    6486      46.2396
    6487      45.9327
    6488      48.1169
    6489      49.6366
    6490      52.3270
    6491      53.9775
    6492      56.8778
    6493      55.9707
    6494      59.1807
    6495      59.7286
    6496      57.1390
    6497      57.8071
    6498      56.5446
    6499      57.4461
    6500      53.4467
    6501      55.9128
    6502      57.5847
    6503      53.1505
    6504      55.9038
    6505      57.5729
    6506      55.3529
    6507      54.0406
    6508      49.1811
    6509      53.3819
    6510      54.0958
    6511      50.4702
    6512      51.8424
    6513      53.8612
    6514      53.3995
    6515      53.3592
    6516      60.4426
    6517      62.0319
    6518      63.2620
    6519      61.1827
    6520      53.4975
    6521      52.7231
    6522      58.3459
    6523      58.8627
    6524      52.3815
    6525      55.7889
    6526      56.0808
    6527      56.6314
    6528      55.9843
    6529      52.3792
    6530      55.4835
    6531      58.7988
    6532      60.6936
    6533      60.5017
    6534      58.5610
    6535      57.7910
    6536      55.4093
    6537      54.2038
    6538      54.0564
    6539      60.1870
    6540      57.9629
    6541      57.6821
    6542      56.5379
    6543      52.8592
    6544      49.8005
    6545      51.4682
    6546      50.1547
    6547      49.8464
    6548      52.1262
    6549      55.6276
    6550      55.1261
    6551      53.3050
    6552      54.5420
    6553      54.1373
    6554      51.1546
    6555      48.4782
    6556      48.3901
    6557      52.4933
    6558      54.8585
    6559      54.6870
    6560      54.8757
    6561      56.5085
    6562      55.5979
    6563      51.7714
    6564      49.7079
    6565      49.1454
    6566      49.9545
    6567      50.7958
    6568      52.4204
    6569      58.3341
    6570      56.2671
    6571      56.2219
    6572      54.4532
    6573      53.3768
    6574      55.8942
    6575      57.0638
    6576      56.1653
    6577      52.7352
    6578      57.6822
    6579      59.6491
    6580      62.9403
    6581      63.6169
    6582      63.2813
    6583      60.3262
    6584      61.1360
    6585      59.9000
    6586      55.6179
    6587      60.0102
    6588      62.4620
    6589      62.9715
    6590      58.4050
    6591      62.7659
    6592      59.8216
    6593      63.9789
    6594      61.4495
    6595      64.6345
    6596      61.5200
    6597      63.4034
    6598      62.4519
    6599      59.2405
    6600      61.7584
    6601      61.0700
    6602      59.3297
    6603      60.3181
    6604      60.1843
    6605      62.2322
    6606      61.2192
    6607      58.5249
    6608      56.9585
    6609      55.4592
    6610      55.6354
    6611      56.4142
    6612      55.5915
    6613      55.0311
    6614      53.3340
    6615      59.8337
    6616      54.1433
    6617      56.2821
    6618      56.7224
    6619      56.5784
    6620      56.0288
    6621      56.1597
    6622      57.2192
    6623      56.7349
    6624      57.2264
    6625      54.8211
    6626      59.3351
    6627      59.5891
    6628      60.7070
    6629      64.6214
    6630      63.1004
    6631      57.9775
    6632      61.7085
    6633      58.7784
    6634      57.9040
    6635      59.1383
    6636      53.6753
    6637      52.5100
    6638      50.3222
    6639      50.8941
    6640      54.8034
    6641      55.1319
    6642      50.9123
    6643      57.9663
    6644      58.8806
    6645      57.0229
    6646      58.7447
    6647      58.6349
    6648      52.2592
    6649      55.7461
    6650      54.3002
    6651      53.4177
    6652      54.0301
    6653      50.9030
    6654      52.4095
    6655      51.3905
    6656      49.2337
    6657      48.8118
    6658      46.4046
    6659      47.1421
    6660      47.0420
    6661      46.9340
    6662      50.3997
    6663      49.3088
    6664      50.8351
    6665      49.0917
    6666      52.0898
    6667      47.8411
    6668      46.8444
    6669      46.2250
    6670      44.8288
    6671      47.9546
    6672      48.3513
    6673      49.5100
    6674      48.5530
    6675      45.0307
    6676      47.0265
    6677      45.2056
    6678      46.8770
    6679      47.9718
    6680      47.1380
    6681      50.0403
    6682      49.0141
    6683      50.1285
    6684      47.5381
    6685      46.4069
    6686      48.1271
    6687      49.9944
    6688      48.9961
    6689      46.0295
    6690      45.5365
    6691      47.8610
    6692      47.9260
    6693      48.2662
    6694      49.4389
    6695      49.2822
    6696      49.0100
    6697      48.4537
    6698      50.6906
    6699      47.4958
    6700      44.8858
    6701      46.6220
    6702      45.1371
    6703      45.5511
    6704      46.3629
    6705      46.6393
    6706      48.2297
    6707      46.3461
    6708      45.4264
    6709      42.0196
    6710      45.1705
    6711      42.8032
    6712      45.1532
    6713      47.5843
    6714      49.4186
    6715      52.2125
    6716      50.1575
    6717      55.0475
    6718      46.5304
    6719      52.6463
    6720      50.1545
    6721      48.4891
    6722      48.1664
    6723      49.5301
    6724      52.6742
    6725      52.2654
    6726      48.3429
    6727      50.2005
    6728      48.3464
    6729      49.1825
    6730      48.2246
    6731      46.0974
    6732      46.2126
    6733      47.6254
    6734      46.6727
    6735      48.9579
    6736      47.5016
    6737      46.5868
    6738      45.6936
    6739      45.3685
    6740      50.1875
    6741      52.1844
    6742      50.8869
    6743      51.2075
    6744      50.4183
    6745      48.5243
    6746      51.4174
    6747      50.6086
    6748      44.5381
    6749      49.3455
    6750      48.9826
    6751      44.8678
    6752      45.3694
    6753      45.4212
    6754      45.0646
    6755      45.5595
    6756      47.1233
    6757      45.8224
    6758      44.5819
    6759      43.9252
    6760      45.9585
    6761      47.4728
    6762      46.8524
    6763      45.6258
    6764      47.1148
    6765      47.1106
    6766      49.2387
    6767      46.9927
    6768      45.9210
    6769      48.8560
    6770      50.2007
    6771      50.8152
    6772      52.8697
    6773      54.2208
    6774      52.7080
    6775      52.7803
    6776      54.4266
    6777      51.2891
    6778      50.9291
    6779      50.6594
    6780      49.4488
    6781      50.0774
    6782      50.0046
    6783      50.6169
    6784      51.4094
    6785      53.6724
    6786      50.9822
    6787      51.7335
    6788      49.1980
    6789      49.8876
    6790      48.3655
    6791      50.6354
    6792      50.5825
    6793      52.9963
    6794      51.3742
    6795      48.2404
    6796      50.1746
    6797      48.3515
    6798      50.5340
    6799      48.3569
    6800      48.0328
    6801      47.5084
    6802      48.8139
    6803      49.9600
    6804      47.3443
    6805      47.4603
    6806      47.9377
    6807      45.7809
    6808      51.2880
    6809      51.0477
    6810      49.9747
    6811      49.5544
    6812      51.2894
    6813      49.0153
    6814      50.2172
    6815      46.7517
    6816      49.0187
    6817      46.9453
    6818      48.4152
    6819      46.0748
    6820      45.1428
    6821      44.2487
    6822      45.2778
    6823      47.8565
    6824      47.8268
    6825      47.4589
    6826      47.7848
    6827      47.8230
    6828      47.7162
    6829      46.7982
    6830      45.4352
    6831      47.1780
    6832      45.6568
    6833      45.4828
    6834      45.9868
    6835      48.1673
    6836      48.3706
    6837      49.0239
    6838      46.6457
    6839      45.4975
    6840      44.7889
    6841      43.9253
    6842      44.5777
    6843      41.2947
    6844      40.9015
    6845      43.3056
    6846      47.0294
    6847      45.8757
    6848      47.6538
    6849      45.9570
    6850      45.3932
    6851      42.2842
    6852      44.5293
    6853      47.4497
    6854      47.3745
    6855      48.6466
    6856      46.0891
    6857      45.9274
    6858      48.0614
    6859      51.1341
    6860      48.0416
    6861      45.7537
    6862      48.5727
    6863      45.0680
    6864      41.4229
    6865      43.8261
    6866      46.3582
    6867      44.4909
    6868      46.0862
    6869      45.9441
    6870      44.7402
    6871      43.0866
    6872      45.0279
    6873      42.6212
    6874      43.2778
    6875      47.1395
    6876      45.0285
    6877      44.9846
    6878      44.5858
    6879      45.5787
    6880      46.0829
    6881      45.3879
    6882      46.0444
    6883      45.1181
    6884      47.3439
    6885      49.4610
    6886      48.3914
    6887      50.4078
    6888      46.7377
    6889      49.7170
    6890      49.4696
    6891      50.1203
    6892      49.1987
    6893      53.3892
    6894      54.4406
    6895      53.3087
    6896      52.3808
    6897      50.7011
    6898      51.3639
    6899      51.9300
    6900      48.2422
    6901      47.0085
    6902      47.7162
    6903      47.3630
    6904      45.7117
    6905      45.6738
    6906      47.1252
    6907      46.0255
    6908      45.3606
    6909      45.9330
    6910      46.6830
    6911      52.7584
    6912      49.6983
    6913      51.7711
    6914      49.9895
    6915      49.1669
    6916      47.3963
    6917      48.2107
    6918      47.6304
    6919      52.5187
    6920      49.6736
    6921      48.3029
    6922      49.0776
    6923      51.1269
    6924      46.0833
    6925      44.7408
    6926      46.1986
    6927      47.4657
    6928      46.4640
    6929      45.4418
    6930      48.0768
    6931      45.6139
    6932      45.1606
    6933      45.2040
    6934      47.6656
    6935      46.6749
    6936      48.1657
    6937      46.4167
    6938      47.7229
    6939      45.1726
    6940      46.4085
    6941      47.7480
    6942      45.3350
    6943      45.3645
    6944      45.3086
    6945      44.8662
    6946      46.3024
    6947      47.6362
    6948      45.6438
    6949      45.7927
    6950      41.9689
    6951      43.1504
    6952      43.4168
    6953      42.2278
    6954      43.4609
    6955      44.0831
    6956      44.6407
    6957      43.2402
    6958      44.1800
    6959      44.1851
    6960      41.3871
    6961      41.9027
    6962      43.8127
    6963      44.9599
    6964      44.0732
    6965      44.2302
    6966      44.6758
    6967      44.0160
    6968      42.9969
    6969      44.2143
    6970      44.1501
    6971      42.2615
    6972      42.3519
    6973      44.8083
    6974      43.6367
    6975      42.4743
    6976      42.1621
    6977      42.3442
    6978      43.2834
    6979      44.5435
    6980      46.2162
    6981      44.0344
    6982      43.0154
    6983      41.6787
    6984      40.7366
    6985      41.7571
    6986      41.1109
    6987      43.5312
    6988      44.4141
    6989      42.7549
    6990      41.2145
    6991      42.1139
    6992      41.9081
    6993      42.8489
    6994      43.9888
    6995      42.2038
    6996      41.9642
    6997      40.9142
    6998      44.3550
    6999      43.0834
    7000      43.7470
    7001      42.1720
    7002      43.9672
    7003      44.0834
    7004      40.6843
    7005      42.0297
    7006      43.6974
    7007      42.8049
    7008      42.8818
    7009      43.5921
    7010      42.5963
    7011      42.4217
    7012      40.2537
    7013      41.6046
    7014      43.8180
    7015      43.0691
    7016      42.6432
    7017      42.9164
    7018      41.7330
    7019      43.4711
    7020      43.0014
    7021      44.6659
    7022      43.6926
    7023      42.6922
    7024      44.0445
    7025      43.0525
    7026      43.9537
    7027      43.2365
    7028      43.4355
    7029      43.0698
    7030      44.2900
    7031      46.0580
    7032      43.6565
    7033      42.8354
    7034      42.7815
    7035      43.3816
    7036      43.4587
    7037      43.3379
    7038      43.8896
    7039      42.9971
    7040      45.3010
    7041      42.5893
    7042      41.9346
    7043      42.8915
    7044      42.8653
    7045      43.7241
    7046      43.5883
    7047      44.6624
    7048      42.2576
    7049      42.4556
    7050      44.8634
    7051      42.2081
    7052      43.4750
    7053      43.1185
    7054      42.1831
    7055      40.2436
    7056      41.1218
    7057      43.7658
    7058      42.9491
    7059      46.7767
    7060      44.9640
    7061      44.8740
    7062      43.4872
    7063      43.2648
    7064      44.9185
    7065      41.9193
    7066      43.7395
    7067      44.8550
    7068      45.8626
    7069      44.2691
    7070      44.0219
    7071      44.1823
    7072      44.4006
    7073      44.5391
    7074      44.1776
    7075      44.3845
    7076      43.4441
    7077      45.2464
    7078      44.6310
    7079      44.7521
    7080      44.1337
    7081      43.2181
    7082      42.2755
    7083      43.9340
    7084      44.0068
    7085      42.2157
    7086      42.1332
    7087      43.7656
    7088      44.3935
    7089      46.3343
    7090      45.0068
    7091      42.7329
    7092      42.8053
    7093      43.4372
    7094      43.0848
    7095      44.7467
    7096      44.6395
    7097      44.9967
    7098      45.5633
    7099      43.0158
    7100      42.6218
    7101      42.3332
    7102      42.5166
    7103      41.6315
    7104      40.1940
    7105      43.2763
    7106      44.3676
    7107      45.9754
    7108      45.4990
    7109      43.2772
    7110      42.5566
    7111      42.9244
    7112      42.2225
    7113      43.5995
    7114      42.5320
    7115      41.1764
    7116      43.5849
    7117      42.7599
    7118      43.1479
    7119      44.4570
    7120      45.3232
    7121      43.0099
    7122      41.8484
    7123      40.2287
    7124      45.4181
    7125      44.1509
    7126      42.8586
    7127      44.5714
    7128      44.3406
    7129      44.8673
    7130      42.7947
    7131      43.7856
    7132      44.1947
    7133      41.8100
    7134      44.0916
    7135      42.8086
    7136      42.2706
    7137      43.3745
    7138      42.1061
    7139      42.0244
    7140      41.2318
    7141      42.1480
    7142      43.6428
    7143      43.0623
    7144      41.6736
    7145      43.4809
    7146      45.3663
    7147      47.4173
    7148      46.7221
    7149      46.8005
    7150      46.3080
    7151      45.5660
    7152      47.0974
    7153      45.4821
    7154      43.4691
    7155      43.2574
    7156      43.4779
    7157      44.8234
    7158      44.9219
    7159      44.8883
    7160      43.1315
    7161      44.0535
    7162      45.8420
    7163      45.9474
    7164      48.2903
    7165      50.5402
    7166      52.1134
    7167      56.0867
    7168      52.0991
    7169      49.6859
    7170      47.1886
    7171      47.7389
    7172      45.8107
    7173      45.9856
    7174      47.3735
    7175      47.9201
    7176      48.7072
    7177      47.4241
    7178      49.3001
    7179      52.4199
    7180      56.4740
    7181      56.8636
    7182      57.5251
    7183      56.3495
    7184      57.9241
    7185      60.3210
    7186      59.8962
    7187      62.1289
    7188      60.3130
    7189      58.4041
    7190      62.2711
    7191      65.5119
    7192      67.5178
    7193      67.0433
    7194      67.1051
    7195      63.6931
    7196      62.0173
    7197      60.2909
    7198      59.6080
    7199      62.0325
    7200      58.4884
    7201      57.0141
    7202      54.8952
    7203      52.7606
    7204      48.9080
    7205      48.7214
    7206      47.2685
    7207      48.1336
    7208      47.0189
    7209      49.6020
    7210      46.8268
    7211      47.5182
    7212      49.8290
    7213      49.0221
    7214      47.9547
    7215      45.7499
    7216      47.2384
    7217      47.9919
    7218      51.1700
    7219      50.2369
    7220      48.3466
    7221      45.1149
    7222      51.4895
    7223      53.6467
    7224      52.8444
    7225      52.8511
    7226      49.8511
    7227      51.2278
    7228      49.8484
    7229      52.5464
    7230      50.0251
    7231      51.6431
    7232      49.6308
    7233      47.8670
    7234      46.7342
    7235      45.3953
    7236      47.5431
    7237      47.1705
    7238      44.1888
    7239      44.2747
    7240      45.5371
    7241      46.6062
    7242      48.6052
    7243      47.8320
    7244      47.2794
    7245      48.0131
    7246      46.6137
    7247      42.1360
    7248      43.8439
    7249      42.7069
    7250      44.3464
    7251      40.9278
    7252      42.4959
    7253      43.2556
    7254      43.8457
    7255      44.1891
    7256      44.4845
    7257      44.0035
    7258      44.8174
    7259      45.9731
    7260      43.9081
    7261      44.8818
    7262      45.9260
    7263      46.8053
    7264      46.1156
    7265      47.8900
    7266      48.6665
    7267      46.6002
    7268      48.8141
    7269      46.6902
    7270      49.5008
    7271      46.8902
    7272      45.3612
    7273      46.2277
    7274      46.3135
    7275      47.8581
    7276      44.2023
    7277      46.2276
    7278      47.5133
    7279      46.2003
    7280      44.6864
    7281      46.7825
    7282      47.7071
    7283      48.6330
    7284      47.8999
    7285      49.2610
    7286      49.0740
    7287      50.1847
    7288      50.3038
    7289      51.3416
    7290      46.6322
    7291      46.1077
    7292      45.0749
    7293      45.8276
    7294      45.4106
    7295      42.0703
    7296      43.9367
    7297      47.3817
    7298      47.8759
    7299      47.6129
    7300      46.5531
    7301      45.6319
    7302      46.8227
    7303      45.5182
    7304      47.1761
    7305      44.8945
    7306      46.4919
    7307      44.2357
    7308      44.3405
    7309      44.2259
    7310      44.3863
    7311      45.8746
    7312      44.8382
    7313      42.3261
    7314      44.8662
    7315      43.7354
    7316      42.9153
    7317      45.6489
    7318      43.5035
    7319      45.2692
    7320      43.3049
    7321      43.3566
    7322      46.1555
    7323      44.2542
    7324      44.6008
    7325      44.5432
    7326      44.3770
    7327      45.6231
    7328      45.2916
    7329      44.0702
    7330      45.7095
    7331      42.8179
    7332      43.4077
    7333      45.9026
    7334      43.4889
    7335      44.4763
    7336      42.9529
    7337      46.2776
    7338      44.4290
    7339      43.5216
    7340      43.6235
    7341      43.1363
    7342      42.2151
    7343      45.2040
    7344      44.1321
    7345      46.2994
    7346      42.9488
    7347      45.1102
    7348      45.4789
    7349      46.3828
    7350      45.0372
    7351      46.7328
    7352      44.4481
    7353      44.1183
    7354      44.9583
    7355      43.6491
    7356      43.3469
    7357      45.9708
    7358      44.7824
    7359      44.0895
    7360      44.4067
    7361      46.0252
    7362      44.9159
    7363      43.2868
    7364      44.6111
    7365      44.3121
    7366      45.1198
    7367      43.5928
    7368      43.7902
    7369      43.5465
    7370      44.9441
    7371      43.6384
    7372      45.5393
    7373      44.9926
    7374      46.9621
    7375      47.1951
    7376      44.9197
    7377      45.6723
    7378      45.6638
    7379      45.6275
    7380      44.8118
    7381      47.2402
    7382      45.9939
    7383      45.7704
    7384      44.6163
    7385      45.7052
    7386      42.9772
    7387      43.3540
    7388      43.7264
    7389      43.9667
    7390      43.9141
    7391      43.2145
    7392      42.7284
    7393      43.3380
    7394      45.4891
    7395      43.1072
    7396      44.1824
    7397      44.0837
    7398      45.8185
    7399      47.2278
    7400      47.5520
    7401      51.7895
    7402      48.3328
    7403      46.6873
    7404      46.1671
    7405      46.3986
    7406      47.3796
    7407      47.6797
    7408      46.6969
    7409      43.8233
    7410      44.6547
    7411      47.1019
    7412      46.3042
    7413      48.3705
    7414      52.4754
    7415      51.4010
    7416      51.0024
    7417      51.1603
    7418      55.5404
    7419      52.8134
    7420      55.6130
    7421      56.3241
    7422      55.0216
    7423      47.1312
    7424      49.7615
    7425      52.3242
    7426      47.5402
    7427      46.8859
    7428      47.0699
    7429      44.5656
    7430      43.1757
    7431      46.0141
    7432      44.0756
    7433      43.8385
    7434      44.0289
    7435      45.8189
    7436      46.0998
    7437      45.8524
    7438      49.5033
    7439      46.1871
    7440      47.6143
    7441      48.1131
    7442      46.0982
    7443      45.7840
    7444      46.4179
    7445      44.6967
    7446      45.9860
    7447      46.3825
    7448      44.7161
    7449      44.7553
    7450      45.7405
    7451      45.8727
    7452      46.4299
    7453      43.5876
    7454      44.6690
    7455      48.2864
    7456      45.1777
    7457      47.8493
    7458      45.8300
    7459      45.6305
    7460      42.2820
    7461      44.4035
    7462      43.6427
    7463      44.6922
    7464      44.4218
    7465      44.4778
    7466      46.2473
    7467      44.0689
    7468      45.5617
    7469      44.2621
    7470      46.2752
    7471      44.9004
    7472      42.6189
    7473      44.4016
    7474      44.4633
    7475      43.8216
    7476      44.1095
    7477      42.7198
    7478      44.3096
    7479      43.6120
    7480      45.9236
    7481      44.7618
    7482      44.2591
    7483      44.6742
    7484      46.8444
    7485      47.6209
    7486      48.2819
    7487      45.0371
    7488      47.3199
    7489      45.2350
    7490      45.3519
    7491      42.2346
    7492      42.2806
    7493      42.5441
    7494      43.2084
    7495      45.6870
    7496      46.9006
    7497      45.5115
    7498      46.3119
    7499      43.7576
    7500      42.7696
    7501      42.7449
    7502      42.7405
    7503      41.7935
    7504      45.0833
    7505      44.3185
    7506      44.4339
    7507      44.7864
    7508      48.0311
    7509      44.5798
    7510      43.3985
    7511      47.6980
    7512      44.8571
    7513      42.7317
    7514      43.3168
    7515      40.8120
    7516      41.8925
    7517      45.0186
    7518      45.7151
    7519      42.0210
    7520      45.6970
    7521      47.3298
    7522      46.6491
    7523      49.4070
    7524      49.3173
    7525      48.5675
    7526      47.7336
    7527      47.3800
    7528      49.9324
    7529      47.7645
    7530      49.5482
    7531      51.2091
    7532      46.5238
    7533      43.2957
    7534      45.3140
    7535      46.0871
    7536      48.2640
    7537      50.3105
    7538      48.8085
    7539      47.2864
    7540      44.1151
    7541      44.9019
    7542      49.0565
    7543      49.8196
    7544      48.5401
    7545      48.6696
    7546      50.6925
    7547      47.7106
    7548      51.2238
    7549      53.9838
    7550      49.7052
    7551      51.1423
    7552      52.1277
    7553      52.5416
    7554      50.8458
    7555      50.7840
    7556      54.3279
    7557      52.2993
    7558      52.7426
    7559      52.6626
    7560      52.2824
    7561      54.2558
    7562      51.0410
    7563      52.2707
    7564      52.5696
    7565      50.0003
    7566      49.8798
    7567      49.5633
    7568      47.9485
    7569      48.3208
    7570      48.4319
    7571      48.4847
    7572      45.7106
    7573      45.3046
    7574      46.4923
    7575      46.1115
    7576      45.8662
    7577      44.5623
    7578      44.8981
    7579      45.2255
    7580      44.9981
    7581      46.8277
    7582      48.5609
    7583      47.6971
    7584      46.1355
    7585      45.2223
    7586      48.5034
    7587      45.7094
    7588      47.4493
    7589      52.1588
    7590      51.3279
    7591      51.7560
    7592      54.4138
    7593      56.6257
    7594      56.4029
    7595      55.8093
    7596      54.8444
    7597      53.5116
    7598      51.1178
    7599      53.2302
    7600      52.3402
    7601      52.2861
    7602      49.8196
    7603      51.4721
    7604      54.3146
    7605      52.0036
    7606      51.1118
    7607      53.0307
    7608      51.9059
    7609      51.9576
    7610      53.9916
    7611      54.6923
    7612      53.4581
    7613      54.3538
    7614      55.1971
    7615      51.0192
    7616      50.8381
    7617      55.0859
    7618      56.4859
    7619      56.3752
    7620      54.8514
    7621      55.0347
    7622      56.8527
    7623      54.5495
    7624      54.4798
    7625      56.8571
    7626      53.4596
    7627      51.9936
    7628      47.1840
    7629      48.3601
    7630      48.6735
    7631      47.3207
    7632      48.1816
    7633      48.8499
    7634      50.0454
    7635      47.3252
    7636      45.7782
    7637      48.3696
    7638      47.1157
    7639      47.5365
    7640      46.3406
    7641      51.9410
    7642      53.7418
    7643      47.0381
    7644      49.7900
    7645      47.8570
    7646      47.6503
    7647      46.7790
    7648      46.2640
    7649      47.0051
    7650      48.0108
    7651      47.1412
    7652      45.9233
    7653      45.4690
    7654      44.8511
    7655      44.1504
    7656      44.7093
    7657      45.7569
    7658      45.7935
    7659      48.3105
    7660      45.6061
    7661      46.0631
    7662      49.6761
    7663      50.7503
    7664      49.0874
    7665      51.3650
    7666      47.8112
    7667      44.1432
    7668      45.9055
    7669      45.9003
    7670      46.4784
    7671      45.3100
    7672      43.7341
    7673      44.6877
    7674      45.1226
    7675      44.3829
    7676      44.3565
    7677      44.2005
    7678      42.8486
    7679      43.9159
    7680      44.6195
    7681      41.2761
    7682      43.5242
    7683      42.3852
    7684      42.5924
    7685      45.0651
    7686      43.8093
    7687      42.9542
    7688      45.1535
    7689      44.3065
    7690      45.3826
    7691      44.0800
    7692      46.0364
    7693      44.0189
    7694      45.2058
    7695      44.6679
    7696      43.5614
    7697      45.6962
    7698      41.1723
    7699      42.9732
    7700      42.0970
    7701      42.7103
    7702      41.7538
    7703      41.4691
    7704      42.3997
    7705      41.9301
    7706      42.1826
    7707      45.5703
    7708      44.2470
    7709      40.4078
    7710      42.4978
    7711      40.3643
    7712      43.7467
    7713      42.9137
    7714      41.9670
    7715      44.5528
    7716      43.2803
    7717      43.4343
    7718      43.6595
    7719      41.9671
    7720      43.1221
    7721      43.1651
    7722      42.8735
    7723      44.8474
    7724      43.9981
    7725      47.8038
    7726      44.4267
    7727      41.6355
    7728      39.5950
    7729      42.1118
    7730      40.9746
    7731      41.7282
    7732      43.0317
    7733      42.0337
    7734      40.8585
    7735      41.5708
    7736      40.7378
    7737      41.9354
    7738      40.0217
    7739      40.0182
    7740      40.2785
    7741      38.9212
    7742      40.5122
    7743      40.1674
    7744      39.3116
    7745      39.3170
    7746      39.7354
    7747      40.1605
    7748      38.1086
    7749      39.9393
    7750      38.9293
    7751      38.6833
    7752      40.3802
    7753      40.2535
    7754      40.4633
    7755      39.8410
    7756      40.7441
    7757      40.2614
    7758      38.9046
    7759      38.7881
    7760      38.6618
    7761      40.3953
    7762      39.1836
    7763      39.2989
    7764      38.5074
    7765      40.5805
    7766      40.0018
    7767      42.8590
    7768      39.6518
    7769      40.6869
    7770      38.6756
    7771      39.3218
    7772      39.8708
    7773      41.1162
    7774      41.5682
    7775      40.6241
    7776      40.3554
    7777      39.3390
    7778      39.6915
    7779      40.7957
    7780      41.1933
    7781      39.9724
    7782      39.9269
    7783      39.4809
    7784      38.6706
    7785      39.1393
    7786      39.9187
    7787      40.4986
    7788      39.8434
    7789      40.6607
    7790      39.3227
    7791      40.8490
    7792      40.5172
    7793      43.1267
    7794      40.6879
    7795      40.4186
    7796      40.4732
    7797      39.2475
    7798      41.4909
    7799      40.3868
    7800      41.9873
    7801      40.6417
    7802      40.3278
    7803      39.4180
    7804      40.6974
    7805      38.9189
    7806      40.8447
    7807      40.4927
    7808      40.2925
    7809      40.1012
    7810      41.3474
    7811      41.8286
    7812      40.7357
    7813      40.4534
    7814      40.3936
    7815      40.6965
    7816      40.7463
    7817      40.3707
    7818      40.1317
    7819      41.2555
    7820      40.6092
    7821      39.6351
    7822      37.7688
    7823      39.5281
    7824      39.4605
    7825      38.9027
    7826      40.5311
    7827      41.1324
    7828      39.3711
    7829      40.6133
    7830      39.6009
    7831      39.9583
    7832      38.8664
    7833      41.5190
    7834      40.1239
    7835      41.4755
    7836      39.5248
    7837      40.6263
    7838      40.2092
    7839      39.9536
    7840      40.8953
    7841      41.4950
    7842      40.9413
    7843      41.0715
    7844      41.9462
    7845      40.9823
    7846      40.2226
    7847      39.9269
    7848      40.5550
    7849      41.6973
    7850      40.9484
    7851      41.2233
    7852      39.9878
    7853      41.9567
    7854      40.2045
    7855      39.4917
    7856      40.0138
    7857      40.7818
    7858      41.1338
    7859      40.1837
    7860      39.5840
    7861      40.4206
    7862      41.7646
    7863      40.1651
    7864      39.2019
    7865      39.4050
    7866      40.3189
    7867      39.8449
    7868      41.1159
    7869      40.4114
    7870      41.6395
    7871      40.9905
    7872      42.2746
    7873      39.7379
    7874      39.2271
    7875      40.0253
    7876      39.6061
    7877      40.0105
    7878      40.8114
    7879      39.8146
    7880      41.5181
    7881      40.3954
    7882      41.3436
    7883      41.3856
    7884      40.0487
    7885      39.7674
    7886      41.5451
    7887      41.3840
    7888      39.8552
    7889      39.7485
    7890      39.5469
    7891      40.1773
    7892      40.9808
    7893      39.1519
    7894      39.9725
    7895      41.8899
    7896      40.9876
    7897      39.3235
    7898      41.2660
    7899      40.6747
    7900      39.9045
    7901      40.7936
    7902      41.4415
    7903      41.0510
    7904      41.2510
    7905      39.2284
    7906      40.3886
    7907      39.9482
    7908      40.9575
    7909      40.6391
    7910      41.9868
    7911      41.5156
    7912      40.4447
    7913      38.6378
    7914      39.3661
    7915      39.1189
    7916      39.4222
    7917      40.0842
    7918      40.0078
    7919      39.4130
    7920      39.0522
    7921      39.0775
    7922      39.4325
    7923      39.1541
    7924      39.8868
    7925      40.1492
    7926      39.6543
    7927      40.7999
    7928      41.1318
    7929      39.3581
    7930      39.1921
    7931      39.6017
    7932      39.7253
    7933      40.1540
    7934      40.8595
    7935      39.9728
    7936      40.6956
    7937      40.7570
    7938      40.8439
    7939      40.2483
    7940      42.3912
    7941      39.8140
    7942      38.9726
    7943      41.3847
    7944      40.5914
    7945      39.1377
    7946      38.9794
    7947      38.7514
    7948      40.7584
    7949      39.6032
    7950      40.5439
    7951      41.2006
    7952      39.7889
    7953      40.6477
    7954      41.1485
    7955      41.9756
    7956      41.6238
    7957      40.4354
    7958      40.4040
    7959      40.7045
    7960      40.1749
    7961      42.3527
    7962      39.3877
    7963      40.0999
    7964      39.9726
    7965      38.7061
    7966      40.9323
    7967      40.3728
    7968      41.3407
    7969      40.5062
    7970      39.7053
    7971      40.5457
    7972      41.2039
    7973      42.4022
    7974      39.5016
    7975      41.3765
    7976      42.0216
    7977      41.9592
    7978      39.1914
    7979      39.2321
    7980      40.8511
    7981      40.4408
    7982      41.0193
    7983      40.9554
    7984      39.3273
    7985      39.7490
    7986      41.0664
    7987      40.0388
    7988      41.4840
    7989      43.4189
    7990      39.8362
    7991      39.5606
    7992      40.2513
    7993      37.9278
    7994      40.3061
    7995      38.7811
    7996      37.7581
    7997      38.8094
    7998      39.4751
    7999      41.1152
    8000      39.7715
