#Frame     end-to-end
       1      52.7750
       2      52.1494
       3      51.4456
       4      51.4451
       5      48.1945
       6      52.6659
       7      51.8182
       8      51.4646
       9      51.2729
      10      52.9442
      11      50.5865
      12      48.9133
      13      48.5641
      14      49.1772
      15      48.8294
      16      50.4714
      17      49.7376
      18      48.3971
      19      50.0880
      20      51.4246
      21      49.0902
      22      50.9772
      23      51.8343
      24      51.6796
      25      53.0762
      26      52.4218
      27      55.5985
      28      57.2734
      29      56.8441
      30      53.5077
      31      53.9018
      32      53.4954
      33      54.0560
      34      51.9123
      35      53.9495
      36      50.4183
      37      52.7179
      38      51.4329
      39      50.9470
      40      50.6984
      41      49.9151
      42      49.6891
      43      48.5339
      44      49.9865
      45      52.0714
      46      51.0719
      47      49.2560
      48      48.5812
      49      48.9029
      50      50.6277
      51      51.5086
      52      51.1597
      53      53.4061
      54      51.9467
      55      52.1593
      56      51.5139
      57      50.0744
      58      50.7429
      59      51.9940
      60      50.9638
      61      50.2874
      62      51.6902
      63      53.0259
      64      54.1506
      65      53.5635
      66      54.4018
      67      54.9594
      68      53.6844
      69      53.7888
      70      54.9978
      71      56.9062
      72      54.6709
      73      53.7933
      74      53.4738
      75      53.8592
      76      56.2095
      77      54.3247
      78      57.1752
      79      55.8951
      80      55.6253
      81      55.2305
      82      55.2614
      83      55.2950
      84      55.6063
      85      53.2692
      86      54.9535
      87      55.4287
      88      54.2325
      89      54.7769
      90      54.2281
      91      53.0346
      92      52.9540
      93      53.2001
      94      52.9195
      95      53.4393
      96      52.9087
      97      52.8560
      98      51.1414
      99      52.4979
     100      50.3876
     101      54.1377
     102      50.2254
     103      50.2345
     104      53.5775
     105      54.0166
     106      51.3592
     107      51.7111
     108      51.1500
     109      50.7819
     110      51.8758
     111      51.2899
     112      50.0367
     113      49.3649
     114      48.4160
     115      48.3510
     116      48.2639
     117      49.5317
     118      49.1105
     119      49.9365
     120      48.4191
     121      49.0148
     122      49.7019
     123      49.3480
     124      49.0016
     125      48.6458
     126      50.0583
     127      48.7195
     128      49.7694
     129      48.4453
     130      49.0688
     131      48.9318
     132      47.7268
     133      49.3836
     134      49.5055
     135      46.3272
     136      48.1592
     137      47.2177
     138      47.8677
     139      47.5496
     140      48.3337
     141      48.2302
     142      47.8611
     143      46.7321
     144      47.7456
     145      48.4782
     146      48.7267
     147      48.1675
     148      46.6440
     149      47.7880
     150      48.8498
     151      49.5274
     152      48.4004
     153      48.4017
     154      46.4899
     155      45.2175
     156      44.3909
     157      44.3601
     158      44.5065
     159      43.4626
     160      42.8764
     161      43.2196
     162      43.5709
     163      41.9869
     164      41.1775
     165      41.8220
     166      43.2389
     167      42.6475
     168      42.5090
     169      42.9019
     170      44.3930
     171      43.0615
     172      42.8340
     173      43.9352
     174      42.5527
     175      43.0205
     176      42.7938
     177      42.5639
     178      43.4373
     179      43.0053
     180      43.8368
     181      43.0845
     182      44.0899
     183      44.7731
     184      41.9230
     185      44.6086
     186      43.4560
     187      44.5722
     188      44.1932
     189      45.3699
     190      46.0619
     191      46.5299
     192      45.7138
     193      44.3248
     194      43.7367
     195      46.7939
     196      45.7183
     197      45.3987
     198      46.3907
     199      44.2174
     200      42.5788
     201      44.0323
     202      45.8998
     203      43.5741
     204      45.5883
     205      44.9977
     206      42.7569
     207      43.9760
     208      44.9868
     209      45.8679
     210      44.3232
     211      43.8989
     212      44.1961
     213      44.5238
     214      44.8442
     215      44.3252
     216      44.2161
     217      43.1836
     218      44.5544
     219      43.8843
     220      45.1609
     221      44.2221
     222      44.2934
     223      44.3197
     224      44.6648
     225      45.6692
     226      45.3630
     227      45.0036
     228      42.6317
     229      44.9054
     230      46.0071
     231      44.2908
     232      45.8055
     233      45.8875
     234      42.8054
     235      44.9524
     236      46.0946
     237      46.9940
     238      46.0323
     239      46.0148
     240      45.1192
     241      46.9374
     242      47.2885
     243      45.9738
     244      44.9164
     245      43.5677
     246      43.8408
     247      44.3780
     248      45.5257
     249      46.4416
     250      44.5038
     251      44.2610
     252      43.6838
     253      45.1393
     254      44.2439
     255      43.8482
     256      46.1301
     257      46.7109
     258      47.2802
     259      46.1840
     260      46.4781
     261      46.6287
     262      46.5835
     263      46.6406
     264      46.6122
     265      45.0306
     266      45.1691
     267      44.4907
     268      46.0316
     269      44.5487
     270      45.8460
     271      44.5211
     272      46.6665
     273      45.4292
     274      45.8188
     275      46.9186
     276      46.1223
     277      45.6211
     278      46.9245
     279      47.1330
     280      46.5963
     281      46.4251
     282      47.1336
     283      45.6272
     284      46.7743
     285      46.5530
     286      46.9958
     287      47.2239
     288      44.8842
     289      47.5977
     290      46.2376
     291      47.8533
     292      46.7366
     293      45.9162
     294      45.8172
     295      44.2627
     296      44.4250
     297      45.6591
     298      45.7976
     299      47.0688
     300      46.9014
     301      44.6617
     302      45.7789
     303      44.8251
     304      46.2367
     305      47.2691
     306      45.5899
     307      46.8848
     308      47.3193
     309      45.8325
     310      46.5635
     311      46.1083
     312      45.4922
     313      47.0595
     314      47.9567
     315      47.8221
     316      48.2067
     317      47.2059
     318      45.0900
     319      47.4703
     320      45.9996
     321      46.7029
     322      46.2186
     323      46.0653
     324      44.9113
     325      46.8978
     326      46.2019
     327      45.3733
     328      45.5536
     329      46.7099
     330      45.5800
     331      45.3414
     332      45.6543
     333      44.1622
     334      44.3037
     335      44.2259
     336      43.3187
     337      45.2022
     338      45.8757
     339      44.8977
     340      43.2266
     341      43.5439
     342      42.0047
     343      43.9440
     344      43.8391
     345      42.5772
     346      42.6005
     347      44.2700
     348      43.8427
     349      43.0984
     350      45.5965
     351      46.6955
     352      44.1134
     353      44.3500
     354      45.4760
     355      45.6022
     356      44.9339
     357      45.6525
     358      44.4817
     359      43.1266
     360      43.2941
     361      44.0193
     362      43.4287
     363      45.0985
     364      43.8518
     365      43.5243
     366      44.2444
     367      43.9678
     368      44.2517
     369      45.3351
     370      45.0396
     371      46.3925
     372      46.2605
     373      47.0389
     374      45.4209
     375      44.6966
     376      44.6483
     377      44.2459
     378      45.9453
     379      44.3825
     380      45.2054
     381      45.1422
     382      44.9166
     383      44.2717
     384      45.1989
     385      44.0480
     386      45.0095
     387      46.2940
     388      47.5099
     389      45.8327
     390      48.4698
     391      46.5428
     392      46.3867
     393      48.1027
     394      47.1139
     395      47.2757
     396      46.7711
     397      48.1118
     398      46.5621
     399      49.7634
     400      47.1458
     401      46.1814
     402      45.4596
     403      45.1982
     404      43.5849
     405      46.0267
     406      44.1725
     407      44.9962
     408      42.9047
     409      43.4948
     410      44.4123
     411      45.4691
     412      46.6685
     413      43.0182
     414      43.9865
     415      47.0072
     416      45.2423
     417      42.6165
     418      42.0874
     419      45.6540
     420      44.5295
     421      44.6351
     422      45.7532
     423      43.5090
     424      43.7757
     425      44.5842
     426      43.2568
     427      42.6988
     428      43.6266
     429      41.5218
     430      41.1850
     431      44.0194
     432      43.9473
     433      42.3358
     434      43.5428
     435      43.2314
     436      43.7311
     437      43.4248
     438      43.7915
     439      43.3367
     440      43.4438
     441      42.3755
     442      42.1335
     443      43.3174
     444      42.4846
     445      40.8492
     446      42.4088
     447      41.7363
     448      41.7408
     449      41.7289
     450      44.4757
     451      41.0528
     452      41.4128
     453      41.6690
     454      42.1552
     455      43.4857
     456      43.0374
     457      44.2230
     458      44.4089
     459      44.9576
     460      44.0399
     461      43.7599
     462      44.3001
     463      44.0599
     464      43.9400
     465      43.3651
     466      44.9909
     467      44.1523
     468      44.1759
     469      43.4519
     470      42.9192
     471      43.3769
     472      44.2709
     473      44.6382
     474      43.1867
     475      44.5255
     476      45.0610
     477      44.7357
     478      45.1551
     479      46.7099
     480      45.8564
     481      45.8681
     482      45.1102
     483      46.6154
     484      47.9525
     485      46.6087
     486      48.1383
     487      47.8068
     488      47.5362
     489      50.2027
     490      50.2582
     491      48.2245
     492      47.0409
     493      47.2236
     494      50.7074
     495      48.4476
     496      48.4482
     497      46.8644
     498      47.4443
     499      47.8268
     500      49.2928
     501      47.6621
     502      48.0435
     503      46.5995
     504      48.7869
     505      48.0106
     506      47.5377
     507      48.7324
     508      48.5616
     509      50.1840
     510      51.0374
     511      49.4060
     512      49.5598
     513      50.6391
     514      48.3783
     515      49.7414
     516      50.8028
     517      49.5183
     518      47.8667
     519      48.3534
     520      46.6286
     521      47.4590
     522      46.9317
     523      47.2701
     524      48.8439
     525      50.8465
     526      50.3088
     527      49.3314
     528      48.2723
     529      46.7963
     530      48.6070
     531      47.8980
     532      47.3636
     533      46.3422
     534      47.7469
     535      49.0586
     536      47.5342
     537      47.8920
     538      45.7273
     539      45.5181
     540      45.9708
     541      44.1180
     542      44.7675
     543      44.4041
     544      47.2892
     545      45.8855
     546      44.3677
     547      43.4703
     548      45.4661
     549      45.8411
     550      44.4336
     551      42.8652
     552      45.0427
     553      43.8612
     554      44.6600
     555      43.3590
     556      44.6301
     557      42.9935
     558      42.3790
     559      44.4109
     560      43.6971
     561      43.6190
     562      44.3458
     563      46.3073
     564      47.7948
     565      46.2157
     566      47.1158
     567      45.1467
     568      46.1201
     569      47.0168
     570      44.5290
     571      45.7029
     572      45.8079
     573      46.1367
     574      46.3222
     575      48.2103
     576      47.8196
     577      47.6161
     578      47.5932
     579      48.8701
     580      48.6218
     581      48.7682
     582      48.0677
     583      47.0168
     584      49.4769
     585      47.0427
     586      48.8936
     587      47.2956
     588      46.8875
     589      46.0628
     590      45.6769
     591      46.4324
     592      48.4760
     593      48.0743
     594      49.0246
     595      48.8820
     596      48.9059
     597      45.5581
     598      46.5507
     599      47.9748
     600      47.4130
     601      48.2311
     602      47.7790
     603      47.1356
     604      47.5111
     605      47.8532
     606      48.0167
     607      49.2072
     608      49.4110
     609      47.6006
     610      46.3388
     611      48.3213
     612      47.1118
     613      48.4309
     614      48.6613
     615      47.9196
     616      47.8186
     617      47.2187
     618      46.7776
     619      48.7367
     620      48.7877
     621      48.0778
     622      46.3574
     623      47.2533
     624      45.2839
     625      47.5131
     626      45.9867
     627      47.1414
     628      49.3253
     629      49.2812
     630      46.9853
     631      46.6924
     632      48.2562
     633      46.9282
     634      46.2894
     635      46.8506
     636      46.5300
     637      46.7197
     638      46.0767
     639      45.3204
     640      45.5834
     641      45.3425
     642      45.1646
     643      45.4528
     644      46.7531
     645      46.9826
     646      45.1964
     647      45.2615
     648      45.9109
     649      44.7532
     650      46.7807
     651      45.7944
     652      45.7602
     653      46.5289
     654      45.7242
     655      45.2706
     656      44.8170
     657      46.6659
     658      44.8267
     659      45.2168
     660      45.1829
     661      46.4836
     662      46.8161
     663      45.7970
     664      45.6370
     665      44.3492
     666      45.4146
     667      46.9656
     668      45.4714
     669      44.5632
     670      46.9025
     671      46.6624
     672      46.8887
     673      45.7534
     674      46.4269
     675      46.3407
     676      47.4571
     677      47.1899
     678      46.3617
     679      46.1167
     680      46.5912
     681      48.0908
     682      46.9306
     683      46.9977
     684      46.5507
     685      45.2761
     686      46.8995
     687      47.0448
     688      47.0188
     689      46.2048
     690      45.9887
     691      48.2912
     692      47.6070
     693      47.6758
     694      46.8965
     695      47.7019
     696      48.2877
     697      46.9198
     698      46.3067
     699      49.1945
     700      47.7904
     701      49.5384
     702      48.9118
     703      47.4647
     704      48.3328
     705      47.7987
     706      46.2819
     707      46.7794
     708      46.3055
     709      47.9281
     710      44.4415
     711      44.3076
     712      46.1567
     713      44.8833
     714      45.7568
     715      44.9486
     716      45.0318
     717      43.7153
     718      43.3286
     719      44.1546
     720      45.6968
     721      45.0270
     722      46.7147
     723      47.6806
     724      46.4697
     725      44.5846
     726      43.8837
     727      43.7093
     728      45.8473
     729      45.6324
     730      48.1250
     731      47.4293
     732      46.1120
     733      47.0303
     734      49.5879
     735      47.9662
     736      46.5848
     737      47.1245
     738      46.5031
     739      45.8662
     740      44.5581
     741      45.5915
     742      45.3655
     743      45.3455
     744      46.4454
     745      46.3471
     746      46.6548
     747      46.2332
     748      46.7776
     749      48.1978
     750      47.7859
     751      48.0222
     752      47.7169
     753      48.2386
     754      48.9335
     755      48.3532
     756      48.8686
     757      48.2619
     758      45.8058
     759      45.3323
     760      47.5605
     761      45.5959
     762      45.6220
     763      46.7912
     764      48.4134
     765      45.4714
     766      46.8600
     767      44.9990
     768      45.4265
     769      47.5679
     770      45.6657
     771      45.9539
     772      44.3480
     773      44.0136
     774      43.3994
     775      44.3109
     776      46.1627
     777      46.1809
     778      46.6807
     779      46.4581
     780      46.2997
     781      45.4832
     782      45.9328
     783      46.4358
     784      46.3932
     785      46.2995
     786      45.3286
     787      45.3926
     788      45.5379
     789      46.3553
     790      47.1704
     791      47.0059
     792      44.2199
     793      43.8691
     794      46.0288
     795      47.5639
     796      46.3748
     797      46.8398
     798      45.6988
     799      46.9452
     800      48.2184
     801      46.6662
     802      45.5217
     803      44.4498
     804      44.8236
     805      44.2064
     806      45.0600
     807      45.0412
     808      45.6802
     809      48.0041
     810      45.5384
     811      46.0283
     812      43.2448
     813      43.9988
     814      45.2990
     815      44.0195
     816      45.1674
     817      46.4245
     818      44.2503
     819      45.5129
     820      47.2377
     821      47.9638
     822      45.3085
     823      46.1472
     824      44.5228
     825      47.7722
     826      45.8336
     827      45.5160
     828      44.6208
     829      46.3849
     830      47.8317
     831      46.8611
     832      47.6425
     833      47.0285
     834      48.4277
     835      47.9402
     836      46.7874
     837      48.3829
     838      47.4165
     839      48.3755
     840      48.6469
     841      46.3476
     842      47.8310
     843      47.2158
     844      47.0438
     845      46.5246
     846      46.2346
     847      46.0655
     848      46.3677
     849      44.7008
     850      46.8362
     851      45.2467
     852      47.8848
     853      46.9833
     854      45.5458
     855      44.5030
     856      44.6642
     857      45.7737
     858      45.6051
     859      43.3555
     860      43.7242
     861      42.1719
     862      42.3458
     863      42.3966
     864      44.9000
     865      44.6582
     866      43.6933
     867      44.6842
     868      46.6225
     869      44.4573
     870      44.1729
     871      43.7860
     872      46.5503
     873      46.8513
     874      45.3701
     875      45.9290
     876      45.6554
     877      47.2846
     878      45.3919
     879      42.8146
     880      43.4630
     881      43.7076
     882      45.0244
     883      45.3875
     884      46.5464
     885      46.4193
     886      44.8325
     887      45.8928
     888      45.7302
     889      47.2593
     890      46.8700
     891      46.2778
     892      45.8533
     893      47.0750
     894      45.8224
     895      45.5336
     896      44.6041
     897      43.8297
     898      45.7983
     899      45.3356
     900      45.3205
     901      46.4665
     902      46.5551
     903      46.8865
     904      44.9505
     905      45.0336
     906      45.1344
     907      44.8035
     908      45.9606
     909      44.6640
     910      46.2730
     911      45.3619
     912      45.8321
     913      44.9505
     914      44.2961
     915      44.0432
     916      45.4633
     917      46.1867
     918      46.1988
     919      43.8048
     920      46.1525
     921      44.8616
     922      44.6388
     923      45.2862
     924      43.4929
     925      43.3130
     926      40.2940
     927      43.2178
     928      41.9904
     929      44.4317
     930      45.7815
     931      48.3938
     932      45.5270
     933      47.9796
     934      47.7062
     935      46.5051
     936      44.5352
     937      46.2083
     938      46.1402
     939      45.2373
     940      43.4325
     941      44.6966
     942      42.9707
     943      43.0548
     944      45.4945
     945      43.9847
     946      45.3706
     947      44.5218
     948      46.3994
     949      46.3104
     950      48.2987
     951      47.7534
     952      48.3123
     953      46.9916
     954      46.8896
     955      48.5726
     956      47.1620
     957      44.8149
     958      45.7321
     959      46.9577
     960      45.7643
     961      45.7275
     962      47.9330
     963      46.1372
     964      44.1988
     965      45.4675
     966      45.8633
     967      47.6317
     968      46.9190
     969      49.1683
     970      47.3536
     971      49.4906
     972      48.3483
     973      46.8868
     974      48.3807
     975      48.7969
     976      49.3504
     977      47.9668
     978      47.4245
     979      45.6862
     980      45.7882
     981      44.6617
     982      43.4448
     983      43.0298
     984      44.3337
     985      41.6200
     986      42.4947
     987      43.1148
     988      42.1863
     989      43.8185
     990      44.6753
     991      42.9409
     992      42.6793
     993      43.5208
     994      43.4286
     995      43.7187
     996      43.5249
     997      43.8171
     998      43.1510
     999      42.8961
    1000      44.2745
    1001      45.1197
    1002      43.4511
    1003      45.2624
    1004      45.0466
    1005      43.7796
    1006      44.2050
    1007      44.0272
    1008      45.6988
    1009      44.8142
    1010      44.2293
    1011      44.5958
    1012      45.2884
    1013      44.9943
    1014      44.7247
    1015      45.0328
    1016      44.4873
    1017      45.5370
    1018      45.7872
    1019      45.5895
    1020      44.2850
    1021      44.4103
    1022      46.0327
    1023      43.6853
    1024      46.6702
    1025      46.1703
    1026      47.3434
    1027      46.4122
    1028      45.5470
    1029      45.4632
    1030      46.2644
    1031      44.5704
    1032      45.5418
    1033      44.1290
    1034      45.5913
    1035      44.3354
    1036      43.8360
    1037      43.3542
    1038      44.0641
    1039      44.5198
    1040      44.0904
    1041      46.6302
    1042      44.7905
    1043      46.2522
    1044      45.2327
    1045      45.1478
    1046      45.5819
    1047      45.4891
    1048      46.2199
    1049      44.5056
    1050      45.2517
    1051      45.7233
    1052      45.3024
    1053      45.9907
    1054      46.2618
    1055      46.6544
    1056      45.8150
    1057      45.9873
    1058      45.9443
    1059      45.3318
    1060      45.8024
    1061      45.3340
    1062      47.2321
    1063      46.2880
    1064      48.8155
    1065      46.6295
    1066      46.3847
    1067      47.4330
    1068      46.7407
    1069      46.9122
    1070      47.6887
    1071      48.5555
    1072      46.7041
    1073      47.9816
    1074      47.1456
    1075      44.7826
    1076      46.2924
    1077      45.6222
    1078      45.4578
    1079      45.2710
    1080      44.3557
    1081      44.8360
    1082      44.8232
    1083      46.4150
    1084      48.9230
    1085      51.5714
    1086      50.9756
    1087      53.6469
    1088      54.6141
    1089      53.5001
    1090      52.9065
    1091      54.1704
    1092      53.3719
    1093      55.2786
    1094      53.3021
    1095      52.6320
    1096      53.1301
    1097      52.3845
    1098      53.4857
    1099      54.3745
    1100      54.2562
    1101      53.3735
    1102      53.9240
    1103      52.6295
    1104      54.1000
    1105      54.4767
    1106      55.0310
    1107      52.9081
    1108      52.3057
    1109      54.9832
    1110      55.5004
    1111      51.9890
    1112      53.7152
    1113      53.3071
    1114      55.9539
    1115      53.1980
    1116      55.3107
    1117      54.6017
    1118      55.0975
    1119      53.8004
    1120      53.6030
    1121      53.4195
    1122      53.1651
    1123      55.2813
    1124      54.9860
    1125      55.7831
    1126      55.1656
    1127      53.4777
    1128      53.2497
    1129      54.8781
    1130      53.1487
    1131      53.5999
    1132      52.4315
    1133      52.3393
    1134      52.9931
    1135      53.3244
    1136      54.2249
    1137      53.3285
    1138      51.8725
    1139      53.3591
    1140      52.9778
    1141      50.5908
    1142      51.0852
    1143      52.6097
    1144      54.1851
    1145      51.6022
    1146      53.0280
    1147      53.1733
    1148      53.0953
    1149      52.4022
    1150      52.2312
    1151      49.6399
    1152      51.8946
    1153      50.8652
    1154      52.0547
    1155      51.7607
    1156      52.6587
    1157      50.8932
    1158      52.5578
    1159      53.4609
    1160      51.9421
    1161      51.2326
    1162      50.6811
    1163      52.3477
    1164      53.1304
    1165      54.6237
    1166      53.8051
    1167      55.5975
    1168      54.8448
    1169      53.2137
    1170      56.2459
    1171      53.0535
    1172      53.2432
    1173      55.1787
    1174      53.0563
    1175      52.0791
    1176      52.1332
    1177      53.3878
    1178      53.3196
    1179      50.0385
    1180      53.1976
    1181      53.7361
    1182      54.1190
    1183      53.0840
    1184      51.0776
    1185      48.9752
    1186      50.3027
    1187      51.4146
    1188      51.8868
    1189      52.3656
    1190      50.5406
    1191      50.0647
    1192      50.5394
    1193      51.6067
    1194      52.4244
    1195      51.3320
    1196      50.3447
    1197      51.4358
    1198      50.8333
    1199      52.9556
    1200      51.0685
    1201      50.0460
    1202      51.2507
    1203      50.9333
    1204      51.0269
    1205      50.1377
    1206      50.0131
    1207      49.0048
    1208      48.7482
    1209      50.2920
    1210      51.3405
    1211      52.0824
    1212      52.2908
    1213      50.9843
    1214      50.0921
    1215      50.5504
    1216      51.6782
    1217      51.3956
    1218      48.1534
    1219      53.0317
    1220      53.5457
    1221      51.1420
    1222      51.8986
    1223      50.8476
    1224      51.6870
    1225      53.3317
    1226      53.2542
    1227      52.6509
    1228      53.6933
    1229      52.2022
    1230      51.7618
    1231      52.5539
    1232      52.1589
    1233      50.1339
    1234      48.8790
    1235      50.0874
    1236      49.4482
    1237      50.6539
    1238      50.2768
    1239      51.6282
    1240      52.6402
    1241      52.5772
    1242      50.6063
    1243      50.2385
    1244      48.9537
    1245      50.5463
    1246      50.1395
    1247      50.7847
    1248      52.4215
    1249      51.8521
    1250      50.7951
    1251      52.1228
    1252      49.0602
    1253      49.8180
    1254      47.7070
    1255      49.3773
    1256      49.7745
    1257      48.8457
    1258      50.7308
    1259      50.6451
    1260      50.4034
    1261      50.0622
    1262      48.9008
    1263      49.6318
    1264      50.0033
    1265      49.4526
    1266      50.9025
    1267      50.7125
    1268      51.3607
    1269      50.4157
    1270      50.1316
    1271      51.0775
    1272      50.8354
    1273      50.4973
    1274      51.6701
    1275      52.2007
    1276      51.4631
    1277      50.3832
    1278      49.8953
    1279      51.2773
    1280      51.2057
    1281      51.2032
    1282      50.3877
    1283      50.7248
    1284      53.4557
    1285      57.3869
    1286      55.9121
    1287      53.0390
    1288      53.6545
    1289      54.2704
    1290      55.0813
    1291      56.3173
    1292      57.2840
    1293      57.5679
    1294      57.2676
    1295      54.7075
    1296      53.0381
    1297      53.4592
    1298      56.1313
    1299      56.9329
    1300      54.1441
    1301      59.0853
    1302      57.2633
    1303      58.6988
    1304      57.9033
    1305      58.1555
    1306      55.0281
    1307      56.3456
    1308      54.8640
    1309      54.8222
    1310      56.1921
    1311      52.4164
    1312      55.1423
    1313      54.8112
    1314      58.9809
    1315      55.3773
    1316      54.5109
    1317      56.4559
    1318      53.5499
    1319      54.8347
    1320      54.3457
    1321      52.7486
    1322      57.3582
    1323      56.7807
    1324      57.5980
    1325      57.4709
    1326      56.2334
    1327      55.9297
    1328      53.4922
    1329      55.5660
    1330      53.8026
    1331      56.2375
    1332      52.8419
    1333      53.2124
    1334      54.1311
    1335      51.9764
    1336      53.6985
    1337      56.9072
    1338      58.2347
    1339      54.5594
    1340      54.2638
    1341      54.8801
    1342      56.8365
    1343      55.3927
    1344      55.7124
    1345      53.8702
    1346      53.8735
    1347      54.0600
    1348      53.8790
    1349      53.1211
    1350      54.0496
    1351      51.5733
    1352      52.3140
    1353      53.8465
    1354      51.1353
    1355      52.1014
    1356      52.8737
    1357      52.1466
    1358      52.8138
    1359      54.5706
    1360      52.8512
    1361      56.1803
    1362      54.1057
    1363      57.6324
    1364      56.0094
    1365      56.2856
    1366      54.3517
    1367      55.8400
    1368      55.1311
    1369      56.1421
    1370      53.0634
    1371      56.3940
    1372      54.4951
    1373      54.1973
    1374      53.9081
    1375      54.1462
    1376      53.7492
    1377      54.9722
    1378      53.8433
    1379      54.0678
    1380      56.0039
    1381      56.8242
    1382      56.6335
    1383      55.1318
    1384      56.6502
    1385      56.4128
    1386      54.7159
    1387      56.5799
    1388      56.3978
    1389      55.5377
    1390      56.6440
    1391      57.7668
    1392      56.1117
    1393      56.7215
    1394      57.4198
    1395      55.8138
    1396      57.1598
    1397      54.9774
    1398      53.3546
    1399      53.3596
    1400      52.6426
    1401      52.2556
    1402      53.1459
    1403      53.1845
    1404      54.1353
    1405      53.4563
    1406      54.9552
    1407      53.2647
    1408      53.8074
    1409      58.4530
    1410      56.3473
    1411      56.2215
    1412      54.3234
    1413      55.0584
    1414      54.7760
    1415      55.9733
    1416      55.9209
    1417      57.8144
    1418      59.2372
    1419      58.0736
    1420      58.2101
    1421      57.9440
    1422      58.7333
    1423      59.3045
    1424      55.9950
    1425      54.8314
    1426      58.3639
    1427      57.8895
    1428      59.6395
    1429      57.9140
    1430      57.4301
    1431      55.7196
    1432      58.9714
    1433      57.0973
    1434      53.5080
    1435      52.1626
    1436      54.9683
    1437      55.4269
    1438      55.5675
    1439      55.4830
    1440      53.7388
    1441      54.2256
    1442      57.2236
    1443      56.1319
    1444      56.1280
    1445      53.5667
    1446      52.7331
    1447      55.3962
    1448      51.8130
    1449      55.2733
    1450      55.6429
    1451      54.9151
    1452      55.6446
    1453      53.5439
    1454      54.6200
    1455      54.6872
    1456      53.6317
    1457      53.1149
    1458      53.7523
    1459      52.7627
    1460      51.6677
    1461      51.7708
    1462      50.1224
    1463      51.4194
    1464      51.5890
    1465      52.0576
    1466      51.5627
    1467      51.4242
    1468      53.2192
    1469      51.1412
    1470      51.0345
    1471      51.7786
    1472      51.0179
    1473      53.5455
    1474      53.0190
    1475      54.0462
    1476      55.5906
    1477      53.7648
    1478      55.8130
    1479      56.2877
    1480      53.0652
    1481      52.9914
    1482      52.5354
    1483      54.4569
    1484      54.7254
    1485      54.7991
    1486      55.9888
    1487      55.6075
    1488      57.4792
    1489      56.3109
    1490      57.4013
    1491      55.2096
    1492      55.5466
    1493      54.6266
    1494      54.0366
    1495      53.1797
    1496      54.2997
    1497      53.2083
    1498      53.4846
    1499      55.1077
    1500      54.6269
    1501      57.1846
    1502      55.4807
    1503      55.8412
    1504      56.2599
    1505      56.9887
    1506      55.8333
    1507      55.0600
    1508      55.9714
    1509      53.3269
    1510      53.4441
    1511      52.4790
    1512      55.8999
    1513      57.1349
    1514      56.0319
    1515      58.9006
    1516      57.4295
    1517      56.3784
    1518      55.6934
    1519      56.4321
    1520      57.0970
    1521      56.6018
    1522      54.6743
    1523      53.3390
    1524      54.5123
    1525      55.9351
    1526      56.1947
    1527      53.4127
    1528      55.3975
    1529      55.9935
    1530      56.4294
    1531      56.0886
    1532      53.5586
    1533      53.2894
    1534      53.8875
    1535      53.4206
    1536      54.0009
    1537      52.7835
    1538      54.0149
    1539      54.9959
    1540      54.5040
    1541      53.9609
    1542      54.4232
    1543      54.9272
    1544      54.6751
    1545      57.2711
    1546      57.0492
    1547      54.8748
    1548      57.2835
    1549      56.8626
    1550      54.3955
    1551      54.6364
    1552      55.2276
    1553      53.4354
    1554      52.0622
    1555      55.2731
    1556      55.8187
    1557      54.9769
    1558      56.0129
    1559      55.9674
    1560      53.5472
    1561      55.4255
    1562      56.6493
    1563      53.8754
    1564      54.4668
    1565      54.7873
    1566      54.7280
    1567      55.5730
    1568      54.1868
    1569      54.1650
    1570      55.0427
    1571      55.8461
    1572      54.2817
    1573      55.1873
    1574      54.4588
    1575      53.8811
    1576      53.0810
    1577      51.9384
    1578      51.2951
    1579      52.9847
    1580      52.2859
    1581      52.2663
    1582      51.6381
    1583      52.2147
    1584      53.0674
    1585      53.4589
    1586      53.2972
    1587      51.8593
    1588      51.1466
    1589      51.4954
    1590      53.0720
    1591      53.2589
    1592      51.0508
    1593      53.9069
    1594      51.8811
    1595      53.1118
    1596      54.4567
    1597      55.6068
    1598      54.4146
    1599      53.1924
    1600      53.3799
    1601      55.1761
    1602      53.2110
    1603      52.8687
    1604      53.8591
    1605      51.5297
    1606      52.5839
    1607      52.9695
    1608      51.5641
    1609      51.1372
    1610      52.8799
    1611      52.7367
    1612      51.7475
    1613      50.3091
    1614      52.2729
    1615      50.6248
    1616      50.9471
    1617      51.5143
    1618      49.9890
    1619      48.7501
    1620      47.4903
    1621      50.6274
    1622      50.0393
    1623      49.4214
    1624      48.8978
    1625      50.6092
    1626      48.5199
    1627      50.7558
    1628      49.6034
    1629      48.2566
    1630      47.8288
    1631      47.5136
    1632      48.9196
    1633      50.5493
    1634      52.5895
    1635      52.6288
    1636      50.1680
    1637      51.4359
    1638      48.7047
    1639      51.5324
    1640      50.3842
    1641      49.9845
    1642      50.6291
    1643      50.6648
    1644      49.1585
    1645      49.6444
    1646      49.7206
    1647      49.3736
    1648      49.1518
    1649      49.1353
    1650      49.7954
    1651      50.4035
    1652      52.3968
    1653      50.0240
    1654      50.6022
    1655      50.3062
    1656      49.9401
    1657      51.1128
    1658      51.6479
    1659      49.7371
    1660      50.4805
    1661      51.9723
    1662      50.1356
    1663      49.4870
    1664      50.5380
    1665      51.4428
    1666      50.5012
    1667      52.6464
    1668      52.9133
    1669      52.3857
    1670      51.6963
    1671      51.7918
    1672      51.6529
    1673      52.8340
    1674      51.2539
    1675      52.1515
    1676      50.9987
    1677      49.5861
    1678      49.0321
    1679      49.6912
    1680      50.7688
    1681      50.1128
    1682      49.9095
    1683      49.4102
    1684      50.5432
    1685      49.8648
    1686      48.4739
    1687      47.8616
    1688      48.3711
    1689      47.4873
    1690      49.3098
    1691      49.1761
    1692      49.4802
    1693      49.4697
    1694      48.3947
    1695      48.2437
    1696      48.6455
    1697      49.0984
    1698      46.7908
    1699      47.4319
    1700      45.4289
    1701      49.1986
    1702      49.1023
    1703      48.2775
    1704      48.4270
    1705      49.0412
    1706      47.4588
    1707      46.7922
    1708      49.3878
    1709      49.9314
    1710      49.9724
    1711      49.9821
    1712      49.9343
    1713      50.2436
    1714      47.9797
    1715      48.9128
    1716      48.6051
    1717      48.6537
    1718      47.2207
    1719      46.3602
    1720      49.2401
    1721      48.5770
    1722      46.3884
    1723      47.6519
    1724      46.9870
    1725      47.8482
    1726      49.3079
    1727      49.7352
    1728      49.0057
    1729      48.9101
    1730      51.0701
    1731      50.5775
    1732      48.7354
    1733      49.2898
    1734      49.1102
    1735      51.4127
    1736      48.4344
    1737      46.5076
    1738      48.8426
    1739      47.9914
    1740      47.9708
    1741      46.1010
    1742      48.1967
    1743      48.0695
    1744      47.8176
    1745      48.2213
    1746      48.3806
    1747      48.5648
    1748      48.9341
    1749      48.0312
    1750      47.9273
    1751      48.6693
    1752      48.8332
    1753      49.1411
    1754      49.0390
    1755      47.9372
    1756      47.9710
    1757      48.8329
    1758      48.0715
    1759      49.1114
    1760      50.9279
    1761      47.0274
    1762      47.5268
    1763      45.8512
    1764      47.7217
    1765      47.4036
    1766      47.2398
    1767      46.7583
    1768      48.4244
    1769      47.3383
    1770      48.0751
    1771      48.0120
    1772      46.9254
    1773      49.7076
    1774      47.7946
    1775      47.0666
    1776      47.6773
    1777      47.6242
    1778      49.0264
    1779      48.0613
    1780      47.7817
    1781      48.8788
    1782      49.6120
    1783      48.1225
    1784      47.3534
    1785      46.9285
    1786      48.2657
    1787      46.4271
    1788      50.2636
    1789      46.4865
    1790      48.0669
    1791      49.5569
    1792      48.5450
    1793      48.7921
    1794      46.5936
    1795      47.6227
    1796      46.6546
    1797      47.0649
    1798      47.9235
    1799      48.7413
    1800      48.3634
    1801      48.8324
    1802      46.3209
    1803      46.9140
    1804      47.0896
    1805      48.2029
    1806      46.0695
    1807      46.2477
    1808      46.9528
    1809      46.3218
    1810      45.6587
    1811      46.6090
    1812      46.4551
    1813      46.8827
    1814      47.5963
    1815      48.1452
    1816      47.5356
    1817      48.1649
    1818      48.7129
    1819      49.6513
    1820      46.7826
    1821      48.1080
    1822      45.7910
    1823      45.4960
    1824      48.6854
    1825      47.9973
    1826      47.4497
    1827      49.5636
    1828      48.5162
    1829      47.1238
    1830      46.9946
    1831      46.1707
    1832      48.6294
    1833      48.2205
    1834      48.0315
    1835      47.9834
    1836      48.6422
    1837      48.6997
    1838      50.2030
    1839      50.4049
    1840      47.7852
    1841      49.0103
    1842      47.2271
    1843      48.1762
    1844      48.6301
    1845      48.7548
    1846      48.9922
    1847      47.8162
    1848      46.8500
    1849      47.6585
    1850      48.1677
    1851      49.1981
    1852      49.4344
    1853      47.6343
    1854      47.9873
    1855      47.4393
    1856      45.9151
    1857      47.3676
    1858      49.3746
    1859      49.8313
    1860      47.7388
    1861      50.6656
    1862      49.3016
    1863      49.3602
    1864      48.0559
    1865      48.4168
    1866      48.8640
    1867      48.2952
    1868      49.4921
    1869      49.3594
    1870      47.2680
    1871      48.5118
    1872      48.1810
    1873      48.4875
    1874      50.2493
    1875      49.9359
    1876      49.7694
    1877      49.4643
    1878      49.7362
    1879      49.5658
    1880      50.1211
    1881      48.7898
    1882      49.0589
    1883      48.1611
    1884      50.1323
    1885      50.2195
    1886      51.0778
    1887      51.2697
    1888      52.6981
    1889      51.4202
    1890      51.6053
    1891      52.2528
    1892      51.2746
    1893      52.6348
    1894      51.0293
    1895      49.8733
    1896      50.1570
    1897      51.0245
    1898      51.6053
    1899      51.3072
    1900      51.4721
    1901      51.9667
    1902      52.5876
    1903      53.2921
    1904      51.9786
    1905      51.0540
    1906      48.9741
    1907      49.2756
    1908      50.3893
    1909      49.8979
    1910      49.5203
    1911      50.4278
    1912      51.2039
    1913      48.9283
    1914      49.3209
    1915      49.9605
    1916      49.5776
    1917      51.4802
    1918      50.4946
    1919      49.8508
    1920      49.5294
    1921      50.1422
    1922      50.2697
    1923      50.2835
    1924      51.0832
    1925      49.6836
    1926      51.1071
    1927      48.5379
    1928      50.7394
    1929      51.8569
    1930      51.4871
    1931      50.5445
    1932      49.7362
    1933      50.3767
    1934      49.9823
    1935      49.9890
    1936      50.1988
    1937      50.2179
    1938      49.2212
    1939      49.3272
    1940      49.5752
    1941      50.0726
    1942      50.6608
    1943      50.5850
    1944      48.8969
    1945      50.2636
    1946      49.4637
    1947      48.3214
    1948      47.7453
    1949      47.6928
    1950      48.5892
    1951      49.3236
    1952      50.7020
    1953      51.0311
    1954      51.4544
    1955      50.9606
    1956      52.0943
    1957      50.0862
    1958      50.4524
    1959      49.7245
    1960      50.9095
    1961      50.5371
    1962      51.7259
    1963      50.5799
    1964      49.6959
    1965      49.5530
    1966      50.4998
    1967      49.6727
    1968      51.1516
    1969      52.9981
    1970      53.0695
    1971      51.9249
    1972      52.8173
    1973      53.4139
    1974      51.4994
    1975      51.2964
    1976      51.1593
    1977      50.4738
    1978      51.6636
    1979      49.9042
    1980      50.7101
    1981      51.0000
    1982      51.0159
    1983      50.9682
    1984      52.2406
    1985      53.0171
    1986      54.0804
    1987      51.8583
    1988      51.7114
    1989      51.5375
    1990      50.9295
    1991      51.4748
    1992      48.9422
    1993      48.9590
    1994      48.4613
    1995      48.4564
    1996      49.5015
    1997      47.9867
    1998      48.9428
    1999      50.2722
    2000      50.3571
    2001      45.2285
    2002      44.8841
    2003      43.7070
    2004      45.9434
    2005      44.9146
    2006      45.1222
    2007      45.0102
    2008      45.4811
    2009      44.5619
    2010      44.0251
    2011      44.4015
    2012      43.6964
    2013      44.5444
    2014      44.3947
    2015      44.0041
    2016      45.0724
    2017      46.1413
    2018      45.1793
    2019      45.1550
    2020      44.8866
    2021      45.2900
    2022      44.3214
    2023      44.5350
    2024      43.7188
    2025      44.7315
    2026      44.8164
    2027      46.0341
    2028      44.5909
    2029      45.1111
    2030      44.7090
    2031      44.8374
    2032      43.4115
    2033      44.1314
    2034      44.4043
    2035      44.0929
    2036      44.3779
    2037      46.1236
    2038      44.9169
    2039      45.5571
    2040      46.3924
    2041      45.8450
    2042      45.8311
    2043      45.3719
    2044      46.1391
    2045      45.8934
    2046      46.5067
    2047      46.1924
    2048      47.3415
    2049      47.3241
    2050      46.3151
    2051      46.8925
    2052      46.7312
    2053      46.9617
    2054      45.7309
    2055      46.1510
    2056      46.2817
    2057      46.1278
    2058      46.0046
    2059      47.2223
    2060      45.4676
    2061      45.0300
    2062      45.8880
    2063      46.1252
    2064      46.3768
    2065      46.8968
    2066      45.3178
    2067      45.8479
    2068      46.3446
    2069      46.4857
    2070      47.3256
    2071      46.7841
    2072      46.2187
    2073      46.8682
    2074      45.6809
    2075      47.3656
    2076      47.7631
    2077      49.0793
    2078      47.2525
    2079      47.3326
    2080      47.1400
    2081      47.0244
    2082      45.3074
    2083      46.3436
    2084      46.9866
    2085      46.0976
    2086      44.9493
    2087      46.4992
    2088      46.9563
    2089      46.3676
    2090      45.5869
    2091      45.4552
    2092      44.8822
    2093      45.5022
    2094      46.7132
    2095      45.7856
    2096      48.5550
    2097      48.6824
    2098      46.0829
    2099      47.4687
    2100      48.3239
    2101      47.4004
    2102      47.2166
    2103      47.7163
    2104      48.0464
    2105      46.6170
    2106      48.9218
    2107      49.9430
    2108      49.8503
    2109      47.4599
    2110      49.7093
    2111      49.2730
    2112      48.7549
    2113      48.7515
    2114      46.8459
    2115      47.2190
    2116      44.1541
    2117      45.7279
    2118      46.0616
    2119      47.6606
    2120      48.0343
    2121      49.1461
    2122      48.6933
    2123      48.9304
    2124      50.4994
    2125      50.0393
    2126      49.8785
    2127      49.2032
    2128      47.9181
    2129      48.7918
    2130      49.4288
    2131      49.8635
    2132      47.9960
    2133      47.6633
    2134      48.9015
    2135      47.7082
    2136      46.4670
    2137      46.6764
    2138      49.1227
    2139      49.7678
    2140      48.8256
    2141      49.4657
    2142      48.5756
    2143      48.8444
    2144      46.9961
    2145      47.5027
    2146      47.6652
    2147      46.3498
    2148      49.0074
    2149      49.7619
    2150      47.8913
    2151      47.7592
    2152      47.6365
    2153      46.1562
    2154      47.3915
    2155      47.7350
    2156      47.8627
    2157      48.3236
    2158      47.3078
    2159      48.0253
    2160      47.0459
    2161      48.2827
    2162      46.4326
    2163      45.3670
    2164      44.4456
    2165      43.8692
    2166      45.5818
    2167      45.9825
    2168      46.5454
    2169      45.2339
    2170      45.6241
    2171      46.0694
    2172      46.1358
    2173      45.3463
    2174      46.1846
    2175      45.5135
    2176      45.3393
    2177      44.9443
    2178      45.2275
    2179      46.8533
    2180      46.7900
    2181      45.6344
    2182      45.4951
    2183      47.2935
    2184      48.8312
    2185      48.6821
    2186      49.2785
    2187      48.0071
    2188      47.4275
    2189      47.5840
    2190      49.0757
    2191      47.7296
    2192      48.9437
    2193      47.1578
    2194      47.2224
    2195      47.4588
    2196      47.6820
    2197      48.1898
    2198      48.8232
    2199      48.5917
    2200      47.8846
    2201      47.1121
    2202      44.5463
    2203      47.4384
    2204      45.7761
    2205      46.7064
    2206      47.5096
    2207      46.1856
    2208      45.1907
    2209      45.5579
    2210      45.0631
    2211      46.2135
    2212      46.3295
    2213      47.4423
    2214      48.0556
    2215      48.7762
    2216      50.1108
    2217      49.2947
    2218      49.6240
    2219      48.7837
    2220      49.2503
    2221      46.8571
    2222      46.4092
    2223      47.4872
    2224      47.3635
    2225      46.3361
    2226      47.7731
    2227      48.2740
    2228      46.9160
    2229      47.9757
    2230      46.8153
    2231      49.6508
    2232      48.4757
    2233      47.5692
    2234      49.1394
    2235      48.0429
    2236      47.9881
    2237      46.5957
    2238      47.2066
    2239      45.6961
    2240      48.5281
    2241      46.3342
    2242      47.1486
    2243      48.3628
    2244      47.6095
    2245      47.1545
    2246      47.5053
    2247      45.8932
    2248      47.3088
    2249      49.2810
    2250      48.3096
    2251      48.3835
    2252      47.2381
    2253      45.6449
    2254      45.9030
    2255      45.8926
    2256      48.1921
    2257      46.8758
    2258      47.2985
    2259      44.7124
    2260      48.6229
    2261      46.7795
    2262      45.9549
    2263      46.6098
    2264      47.7856
    2265      46.2568
    2266      46.9430
    2267      46.0764
    2268      47.7028
    2269      46.3605
    2270      45.9523
    2271      44.4103
    2272      42.4409
    2273      45.4695
    2274      45.4874
    2275      44.9304
    2276      45.0854
    2277      44.9830
    2278      44.1676
    2279      44.9618
    2280      44.7131
    2281      44.6235
    2282      45.0717
    2283      44.8785
    2284      45.0489
    2285      44.9654
    2286      44.2144
    2287      44.1401
    2288      43.0432
    2289      43.9250
    2290      43.7528
    2291      45.6063
    2292      43.8005
    2293      45.9909
    2294      44.7079
    2295      46.5187
    2296      45.7998
    2297      44.4781
    2298      46.0349
    2299      43.6053
    2300      44.9512
    2301      44.5957
    2302      44.3712
    2303      43.5221
    2304      45.3299
    2305      44.1166
    2306      44.8154
    2307      43.4399
    2308      45.3654
    2309      43.7495
    2310      43.5268
    2311      42.7702
    2312      42.7536
    2313      43.7046
    2314      43.1377
    2315      43.7035
    2316      43.4999
    2317      42.9914
    2318      42.6334
    2319      43.6049
    2320      44.3865
    2321      43.7771
    2322      43.4889
    2323      43.7297
    2324      43.0791
    2325      43.2179
    2326      43.4492
    2327      44.0727
    2328      42.4102
    2329      43.4768
    2330      42.1796
    2331      42.0218
    2332      43.1308
    2333      41.4484
    2334      42.5202
    2335      43.0171
    2336      43.4977
    2337      43.8349
    2338      42.8850
    2339      41.5356
    2340      43.3879
    2341      43.6216
    2342      43.7600
    2343      43.8078
    2344      43.1824
    2345      43.9948
    2346      43.3885
    2347      42.6056
    2348      43.8673
    2349      42.5097
    2350      43.2468
    2351      42.9625
    2352      44.0081
    2353      42.6866
    2354      42.2834
    2355      44.5526
    2356      42.5272
    2357      42.9998
    2358      42.6970
    2359      43.3070
    2360      43.9902
    2361      44.1533
    2362      43.4967
    2363      44.9660
    2364      44.0339
    2365      44.4170
    2366      44.7485
    2367      45.6826
    2368      46.0277
    2369      43.8554
    2370      46.0684
    2371      45.3602
    2372      43.7049
    2373      45.0106
    2374      45.5439
    2375      44.7721
    2376      45.0131
    2377      44.9366
    2378      45.3771
    2379      45.2391
    2380      44.9736
    2381      44.7995
    2382      45.4455
    2383      45.8691
    2384      45.5049
    2385      45.4487
    2386      44.8997
    2387      44.5300
    2388      45.0321
    2389      46.0343
    2390      44.8501
    2391      45.1780
    2392      45.1860
    2393      45.6746
    2394      43.9019
    2395      47.2213
    2396      44.6556
    2397      45.6611
    2398      45.7126
    2399      43.5175
    2400      45.3125
    2401      46.0423
    2402      44.7930
    2403      46.4485
    2404      43.6768
    2405      45.2933
    2406      44.0695
    2407      43.0920
    2408      45.0672
    2409      45.5682
    2410      43.8320
    2411      44.9938
    2412      45.1319
    2413      44.7360
    2414      45.5169
    2415      45.1084
    2416      45.6555
    2417      46.3766
    2418      46.1251
    2419      47.2258
    2420      43.7218
    2421      45.1180
    2422      45.2608
    2423      44.7905
    2424      44.4419
    2425      44.4579
    2426      44.9948
    2427      45.3179
    2428      45.0388
    2429      44.8510
    2430      45.8610
    2431      46.9496
    2432      46.8280
    2433      45.8841
    2434      45.4458
    2435      45.0015
    2436      45.5061
    2437      45.6350
    2438      44.9270
    2439      45.0913
    2440      44.9454
    2441      45.4849
    2442      44.9199
    2443      46.0870
    2444      46.3707
    2445      44.8806
    2446      45.1817
    2447      45.2024
    2448      45.3270
    2449      45.3765
    2450      45.2230
    2451      45.6535
    2452      44.5894
    2453      45.0588
    2454      45.4803
    2455      45.3830
    2456      45.6549
    2457      46.1675
    2458      46.0910
    2459      44.4270
    2460      45.4902
    2461      47.2442
    2462      45.7764
    2463      45.2240
    2464      46.4995
    2465      46.3582
    2466      46.7169
    2467      46.3960
    2468      46.7403
    2469      46.3621
    2470      47.2376
    2471      46.1360
    2472      46.0189
    2473      45.8774
    2474      45.1282
    2475      45.4770
    2476      45.3782
    2477      45.5598
    2478      45.3148
    2479      44.6908
    2480      45.5167
    2481      44.7378
    2482      43.1176
    2483      43.3589
    2484      43.8765
    2485      44.2877
    2486      44.7793
    2487      45.6046
    2488      44.9801
    2489      44.9178
    2490      44.8837
    2491      44.8497
    2492      44.8812
    2493      45.2366
    2494      45.3507
    2495      45.9159
    2496      45.4742
    2497      45.7539
    2498      45.6692
    2499      45.7362
    2500      46.8231
    2501      45.4602
    2502      47.3367
    2503      47.2043
    2504      46.3987
    2505      45.6909
    2506      46.0359
    2507      46.3635
    2508      46.0148
    2509      45.3644
    2510      46.4373
    2511      45.0523
    2512      46.1211
    2513      45.3953
    2514      45.7611
    2515      46.2646
    2516      46.7615
    2517      46.6110
    2518      46.6619
    2519      45.0413
    2520      45.9848
    2521      46.5513
    2522      45.2269
    2523      46.9005
    2524      45.0425
    2525      46.0120
    2526      46.2545
    2527      44.7409
    2528      46.7240
    2529      46.5884
    2530      46.5216
    2531      46.0985
    2532      46.9662
    2533      48.5778
    2534      46.6104
    2535      47.2605
    2536      46.4001
    2537      47.5289
    2538      46.2012
    2539      46.6189
    2540      45.2164
    2541      45.2055
    2542      46.0858
    2543      45.8032
    2544      45.6219
    2545      45.3494
    2546      45.8961
    2547      45.2502
    2548      45.2247
    2549      45.4432
    2550      44.6261
    2551      45.0044
    2552      45.6414
    2553      46.6368
    2554      46.9962
    2555      45.1092
    2556      45.1587
    2557      45.7376
    2558      44.3124
    2559      46.8888
    2560      46.4890
    2561      47.9323
    2562      46.7876
    2563      45.9299
    2564      47.6701
    2565      48.2272
    2566      46.5026
    2567      45.4463
    2568      45.4838
    2569      46.6413
    2570      46.0543
    2571      46.6462
    2572      46.8589
    2573      46.5939
    2574      47.7969
    2575      47.9178
    2576      46.1697
    2577      47.5568
    2578      44.5438
    2579      44.2996
    2580      43.7995
    2581      44.7494
    2582      45.3990
    2583      46.0729
    2584      45.2924
    2585      45.9527
    2586      44.5554
    2587      46.6487
    2588      46.4456
    2589      44.8152
    2590      46.1802
    2591      45.1943
    2592      45.5489
    2593      45.1676
    2594      45.6427
    2595      45.7582
    2596      43.7516
    2597      45.0869
    2598      45.4380
    2599      45.8555
    2600      45.1653
    2601      44.9724
    2602      45.2319
    2603      47.1869
    2604      44.5166
    2605      44.5272
    2606      45.6386
    2607      47.0569
    2608      46.6749
    2609      48.2385
    2610      45.5646
    2611      46.6786
    2612      47.0623
    2613      47.2061
    2614      46.0688
    2615      46.1842
    2616      45.1882
    2617      46.3066
    2618      45.6511
    2619      46.7092
    2620      47.0475
    2621      47.1014
    2622      48.0455
    2623      46.7228
    2624      44.5774
    2625      45.0411
    2626      46.5045
    2627      45.0619
    2628      44.1672
    2629      46.6363
    2630      45.0619
    2631      46.0598
    2632      48.2494
    2633      46.9033
    2634      48.4875
    2635      48.7129
    2636      47.7140
    2637      47.3746
    2638      48.1745
    2639      48.5179
    2640      49.7194
    2641      47.6234
    2642      47.0345
    2643      46.5363
    2644      46.3806
    2645      46.6708
    2646      45.6454
    2647      44.0977
    2648      44.2576
    2649      46.1197
    2650      46.0720
    2651      46.6066
    2652      45.7595
    2653      46.8332
    2654      46.3190
    2655      46.6324
    2656      46.2532
    2657      46.1671
    2658      45.5521
    2659      44.7615
    2660      45.5336
    2661      45.7641
    2662      46.9008
    2663      46.6180
    2664      46.6622
    2665      44.7751
    2666      47.9507
    2667      47.0011
    2668      46.6257
    2669      46.0974
    2670      47.3825
    2671      47.2094
    2672      46.0460
    2673      47.0415
    2674      46.9251
    2675      47.0543
    2676      46.0340
    2677      45.3734
    2678      45.4955
    2679      45.3540
    2680      46.1556
    2681      45.3647
    2682      45.5711
    2683      46.0336
    2684      45.9042
    2685      44.6822
    2686      45.1754
    2687      45.2634
    2688      44.1845
    2689      45.1555
    2690      43.8374
    2691      45.2831
    2692      42.6739
    2693      43.4725
    2694      44.2769
    2695      45.3636
    2696      43.8682
    2697      44.4099
    2698      44.4066
    2699      45.2500
    2700      44.4978
    2701      45.3961
    2702      45.7299
    2703      45.7665
    2704      45.4335
    2705      45.6820
    2706      45.2720
    2707      46.0039
    2708      45.1774
    2709      44.7709
    2710      46.5657
    2711      45.4350
    2712      47.1814
    2713      46.4762
    2714      45.8644
    2715      47.0837
    2716      46.6517
    2717      46.0099
    2718      46.0571
    2719      45.8402
    2720      45.4792
    2721      45.8145
    2722      47.1550
    2723      45.6319
    2724      45.6559
    2725      46.1973
    2726      46.7367
    2727      47.3041
    2728      45.6680
    2729      46.8712
    2730      45.0722
    2731      44.4717
    2732      45.4405
    2733      47.7318
    2734      45.7205
    2735      45.4458
    2736      45.4767
    2737      44.6190
    2738      44.0128
    2739      45.9880
    2740      47.0517
    2741      45.0065
    2742      47.6354
    2743      45.9609
    2744      44.9043
    2745      45.8276
    2746      45.9037
    2747      45.6853
    2748      44.9046
    2749      44.3692
    2750      44.4577
    2751      43.7499
    2752      45.1625
    2753      43.1707
    2754      42.9763
    2755      44.5863
    2756      44.9180
    2757      43.2120
    2758      44.5366
    2759      44.1833
    2760      43.4818
    2761      44.7995
    2762      44.1642
    2763      46.3623
    2764      44.8395
    2765      46.1534
    2766      44.9822
    2767      43.8596
    2768      44.2094
    2769      46.0564
    2770      44.7891
    2771      44.3521
    2772      43.8485
    2773      44.7936
    2774      44.7367
    2775      46.5457
    2776      45.3501
    2777      45.9130
    2778      45.8823
    2779      45.1877
    2780      44.0840
    2781      46.3879
    2782      46.8786
    2783      46.0127
    2784      45.5704
    2785      46.5478
    2786      46.5407
    2787      46.9849
    2788      46.3997
    2789      44.4534
    2790      45.5477
    2791      45.6072
    2792      45.1976
    2793      44.9838
    2794      44.5369
    2795      45.8414
    2796      45.5350
    2797      47.1585
    2798      45.1707
    2799      43.3708
    2800      46.0097
    2801      45.0932
    2802      43.5096
    2803      45.0780
    2804      44.6018
    2805      44.3917
    2806      43.7025
    2807      44.4974
    2808      46.8755
    2809      45.3120
    2810      46.6991
    2811      45.8112
    2812      44.9778
    2813      45.8100
    2814      44.5798
    2815      43.7851
    2816      44.4026
    2817      45.2826
    2818      45.4364
    2819      44.2772
    2820      44.9589
    2821      44.6404
    2822      44.2255
    2823      45.4183
    2824      44.7799
    2825      44.4059
    2826      45.5606
    2827      45.5515
    2828      44.5505
    2829      45.4203
    2830      45.2779
    2831      44.8867
    2832      44.7100
    2833      44.9189
    2834      43.5462
    2835      45.7936
    2836      43.8271
    2837      44.2761
    2838      45.3330
    2839      44.4985
    2840      44.6115
    2841      44.5618
    2842      45.7962
    2843      45.9739
    2844      44.2626
    2845      44.0409
    2846      45.5067
    2847      45.2998
    2848      44.6658
    2849      44.9407
    2850      44.9792
    2851      45.2455
    2852      44.6211
    2853      45.0049
    2854      45.4502
    2855      45.8714
    2856      45.4368
    2857      46.2816
    2858      46.2094
    2859      47.7699
    2860      46.6275
    2861      45.4406
    2862      45.2520
    2863      45.7188
    2864      45.2122
    2865      44.6467
    2866      44.5170
    2867      45.2600
    2868      44.9916
    2869      45.0577
    2870      46.3841
    2871      45.8819
    2872      45.0573
    2873      45.4227
    2874      44.4212
    2875      44.9598
    2876      43.9455
    2877      44.9428
    2878      45.3600
    2879      44.7195
    2880      46.4998
    2881      45.6157
    2882      45.2653
    2883      44.9152
    2884      45.8628
    2885      46.0258
    2886      44.3815
    2887      45.8726
    2888      45.3018
    2889      44.8526
    2890      44.7091
    2891      44.0872
    2892      44.9293
    2893      46.4041
    2894      44.8355
    2895      45.7019
    2896      44.8680
    2897      44.7840
    2898      43.3344
    2899      45.1966
    2900      45.6091
    2901      45.0118
    2902      44.7811
    2903      43.2814
    2904      44.5164
    2905      43.1617
    2906      44.2871
    2907      44.0347
    2908      44.1679
    2909      45.2607
    2910      46.6088
    2911      43.6794
    2912      45.3566
    2913      45.5860
    2914      45.4962
    2915      47.0189
    2916      46.4500
    2917      46.3968
    2918      47.5210
    2919      45.5143
    2920      44.7472
    2921      46.1706
    2922      47.3505
    2923      46.1732
    2924      45.4030
    2925      45.6873
    2926      44.7212
    2927      44.1757
    2928      43.8033
    2929      46.8417
    2930      44.6366
    2931      43.8642
    2932      45.7458
    2933      45.1183
    2934      46.3461
    2935      44.2601
    2936      44.8551
    2937      44.0925
    2938      45.4358
    2939      45.0239
    2940      44.1874
    2941      44.2046
    2942      44.3210
    2943      44.5078
    2944      45.1679
    2945      45.7433
    2946      45.3420
    2947      46.5547
    2948      46.5087
    2949      45.2375
    2950      44.2937
    2951      46.2081
    2952      44.4208
    2953      45.8262
    2954      45.2111
    2955      45.0268
    2956      46.8391
    2957      45.9904
    2958      44.8250
    2959      47.3286
    2960      45.8800
    2961      45.1442
    2962      47.2346
    2963      46.5487
    2964      45.3103
    2965      45.2947
    2966      44.7780
    2967      46.4470
    2968      45.4500
    2969      45.8658
    2970      45.3088
    2971      45.0793
    2972      44.2071
    2973      46.1543
    2974      44.6543
    2975      44.3145
    2976      45.1185
    2977      42.7150
    2978      44.9220
    2979      43.9937
    2980      44.3677
    2981      44.0335
    2982      44.3571
    2983      44.4408
    2984      43.8151
    2985      45.7312
    2986      46.2005
    2987      45.9323
    2988      46.0764
    2989      44.9520
    2990      44.6836
    2991      45.3987
    2992      45.8567
    2993      45.7872
    2994      43.7306
    2995      43.3169
    2996      43.4883
    2997      44.0326
    2998      42.7417
    2999      41.5839
    3000      42.6772
    3001      42.6669
    3002      43.1440
    3003      43.1946
    3004      42.6154
    3005      41.7476
    3006      42.2398
    3007      44.1351
    3008      43.7041
    3009      45.1593
    3010      44.9384
    3011      46.1673
    3012      44.7332
    3013      45.3108
    3014      44.3204
    3015      44.6146
    3016      44.0382
    3017      43.9619
    3018      44.3939
    3019      43.3573
    3020      45.1905
    3021      43.9019
    3022      43.3404
    3023      44.7469
    3024      44.2602
    3025      44.7455
    3026      43.8196
    3027      45.3730
    3028      42.6399
    3029      43.0940
    3030      44.4120
    3031      43.8347
    3032      44.7930
    3033      44.0443
    3034      44.3580
    3035      43.9846
    3036      45.0470
    3037      44.1291
    3038      43.8260
    3039      43.1334
    3040      43.2406
    3041      43.5942
    3042      43.1260
    3043      42.8413
    3044      42.5692
    3045      43.8908
    3046      42.9941
    3047      42.9699
    3048      42.7940
    3049      42.8044
    3050      43.5333
    3051      42.2682
    3052      41.8935
    3053      43.4087
    3054      43.7771
    3055      42.0589
    3056      43.2521
    3057      43.4019
    3058      43.8368
    3059      44.3825
    3060      43.0997
    3061      43.9953
    3062      44.3131
    3063      44.1216
    3064      44.1085
    3065      43.7654
    3066      44.4817
    3067      44.1709
    3068      43.7393
    3069      42.8608
    3070      42.8475
    3071      43.4733
    3072      43.3650
    3073      44.3029
    3074      43.4544
    3075      43.3270
    3076      43.6520
    3077      42.9773
    3078      43.5705
    3079      44.2157
    3080      44.1733
    3081      44.0129
    3082      42.7156
    3083      41.5816
    3084      43.4121
    3085      43.2062
    3086      43.4559
    3087      42.6718
    3088      42.0553
    3089      44.5628
    3090      43.3768
    3091      42.9538
    3092      43.1838
    3093      43.7092
    3094      42.5633
    3095      43.4717
    3096      43.8480
    3097      43.1142
    3098      42.4493
    3099      43.1899
    3100      41.5743
    3101      42.0055
    3102      43.1225
    3103      42.7547
    3104      42.8857
    3105      42.8127
    3106      43.7205
    3107      43.6166
    3108      43.8133
    3109      43.0794
    3110      42.4116
    3111      42.2997
    3112      41.6540
    3113      42.7183
    3114      42.9666
    3115      42.4714
    3116      43.2505
    3117      42.8878
    3118      44.2515
    3119      43.3921
    3120      43.3929
    3121      44.2202
    3122      43.7559
    3123      44.8382
    3124      42.7753
    3125      43.5601
    3126      43.0455
    3127      43.1943
    3128      42.5706
    3129      42.0764
    3130      44.3347
    3131      44.5143
    3132      42.8533
    3133      42.6765
    3134      42.9981
    3135      43.4008
    3136      44.0944
    3137      43.2852
    3138      41.8217
    3139      43.7245
    3140      43.2788
    3141      44.2738
    3142      43.9049
    3143      43.3502
    3144      43.5759
    3145      44.0281
    3146      44.0817
    3147      41.6175
    3148      43.5789
    3149      43.0184
    3150      42.6117
    3151      41.9756
    3152      42.3995
    3153      43.0266
    3154      43.1315
    3155      43.5264
    3156      43.0435
    3157      42.2955
    3158      43.0099
    3159      43.9535
    3160      43.2261
    3161      43.0828
    3162      43.8231
    3163      42.3857
    3164      42.2981
    3165      42.8361
    3166      43.2024
    3167      42.5328
    3168      43.7673
    3169      41.8953
    3170      42.6987
    3171      42.0063
    3172      42.2360
    3173      42.9124
    3174      43.5237
    3175      42.9472
    3176      43.6808
    3177      42.8126
    3178      43.0480
    3179      43.4132
    3180      43.2002
    3181      42.0311
    3182      41.7897
    3183      41.1578
    3184      42.3195
    3185      42.7912
    3186      41.2065
    3187      43.0694
    3188      42.9991
    3189      42.4723
    3190      42.4255
    3191      43.2732
    3192      42.7672
    3193      42.3633
    3194      42.3609
    3195      43.5055
    3196      43.1265
    3197      41.8623
    3198      43.2274
    3199      44.8373
    3200      43.6536
    3201      43.3751
    3202      42.8964
    3203      42.8148
    3204      42.6312
    3205      42.8048
    3206      43.9200
    3207      43.9999
    3208      43.9904
    3209      43.1349
    3210      44.8953
    3211      43.1913
    3212      43.9939
    3213      43.9484
    3214      44.3454
    3215      42.2263
    3216      43.5686
    3217      42.6679
    3218      43.8553
    3219      43.1562
    3220      42.6002
    3221      43.3841
    3222      43.4869
    3223      42.1439
    3224      43.5305
    3225      45.2165
    3226      44.4293
    3227      44.4053
    3228      43.7169
    3229      43.8399
    3230      44.9167
    3231      45.3985
    3232      44.2592
    3233      44.7619
    3234      45.0244
    3235      45.3043
    3236      44.7294
    3237      43.7429
    3238      43.5783
    3239      43.0342
    3240      44.2642
    3241      44.6521
    3242      44.7884
    3243      44.3982
    3244      43.3799
    3245      44.8875
    3246      42.7990
    3247      45.0030
    3248      43.2333
    3249      44.6088
    3250      44.3456
    3251      44.8424
    3252      43.9090
    3253      44.0351
    3254      44.8509
    3255      44.8845
    3256      44.1861
    3257      45.2703
    3258      45.2653
    3259      44.3145
    3260      45.0127
    3261      44.9982
    3262      44.8087
    3263      43.9489
    3264      43.4657
    3265      44.2790
    3266      44.4726
    3267      43.9446
    3268      46.2893
    3269      44.9873
    3270      44.1139
    3271      44.7923
    3272      44.3135
    3273      44.7847
    3274      44.4383
    3275      45.0072
    3276      44.4688
    3277      44.5910
    3278      44.3825
    3279      42.4749
    3280      45.5911
    3281      45.1346
    3282      44.6305
    3283      44.8631
    3284      44.3896
    3285      44.7936
    3286      44.2007
    3287      43.8554
    3288      45.0813
    3289      44.3138
    3290      44.8965
    3291      44.2271
    3292      44.4022
    3293      45.1468
    3294      45.2510
    3295      45.0422
    3296      43.5823
    3297      44.3803
    3298      44.3228
    3299      43.8155
    3300      44.9572
    3301      44.7485
    3302      46.1233
    3303      45.1183
    3304      43.6003
    3305      43.6264
    3306      42.8791
    3307      43.3060
    3308      43.0123
    3309      43.8519
    3310      41.9528
    3311      41.9500
    3312      43.6094
    3313      44.5224
    3314      43.6965
    3315      42.7868
    3316      43.6009
    3317      44.7372
    3318      43.8854
    3319      42.8101
    3320      42.5792
    3321      42.4778
    3322      43.0194
    3323      43.1108
    3324      43.0833
    3325      42.7477
    3326      42.6625
    3327      42.7596
    3328      42.4903
    3329      42.5099
    3330      43.3947
    3331      42.6004
    3332      43.0485
    3333      43.2617
    3334      42.4344
    3335      44.1977
    3336      43.9092
    3337      43.7182
    3338      43.9740
    3339      42.8701
    3340      43.5400
    3341      43.1873
    3342      44.5994
    3343      43.9801
    3344      44.0013
    3345      42.8662
    3346      42.8342
    3347      42.2864
    3348      42.8946
    3349      43.2363
    3350      43.6381
    3351      43.8252
    3352      42.7067
    3353      43.6558
    3354      44.2471
    3355      43.4472
    3356      42.7150
    3357      43.1609
    3358      43.6006
    3359      43.5417
    3360      42.6497
    3361      42.5275
    3362      42.8905
    3363      43.2562
    3364      43.6632
    3365      43.9637
    3366      43.1600
    3367      43.0324
    3368      43.2929
    3369      42.9665
    3370      44.2558
    3371      43.6769
    3372      43.0560
    3373      43.0794
    3374      44.8606
    3375      42.7651
    3376      43.0868
    3377      43.8413
    3378      44.1940
    3379      43.9908
    3380      43.8099
    3381      44.2229
    3382      43.3633
    3383      43.4752
    3384      42.7115
    3385      42.6168
    3386      41.3784
    3387      42.2670
    3388      42.7409
    3389      44.6370
    3390      44.2703
    3391      43.0005
    3392      43.5598
    3393      44.5571
    3394      42.8990
    3395      44.8770
    3396      43.1068
    3397      43.7719
    3398      43.6543
    3399      44.7429
    3400      43.8736
    3401      44.2094
    3402      42.5267
    3403      42.7703
    3404      43.9526
    3405      44.4426
    3406      43.7750
    3407      43.4414
    3408      44.8559
    3409      45.1140
    3410      44.1119
    3411      44.6158
    3412      45.1534
    3413      45.0543
    3414      47.2110
    3415      47.0315
    3416      44.9473
    3417      45.0683
    3418      46.6906
    3419      47.1649
    3420      44.6462
    3421      46.3129
    3422      45.4946
    3423      46.2568
    3424      46.5333
    3425      47.9473
    3426      49.2197
    3427      50.4113
    3428      48.7584
    3429      48.0478
    3430      48.0344
    3431      50.6295
    3432      56.6543
    3433      56.4453
    3434      57.0566
    3435      56.4905
    3436      53.6691
    3437      48.7380
    3438      50.4139
    3439      50.9879
    3440      49.8915
    3441      47.7329
    3442      49.1204
    3443      49.5369
    3444      48.7978
    3445      47.6810
    3446      47.7232
    3447      46.7732
    3448      47.4666
    3449      46.8542
    3450      47.3054
    3451      48.8961
    3452      48.9122
    3453      49.1289
    3454      47.9136
    3455      48.3841
    3456      47.7210
    3457      49.2446
    3458      46.5610
    3459      47.2684
    3460      48.3204
    3461      49.7420
    3462      48.8694
    3463      48.0937
    3464      50.3105
    3465      50.4181
    3466      48.5252
    3467      46.9265
    3468      46.6903
    3469      46.3704
    3470      48.5085
    3471      47.4381
    3472      48.6088
    3473      46.0654
    3474      47.7858
    3475      48.8908
    3476      47.7809
    3477      48.3582
    3478      50.3890
    3479      47.6411
    3480      48.1060
    3481      47.0307
    3482      47.3896
    3483      48.3386
    3484      49.6434
    3485      49.5670
    3486      49.6943
    3487      48.4004
    3488      47.7042
    3489      48.3442
    3490      47.5451
    3491      48.9554
    3492      49.5070
    3493      48.5371
    3494      48.3101
    3495      47.6138
    3496      48.0882
    3497      47.4154
    3498      47.6368
    3499      48.4489
    3500      47.2165
    3501      48.5859
    3502      47.8673
    3503      46.8450
    3504      47.0984
    3505      47.4944
    3506      47.7559
    3507      46.6959
    3508      47.1782
    3509      47.5454
    3510      48.2621
    3511      48.0466
    3512      46.6122
    3513      46.1837
    3514      46.2850
    3515      47.6067
    3516      47.4920
    3517      49.0686
    3518      48.4427
    3519      48.9331
    3520      47.9075
    3521      47.0586
    3522      47.9348
    3523      48.8296
    3524      47.4470
    3525      47.1709
    3526      46.6436
    3527      46.3703
    3528      46.4462
    3529      45.8708
    3530      47.0694
    3531      48.0038
    3532      47.8387
    3533      47.9469
    3534      48.5695
    3535      48.8199
    3536      48.0763
    3537      48.6551
    3538      49.1442
    3539      47.9569
    3540      49.0112
    3541      46.9781
    3542      47.8562
    3543      48.5229
    3544      49.0849
    3545      47.3600
    3546      48.2581
    3547      47.3760
    3548      48.3083
    3549      48.2564
    3550      47.9163
    3551      47.3506
    3552      47.1573
    3553      48.5483
    3554      47.2921
    3555      47.8013
    3556      48.2264
    3557      47.7636
    3558      47.5454
    3559      48.0280
    3560      49.0674
    3561      48.8914
    3562      47.5777
    3563      47.6420
    3564      47.5925
    3565      47.6699
    3566      46.9538
    3567      48.6960
    3568      46.8620
    3569      48.7606
    3570      48.1360
    3571      48.7293
    3572      48.9027
    3573      47.8823
    3574      48.1281
    3575      49.4104
    3576      48.4460
    3577      47.8709
    3578      49.0058
    3579      48.1725
    3580      48.9433
    3581      49.4469
    3582      49.4642
    3583      50.1668
    3584      49.6125
    3585      48.9064
    3586      48.6324
    3587      49.6926
    3588      48.8020
    3589      48.6768
    3590      49.3497
    3591      48.5534
    3592      49.0829
    3593      47.3468
    3594      47.6845
    3595      49.0509
    3596      48.0617
    3597      48.7794
    3598      48.2499
    3599      49.0388
    3600      47.9989
    3601      49.0369
    3602      48.9843
    3603      48.7850
    3604      49.7945
    3605      48.8549
    3606      47.9722
    3607      48.2792
    3608      48.0847
    3609      47.7288
    3610      47.0705
    3611      47.5757
    3612      49.1213
    3613      49.0724
    3614      49.0627
    3615      48.6577
    3616      47.7085
    3617      47.5540
    3618      48.0790
    3619      47.1898
    3620      49.2267
    3621      47.3819
    3622      46.8311
    3623      47.3107
    3624      48.3888
    3625      47.9665
    3626      49.0913
    3627      48.8627
    3628      47.1557
    3629      48.5476
    3630      46.8249
    3631      47.3280
    3632      46.7686
    3633      49.9624
    3634      49.9195
    3635      48.8351
    3636      49.7478
    3637      49.7517
    3638      50.1496
    3639      48.4988
    3640      48.0987
    3641      47.6409
    3642      48.0057
    3643      47.9799
    3644      48.2442
    3645      49.5342
    3646      49.2952
    3647      49.7754
    3648      47.7778
    3649      48.1488
    3650      48.6285
    3651      47.9185
    3652      48.8973
    3653      48.4887
    3654      48.8650
    3655      48.6335
    3656      48.1363
    3657      47.4346
    3658      48.5651
    3659      48.6727
    3660      48.8067
    3661      47.8413
    3662      48.9010
    3663      47.8000
    3664      49.3031
    3665      48.2582
    3666      48.6041
    3667      48.8392
    3668      47.5370
    3669      49.3143
    3670      49.4344
    3671      47.4593
    3672      49.3128
    3673      47.2494
    3674      48.8233
    3675      48.5402
    3676      47.0384
    3677      47.2535
    3678      46.8882
    3679      48.0970
    3680      47.7462
    3681      47.5713
    3682      48.3496
    3683      48.9634
    3684      47.5277
    3685      48.5948
    3686      49.5925
    3687      49.5045
    3688      48.3171
    3689      49.2156
    3690      48.2167
    3691      48.9346
    3692      49.4845
    3693      49.4481
    3694      47.2331
    3695      48.4135
    3696      48.2117
    3697      47.8779
    3698      48.0584
    3699      47.6331
    3700      45.8031
    3701      46.6463
    3702      47.9068
    3703      46.7993
    3704      49.2957
    3705      46.6041
    3706      48.9991
    3707      49.0210
    3708      48.3319
    3709      48.6504
    3710      48.9534
    3711      49.1957
    3712      49.5835
    3713      48.5989
    3714      49.4613
    3715      48.9424
    3716      49.1541
    3717      49.8440
    3718      48.2630
    3719      49.1772
    3720      46.4964
    3721      47.8232
    3722      48.0649
    3723      47.1399
    3724      46.8236
    3725      47.9868
    3726      47.8121
    3727      47.6824
    3728      47.5496
    3729      47.1457
    3730      46.2510
    3731      46.5582
    3732      47.6849
    3733      48.2118
    3734      47.1520
    3735      47.0179
    3736      47.0499
    3737      47.5134
    3738      47.0957
    3739      48.9181
    3740      48.6662
    3741      48.1164
    3742      48.1252
    3743      48.0407
    3744      48.2558
    3745      46.7557
    3746      48.1976
    3747      47.4445
    3748      47.3872
    3749      48.4297
    3750      46.9153
    3751      47.9746
    3752      47.2631
    3753      47.4171
    3754      48.0869
    3755      47.5729
    3756      48.1140
    3757      46.9048
    3758      47.1515
    3759      47.5217
    3760      49.2883
    3761      47.5783
    3762      48.7853
    3763      49.0912
    3764      47.2844
    3765      48.8642
    3766      50.6276
    3767      48.3704
    3768      48.5874
    3769      49.5638
    3770      47.7590
    3771      46.7544
    3772      48.0625
    3773      48.6392
    3774      48.3804
    3775      48.3245
    3776      48.3491
    3777      48.0201
    3778      46.8939
    3779      47.2906
    3780      47.4510
    3781      46.9499
    3782      47.5378
    3783      48.3255
    3784      47.3468
    3785      47.2820
    3786      47.8733
    3787      47.3988
    3788      48.0495
    3789      48.0975
    3790      47.3758
    3791      48.0129
    3792      47.8685
    3793      47.6900
    3794      47.3851
    3795      47.2523
    3796      48.1437
    3797      48.0952
    3798      49.4584
    3799      48.6729
    3800      49.8092
    3801      47.9685
    3802      46.9180
    3803      48.7381
    3804      47.0369
    3805      47.4159
    3806      48.2486
    3807      47.7213
    3808      47.1698
    3809      47.9650
    3810      48.3042
    3811      47.2633
    3812      47.8529
    3813      47.9951
    3814      49.4639
    3815      47.9862
    3816      47.4462
    3817      47.9443
    3818      48.8720
    3819      49.4061
    3820      48.8436
    3821      49.2289
    3822      49.5899
    3823      49.7401
    3824      49.6845
    3825      48.5335
    3826      48.8609
    3827      47.7406
    3828      48.1703
    3829      48.3578
    3830      47.3967
    3831      49.1124
    3832      46.9790
    3833      47.2549
    3834      47.8301
    3835      47.8070
    3836      48.2717
    3837      47.4852
    3838      47.8184
    3839      49.0851
    3840      48.2925
    3841      49.1894
    3842      48.1485
    3843      49.1455
    3844      49.5420
    3845      49.1278
    3846      48.9164
    3847      48.1709
    3848      48.3709
    3849      48.7254
    3850      49.8390
    3851      47.9755
    3852      48.9956
    3853      48.6254
    3854      48.8800
    3855      48.7163
    3856      49.0204
    3857      48.0348
    3858      48.9632
    3859      48.9835
    3860      48.9762
    3861      47.1778
    3862      48.7806
    3863      48.8461
    3864      48.3606
    3865      48.1510
    3866      48.4334
    3867      48.8266
    3868      50.0449
    3869      48.5712
    3870      49.2147
    3871      49.1551
    3872      48.1797
    3873      49.6410
    3874      48.5400
    3875      47.9898
    3876      49.2839
    3877      48.7670
    3878      49.5408
    3879      49.4262
    3880      47.8475
    3881      49.2564
    3882      48.5322
    3883      49.6298
    3884      47.7661
    3885      47.1409
    3886      48.1430
    3887      48.4013
    3888      47.8276
    3889      48.6475
    3890      47.3528
    3891      48.5789
    3892      47.8615
    3893      47.5412
    3894      49.9250
    3895      48.8086
    3896      49.2128
    3897      49.3874
    3898      49.3647
    3899      47.7843
    3900      50.3240
    3901      48.3077
    3902      48.2141
    3903      49.6386
    3904      49.1247
    3905      48.4755
    3906      47.5376
    3907      47.8753
    3908      48.8350
    3909      48.6646
    3910      49.9122
    3911      48.3039
    3912      48.3649
    3913      47.7999
    3914      48.2131
    3915      48.9563
    3916      49.2261
    3917      47.8445
    3918      48.9828
    3919      48.7333
    3920      48.1610
    3921      48.8279
    3922      49.8762
    3923      49.7845
    3924      50.7622
    3925      49.3757
    3926      49.4065
    3927      48.7580
    3928      47.9476
    3929      48.6737
    3930      48.9561
    3931      48.7549
    3932      48.5872
    3933      48.6889
    3934      48.0346
    3935      49.4900
    3936      48.8474
    3937      48.5643
    3938      48.4241
    3939      48.5733
    3940      49.3231
    3941      48.7771
    3942      47.9590
    3943      49.6649
    3944      50.2448
    3945      47.6580
    3946      48.3911
    3947      48.4218
    3948      47.7320
    3949      47.5926
    3950      48.0024
    3951      48.1238
    3952      48.7982
    3953      48.7356
    3954      49.1813
    3955      48.4742
    3956      49.2290
    3957      49.1338
    3958      51.1072
    3959      48.9606
    3960      49.5415
    3961      49.2458
    3962      48.5950
    3963      50.1328
    3964      47.9968
    3965      48.5424
    3966      49.0546
    3967      49.6183
    3968      48.3759
    3969      49.3437
    3970      48.8845
    3971      47.9301
    3972      47.7947
    3973      49.6155
    3974      49.2541
    3975      48.8574
    3976      48.8128
    3977      49.9548
    3978      48.9213
    3979      50.5239
    3980      49.5851
    3981      49.7022
    3982      50.6970
    3983      50.8151
    3984      50.3506
    3985      49.4680
    3986      50.4956
    3987      51.1787
    3988      50.2470
    3989      49.4213
    3990      49.0240
    3991      50.9990
    3992      50.3162
    3993      50.7215
    3994      50.5779
    3995      51.0370
    3996      49.0469
    3997      49.4856
    3998      48.8507
    3999      47.7503
    4000      49.6295
    4001      53.7288
    4002      55.1704
    4003      54.3815
    4004      52.5137
    4005      51.6975
    4006      51.2860
    4007      50.2784
    4008      51.1967
    4009      48.6413
    4010      49.6265
    4011      51.3397
    4012      50.9570
    4013      46.2143
    4014      47.7771
    4015      48.7328
    4016      46.8342
    4017      48.1779
    4018      48.5886
    4019      47.4712
    4020      53.2101
    4021      50.3495
    4022      50.1262
    4023      51.7578
    4024      49.3544
    4025      51.8737
    4026      51.2401
    4027      51.7178
    4028      52.0340
    4029      52.1572
    4030      51.8957
    4031      51.1744
    4032      52.4818
    4033      51.8669
    4034      53.2716
    4035      52.8470
    4036      52.7682
    4037      52.6759
    4038      54.1525
    4039      52.9948
    4040      51.9116
    4041      52.7537
    4042      52.1144
    4043      53.3726
    4044      54.2765
    4045      51.6486
    4046      53.8006
    4047      52.4494
    4048      51.1750
    4049      52.8175
    4050      53.5149
    4051      51.8537
    4052      52.4111
    4053      52.3099
    4054      50.9183
    4055      50.3692
    4056      49.6005
    4057      50.6375
    4058      51.3820
    4059      51.6091
    4060      49.6906
    4061      51.5130
    4062      53.4848
    4063      51.9633
    4064      51.5067
    4065      51.3504
    4066      49.7281
    4067      51.5596
    4068      51.4414
    4069      50.9874
    4070      50.9964
    4071      51.7070
    4072      52.1540
    4073      50.4545
    4074      51.8280
    4075      51.8876
    4076      51.7447
    4077      51.8170
    4078      51.4174
    4079      52.6834
    4080      51.1903
    4081      53.1122
    4082      52.9084
    4083      52.8043
    4084      51.1617
    4085      53.2105
    4086      51.6238
    4087      50.0755
    4088      49.2129
    4089      51.1202
    4090      49.6981
    4091      49.7545
    4092      50.0131
    4093      51.5435
    4094      50.2809
    4095      51.2895
    4096      50.4857
    4097      51.1040
    4098      50.1187
    4099      50.0103
    4100      52.5561
    4101      51.6715
    4102      51.4829
    4103      52.8062
    4104      51.2279
    4105      50.9667
    4106      50.4556
    4107      51.4168
    4108      50.2081
    4109      51.6268
    4110      50.0730
    4111      50.4392
    4112      51.0103
    4113      51.9592
    4114      52.5839
    4115      51.2958
    4116      50.8867
    4117      50.4709
    4118      51.7848
    4119      51.0426
    4120      49.6373
    4121      50.3907
    4122      49.0537
    4123      50.9890
    4124      51.5464
    4125      49.2663
    4126      51.1926
    4127      52.6224
    4128      51.6025
    4129      51.6363
    4130      51.0821
    4131      51.2944
    4132      51.4909
    4133      50.8716
    4134      52.7463
    4135      52.0229
    4136      50.1615
    4137      50.7663
    4138      48.8536
    4139      50.3213
    4140      51.1303
    4141      50.0720
    4142      51.7724
    4143      51.2856
    4144      50.3750
    4145      50.2372
    4146      50.6859
    4147      53.1095
    4148      53.1698
    4149      53.6758
    4150      53.2539
    4151      52.7309
    4152      52.4105
    4153      52.6465
    4154      51.1961
    4155      53.9851
    4156      52.7252
    4157      53.3437
    4158      54.0602
    4159      54.4920
    4160      54.0327
    4161      54.9707
    4162      52.9793
    4163      53.8933
    4164      54.1794
    4165      53.7941
    4166      53.9795
    4167      53.0084
    4168      52.7938
    4169      52.8118
    4170      52.1011
    4171      52.8829
    4172      53.4631
    4173      51.5024
    4174      52.6976
    4175      52.8089
    4176      52.1442
    4177      51.0077
    4178      50.6623
    4179      51.0499
    4180      52.4602
    4181      54.3756
    4182      54.0565
    4183      52.7112
    4184      56.2069
    4185      53.9035
    4186      53.1854
    4187      52.8066
    4188      48.4778
    4189      52.3738
    4190      55.0307
    4191      53.7165
    4192      52.8606
    4193      54.9860
    4194      56.6836
    4195      53.9338
    4196      56.7122
    4197      55.7491
    4198      56.3760
    4199      54.5259
    4200      53.8847
    4201      53.1695
    4202      54.5657
    4203      55.8944
    4204      55.5751
    4205      55.4176
    4206      55.9398
    4207      58.2138
    4208      55.6803
    4209      54.3452
    4210      56.4343
    4211      55.0110
    4212      54.2548
    4213      55.6083
    4214      55.5366
    4215      54.7300
    4216      54.5627
    4217      55.7196
    4218      56.7392
    4219      56.1857
    4220      57.7889
    4221      53.8426
    4222      54.1167
    4223      52.4004
    4224      55.1952
    4225      55.2795
    4226      54.9255
    4227      53.1730
    4228      54.5043
    4229      54.1136
    4230      50.1690
    4231      50.6681
    4232      51.4776
    4233      52.8691
    4234      54.0071
    4235      53.2353
    4236      52.9648
    4237      53.5252
    4238      54.1534
    4239      53.7020
    4240      53.7531
    4241      53.7665
    4242      54.1863
    4243      53.6937
    4244      53.4587
    4245      52.8881
    4246      52.1757
    4247      54.5395
    4248      51.0378
    4249      51.9452
    4250      52.7582
    4251      52.9668
    4252      53.6543
    4253      53.7042
    4254      57.5348
    4255      56.4694
    4256      57.8027
    4257      57.1382
    4258      56.7501
    4259      55.3405
    4260      54.5986
    4261      56.7519
    4262      54.6740
    4263      52.3771
    4264      51.3848
    4265      50.1834
    4266      50.3775
    4267      52.5186
    4268      48.6579
    4269      46.5462
    4270      48.0683
    4271      46.3476
    4272      47.2169
    4273      46.6997
    4274      49.1406
    4275      49.7644
    4276      49.4938
    4277      49.2894
    4278      52.0782
    4279      51.3906
    4280      52.5325
    4281      52.8249
    4282      52.6307
    4283      52.7597
    4284      53.1051
    4285      51.0878
    4286      51.1015
    4287      50.5105
    4288      50.8415
    4289      51.7175
    4290      49.1767
    4291      53.9640
    4292      55.5870
    4293      53.4729
    4294      52.5206
    4295      51.0646
    4296      51.4325
    4297      55.6642
    4298      56.3057
    4299      53.7566
    4300      54.3679
    4301      53.4796
    4302      55.5013
    4303      56.0609
    4304      56.2274
    4305      53.6487
    4306      53.8083
    4307      53.8613
    4308      57.1037
    4309      57.4232
    4310      54.0595
    4311      52.4465
    4312      53.8789
    4313      53.9186
    4314      50.9086
    4315      50.6258
    4316      51.7796
    4317      53.1850
    4318      48.1053
    4319      49.1728
    4320      47.6850
    4321      48.0149
    4322      47.8398
    4323      47.8798
    4324      48.8447
    4325      48.3945
    4326      46.6818
    4327      48.1110
    4328      47.6748
    4329      51.5180
    4330      48.1705
    4331      48.9808
    4332      49.2366
    4333      46.2718
    4334      50.1025
    4335      48.5472
    4336      46.9420
    4337      49.4687
    4338      46.5338
    4339      47.5476
    4340      46.5923
    4341      47.3290
    4342      47.8880
    4343      47.6630
    4344      46.0111
    4345      46.3380
    4346      45.0421
    4347      46.6529
    4348      45.2267
    4349      44.5644
    4350      43.8347
    4351      44.0421
    4352      43.9817
    4353      43.8435
    4354      46.1203
    4355      45.2341
    4356      49.6714
    4357      52.1173
    4358      55.9860
    4359      52.3046
    4360      52.1312
    4361      53.0161
    4362      51.3667
    4363      52.7088
    4364      47.9792
    4365      51.6044
    4366      51.8097
    4367      51.0340
    4368      51.5645
    4369      52.2804
    4370      51.3911
    4371      50.5599
    4372      52.2583
    4373      51.7805
    4374      49.2458
    4375      48.8944
    4376      47.2066
    4377      47.4433
    4378      48.4146
    4379      46.8291
    4380      44.5164
    4381      46.8924
    4382      49.4928
    4383      49.6433
    4384      50.2586
    4385      50.6611
    4386      50.8706
    4387      50.3144
    4388      49.0903
    4389      51.0140
    4390      49.7441
    4391      51.2357
    4392      52.4892
    4393      50.3507
    4394      50.2726
    4395      51.2768
    4396      51.3245
    4397      50.6632
    4398      48.5918
    4399      48.0045
    4400      47.2424
    4401      47.0037
    4402      47.6754
    4403      47.5775
    4404      47.9628
    4405      48.5154
    4406      49.5236
    4407      48.8996
    4408      46.4167
    4409      47.1213
    4410      49.2683
    4411      51.2625
    4412      50.1432
    4413      49.3926
    4414      49.9105
    4415      47.1209
    4416      46.9489
    4417      47.4318
    4418      45.5379
    4419      47.4297
    4420      48.1761
    4421      47.8343
    4422      46.0646
    4423      45.4154
    4424      47.7549
    4425      47.0650
    4426      49.6319
    4427      46.7412
    4428      48.2011
    4429      47.4259
    4430      46.7211
    4431      48.2073
    4432      47.2880
    4433      47.1090
    4434      46.4532
    4435      46.7143
    4436      48.1305
    4437      49.1501
    4438      49.0917
    4439      48.3742
    4440      49.3798
    4441      48.7332
    4442      49.4635
    4443      51.5389
    4444      51.9535
    4445      52.0683
    4446      50.6505
    4447      49.1589
    4448      48.3540
    4449      48.7397
    4450      49.2766
    4451      50.1909
    4452      49.7892
    4453      51.6100
    4454      52.3452
    4455      50.1025
    4456      45.2359
    4457      46.4013
    4458      50.2601
    4459      51.9874
    4460      50.9904
    4461      51.1145
    4462      49.9202
    4463      47.9543
    4464      49.3936
    4465      50.2062
    4466      48.2628
    4467      48.6405
    4468      48.6773
    4469      48.4707
    4470      49.6387
    4471      50.1970
    4472      50.1142
    4473      51.9453
    4474      48.2746
    4475      48.2906
    4476      49.8545
    4477      53.2736
    4478      50.2885
    4479      49.6422
    4480      50.9500
    4481      51.7124
    4482      53.5600
    4483      52.5753
    4484      52.8491
    4485      51.0355
    4486      51.3317
    4487      52.1953
    4488      51.0911
    4489      50.4638
    4490      48.4788
    4491      49.8876
    4492      50.1957
    4493      51.2907
    4494      51.3470
    4495      49.5630
    4496      50.8121
    4497      50.2792
    4498      51.4164
    4499      50.3279
    4500      52.3660
    4501      51.2212
    4502      51.2654
    4503      49.0242
    4504      50.9616
    4505      50.3984
    4506      50.8883
    4507      49.8485
    4508      48.2272
    4509      48.0135
    4510      47.4604
    4511      47.9542
    4512      50.1009
    4513      50.7245
    4514      51.2096
    4515      50.1231
    4516      49.5356
    4517      50.5219
    4518      51.4791
    4519      50.5206
    4520      49.5494
    4521      50.7046
    4522      51.8092
    4523      52.1553
    4524      50.9387
    4525      51.9493
    4526      50.7329
    4527      50.9124
    4528      51.1827
    4529      52.8487
    4530      52.8591
    4531      52.0854
    4532      51.7516
    4533      50.7524
    4534      52.7449
    4535      51.9829
    4536      52.1903
    4537      52.4846
    4538      52.4054
    4539      54.1249
    4540      53.9386
    4541      53.0265
    4542      52.4170
    4543      49.7074
    4544      49.4124
    4545      49.4314
    4546      48.9962
    4547      49.7620
    4548      50.8315
    4549      49.9575
    4550      49.4769
    4551      49.2797
    4552      49.3036
    4553      48.3571
    4554      48.4970
    4555      48.9313
    4556      46.7740
    4557      48.5490
    4558      50.0950
    4559      48.4357
    4560      47.9872
    4561      48.9342
    4562      48.2321
    4563      48.0037
    4564      49.3893
    4565      49.4819
    4566      48.6808
    4567      49.5678
    4568      47.8828
    4569      48.7943
    4570      48.7533
    4571      49.5606
    4572      48.1705
    4573      48.9911
    4574      49.3657
    4575      48.9370
    4576      49.2682
    4577      47.7937
    4578      50.2067
    4579      48.6284
    4580      49.1379
    4581      47.8881
    4582      48.4764
    4583      47.7993
    4584      46.8661
    4585      49.0255
    4586      50.8992
    4587      49.0092
    4588      48.6446
    4589      48.8772
    4590      47.2263
    4591      49.4852
    4592      49.0570
    4593      48.3511
    4594      49.7334
    4595      49.0618
    4596      50.0367
    4597      49.1857
    4598      48.5674
    4599      48.1738
    4600      47.8459
    4601      48.3216
    4602      49.4407
    4603      52.5507
    4604      50.2703
    4605      51.2507
    4606      53.2498
    4607      51.5387
    4608      50.2294
    4609      50.7423
    4610      50.5704
    4611      52.3119
    4612      49.2701
    4613      50.4070
    4614      51.7995
    4615      50.5301
    4616      51.6814
    4617      51.3472
    4618      52.4180
    4619      50.8094
    4620      51.2373
    4621      51.8810
    4622      51.8412
    4623      51.7024
    4624      50.1647
    4625      53.5027
    4626      52.0382
    4627      54.5292
    4628      54.1469
    4629      52.7144
    4630      49.8288
    4631      52.0553
    4632      51.4392
    4633      53.6306
    4634      52.2797
    4635      52.0328
    4636      51.4862
    4637      51.8756
    4638      53.0141
    4639      52.8888
    4640      52.4869
    4641      53.2326
    4642      51.8110
    4643      52.0045
    4644      52.4555
    4645      51.4001
    4646      50.2535
    4647      53.2998
    4648      52.3271
    4649      52.8602
    4650      51.8207
    4651      49.9248
    4652      50.3319
    4653      51.0510
    4654      50.1043
    4655      49.9108
    4656      51.3185
    4657      51.4056
    4658      51.2756
    4659      53.7117
    4660      53.7267
    4661      54.2720
    4662      54.7669
    4663      51.7629
    4664      55.1206
    4665      55.4085
    4666      54.6042
    4667      49.8450
    4668      52.4598
    4669      53.9549
    4670      53.3225
    4671      53.0135
    4672      52.1138
    4673      50.8918
    4674      51.0315
    4675      51.4472
    4676      51.1506
    4677      51.6852
    4678      50.9607
    4679      51.8228
    4680      52.1347
    4681      52.5625
    4682      52.0759
    4683      52.0872
    4684      51.8071
    4685      51.3682
    4686      51.0527
    4687      51.0937
    4688      47.9662
    4689      50.4349
    4690      51.7166
    4691      50.5098
    4692      50.1325
    4693      48.5791
    4694      50.3159
    4695      49.3105
    4696      51.2825
    4697      48.6121
    4698      49.6342
    4699      49.2874
    4700      49.1988
    4701      48.8715
    4702      48.9099
    4703      51.0191
    4704      49.8346
    4705      51.0625
    4706      51.1795
    4707      49.4183
    4708      49.2912
    4709      49.0861
    4710      49.7425
    4711      49.9784
    4712      49.2609
    4713      50.5518
    4714      48.1498
    4715      48.9074
    4716      50.4271
    4717      49.3139
    4718      48.4801
    4719      48.2670
    4720      49.9531
    4721      48.4639
    4722      48.8657
    4723      48.9628
    4724      49.1345
    4725      47.3482
    4726      47.7746
    4727      49.0174
    4728      49.0916
    4729      46.9331
    4730      48.2084
    4731      47.6400
    4732      48.9039
    4733      48.4685
    4734      48.5863
    4735      47.9019
    4736      46.9951
    4737      48.0592
    4738      48.7659
    4739      50.3675
    4740      48.5327
    4741      50.0540
    4742      48.8166
    4743      50.4960
    4744      50.2914
    4745      49.6711
    4746      49.3482
    4747      49.4752
    4748      51.5251
    4749      50.3200
    4750      51.2851
    4751      51.0905
    4752      52.0365
    4753      50.8837
    4754      51.8599
    4755      50.3634
    4756      51.0152
    4757      48.5422
    4758      51.3373
    4759      49.2577
    4760      51.5886
    4761      50.5187
    4762      51.0297
    4763      50.2614
    4764      51.2161
    4765      49.7807
    4766      50.2433
    4767      48.8837
    4768      50.9146
    4769      50.5513
    4770      49.8210
    4771      50.7112
    4772      50.0316
    4773      50.6377
    4774      51.3944
    4775      48.7309
    4776      49.3418
    4777      49.5828
    4778      50.4458
    4779      49.8715
    4780      50.4713
    4781      49.6844
    4782      49.2516
    4783      50.2600
    4784      50.0649
    4785      50.7628
    4786      50.2315
    4787      52.5548
    4788      51.7369
    4789      51.1078
    4790      51.6667
    4791      50.7276
    4792      50.6828
    4793      51.1271
    4794      51.1036
    4795      50.4203
    4796      48.7685
    4797      51.3604
    4798      50.8991
    4799      49.7792
    4800      49.6014
    4801      49.9272
    4802      50.1128
    4803      50.0653
    4804      50.1131
    4805      50.4232
    4806      50.6394
    4807      51.2166
    4808      52.5336
    4809      50.6878
    4810      51.0098
    4811      50.4714
    4812      51.2795
    4813      51.0172
    4814      51.3149
    4815      49.8040
    4816      51.4564
    4817      51.0354
    4818      52.5234
    4819      51.8942
    4820      50.9111
    4821      50.4735
    4822      50.8209
    4823      50.1851
    4824      49.9126
    4825      49.4271
    4826      49.9371
    4827      51.2737
    4828      50.5652
    4829      51.4474
    4830      51.8649
    4831      52.7694
    4832      51.8853
    4833      51.2575
    4834      50.9406
    4835      52.0589
    4836      52.5863
    4837      51.9617
    4838      50.0413
    4839      51.5742
    4840      51.9935
    4841      51.5273
    4842      51.0131
    4843      51.8339
    4844      51.2156
    4845      51.9222
    4846      51.4187
    4847      52.4185
    4848      50.9939
    4849      51.5660
    4850      51.7311
    4851      50.4650
    4852      51.3910
    4853      51.5410
    4854      51.3922
    4855      50.9924
    4856      51.9335
    4857      51.8209
    4858      51.6650
    4859      52.6732
    4860      51.8044
    4861      51.3945
    4862      52.8890
    4863      50.4042
    4864      52.6600
    4865      50.7469
    4866      50.9437
    4867      51.2878
    4868      51.8840
    4869      51.7237
    4870      51.9212
    4871      50.5834
    4872      51.6194
    4873      50.0683
    4874      49.9456
    4875      51.6356
    4876      52.9549
    4877      51.1573
    4878      50.3071
    4879      53.5222
    4880      53.0362
    4881      53.0815
    4882      51.4642
    4883      49.9957
    4884      49.7249
    4885      49.2272
    4886      49.5330
    4887      49.3704
    4888      48.7034
    4889      47.6987
    4890      48.3926
    4891      49.5442
    4892      50.0614
    4893      50.2115
    4894      51.2678
    4895      50.1653
    4896      51.2041
    4897      51.1651
    4898      48.4224
    4899      50.4540
    4900      48.9691
    4901      49.8238
    4902      49.4425
    4903      48.8382
    4904      50.9164
    4905      51.2851
    4906      49.3987
    4907      49.6541
    4908      49.9771
    4909      48.8758
    4910      50.9963
    4911      51.1029
    4912      52.5047
    4913      50.8324
    4914      50.8085
    4915      50.1122
    4916      50.5230
    4917      50.1335
    4918      50.6408
    4919      50.6014
    4920      50.7648
    4921      49.4690
    4922      50.1386
    4923      50.9463
    4924      52.2041
    4925      50.0638
    4926      48.9290
    4927      49.8407
    4928      48.2708
    4929      49.7903
    4930      50.4736
    4931      49.8832
    4932      50.3848
    4933      49.9094
    4934      49.0116
    4935      48.3821
    4936      48.6866
    4937      50.6636
    4938      50.4084
    4939      50.1407
    4940      49.6878
    4941      51.0536
    4942      49.7945
    4943      49.5290
    4944      50.0329
    4945      50.0144
    4946      50.2442
    4947      49.9618
    4948      49.4551
    4949      49.5186
    4950      50.3176
    4951      51.0659
    4952      49.7185
    4953      50.3876
    4954      49.5711
    4955      50.7271
    4956      48.2253
    4957      48.6251
    4958      48.6099
    4959      49.6780
    4960      49.9437
    4961      49.3144
    4962      50.4458
    4963      50.2280
    4964      50.0847
    4965      50.4140
    4966      48.3500
    4967      49.2754
    4968      50.3232
    4969      50.5559
    4970      51.0627
    4971      52.1436
    4972      51.4696
    4973      51.6876
    4974      51.5922
    4975      51.3355
    4976      49.7223
    4977      49.2170
    4978      51.0331
    4979      50.5231
    4980      49.9334
    4981      48.1880
    4982      50.1084
    4983      48.9794
    4984      48.7355
    4985      51.4488
    4986      50.3739
    4987      49.1043
    4988      49.2423
    4989      50.6342
    4990      49.7814
    4991      50.4874
    4992      50.3664
    4993      50.3026
    4994      51.8552
    4995      50.6483
    4996      49.9458
    4997      49.0892
    4998      51.3738
    4999      51.7154
    5000      50.4467
    5001      49.2842
    5002      51.2570
    5003      48.8781
    5004      50.0600
    5005      50.2480
    5006      50.0992
    5007      51.3570
    5008      49.9520
    5009      49.2815
    5010      49.2798
    5011      52.1011
    5012      48.4299
    5013      50.6963
    5014      50.5834
    5015      50.6592
    5016      50.7520
    5017      50.7286
    5018      51.2803
    5019      50.4686
    5020      50.3575
    5021      50.3453
    5022      51.5613
    5023      49.6601
    5024      51.5759
    5025      51.8216
    5026      51.6628
    5027      50.4361
    5028      51.5304
    5029      51.0289
    5030      51.1008
    5031      51.1128
    5032      52.2498
    5033      51.5271
    5034      51.7653
    5035      50.3233
    5036      50.1817
    5037      51.9750
    5038      51.7578
    5039      51.8551
    5040      52.3396
    5041      52.1925
    5042      50.5743
    5043      51.3432
    5044      51.8114
    5045      51.1813
    5046      51.9960
    5047      51.8151
    5048      52.9783
    5049      51.9085
    5050      50.6590
    5051      52.6194
    5052      50.7344
    5053      52.5239
    5054      52.6507
    5055      51.6275
    5056      52.4077
    5057      50.6914
    5058      50.6606
    5059      50.5847
    5060      52.1653
    5061      51.0536
    5062      51.9229
    5063      50.4978
    5064      50.0344
    5065      51.2605
    5066      50.4685
    5067      51.2974
    5068      50.3601
    5069      50.2651
    5070      51.6170
    5071      51.1044
    5072      51.3544
    5073      51.8353
    5074      52.9800
    5075      50.7348
    5076      52.5304
    5077      51.3053
    5078      51.8320
    5079      51.4685
    5080      50.6109
    5081      50.3461
    5082      49.7198
    5083      51.1488
    5084      52.8349
    5085      52.5823
    5086      52.5365
    5087      52.8727
    5088      52.0021
    5089      52.1349
    5090      52.0859
    5091      52.1781
    5092      51.4369
    5093      51.4960
    5094      51.5637
    5095      52.4090
    5096      52.0270
    5097      51.4417
    5098      52.3446
    5099      51.8829
    5100      53.8754
    5101      52.4247
    5102      53.0799
    5103      54.6646
    5104      52.3556
    5105      52.1466
    5106      51.9980
    5107      53.3200
    5108      50.7905
    5109      52.0612
    5110      54.4206
    5111      53.0132
    5112      54.7612
    5113      56.1555
    5114      56.8804
    5115      57.3625
    5116      56.5931
    5117      56.1905
    5118      53.9507
    5119      53.8189
    5120      54.5966
    5121      54.6365
    5122      53.3627
    5123      55.7261
    5124      55.7733
    5125      55.1259
    5126      53.5154
    5127      53.9614
    5128      52.7389
    5129      52.3319
    5130      51.7510
    5131      50.5665
    5132      51.7228
    5133      51.9691
    5134      52.1767
    5135      50.5237
    5136      52.2318
    5137      51.7430
    5138      50.1801
    5139      51.9374
    5140      52.4817
    5141      52.2188
    5142      52.0442
    5143      53.6398
    5144      53.2018
    5145      51.7017
    5146      50.5572
    5147      53.2290
    5148      51.4602
    5149      52.5261
    5150      53.7026
    5151      55.7426
    5152      52.5403
    5153      54.8296
    5154      53.5953
    5155      53.9443
    5156      56.3291
    5157      56.7718
    5158      53.8122
    5159      52.2706
    5160      55.9366
    5161      52.8593
    5162      54.2486
    5163      52.0723
    5164      51.3724
    5165      50.2630
    5166      51.2088
    5167      49.7029
    5168      47.9693
    5169      49.6196
    5170      48.7657
    5171      48.8512
    5172      49.6877
    5173      49.8968
    5174      48.3002
    5175      48.2793
    5176      50.1514
    5177      49.4673
    5178      50.0152
    5179      49.9639
    5180      49.3892
    5181      48.3805
    5182      47.5409
    5183      47.9393
    5184      48.6247
    5185      49.8665
    5186      49.5397
    5187      50.5216
    5188      49.8065
    5189      49.2175
    5190      50.0341
    5191      51.8660
    5192      50.5426
    5193      49.9577
    5194      49.7556
    5195      49.0552
    5196      48.8660
    5197      50.8589
    5198      49.5986
    5199      48.5764
    5200      49.7798
    5201      49.7387
    5202      49.9353
    5203      49.0524
    5204      50.6499
    5205      49.3386
    5206      50.0415
    5207      50.1826
    5208      51.4307
    5209      51.1878
    5210      50.9015
    5211      51.5822
    5212      52.1223
    5213      52.6410
    5214      50.3907
    5215      52.8691
    5216      52.6653
    5217      51.2792
    5218      51.6607
    5219      53.9390
    5220      52.0933
    5221      48.6510
    5222      48.1500
    5223      46.9858
    5224      48.8910
    5225      50.7251
    5226      47.4406
    5227      49.4401
    5228      50.6548
    5229      49.5889
    5230      50.1879
    5231      49.6113
    5232      48.7062
    5233      47.3387
    5234      48.9455
    5235      48.6234
    5236      49.1687
    5237      50.0198
    5238      50.4425
    5239      49.1386
    5240      51.5185
    5241      52.2997
    5242      48.8602
    5243      49.5535
    5244      50.7652
    5245      48.8045
    5246      49.6978
    5247      50.1342
    5248      51.5353
    5249      53.5607
    5250      51.9011
    5251      50.9317
    5252      53.7346
    5253      52.5008
    5254      53.3193
    5255      54.4194
    5256      54.8039
    5257      53.7711
    5258      55.6379
    5259      55.4851
    5260      54.2688
    5261      54.9695
    5262      50.7881
    5263      49.7011
    5264      48.9583
    5265      47.9986
    5266      48.4352
    5267      49.9082
    5268      50.1087
    5269      50.1886
    5270      50.7551
    5271      51.5324
    5272      51.0090
    5273      51.9809
    5274      55.0555
    5275      54.5114
    5276      54.0867
    5277      51.4902
    5278      51.2194
    5279      50.6051
    5280      52.2393
    5281      51.3558
    5282      51.0964
    5283      49.5215
    5284      49.2070
    5285      49.6579
    5286      49.6100
    5287      51.6734
    5288      51.2500
    5289      53.0525
    5290      51.8009
    5291      53.2739
    5292      51.8257
    5293      49.3224
    5294      50.6545
    5295      53.0515
    5296      52.0641
    5297      54.7332
    5298      53.5472
    5299      54.5636
    5300      55.4798
    5301      53.0489
    5302      54.0570
    5303      51.0682
    5304      49.6137
    5305      47.9154
    5306      47.8106
    5307      45.9716
    5308      46.3503
    5309      44.3741
    5310      43.3488
    5311      44.3875
    5312      42.5280
    5313      41.4158
    5314      43.3976
    5315      43.0353
    5316      42.6419
    5317      44.0714
    5318      43.2011
    5319      42.9162
    5320      42.8277
    5321      43.3649
    5322      42.9355
    5323      41.7620
    5324      42.2725
    5325      41.9990
    5326      42.5272
    5327      42.3064
    5328      42.9145
    5329      41.9121
    5330      41.5813
    5331      43.1207
    5332      42.7325
    5333      41.8174
    5334      43.8463
    5335      42.4806
    5336      43.8016
    5337      42.9463
    5338      41.0818
    5339      42.2711
    5340      41.8889
    5341      42.1973
    5342      43.0221
    5343      41.9740
    5344      41.5665
    5345      42.8048
    5346      41.9583
    5347      42.2569
    5348      42.6168
    5349      40.9813
    5350      42.7881
    5351      42.9027
    5352      41.5805
    5353      41.5724
    5354      41.1198
    5355      41.9407
    5356      41.8120
    5357      42.8823
    5358      42.9432
    5359      43.2142
    5360      43.0154
    5361      42.0346
    5362      42.7567
    5363      42.9357
    5364      41.3547
    5365      42.1223
    5366      41.4351
    5367      43.0433
    5368      42.9507
    5369      42.5234
    5370      41.0171
    5371      43.7757
    5372      43.5033
    5373      42.7239
    5374      41.1434
    5375      41.5054
    5376      41.9711
    5377      42.4803
    5378      42.3524
    5379      41.7969
    5380      44.8566
    5381      42.6990
    5382      42.9155
    5383      42.6520
    5384      42.8167
    5385      43.1402
    5386      43.9275
    5387      42.1266
    5388      42.1980
    5389      40.9630
    5390      41.5614
    5391      41.5796
    5392      41.7375
    5393      42.5067
    5394      41.0020
    5395      42.3458
    5396      40.6141
    5397      41.5974
    5398      42.1569
    5399      43.3857
    5400      42.8016
    5401      43.0492
    5402      42.6357
    5403      43.9717
    5404      41.8146
    5405      42.7476
    5406      42.5092
    5407      41.8029
    5408      43.7960
    5409      42.5510
    5410      42.9433
    5411      43.0360
    5412      43.4109
    5413      42.6931
    5414      43.2882
    5415      43.4791
    5416      44.6518
    5417      44.0884
    5418      44.9912
    5419      44.8075
    5420      44.3459
    5421      45.2372
    5422      44.4302
    5423      43.4597
    5424      42.7585
    5425      42.2391
    5426      43.2752
    5427      41.7973
    5428      42.5707
    5429      42.1684
    5430      43.3268
    5431      42.7020
    5432      44.2507
    5433      44.5152
    5434      42.5941
    5435      42.8785
    5436      43.0178
    5437      43.3475
    5438      43.1834
    5439      41.3364
    5440      42.3561
    5441      43.2791
    5442      42.7605
    5443      42.2828
    5444      42.5095
    5445      44.0489
    5446      42.2582
    5447      42.5133
    5448      43.4750
    5449      42.8372
    5450      42.4094
    5451      43.0396
    5452      43.1312
    5453      43.1447
    5454      42.5062
    5455      43.0442
    5456      41.7516
    5457      42.6557
    5458      44.4301
    5459      40.8561
    5460      43.3876
    5461      43.3751
    5462      43.4812
    5463      42.5088
    5464      44.3241
    5465      42.2816
    5466      43.6660
    5467      43.1264
    5468      42.8182
    5469      44.0557
    5470      42.8652
    5471      43.8556
    5472      43.2078
    5473      42.8907
    5474      44.2270
    5475      44.2474
    5476      42.3969
    5477      41.7189
    5478      42.4302
    5479      41.3977
    5480      41.3165
    5481      42.2385
    5482      41.7902
    5483      44.4862
    5484      42.7367
    5485      42.4568
    5486      42.6690
    5487      44.0903
    5488      43.1134
    5489      42.0218
    5490      42.6951
    5491      42.1187
    5492      43.5261
    5493      42.2233
    5494      42.2348
    5495      42.3488
    5496      41.3774
    5497      42.3961
    5498      41.9137
    5499      43.2373
    5500      41.2080
    5501      42.2773
    5502      42.0972
    5503      42.1804
    5504      43.5474
    5505      42.6459
    5506      42.8511
    5507      43.9798
    5508      44.2906
    5509      44.8826
    5510      43.5040
    5511      44.4130
    5512      43.0458
    5513      45.3541
    5514      44.8049
    5515      43.9284
    5516      43.2095
    5517      43.2468
    5518      43.3585
    5519      42.7489
    5520      43.5550
    5521      43.2335
    5522      42.0374
    5523      42.4729
    5524      41.9090
    5525      42.1223
    5526      42.3080
    5527      41.7121
    5528      41.4278
    5529      41.1804
    5530      43.1045
    5531      42.2424
    5532      43.0327
    5533      42.7372
    5534      41.8369
    5535      42.4754
    5536      41.0113
    5537      42.4554
    5538      42.6904
    5539      42.8299
    5540      42.6179
    5541      42.7065
    5542      40.8457
    5543      42.1147
    5544      41.5916
    5545      41.8137
    5546      42.1129
    5547      41.6485
    5548      40.9571
    5549      41.0292
    5550      40.8182
    5551      40.8280
    5552      41.7820
    5553      43.2581
    5554      41.2053
    5555      40.4454
    5556      41.3283
    5557      41.5630
    5558      41.0883
    5559      41.8289
    5560      40.9667
    5561      42.8552
    5562      43.1990
    5563      44.0342
    5564      41.9319
    5565      42.5097
    5566      43.4296
    5567      42.2373
    5568      41.4128
    5569      41.5495
    5570      42.8709
    5571      42.1643
    5572      42.8820
    5573      43.6412
    5574      42.8850
    5575      42.5466
    5576      41.6473
    5577      41.6989
    5578      41.1978
    5579      41.3405
    5580      40.3562
    5581      40.5254
    5582      40.4434
    5583      41.6081
    5584      41.2253
    5585      41.9387
    5586      41.7577
    5587      41.3356
    5588      42.6212
    5589      41.4512
    5590      40.8821
    5591      42.1357
    5592      40.5676
    5593      41.7861
    5594      41.3000
    5595      41.6536
    5596      41.7819
    5597      41.7714
    5598      40.6154
    5599      41.7935
    5600      42.2943
    5601      42.7185
    5602      41.2546
    5603      42.6418
    5604      41.8183
    5605      41.6222
    5606      42.1278
    5607      42.4112
    5608      41.6386
    5609      43.2095
    5610      41.9789
    5611      42.1678
    5612      41.9584
    5613      40.3548
    5614      41.4787
    5615      41.0683
    5616      41.8370
    5617      40.6894
    5618      41.9388
    5619      42.2982
    5620      42.4013
    5621      42.0989
    5622      41.2275
    5623      41.9475
    5624      41.3622
    5625      42.7852
    5626      41.6624
    5627      42.3825
    5628      41.3631
    5629      42.1659
    5630      42.5871
    5631      42.2042
    5632      42.9198
    5633      43.1569
    5634      41.7380
    5635      42.3219
    5636      42.5483
    5637      42.8171
    5638      42.2339
    5639      42.5204
    5640      42.0974
    5641      41.4141
    5642      41.0177
    5643      42.6797
    5644      42.6399
    5645      41.5167
    5646      42.3813
    5647      41.4051
    5648      41.0183
    5649      41.4699
    5650      42.6245
    5651      43.6281
    5652      42.9266
    5653      42.1536
    5654      42.8019
    5655      41.1883
    5656      40.8155
    5657      41.1369
    5658      41.9425
    5659      41.4417
    5660      42.5841
    5661      41.7936
    5662      41.3354
    5663      40.6819
    5664      41.9678
    5665      41.0823
    5666      42.3090
    5667      42.9010
    5668      42.2876
    5669      41.3544
    5670      41.8191
    5671      42.9840
    5672      42.7717
    5673      42.2621
    5674      42.4610
    5675      41.2672
    5676      41.5269
    5677      42.4175
    5678      41.7945
    5679      42.3381
    5680      42.0278
    5681      42.0971
    5682      42.2313
    5683      42.5861
    5684      43.3819
    5685      43.2651
    5686      41.7356
    5687      41.9056
    5688      42.9900
    5689      42.1442
    5690      43.1038
    5691      43.3778
    5692      42.9128
    5693      43.1705
    5694      43.0822
    5695      43.8472
    5696      43.9150
    5697      43.8928
    5698      41.5739
    5699      42.5732
    5700      42.2579
    5701      42.1582
    5702      42.5669
    5703      42.0082
    5704      41.0960
    5705      42.8946
    5706      43.2697
    5707      42.3099
    5708      42.8559
    5709      41.6083
    5710      41.9133
    5711      41.2050
    5712      41.9193
    5713      42.5245
    5714      42.9794
    5715      41.4362
    5716      40.8439
    5717      41.1949
    5718      41.3525
    5719      41.9152
    5720      41.0173
    5721      41.7719
    5722      42.1281
    5723      41.2538
    5724      41.8092
    5725      41.1538
    5726      43.3557
    5727      42.3217
    5728      41.8623
    5729      42.2044
    5730      42.7555
    5731      42.9121
    5732      42.5726
    5733      42.6880
    5734      42.1564
    5735      42.4685
    5736      42.0751
    5737      43.0253
    5738      43.8914
    5739      43.8058
    5740      42.6411
    5741      43.6311
    5742      41.4271
    5743      42.5937
    5744      42.4581
    5745      43.4757
    5746      43.3481
    5747      42.9145
    5748      42.3309
    5749      42.6175
    5750      43.6350
    5751      43.5119
    5752      43.4229
    5753      43.0812
    5754      44.2310
    5755      44.2877
    5756      43.2713
    5757      45.0743
    5758      43.8774
    5759      43.6961
    5760      44.3051
    5761      41.9600
    5762      44.0580
    5763      42.3064
    5764      41.9686
    5765      43.8401
    5766      41.8381
    5767      42.8590
    5768      42.5720
    5769      43.6733
    5770      44.2730
    5771      43.7502
    5772      43.6154
    5773      44.1429
    5774      43.0458
    5775      42.2278
    5776      43.6059
    5777      43.6812
    5778      44.2511
    5779      43.6584
    5780      43.5508
    5781      43.2153
    5782      43.0005
    5783      43.1869
    5784      42.6151
    5785      44.0906
    5786      42.7936
    5787      43.0250
    5788      43.7073
    5789      41.9435
    5790      42.6780
    5791      41.5582
    5792      42.8573
    5793      40.5929
    5794      41.8456
    5795      40.7976
    5796      40.0997
    5797      39.5066
    5798      39.7384
    5799      40.3803
    5800      41.2564
    5801      40.8832
    5802      40.6593
    5803      41.4919
    5804      41.1285
    5805      40.3271
    5806      40.3862
    5807      40.1734
    5808      40.6628
    5809      40.5021
    5810      40.9858
    5811      40.1581
    5812      41.7998
    5813      40.2958
    5814      41.5311
    5815      40.4945
    5816      40.0912
    5817      41.2906
    5818      41.5985
    5819      41.6701
    5820      41.9228
    5821      40.3965
    5822      41.7462
    5823      41.6127
    5824      40.9562
    5825      40.8400
    5826      41.5959
    5827      40.9147
    5828      40.4782
    5829      40.6571
    5830      40.9553
    5831      41.0796
    5832      41.1177
    5833      40.9854
    5834      39.8962
    5835      40.4553
    5836      40.5112
    5837      40.8980
    5838      41.0309
    5839      40.8531
    5840      40.6176
    5841      40.3229
    5842      40.8670
    5843      42.0382
    5844      40.9548
    5845      41.1070
    5846      41.1071
    5847      41.1883
    5848      40.8350
    5849      41.2168
    5850      40.6896
    5851      40.2366
    5852      40.1603
    5853      41.2157
    5854      40.3345
    5855      41.7835
    5856      40.0474
    5857      40.7741
    5858      40.4346
    5859      41.4661
    5860      41.1329
    5861      41.5857
    5862      42.3012
    5863      41.5675
    5864      41.8082
    5865      40.9709
    5866      41.2488
    5867      41.4697
    5868      39.7897
    5869      40.7573
    5870      40.4948
    5871      39.6124
    5872      40.8941
    5873      40.9952
    5874      42.6577
    5875      41.7089
    5876      42.0440
    5877      40.4074
    5878      40.7122
    5879      41.4288
    5880      42.3818
    5881      40.8120
    5882      41.1418
    5883      40.8487
    5884      39.8723
    5885      40.8334
    5886      41.4378
    5887      42.0340
    5888      41.1384
    5889      41.0723
    5890      41.8760
    5891      42.1697
    5892      41.5323
    5893      41.0576
    5894      40.9525
    5895      41.5783
    5896      41.9877
    5897      41.8157
    5898      42.3300
    5899      42.1011
    5900      43.2597
    5901      41.7508
    5902      42.3749
    5903      42.2505
    5904      41.7425
    5905      40.4351
    5906      41.1510
    5907      42.6276
    5908      41.9941
    5909      42.1603
    5910      43.3753
    5911      42.7009
    5912      42.7961
    5913      42.1713
    5914      41.5746
    5915      40.5987
    5916      41.1228
    5917      41.7918
    5918      41.2305
    5919      40.8951
    5920      41.5976
    5921      41.2091
    5922      41.3282
    5923      41.4877
    5924      40.5415
    5925      41.0851
    5926      40.1764
    5927      40.7012
    5928      41.1604
    5929      41.0841
    5930      41.2911
    5931      40.0920
    5932      41.1463
    5933      41.1500
    5934      41.6400
    5935      41.5496
    5936      40.6367
    5937      41.1177
    5938      40.2776
    5939      41.0633
    5940      41.4722
    5941      41.4415
    5942      41.2236
    5943      41.0722
    5944      41.3190
    5945      39.8886
    5946      40.8384
    5947      41.7120
    5948      40.3351
    5949      39.8659
    5950      40.8655
    5951      40.7526
    5952      41.3454
    5953      42.1302
    5954      41.2577
    5955      40.2285
    5956      41.3069
    5957      40.8690
    5958      40.1790
    5959      40.6446
    5960      39.9580
    5961      40.4045
    5962      40.0447
    5963      40.5446
    5964      41.3223
    5965      40.2641
    5966      42.0574
    5967      41.3730
    5968      42.2954
    5969      41.6898
    5970      42.7853
    5971      42.7014
    5972      41.9346
    5973      41.6087
    5974      42.0653
    5975      41.4811
    5976      40.4639
    5977      41.9352
    5978      41.2089
    5979      41.4380
    5980      41.6835
    5981      41.5459
    5982      41.4693
    5983      41.3209
    5984      41.4416
    5985      41.0229
    5986      40.5573
    5987      39.9803
    5988      40.3598
    5989      41.5457
    5990      41.0685
    5991      40.6736
    5992      41.5632
    5993      40.8715
    5994      40.2885
    5995      40.7322
    5996      41.3980
    5997      40.3283
    5998      41.6851
    5999      41.5834
    6000      41.4397
    6001      58.4491
    6002      58.8343
    6003      55.8410
    6004      54.6628
    6005      53.4391
    6006      55.0301
    6007      56.5544
    6008      55.4066
    6009      60.1236
    6010      62.8401
    6011      60.5417
    6012      60.5058
    6013      58.3171
    6014      57.4289
    6015      58.5496
    6016      55.5703
    6017      57.0856
    6018      56.9897
    6019      58.8692
    6020      58.1086
    6021      58.9499
    6022      58.2040
    6023      58.4558
    6024      56.7574
    6025      56.4317
    6026      58.2953
    6027      56.6670
    6028      57.3039
    6029      57.8260
    6030      58.4766
    6031      56.8466
    6032      56.9482
    6033      57.2793
    6034      55.6424
    6035      57.5378
    6036      56.6485
    6037      57.4435
    6038      57.1815
    6039      56.9980
    6040      58.4275
    6041      58.5419
    6042      57.3004
    6043      58.7401
    6044      57.6319
    6045      55.9738
    6046      56.9555
    6047      54.9792
    6048      57.0785
    6049      57.5730
    6050      55.9068
    6051      59.3237
    6052      58.7472
    6053      59.1786
    6054      60.5107
    6055      61.7620
    6056      60.7179
    6057      60.0276
    6058      59.4311
    6059      62.5124
    6060      61.8741
    6061      60.3395
    6062      58.5492
    6063      59.9768
    6064      58.5698
    6065      59.7386
    6066      61.2435
    6067      58.8404
    6068      57.9525
    6069      59.0725
    6070      59.7870
    6071      58.2100
    6072      57.4803
    6073      56.9545
    6074      56.6871
    6075      59.5421
    6076      56.7158
    6077      56.6739
    6078      57.1586
    6079      57.8329
    6080      54.7014
    6081      56.1788
    6082      53.7138
    6083      53.8520
    6084      54.3877
    6085      52.5594
    6086      53.0071
    6087      55.9701
    6088      54.2543
    6089      54.7670
    6090      52.9664
    6091      53.5654
    6092      54.9531
    6093      54.9880
    6094      56.6598
    6095      55.4426
    6096      56.3711
    6097      55.2510
    6098      54.3583
    6099      54.3731
    6100      55.0020
    6101      55.4648
    6102      57.7323
    6103      54.2814
    6104      53.3987
    6105      53.9277
    6106      54.4624
    6107      56.9392
    6108      57.5758
    6109      56.0134
    6110      54.1931
    6111      54.9027
    6112      57.2824
    6113      56.9479
    6114      56.0964
    6115      56.2216
    6116      57.8883
    6117      56.1810
    6118      55.5818
    6119      59.1653
    6120      56.0780
    6121      55.0651
    6122      55.8688
    6123      55.5713
    6124      56.1934
    6125      54.9406
    6126      56.2615
    6127      57.1793
    6128      57.3830
    6129      56.0225
    6130      56.9693
    6131      55.7009
    6132      54.5928
    6133      54.8074
    6134      55.0073
    6135      58.6078
    6136      57.0775
    6137      56.8152
    6138      56.2089
    6139      55.3861
    6140      53.1416
    6141      53.8944
    6142      54.2321
    6143      50.7768
    6144      52.0333
    6145      53.6884
    6146      54.2861
    6147      56.8017
    6148      55.0621
    6149      56.0493
    6150      54.9689
    6151      55.5223
    6152      55.7398
    6153      56.2949
    6154      50.9720
    6155      52.9512
    6156      52.6662
    6157      57.1502
    6158      55.3832
    6159      52.5411
    6160      53.0887
    6161      52.7740
    6162      53.5122
    6163      53.3383
    6164      52.2494
    6165      53.7377
    6166      54.6711
    6167      53.0610
    6168      50.4324
    6169      50.9322
    6170      51.0083
    6171      51.2207
    6172      50.2910
    6173      52.3874
    6174      55.8107
    6175      54.9102
    6176      54.5325
    6177      53.9297
    6178      54.2646
    6179      55.3969
    6180      53.4293
    6181      53.0711
    6182      53.0604
    6183      53.2781
    6184      54.2629
    6185      53.1588
    6186      53.2882
    6187      51.7801
    6188      50.8620
    6189      53.0268
    6190      52.9622
    6191      51.9829
    6192      55.2355
    6193      54.3192
    6194      54.6892
    6195      54.9082
    6196      52.4185
    6197      50.7842
    6198      54.6577
    6199      53.5463
    6200      52.0510
    6201      54.7761
    6202      55.8946
    6203      55.2208
    6204      55.5758
    6205      51.9493
    6206      52.6719
    6207      51.4067
    6208      52.2967
    6209      56.3771
    6210      53.5345
    6211      52.5351
    6212      53.2818
    6213      54.9868
    6214      57.0040
    6215      54.2993
    6216      55.6872
    6217      55.5178
    6218      55.2591
    6219      57.4512
    6220      53.1354
    6221      54.5330
    6222      54.5069
    6223      55.4599
    6224      59.9538
    6225      56.8107
    6226      58.7828
    6227      56.4925
    6228      57.6627
    6229      56.2096
    6230      56.2504
    6231      56.4671
    6232      56.0996
    6233      55.1460
    6234      53.3325
    6235      56.3755
    6236      52.8187
    6237      54.2150
    6238      54.8762
    6239      56.4291
    6240      55.0212
    6241      56.4038
    6242      53.5406
    6243      55.3526
    6244      55.9642
    6245      55.8781
    6246      57.2107
    6247      55.2047
    6248      55.5481
    6249      52.5921
    6250      52.9343
    6251      56.7401
    6252      56.7054
    6253      56.8109
    6254      54.2786
    6255      55.7137
    6256      54.0867
    6257      54.9772
    6258      57.8817
    6259      58.7615
    6260      56.6607
    6261      57.9239
    6262      59.8557
    6263      57.0082
    6264      56.3252
    6265      57.0494
    6266      57.1493
    6267      59.8840
    6268      55.8956
    6269      56.6939
    6270      54.5018
    6271      50.9887
    6272      53.8907
    6273      57.0908
    6274      58.3084
    6275      56.6108
    6276      55.9835
    6277      55.0126
    6278      53.8519
    6279      53.9452
    6280      59.0172
    6281      57.1968
    6282      54.2691
    6283      53.5102
    6284      53.6409
    6285      52.8368
    6286      55.2668
    6287      55.7003
    6288      57.3746
    6289      56.1550
    6290      57.7024
    6291      58.3292
    6292      57.0632
    6293      56.5819
    6294      56.4424
    6295      57.8058
    6296      59.3258
    6297      63.2356
    6298      64.7929
    6299      64.4099
    6300      57.3432
    6301      58.3194
    6302      56.5844
    6303      57.4644
    6304      58.8327
    6305      56.8140
    6306      56.4508
    6307      56.9718
    6308      58.8174
    6309      61.0623
    6310      59.1832
    6311      60.1108
    6312      62.7596
    6313      61.8257
    6314      62.6110
    6315      58.8357
    6316      59.0696
    6317      60.4374
    6318      61.6816
    6319      61.7645
    6320      60.5151
    6321      59.3610
    6322      62.6225
    6323      58.9705
    6324      58.7615
    6325      65.1547
    6326      62.8719
    6327      56.7936
    6328      58.0103
    6329      54.4391
    6330      57.4428
    6331      60.0349
    6332      57.2269
    6333      55.8934
    6334      54.5565
    6335      55.7398
    6336      55.8106
    6337      58.7179
    6338      58.9444
    6339      57.8984
    6340      60.3836
    6341      61.9113
    6342      56.7936
    6343      58.7709
    6344      57.2215
    6345      56.2674
    6346      57.4967
    6347      53.8985
    6348      52.6627
    6349      55.2445
    6350      54.5255
    6351      48.6898
    6352      52.9306
    6353      50.8943
    6354      53.1531
    6355      53.1867
    6356      53.9525
    6357      54.7510
    6358      55.3913
    6359      54.9425
    6360      56.2898
    6361      54.9159
    6362      55.1714
    6363      53.4514
    6364      50.9697
    6365      54.6138
    6366      54.3468
    6367      53.5640
    6368      52.0935
    6369      53.9053
    6370      55.1108
    6371      54.1795
    6372      54.6007
    6373      53.7116
    6374      55.0238
    6375      55.2497
    6376      55.8012
    6377      56.9173
    6378      55.4119
    6379      55.5194
    6380      51.7478
    6381      53.5298
    6382      52.0569
    6383      53.7758
    6384      49.6614
    6385      52.2456
    6386      50.5077
    6387      49.2106
    6388      47.0649
    6389      52.2124
    6390      53.6321
    6391      54.4844
    6392      56.4285
    6393      55.3697
    6394      55.8481
    6395      56.4413
    6396      56.7615
    6397      55.3299
    6398      57.4954
    6399      56.4813
    6400      56.8890
    6401      57.6555
    6402      55.7146
    6403      54.9811
    6404      51.0712
    6405      51.9682
    6406      51.7819
    6407      54.0791
    6408      52.9905
    6409      51.2875
    6410      53.3895
    6411      52.8315
    6412      51.1339
    6413      56.7238
    6414      55.2538
    6415      54.9962
    6416      52.9087
    6417      52.6099
    6418      53.0423
    6419      50.4431
    6420      50.6931
    6421      53.0446
    6422      50.3748
    6423      53.3025
    6424      51.6809
    6425      54.6122
    6426      53.0371
    6427      53.0757
    6428      50.3781
    6429      51.5607
    6430      53.3795
    6431      52.9274
    6432      51.0594
    6433      55.0451
    6434      55.8176
    6435      53.1072
    6436      51.3021
    6437      52.2439
    6438      52.9577
    6439      52.7058
    6440      54.8823
    6441      54.3953
    6442      54.4626
    6443      55.8044
    6444      56.8464
    6445      56.6923
    6446      56.7560
    6447      50.2598
    6448      54.5792
    6449      52.9594
    6450      54.1508
    6451      53.4921
    6452      51.6613
    6453      54.5321
    6454      53.7935
    6455      54.5069
    6456      56.3686
    6457      56.3723
    6458      57.9657
    6459      56.6707
    6460      56.8732
    6461      58.4475
    6462      57.9935
    6463      58.5738
    6464      57.1119
    6465      58.2063
    6466      60.3502
    6467      61.3357
    6468      56.9426
    6469      58.4591
    6470      56.5986
    6471      58.7731
    6472      58.0604
    6473      57.5608
    6474      59.9974
    6475      57.5818
    6476      57.4674
    6477      58.3617
    6478      59.2740
    6479      55.2969
    6480      56.9804
    6481      55.4902
    6482      58.9876
    6483      59.6696
    6484      57.3864
    6485      55.3345
    6486      56.4396
    6487      57.5478
    6488      54.4487
    6489      54.6015
    6490      54.5646
    6491      55.2481
    6492      53.5767
    6493      55.5330
    6494      55.1025
    6495      54.4423
    6496      56.5216
    6497      56.9005
    6498      57.3669
    6499      53.7043
    6500      54.6268
    6501      54.0547
    6502      55.4770
    6503      54.4238
    6504      55.3115
    6505      55.8778
    6506      59.2103
    6507      58.8769
    6508      57.5736
    6509      59.9036
    6510      61.8127
    6511      60.5831
    6512      57.5010
    6513      59.7461
    6514      63.2633
    6515      62.4485
    6516      61.4987
    6517      59.4796
    6518      60.3240
    6519      59.2951
    6520      57.4935
    6521      60.5467
    6522      62.7738
    6523      58.4832
    6524      57.8128
    6525      53.8208
    6526      55.8508
    6527      57.1978
    6528      57.7222
    6529      57.2739
    6530      54.4663
    6531      56.7648
    6532      56.5034
    6533      58.5880
    6534      56.7625
    6535      58.1656
    6536      55.3584
    6537      52.8991
    6538      54.6705
    6539      53.8754
    6540      52.5008
    6541      53.9591
    6542      53.7019
    6543      52.6616
    6544      52.8156
    6545      52.5773
    6546      53.3067
    6547      53.1226
    6548      53.4844
    6549      53.7261
    6550      53.9205
    6551      51.9315
    6552      53.3298
    6553      54.7265
    6554      54.1456
    6555      52.8186
    6556      51.5099
    6557      51.5233
    6558      49.4715
    6559      53.6424
    6560      54.0880
    6561      52.1757
    6562      55.7428
    6563      54.7511
    6564      53.6311
    6565      56.2322
    6566      56.4129
    6567      56.9418
    6568      55.3573
    6569      52.7653
    6570      54.3456
    6571      56.0936
    6572      56.2042
    6573      55.5651
    6574      53.5911
    6575      56.1920
    6576      56.8634
    6577      56.6130
    6578      53.5109
    6579      55.9468
    6580      56.0264
    6581      55.7585
    6582      55.7680
    6583      55.8018
    6584      53.1265
    6585      55.9539
    6586      55.0724
    6587      57.2386
    6588      56.6994
    6589      53.7215
    6590      56.8567
    6591      56.7283
    6592      56.6520
    6593      56.0604
    6594      54.3356
    6595      57.0644
    6596      53.1984
    6597      54.6213
    6598      55.1975
    6599      57.5310
    6600      57.0950
    6601      58.1752
    6602      56.3570
    6603      57.0987
    6604      55.5452
    6605      54.5751
    6606      56.0990
    6607      57.6506
    6608      56.8205
    6609      56.7689
    6610      58.8712
    6611      60.7337
    6612      59.2013
    6613      56.1460
    6614      55.6498
    6615      55.7647
    6616      57.9278
    6617      56.9560
    6618      59.4154
    6619      57.5237
    6620      57.9983
    6621      55.4583
    6622      55.1898
    6623      55.6662
    6624      54.5029
    6625      52.8017
    6626      55.4391
    6627      53.5501
    6628      52.1218
    6629      52.4467
    6630      50.4366
    6631      53.9665
    6632      55.1603
    6633      52.9355
    6634      53.5203
    6635      50.9999
    6636      50.8030
    6637      49.1134
    6638      50.5166
    6639      49.1607
    6640      49.7021
    6641      48.6802
    6642      51.4580
    6643      51.8714
    6644      54.0032
    6645      53.5727
    6646      53.4895
    6647      52.3716
    6648      50.4994
    6649      51.6146
    6650      50.3147
    6651      49.6549
    6652      50.4481
    6653      52.2058
    6654      48.3956
    6655      51.0144
    6656      49.3910
    6657      51.0238
    6658      49.8343
    6659      50.8283
    6660      49.1680
    6661      51.0459
    6662      49.3012
    6663      53.2976
    6664      52.8958
    6665      55.8803
    6666      55.0000
    6667      57.8811
    6668      55.6716
    6669      55.0371
    6670      56.7498
    6671      57.1713
    6672      58.0431
    6673      57.0826
    6674      55.7179
    6675      57.2279
    6676      55.9637
    6677      60.0029
    6678      57.7574
    6679      58.9243
    6680      55.9103
    6681      59.8006
    6682      61.9854
    6683      57.9172
    6684      59.3159
    6685      58.7905
    6686      57.8243
    6687      59.4027
    6688      60.5081
    6689      64.4970
    6690      61.1327
    6691      60.9267
    6692      61.5581
    6693      60.0209
    6694      60.8144
    6695      58.8635
    6696      53.9768
    6697      54.6541
    6698      56.7012
    6699      55.3120
    6700      55.4758
    6701      54.7336
    6702      52.7730
    6703      52.3631
    6704      53.2962
    6705      53.3419
    6706      53.0395
    6707      52.6617
    6708      51.7751
    6709      50.9047
    6710      50.5995
    6711      49.6375
    6712      50.4992
    6713      54.2296
    6714      53.6415
    6715      53.9912
    6716      52.4623
    6717      53.5414
    6718      56.7482
    6719      54.0156
    6720      55.1331
    6721      52.1489
    6722      54.1805
    6723      54.1564
    6724      56.0851
    6725      54.1064
    6726      52.8272
    6727      51.8002
    6728      54.8824
    6729      52.8846
    6730      54.5523
    6731      55.3442
    6732      55.1371
    6733      54.3212
    6734      56.4161
    6735      55.7386
    6736      55.5926
    6737      55.4889
    6738      57.2564
    6739      55.9891
    6740      53.9420
    6741      55.1588
    6742      54.2890
    6743      57.4369
    6744      58.5527
    6745      57.1939
    6746      55.6736
    6747      57.3459
    6748      57.9459
    6749      58.5058
    6750      56.9090
    6751      58.3038
    6752      57.4941
    6753      56.7255
    6754      54.3949
    6755      56.1485
    6756      55.1544
    6757      55.6666
    6758      58.7644
    6759      58.2054
    6760      58.6003
    6761      57.5158
    6762      58.0327
    6763      56.5939
    6764      56.5748
    6765      54.2414
    6766      56.5990
    6767      52.9304
    6768      56.5933
    6769      57.1708
    6770      59.2612
    6771      59.5411
    6772      58.5181
    6773      55.7010
    6774      57.2193
    6775      53.2603
    6776      54.8388
    6777      54.4868
    6778      52.2210
    6779      52.1577
    6780      51.3567
    6781      55.4598
    6782      55.6921
    6783      56.3472
    6784      53.3075
    6785      52.7298
    6786      56.6748
    6787      57.4815
    6788      57.8299
    6789      56.4285
    6790      59.9691
    6791      59.8609
    6792      54.0800
    6793      55.0042
    6794      53.1767
    6795      54.0030
    6796      56.7306
    6797      56.9849
    6798      55.9455
    6799      56.3447
    6800      53.8949
    6801      55.1908
    6802      56.4234
    6803      59.7319
    6804      54.1943
    6805      55.6260
    6806      52.2034
    6807      52.0978
    6808      53.4989
    6809      55.0629
    6810      55.6177
    6811      54.1565
    6812      53.6719
    6813      55.3397
    6814      53.9887
    6815      52.5937
    6816      53.3144
    6817      56.4755
    6818      53.0553
    6819      52.5998
    6820      54.8337
    6821      55.4772
    6822      53.1770
    6823      51.5480
    6824      53.0544
    6825      54.3054
    6826      53.3116
    6827      52.4055
    6828      53.0821
    6829      52.9945
    6830      53.0910
    6831      53.0875
    6832      53.0135
    6833      52.3979
    6834      53.5539
    6835      53.4965
    6836      54.1470
    6837      53.0051
    6838      53.6317
    6839      51.9982
    6840      53.4334
    6841      50.5094
    6842      53.2546
    6843      51.9209
    6844      54.4493
    6845      57.5609
    6846      58.8698
    6847      62.1367
    6848      55.5652
    6849      59.2015
    6850      57.4016
    6851      57.4441
    6852      57.3763
    6853      59.0649
    6854      59.6691
    6855      62.0566
    6856      63.0665
    6857      59.8830
    6858      55.1657
    6859      60.5712
    6860      63.5404
    6861      61.4560
    6862      63.3460
    6863      61.5370
    6864      60.6963
    6865      61.6882
    6866      58.0586
    6867      58.2729
    6868      62.4064
    6869      63.5313
    6870      64.2942
    6871      63.7190
    6872      64.9212
    6873      62.6586
    6874      58.6622
    6875      60.8137
    6876      61.2597
    6877      63.0579
    6878      60.7409
    6879      60.2693
    6880      59.0126
    6881      57.9207
    6882      57.2003
    6883      55.9070
    6884      55.2410
    6885      53.5614
    6886      52.9540
    6887      54.3073
    6888      54.0337
    6889      54.4331
    6890      55.6966
    6891      55.7066
    6892      56.6459
    6893      54.3785
    6894      53.4333
    6895      58.0699
    6896      51.1200
    6897      51.7948
    6898      54.3405
    6899      55.2053
    6900      53.9802
    6901      49.2887
    6902      48.3496
    6903      50.2456
    6904      51.4715
    6905      47.7288
    6906      50.1638
    6907      52.0665
    6908      52.9866
    6909      53.5498
    6910      56.1443
    6911      58.0757
    6912      57.0723
    6913      56.8574
    6914      58.4395
    6915      55.8151
    6916      57.0724
    6917      58.0560
    6918      57.9246
    6919      57.9599
    6920      61.1411
    6921      64.6753
    6922      64.3235
    6923      62.9321
    6924      61.2424
    6925      60.9773
    6926      58.8829
    6927      56.8631
    6928      56.2539
    6929      56.7296
    6930      59.9464
    6931      56.5795
    6932      54.7069
    6933      53.8933
    6934      54.8528
    6935      56.9136
    6936      55.3808
    6937      55.5046
    6938      54.7476
    6939      55.6799
    6940      56.8145
    6941      57.8106
    6942      56.8070
    6943      60.5812
    6944      58.2671
    6945      56.7285
    6946      58.9597
    6947      58.9390
    6948      60.2182
    6949      59.9455
    6950      57.9435
    6951      58.6931
    6952      53.9845
    6953      56.9908
    6954      59.7337
    6955      59.6661
    6956      60.9270
    6957      60.6445
    6958      63.1944
    6959      61.0541
    6960      62.2103
    6961      59.2196
    6962      58.3334
    6963      60.3712
    6964      61.6170
    6965      56.7010
    6966      57.0384
    6967      53.8146
    6968      52.2897
    6969      54.8287
    6970      53.2479
    6971      52.7124
    6972      56.5223
    6973      57.9926
    6974      57.8865
    6975      57.5502
    6976      55.3091
    6977      54.7305
    6978      53.2368
    6979      56.3874
    6980      57.4720
    6981      59.8422
    6982      59.0434
    6983      60.0248
    6984      56.7193
    6985      54.9141
    6986      56.2922
    6987      56.4339
    6988      58.8448
    6989      58.2167
    6990      59.4951
    6991      57.0993
    6992      57.1999
    6993      57.7978
    6994      58.1765
    6995      56.5282
    6996      57.7115
    6997      56.2286
    6998      57.6183
    6999      59.3792
    7000      61.1796
    7001      57.2753
    7002      56.9787
    7003      57.3520
    7004      60.4032
    7005      58.5176
    7006      59.6208
    7007      56.1243
    7008      57.2004
    7009      58.1738
    7010      64.2011
    7011      58.5604
    7012      59.5811
    7013      64.5267
    7014      62.0081
    7015      61.7698
    7016      60.8487
    7017      62.3765
    7018      60.9838
    7019      56.9856
    7020      54.5328
    7021      53.8467
    7022      59.1032
    7023      54.9220
    7024      52.8106
    7025      55.1957
    7026      56.0190
    7027      55.3486
    7028      58.5487
    7029      58.5129
    7030      61.7764
    7031      60.7851
    7032      59.1082
    7033      55.4930
    7034      58.8161
    7035      56.1642
    7036      57.0743
    7037      61.4210
    7038      62.8082
    7039      59.9795
    7040      62.5545
    7041      58.7786
    7042      58.5778
    7043      59.6846
    7044      61.0086
    7045      59.5652
    7046      59.5590
    7047      61.8522
    7048      62.3733
    7049      63.5241
    7050      67.0175
    7051      64.1414
    7052      62.3988
    7053      65.0140
    7054      66.3390
    7055      60.8867
    7056      62.6683
    7057      64.3552
    7058      64.9603
    7059      64.0642
    7060      66.4243
    7061      66.8074
    7062      69.2342
    7063      70.2734
    7064      70.7211
    7065      65.8478
    7066      63.6968
    7067      64.8356
    7068      63.8797
    7069      64.4372
    7070      67.1998
    7071      65.0244
    7072      66.0560
    7073      63.2198
    7074      63.1681
    7075      65.1266
    7076      58.8939
    7077      62.3903
    7078      61.2394
    7079      59.1766
    7080      57.6565
    7081      57.3611
    7082      60.1672
    7083      61.5223
    7084      59.0867
    7085      61.2309
    7086      63.2464
    7087      63.1602
    7088      62.9803
    7089      61.9870
    7090      63.2734
    7091      60.5757
    7092      63.9942
    7093      65.4436
    7094      66.2247
    7095      69.2404
    7096      69.2146
    7097      65.6164
    7098      62.6682
    7099      60.1902
    7100      57.4475
    7101      56.7250
    7102      55.3631
    7103      57.2788
    7104      56.8091
    7105      56.5627
    7106      58.9559
    7107      57.3371
    7108      58.9406
    7109      58.9903
    7110      58.4420
    7111      55.4251
    7112      55.9527
    7113      56.0740
    7114      59.7483
    7115      62.5438
    7116      60.4075
    7117      61.6235
    7118      59.3831
    7119      60.9244
    7120      59.6951
    7121      60.5491
    7122      60.5160
    7123      58.3542
    7124      60.0720
    7125      59.3826
    7126      56.4990
    7127      54.4886
    7128      55.6837
    7129      57.1377
    7130      56.1936
    7131      57.4922
    7132      60.3821
    7133      59.6454
    7134      62.0751
    7135      59.5731
    7136      58.7923
    7137      58.0627
    7138      58.3269
    7139      61.9736
    7140      64.1063
    7141      60.3705
    7142      61.8182
    7143      61.1929
    7144      61.7078
    7145      66.0874
    7146      62.8427
    7147      65.9722
    7148      66.2584
    7149      64.9150
    7150      67.6024
    7151      68.7395
    7152      66.6058
    7153      66.5146
    7154      63.4421
    7155      63.9579
    7156      65.3073
    7157      63.8731
    7158      66.2826
    7159      66.9450
    7160      63.3957
    7161      64.8051
    7162      59.9029
    7163      60.5081
    7164      58.4964
    7165      63.6207
    7166      66.3151
    7167      62.4035
    7168      62.7630
    7169      65.9416
    7170      65.4517
    7171      65.0159
    7172      61.8280
    7173      58.9471
    7174      59.7088
    7175      61.1031
    7176      60.8146
    7177      61.8191
    7178      61.2249
    7179      62.1335
    7180      60.5884
    7181      57.4675
    7182      61.7368
    7183      61.5493
    7184      58.1997
    7185      54.6758
    7186      58.0892
    7187      59.6540
    7188      58.7149
    7189      56.8724
    7190      55.8178
    7191      56.9492
    7192      60.2223
    7193      59.0421
    7194      60.3631
    7195      59.3496
    7196      58.3227
    7197      56.3841
    7198      57.4498
    7199      57.1451
    7200      58.0539
    7201      57.9351
    7202      55.2856
    7203      55.2778
    7204      55.1518
    7205      55.4999
    7206      55.9372
    7207      56.3836
    7208      54.7806
    7209      54.6563
    7210      54.6517
    7211      57.3857
    7212      53.3458
    7213      53.7063
    7214      55.5245
    7215      56.2695
    7216      57.2260
    7217      56.3318
    7218      57.2933
    7219      56.9391
    7220      58.5903
    7221      59.6505
    7222      59.0385
    7223      58.4398
    7224      57.5471
    7225      56.8910
    7226      57.2921
    7227      59.1774
    7228      58.3428
    7229      56.1212
    7230      56.6823
    7231      58.6455
    7232      59.2428
    7233      57.9892
    7234      58.6800
    7235      57.8154
    7236      59.2290
    7237      55.7950
    7238      56.9250
    7239      57.5121
    7240      56.9228
    7241      56.2512
    7242      55.0226
    7243      54.7485
    7244      54.2050
    7245      55.2221
    7246      55.3975
    7247      54.2994
    7248      54.3180
    7249      53.1485
    7250      53.5074
    7251      55.1681
    7252      54.2972
    7253      52.6279
    7254      53.0718
    7255      54.1666
    7256      57.4707
    7257      55.8588
    7258      55.3911
    7259      55.2505
    7260      54.6344
    7261      57.6751
    7262      56.4629
    7263      55.5640
    7264      59.0354
    7265      56.3643
    7266      56.1653
    7267      56.6758
    7268      58.2145
    7269      58.7353
    7270      56.5985
    7271      58.0034
    7272      57.3692
    7273      57.7918
    7274      55.9804
    7275      54.0938
    7276      57.3733
    7277      55.7741
    7278      54.4159
    7279      58.5328
    7280      58.8728
    7281      59.4138
    7282      56.1324
    7283      56.0211
    7284      55.7489
    7285      56.9294
    7286      58.8680
    7287      60.1698
    7288      60.7182
    7289      60.7392
    7290      61.4539
    7291      56.0832
    7292      56.5833
    7293      56.3009
    7294      60.3464
    7295      60.8290
    7296      59.4840
    7297      63.7710
    7298      62.1250
    7299      58.2375
    7300      59.8885
    7301      61.8448
    7302      63.5110
    7303      62.3768
    7304      63.1633
    7305      62.4627
    7306      60.7285
    7307      60.8909
    7308      60.7158
    7309      64.5562
    7310      65.5484
    7311      64.7270
    7312      62.5068
    7313      59.8981
    7314      58.0412
    7315      58.3427
    7316      60.4823
    7317      61.2961
    7318      61.0557
    7319      59.7274
    7320      60.6237
    7321      64.1501
    7322      62.5366
    7323      61.8310
    7324      60.8231
    7325      59.3356
    7326      58.3197
    7327      57.0667
    7328      59.3420
    7329      59.4089
    7330      59.8303
    7331      61.4771
    7332      61.7077
    7333      62.6648
    7334      58.5902
    7335      62.6408
    7336      62.5550
    7337      61.8556
    7338      59.7292
    7339      60.1254
    7340      59.9155
    7341      58.5454
    7342      59.2774
    7343      59.5836
    7344      59.9370
    7345      59.3523
    7346      59.8805
    7347      58.6557
    7348      60.8432
    7349      60.7507
    7350      57.9376
    7351      55.9102
    7352      58.2604
    7353      57.8706
    7354      57.7235
    7355      56.8346
    7356      56.9539
    7357      57.6594
    7358      58.3018
    7359      61.1547
    7360      59.3791
    7361      59.5626
    7362      61.9089
    7363      61.4095
    7364      62.1572
    7365      60.6541
    7366      60.9005
    7367      61.4682
    7368      59.6763
    7369      58.3763
    7370      57.0471
    7371      57.7175
    7372      57.0464
    7373      56.0538
    7374      57.6056
    7375      58.1177
    7376      60.5590
    7377      60.1946
    7378      56.7146
    7379      57.3177
    7380      57.8912
    7381      57.7064
    7382      59.3196
    7383      56.8905
    7384      57.9247
    7385      55.6436
    7386      57.4648
    7387      58.3575
    7388      54.6721
    7389      53.4166
    7390      55.5098
    7391      58.4332
    7392      60.2862
    7393      55.8685
    7394      61.6593
    7395      62.6590
    7396      60.5548
    7397      54.3190
    7398      56.1219
    7399      60.5103
    7400      54.8613
    7401      56.4089
    7402      55.3202
    7403      55.6851
    7404      54.5660
    7405      56.2035
    7406      58.9218
    7407      58.4349
    7408      56.3745
    7409      58.1844
    7410      59.1947
    7411      57.9267
    7412      57.2565
    7413      56.2517
    7414      57.8012
    7415      56.6119
    7416      54.0329
    7417      51.8603
    7418      53.9661
    7419      53.3050
    7420      55.1981
    7421      56.6814
    7422      56.0226
    7423      57.9497
    7424      56.8691
    7425      55.1578
    7426      56.1260
    7427      55.9576
    7428      54.7169
    7429      55.4355
    7430      56.6524
    7431      56.3698
    7432      55.7896
    7433      55.9244
    7434      53.3496
    7435      55.2648
    7436      54.5187
    7437      53.1710
    7438      55.5117
    7439      57.0326
    7440      55.2796
    7441      54.8451
    7442      57.6405
    7443      55.2310
    7444      55.4439
    7445      55.3703
    7446      55.7858
    7447      55.3486
    7448      55.2621
    7449      54.4747
    7450      54.7741
    7451      51.9688
    7452      54.0633
    7453      53.4340
    7454      54.6684
    7455      53.3456
    7456      54.8169
    7457      53.0672
    7458      52.9318
    7459      52.2954
    7460      53.5666
    7461      52.8689
    7462      53.7686
    7463      52.0522
    7464      55.5739
    7465      55.5200
    7466      56.9919
    7467      56.2881
    7468      55.0048
    7469      54.6486
    7470      55.2535
    7471      58.3645
    7472      56.2654
    7473      54.2930
    7474      57.0400
    7475      55.6995
    7476      56.2269
    7477      57.6123
    7478      56.1293
    7479      57.3539
    7480      55.5270
    7481      56.5179
    7482      56.2716
    7483      56.2588
    7484      55.1078
    7485      54.2712
    7486      56.0640
    7487      53.9892
    7488      54.5132
    7489      55.6152
    7490      54.7964
    7491      55.0164
    7492      54.5865
    7493      54.2497
    7494      52.7521
    7495      54.5471
    7496      55.5371
    7497      56.6212
    7498      58.9334
    7499      56.9627
    7500      56.5189
    7501      57.5790
    7502      55.7205
    7503      56.5751
    7504      55.3897
    7505      56.6858
    7506      57.4838
    7507      55.7170
    7508      54.9051
    7509      55.9155
    7510      55.5631
    7511      56.0373
    7512      55.7566
    7513      55.9228
    7514      58.6851
    7515      56.4719
    7516      56.9900
    7517      58.3488
    7518      58.9802
    7519      58.1555
    7520      58.5877
    7521      56.9001
    7522      57.5293
    7523      57.3653
    7524      58.7696
    7525      57.5740
    7526      57.6665
    7527      56.5516
    7528      55.2708
    7529      55.5320
    7530      54.4483
    7531      55.3720
    7532      56.4714
    7533      56.9121
    7534      58.0418
    7535      56.3076
    7536      58.4566
    7537      57.7759
    7538      59.0055
    7539      56.5763
    7540      57.6613
    7541      57.7170
    7542      56.4513
    7543      55.8009
    7544      57.1490
    7545      54.8460
    7546      55.0717
    7547      56.9469
    7548      57.1925
    7549      57.1121
    7550      59.0646
    7551      56.4908
    7552      55.4186
    7553      55.7374
    7554      56.7043
    7555      55.3780
    7556      54.4977
    7557      56.4316
    7558      58.7747
    7559      55.9326
    7560      55.2201
    7561      54.7258
    7562      56.3907
    7563      55.8140
    7564      55.8950
    7565      58.7846
    7566      58.2851
    7567      57.8587
    7568      59.6134
    7569      59.2987
    7570      56.2614
    7571      59.7140
    7572      56.7550
    7573      59.3145
    7574      57.8593
    7575      59.5971
    7576      58.4371
    7577      58.1070
    7578      56.1725
    7579      55.4711
    7580      56.3940
    7581      55.5977
    7582      59.2150
    7583      58.4572
    7584      56.2671
    7585      55.6656
    7586      56.4580
    7587      57.3907
    7588      56.6818
    7589      55.5789
    7590      55.1593
    7591      55.2341
    7592      57.6943
    7593      57.5653
    7594      58.1757
    7595      55.2878
    7596      57.3484
    7597      54.1317
    7598      54.9519
    7599      57.3512
    7600      56.0181
    7601      56.5137
    7602      55.5529
    7603      59.4893
    7604      58.9056
    7605      60.4925
    7606      60.6511
    7607      58.8617
    7608      56.9707
    7609      59.3290
    7610      60.5257
    7611      58.6059
    7612      58.4846
    7613      58.2781
    7614      58.3074
    7615      58.2708
    7616      59.0098
    7617      57.4822
    7618      58.7897
    7619      56.4373
    7620      59.2063
    7621      59.1995
    7622      59.5833
    7623      60.8826
    7624      57.8575
    7625      60.5076
    7626      60.4350
    7627      58.6743
    7628      59.4123
    7629      59.1611
    7630      59.6289
    7631      59.2592
    7632      57.6924
    7633      58.0529
    7634      58.4852
    7635      57.8296
    7636      58.9379
    7637      57.8786
    7638      58.3637
    7639      57.4398
    7640      57.5189
    7641      58.4620
    7642      58.4008
    7643      56.5124
    7644      56.3693
    7645      57.1328
    7646      55.2156
    7647      55.1093
    7648      55.7505
    7649      55.1319
    7650      54.5458
    7651      53.0849
    7652      52.6357
    7653      51.9953
    7654      53.4498
    7655      53.5386
    7656      53.6866
    7657      53.5258
    7658      53.6983
    7659      53.1875
    7660      53.1408
    7661      54.6817
    7662      53.6006
    7663      52.6427
    7664      52.3325
    7665      53.7315
    7666      53.0650
    7667      52.6968
    7668      53.8366
    7669      50.6689
    7670      53.6069
    7671      51.6357
    7672      52.5674
    7673      54.7238
    7674      55.1973
    7675      54.1088
    7676      54.6311
    7677      55.1830
    7678      53.0025
    7679      53.7696
    7680      53.8879
    7681      53.1263
    7682      53.9622
    7683      52.8465
    7684      51.6245
    7685      54.0378
    7686      52.2556
    7687      52.4036
    7688      52.9248
    7689      54.5383
    7690      56.3284
    7691      56.7626
    7692      56.1984
    7693      54.8918
    7694      52.2982
    7695      54.2409
    7696      53.7691
    7697      53.9737
    7698      54.4102
    7699      54.9098
    7700      55.4299
    7701      55.3515
    7702      57.3681
    7703      55.9478
    7704      56.7492
    7705      56.4529
    7706      57.2269
    7707      60.8715
    7708      58.7646
    7709      59.9736
    7710      61.4394
    7711      59.6551
    7712      59.4157
    7713      64.3105
    7714      63.1067
    7715      65.0836
    7716      64.8397
    7717      64.9096
    7718      62.6707
    7719      61.9896
    7720      63.3037
    7721      62.0385
    7722      60.9375
    7723      61.5982
    7724      59.0487
    7725      59.8853
    7726      59.6831
    7727      58.9203
    7728      57.8779
    7729      58.7187
    7730      58.0073
    7731      57.6730
    7732      57.4933
    7733      55.7183
    7734      54.6054
    7735      54.8540
    7736      53.5962
    7737      53.8545
    7738      54.9923
    7739      54.7030
    7740      56.4517
    7741      57.3941
    7742      57.4057
    7743      56.2254
    7744      62.5722
    7745      58.4029
    7746      60.7625
    7747      60.6611
    7748      63.9637
    7749      66.2398
    7750      65.0856
    7751      63.4186
    7752      65.1162
    7753      61.2703
    7754      55.6003
    7755      56.8252
    7756      55.5953
    7757      61.2158
    7758      64.2308
    7759      63.2014
    7760      59.8174
    7761      59.9812
    7762      60.5829
    7763      57.6652
    7764      57.6195
    7765      59.5191
    7766      56.0365
    7767      57.1066
    7768      56.0426
    7769      56.3332
    7770      57.5081
    7771      55.8525
    7772      55.7146
    7773      56.9687
    7774      55.1301
    7775      58.0243
    7776      58.0928
    7777      59.1535
    7778      59.0771
    7779      59.5195
    7780      60.1384
    7781      60.5503
    7782      59.3963
    7783      59.9768
    7784      57.9086
    7785      59.7714
    7786      65.0238
    7787      61.1207
    7788      60.6191
    7789      60.3825
    7790      60.3282
    7791      61.8656
    7792      61.7278
    7793      61.9550
    7794      60.5890
    7795      58.5612
    7796      59.8251
    7797      64.2592
    7798      63.9557
    7799      64.6337
    7800      61.9376
    7801      60.6413
    7802      56.5336
    7803      60.7868
    7804      59.3779
    7805      60.4193
    7806      58.6618
    7807      57.9367
    7808      56.3172
    7809      56.8112
    7810      61.9104
    7811      61.4216
    7812      61.9672
    7813      60.1461
    7814      62.3362
    7815      62.7359
    7816      63.2307
    7817      59.8550
    7818      58.9251
    7819      57.2737
    7820      57.1912
    7821      55.4766
    7822      57.9873
    7823      58.4588
    7824      56.6254
    7825      59.5144
    7826      58.1052
    7827      59.0832
    7828      59.4971
    7829      60.8323
    7830      55.8623
    7831      54.7256
    7832      59.2553
    7833      54.5562
    7834      55.3241
    7835      58.3167
    7836      57.5828
    7837      55.1161
    7838      55.6895
    7839      54.9529
    7840      55.2523
    7841      54.3281
    7842      53.3441
    7843      54.9504
    7844      51.5911
    7845      52.3497
    7846      53.7360
    7847      52.7262
    7848      51.4273
    7849      51.8074
    7850      52.8662
    7851      53.5306
    7852      53.9200
    7853      53.5045
    7854      54.2872
    7855      52.8042
    7856      52.5150
    7857      52.0334
    7858      53.7314
    7859      53.6223
    7860      53.6234
    7861      53.7403
    7862      54.2688
    7863      53.4082
    7864      54.0323
    7865      51.6928
    7866      51.6726
    7867      50.3195
    7868      50.8494
    7869      50.4218
    7870      51.9213
    7871      50.1633
    7872      52.2630
    7873      50.5527
    7874      51.0888
    7875      50.1015
    7876      50.7721
    7877      50.2443
    7878      50.5060
    7879      50.9933
    7880      50.7459
    7881      51.0402
    7882      52.7341
    7883      53.3935
    7884      52.2537
    7885      51.4461
    7886      53.3647
    7887      52.1063
    7888      51.6643
    7889      50.8346
    7890      52.3649
    7891      50.8075
    7892      50.9180
    7893      53.1376
    7894      52.9613
    7895      52.1231
    7896      50.5629
    7897      51.3108
    7898      52.4662
    7899      51.9201
    7900      51.6480
    7901      51.4681
    7902      51.5081
    7903      52.5145
    7904      52.2097
    7905      51.3065
    7906      52.0114
    7907      52.1586
    7908      51.5743
    7909      53.3449
    7910      53.2716
    7911      51.9754
    7912      52.2060
    7913      53.1314
    7914      53.0018
    7915      52.4709
    7916      52.2018
    7917      53.1186
    7918      53.2829
    7919      50.7951
    7920      52.2011
    7921      52.7198
    7922      52.5569
    7923      51.8236
    7924      51.0217
    7925      52.2940
    7926      51.0133
    7927      51.7552
    7928      51.9139
    7929      52.0761
    7930      52.1306
    7931      51.9165
    7932      50.6396
    7933      50.9872
    7934      51.0141
    7935      52.1679
    7936      52.8819
    7937      52.2464
    7938      51.6767
    7939      50.2621
    7940      51.5880
    7941      51.1260
    7942      50.8558
    7943      50.4202
    7944      51.3370
    7945      51.9495
    7946      50.9047
    7947      51.7437
    7948      49.7331
    7949      50.5543
    7950      50.9149
    7951      51.0793
    7952      51.8352
    7953      49.8838
    7954      51.2613
    7955      52.3759
    7956      51.4410
    7957      53.6070
    7958      49.9837
    7959      52.2318
    7960      52.2209
    7961      52.5791
    7962      52.5794
    7963      54.8523
    7964      53.0761
    7965      52.9647
    7966      52.1804
    7967      50.4456
    7968      53.8858
    7969      53.3489
    7970      54.0733
    7971      52.2902
    7972      52.6157
    7973      52.0370
    7974      52.9151
    7975      52.0964
    7976      51.7144
    7977      53.2302
    7978      52.4252
    7979      51.5874
    7980      52.1421
    7981      54.9872
    7982      56.0042
    7983      54.7685
    7984      55.3556
    7985      54.4264
    7986      53.9329
    7987      53.2454
    7988      52.0376
    7989      53.6155
    7990      53.9896
    7991      55.1905
    7992      53.8521
    7993      52.9569
    7994      52.4965
    7995      52.1134
    7996      51.3186
    7997      51.7458
    7998      53.0288
    7999      51.5349
    8000      50.2185
