#Frame     end-to-end
       1      34.4807
       2      35.4131
       3      35.2269
       4      36.9828
       5      37.0370
       6      37.3868
       7      38.0032
       8      39.6258
       9      39.0872
      10      37.0653
      11      37.1413
      12      36.9172
      13      36.6446
      14      37.6134
      15      37.7768
      16      37.2963
      17      38.5321
      18      38.1394
      19      39.6929
      20      39.7103
      21      40.2292
      22      39.1460
      23      36.4815
      24      37.8601
      25      38.5224
      26      40.3014
      27      39.7192
      28      38.5912
      29      39.2602
      30      39.3750
      31      39.2967
      32      39.8229
      33      39.1020
      34      38.9393
      35      38.0797
      36      38.9436
      37      40.4945
      38      39.3645
      39      40.3252
      40      38.7655
      41      38.4553
      42      38.3414
      43      39.6790
      44      38.9424
      45      36.8391
      46      38.4634
      47      38.9561
      48      38.3538
      49      38.3594
      50      37.5660
      51      37.4932
      52      37.2665
      53      37.7163
      54      37.6406
      55      38.3893
      56      36.6331
      57      37.3070
      58      36.4653
      59      36.2588
      60      37.0050
      61      37.1210
      62      37.7716
      63      39.4352
      64      37.9426
      65      36.2203
      66      36.2505
      67      37.0913
      68      36.1776
      69      37.1897
      70      36.6632
      71      36.4303
      72      36.8267
      73      37.9455
      74      38.2490
      75      38.9226
      76      38.3497
      77      38.8352
      78      35.6561
      79      37.0176
      80      35.8124
      81      34.4546
      82      35.0561
      83      35.3269
      84      35.6069
      85      33.6608
      86      35.0036
      87      34.1033
      88      33.5273
      89      36.1038
      90      35.4908
      91      37.0169
      92      36.1177
      93      34.5220
      94      35.9001
      95      33.8678
      96      36.5213
      97      35.9260
      98      34.8462
      99      34.0440
     100      34.8097
     101      35.5303
     102      34.4708
     103      33.5808
     104      33.1700
     105      33.8277
     106      34.6213
     107      34.0363
     108      34.7141
     109      33.4712
     110      34.6606
     111      35.4318
     112      35.1175
     113      35.4859
     114      34.8736
     115      34.2046
     116      34.9001
     117      34.2448
     118      34.7969
     119      34.4867
     120      34.1649
     121      34.1021
     122      35.0479
     123      33.4282
     124      32.5169
     125      35.0101
     126      34.5121
     127      34.8990
     128      33.1983
     129      34.0552
     130      33.4321
     131      33.7487
     132      33.2837
     133      33.6729
     134      34.0460
     135      33.9029
     136      33.1033
     137      35.0194
     138      31.8150
     139      33.2721
     140      33.7403
     141      32.8230
     142      33.7421
     143      35.0642
     144      34.9365
     145      35.9769
     146      36.5999
     147      36.7909
     148      37.3262
     149      37.1359
     150      37.6533
     151      36.3371
     152      37.3810
     153      37.0245
     154      36.2503
     155      35.9975
     156      35.4170
     157      35.6186
     158      37.4567
     159      36.1308
     160      35.2441
     161      35.3440
     162      34.9222
     163      35.8013
     164      35.4114
     165      35.6773
     166      35.1734
     167      34.3408
     168      34.5393
     169      35.9495
     170      33.1199
     171      33.6838
     172      35.5471
     173      33.5835
     174      33.8166
     175      33.9357
     176      35.1128
     177      34.7288
     178      35.6637
     179      34.1135
     180      34.1801
     181      35.5356
     182      35.1912
     183      35.6380
     184      35.6433
     185      34.9296
     186      34.9868
     187      33.8860
     188      32.3622
     189      33.7644
     190      34.7839
     191      34.6053
     192      33.9450
     193      34.6350
     194      35.4309
     195      34.8194
     196      34.7932
     197      34.8785
     198      34.5487
     199      33.4942
     200      34.4886
     201      35.9497
     202      35.5547
     203      34.2979
     204      33.9516
     205      34.9237
     206      34.7497
     207      34.6610
     208      35.4702
     209      34.8105
     210      34.0958
     211      34.4677
     212      34.2973
     213      34.0604
     214      33.9152
     215      33.9504
     216      34.3325
     217      34.7598
     218      34.8316
     219      33.9818
     220      34.7905
     221      35.1082
     222      36.0877
     223      36.7992
     224      36.5367
     225      34.8372
     226      36.7382
     227      36.4195
     228      37.5879
     229      37.3833
     230      36.8683
     231      36.3390
     232      35.3501
     233      35.9433
     234      36.3173
     235      38.0321
     236      35.8528
     237      34.6750
     238      35.6001
     239      35.6813
     240      35.6227
     241      36.3579
     242      37.1516
     243      35.3794
     244      36.4938
     245      36.5177
     246      35.5357
     247      36.3056
     248      36.5755
     249      35.3355
     250      35.1599
     251      34.5663
     252      35.7084
     253      35.9328
     254      34.6256
     255      35.2168
     256      36.1709
     257      36.4906
     258      35.8517
     259      36.1606
     260      36.9654
     261      36.6586
     262      36.4578
     263      36.3299
     264      37.0804
     265      36.3603
     266      36.0012
     267      36.1291
     268      36.2744
     269      35.3595
     270      33.6897
     271      34.7319
     272      34.2739
     273      35.1061
     274      34.5911
     275      34.9643
     276      35.0383
     277      36.2416
     278      37.8584
     279      36.2956
     280      35.9509
     281      35.4329
     282      35.4793
     283      36.3738
     284      35.2231
     285      34.8597
     286      35.9340
     287      35.5744
     288      36.3436
     289      34.9852
     290      35.6753
     291      35.4101
     292      34.5466
     293      34.4546
     294      34.2737
     295      35.3336
     296      34.1505
     297      36.0748
     298      35.6494
     299      35.3086
     300      35.6003
     301      34.9476
     302      36.5296
     303      35.7172
     304      36.7396
     305      35.9150
     306      36.0176
     307      34.4967
     308      34.5319
     309      34.7524
     310      35.3291
     311      35.0614
     312      35.8004
     313      36.0427
     314      35.7045
     315      34.7948
     316      34.1505
     317      35.6045
     318      36.1125
     319      36.4454
     320      35.9574
     321      34.9078
     322      35.6483
     323      35.9589
     324      35.9508
     325      35.1919
     326      35.4353
     327      35.1460
     328      34.7913
     329      33.3489
     330      33.5327
     331      33.6126
     332      34.0464
     333      34.4130
     334      32.9559
     335      32.2292
     336      34.9842
     337      34.0917
     338      34.5286
     339      35.3253
     340      35.7684
     341      36.4967
     342      34.5441
     343      35.5151
     344      34.9477
     345      34.4375
     346      35.1224
     347      33.7806
     348      33.5480
     349      33.8823
     350      35.3007
     351      35.1863
     352      35.7160
     353      35.2899
     354      34.5423
     355      34.6084
     356      34.7946
     357      34.2546
     358      34.9191
     359      36.0231
     360      36.5502
     361      36.3278
     362      34.6166
     363      36.3496
     364      34.7172
     365      35.7860
     366      34.6019
     367      36.1874
     368      32.5154
     369      35.0336
     370      35.8711
     371      34.6134
     372      36.2286
     373      35.3536
     374      35.1812
     375      37.2083
     376      39.1171
     377      35.4181
     378      33.5824
     379      35.9427
     380      34.9964
     381      33.9115
     382      36.2470
     383      34.8963
     384      36.9400
     385      36.0326
     386      36.1960
     387      35.3852
     388      35.9939
     389      36.4026
     390      35.5877
     391      36.5738
     392      36.5348
     393      33.2012
     394      33.0209
     395      34.5171
     396      34.5089
     397      34.0294
     398      34.7381
     399      35.4256
     400      34.8413
     401      34.0223
     402      35.1940
     403      34.1413
     404      33.6663
     405      34.7589
     406      33.3594
     407      33.5295
     408      33.2887
     409      35.7661
     410      34.2761
     411      35.0137
     412      33.6568
     413      34.5934
     414      35.8523
     415      34.9498
     416      33.9907
     417      34.7897
     418      35.7862
     419      34.9450
     420      34.5357
     421      36.1464
     422      34.7869
     423      33.6972
     424      35.2488
     425      35.5277
     426      36.2109
     427      35.5196
     428      35.3089
     429      35.9904
     430      37.0205
     431      38.1078
     432      37.1111
     433      37.2495
     434      36.4055
     435      38.2846
     436      36.1241
     437      36.7728
     438      37.5855
     439      36.7515
     440      36.8074
     441      37.4683
     442      35.9397
     443      38.0411
     444      38.4218
     445      37.7240
     446      37.6826
     447      37.5802
     448      36.6164
     449      35.2294
     450      37.8914
     451      36.1394
     452      36.1472
     453      37.5226
     454      39.4825
     455      40.4433
     456      39.1557
     457      37.1119
     458      39.8538
     459      40.0497
     460      38.3555
     461      40.0340
     462      37.2058
     463      36.9640
     464      35.6279
     465      35.5233
     466      38.8608
     467      37.0719
     468      38.9350
     469      37.1341
     470      37.5879
     471      37.2158
     472      37.1018
     473      35.5906
     474      36.0000
     475      34.7113
     476      36.5177
     477      36.7547
     478      38.1718
     479      38.8127
     480      35.3828
     481      35.5067
     482      36.1960
     483      36.2579
     484      35.8386
     485      37.1632
     486      36.2067
     487      37.9712
     488      36.5497
     489      37.0681
     490      38.4703
     491      39.0863
     492      36.7614
     493      39.9947
     494      37.2880
     495      34.9034
     496      37.6967
     497      36.0244
     498      36.9288
     499      37.3371
     500      40.6305
     501      40.9511
     502      39.1004
     503      39.5232
     504      39.2831
     505      37.0844
     506      39.0632
     507      38.3205
     508      36.0359
     509      38.4378
     510      37.1505
     511      37.0485
     512      37.0701
     513      39.3169
     514      37.6213
     515      38.3553
     516      39.2731
     517      40.6858
     518      40.6476
     519      38.9142
     520      41.3734
     521      39.0820
     522      38.3076
     523      38.1881
     524      40.9439
     525      41.1858
     526      40.7137
     527      40.3778
     528      40.2918
     529      40.6757
     530      41.0148
     531      42.0672
     532      41.9754
     533      42.9522
     534      42.2656
     535      39.8782
     536      40.1136
     537      39.7559
     538      42.0548
     539      41.8030
     540      40.9368
     541      40.0911
     542      38.8327
     543      40.9441
     544      38.3062
     545      37.7347
     546      37.7871
     547      37.5653
     548      38.5031
     549      36.5857
     550      37.5716
     551      37.6876
     552      37.0683
     553      36.0656
     554      37.5181
     555      37.4262
     556      37.0224
     557      36.5145
     558      35.3424
     559      35.8294
     560      34.5876
     561      35.8237
     562      35.3391
     563      35.1173
     564      36.5141
     565      37.6790
     566      37.1863
     567      36.8289
     568      36.0559
     569      35.0170
     570      35.1208
     571      35.8605
     572      34.5703
     573      35.3777
     574      36.9488
     575      36.7678
     576      38.0067
     577      35.0863
     578      35.5712
     579      37.5249
     580      37.6079
     581      36.7516
     582      36.5319
     583      35.7591
     584      36.8867
     585      36.5376
     586      37.3748
     587      37.2204
     588      37.3685
     589      36.5976
     590      36.3615
     591      36.8675
     592      36.1507
     593      35.7937
     594      35.6724
     595      36.1012
     596      37.1652
     597      36.3822
     598      36.8858
     599      37.2222
     600      37.7331
     601      36.2314
     602      37.9421
     603      37.6250
     604      37.8903
     605      38.8667
     606      37.3494
     607      37.9977
     608      38.1017
     609      37.2497
     610      36.2285
     611      36.3536
     612      36.4511
     613      36.5499
     614      37.1848
     615      38.3035
     616      37.6908
     617      39.6243
     618      39.1216
     619      38.6017
     620      39.6443
     621      37.6333
     622      37.8104
     623      37.7113
     624      36.8352
     625      37.9541
     626      37.5505
     627      38.1019
     628      37.3209
     629      38.2712
     630      40.2881
     631      41.1298
     632      39.5984
     633      40.3326
     634      39.0489
     635      38.5362
     636      40.7285
     637      39.6813
     638      37.6642
     639      37.7104
     640      37.0695
     641      36.0661
     642      37.8249
     643      37.2783
     644      36.5871
     645      37.9909
     646      37.2090
     647      37.7333
     648      36.7189
     649      37.8342
     650      36.3878
     651      36.5986
     652      36.8841
     653      37.9966
     654      38.5952
     655      38.2013
     656      38.4118
     657      37.2910
     658      38.6816
     659      38.4283
     660      38.1977
     661      36.0090
     662      37.5680
     663      34.9686
     664      38.5041
     665      37.6346
     666      36.8938
     667      37.2685
     668      37.8194
     669      38.6748
     670      39.2817
     671      37.7604
     672      37.4917
     673      37.3868
     674      35.9783
     675      39.2257
     676      36.8635
     677      37.0806
     678      37.4603
     679      36.2257
     680      35.2430
     681      38.0285
     682      36.7842
     683      37.4427
     684      36.6671
     685      36.5825
     686      36.3125
     687      37.2450
     688      35.2955
     689      38.0228
     690      37.4800
     691      36.2409
     692      35.5384
     693      36.0558
     694      35.7649
     695      36.2996
     696      37.1659
     697      37.4968
     698      37.0329
     699      35.7112
     700      36.5791
     701      38.3191
     702      37.3062
     703      36.1679
     704      36.9889
     705      36.6883
     706      36.7458
     707      38.8195
     708      36.3236
     709      36.0211
     710      38.7946
     711      36.4283
     712      37.2525
     713      40.4637
     714      38.7427
     715      37.9403
     716      37.2651
     717      37.2303
     718      37.0918
     719      36.7745
     720      38.1863
     721      37.0257
     722      36.4476
     723      36.9893
     724      37.7755
     725      36.7536
     726      36.7182
     727      34.9088
     728      35.1642
     729      36.9311
     730      36.0484
     731      36.1324
     732      35.8881
     733      34.9705
     734      36.3870
     735      36.0563
     736      34.0914
     737      34.8762
     738      35.0137
     739      33.5695
     740      35.4129
     741      34.0247
     742      33.2380
     743      33.8486
     744      34.6054
     745      33.3376
     746      35.5064
     747      33.8525
     748      36.1195
     749      33.5892
     750      33.1133
     751      32.0919
     752      32.0535
     753      33.9374
     754      32.7496
     755      32.9470
     756      33.0093
     757      33.4283
     758      33.5404
     759      31.8341
     760      32.6315
     761      32.4653
     762      33.0430
     763      33.3867
     764      33.6891
     765      30.8780
     766      30.9051
     767      31.1912
     768      33.7236
     769      32.5615
     770      34.3738
     771      33.1191
     772      33.2683
     773      32.4485
     774      34.4899
     775      35.0560
     776      33.7278
     777      32.8472
     778      33.3245
     779      32.9514
     780      31.7600
     781      32.8558
     782      32.1443
     783      32.9335
     784      32.4324
     785      30.6438
     786      32.4756
     787      32.3234
     788      33.9040
     789      32.5026
     790      32.5539
     791      31.4719
     792      32.1437
     793      33.0845
     794      32.7978
     795      32.7465
     796      33.2486
     797      33.3539
     798      33.2013
     799      31.3162
     800      30.5100
     801      31.7020
     802      32.1624
     803      32.2947
     804      31.5077
     805      32.0144
     806      33.0919
     807      32.1577
     808      33.2698
     809      33.1511
     810      33.6299
     811      34.9455
     812      34.5225
     813      34.3503
     814      36.4397
     815      35.2452
     816      35.1910
     817      35.4520
     818      37.7947
     819      36.3632
     820      35.9870
     821      34.5461
     822      33.5881
     823      35.2875
     824      33.5404
     825      33.9370
     826      36.5142
     827      34.2475
     828      35.2970
     829      36.0786
     830      34.8914
     831      33.8515
     832      35.2517
     833      35.5598
     834      35.6560
     835      33.4155
     836      34.7532
     837      34.1639
     838      35.5121
     839      35.3073
     840      34.7627
     841      36.8921
     842      36.5781
     843      36.3194
     844      37.2326
     845      35.6777
     846      36.4416
     847      35.4564
     848      35.4393
     849      34.7056
     850      35.4522
     851      36.7717
     852      36.0360
     853      34.7151
     854      33.7513
     855      32.6386
     856      33.3000
     857      34.9167
     858      33.1071
     859      33.6079
     860      33.9189
     861      33.1315
     862      33.8688
     863      35.8029
     864      35.5549
     865      35.4481
     866      35.3739
     867      34.6912
     868      34.4679
     869      36.0816
     870      36.2275
     871      35.1843
     872      35.9712
     873      38.1487
     874      37.1740
     875      36.3654
     876      35.3290
     877      35.2523
     878      36.5601
     879      36.2571
     880      36.1511
     881      35.9128
     882      36.7590
     883      35.7774
     884      36.5838
     885      35.8126
     886      37.4527
     887      36.7313
     888      37.1496
     889      37.4178
     890      36.5236
     891      36.1629
     892      36.0096
     893      36.2280
     894      37.0727
     895      36.9824
     896      35.9739
     897      36.9232
     898      35.2302
     899      35.6244
     900      36.7023
     901      35.8126
     902      37.3976
     903      36.7842
     904      37.2175
     905      37.1706
     906      37.5203
     907      36.3952
     908      37.0668
     909      36.1847
     910      35.8934
     911      37.1030
     912      36.9118
     913      37.1067
     914      37.5536
     915      36.5091
     916      36.2167
     917      36.9494
     918      36.2572
     919      36.4384
     920      36.1539
     921      34.7546
     922      37.4500
     923      36.3144
     924      35.6204
     925      36.1487
     926      37.6407
     927      36.6669
     928      36.2052
     929      37.3053
     930      35.5990
     931      36.4372
     932      37.5831
     933      37.0805
     934      35.2142
     935      34.6063
     936      35.2188
     937      35.3275
     938      34.2280
     939      35.0076
     940      35.5904
     941      37.3477
     942      36.4630
     943      36.3779
     944      35.8673
     945      35.7459
     946      36.2083
     947      37.3386
     948      37.1001
     949      38.1784
     950      38.5323
     951      37.2572
     952      37.3799
     953      36.9755
     954      36.1897
     955      36.7684
     956      37.0774
     957      37.0802
     958      37.6329
     959      36.4355
     960      38.1078
     961      37.4221
     962      37.6719
     963      36.4979
     964      37.5755
     965      36.8706
     966      36.6997
     967      36.4176
     968      35.9465
     969      35.2746
     970      35.9655
     971      36.1693
     972      35.9014
     973      35.5145
     974      35.2472
     975      33.8133
     976      34.4223
     977      36.3450
     978      35.9109
     979      35.4965
     980      35.7570
     981      36.4836
     982      36.5418
     983      36.0279
     984      37.3411
     985      36.8658
     986      35.8890
     987      35.2678
     988      35.0834
     989      37.4336
     990      36.2824
     991      38.9006
     992      37.8510
     993      36.4065
     994      37.4217
     995      38.4356
     996      36.8779
     997      36.7524
     998      38.0746
     999      37.5923
    1000      37.8591
    1001      37.4744
    1002      37.4465
    1003      37.9616
    1004      36.1245
    1005      38.6489
    1006      38.1459
    1007      37.5853
    1008      38.5073
    1009      36.6762
    1010      36.6241
    1011      37.8190
    1012      39.0603
    1013      35.9540
    1014      36.5374
    1015      35.7976
    1016      35.6833
    1017      35.5337
    1018      35.6531
    1019      37.0313
    1020      37.3761
    1021      36.7839
    1022      36.0055
    1023      35.6434
    1024      36.0951
    1025      36.6103
    1026      35.9566
    1027      34.9011
    1028      37.7396
    1029      36.0169
    1030      34.8526
    1031      36.2297
    1032      36.0100
    1033      35.1068
    1034      37.2068
    1035      33.8343
    1036      35.1557
    1037      35.5792
    1038      36.3306
    1039      36.7033
    1040      36.6748
    1041      36.2335
    1042      37.8939
    1043      36.6740
    1044      37.4359
    1045      36.4192
    1046      37.2403
    1047      37.8115
    1048      37.8043
    1049      37.7871
    1050      38.0730
    1051      39.5485
    1052      37.0015
    1053      36.0656
    1054      38.1754
    1055      38.0814
    1056      37.1137
    1057      37.3073
    1058      36.7243
    1059      37.9713
    1060      37.1276
    1061      36.7800
    1062      37.1773
    1063      37.7780
    1064      37.5506
    1065      35.9399
    1066      36.1051
    1067      36.7317
    1068      37.3644
    1069      36.8028
    1070      36.4654
    1071      37.7678
    1072      36.8617
    1073      36.4465
    1074      36.2419
    1075      35.2077
    1076      36.8566
    1077      36.4139
    1078      36.5292
    1079      35.7646
    1080      35.7533
    1081      38.3130
    1082      37.6655
    1083      38.2236
    1084      35.7605
    1085      36.0959
    1086      34.9480
    1087      35.4757
    1088      36.9672
    1089      36.6730
    1090      35.9106
    1091      34.5602
    1092      35.4382
    1093      36.1621
    1094      35.0336
    1095      34.5560
    1096      35.5550
    1097      36.0021
    1098      36.3738
    1099      35.0501
    1100      35.6315
    1101      35.7711
    1102      35.8477
    1103      35.2636
    1104      34.8484
    1105      34.3774
    1106      35.7963
    1107      34.4527
    1108      35.3965
    1109      35.1365
    1110      35.7434
    1111      34.6385
    1112      35.8223
    1113      36.5205
    1114      36.3280
    1115      36.4344
    1116      37.8400
    1117      36.7151
    1118      36.7716
    1119      37.1548
    1120      37.9653
    1121      35.6151
    1122      35.6979
    1123      34.2628
    1124      34.1401
    1125      35.9527
    1126      33.1240
    1127      34.8972
    1128      34.8207
    1129      35.6345
    1130      34.4701
    1131      35.6208
    1132      35.9187
    1133      36.9627
    1134      35.3274
    1135      34.8681
    1136      35.5092
    1137      35.7911
    1138      36.2543
    1139      36.7270
    1140      37.3079
    1141      38.3640
    1142      36.9460
    1143      38.2364
    1144      36.3652
    1145      38.7375
    1146      38.7640
    1147      39.4576
    1148      38.8326
    1149      38.7512
    1150      37.3530
    1151      38.0509
    1152      39.0744
    1153      39.6734
    1154      37.7997
    1155      38.0265
    1156      37.9622
    1157      39.2258
    1158      38.1862
    1159      39.8216
    1160      37.4178
    1161      36.9426
    1162      38.2686
    1163      37.5227
    1164      37.5972
    1165      37.9127
    1166      38.7313
    1167      38.3223
    1168      39.4375
    1169      38.9317
    1170      38.6560
    1171      38.1669
    1172      37.1202
    1173      38.8570
    1174      37.4020
    1175      37.9784
    1176      37.3424
    1177      37.5730
    1178      36.4545
    1179      36.2786
    1180      35.0371
    1181      35.7916
    1182      36.9392
    1183      37.8455
    1184      38.6669
    1185      39.6078
    1186      38.9613
    1187      39.4411
    1188      37.9610
    1189      39.0053
    1190      38.2199
    1191      38.6353
    1192      37.3306
    1193      38.1761
    1194      37.3805
    1195      37.7029
    1196      38.7143
    1197      37.9648
    1198      37.7109
    1199      37.1064
    1200      38.4237
    1201      38.5334
    1202      37.8682
    1203      38.5804
    1204      37.0739
    1205      37.9708
    1206      38.1502
    1207      37.9132
    1208      39.6695
    1209      39.9269
    1210      37.0656
    1211      36.9934
    1212      38.9251
    1213      39.0318
    1214      37.1094
    1215      38.1278
    1216      38.1073
    1217      38.3403
    1218      40.1901
    1219      39.4102
    1220      38.4085
    1221      37.7035
    1222      37.0497
    1223      38.2798
    1224      37.2057
    1225      37.6092
    1226      36.9380
    1227      37.5004
    1228      38.4876
    1229      37.2610
    1230      36.3741
    1231      36.6528
    1232      36.6414
    1233      38.5360
    1234      37.0853
    1235      37.0113
    1236      36.4629
    1237      36.5950
    1238      37.4370
    1239      36.3123
    1240      36.6610
    1241      34.7569
    1242      36.5273
    1243      36.8083
    1244      36.5189
    1245      38.2711
    1246      37.1479
    1247      38.5117
    1248      39.0941
    1249      38.1818
    1250      38.2683
    1251      37.1489
    1252      40.5710
    1253      37.1885
    1254      37.3862
    1255      35.8396
    1256      37.6906
    1257      38.1326
    1258      38.1778
    1259      38.2966
    1260      37.7446
    1261      37.7532
    1262      38.0046
    1263      38.3148
    1264      37.3656
    1265      35.8593
    1266      35.3339
    1267      37.0340
    1268      37.2127
    1269      36.5071
    1270      37.3329
    1271      38.6696
    1272      37.6005
    1273      36.8386
    1274      35.6859
    1275      35.5027
    1276      35.6948
    1277      36.3545
    1278      34.9484
    1279      36.8584
    1280      37.0359
    1281      36.0852
    1282      36.9876
    1283      36.7231
    1284      37.2445
    1285      36.9211
    1286      37.2675
    1287      35.6686
    1288      34.9399
    1289      36.0256
    1290      36.4646
    1291      36.7963
    1292      37.1935
    1293      37.2735
    1294      36.7123
    1295      37.0359
    1296      34.9808
    1297      35.1320
    1298      35.5674
    1299      35.8777
    1300      35.5366
    1301      37.0341
    1302      35.5136
    1303      38.0912
    1304      37.4017
    1305      35.9413
    1306      37.9072
    1307      36.8748
    1308      37.0743
    1309      38.8854
    1310      37.9995
    1311      35.8045
    1312      34.8652
    1313      35.2404
    1314      35.0947
    1315      34.6958
    1316      35.1122
    1317      36.0136
    1318      34.6904
    1319      34.8745
    1320      35.6476
    1321      35.2194
    1322      34.5854
    1323      34.7587
    1324      34.8942
    1325      36.1047
    1326      34.0366
    1327      33.5005
    1328      35.0528
    1329      35.9854
    1330      36.6420
    1331      35.3195
    1332      34.6453
    1333      35.0855
    1334      35.0312
    1335      35.8446
    1336      35.9085
    1337      35.9654
    1338      34.3046
    1339      33.1994
    1340      33.5881
    1341      33.9337
    1342      34.2577
    1343      35.2579
    1344      35.5416
    1345      35.2787
    1346      34.1999
    1347      32.6123
    1348      33.2495
    1349      33.4703
    1350      34.6156
    1351      35.1331
    1352      33.7893
    1353      33.0815
    1354      33.0372
    1355      34.3291
    1356      33.1809
    1357      32.2639
    1358      33.0630
    1359      33.2354
    1360      34.5455
    1361      33.6119
    1362      34.1417
    1363      34.0853
    1364      35.4931
    1365      35.0584
    1366      34.0583
    1367      35.1332
    1368      33.4831
    1369      36.0546
    1370      35.3286
    1371      35.4389
    1372      35.1399
    1373      33.6266
    1374      34.3062
    1375      34.9160
    1376      34.3738
    1377      35.0076
    1378      33.3313
    1379      34.5045
    1380      34.8138
    1381      33.6911
    1382      34.2048
    1383      35.1952
    1384      35.4905
    1385      34.3035
    1386      34.0936
    1387      34.2803
    1388      35.1740
    1389      36.5090
    1390      36.2165
    1391      36.6192
    1392      34.0276
    1393      34.7372
    1394      34.1046
    1395      33.6745
    1396      34.5887
    1397      35.3078
    1398      34.7484
    1399      34.5221
    1400      34.9602
    1401      34.9788
    1402      34.5379
    1403      34.5522
    1404      36.6644
    1405      34.7767
    1406      34.3297
    1407      33.8594
    1408      34.6959
    1409      35.0108
    1410      33.7969
    1411      35.4703
    1412      35.4311
    1413      34.7207
    1414      34.6989
    1415      35.4931
    1416      35.4177
    1417      34.5126
    1418      35.0447
    1419      35.5423
    1420      36.2732
    1421      35.6125
    1422      34.6769
    1423      35.1606
    1424      35.1433
    1425      32.8955
    1426      33.4604
    1427      34.8813
    1428      33.7361
    1429      34.9870
    1430      33.7031
    1431      33.1090
    1432      33.8268
    1433      35.0282
    1434      33.3874
    1435      34.2248
    1436      34.0743
    1437      34.5045
    1438      32.9162
    1439      32.2965
    1440      34.5446
    1441      34.5249
    1442      33.4147
    1443      33.5135
    1444      35.3561
    1445      36.4267
    1446      37.3910
    1447      37.6316
    1448      36.2332
    1449      34.5929
    1450      35.8199
    1451      34.7154
    1452      34.5658
    1453      34.6590
    1454      36.2652
    1455      37.6603
    1456      35.3079
    1457      35.0535
    1458      36.4831
    1459      36.1145
    1460      36.8325
    1461      36.0795
    1462      34.5119
    1463      36.4055
    1464      36.9136
    1465      37.5477
    1466      36.8348
    1467      36.3716
    1468      36.6168
    1469      36.8503
    1470      36.6361
    1471      36.0797
    1472      36.4351
    1473      36.8151
    1474      35.9813
    1475      36.8008
    1476      38.2401
    1477      36.2596
    1478      36.8137
    1479      36.3823
    1480      36.1968
    1481      35.1269
    1482      36.0581
    1483      36.4468
    1484      36.1023
    1485      36.0496
    1486      35.4967
    1487      36.7916
    1488      35.8108
    1489      36.4791
    1490      36.5745
    1491      35.2561
    1492      37.0860
    1493      36.6046
    1494      36.0355
    1495      34.0204
    1496      34.4433
    1497      34.5754
    1498      34.4141
    1499      34.6580
    1500      34.3980
    1501      32.7808
    1502      34.4955
    1503      34.1104
    1504      36.3284
    1505      34.0594
    1506      35.7676
    1507      36.7141
    1508      34.6854
    1509      35.6988
    1510      34.7018
    1511      34.8547
    1512      33.8783
    1513      34.8012
    1514      35.5469
    1515      35.7056
    1516      34.2975
    1517      34.0975
    1518      35.6045
    1519      34.9747
    1520      35.4860
    1521      36.7210
    1522      36.4811
    1523      36.6423
    1524      35.7826
    1525      35.7093
    1526      36.2385
    1527      34.7637
    1528      36.6916
    1529      35.5721
    1530      35.8315
    1531      36.8553
    1532      37.4930
    1533      36.9759
    1534      36.5762
    1535      37.3994
    1536      37.2064
    1537      37.1226
    1538      34.5113
    1539      37.3632
    1540      35.7251
    1541      35.7625
    1542      36.3173
    1543      35.8782
    1544      34.6414
    1545      36.1113
    1546      35.6904
    1547      36.0879
    1548      34.9989
    1549      35.5312
    1550      35.3947
    1551      35.2104
    1552      34.8040
    1553      34.7631
    1554      34.3216
    1555      33.5748
    1556      34.4705
    1557      34.8862
    1558      35.8872
    1559      35.5635
    1560      34.7792
    1561      34.1068
    1562      35.5141
    1563      35.0532
    1564      32.4472
    1565      34.4201
    1566      35.2177
    1567      36.5165
    1568      35.3126
    1569      34.9822
    1570      35.5546
    1571      33.5849
    1572      33.5373
    1573      33.4115
    1574      36.3471
    1575      35.7350
    1576      35.3901
    1577      34.5745
    1578      35.3766
    1579      34.9011
    1580      33.3698
    1581      34.2972
    1582      32.7769
    1583      34.3244
    1584      34.1646
    1585      34.5300
    1586      34.3852
    1587      35.7195
    1588      35.0404
    1589      35.9670
    1590      35.4574
    1591      35.7335
    1592      35.5257
    1593      35.1675
    1594      37.4689
    1595      35.2232
    1596      34.4557
    1597      35.5942
    1598      35.1668
    1599      35.4982
    1600      35.5676
    1601      36.9096
    1602      37.0792
    1603      36.8037
    1604      35.2708
    1605      33.4907
    1606      32.9967
    1607      33.1623
    1608      33.0552
    1609      32.6613
    1610      35.0947
    1611      33.5268
    1612      33.7662
    1613      33.5319
    1614      34.0711
    1615      34.1313
    1616      34.7399
    1617      33.7905
    1618      35.1520
    1619      35.6550
    1620      33.2322
    1621      32.4868
    1622      33.7426
    1623      33.6284
    1624      34.2826
    1625      34.6659
    1626      34.3197
    1627      34.7223
    1628      33.8847
    1629      35.0041
    1630      32.9691
    1631      32.9562
    1632      33.2390
    1633      32.9725
    1634      34.6204
    1635      34.6806
    1636      34.3903
    1637      34.8513
    1638      34.7523
    1639      35.3384
    1640      33.8721
    1641      36.0342
    1642      35.1733
    1643      34.9944
    1644      34.2907
    1645      33.7051
    1646      36.0154
    1647      35.4766
    1648      33.5778
    1649      33.4153
    1650      34.1336
    1651      34.8213
    1652      33.0324
    1653      35.0287
    1654      34.4367
    1655      34.2523
    1656      32.2534
    1657      33.7051
    1658      34.3655
    1659      34.7367
    1660      33.5792
    1661      35.5967
    1662      35.7375
    1663      35.7069
    1664      35.3830
    1665      36.5272
    1666      35.6475
    1667      35.8841
    1668      35.9199
    1669      35.3055
    1670      34.3338
    1671      33.8492
    1672      34.1531
    1673      34.8607
    1674      33.3678
    1675      32.9963
    1676      33.1298
    1677      32.1325
    1678      33.2059
    1679      33.2128
    1680      32.9226
    1681      31.7280
    1682      33.9479
    1683      31.8576
    1684      31.8811
    1685      31.9513
    1686      31.8734
    1687      32.6148
    1688      31.6485
    1689      31.6170
    1690      34.1588
    1691      32.4751
    1692      32.1488
    1693      31.5860
    1694      31.8005
    1695      31.8447
    1696      32.9258
    1697      32.0610
    1698      32.9027
    1699      32.3288
    1700      33.6829
    1701      33.7959
    1702      31.8800
    1703      32.3790
    1704      33.2366
    1705      31.9386
    1706      32.4524
    1707      32.3924
    1708      32.7107
    1709      31.7063
    1710      32.7514
    1711      32.1638
    1712      33.2932
    1713      33.6660
    1714      33.3850
    1715      33.8072
    1716      33.5871
    1717      33.7059
    1718      33.2178
    1719      31.6334
    1720      32.8783
    1721      33.8218
    1722      32.7672
    1723      33.9216
    1724      32.6341
    1725      32.1149
    1726      31.6074
    1727      31.2849
    1728      32.3918
    1729      31.5106
    1730      32.5024
    1731      31.8385
    1732      33.9237
    1733      33.9576
    1734      33.7859
    1735      33.6579
    1736      34.3550
    1737      34.8842
    1738      33.6888
    1739      33.7184
    1740      33.3589
    1741      33.6771
    1742      34.7516
    1743      33.8697
    1744      33.1552
    1745      35.2725
    1746      33.4403
    1747      33.2362
    1748      33.7585
    1749      33.1612
    1750      35.1097
    1751      33.2483
    1752      33.7079
    1753      32.2889
    1754      33.7577
    1755      34.4799
    1756      32.7505
    1757      32.2461
    1758      31.9341
    1759      32.9585
    1760      33.3034
    1761      33.8636
    1762      32.9318
    1763      33.0576
    1764      33.8086
    1765      32.6941
    1766      32.4070
    1767      34.0866
    1768      33.5814
    1769      31.8341
    1770      32.8693
    1771      34.2088
    1772      34.2675
    1773      31.5749
    1774      32.0471
    1775      33.4550
    1776      32.6560
    1777      32.4456
    1778      32.5288
    1779      32.8592
    1780      32.2163
    1781      33.0722
    1782      31.9473
    1783      32.9062
    1784      32.5916
    1785      32.8613
    1786      32.5767
    1787      33.4735
    1788      33.5253
    1789      33.3759
    1790      32.1274
    1791      33.2739
    1792      32.3778
    1793      34.1362
    1794      32.3891
    1795      33.4775
    1796      32.8324
    1797      33.7561
    1798      33.8692
    1799      34.0765
    1800      31.9109
    1801      31.8644
    1802      31.9754
    1803      31.8367
    1804      32.3451
    1805      32.3828
    1806      33.9668
    1807      32.3960
    1808      32.2693
    1809      30.0637
    1810      31.0909
    1811      29.1692
    1812      31.7253
    1813      32.6253
    1814      32.1386
    1815      33.7257
    1816      31.6582
    1817      31.4505
    1818      32.7767
    1819      31.8549
    1820      33.5267
    1821      33.5325
    1822      32.5214
    1823      32.2105
    1824      33.9906
    1825      32.0285
    1826      32.3280
    1827      32.7747
    1828      30.0882
    1829      32.6520
    1830      33.3838
    1831      31.9991
    1832      30.0863
    1833      33.1983
    1834      31.7567
    1835      31.6675
    1836      31.7221
    1837      32.7214
    1838      34.0298
    1839      30.3687
    1840      31.1885
    1841      30.9851
    1842      32.4067
    1843      31.7946
    1844      32.4808
    1845      31.8613
    1846      31.4439
    1847      31.4716
    1848      31.3327
    1849      29.9678
    1850      31.1707
    1851      31.0418
    1852      31.8277
    1853      30.8585
    1854      30.7616
    1855      31.8574
    1856      32.1087
    1857      32.0468
    1858      31.4761
    1859      32.9024
    1860      33.3804
    1861      33.3311
    1862      32.7459
    1863      31.7677
    1864      32.3361
    1865      34.4756
    1866      36.0839
    1867      33.8275
    1868      33.2767
    1869      33.1912
    1870      34.3799
    1871      34.6175
    1872      34.5532
    1873      33.4911
    1874      32.4426
    1875      32.9406
    1876      33.4271
    1877      35.2988
    1878      33.4401
    1879      35.2428
    1880      33.4199
    1881      32.6678
    1882      33.3732
    1883      31.2048
    1884      32.7190
    1885      32.3349
    1886      33.9189
    1887      35.4631
    1888      34.3434
    1889      33.6381
    1890      34.7805
    1891      33.1052
    1892      34.7480
    1893      33.6727
    1894      34.9073
    1895      34.0973
    1896      34.5829
    1897      33.6341
    1898      34.0285
    1899      32.9918
    1900      34.8117
    1901      33.8538
    1902      34.4033
    1903      33.6265
    1904      32.7471
    1905      32.9064
    1906      30.1931
    1907      32.2323
    1908      32.8426
    1909      34.1933
    1910      34.0201
    1911      32.6236
    1912      32.7679
    1913      32.6423
    1914      32.8875
    1915      33.2347
    1916      34.0064
    1917      34.9329
    1918      34.2802
    1919      32.6787
    1920      31.5753
    1921      31.8956
    1922      31.5988
    1923      33.6136
    1924      33.7621
    1925      34.0382
    1926      33.0769
    1927      33.1832
    1928      32.5759
    1929      32.9527
    1930      33.2781
    1931      33.8889
    1932      34.2334
    1933      33.8024
    1934      31.8890
    1935      33.1030
    1936      33.3502
    1937      32.9011
    1938      32.9152
    1939      32.6010
    1940      33.4974
    1941      32.8349
    1942      33.2267
    1943      33.6075
    1944      31.9129
    1945      33.6601
    1946      33.3167
    1947      33.2199
    1948      31.5954
    1949      30.6164
    1950      32.3256
    1951      33.2040
    1952      31.3595
    1953      32.0613
    1954      33.0674
    1955      32.2975
    1956      33.8881
    1957      33.0969
    1958      33.3450
    1959      32.5906
    1960      31.6018
    1961      33.2755
    1962      32.1422
    1963      32.8284
    1964      32.7618
    1965      32.5704
    1966      32.2897
    1967      32.5202
    1968      31.5406
    1969      32.4803
    1970      32.9202
    1971      31.9362
    1972      30.2964
    1973      31.9528
    1974      31.2446
    1975      30.3604
    1976      33.8213
    1977      33.4313
    1978      32.2954
    1979      32.3025
    1980      31.8597
    1981      32.6048
    1982      32.2568
    1983      32.9597
    1984      32.1247
    1985      32.6952
    1986      31.2398
    1987      30.4292
    1988      31.4487
    1989      31.2405
    1990      32.0275
    1991      33.1222
    1992      31.3630
    1993      31.6810
    1994      30.4309
    1995      31.8898
    1996      31.8002
    1997      32.5716
    1998      34.2290
    1999      33.3412
    2000      33.9354
    2001      35.1608
    2002      36.0486
    2003      34.9569
    2004      34.8856
    2005      35.0646
    2006      34.4600
    2007      34.1469
    2008      35.8920
    2009      37.5801
    2010      36.1111
    2011      36.2781
    2012      35.7762
    2013      35.7718
    2014      35.3125
    2015      35.2036
    2016      34.4441
    2017      36.1962
    2018      35.0202
    2019      35.7271
    2020      33.2496
    2021      35.8977
    2022      34.1595
    2023      34.1257
    2024      35.7312
    2025      36.3971
    2026      36.8788
    2027      35.2868
    2028      36.3437
    2029      37.5428
    2030      33.9403
    2031      38.9457
    2032      36.9693
    2033      36.7187
    2034      35.9730
    2035      35.8403
    2036      37.1149
    2037      34.2809
    2038      37.0962
    2039      35.6359
    2040      37.4034
    2041      36.7595
    2042      37.4503
    2043      39.6781
    2044      39.7957
    2045      38.8418
    2046      39.9098
    2047      36.2191
    2048      39.4858
    2049      37.2458
    2050      36.9721
    2051      35.6181
    2052      34.9600
    2053      35.3496
    2054      37.0772
    2055      37.7389
    2056      37.2538
    2057      37.3444
    2058      34.7540
    2059      34.8557
    2060      37.0248
    2061      35.4684
    2062      35.8075
    2063      36.5087
    2064      36.6223
    2065      36.8770
    2066      36.9444
    2067      35.7008
    2068      36.6979
    2069      37.7153
    2070      38.1196
    2071      37.5583
    2072      37.1425
    2073      36.3046
    2074      36.5878
    2075      36.3183
    2076      35.2082
    2077      35.5001
    2078      35.5229
    2079      37.0418
    2080      38.6690
    2081      36.9737
    2082      36.3546
    2083      38.5276
    2084      37.2858
    2085      37.2871
    2086      37.6292
    2087      37.8423
    2088      37.4966
    2089      37.7189
    2090      37.8565
    2091      35.9800
    2092      37.6077
    2093      37.6093
    2094      36.0658
    2095      36.7593
    2096      36.8179
    2097      35.5404
    2098      35.7056
    2099      35.7614
    2100      36.7018
    2101      36.4285
    2102      34.8429
    2103      34.4323
    2104      33.7443
    2105      34.6734
    2106      33.2050
    2107      34.8567
    2108      35.0202
    2109      34.7706
    2110      35.8478
    2111      34.0356
    2112      35.2070
    2113      34.0638
    2114      36.1175
    2115      34.9334
    2116      35.4091
    2117      34.2647
    2118      35.5521
    2119      36.3518
    2120      35.0916
    2121      35.3295
    2122      37.3654
    2123      36.6500
    2124      37.3422
    2125      36.2838
    2126      36.4951
    2127      35.5407
    2128      35.5816
    2129      37.4223
    2130      37.7791
    2131      36.1820
    2132      39.6238
    2133      37.2408
    2134      36.6613
    2135      36.9879
    2136      35.0652
    2137      36.1843
    2138      35.1598
    2139      36.2393
    2140      37.2752
    2141      34.5102
    2142      35.8382
    2143      36.6559
    2144      38.2276
    2145      34.6810
    2146      37.6865
    2147      36.8757
    2148      34.0462
    2149      33.0967
    2150      35.0587
    2151      37.4569
    2152      36.0657
    2153      35.7913
    2154      35.8100
    2155      37.7519
    2156      37.1147
    2157      37.1138
    2158      36.7694
    2159      35.8714
    2160      36.4304
    2161      35.1627
    2162      36.7027
    2163      37.0769
    2164      36.0228
    2165      36.2526
    2166      35.9178
    2167      35.7537
    2168      38.2487
    2169      37.0478
    2170      33.9950
    2171      34.6853
    2172      35.4225
    2173      36.1221
    2174      35.6172
    2175      37.7059
    2176      37.6275
    2177      38.2325
    2178      38.4206
    2179      39.4182
    2180      40.4575
    2181      44.3296
    2182      43.7885
    2183      43.7400
    2184      43.2388
    2185      39.9223
    2186      42.3340
    2187      40.2510
    2188      39.3267
    2189      39.6755
    2190      39.4944
    2191      39.2421
    2192      36.2403
    2193      35.6037
    2194      37.9627
    2195      35.5668
    2196      35.8097
    2197      36.5997
    2198      35.8155
    2199      37.3220
    2200      35.9404
    2201      36.0940
    2202      36.3924
    2203      35.1840
    2204      34.9421
    2205      33.0742
    2206      34.7430
    2207      35.9674
    2208      34.3262
    2209      36.0799
    2210      35.1249
    2211      35.9003
    2212      35.1971
    2213      34.8945
    2214      35.0147
    2215      36.8777
    2216      35.9172
    2217      37.3208
    2218      37.5921
    2219      37.2111
    2220      38.4664
    2221      35.1176
    2222      36.7607
    2223      36.7293
    2224      37.5264
    2225      38.5475
    2226      39.3485
    2227      40.1101
    2228      42.0445
    2229      41.3711
    2230      39.2385
    2231      40.8948
    2232      39.9222
    2233      38.6203
    2234      38.1916
    2235      38.7089
    2236      36.6878
    2237      37.2501
    2238      38.2677
    2239      36.8695
    2240      35.8223
    2241      36.0956
    2242      37.2058
    2243      41.0495
    2244      41.9039
    2245      40.4520
    2246      42.3109
    2247      41.8763
    2248      44.0579
    2249      40.2695
    2250      38.6403
    2251      35.5952
    2252      37.4873
    2253      37.9641
    2254      40.1097
    2255      38.9989
    2256      40.0667
    2257      39.9915
    2258      39.0161
    2259      38.1978
    2260      38.7256
    2261      38.6094
    2262      37.6566
    2263      39.2470
    2264      37.0237
    2265      36.2393
    2266      37.3336
    2267      39.1485
    2268      37.9359
    2269      37.3734
    2270      40.2580
    2271      36.9835
    2272      37.0289
    2273      37.3824
    2274      36.4743
    2275      36.5469
    2276      37.0883
    2277      37.2103
    2278      36.5949
    2279      35.4235
    2280      36.3163
    2281      37.4534
    2282      37.1219
    2283      38.5445
    2284      37.1509
    2285      37.8845
    2286      37.1011
    2287      36.2846
    2288      36.5894
    2289      34.6595
    2290      36.0899
    2291      36.0566
    2292      35.9473
    2293      35.6535
    2294      36.6840
    2295      35.3070
    2296      37.5524
    2297      35.8551
    2298      35.7497
    2299      35.7843
    2300      36.1752
    2301      36.3141
    2302      37.2097
    2303      37.9973
    2304      37.4823
    2305      39.3540
    2306      39.9683
    2307      39.4235
    2308      37.1835
    2309      39.2391
    2310      38.4532
    2311      39.2869
    2312      39.9783
    2313      39.4026
    2314      38.3478
    2315      38.6640
    2316      38.0638
    2317      37.0068
    2318      35.9730
    2319      35.6594
    2320      36.3362
    2321      35.8907
    2322      36.6703
    2323      36.6715
    2324      36.8503
    2325      36.0627
    2326      36.9200
    2327      37.2230
    2328      36.4986
    2329      36.4282
    2330      37.5626
    2331      36.2600
    2332      36.1360
    2333      36.9569
    2334      38.3755
    2335      37.8741
    2336      36.1884
    2337      37.5646
    2338      38.2454
    2339      37.7084
    2340      38.2796
    2341      38.1097
    2342      37.9023
    2343      37.9125
    2344      38.5396
    2345      38.2739
    2346      38.4251
    2347      38.2381
    2348      37.9271
    2349      37.2153
    2350      37.7794
    2351      38.0736
    2352      37.9538
    2353      36.9256
    2354      37.8300
    2355      39.8338
    2356      36.7369
    2357      39.4568
    2358      37.9135
    2359      37.0444
    2360      38.1117
    2361      38.5990
    2362      36.6521
    2363      37.6791
    2364      38.9012
    2365      38.5766
    2366      38.7115
    2367      37.9041
    2368      37.0785
    2369      37.1848
    2370      37.9626
    2371      37.4764
    2372      38.6272
    2373      39.6211
    2374      38.2922
    2375      36.6505
    2376      35.2877
    2377      36.5152
    2378      37.4910
    2379      37.8257
    2380      37.0486
    2381      36.5886
    2382      36.2498
    2383      36.7420
    2384      35.9385
    2385      35.7896
    2386      37.2442
    2387      38.0593
    2388      38.6276
    2389      38.4218
    2390      38.0783
    2391      38.0523
    2392      39.1777
    2393      39.6713
    2394      38.4172
    2395      38.1040
    2396      38.4406
    2397      37.4114
    2398      36.2675
    2399      37.3578
    2400      35.5746
    2401      37.0900
    2402      38.3356
    2403      38.4308
    2404      38.2356
    2405      38.4227
    2406      39.3265
    2407      36.4171
    2408      37.7991
    2409      37.8461
    2410      36.4830
    2411      37.8034
    2412      36.6582
    2413      37.3701
    2414      37.8864
    2415      36.4274
    2416      36.5679
    2417      36.6427
    2418      37.3867
    2419      35.5652
    2420      36.6731
    2421      36.6352
    2422      36.6753
    2423      35.6804
    2424      36.3540
    2425      35.7248
    2426      35.5905
    2427      36.9300
    2428      35.9761
    2429      37.1348
    2430      37.7795
    2431      38.3970
    2432      38.4805
    2433      37.4131
    2434      36.9794
    2435      38.5986
    2436      38.0811
    2437      37.8264
    2438      36.4966
    2439      37.5749
    2440      35.7284
    2441      35.6966
    2442      37.0847
    2443      37.1145
    2444      36.1751
    2445      37.2622
    2446      40.0078
    2447      38.8758
    2448      37.0343
    2449      36.9489
    2450      36.9828
    2451      36.7866
    2452      36.0623
    2453      36.1350
    2454      35.9525
    2455      35.3120
    2456      36.9051
    2457      35.5229
    2458      36.6749
    2459      34.9371
    2460      36.7067
    2461      36.1435
    2462      38.4341
    2463      36.4204
    2464      36.0742
    2465      36.4906
    2466      36.0946
    2467      35.6642
    2468      35.5335
    2469      33.2920
    2470      33.9177
    2471      33.8813
    2472      35.4852
    2473      35.9778
    2474      36.4288
    2475      36.1084
    2476      38.3740
    2477      37.7153
    2478      36.8542
    2479      35.6448
    2480      36.5566
    2481      34.7673
    2482      35.9631
    2483      35.2400
    2484      34.8220
    2485      34.1159
    2486      35.8713
    2487      34.4975
    2488      33.4702
    2489      34.0824
    2490      34.7028
    2491      33.5887
    2492      33.3994
    2493      32.4675
    2494      32.8927
    2495      32.6777
    2496      33.0727
    2497      33.0924
    2498      34.8291
    2499      34.6377
    2500      34.9981
    2501      34.5073
    2502      36.0941
    2503      34.0529
    2504      33.7231
    2505      34.4144
    2506      36.0465
    2507      33.9257
    2508      34.5751
    2509      33.4481
    2510      33.5111
    2511      34.2521
    2512      32.5908
    2513      36.5443
    2514      33.9833
    2515      34.8352
    2516      35.3005
    2517      34.3776
    2518      37.5162
    2519      36.8728
    2520      37.1011
    2521      38.0723
    2522      36.2592
    2523      36.5115
    2524      36.1823
    2525      34.7937
    2526      35.7775
    2527      35.4840
    2528      36.2885
    2529      37.2418
    2530      35.1907
    2531      36.9085
    2532      35.5685
    2533      36.1291
    2534      33.7088
    2535      35.3050
    2536      36.9799
    2537      36.6877
    2538      37.7028
    2539      37.9368
    2540      37.3336
    2541      36.8545
    2542      36.2209
    2543      34.7310
    2544      35.1538
    2545      36.3304
    2546      35.7717
    2547      36.4607
    2548      35.5646
    2549      35.4988
    2550      35.5503
    2551      35.6642
    2552      34.2801
    2553      32.9128
    2554      35.9050
    2555      35.3198
    2556      34.6090
    2557      35.3829
    2558      35.7941
    2559      34.6102
    2560      33.4572
    2561      33.7384
    2562      35.0760
    2563      34.7742
    2564      35.3055
    2565      33.2252
    2566      33.7326
    2567      35.2172
    2568      35.1650
    2569      34.6684
    2570      34.9203
    2571      35.4427
    2572      36.5831
    2573      35.4352
    2574      34.8551
    2575      36.3702
    2576      35.7387
    2577      35.9298
    2578      33.8560
    2579      35.4698
    2580      35.8727
    2581      34.5370
    2582      34.0392
    2583      33.0181
    2584      33.2942
    2585      32.7531
    2586      33.3320
    2587      36.4547
    2588      36.6839
    2589      37.0798
    2590      33.9985
    2591      33.7823
    2592      35.2461
    2593      35.8727
    2594      35.0251
    2595      35.2170
    2596      35.6790
    2597      34.4308
    2598      35.3614
    2599      35.6063
    2600      34.2249
    2601      37.0177
    2602      35.1854
    2603      34.8377
    2604      34.4330
    2605      34.7162
    2606      35.3851
    2607      34.5116
    2608      36.0053
    2609      34.5393
    2610      34.1405
    2611      34.3387
    2612      34.1237
    2613      33.9743
    2614      35.7516
    2615      34.7239
    2616      35.4048
    2617      35.4528
    2618      35.4895
    2619      34.4715
    2620      35.9136
    2621      35.3548
    2622      35.7480
    2623      36.9219
    2624      36.3528
    2625      37.0909
    2626      36.2745
    2627      36.0890
    2628      34.9996
    2629      35.0329
    2630      36.6803
    2631      35.7013
    2632      35.8666
    2633      38.2319
    2634      37.5240
    2635      36.9970
    2636      36.9398
    2637      36.7379
    2638      36.3041
    2639      34.9131
    2640      37.8645
    2641      36.3326
    2642      37.0132
    2643      36.2856
    2644      33.8459
    2645      36.2322
    2646      36.8562
    2647      36.9988
    2648      36.9628
    2649      36.7767
    2650      36.7247
    2651      35.7248
    2652      35.2308
    2653      36.8598
    2654      36.8302
    2655      36.1266
    2656      38.6324
    2657      36.1399
    2658      36.9839
    2659      37.1345
    2660      34.3422
    2661      37.4237
    2662      36.1682
    2663      36.7916
    2664      36.8502
    2665      33.5151
    2666      33.5892
    2667      36.1604
    2668      33.3456
    2669      34.6025
    2670      34.2300
    2671      36.3650
    2672      36.5259
    2673      36.9646
    2674      35.2977
    2675      36.6791
    2676      36.1755
    2677      36.5977
    2678      38.3413
    2679      34.7940
    2680      35.1356
    2681      35.6877
    2682      34.9920
    2683      34.7547
    2684      35.9631
    2685      35.3233
    2686      34.7940
    2687      34.9988
    2688      34.0557
    2689      34.2548
    2690      35.2905
    2691      35.6207
    2692      35.0897
    2693      35.6411
    2694      35.8452
    2695      36.4197
    2696      35.9132
    2697      35.7147
    2698      34.3436
    2699      35.8874
    2700      36.0073
    2701      36.3413
    2702      36.1193
    2703      37.6568
    2704      35.5945
    2705      37.1173
    2706      36.4467
    2707      37.4316
    2708      35.6358
    2709      35.1026
    2710      35.1313
    2711      37.8480
    2712      36.1865
    2713      37.1022
    2714      36.3855
    2715      37.5809
    2716      36.9703
    2717      35.4591
    2718      34.5887
    2719      35.5241
    2720      34.8644
    2721      34.5719
    2722      34.1142
    2723      34.2519
    2724      34.2703
    2725      34.8140
    2726      34.9850
    2727      35.0928
    2728      34.3483
    2729      36.4033
    2730      35.5562
    2731      38.2512
    2732      37.7799
    2733      36.7420
    2734      35.4345
    2735      35.5889
    2736      35.6431
    2737      34.9010
    2738      34.9989
    2739      35.0348
    2740      35.5998
    2741      34.8899
    2742      34.9829
    2743      35.0481
    2744      34.7387
    2745      37.2401
    2746      36.2544
    2747      34.9782
    2748      36.1483
    2749      34.3912
    2750      33.9292
    2751      34.2776
    2752      35.7391
    2753      34.7237
    2754      32.6260
    2755      35.2179
    2756      34.5570
    2757      34.4178
    2758      36.7011
    2759      36.8569
    2760      35.2607
    2761      36.8551
    2762      35.9877
    2763      34.6329
    2764      34.8936
    2765      34.1383
    2766      32.6285
    2767      32.5934
    2768      34.5973
    2769      33.3811
    2770      32.0526
    2771      32.8595
    2772      33.8928
    2773      33.0465
    2774      34.0592
    2775      33.1599
    2776      33.6000
    2777      33.7893
    2778      32.2104
    2779      33.8292
    2780      33.9909
    2781      32.7850
    2782      32.0901
    2783      31.8540
    2784      30.4769
    2785      32.2850
    2786      31.4570
    2787      32.8109
    2788      31.9017
    2789      31.9542
    2790      32.2439
    2791      31.9438
    2792      32.7257
    2793      32.8672
    2794      32.9212
    2795      34.1712
    2796      33.9028
    2797      32.8116
    2798      33.2764
    2799      33.1801
    2800      34.9727
    2801      33.9649
    2802      34.5352
    2803      34.3655
    2804      34.9112
    2805      34.7527
    2806      33.8906
    2807      33.9983
    2808      34.5033
    2809      34.4178
    2810      34.5215
    2811      33.9415
    2812      32.9770
    2813      33.1234
    2814      34.6645
    2815      34.3800
    2816      34.9403
    2817      35.4010
    2818      34.4507
    2819      35.3237
    2820      33.3519
    2821      34.7248
    2822      35.2612
    2823      35.6333
    2824      35.9936
    2825      34.5802
    2826      33.6262
    2827      33.8116
    2828      33.6094
    2829      33.5290
    2830      33.7737
    2831      32.9583
    2832      33.8157
    2833      34.4800
    2834      34.7550
    2835      35.8644
    2836      35.8829
    2837      34.7254
    2838      33.6476
    2839      34.0710
    2840      33.4984
    2841      34.6634
    2842      33.1777
    2843      32.1952
    2844      33.8726
    2845      34.4808
    2846      33.8728
    2847      33.5929
    2848      32.7774
    2849      33.3792
    2850      34.7006
    2851      35.4187
    2852      33.6501
    2853      33.7469
    2854      33.9707
    2855      33.5043
    2856      32.8897
    2857      33.0801
    2858      34.4263
    2859      33.5402
    2860      34.0439
    2861      33.7894
    2862      34.6532
    2863      33.9754
    2864      34.5376
    2865      33.4919
    2866      34.2939
    2867      34.2092
    2868      35.2832
    2869      35.5427
    2870      33.5861
    2871      34.9753
    2872      35.3184
    2873      34.7207
    2874      35.4213
    2875      34.5910
    2876      35.0551
    2877      33.2700
    2878      34.4574
    2879      35.6340
    2880      34.7075
    2881      33.4959
    2882      34.6425
    2883      34.5528
    2884      35.6197
    2885      35.3660
    2886      33.9874
    2887      32.9251
    2888      32.7879
    2889      35.8189
    2890      35.9646
    2891      34.5555
    2892      34.0235
    2893      35.2602
    2894      35.8799
    2895      35.4787
    2896      36.1033
    2897      35.7226
    2898      37.2873
    2899      36.4316
    2900      35.9056
    2901      36.0038
    2902      36.7924
    2903      35.4573
    2904      36.2604
    2905      36.4041
    2906      35.4159
    2907      36.4967
    2908      34.7155
    2909      35.7563
    2910      35.2335
    2911      34.9249
    2912      36.5312
    2913      36.1785
    2914      35.1962
    2915      36.3733
    2916      34.9204
    2917      35.3302
    2918      35.6323
    2919      36.1838
    2920      37.6126
    2921      36.6139
    2922      37.7333
    2923      36.3657
    2924      36.8221
    2925      38.2920
    2926      36.2817
    2927      35.7970
    2928      34.5239
    2929      33.7084
    2930      33.5343
    2931      34.1639
    2932      33.9535
    2933      34.4034
    2934      34.9835
    2935      35.1336
    2936      35.5039
    2937      34.3193
    2938      33.9189
    2939      33.3909
    2940      33.6699
    2941      33.8853
    2942      35.0687
    2943      35.3418
    2944      34.6045
    2945      35.7961
    2946      35.9602
    2947      35.4875
    2948      34.5655
    2949      33.1150
    2950      35.5810
    2951      35.9254
    2952      36.2487
    2953      35.3128
    2954      35.9505
    2955      34.0708
    2956      34.4999
    2957      36.4281
    2958      36.0394
    2959      35.7176
    2960      35.9566
    2961      34.8574
    2962      34.7524
    2963      36.7608
    2964      36.6327
    2965      36.1587
    2966      35.4823
    2967      35.8469
    2968      34.4213
    2969      35.3886
    2970      35.1288
    2971      34.1736
    2972      34.7483
    2973      33.2029
    2974      34.0751
    2975      35.7512
    2976      34.5338
    2977      35.0798
    2978      34.7298
    2979      35.6798
    2980      35.2357
    2981      34.7324
    2982      36.2443
    2983      35.7091
    2984      35.7129
    2985      35.5079
    2986      37.4602
    2987      36.0600
    2988      37.1615
    2989      36.0045
    2990      37.3605
    2991      35.4322
    2992      35.6067
    2993      36.1705
    2994      35.4684
    2995      36.7399
    2996      34.8524
    2997      35.2719
    2998      36.7450
    2999      37.4919
    3000      35.2681
    3001      35.5994
    3002      35.2725
    3003      34.8681
    3004      36.8504
    3005      37.7528
    3006      38.2484
    3007      37.1514
    3008      35.9842
    3009      36.7255
    3010      36.0552
    3011      35.9945
    3012      35.8430
    3013      37.3641
    3014      35.1824
    3015      36.0511
    3016      35.7319
    3017      33.9160
    3018      34.5590
    3019      33.8684
    3020      33.1855
    3021      32.7743
    3022      32.7021
    3023      33.1180
    3024      33.5014
    3025      33.5077
    3026      33.3386
    3027      34.1856
    3028      35.7154
    3029      34.2057
    3030      32.3511
    3031      33.6152
    3032      34.6026
    3033      33.0540
    3034      32.8047
    3035      34.0391
    3036      33.7305
    3037      35.5553
    3038      34.2174
    3039      34.8494
    3040      34.3296
    3041      35.1384
    3042      35.3022
    3043      35.4387
    3044      35.4099
    3045      34.5102
    3046      36.4502
    3047      35.9658
    3048      35.5327
    3049      34.7619
    3050      34.3180
    3051      34.9367
    3052      34.8126
    3053      36.3479
    3054      34.8150
    3055      36.1348
    3056      35.9791
    3057      34.6758
    3058      33.7313
    3059      34.5201
    3060      32.9640
    3061      35.8461
    3062      33.2476
    3063      33.4936
    3064      32.7034
    3065      33.8554
    3066      34.0555
    3067      34.6137
    3068      33.8384
    3069      33.4871
    3070      33.7822
    3071      34.1646
    3072      34.2003
    3073      33.9277
    3074      34.0387
    3075      35.6300
    3076      36.1290
    3077      35.2315
    3078      35.2559
    3079      34.0166
    3080      34.3259
    3081      37.0608
    3082      35.4867
    3083      34.6285
    3084      36.2748
    3085      35.7988
    3086      35.2052
    3087      35.1545
    3088      33.5892
    3089      35.1251
    3090      35.9691
    3091      34.5615
    3092      35.6855
    3093      35.6450
    3094      35.1737
    3095      34.8890
    3096      35.6924
    3097      34.9474
    3098      35.4581
    3099      33.6849
    3100      34.5382
    3101      34.8942
    3102      34.9450
    3103      34.4608
    3104      34.7545
    3105      34.9335
    3106      34.7162
    3107      34.5958
    3108      34.7580
    3109      34.8832
    3110      33.7243
    3111      35.8611
    3112      34.3335
    3113      33.4124
    3114      34.0935
    3115      34.6450
    3116      34.3011
    3117      33.8843
    3118      32.1857
    3119      35.1618
    3120      32.5404
    3121      33.4160
    3122      33.6837
    3123      33.7867
    3124      34.5384
    3125      34.2882
    3126      34.1818
    3127      33.2193
    3128      32.1859
    3129      33.9474
    3130      34.4000
    3131      35.6494
    3132      34.3004
    3133      34.5474
    3134      33.1190
    3135      33.0949
    3136      34.7824
    3137      33.2066
    3138      33.1062
    3139      32.5817
    3140      33.9169
    3141      35.0940
    3142      33.0773
    3143      34.2609
    3144      32.8629
    3145      34.4710
    3146      33.1390
    3147      32.8494
    3148      32.2727
    3149      32.8714
    3150      34.1487
    3151      33.2980
    3152      33.4502
    3153      32.3250
    3154      34.0526
    3155      33.7849
    3156      34.8749
    3157      34.3642
    3158      35.1125
    3159      32.4908
    3160      32.9867
    3161      35.8999
    3162      36.7194
    3163      35.4412
    3164      34.1573
    3165      37.6187
    3166      36.1112
    3167      36.0808
    3168      34.4742
    3169      35.5844
    3170      33.9104
    3171      34.7113
    3172      35.6576
    3173      35.5692
    3174      33.6872
    3175      34.4391
    3176      34.4573
    3177      37.1401
    3178      36.7532
    3179      35.1119
    3180      34.6534
    3181      36.9913
    3182      36.1205
    3183      35.8467
    3184      35.6245
    3185      36.5001
    3186      35.3514
    3187      35.7149
    3188      34.7550
    3189      36.2628
    3190      35.9467
    3191      36.0070
    3192      36.1987
    3193      36.0203
    3194      34.9081
    3195      34.7711
    3196      33.1030
    3197      33.7049
    3198      34.8055
    3199      34.6661
    3200      34.5271
    3201      35.5971
    3202      34.6378
    3203      35.8417
    3204      34.9778
    3205      35.0716
    3206      35.2292
    3207      34.9035
    3208      35.2333
    3209      35.2095
    3210      35.0464
    3211      35.6594
    3212      34.8059
    3213      36.0740
    3214      35.3608
    3215      34.6746
    3216      35.4553
    3217      35.5185
    3218      35.5151
    3219      36.6121
    3220      35.9290
    3221      33.9763
    3222      36.3319
    3223      37.9822
    3224      37.4075
    3225      35.6355
    3226      36.6479
    3227      35.5890
    3228      34.6724
    3229      34.5599
    3230      35.4252
    3231      35.1003
    3232      36.7616
    3233      37.9441
    3234      36.9243
    3235      37.4362
    3236      36.6196
    3237      35.3347
    3238      36.7985
    3239      36.8464
    3240      35.6593
    3241      36.6933
    3242      37.5980
    3243      36.6306
    3244      36.2480
    3245      35.7010
    3246      36.0127
    3247      37.6389
    3248      37.4554
    3249      37.3511
    3250      36.9562
    3251      37.4378
    3252      35.8540
    3253      36.3309
    3254      37.3551
    3255      37.3989
    3256      36.7591
    3257      35.9224
    3258      37.8656
    3259      36.8372
    3260      35.4540
    3261      36.5055
    3262      36.8300
    3263      35.6221
    3264      36.8415
    3265      36.9682
    3266      35.4600
    3267      35.9008
    3268      36.0389
    3269      36.4757
    3270      35.8187
    3271      36.7438
    3272      36.0296
    3273      36.6818
    3274      35.9421
    3275      34.1353
    3276      36.5755
    3277      35.0816
    3278      32.9099
    3279      34.5074
    3280      35.9658
    3281      35.0722
    3282      35.9978
    3283      35.7237
    3284      36.5779
    3285      37.2079
    3286      35.7676
    3287      37.0154
    3288      37.5649
    3289      37.0542
    3290      36.9038
    3291      36.3685
    3292      36.3471
    3293      36.0419
    3294      36.2703
    3295      34.3681
    3296      33.7197
    3297      34.5553
    3298      35.0801
    3299      33.1830
    3300      33.9013
    3301      35.0463
    3302      33.6169
    3303      35.8250
    3304      35.1405
    3305      35.1528
    3306      35.6915
    3307      36.0063
    3308      35.0464
    3309      34.2856
    3310      36.4985
    3311      34.6988
    3312      33.1858
    3313      34.3356
    3314      35.4510
    3315      35.3763
    3316      32.5815
    3317      35.1128
    3318      35.1822
    3319      36.5740
    3320      35.7261
    3321      33.5800
    3322      32.9707
    3323      34.8074
    3324      33.7448
    3325      33.5663
    3326      33.7719
    3327      33.8576
    3328      33.2739
    3329      32.2401
    3330      32.5780
    3331      34.3208
    3332      32.8398
    3333      33.5077
    3334      33.7058
    3335      32.8336
    3336      33.4596
    3337      33.5559
    3338      32.5127
    3339      34.1443
    3340      32.6041
    3341      33.1259
    3342      32.8013
    3343      32.3589
    3344      34.6843
    3345      34.6980
    3346      33.8817
    3347      34.3024
    3348      34.9367
    3349      35.5417
    3350      35.8178
    3351      34.9081
    3352      35.5441
    3353      34.9643
    3354      34.3711
    3355      35.3410
    3356      36.0593
    3357      37.9299
    3358      36.8139
    3359      36.0208
    3360      35.6665
    3361      35.5196
    3362      35.4502
    3363      35.4011
    3364      36.4622
    3365      37.1135
    3366      36.0599
    3367      34.7999
    3368      35.4650
    3369      35.3404
    3370      35.7459
    3371      34.8489
    3372      34.0559
    3373      35.3233
    3374      35.5729
    3375      36.9006
    3376      34.6577
    3377      36.1884
    3378      36.3950
    3379      35.9712
    3380      35.8019
    3381      34.9046
    3382      35.9854
    3383      36.0915
    3384      34.6716
    3385      34.3965
    3386      35.2926
    3387      34.4242
    3388      35.8889
    3389      34.8031
    3390      34.9051
    3391      36.3340
    3392      37.0619
    3393      35.4157
    3394      34.6478
    3395      33.9646
    3396      34.3016
    3397      35.0431
    3398      34.9957
    3399      35.0250
    3400      34.4826
    3401      35.4212
    3402      35.9187
    3403      36.4243
    3404      37.5674
    3405      39.1657
    3406      37.5803
    3407      40.0239
    3408      38.1436
    3409      37.9202
    3410      38.9826
    3411      38.0401
    3412      39.2690
    3413      37.0408
    3414      39.3250
    3415      40.2011
    3416      40.0102
    3417      38.3545
    3418      38.8612
    3419      38.4548
    3420      39.1671
    3421      39.3935
    3422      38.5635
    3423      37.8979
    3424      38.3642
    3425      39.5303
    3426      38.2434
    3427      37.7984
    3428      37.5690
    3429      37.8999
    3430      37.3967
    3431      37.6799
    3432      36.5616
    3433      37.1685
    3434      38.4059
    3435      37.6987
    3436      38.1515
    3437      38.0613
    3438      35.2808
    3439      37.4647
    3440      37.3064
    3441      36.9537
    3442      38.2779
    3443      37.0365
    3444      37.9696
    3445      37.3403
    3446      37.9412
    3447      37.0200
    3448      38.4407
    3449      36.8851
    3450      38.5220
    3451      37.6452
    3452      36.9095
    3453      37.3487
    3454      39.1933
    3455      39.8669
    3456      39.0317
    3457      37.5667
    3458      39.7276
    3459      37.2680
    3460      37.0236
    3461      37.5690
    3462      36.5981
    3463      37.8475
    3464      36.6654
    3465      37.7438
    3466      37.6894
    3467      37.6914
    3468      37.5894
    3469      38.3577
    3470      40.2217
    3471      39.3069
    3472      38.3378
    3473      39.7972
    3474      38.6533
    3475      39.7287
    3476      38.4677
    3477      37.4279
    3478      39.0426
    3479      38.4291
    3480      38.2617
    3481      36.8752
    3482      37.3253
    3483      36.9760
    3484      36.8737
    3485      35.8460
    3486      36.2532
    3487      36.5991
    3488      36.6912
    3489      36.3209
    3490      37.6641
    3491      36.7182
    3492      34.6644
    3493      35.9506
    3494      36.1066
    3495      36.4116
    3496      35.7900
    3497      36.1656
    3498      36.9740
    3499      37.7392
    3500      36.4603
    3501      34.9794
    3502      34.2063
    3503      35.5227
    3504      36.1234
    3505      35.7455
    3506      37.5324
    3507      35.7957
    3508      37.0138
    3509      37.7036
    3510      36.9212
    3511      37.7084
    3512      36.7104
    3513      38.6268
    3514      38.5979
    3515      39.8520
    3516      38.2396
    3517      39.4881
    3518      37.6404
    3519      37.3481
    3520      38.1446
    3521      40.7525
    3522      39.4587
    3523      38.5793
    3524      38.9282
    3525      38.2367
    3526      36.4634
    3527      37.7469
    3528      38.7061
    3529      39.6042
    3530      38.8159
    3531      38.8930
    3532      40.1221
    3533      37.9141
    3534      39.0330
    3535      38.0877
    3536      39.8420
    3537      40.1908
    3538      39.5799
    3539      35.2848
    3540      35.5590
    3541      35.6347
    3542      36.5333
    3543      38.2556
    3544      37.3932
    3545      36.2178
    3546      35.6615
    3547      35.7569
    3548      37.2832
    3549      35.1904
    3550      35.5888
    3551      36.6181
    3552      36.5087
    3553      37.4067
    3554      36.1131
    3555      36.8193
    3556      38.3736
    3557      39.6322
    3558      40.7021
    3559      39.6709
    3560      38.5389
    3561      36.6830
    3562      35.3940
    3563      37.6538
    3564      36.6734
    3565      37.0474
    3566      38.4419
    3567      37.6993
    3568      36.8558
    3569      36.9459
    3570      38.4265
    3571      37.9337
    3572      38.8421
    3573      37.0719
    3574      36.5121
    3575      37.7633
    3576      37.0634
    3577      37.2212
    3578      37.9589
    3579      37.4476
    3580      37.4795
    3581      37.3321
    3582      37.3223
    3583      35.9361
    3584      38.2280
    3585      38.0499
    3586      37.6694
    3587      36.5853
    3588      35.5596
    3589      36.4301
    3590      36.6839
    3591      36.4612
    3592      36.7109
    3593      36.6434
    3594      37.3105
    3595      36.9173
    3596      37.1870
    3597      36.0379
    3598      39.0627
    3599      38.5595
    3600      38.5311
    3601      36.7799
    3602      38.6867
    3603      37.7656
    3604      38.4077
    3605      38.6566
    3606      37.4262
    3607      37.5633
    3608      38.2345
    3609      36.8813
    3610      37.3126
    3611      36.8014
    3612      35.7122
    3613      37.9000
    3614      36.9082
    3615      37.5376
    3616      38.9026
    3617      35.0398
    3618      35.7448
    3619      36.7450
    3620      36.2101
    3621      37.5858
    3622      37.2467
    3623      37.1889
    3624      36.2580
    3625      36.4200
    3626      36.0081
    3627      35.4560
    3628      35.6551
    3629      35.4356
    3630      35.5235
    3631      37.1395
    3632      39.4120
    3633      36.9438
    3634      37.3330
    3635      37.5691
    3636      37.7523
    3637      37.5835
    3638      35.4084
    3639      37.2056
    3640      36.0868
    3641      36.4823
    3642      35.7482
    3643      36.5248
    3644      34.6880
    3645      36.2552
    3646      36.2592
    3647      38.2730
    3648      37.7517
    3649      35.1841
    3650      36.5330
    3651      37.3489
    3652      38.2087
    3653      36.1172
    3654      35.2352
    3655      36.2598
    3656      36.3263
    3657      37.0597
    3658      36.2021
    3659      36.3049
    3660      35.0612
    3661      36.9090
    3662      35.9187
    3663      34.6610
    3664      35.7686
    3665      36.5345
    3666      34.0189
    3667      36.3883
    3668      36.0549
    3669      38.1469
    3670      35.9715
    3671      35.6595
    3672      37.2622
    3673      37.8565
    3674      37.4011
    3675      35.9976
    3676      38.6195
    3677      37.4599
    3678      36.6944
    3679      37.8777
    3680      37.9590
    3681      36.7422
    3682      36.0101
    3683      35.7663
    3684      35.2689
    3685      36.8951
    3686      36.5712
    3687      35.9453
    3688      37.1937
    3689      36.2508
    3690      38.2099
    3691      38.4831
    3692      37.4156
    3693      37.0411
    3694      37.6622
    3695      36.9875
    3696      36.6526
    3697      36.4332
    3698      37.3333
    3699      37.3210
    3700      37.3606
    3701      36.0901
    3702      37.1898
    3703      37.8526
    3704      38.3523
    3705      38.3276
    3706      37.1787
    3707      35.8906
    3708      35.4021
    3709      34.4805
    3710      36.4632
    3711      37.5910
    3712      36.0418
    3713      36.9093
    3714      37.0632
    3715      37.3287
    3716      37.5206
    3717      36.0695
    3718      35.4810
    3719      36.0331
    3720      37.2325
    3721      36.2538
    3722      35.2767
    3723      33.8024
    3724      34.6727
    3725      34.5111
    3726      34.5972
    3727      35.9833
    3728      35.5051
    3729      34.2732
    3730      34.7142
    3731      36.5618
    3732      36.5253
    3733      35.2972
    3734      37.3421
    3735      36.7525
    3736      36.9520
    3737      36.8104
    3738      37.8900
    3739      35.5442
    3740      36.8910
    3741      38.0420
    3742      38.2859
    3743      38.2423
    3744      37.8551
    3745      36.9838
    3746      38.6351
    3747      37.0598
    3748      35.4797
    3749      35.3929
    3750      36.3834
    3751      36.6238
    3752      37.4431
    3753      38.3655
    3754      37.7631
    3755      37.8145
    3756      37.5286
    3757      37.5829
    3758      38.3316
    3759      37.5148
    3760      37.5354
    3761      40.0456
    3762      41.2667
    3763      41.5593
    3764      40.6012
    3765      40.1160
    3766      39.5788
    3767      38.9757
    3768      40.2595
    3769      39.2162
    3770      38.9304
    3771      39.0272
    3772      39.5559
    3773      39.9993
    3774      40.4105
    3775      39.8414
    3776      39.9771
    3777      40.8136
    3778      40.1176
    3779      38.4941
    3780      38.9195
    3781      39.1077
    3782      38.9094
    3783      38.7003
    3784      37.5195
    3785      38.5812
    3786      38.7287
    3787      39.3257
    3788      38.1048
    3789      38.5796
    3790      39.4590
    3791      39.5535
    3792      36.9512
    3793      37.4156
    3794      39.3473
    3795      38.0470
    3796      37.8825
    3797      38.0912
    3798      39.6187
    3799      37.9993
    3800      37.2375
    3801      36.5412
    3802      36.3471
    3803      38.3644
    3804      37.2929
    3805      37.3624
    3806      37.2400
    3807      37.6351
    3808      37.6668
    3809      37.6426
    3810      38.2190
    3811      39.0798
    3812      40.3380
    3813      39.1734
    3814      39.4590
    3815      39.0073
    3816      38.7804
    3817      37.3538
    3818      38.2371
    3819      37.5531
    3820      37.8851
    3821      39.1922
    3822      37.8152
    3823      38.3086
    3824      37.8192
    3825      38.3743
    3826      38.4826
    3827      37.2027
    3828      37.3248
    3829      36.4732
    3830      38.3268
    3831      36.7632
    3832      39.7677
    3833      39.0501
    3834      37.9346
    3835      36.5091
    3836      36.5513
    3837      36.4032
    3838      36.5930
    3839      37.8605
    3840      37.5947
    3841      35.9378
    3842      36.2829
    3843      37.2822
    3844      37.5565
    3845      38.0109
    3846      37.6405
    3847      38.9228
    3848      40.0211
    3849      39.8040
    3850      38.5397
    3851      38.4920
    3852      39.7197
    3853      40.3508
    3854      40.8311
    3855      41.0486
    3856      39.5245
    3857      40.6004
    3858      40.0839
    3859      39.9783
    3860      39.4929
    3861      39.3486
    3862      40.2239
    3863      40.0485
    3864      38.4158
    3865      38.4072
    3866      38.4006
    3867      39.0544
    3868      39.3879
    3869      37.7612
    3870      39.3667
    3871      37.4862
    3872      40.4784
    3873      38.8019
    3874      40.1687
    3875      40.3087
    3876      39.6213
    3877      40.4227
    3878      39.8310
    3879      37.2373
    3880      38.2617
    3881      38.2424
    3882      37.9410
    3883      37.3055
    3884      37.0478
    3885      37.7837
    3886      37.2567
    3887      37.6407
    3888      36.7792
    3889      36.4301
    3890      36.7992
    3891      36.2915
    3892      37.1234
    3893      37.6644
    3894      37.5823
    3895      38.1137
    3896      37.9413
    3897      38.2026
    3898      38.3590
    3899      36.8025
    3900      36.7968
    3901      34.9212
    3902      35.7391
    3903      36.9901
    3904      37.0685
    3905      37.9131
    3906      36.3574
    3907      36.3412
    3908      37.3611
    3909      36.5088
    3910      38.8057
    3911      37.0262
    3912      37.2678
    3913      36.0466
    3914      36.9930
    3915      37.2949
    3916      36.2658
    3917      36.8514
    3918      38.0744
    3919      36.2957
    3920      36.6252
    3921      38.6928
    3922      38.0498
    3923      36.6993
    3924      37.9161
    3925      37.4531
    3926      39.2276
    3927      38.6183
    3928      38.4247
    3929      38.5103
    3930      38.0287
    3931      36.8777
    3932      38.3239
    3933      37.4917
    3934      37.7920
    3935      37.1856
    3936      39.0746
    3937      37.5086
    3938      36.9327
    3939      37.4509
    3940      36.8133
    3941      37.6660
    3942      37.6718
    3943      37.7271
    3944      38.7698
    3945      37.3558
    3946      35.8569
    3947      36.7825
    3948      35.3578
    3949      36.7754
    3950      38.1356
    3951      37.9153
    3952      39.0008
    3953      39.2646
    3954      38.2506
    3955      38.0437
    3956      38.3384
    3957      37.3281
    3958      38.0908
    3959      37.0089
    3960      38.7965
    3961      38.0428
    3962      36.3786
    3963      38.2029
    3964      38.8484
    3965      39.0471
    3966      38.6074
    3967      39.6802
    3968      39.4106
    3969      38.1959
    3970      39.3846
    3971      40.6822
    3972      40.7419
    3973      39.1116
    3974      38.7559
    3975      37.7868
    3976      37.8358
    3977      40.0368
    3978      39.4707
    3979      38.4754
    3980      39.1667
    3981      39.0096
    3982      39.3210
    3983      38.1440
    3984      38.4025
    3985      37.8776
    3986      38.6471
    3987      38.8566
    3988      38.8778
    3989      38.0957
    3990      38.3507
    3991      37.3719
    3992      37.4885
    3993      36.6857
    3994      38.1503
    3995      38.8588
    3996      37.3386
    3997      37.7267
    3998      38.4550
    3999      38.4305
    4000      38.4684
    4001      40.8658
    4002      38.7174
    4003      39.4132
    4004      39.6890
    4005      40.2118
    4006      39.9841
    4007      39.7424
    4008      40.3531
    4009      40.4075
    4010      41.2074
    4011      42.0953
    4012      40.8865
    4013      38.1726
    4014      38.7237
    4015      39.1461
    4016      39.0497
    4017      39.2858
    4018      38.5716
    4019      39.4719
    4020      39.6748
    4021      40.7978
    4022      39.9120
    4023      40.1744
    4024      39.6605
    4025      39.5055
    4026      39.2010
    4027      38.9216
    4028      41.1511
    4029      39.6387
    4030      41.3845
    4031      40.7142
    4032      38.7080
    4033      38.1492
    4034      39.0042
    4035      39.9461
    4036      40.3214
    4037      39.0219
    4038      38.6431
    4039      39.8568
    4040      41.4399
    4041      38.9004
    4042      39.1314
    4043      40.0344
    4044      37.3885
    4045      40.3760
    4046      40.4232
    4047      40.6415
    4048      37.7622
    4049      36.9799
    4050      39.2829
    4051      40.5744
    4052      40.3235
    4053      40.1098
    4054      40.9661
    4055      39.6157
    4056      39.6357
    4057      38.9064
    4058      39.1478
    4059      38.4939
    4060      38.6758
    4061      39.4703
    4062      39.4168
    4063      39.3358
    4064      39.2185
    4065      38.7666
    4066      40.6886
    4067      39.6719
    4068      38.5318
    4069      40.0099
    4070      41.1635
    4071      39.8211
    4072      40.5303
    4073      41.3064
    4074      40.4216
    4075      40.8073
    4076      41.4454
    4077      39.5170
    4078      41.4434
    4079      40.1890
    4080      40.7425
    4081      40.1989
    4082      40.2868
    4083      40.3073
    4084      41.8403
    4085      40.5183
    4086      41.6127
    4087      42.3766
    4088      41.4793
    4089      39.1960
    4090      38.9979
    4091      38.7669
    4092      38.8284
    4093      39.1544
    4094      37.3352
    4095      38.3422
    4096      39.0580
    4097      41.2573
    4098      41.9626
    4099      42.3063
    4100      41.4760
    4101      40.1940
    4102      38.1271
    4103      36.8663
    4104      36.5413
    4105      36.8367
    4106      37.0994
    4107      37.4113
    4108      36.0356
    4109      36.4726
    4110      38.1622
    4111      36.6506
    4112      36.4684
    4113      36.4624
    4114      37.4447
    4115      35.7410
    4116      36.6230
    4117      35.3403
    4118      35.3715
    4119      35.2565
    4120      36.7181
    4121      36.3173
    4122      38.8646
    4123      36.2783
    4124      38.0627
    4125      36.4048
    4126      36.4271
    4127      36.3572
    4128      37.2989
    4129      37.4776
    4130      34.5768
    4131      37.2540
    4132      35.0970
    4133      35.6706
    4134      36.2887
    4135      35.6760
    4136      35.8061
    4137      33.3321
    4138      34.6423
    4139      37.3929
    4140      36.2546
    4141      38.3280
    4142      38.1088
    4143      34.9924
    4144      37.5477
    4145      37.2560
    4146      36.9056
    4147      36.0997
    4148      36.7643
    4149      35.6629
    4150      34.7553
    4151      37.0134
    4152      35.7965
    4153      36.1673
    4154      35.2213
    4155      37.2243
    4156      38.1672
    4157      36.8427
    4158      35.8585
    4159      37.4555
    4160      36.5673
    4161      35.6939
    4162      35.7299
    4163      35.6779
    4164      36.3555
    4165      37.8347
    4166      35.3214
    4167      36.6859
    4168      36.4631
    4169      35.6889
    4170      35.4209
    4171      35.7485
    4172      36.7066
    4173      33.5323
    4174      37.3522
    4175      36.5564
    4176      37.2024
    4177      36.6875
    4178      38.7461
    4179      37.9743
    4180      39.6929
    4181      38.0885
    4182      40.9665
    4183      40.0388
    4184      42.8003
    4185      41.3393
    4186      40.5281
    4187      37.3142
    4188      39.1262
    4189      39.0904
    4190      39.7996
    4191      40.4227
    4192      40.6754
    4193      41.2640
    4194      41.1749
    4195      43.3047
    4196      42.6544
    4197      40.9856
    4198      40.9301
    4199      40.9640
    4200      41.3484
    4201      38.7826
    4202      36.6725
    4203      37.4415
    4204      37.1716
    4205      36.5024
    4206      38.7598
    4207      37.1289
    4208      35.9094
    4209      36.0679
    4210      35.7107
    4211      37.3002
    4212      38.9790
    4213      38.5461
    4214      37.6722
    4215      37.3882
    4216      36.6518
    4217      38.9868
    4218      39.0004
    4219      37.3420
    4220      36.7915
    4221      39.0651
    4222      39.0667
    4223      39.9586
    4224      38.2989
    4225      39.9548
    4226      38.6865
    4227      37.5002
    4228      38.7200
    4229      37.9278
    4230      38.3243
    4231      41.9458
    4232      39.7492
    4233      40.4129
    4234      39.2190
    4235      41.0378
    4236      41.0583
    4237      39.5029
    4238      38.6465
    4239      41.1809
    4240      40.5314
    4241      41.0229
    4242      40.4897
    4243      39.5689
    4244      39.5935
    4245      40.8505
    4246      41.1194
    4247      40.9109
    4248      40.8953
    4249      38.3800
    4250      36.6791
    4251      41.1519
    4252      37.3450
    4253      40.1083
    4254      42.2025
    4255      40.7118
    4256      42.8817
    4257      44.2068
    4258      43.4128
    4259      43.1186
    4260      44.5676
    4261      43.5486
    4262      46.7607
    4263      41.8046
    4264      43.0894
    4265      40.5892
    4266      39.3017
    4267      39.2061
    4268      38.5102
    4269      38.6606
    4270      40.8404
    4271      40.0068
    4272      39.8834
    4273      39.8038
    4274      42.0786
    4275      42.9200
    4276      40.8071
    4277      41.4337
    4278      39.5839
    4279      41.9880
    4280      39.6861
    4281      41.3319
    4282      38.3472
    4283      38.8096
    4284      37.9351
    4285      39.2223
    4286      39.2874
    4287      37.7758
    4288      38.8880
    4289      38.9329
    4290      38.5706
    4291      37.4297
    4292      37.9826
    4293      38.2658
    4294      35.7515
    4295      38.4653
    4296      38.1022
    4297      37.9993
    4298      36.3320
    4299      37.7765
    4300      37.4140
    4301      38.7293
    4302      38.9793
    4303      38.1437
    4304      37.3184
    4305      37.3555
    4306      39.2061
    4307      38.8702
    4308      37.8529
    4309      36.6394
    4310      37.6221
    4311      37.4587
    4312      38.5417
    4313      38.4228
    4314      39.1413
    4315      40.6193
    4316      42.3856
    4317      40.2162
    4318      39.5764
    4319      39.6648
    4320      37.9813
    4321      36.5866
    4322      36.9545
    4323      37.2418
    4324      38.2920
    4325      37.6412
    4326      37.6267
    4327      37.0416
    4328      36.7271
    4329      36.4918
    4330      35.8371
    4331      35.4570
    4332      36.5829
    4333      36.2954
    4334      36.1444
    4335      35.8475
    4336      35.9118
    4337      36.8662
    4338      36.1249
    4339      35.6490
    4340      33.9040
    4341      36.4253
    4342      36.5616
    4343      33.7039
    4344      34.9257
    4345      34.6685
    4346      35.3614
    4347      35.0671
    4348      36.3661
    4349      35.0514
    4350      36.1061
    4351      36.0433
    4352      34.3965
    4353      36.3033
    4354      38.3406
    4355      39.2708
    4356      38.7024
    4357      37.1649
    4358      38.6324
    4359      37.4254
    4360      36.3003
    4361      36.9140
    4362      37.4927
    4363      37.2635
    4364      36.8562
    4365      36.0457
    4366      36.2772
    4367      35.9603
    4368      36.1774
    4369      36.4840
    4370      35.8229
    4371      37.1904
    4372      36.2566
    4373      35.9097
    4374      36.0680
    4375      35.8609
    4376      36.3701
    4377      36.5308
    4378      36.3280
    4379      36.7408
    4380      37.3064
    4381      36.0599
    4382      37.4382
    4383      38.7704
    4384      37.5503
    4385      36.8349
    4386      36.3484
    4387      35.8178
    4388      35.9474
    4389      34.5085
    4390      35.2189
    4391      35.8176
    4392      36.4867
    4393      33.6194
    4394      34.9872
    4395      35.1989
    4396      33.5777
    4397      34.3760
    4398      34.0221
    4399      36.1963
    4400      35.7886
    4401      35.8767
    4402      34.4546
    4403      34.7028
    4404      34.8830
    4405      36.6210
    4406      35.2593
    4407      34.9588
    4408      35.6093
    4409      34.9827
    4410      35.3495
    4411      34.7831
    4412      33.4118
    4413      34.3926
    4414      34.8024
    4415      35.1580
    4416      34.3898
    4417      35.3139
    4418      35.8539
    4419      34.0959
    4420      33.9974
    4421      35.1947
    4422      35.0523
    4423      35.1294
    4424      35.6076
    4425      33.8432
    4426      33.9848
    4427      32.9363
    4428      33.7679
    4429      33.9105
    4430      35.1542
    4431      34.9943
    4432      35.3501
    4433      34.7209
    4434      36.1004
    4435      35.0364
    4436      35.2389
    4437      35.9625
    4438      34.0186
    4439      35.4900
    4440      34.6973
    4441      35.9990
    4442      35.0472
    4443      35.6765
    4444      36.8449
    4445      36.1746
    4446      36.9267
    4447      36.3917
    4448      35.8343
    4449      36.3473
    4450      36.5325
    4451      35.9859
    4452      35.9278
    4453      35.5610
    4454      37.1954
    4455      35.3858
    4456      34.7158
    4457      34.7947
    4458      34.0615
    4459      33.6341
    4460      34.7004
    4461      35.4627
    4462      34.2619
    4463      33.8879
    4464      33.9021
    4465      33.6318
    4466      34.3353
    4467      36.6763
    4468      34.5631
    4469      36.4183
    4470      35.2633
    4471      35.4724
    4472      35.6134
    4473      34.1387
    4474      34.3364
    4475      33.7577
    4476      34.0229
    4477      34.8072
    4478      32.0536
    4479      32.6556
    4480      33.8668
    4481      33.2260
    4482      34.2769
    4483      34.4477
    4484      33.3022
    4485      34.3253
    4486      33.9349
    4487      35.1941
    4488      34.4103
    4489      34.0805
    4490      34.0271
    4491      35.0951
    4492      33.8846
    4493      35.9351
    4494      34.1740
    4495      34.8010
    4496      35.1231
    4497      33.4303
    4498      31.4654
    4499      34.5184
    4500      33.1827
    4501      33.6542
    4502      33.2521
    4503      34.3957
    4504      34.1369
    4505      34.2461
    4506      33.5141
    4507      34.2618
    4508      35.4257
    4509      36.3579
    4510      35.3093
    4511      34.3042
    4512      34.4373
    4513      35.6666
    4514      34.0694
    4515      35.8488
    4516      35.3294
    4517      34.9697
    4518      34.5953
    4519      33.4769
    4520      34.6326
    4521      35.4712
    4522      35.0572
    4523      35.0868
    4524      34.9908
    4525      33.2126
    4526      33.0249
    4527      34.8719
    4528      35.6916
    4529      36.1225
    4530      35.7853
    4531      35.8885
    4532      36.6386
    4533      35.9063
    4534      36.8772
    4535      35.9943
    4536      35.5034
    4537      36.7187
    4538      35.1155
    4539      35.4592
    4540      36.2051
    4541      36.2514
    4542      36.9640
    4543      35.7385
    4544      36.3057
    4545      36.3566
    4546      35.6960
    4547      35.8366
    4548      35.2809
    4549      34.6862
    4550      34.4464
    4551      35.0738
    4552      33.5608
    4553      33.5553
    4554      34.5105
    4555      34.2038
    4556      33.3928
    4557      33.1047
    4558      33.5129
    4559      32.4622
    4560      34.0903
    4561      33.6275
    4562      34.5417
    4563      34.0699
    4564      33.2356
    4565      33.2178
    4566      32.9991
    4567      31.8716
    4568      33.3798
    4569      33.7158
    4570      33.5678
    4571      32.5716
    4572      33.2713
    4573      33.7495
    4574      33.2653
    4575      33.1468
    4576      32.5366
    4577      31.2315
    4578      32.0973
    4579      32.4387
    4580      33.0413
    4581      32.5767
    4582      32.6896
    4583      33.2549
    4584      34.2601
    4585      33.5347
    4586      33.7670
    4587      32.4758
    4588      33.3515
    4589      34.0070
    4590      32.5148
    4591      33.1885
    4592      32.2000
    4593      32.9591
    4594      33.4911
    4595      32.3104
    4596      32.5125
    4597      31.9935
    4598      32.4720
    4599      32.4775
    4600      33.1829
    4601      32.8398
    4602      32.0400
    4603      31.5935
    4604      31.2519
    4605      32.9980
    4606      31.5423
    4607      34.4942
    4608      31.8098
    4609      32.2746
    4610      32.9440
    4611      33.5293
    4612      33.2231
    4613      33.8979
    4614      34.7998
    4615      35.2617
    4616      35.5411
    4617      35.7047
    4618      33.4687
    4619      34.8698
    4620      35.3546
    4621      36.4656
    4622      34.5065
    4623      34.9765
    4624      32.6746
    4625      32.3943
    4626      32.6125
    4627      32.3326
    4628      32.6575
    4629      33.3822
    4630      31.6514
    4631      32.1394
    4632      32.9195
    4633      32.4639
    4634      32.6560
    4635      32.5533
    4636      32.7499
    4637      31.9787
    4638      32.5975
    4639      31.6113
    4640      32.7997
    4641      31.3217
    4642      30.4840
    4643      33.2151
    4644      31.8125
    4645      31.8215
    4646      33.2329
    4647      31.8878
    4648      33.0090
    4649      32.6091
    4650      32.6427
    4651      32.0672
    4652      33.1379
    4653      32.6566
    4654      33.9867
    4655      32.6726
    4656      33.1293
    4657      33.0035
    4658      32.1875
    4659      32.5067
    4660      32.3100
    4661      32.5001
    4662      33.4356
    4663      34.0616
    4664      33.5643
    4665      32.9725
    4666      33.9971
    4667      33.0418
    4668      33.3864
    4669      32.6865
    4670      33.2736
    4671      33.2810
    4672      31.9417
    4673      32.5114
    4674      31.8352
    4675      31.6007
    4676      32.3235
    4677      31.8806
    4678      31.8422
    4679      32.5719
    4680      30.9090
    4681      31.1316
    4682      30.7183
    4683      32.3995
    4684      33.2656
    4685      33.2945
    4686      33.9917
    4687      32.7832
    4688      32.5435
    4689      33.4301
    4690      31.5659
    4691      32.4223
    4692      30.7451
    4693      33.1835
    4694      34.1897
    4695      33.8002
    4696      34.6818
    4697      35.9608
    4698      35.4905
    4699      34.7988
    4700      34.9872
    4701      34.4797
    4702      35.2533
    4703      36.6046
    4704      35.6270
    4705      35.4943
    4706      34.8838
    4707      35.9131
    4708      36.0939
    4709      34.8188
    4710      34.7919
    4711      34.4607
    4712      34.9245
    4713      35.8285
    4714      34.8089
    4715      34.7583
    4716      35.3614
    4717      35.7366
    4718      36.6458
    4719      36.6013
    4720      36.6702
    4721      36.0468
    4722      36.8587
    4723      35.4012
    4724      37.4702
    4725      37.3761
    4726      35.2913
    4727      35.1741
    4728      36.3908
    4729      36.2864
    4730      34.7760
    4731      34.9779
    4732      34.9213
    4733      34.3863
    4734      32.6835
    4735      33.1577
    4736      33.4663
    4737      34.5074
    4738      33.7375
    4739      34.0659
    4740      33.8862
    4741      33.1503
    4742      33.6112
    4743      37.2540
    4744      36.3479
    4745      35.6990
    4746      33.9656
    4747      33.3108
    4748      34.3667
    4749      34.4085
    4750      32.4310
    4751      32.3667
    4752      33.5743
    4753      32.8894
    4754      32.1988
    4755      32.9821
    4756      32.8698
    4757      33.1258
    4758      33.8741
    4759      33.4093
    4760      32.0416
    4761      33.6792
    4762      32.4760
    4763      33.3258
    4764      33.4185
    4765      34.4016
    4766      33.8423
    4767      34.0041
    4768      32.1306
    4769      31.9588
    4770      32.2972
    4771      32.5577
    4772      32.4035
    4773      32.8213
    4774      33.2130
    4775      31.8728
    4776      32.4803
    4777      32.3707
    4778      32.2536
    4779      33.8797
    4780      33.0613
    4781      32.2999
    4782      31.9681
    4783      32.7290
    4784      32.9674
    4785      31.5741
    4786      33.1619
    4787      33.2282
    4788      33.3619
    4789      34.1115
    4790      36.0738
    4791      35.3801
    4792      35.5087
    4793      35.7589
    4794      33.5636
    4795      33.5881
    4796      35.5509
    4797      33.9851
    4798      33.6923
    4799      33.3994
    4800      34.3244
    4801      33.4905
    4802      33.6902
    4803      34.2333
    4804      34.7286
    4805      34.8763
    4806      33.3699
    4807      33.6144
    4808      33.8339
    4809      33.9553
    4810      35.0429
    4811      33.6946
    4812      33.9143
    4813      35.2467
    4814      35.7209
    4815      36.0331
    4816      34.8269
    4817      33.8229
    4818      34.3929
    4819      35.2920
    4820      34.8187
    4821      34.8083
    4822      34.8860
    4823      35.8094
    4824      35.0398
    4825      35.1527
    4826      33.1006
    4827      34.7433
    4828      35.0140
    4829      35.7971
    4830      34.9844
    4831      34.2334
    4832      33.6854
    4833      34.6043
    4834      33.4547
    4835      33.6474
    4836      33.9252
    4837      33.0724
    4838      33.8406
    4839      33.1577
    4840      32.9328
    4841      33.2372
    4842      33.3407
    4843      33.6714
    4844      31.8873
    4845      32.3273
    4846      32.7493
    4847      32.8309
    4848      32.8928
    4849      33.0919
    4850      33.6882
    4851      33.6724
    4852      32.6010
    4853      33.3041
    4854      33.6740
    4855      33.1895
    4856      34.3965
    4857      34.2262
    4858      34.7292
    4859      34.2559
    4860      32.8379
    4861      33.6358
    4862      34.1894
    4863      34.6746
    4864      33.9742
    4865      34.7397
    4866      33.5195
    4867      33.5902
    4868      33.1137
    4869      33.9914
    4870      33.1068
    4871      34.6648
    4872      33.4507
    4873      34.3160
    4874      35.3184
    4875      35.4243
    4876      33.6110
    4877      33.2983
    4878      34.4022
    4879      34.4280
    4880      33.5322
    4881      34.3281
    4882      34.3802
    4883      34.9239
    4884      34.3513
    4885      35.0327
    4886      34.4459
    4887      34.5849
    4888      33.8403
    4889      34.5445
    4890      34.4749
    4891      33.9773
    4892      33.8289
    4893      35.0061
    4894      33.6067
    4895      35.8605
    4896      34.6019
    4897      34.9030
    4898      33.8889
    4899      34.5922
    4900      34.2580
    4901      34.9249
    4902      35.8497
    4903      35.3488
    4904      35.8896
    4905      34.3917
    4906      35.7560
    4907      35.1393
    4908      35.1851
    4909      35.3101
    4910      35.2835
    4911      35.3917
    4912      34.9741
    4913      35.1540
    4914      36.5145
    4915      36.3407
    4916      36.1623
    4917      35.7726
    4918      35.1359
    4919      35.5082
    4920      36.0612
    4921      35.6849
    4922      35.3601
    4923      34.2334
    4924      34.3173
    4925      34.7852
    4926      34.7662
    4927      34.8011
    4928      34.2471
    4929      35.2910
    4930      34.7993
    4931      34.5996
    4932      33.5077
    4933      34.5563
    4934      34.7219
    4935      35.7382
    4936      35.0881
    4937      33.8862
    4938      35.3799
    4939      34.9268
    4940      34.5355
    4941      34.9023
    4942      34.8013
    4943      34.8015
    4944      34.3739
    4945      33.8615
    4946      34.8945
    4947      35.7033
    4948      35.0257
    4949      34.1123
    4950      34.9946
    4951      34.6605
    4952      34.6647
    4953      34.3516
    4954      34.4567
    4955      34.9224
    4956      34.2199
    4957      34.8544
    4958      34.0417
    4959      34.2383
    4960      34.0571
    4961      34.1121
    4962      33.9709
    4963      33.9654
    4964      33.8353
    4965      33.3089
    4966      33.8926
    4967      34.1504
    4968      33.1933
    4969      34.0219
    4970      33.2553
    4971      34.0942
    4972      33.1124
    4973      33.2873
    4974      33.5061
    4975      34.6464
    4976      33.4687
    4977      33.8794
    4978      33.4037
    4979      34.2941
    4980      34.2182
    4981      32.6842
    4982      33.4004
    4983      33.2188
    4984      33.2758
    4985      33.4487
    4986      31.1164
    4987      33.0290
    4988      33.4159
    4989      33.5762
    4990      34.3211
    4991      33.9626
    4992      33.7638
    4993      34.0091
    4994      33.1855
    4995      34.6897
    4996      34.5163
    4997      33.9584
    4998      34.1821
    4999      34.1390
    5000      34.3581
    5001      34.2951
    5002      35.2602
    5003      34.6774
    5004      33.7011
    5005      33.7618
    5006      33.6923
    5007      34.0601
    5008      34.2305
    5009      33.6573
    5010      34.8961
    5011      35.2659
    5012      34.5740
    5013      33.9684
    5014      34.4530
    5015      34.8036
    5016      33.2575
    5017      34.3105
    5018      34.1353
    5019      33.8581
    5020      34.0200
    5021      34.0721
    5022      34.1858
    5023      33.8555
    5024      33.9768
    5025      34.3125
    5026      34.2544
    5027      34.6271
    5028      34.2001
    5029      34.4044
    5030      33.8598
    5031      35.4088
    5032      33.9441
    5033      34.2094
    5034      34.3962
    5035      33.8826
    5036      33.6131
    5037      33.7488
    5038      33.7004
    5039      34.0461
    5040      33.3897
    5041      33.8523
    5042      33.8051
    5043      33.9879
    5044      32.8311
    5045      34.0230
    5046      34.7784
    5047      33.9330
    5048      33.1307
    5049      33.5693
    5050      33.4557
    5051      34.1341
    5052      34.2440
    5053      33.5878
    5054      34.1604
    5055      33.6032
    5056      32.8920
    5057      32.0913
    5058      33.0953
    5059      33.5707
    5060      33.6994
    5061      33.5512
    5062      33.5435
    5063      32.8901
    5064      33.1054
    5065      34.4388
    5066      34.0546
    5067      33.9500
    5068      33.2884
    5069      34.1377
    5070      33.6011
    5071      34.6823
    5072      33.3479
    5073      34.0436
    5074      33.7030
    5075      33.6919
    5076      34.9103
    5077      34.2685
    5078      34.1618
    5079      34.4731
    5080      34.8250
    5081      34.2618
    5082      34.9107
    5083      33.7933
    5084      33.8837
    5085      34.3757
    5086      33.8126
    5087      33.4695
    5088      33.0933
    5089      34.2946
    5090      34.6071
    5091      33.6468
    5092      34.0241
    5093      33.9314
    5094      33.3432
    5095      34.7939
    5096      35.1704
    5097      33.5980
    5098      34.1583
    5099      34.2409
    5100      35.1199
    5101      35.3005
    5102      35.9196
    5103      35.3597
    5104      35.7351
    5105      35.1667
    5106      34.4007
    5107      34.2281
    5108      34.9943
    5109      33.8825
    5110      33.5619
    5111      34.2732
    5112      34.4141
    5113      34.9343
    5114      35.8220
    5115      33.9926
    5116      34.7130
    5117      34.5301
    5118      34.0918
    5119      34.5586
    5120      34.3108
    5121      34.3652
    5122      35.1807
    5123      34.7825
    5124      34.3181
    5125      34.7077
    5126      34.4604
    5127      34.5443
    5128      34.1085
    5129      35.0580
    5130      34.4391
    5131      35.3837
    5132      34.6889
    5133      35.0823
    5134      35.7055
    5135      34.5996
    5136      34.6507
    5137      34.8537
    5138      33.7115
    5139      34.4237
    5140      34.2525
    5141      34.8613
    5142      34.0929
    5143      35.0782
    5144      33.9395
    5145      33.5930
    5146      34.0181
    5147      33.4157
    5148      33.9302
    5149      34.1826
    5150      34.7316
    5151      33.7569
    5152      33.4461
    5153      32.8723
    5154      32.4807
    5155      31.9225
    5156      32.4437
    5157      32.7490
    5158      32.2440
    5159      32.8595
    5160      32.3994
    5161      32.2812
    5162      32.3622
    5163      32.4567
    5164      32.6886
    5165      32.9297
    5166      33.6384
    5167      34.2275
    5168      34.2257
    5169      32.5729
    5170      33.0752
    5171      32.8660
    5172      32.9090
    5173      33.5366
    5174      33.8218
    5175      33.0614
    5176      33.9788
    5177      33.9755
    5178      33.7630
    5179      32.9347
    5180      32.9105
    5181      34.2810
    5182      33.3220
    5183      33.5668
    5184      34.1908
    5185      34.2642
    5186      33.8927
    5187      35.0724
    5188      34.1004
    5189      33.9258
    5190      34.4885
    5191      34.6493
    5192      35.3329
    5193      34.7752
    5194      34.7533
    5195      35.3667
    5196      35.3617
    5197      34.5335
    5198      32.4128
    5199      34.5345
    5200      32.9203
    5201      33.5257
    5202      34.8176
    5203      34.1833
    5204      35.2696
    5205      33.3224
    5206      34.2576
    5207      33.9769
    5208      34.3847
    5209      32.3008
    5210      33.1900
    5211      32.0950
    5212      31.6344
    5213      32.0649
    5214      31.7674
    5215      32.9303
    5216      32.1614
    5217      33.0778
    5218      32.6197
    5219      32.7906
    5220      32.8277
    5221      33.0224
    5222      31.9425
    5223      32.5278
    5224      32.6194
    5225      32.7277
    5226      32.0086
    5227      31.9758
    5228      32.2270
    5229      32.7401
    5230      33.3250
    5231      33.1529
    5232      33.5147
    5233      32.4738
    5234      32.0582
    5235      32.3688
    5236      32.1185
    5237      32.4160
    5238      32.3974
    5239      32.3046
    5240      32.6539
    5241      31.1575
    5242      31.9123
    5243      31.4557
    5244      31.5603
    5245      31.8279
    5246      30.8087
    5247      31.7783
    5248      31.2836
    5249      30.5800
    5250      30.8634
    5251      30.7153
    5252      32.6040
    5253      31.0018
    5254      31.6640
    5255      31.2875
    5256      32.6849
    5257      32.2357
    5258      32.8356
    5259      33.6342
    5260      32.7728
    5261      32.9409
    5262      32.5881
    5263      31.9282
    5264      33.4457
    5265      32.5409
    5266      32.6774
    5267      32.9521
    5268      32.0425
    5269      32.5898
    5270      32.8035
    5271      32.6626
    5272      31.6927
    5273      32.3374
    5274      30.8774
    5275      31.5405
    5276      31.4500
    5277      32.5423
    5278      32.6989
    5279      32.1788
    5280      32.5943
    5281      31.7472
    5282      33.7705
    5283      33.1807
    5284      32.3946
    5285      32.9011
    5286      32.1520
    5287      31.2337
    5288      32.7234
    5289      32.5350
    5290      32.8001
    5291      32.5622
    5292      32.6790
    5293      31.0766
    5294      32.5849
    5295      32.6241
    5296      32.2950
    5297      32.0525
    5298      32.0437
    5299      32.4681
    5300      33.5986
    5301      32.8070
    5302      34.0761
    5303      33.3439
    5304      32.7047
    5305      33.1703
    5306      33.3666
    5307      32.7391
    5308      32.4132
    5309      32.6960
    5310      33.5627
    5311      33.4693
    5312      31.7531
    5313      31.8038
    5314      32.1064
    5315      32.8213
    5316      31.8324
    5317      32.5226
    5318      32.6884
    5319      32.3433
    5320      32.3169
    5321      33.2053
    5322      32.4474
    5323      32.4112
    5324      32.4375
    5325      32.4491
    5326      32.8856
    5327      32.6219
    5328      32.6552
    5329      32.0063
    5330      33.2614
    5331      31.7586
    5332      32.4721
    5333      32.3031
    5334      32.0645
    5335      30.9455
    5336      32.5342
    5337      32.5273
    5338      30.7513
    5339      30.9859
    5340      32.4463
    5341      32.1963
    5342      32.0843
    5343      31.2048
    5344      32.3338
    5345      32.7810
    5346      31.5376
    5347      30.9054
    5348      32.0211
    5349      31.3610
    5350      32.1717
    5351      31.7614
    5352      31.1460
    5353      32.7113
    5354      32.6411
    5355      31.1131
    5356      31.4463
    5357      32.6739
    5358      33.0471
    5359      32.3164
    5360      31.1869
    5361      31.1834
    5362      32.4453
    5363      31.9537
    5364      31.9092
    5365      32.0737
    5366      33.2687
    5367      32.1052
    5368      31.4426
    5369      31.1145
    5370      31.5345
    5371      31.7761
    5372      32.0409
    5373      30.1178
    5374      31.3459
    5375      32.0056
    5376      32.2166
    5377      31.9976
    5378      32.4597
    5379      32.3154
    5380      31.8209
    5381      31.8710
    5382      31.1734
    5383      31.1171
    5384      31.5102
    5385      31.8260
    5386      31.2290
    5387      32.5186
    5388      32.2842
    5389      30.9768
    5390      31.3633
    5391      30.8573
    5392      29.9649
    5393      30.4771
    5394      31.4579
    5395      32.0638
    5396      32.0997
    5397      31.9289
    5398      32.4970
    5399      31.9513
    5400      31.9897
    5401      32.3533
    5402      32.1998
    5403      32.1151
    5404      32.8741
    5405      32.9201
    5406      32.7643
    5407      31.9770
    5408      31.9065
    5409      31.8710
    5410      32.8293
    5411      33.2795
    5412      32.6572
    5413      33.7409
    5414      33.9161
    5415      32.6527
    5416      32.7296
    5417      33.1580
    5418      34.6804
    5419      32.7891
    5420      33.8809
    5421      35.0336
    5422      32.9135
    5423      32.7903
    5424      33.7950
    5425      32.0764
    5426      33.4521
    5427      34.0391
    5428      32.6019
    5429      31.8537
    5430      33.9244
    5431      33.4151
    5432      32.8559
    5433      33.0070
    5434      33.3468
    5435      32.5771
    5436      33.0558
    5437      33.7291
    5438      33.5197
    5439      33.6939
    5440      32.3686
    5441      32.9595
    5442      33.9670
    5443      33.0755
    5444      32.7159
    5445      33.3528
    5446      33.0259
    5447      32.9274
    5448      33.0351
    5449      32.5599
    5450      32.5702
    5451      31.6300
    5452      33.2958
    5453      32.3551
    5454      32.3295
    5455      31.9623
    5456      31.0896
    5457      32.2214
    5458      33.1694
    5459      33.6391
    5460      32.4804
    5461      33.0264
    5462      32.4562
    5463      32.4000
    5464      30.8870
    5465      32.3460
    5466      32.5878
    5467      33.3606
    5468      32.0093
    5469      32.5421
    5470      34.3065
    5471      32.4079
    5472      32.7222
    5473      32.1069
    5474      32.7549
    5475      32.6973
    5476      30.7526
    5477      33.0936
    5478      33.6979
    5479      34.2803
    5480      32.6365
    5481      34.7659
    5482      33.2132
    5483      32.8253
    5484      32.6272
    5485      34.2977
    5486      33.9690
    5487      34.1028
    5488      33.0035
    5489      32.7819
    5490      33.1050
    5491      33.9823
    5492      34.7639
    5493      33.2469
    5494      34.6561
    5495      34.7323
    5496      35.8577
    5497      35.8172
    5498      36.4421
    5499      34.6663
    5500      34.0145
    5501      34.5191
    5502      34.1694
    5503      36.3423
    5504      36.2743
    5505      36.0621
    5506      34.8790
    5507      35.0072
    5508      33.6670
    5509      33.1090
    5510      33.6441
    5511      34.0798
    5512      33.4981
    5513      33.3540
    5514      35.2270
    5515      32.4261
    5516      33.3824
    5517      34.5666
    5518      34.6029
    5519      34.8305
    5520      33.7911
    5521      33.3714
    5522      34.8110
    5523      34.2438
    5524      34.1745
    5525      34.4148
    5526      35.8274
    5527      35.0364
    5528      34.4408
    5529      36.1041
    5530      35.0936
    5531      32.9907
    5532      34.8133
    5533      34.4083
    5534      34.2740
    5535      34.0671
    5536      34.0820
    5537      31.7001
    5538      33.5279
    5539      33.6838
    5540      33.1699
    5541      34.4494
    5542      34.4662
    5543      33.9067
    5544      33.8640
    5545      34.5011
    5546      33.8112
    5547      32.8600
    5548      33.9404
    5549      34.0883
    5550      33.6141
    5551      32.6901
    5552      33.5555
    5553      33.0175
    5554      32.2861
    5555      33.0036
    5556      33.4172
    5557      33.1857
    5558      34.8788
    5559      34.4934
    5560      34.3844
    5561      35.2235
    5562      34.3919
    5563      35.1013
    5564      32.9594
    5565      31.5297
    5566      32.0845
    5567      32.1114
    5568      32.1514
    5569      31.5776
    5570      33.3461
    5571      32.1310
    5572      31.5892
    5573      31.5665
    5574      31.5567
    5575      31.3370
    5576      32.9859
    5577      32.2712
    5578      30.5831
    5579      32.8022
    5580      31.5020
    5581      32.3178
    5582      32.0174
    5583      31.5886
    5584      30.2682
    5585      31.8364
    5586      31.2224
    5587      31.3367
    5588      32.7200
    5589      32.0204
    5590      31.9197
    5591      32.2080
    5592      32.4331
    5593      31.2873
    5594      32.1294
    5595      31.3047
    5596      30.4254
    5597      31.4522
    5598      33.0156
    5599      31.9415
    5600      30.6762
    5601      31.7563
    5602      31.1856
    5603      30.7154
    5604      33.0922
    5605      32.7075
    5606      33.2404
    5607      32.2431
    5608      32.2865
    5609      33.9016
    5610      33.1541
    5611      31.9862
    5612      32.2052
    5613      31.8073
    5614      33.2963
    5615      33.3372
    5616      33.9972
    5617      34.0753
    5618      33.9415
    5619      32.9446
    5620      34.8118
    5621      34.3243
    5622      33.1224
    5623      33.7793
    5624      34.3669
    5625      32.8101
    5626      33.1500
    5627      33.7534
    5628      33.9960
    5629      33.5207
    5630      33.0854
    5631      33.7682
    5632      33.0128
    5633      33.5863
    5634      33.8503
    5635      33.7009
    5636      33.9530
    5637      34.0830
    5638      34.0071
    5639      32.9287
    5640      32.9318
    5641      33.0193
    5642      33.2801
    5643      32.4370
    5644      34.1996
    5645      33.4988
    5646      33.4673
    5647      34.0559
    5648      34.8356
    5649      31.8844
    5650      31.8041
    5651      32.8930
    5652      34.2820
    5653      32.9298
    5654      32.4100
    5655      33.6466
    5656      32.5258
    5657      33.1868
    5658      31.7507
    5659      32.0535
    5660      32.8374
    5661      32.1467
    5662      31.7512
    5663      33.3211
    5664      33.5702
    5665      33.4245
    5666      32.9055
    5667      33.5114
    5668      31.8386
    5669      33.3140
    5670      32.7764
    5671      34.4525
    5672      33.6239
    5673      32.3881
    5674      32.0005
    5675      32.1418
    5676      33.8799
    5677      33.0497
    5678      33.2279
    5679      32.1432
    5680      33.2593
    5681      32.7371
    5682      31.9756
    5683      32.3419
    5684      32.7277
    5685      32.6395
    5686      32.1790
    5687      33.0820
    5688      32.5787
    5689      31.4456
    5690      31.6531
    5691      33.2775
    5692      32.6522
    5693      32.3780
    5694      32.6003
    5695      32.1768
    5696      32.4552
    5697      33.2122
    5698      33.2652
    5699      33.2137
    5700      32.8625
    5701      32.5144
    5702      32.5805
    5703      31.7278
    5704      32.4368
    5705      32.5772
    5706      32.7981
    5707      32.4080
    5708      32.4464
    5709      32.6330
    5710      32.6845
    5711      33.4110
    5712      34.0045
    5713      33.5552
    5714      33.4019
    5715      32.4775
    5716      33.1248
    5717      32.9432
    5718      33.1874
    5719      32.0141
    5720      32.7544
    5721      31.8760
    5722      32.6407
    5723      32.2200
    5724      32.5811
    5725      32.1278
    5726      31.9809
    5727      32.0080
    5728      33.0169
    5729      32.9875
    5730      33.2372
    5731      31.5442
    5732      33.0959
    5733      34.0925
    5734      33.4663
    5735      33.7776
    5736      33.1497
    5737      32.5492
    5738      33.1970
    5739      33.1796
    5740      33.1847
    5741      33.3821
    5742      34.5817
    5743      33.9216
    5744      33.5001
    5745      33.3309
    5746      34.1431
    5747      32.9339
    5748      32.4810
    5749      33.8665
    5750      33.9256
    5751      32.4041
    5752      33.3479
    5753      33.4315
    5754      33.0607
    5755      34.0237
    5756      33.3243
    5757      33.0996
    5758      33.3014
    5759      32.7018
    5760      33.4841
    5761      32.7999
    5762      32.6906
    5763      31.7093
    5764      31.5237
    5765      31.5153
    5766      31.7367
    5767      32.7618
    5768      33.1568
    5769      32.5067
    5770      33.0715
    5771      33.4278
    5772      34.0395
    5773      33.1417
    5774      33.0777
    5775      33.7033
    5776      33.0701
    5777      32.3059
    5778      32.5235
    5779      33.4994
    5780      33.2031
    5781      33.1892
    5782      33.5133
    5783      33.2860
    5784      33.9234
    5785      34.2897
    5786      33.9891
    5787      33.9254
    5788      34.4564
    5789      33.4030
    5790      33.0982
    5791      32.4986
    5792      33.9865
    5793      32.9604
    5794      33.5251
    5795      33.4512
    5796      32.9327
    5797      32.4009
    5798      33.7438
    5799      32.6518
    5800      33.1090
    5801      33.6122
    5802      33.1840
    5803      34.0595
    5804      32.8335
    5805      32.7826
    5806      32.2849
    5807      32.4734
    5808      32.0767
    5809      32.7060
    5810      32.7088
    5811      32.5326
    5812      32.5738
    5813      31.9473
    5814      32.2713
    5815      31.8158
    5816      31.5885
    5817      32.3648
    5818      32.2016
    5819      33.4152
    5820      32.0393
    5821      31.9537
    5822      31.6754
    5823      33.0037
    5824      32.5135
    5825      33.3924
    5826      33.1137
    5827      31.7589
    5828      33.2936
    5829      32.9403
    5830      31.5033
    5831      32.3924
    5832      32.8044
    5833      31.5104
    5834      32.1448
    5835      32.5817
    5836      32.7552
    5837      32.6986
    5838      33.7592
    5839      34.0110
    5840      35.4470
    5841      34.2100
    5842      32.9095
    5843      33.4094
    5844      32.6689
    5845      33.3403
    5846      32.5247
    5847      32.0715
    5848      32.6479
    5849      33.1359
    5850      33.8663
    5851      33.7590
    5852      33.5269
    5853      32.7142
    5854      33.7889
    5855      33.9932
    5856      34.4697
    5857      33.1784
    5858      32.7061
    5859      32.7797
    5860      31.7557
    5861      32.2305
    5862      32.8448
    5863      32.7464
    5864      33.2631
    5865      34.2388
    5866      33.3933
    5867      32.8802
    5868      33.0353
    5869      32.2717
    5870      33.0968
    5871      33.6978
    5872      33.2383
    5873      33.1763
    5874      33.9109
    5875      33.2904
    5876      33.3513
    5877      32.8365
    5878      32.8273
    5879      33.4975
    5880      33.1756
    5881      33.7364
    5882      34.3946
    5883      33.5014
    5884      34.7255
    5885      34.4856
    5886      34.1219
    5887      33.9587
    5888      33.2515
    5889      32.6048
    5890      32.5852
    5891      33.8333
    5892      33.4772
    5893      33.0642
    5894      33.3322
    5895      35.1938
    5896      34.9144
    5897      35.0189
    5898      35.1249
    5899      35.2650
    5900      34.6533
    5901      34.8844
    5902      34.9830
    5903      35.5953
    5904      34.7216
    5905      34.8330
    5906      36.4083
    5907      35.1316
    5908      34.8815
    5909      34.7322
    5910      35.8267
    5911      35.1709
    5912      34.7363
    5913      34.0658
    5914      34.8820
    5915      34.7664
    5916      35.8635
    5917      35.0360
    5918      33.2462
    5919      33.2865
    5920      34.6090
    5921      35.5936
    5922      35.5599
    5923      35.7395
    5924      34.7497
    5925      35.6581
    5926      35.3537
    5927      35.6621
    5928      35.7415
    5929      35.7692
    5930      36.7252
    5931      36.7070
    5932      36.7102
    5933      36.5071
    5934      34.6696
    5935      35.2563
    5936      35.0155
    5937      33.9122
    5938      35.1166
    5939      34.0239
    5940      34.2950
    5941      35.0961
    5942      34.2650
    5943      34.7490
    5944      34.8725
    5945      35.7237
    5946      34.5932
    5947      34.8833
    5948      36.2539
    5949      35.6327
    5950      36.0155
    5951      36.2608
    5952      36.1677
    5953      34.9084
    5954      34.9936
    5955      36.3198
    5956      34.2064
    5957      33.3550
    5958      33.5111
    5959      33.9757
    5960      35.0976
    5961      34.7714
    5962      33.9943
    5963      33.8631
    5964      34.7566
    5965      35.0812
    5966      34.1739
    5967      34.6955
    5968      35.1847
    5969      36.1347
    5970      35.3449
    5971      35.1366
    5972      34.8489
    5973      35.9182
    5974      35.2118
    5975      36.5832
    5976      35.7016
    5977      35.6938
    5978      36.9694
    5979      36.1696
    5980      34.9302
    5981      35.3197
    5982      36.8960
    5983      36.5540
    5984      35.9072
    5985      37.6485
    5986      38.4143
    5987      37.2970
    5988      37.0668
    5989      35.9253
    5990      35.0910
    5991      36.3916
    5992      35.8496
    5993      35.9905
    5994      37.2434
    5995      36.0872
    5996      37.4208
    5997      36.4710
    5998      36.4998
    5999      38.5685
    6000      37.2437
    6001      36.1379
    6002      35.4037
    6003      35.7080
    6004      36.7155
    6005      33.0255
    6006      33.6192
    6007      34.6434
    6008      35.0804
    6009      34.2453
    6010      35.1032
    6011      36.1942
    6012      36.8324
    6013      35.7550
    6014      35.1051
    6015      33.6461
    6016      33.8704
    6017      34.0991
    6018      33.8249
    6019      34.8845
    6020      33.8390
    6021      34.4887
    6022      34.8619
    6023      34.3669
    6024      34.8854
    6025      34.7304
    6026      34.6166
    6027      33.9303
    6028      34.7832
    6029      33.5481
    6030      34.5234
    6031      35.4040
    6032      35.3737
    6033      34.3548
    6034      33.9226
    6035      35.1166
    6036      36.2501
    6037      37.2401
    6038      35.3212
    6039      36.4201
    6040      36.9694
    6041      38.5288
    6042      37.7624
    6043      35.7564
    6044      35.6852
    6045      35.4762
    6046      36.2853
    6047      35.2867
    6048      36.1892
    6049      37.3324
    6050      37.7848
    6051      38.2895
    6052      37.4986
    6053      36.8145
    6054      36.5382
    6055      37.2174
    6056      38.0929
    6057      38.3564
    6058      36.5507
    6059      36.9833
    6060      35.0608
    6061      36.0486
    6062      37.0170
    6063      37.3085
    6064      36.4535
    6065      34.7557
    6066      34.2380
    6067      34.9886
    6068      35.2107
    6069      35.2532
    6070      35.8495
    6071      34.6981
    6072      35.1160
    6073      37.4826
    6074      36.8555
    6075      36.0314
    6076      36.2803
    6077      36.4434
    6078      35.6089
    6079      36.8498
    6080      37.5001
    6081      36.4698
    6082      37.6163
    6083      36.1647
    6084      36.2005
    6085      36.9003
    6086      35.5238
    6087      36.1254
    6088      36.7347
    6089      34.5112
    6090      36.3731
    6091      35.7427
    6092      35.6958
    6093      36.0504
    6094      33.5021
    6095      35.1447
    6096      34.9820
    6097      35.9063
    6098      35.6823
    6099      35.3086
    6100      35.5780
    6101      34.2526
    6102      34.8966
    6103      36.5222
    6104      35.7377
    6105      35.7626
    6106      35.6691
    6107      36.3022
    6108      34.6025
    6109      34.1749
    6110      35.6345
    6111      34.4312
    6112      33.9505
    6113      35.2116
    6114      33.9663
    6115      36.0075
    6116      37.0111
    6117      36.5643
    6118      36.3463
    6119      35.4306
    6120      37.0415
    6121      36.3330
    6122      35.5590
    6123      36.3341
    6124      36.5198
    6125      35.7743
    6126      36.7540
    6127      36.4170
    6128      35.5567
    6129      34.8260
    6130      34.5269
    6131      35.9114
    6132      36.4358
    6133      36.5597
    6134      36.5793
    6135      34.0180
    6136      35.5254
    6137      33.9543
    6138      33.7651
    6139      34.3346
    6140      34.5156
    6141      35.3882
    6142      34.6145
    6143      35.3446
    6144      34.8265
    6145      35.9439
    6146      34.6248
    6147      33.9585
    6148      35.4297
    6149      34.9307
    6150      35.7393
    6151      35.5222
    6152      35.0575
    6153      35.6336
    6154      36.5686
    6155      35.9175
    6156      35.9867
    6157      35.6741
    6158      36.3142
    6159      35.5735
    6160      36.1670
    6161      35.8632
    6162      35.3510
    6163      35.6792
    6164      35.4593
    6165      36.3645
    6166      36.0880
    6167      35.7505
    6168      35.4007
    6169      36.8388
    6170      35.6767
    6171      35.6878
    6172      35.5794
    6173      36.1029
    6174      35.9933
    6175      35.4703
    6176      35.7771
    6177      35.5150
    6178      35.3251
    6179      36.3407
    6180      35.2238
    6181      34.5013
    6182      35.3890
    6183      34.5880
    6184      34.9780
    6185      35.9624
    6186      35.2691
    6187      35.9580
    6188      33.9800
    6189      34.5691
    6190      35.3038
    6191      34.3366
    6192      33.6708
    6193      33.4432
    6194      32.3877
    6195      34.6726
    6196      34.7676
    6197      34.4146
    6198      34.0892
    6199      35.9202
    6200      34.6825
    6201      34.6975
    6202      34.8360
    6203      35.7978
    6204      34.8326
    6205      35.5155
    6206      35.8114
    6207      35.7035
    6208      34.3244
    6209      36.0376
    6210      34.7555
    6211      34.5351
    6212      35.1068
    6213      35.6273
    6214      34.7307
    6215      35.1568
    6216      34.8393
    6217      35.1767
    6218      35.2692
    6219      34.0723
    6220      34.3704
    6221      34.0890
    6222      34.3872
    6223      35.3270
    6224      34.2341
    6225      34.5176
    6226      35.4782
    6227      34.5613
    6228      33.3081
    6229      34.4257
    6230      34.2567
    6231      34.3158
    6232      33.3944
    6233      34.2723
    6234      34.7746
    6235      34.6015
    6236      36.1696
    6237      35.6800
    6238      36.2360
    6239      36.3594
    6240      35.9717
    6241      36.5893
    6242      34.7537
    6243      36.6636
    6244      37.8812
    6245      36.4647
    6246      35.6130
    6247      34.8350
    6248      36.2135
    6249      36.0525
    6250      34.8750
    6251      36.4376
    6252      35.4329
    6253      36.3262
    6254      37.2433
    6255      35.8917
    6256      36.0857
    6257      35.6674
    6258      35.3953
    6259      35.5568
    6260      36.1781
    6261      36.5062
    6262      36.1000
    6263      35.7215
    6264      36.3002
    6265      36.0754
    6266      35.2774
    6267      36.1371
    6268      35.3997
    6269      36.0184
    6270      36.1343
    6271      36.0720
    6272      35.6029
    6273      36.5964
    6274      36.0011
    6275      36.3729
    6276      35.9696
    6277      35.7072
    6278      36.0004
    6279      37.0232
    6280      36.0557
    6281      35.5986
    6282      36.3456
    6283      37.1648
    6284      35.0473
    6285      35.7100
    6286      35.9262
    6287      34.8320
    6288      34.3726
    6289      35.6130
    6290      35.5241
    6291      36.0622
    6292      36.4106
    6293      35.8049
    6294      35.7426
    6295      35.0117
    6296      35.7321
    6297      36.3041
    6298      36.8196
    6299      36.3269
    6300      36.2831
    6301      36.0771
    6302      37.6026
    6303      35.5669
    6304      36.3316
    6305      35.5404
    6306      36.2234
    6307      35.6741
    6308      36.0743
    6309      36.2561
    6310      35.9144
    6311      36.6708
    6312      35.8874
    6313      34.6378
    6314      35.3756
    6315      35.5757
    6316      36.0106
    6317      36.0571
    6318      36.4212
    6319      36.6462
    6320      37.0630
    6321      35.5950
    6322      35.5000
    6323      36.6126
    6324      35.9275
    6325      36.6796
    6326      38.9964
    6327      37.2455
    6328      37.6429
    6329      37.3737
    6330      37.6804
    6331      37.7762
    6332      37.6790
    6333      38.7534
    6334      36.9242
    6335      37.2563
    6336      37.4557
    6337      38.2651
    6338      38.0123
    6339      36.9150
    6340      37.6164
    6341      37.1572
    6342      37.4290
    6343      37.3838
    6344      36.9901
    6345      36.3789
    6346      37.2530
    6347      36.6667
    6348      37.0147
    6349      37.3276
    6350      35.3770
    6351      35.7727
    6352      36.4279
    6353      36.5631
    6354      36.0344
    6355      36.9049
    6356      36.4757
    6357      36.4397
    6358      37.1323
    6359      36.0620
    6360      36.4198
    6361      36.8783
    6362      37.1293
    6363      35.8495
    6364      37.3958
    6365      36.0404
    6366      35.7883
    6367      35.9676
    6368      36.6333
    6369      35.4513
    6370      36.7113
    6371      35.9216
    6372      35.5806
    6373      36.5050
    6374      36.2373
    6375      36.3192
    6376      36.0877
    6377      35.3602
    6378      35.2102
    6379      35.7131
    6380      35.9603
    6381      34.6181
    6382      35.1569
    6383      36.1571
    6384      36.3138
    6385      35.6498
    6386      34.5019
    6387      35.1172
    6388      34.6065
    6389      35.5083
    6390      33.4392
    6391      35.3911
    6392      34.1791
    6393      34.6277
    6394      33.0066
    6395      33.4984
    6396      33.7991
    6397      34.8046
    6398      33.7544
    6399      33.5209
    6400      34.4574
    6401      34.1528
    6402      34.0926
    6403      34.2982
    6404      34.7652
    6405      34.4316
    6406      34.0140
    6407      33.8627
    6408      35.1219
    6409      35.4856
    6410      33.1598
    6411      33.9017
    6412      34.3886
    6413      35.3813
    6414      34.0807
    6415      34.9496
    6416      34.7485
    6417      33.2881
    6418      35.6268
    6419      34.3021
    6420      35.4085
    6421      34.8839
    6422      35.0163
    6423      34.4275
    6424      35.8517
    6425      35.4777
    6426      34.1943
    6427      33.3354
    6428      35.5303
    6429      34.7741
    6430      34.0847
    6431      34.5507
    6432      35.2795
    6433      35.4901
    6434      35.7234
    6435      35.9570
    6436      33.8193
    6437      34.1840
    6438      33.3463
    6439      35.1349
    6440      35.8868
    6441      34.8251
    6442      34.6878
    6443      35.0007
    6444      35.0379
    6445      34.8470
    6446      34.4599
    6447      36.3588
    6448      35.8306
    6449      36.0567
    6450      37.0458
    6451      36.9570
    6452      37.4968
    6453      35.2773
    6454      34.9785
    6455      34.9391
    6456      35.5973
    6457      36.2792
    6458      36.9484
    6459      35.2323
    6460      35.7552
    6461      34.9172
    6462      34.1216
    6463      33.6981
    6464      35.9139
    6465      35.4649
    6466      34.2563
    6467      33.8350
    6468      34.9529
    6469      35.9817
    6470      35.6336
    6471      35.3842
    6472      34.8469
    6473      36.4630
    6474      35.7860
    6475      36.8358
    6476      35.6223
    6477      35.2417
    6478      35.4118
    6479      34.8695
    6480      36.1335
    6481      35.9966
    6482      35.1506
    6483      35.1613
    6484      33.7783
    6485      33.4805
    6486      34.2292
    6487      34.8150
    6488      34.5471
    6489      34.6687
    6490      33.1728
    6491      33.9246
    6492      35.5603
    6493      34.0090
    6494      34.5073
    6495      34.1032
    6496      35.2995
    6497      35.2326
    6498      35.1267
    6499      35.7558
    6500      35.1877
    6501      36.0615
    6502      33.5150
    6503      35.2810
    6504      34.7443
    6505      35.2241
    6506      34.5349
    6507      34.7195
    6508      35.7670
    6509      36.3383
    6510      34.1837
    6511      34.3136
    6512      34.8053
    6513      34.6172
    6514      32.8989
    6515      35.1690
    6516      34.3346
    6517      33.5917
    6518      35.2679
    6519      34.6886
    6520      35.6922
    6521      33.9176
    6522      33.9848
    6523      33.2113
    6524      34.9136
    6525      35.1576
    6526      36.0283
    6527      34.6158
    6528      35.2800
    6529      35.8786
    6530      34.6905
    6531      33.6527
    6532      32.8296
    6533      33.8609
    6534      34.4077
    6535      33.7493
    6536      33.6673
    6537      34.2138
    6538      34.5932
    6539      32.7543
    6540      34.1937
    6541      33.1082
    6542      34.0946
    6543      35.0950
    6544      33.0104
    6545      32.9852
    6546      35.1579
    6547      34.0906
    6548      34.7945
    6549      35.0846
    6550      35.1681
    6551      35.2407
    6552      34.1463
    6553      34.5262
    6554      33.7017
    6555      35.1061
    6556      35.2918
    6557      36.4287
    6558      35.1444
    6559      35.3033
    6560      34.9597
    6561      34.8229
    6562      35.3917
    6563      36.6503
    6564      35.7726
    6565      33.9838
    6566      34.0161
    6567      34.8339
    6568      34.7701
    6569      33.7932
    6570      34.5610
    6571      34.0107
    6572      34.5487
    6573      33.6471
    6574      35.1496
    6575      36.6468
    6576      36.8211
    6577      35.0367
    6578      33.3562
    6579      34.7673
    6580      34.0933
    6581      35.5438
    6582      35.5248
    6583      36.3572
    6584      36.3381
    6585      35.9052
    6586      34.7155
    6587      36.3519
    6588      34.4611
    6589      34.4928
    6590      34.9231
    6591      34.3821
    6592      34.9671
    6593      34.6785
    6594      34.7266
    6595      34.9321
    6596      35.2742
    6597      34.8551
    6598      34.8209
    6599      35.7161
    6600      34.6872
    6601      34.9997
    6602      34.4872
    6603      35.6445
    6604      33.6028
    6605      33.9651
    6606      34.2310
    6607      33.1815
    6608      34.4143
    6609      34.2052
    6610      33.4510
    6611      33.3617
    6612      33.8469
    6613      34.8387
    6614      34.2008
    6615      33.8958
    6616      34.7682
    6617      34.6387
    6618      35.1707
    6619      35.0939
    6620      35.5004
    6621      36.6378
    6622      35.0192
    6623      35.5967
    6624      34.7835
    6625      34.2044
    6626      33.0077
    6627      32.5733
    6628      34.8351
    6629      33.9650
    6630      34.5649
    6631      35.7942
    6632      35.6506
    6633      36.5772
    6634      34.2003
    6635      34.5989
    6636      34.5103
    6637      34.8226
    6638      34.9373
    6639      36.9757
    6640      37.8106
    6641      36.2500
    6642      36.9249
    6643      37.6110
    6644      36.6392
    6645      37.1436
    6646      36.6888
    6647      36.1973
    6648      37.6599
    6649      36.9078
    6650      36.2654
    6651      36.9843
    6652      35.7839
    6653      37.2269
    6654      36.9811
    6655      35.7139
    6656      35.1726
    6657      33.4162
    6658      36.7785
    6659      34.4855
    6660      35.8864
    6661      35.3252
    6662      35.5217
    6663      35.4352
    6664      36.6175
    6665      35.7714
    6666      34.7347
    6667      34.9532
    6668      35.0417
    6669      35.7401
    6670      36.2142
    6671      34.1870
    6672      34.6178
    6673      33.4495
    6674      33.7628
    6675      34.9964
    6676      33.3052
    6677      34.6482
    6678      34.1437
    6679      32.6071
    6680      33.4174
    6681      34.1732
    6682      33.4368
    6683      33.2341
    6684      33.6269
    6685      33.0249
    6686      33.3946
    6687      32.9100
    6688      32.8512
    6689      33.2687
    6690      32.2903
    6691      32.8808
    6692      33.0963
    6693      32.2026
    6694      33.8947
    6695      32.8951
    6696      33.6982
    6697      33.3319
    6698      34.2706
    6699      35.3065
    6700      34.4508
    6701      34.2439
    6702      33.7337
    6703      34.4300
    6704      35.7070
    6705      35.7557
    6706      34.5907
    6707      33.3627
    6708      33.6641
    6709      32.7315
    6710      32.5868
    6711      33.1592
    6712      33.4855
    6713      34.9286
    6714      33.3199
    6715      34.3507
    6716      32.9771
    6717      33.5521
    6718      33.9127
    6719      35.5225
    6720      34.9446
    6721      32.7832
    6722      32.9093
    6723      34.4595
    6724      34.4900
    6725      34.9100
    6726      33.6188
    6727      34.2299
    6728      34.3738
    6729      34.3557
    6730      33.7721
    6731      34.9136
    6732      34.8837
    6733      33.7821
    6734      33.0593
    6735      32.8815
    6736      31.9160
    6737      32.8942
    6738      33.8975
    6739      32.6468
    6740      33.4828
    6741      33.6121
    6742      33.3804
    6743      33.1540
    6744      33.7922
    6745      33.2931
    6746      33.7249
    6747      33.5790
    6748      34.0857
    6749      33.2425
    6750      33.6256
    6751      33.6155
    6752      35.0087
    6753      34.3461
    6754      33.2974
    6755      33.5569
    6756      33.4561
    6757      32.4468
    6758      33.3333
    6759      33.3459
    6760      32.9203
    6761      33.8109
    6762      31.7305
    6763      32.9402
    6764      33.1737
    6765      32.7846
    6766      32.8228
    6767      31.7491
    6768      33.2953
    6769      33.4189
    6770      34.6873
    6771      34.4326
    6772      34.7479
    6773      34.7470
    6774      34.2017
    6775      34.2793
    6776      34.9574
    6777      35.8433
    6778      34.0065
    6779      36.2211
    6780      34.6709
    6781      34.2495
    6782      34.4419
    6783      35.2167
    6784      34.5671
    6785      34.3379
    6786      34.4239
    6787      33.6712
    6788      36.4859
    6789      35.3086
    6790      36.3563
    6791      34.5151
    6792      33.6849
    6793      34.0109
    6794      35.3823
    6795      33.7735
    6796      34.0493
    6797      34.5726
    6798      33.7977
    6799      35.0263
    6800      34.2828
    6801      36.5954
    6802      35.3722
    6803      33.8429
    6804      34.5794
    6805      34.7378
    6806      35.8779
    6807      34.2943
    6808      34.1339
    6809      33.5590
    6810      33.9607
    6811      34.0156
    6812      32.0574
    6813      33.2253
    6814      33.1362
    6815      32.7035
    6816      33.2139
    6817      32.9010
    6818      34.6151
    6819      34.1947
    6820      34.8203
    6821      34.5928
    6822      34.8420
    6823      33.3173
    6824      33.4472
    6825      33.8216
    6826      32.6887
    6827      33.9565
    6828      33.3622
    6829      33.6491
    6830      34.0816
    6831      34.3615
    6832      34.3335
    6833      34.5133
    6834      34.6862
    6835      33.7963
    6836      32.6102
    6837      32.8300
    6838      33.3395
    6839      34.1300
    6840      32.0289
    6841      34.0084
    6842      32.6240
    6843      31.9815
    6844      32.2801
    6845      32.8237
    6846      33.1564
    6847      32.0929
    6848      31.5905
    6849      31.5891
    6850      31.6589
    6851      31.2076
    6852      30.8933
    6853      32.2757
    6854      32.7317
    6855      33.8879
    6856      32.8409
    6857      31.8047
    6858      33.6510
    6859      32.3888
    6860      33.0781
    6861      33.2264
    6862      32.8820
    6863      32.8806
    6864      34.1464
    6865      33.5802
    6866      34.0299
    6867      33.8684
    6868      32.1974
    6869      32.9092
    6870      33.5535
    6871      34.7052
    6872      34.0273
    6873      34.5155
    6874      34.3544
    6875      35.0864
    6876      33.6670
    6877      33.5973
    6878      34.5204
    6879      33.3316
    6880      34.9687
    6881      34.6636
    6882      33.2193
    6883      34.4296
    6884      34.6737
    6885      33.1448
    6886      33.4874
    6887      34.0640
    6888      33.4788
    6889      33.5902
    6890      34.5351
    6891      34.2199
    6892      34.5027
    6893      34.3880
    6894      33.1114
    6895      33.0967
    6896      33.5785
    6897      33.8143
    6898      33.3845
    6899      32.8908
    6900      32.9721
    6901      32.5732
    6902      33.8899
    6903      33.8704
    6904      33.9234
    6905      32.8272
    6906      32.8865
    6907      35.1649
    6908      33.2960
    6909      32.3265
    6910      32.9043
    6911      35.6186
    6912      35.1460
    6913      34.8733
    6914      34.6222
    6915      32.6134
    6916      34.2451
    6917      33.2688
    6918      34.9535
    6919      33.2625
    6920      34.4700
    6921      33.3207
    6922      34.2471
    6923      35.4270
    6924      34.6977
    6925      33.5329
    6926      35.0619
    6927      33.5300
    6928      34.0666
    6929      32.7978
    6930      34.1511
    6931      33.2029
    6932      33.3726
    6933      32.3849
    6934      31.8963
    6935      32.5468
    6936      33.9961
    6937      33.1162
    6938      33.4861
    6939      33.5121
    6940      31.7159
    6941      31.8395
    6942      31.8168
    6943      32.2141
    6944      31.5700
    6945      33.0224
    6946      34.2899
    6947      32.4816
    6948      32.1836
    6949      33.1979
    6950      34.4786
    6951      30.9832
    6952      33.2309
    6953      33.9931
    6954      34.3391
    6955      33.0865
    6956      34.1566
    6957      33.5771
    6958      33.4675
    6959      34.6494
    6960      35.3477
    6961      34.9553
    6962      34.3643
    6963      33.6934
    6964      33.5831
    6965      32.3454
    6966      33.4979
    6967      33.6057
    6968      33.7496
    6969      33.0384
    6970      33.0349
    6971      33.2764
    6972      33.2137
    6973      32.4137
    6974      33.5184
    6975      32.9071
    6976      32.4788
    6977      32.4156
    6978      31.9575
    6979      33.5529
    6980      34.1564
    6981      32.3634
    6982      33.2922
    6983      33.0867
    6984      32.7177
    6985      33.2307
    6986      34.5886
    6987      33.1819
    6988      33.5510
    6989      32.8953
    6990      34.1889
    6991      33.5956
    6992      33.8503
    6993      34.8815
    6994      31.7203
    6995      31.9683
    6996      33.5597
    6997      33.8458
    6998      33.4213
    6999      33.4990
    7000      33.7747
    7001      33.0262
    7002      33.0709
    7003      33.4487
    7004      34.6453
    7005      34.3452
    7006      33.4989
    7007      34.0050
    7008      34.0784
    7009      33.3718
    7010      34.6464
    7011      33.8219
    7012      33.1516
    7013      34.7445
    7014      34.7618
    7015      34.6909
    7016      35.6044
    7017      34.5224
    7018      33.6578
    7019      33.7716
    7020      34.4581
    7021      32.7917
    7022      33.3461
    7023      32.9865
    7024      32.9821
    7025      34.9734
    7026      33.2350
    7027      33.6787
    7028      33.7833
    7029      34.9835
    7030      34.6842
    7031      35.1767
    7032      34.5651
    7033      34.2162
    7034      33.1685
    7035      31.7751
    7036      33.7155
    7037      33.8281
    7038      33.2879
    7039      33.5514
    7040      33.9159
    7041      33.4507
    7042      33.8012
    7043      33.6170
    7044      32.7302
    7045      34.4101
    7046      34.2649
    7047      33.1341
    7048      34.9594
    7049      35.7341
    7050      34.5822
    7051      33.2533
    7052      33.1807
    7053      33.2495
    7054      33.4607
    7055      34.2268
    7056      36.2731
    7057      34.5507
    7058      34.9253
    7059      30.7311
    7060      31.6803
    7061      31.5261
    7062      33.2859
    7063      32.5447
    7064      33.3877
    7065      32.6106
    7066      31.8615
    7067      34.4283
    7068      31.9700
    7069      33.2884
    7070      31.3985
    7071      32.9803
    7072      33.7620
    7073      34.1131
    7074      33.4273
    7075      33.5710
    7076      33.4204
    7077      30.9876
    7078      32.2066
    7079      31.6961
    7080      32.3339
    7081      32.7842
    7082      33.9268
    7083      31.8403
    7084      31.2979
    7085      34.6715
    7086      33.0141
    7087      34.7117
    7088      32.2322
    7089      34.0124
    7090      33.0921
    7091      31.6986
    7092      32.3106
    7093      31.4336
    7094      32.3631
    7095      33.0199
    7096      30.1715
    7097      33.4739
    7098      33.8459
    7099      34.5995
    7100      33.8118
    7101      33.3601
    7102      32.0842
    7103      31.6782
    7104      32.4793
    7105      33.1871
    7106      33.7191
    7107      33.1892
    7108      34.2711
    7109      34.6920
    7110      35.2704
    7111      34.9097
    7112      35.7238
    7113      36.7217
    7114      35.2930
    7115      33.9036
    7116      33.2297
    7117      33.9608
    7118      33.8677
    7119      33.5001
    7120      36.0577
    7121      37.1603
    7122      35.4583
    7123      35.7456
    7124      34.6830
    7125      35.0347
    7126      36.5331
    7127      36.1586
    7128      36.2144
    7129      37.5044
    7130      36.0977
    7131      35.7751
    7132      35.5140
    7133      35.9188
    7134      35.9450
    7135      34.4539
    7136      34.1896
    7137      34.7251
    7138      31.8836
    7139      33.1130
    7140      31.9421
    7141      31.0640
    7142      32.5845
    7143      33.8935
    7144      34.9835
    7145      34.0680
    7146      35.2153
    7147      34.7643
    7148      33.4654
    7149      34.5610
    7150      32.3898
    7151      32.7849
    7152      34.7343
    7153      34.1170
    7154      34.2467
    7155      34.5817
    7156      36.2871
    7157      33.8865
    7158      32.9875
    7159      31.8047
    7160      33.2116
    7161      34.2314
    7162      33.7465
    7163      33.5986
    7164      34.5660
    7165      33.6670
    7166      32.4462
    7167      33.0397
    7168      31.3471
    7169      31.7958
    7170      32.9739
    7171      32.5734
    7172      32.7972
    7173      32.2484
    7174      33.2395
    7175      33.0573
    7176      35.0210
    7177      32.6280
    7178      32.0532
    7179      32.2658
    7180      33.6330
    7181      34.9776
    7182      35.1902
    7183      34.8376
    7184      33.2762
    7185      33.7895
    7186      34.6723
    7187      32.5388
    7188      32.8053
    7189      34.0530
    7190      34.4413
    7191      32.3340
    7192      33.9336
    7193      32.4340
    7194      34.4461
    7195      34.6543
    7196      34.4132
    7197      35.0707
    7198      35.1584
    7199      37.0155
    7200      36.0383
    7201      35.7226
    7202      33.9452
    7203      32.7250
    7204      33.1322
    7205      33.3493
    7206      35.1150
    7207      34.0998
    7208      33.0886
    7209      33.6755
    7210      34.5987
    7211      34.7729
    7212      35.5457
    7213      36.4296
    7214      36.3186
    7215      36.1288
    7216      35.4293
    7217      35.6947
    7218      35.3673
    7219      36.4185
    7220      37.6168
    7221      36.5193
    7222      35.8518
    7223      35.3208
    7224      36.1361
    7225      35.5240
    7226      35.8051
    7227      35.8731
    7228      34.8886
    7229      34.1878
    7230      34.2786
    7231      35.2158
    7232      36.2926
    7233      35.6957
    7234      35.5350
    7235      34.1957
    7236      35.4030
    7237      33.4416
    7238      33.4814
    7239      33.3421
    7240      34.0234
    7241      34.6091
    7242      35.3441
    7243      34.2574
    7244      34.8674
    7245      35.2855
    7246      35.1863
    7247      34.1488
    7248      34.1566
    7249      35.0825
    7250      33.4113
    7251      34.4763
    7252      34.1573
    7253      33.8342
    7254      33.2139
    7255      34.3181
    7256      34.0275
    7257      34.2417
    7258      33.2209
    7259      33.7645
    7260      34.4891
    7261      33.8386
    7262      33.8163
    7263      33.9221
    7264      34.3423
    7265      34.0739
    7266      33.8406
    7267      33.2928
    7268      33.8233
    7269      33.9889
    7270      34.2843
    7271      34.2439
    7272      34.2092
    7273      33.9468
    7274      34.4801
    7275      32.7465
    7276      33.4714
    7277      34.1790
    7278      33.4988
    7279      33.6441
    7280      33.0320
    7281      35.5187
    7282      34.1953
    7283      33.0632
    7284      33.4396
    7285      33.5805
    7286      33.8699
    7287      32.6858
    7288      33.1179
    7289      32.5847
    7290      34.7222
    7291      33.7260
    7292      33.2152
    7293      34.5843
    7294      33.4806
    7295      33.9531
    7296      34.4559
    7297      33.0420
    7298      32.8952
    7299      34.1042
    7300      34.0052
    7301      33.7871
    7302      34.0591
    7303      35.0924
    7304      33.9231
    7305      35.1193
    7306      33.3170
    7307      34.2317
    7308      34.7223
    7309      33.7092
    7310      34.3956
    7311      32.4274
    7312      34.4575
    7313      34.1362
    7314      34.1814
    7315      34.3675
    7316      34.5082
    7317      33.3993
    7318      33.9652
    7319      32.7409
    7320      32.9211
    7321      34.0949
    7322      33.1347
    7323      32.1019
    7324      33.1749
    7325      33.0823
    7326      32.7325
    7327      33.2487
    7328      34.1762
    7329      32.8598
    7330      33.1670
    7331      33.2906
    7332      32.6578
    7333      33.8068
    7334      35.0628
    7335      33.6597
    7336      33.6896
    7337      32.8033
    7338      33.8437
    7339      33.4026
    7340      33.1640
    7341      32.5230
    7342      32.5854
    7343      33.8629
    7344      33.3805
    7345      33.7479
    7346      32.0729
    7347      32.8235
    7348      33.8348
    7349      33.8522
    7350      33.0547
    7351      32.6368
    7352      33.0790
    7353      33.5099
    7354      32.3379
    7355      32.9916
    7356      31.8055
    7357      32.4374
    7358      32.8369
    7359      31.7528
    7360      33.1273
    7361      32.5993
    7362      33.7595
    7363      32.1207
    7364      32.5774
    7365      33.6006
    7366      32.7733
    7367      33.5034
    7368      34.4288
    7369      33.0234
    7370      33.6294
    7371      33.3735
    7372      33.0047
    7373      31.5242
    7374      33.1730
    7375      33.4162
    7376      33.1536
    7377      33.5268
    7378      32.3809
    7379      33.0176
    7380      33.3493
    7381      33.4809
    7382      32.5616
    7383      34.2796
    7384      33.6451
    7385      33.1565
    7386      33.3693
    7387      33.4620
    7388      34.1421
    7389      33.2353
    7390      32.5663
    7391      33.9309
    7392      32.8040
    7393      33.6381
    7394      34.0734
    7395      33.5883
    7396      32.9933
    7397      34.9894
    7398      33.7062
    7399      33.8233
    7400      33.4893
    7401      33.9504
    7402      33.3367
    7403      33.1862
    7404      33.1337
    7405      34.2777
    7406      33.6707
    7407      35.7668
    7408      33.8983
    7409      33.3093
    7410      33.4647
    7411      34.4396
    7412      32.7183
    7413      33.9789
    7414      34.7345
    7415      33.9679
    7416      34.0299
    7417      33.3530
    7418      33.7456
    7419      32.8243
    7420      33.8794
    7421      34.0869
    7422      34.0548
    7423      35.1187
    7424      35.0588
    7425      34.3963
    7426      34.4376
    7427      34.9533
    7428      33.1558
    7429      33.9445
    7430      32.5724
    7431      33.1720
    7432      34.4326
    7433      33.2590
    7434      33.2417
    7435      32.1675
    7436      32.7943
    7437      31.9705
    7438      31.4045
    7439      31.3988
    7440      31.1095
    7441      31.8446
    7442      32.1429
    7443      31.4817
    7444      30.8660
    7445      32.1245
    7446      31.7044
    7447      31.4111
    7448      31.3951
    7449      31.0976
    7450      31.1443
    7451      30.2073
    7452      32.6644
    7453      33.4769
    7454      33.2668
    7455      36.0421
    7456      35.6295
    7457      35.2884
    7458      34.7515
    7459      34.3408
    7460      35.5379
    7461      34.4368
    7462      35.1183
    7463      34.6163
    7464      33.6139
    7465      32.9653
    7466      33.4179
    7467      33.8335
    7468      33.2503
    7469      33.4382
    7470      34.8833
    7471      35.0357
    7472      33.6189
    7473      34.1763
    7474      34.0188
    7475      33.4716
    7476      32.3262
    7477      32.1656
    7478      33.6413
    7479      33.8973
    7480      33.9820
    7481      35.2992
    7482      35.0249
    7483      35.8246
    7484      35.9358
    7485      34.0924
    7486      37.4584
    7487      36.4473
    7488      34.3423
    7489      36.5642
    7490      35.4020
    7491      36.7485
    7492      37.2374
    7493      35.8565
    7494      35.4138
    7495      35.0631
    7496      35.1104
    7497      34.7469
    7498      35.2254
    7499      36.2229
    7500      36.9329
    7501      36.4813
    7502      36.3010
    7503      36.0384
    7504      35.4332
    7505      35.9652
    7506      36.4315
    7507      36.6973
    7508      36.5733
    7509      35.4920
    7510      36.2753
    7511      35.4893
    7512      35.9031
    7513      33.8058
    7514      35.3513
    7515      34.6110
    7516      34.7614
    7517      34.3276
    7518      33.4109
    7519      34.8767
    7520      35.3410
    7521      35.5368
    7522      34.2350
    7523      35.5254
    7524      35.6097
    7525      36.0218
    7526      34.1263
    7527      34.3975
    7528      35.5691
    7529      34.7413
    7530      34.2901
    7531      34.2873
    7532      35.0918
    7533      35.2057
    7534      36.5567
    7535      35.8292
    7536      35.9997
    7537      34.3787
    7538      33.2443
    7539      34.1363
    7540      33.6656
    7541      32.8586
    7542      33.4935
    7543      32.7549
    7544      34.1646
    7545      33.8161
    7546      36.1347
    7547      36.5800
    7548      35.9670
    7549      37.3427
    7550      35.8835
    7551      34.5501
    7552      33.6735
    7553      34.3436
    7554      34.2637
    7555      33.6383
    7556      35.5073
    7557      34.9933
    7558      35.7110
    7559      34.3090
    7560      33.6766
    7561      34.1944
    7562      34.4461
    7563      34.3445
    7564      34.2785
    7565      34.0111
    7566      33.9247
    7567      33.9105
    7568      34.6035
    7569      34.0508
    7570      33.9090
    7571      33.0453
    7572      35.0275
    7573      35.7293
    7574      33.3671
    7575      33.9539
    7576      34.4044
    7577      35.6830
    7578      35.1052
    7579      33.6549
    7580      33.3635
    7581      32.6776
    7582      33.8595
    7583      33.8743
    7584      34.0184
    7585      34.0625
    7586      33.7714
    7587      35.0469
    7588      36.0209
    7589      36.6228
    7590      35.7549
    7591      35.9081
    7592      35.8817
    7593      35.6911
    7594      35.1233
    7595      35.4135
    7596      34.1530
    7597      36.1189
    7598      35.6850
    7599      34.9162
    7600      34.5932
    7601      35.1297
    7602      35.8620
    7603      37.4319
    7604      37.0811
    7605      35.1377
    7606      36.6834
    7607      36.4401
    7608      35.5675
    7609      36.2193
    7610      33.7213
    7611      35.0591
    7612      34.2036
    7613      33.6600
    7614      34.4938
    7615      33.8145
    7616      35.3236
    7617      34.5377
    7618      34.2016
    7619      33.3736
    7620      33.6714
    7621      33.9208
    7622      33.7314
    7623      33.3352
    7624      33.7498
    7625      34.5860
    7626      33.9974
    7627      33.0453
    7628      31.4422
    7629      32.0381
    7630      34.4766
    7631      35.3521
    7632      34.8839
    7633      33.7144
    7634      33.5113
    7635      34.1099
    7636      34.3455
    7637      34.0780
    7638      33.8033
    7639      34.0486
    7640      33.3625
    7641      33.7698
    7642      36.2037
    7643      37.0834
    7644      36.4964
    7645      35.9255
    7646      35.3643
    7647      35.7144
    7648      36.5233
    7649      37.4998
    7650      37.2281
    7651      36.1692
    7652      35.7001
    7653      35.1475
    7654      35.5645
    7655      34.8213
    7656      34.9447
    7657      35.3311
    7658      34.7447
    7659      34.8873
    7660      33.5210
    7661      35.7049
    7662      35.2323
    7663      34.1667
    7664      34.2381
    7665      34.7458
    7666      34.4394
    7667      35.2567
    7668      34.3956
    7669      33.6773
    7670      34.5633
    7671      35.2509
    7672      34.3992
    7673      36.1350
    7674      34.7638
    7675      35.1718
    7676      34.4201
    7677      34.2249
    7678      34.3903
    7679      34.0113
    7680      34.4792
    7681      35.5346
    7682      36.1420
    7683      34.7638
    7684      35.3698
    7685      36.2555
    7686      35.6447
    7687      36.2296
    7688      35.5498
    7689      34.9806
    7690      34.8571
    7691      35.8642
    7692      34.7348
    7693      35.2137
    7694      35.2816
    7695      36.2290
    7696      34.6392
    7697      35.3634
    7698      33.8368
    7699      34.8858
    7700      35.3737
    7701      34.0549
    7702      35.7508
    7703      34.6370
    7704      34.5291
    7705      34.7665
    7706      34.9941
    7707      34.9013
    7708      36.2074
    7709      35.4883
    7710      35.3213
    7711      35.9083
    7712      33.7442
    7713      33.8790
    7714      35.3142
    7715      35.4469
    7716      34.4875
    7717      34.5919
    7718      33.9245
    7719      33.6452
    7720      33.0659
    7721      32.8762
    7722      32.8695
    7723      32.5204
    7724      33.7066
    7725      34.0684
    7726      33.0398
    7727      32.2852
    7728      33.0164
    7729      32.8721
    7730      32.6691
    7731      33.2413
    7732      33.0249
    7733      32.7565
    7734      34.2173
    7735      31.2367
    7736      33.0064
    7737      34.4199
    7738      32.9511
    7739      32.8550
    7740      32.1121
    7741      33.2206
    7742      32.3363
    7743      31.8851
    7744      31.3455
    7745      31.5913
    7746      31.7470
    7747      31.6405
    7748      31.1097
    7749      31.3061
    7750      31.2064
    7751      31.7020
    7752      32.9052
    7753      33.2005
    7754      32.1614
    7755      34.4081
    7756      36.4952
    7757      36.3615
    7758      35.2072
    7759      35.2086
    7760      35.3269
    7761      35.2750
    7762      37.4432
    7763      36.2961
    7764      35.3147
    7765      34.9230
    7766      35.6975
    7767      37.3743
    7768      36.2734
    7769      35.4879
    7770      34.9423
    7771      35.1475
    7772      35.6130
    7773      35.9040
    7774      36.8064
    7775      38.1809
    7776      36.7830
    7777      37.3590
    7778      36.1421
    7779      36.4438
    7780      37.7123
    7781      38.0074
    7782      39.0556
    7783      36.6888
    7784      36.1945
    7785      35.6819
    7786      35.9777
    7787      37.2759
    7788      35.4438
    7789      35.7518
    7790      35.7819
    7791      36.3956
    7792      36.5017
    7793      34.7974
    7794      35.8081
    7795      35.4303
    7796      34.8954
    7797      35.3690
    7798      37.2285
    7799      34.7748
    7800      37.3754
    7801      36.8521
    7802      36.8842
    7803      36.4614
    7804      36.5645
    7805      37.2861
    7806      37.1764
    7807      37.1824
    7808      36.8464
    7809      37.3866
    7810      38.0962
    7811      37.1414
    7812      37.4360
    7813      37.7986
    7814      37.4864
    7815      37.8309
    7816      39.1409
    7817      36.7567
    7818      37.7450
    7819      37.3901
    7820      37.1552
    7821      36.3221
    7822      36.6738
    7823      37.1929
    7824      37.1354
    7825      37.6464
    7826      37.3437
    7827      38.6773
    7828      37.3086
    7829      37.3329
    7830      36.1012
    7831      36.4362
    7832      37.7506
    7833      38.7387
    7834      38.5000
    7835      36.6038
    7836      37.1309
    7837      36.8844
    7838      37.0732
    7839      37.8092
    7840      36.5554
    7841      36.3972
    7842      36.4794
    7843      35.9329
    7844      37.1447
    7845      37.9276
    7846      37.5281
    7847      36.2739
    7848      36.0689
    7849      36.7530
    7850      36.2841
    7851      36.1891
    7852      36.1923
    7853      35.7528
    7854      36.1046
    7855      34.9349
    7856      36.8867
    7857      36.5580
    7858      35.2056
    7859      36.8072
    7860      36.5529
    7861      35.9781
    7862      35.7544
    7863      35.7547
    7864      37.1476
    7865      36.5140
    7866      36.9949
    7867      35.8505
    7868      35.5661
    7869      36.0599
    7870      35.6153
    7871      35.2022
    7872      36.1747
    7873      35.0428
    7874      37.0223
    7875      37.2698
    7876      35.3553
    7877      37.7957
    7878      36.2508
    7879      36.9718
    7880      35.9928
    7881      34.3466
    7882      35.5883
    7883      34.9875
    7884      34.6943
    7885      33.9150
    7886      35.6283
    7887      34.6857
    7888      35.0037
    7889      36.1448
    7890      36.3064
    7891      37.0077
    7892      36.6769
    7893      35.6338
    7894      35.3080
    7895      35.8053
    7896      33.8325
    7897      35.0067
    7898      36.0903
    7899      36.5852
    7900      35.0174
    7901      35.7729
    7902      36.2319
    7903      35.8502
    7904      35.1548
    7905      36.3975
    7906      34.0745
    7907      34.8066
    7908      35.1298
    7909      35.5786
    7910      35.1114
    7911      35.5848
    7912      34.9701
    7913      34.2133
    7914      33.8961
    7915      34.2737
    7916      35.2047
    7917      33.5486
    7918      35.6082
    7919      35.2085
    7920      34.3220
    7921      33.6755
    7922      33.9314
    7923      34.5046
    7924      34.9364
    7925      35.1968
    7926      34.5520
    7927      34.3847
    7928      33.3581
    7929      35.4464
    7930      33.0883
    7931      33.2910
    7932      32.7618
    7933      32.8214
    7934      34.0231
    7935      34.9170
    7936      33.1251
    7937      33.8901
    7938      34.6468
    7939      32.7392
    7940      34.7441
    7941      33.5753
    7942      34.1886
    7943      33.4241
    7944      32.1345
    7945      33.3294
    7946      32.1255
    7947      32.8543
    7948      34.3503
    7949      33.5798
    7950      34.7405
    7951      33.0656
    7952      34.8000
    7953      33.7037
    7954      34.9223
    7955      34.3407
    7956      35.9026
    7957      36.4287
    7958      35.5198
    7959      34.9005
    7960      34.8888
    7961      35.4702
    7962      36.9510
    7963      35.8684
    7964      35.5359
    7965      37.0632
    7966      36.7990
    7967      36.7549
    7968      37.3948
    7969      36.2304
    7970      36.3587
    7971      36.5113
    7972      35.7042
    7973      35.9283
    7974      37.2838
    7975      37.7309
    7976      37.0962
    7977      36.8414
    7978      35.5693
    7979      35.9300
    7980      36.5932
    7981      35.5162
    7982      36.1752
    7983      36.3562
    7984      37.8101
    7985      37.9309
    7986      37.9300
    7987      36.8636
    7988      37.2994
    7989      36.5287
    7990      37.9781
    7991      36.6569
    7992      37.4044
    7993      37.4795
    7994      35.3162
    7995      37.0893
    7996      36.3281
    7997      35.7715
    7998      37.8538
    7999      36.0554
    8000      36.0962
