#Frame     end-to-end
       1      40.6567
       2      43.4555
       3      45.3350
       4      45.9391
       5      40.7362
       6      43.7428
       7      42.5875
       8      43.8453
       9      44.0041
      10      39.1632
      11      38.5118
      12      38.9739
      13      40.2846
      14      45.8792
      15      44.1498
      16      43.3060
      17      45.2407
      18      43.4920
      19      44.4841
      20      47.4021
      21      45.2184
      22      45.3853
      23      46.4306
      24      48.1582
      25      51.3910
      26      51.9135
      27      49.9056
      28      47.7005
      29      47.0839
      30      43.5398
      31      46.8993
      32      51.1074
      33      50.6930
      34      51.9971
      35      51.6522
      36      44.4760
      37      45.5139
      38      44.1714
      39      44.9715
      40      43.1296
      41      44.6102
      42      44.7941
      43      45.3787
      44      47.9333
      45      46.3617
      46      48.4752
      47      47.2678
      48      48.8501
      49      42.2181
      50      50.3551
      51      49.4108
      52      43.3334
      53      44.2751
      54      45.2391
      55      42.1532
      56      41.8899
      57      44.4152
      58      48.4416
      59      47.5510
      60      46.9373
      61      45.2216
      62      43.3107
      63      41.1980
      64      41.7352
      65      42.7148
      66      42.8529
      67      40.9340
      68      42.5585
      69      43.3720
      70      44.0245
      71      42.0783
      72      40.1522
      73      39.9430
      74      38.6293
      75      40.2298
      76      43.2203
      77      43.8442
      78      41.8259
      79      35.1082
      80      38.0570
      81      38.8075
      82      38.6660
      83      40.5331
      84      38.1485
      85      42.6725
      86      44.7760
      87      41.1262
      88      39.0290
      89      42.6346
      90      41.5203
      91      39.1076
      92      43.6991
      93      42.6585
      94      38.5154
      95      38.9423
      96      42.1201
      97      47.1164
      98      47.4095
      99      43.8334
     100      44.9895
     101      45.4041
     102      43.6935
     103      44.9044
     104      44.2465
     105      41.8952
     106      40.0302
     107      38.0365
     108      41.2654
     109      42.3987
     110      41.0761
     111      43.3695
     112      44.2524
     113      45.0050
     114      43.0882
     115      45.0539
     116      41.6995
     117      40.6900
     118      41.6497
     119      39.6355
     120      38.8738
     121      42.4318
     122      39.5781
     123      41.6728
     124      40.8502
     125      42.0838
     126      41.3581
     127      42.3586
     128      41.5117
     129      43.6811
     130      44.3051
     131      44.7122
     132      43.1074
     133      42.1699
     134      43.5241
     135      41.6739
     136      39.6081
     137      44.5355
     138      44.0399
     139      47.3617
     140      50.6757
     141      46.5357
     142      40.0231
     143      39.7498
     144      40.5283
     145      42.0655
     146      41.4744
     147      42.4234
     148      43.9547
     149      40.8872
     150      38.4424
     151      40.1571
     152      36.9138
     153      38.9438
     154      43.0238
     155      45.3835
     156      43.5037
     157      41.5744
     158      40.6233
     159      40.7325
     160      38.9893
     161      42.5712
     162      43.4698
     163      45.6908
     164      44.3485
     165      43.1185
     166      41.2015
     167      44.4767
     168      45.8739
     169      46.8215
     170      47.3045
     171      43.8365
     172      40.6190
     173      39.6677
     174      41.4178
     175      43.6467
     176      44.2389
     177      40.4769
     178      43.3393
     179      41.5549
     180      39.6748
     181      42.5300
     182      47.5729
     183      47.0145
     184      40.5239
     185      41.8761
     186      44.4495
     187      42.7941
     188      42.6397
     189      43.4820
     190      38.6382
     191      40.6970
     192      41.3841
     193      39.6363
     194      40.2406
     195      39.8795
     196      40.4863
     197      41.9963
     198      41.6128
     199      40.7882
     200      39.0251
     201      41.8524
     202      44.3743
     203      43.9777
     204      41.4265
     205      40.3917
     206      43.2291
     207      43.2340
     208      43.3772
     209      43.3178
     210      41.5680
     211      38.8834
     212      40.8757
     213      42.2508
     214      42.4080
     215      44.6558
     216      45.8544
     217      45.4809
     218      44.6555
     219      42.2394
     220      46.3335
     221      42.0134
     222      42.3264
     223      42.8216
     224      43.1093
     225      41.5003
     226      40.2785
     227      40.0643
     228      38.0653
     229      38.2171
     230      40.6397
     231      43.3441
     232      48.3798
     233      47.3466
     234      46.4508
     235      45.3786
     236      45.2147
     237      45.7657
     238      42.6054
     239      38.0288
     240      36.9313
     241      38.0703
     242      41.8911
     243      44.6941
     244      44.3057
     245      40.7595
     246      40.4939
     247      46.9208
     248      44.8649
     249      42.0409
     250      37.8628
     251      41.2870
     252      40.7971
     253      44.4569
     254      44.7247
     255      43.8172
     256      42.1347
     257      43.4688
     258      50.9221
     259      47.3988
     260      47.7187
     261      50.0540
     262      53.7467
     263      49.8170
     264      49.2345
     265      48.3869
     266      44.4232
     267      44.2229
     268      43.4301
     269      47.0563
     270      45.9945
     271      45.4705
     272      49.4120
     273      47.0247
     274      42.2379
     275      44.7704
     276      50.4453
     277      52.8773
     278      50.0305
     279      51.6679
     280      53.3666
     281      50.3822
     282      42.0695
     283      42.2445
     284      44.2041
     285      41.7832
     286      46.5521
     287      47.8769
     288      48.0739
     289      45.2397
     290      44.6440
     291      45.7985
     292      45.8380
     293      42.1210
     294      43.4681
     295      45.7150
     296      43.0522
     297      43.2334
     298      42.9525
     299      42.2581
     300      40.8300
     301      42.8964
     302      43.3075
     303      42.8132
     304      45.8351
     305      46.0527
     306      47.7450
     307      40.6435
     308      39.6251
     309      40.4297
     310      40.8494
     311      45.2691
     312      45.0137
     313      46.4882
     314      47.3585
     315      47.3730
     316      49.1319
     317      44.8087
     318      45.2707
     319      44.6310
     320      49.0893
     321      49.9814
     322      48.2815
     323      48.0265
     324      51.4222
     325      53.4692
     326      52.0312
     327      51.1900
     328      51.1974
     329      53.6977
     330      50.6018
     331      48.3513
     332      51.5797
     333      49.5050
     334      48.1721
     335      45.9858
     336      45.6601
     337      44.1713
     338      45.2494
     339      44.2962
     340      46.7944
     341      48.6053
     342      52.8404
     343      50.8507
     344      51.8359
     345      54.3954
     346      50.7590
     347      52.7092
     348      54.9927
     349      52.7892
     350      53.6503
     351      56.8553
     352      58.3283
     353      56.3930
     354      60.4866
     355      63.5786
     356      60.3764
     357      59.2664
     358      60.5927
     359      54.6283
     360      52.5750
     361      53.7986
     362      54.1018
     363      54.2383
     364      56.0682
     365      59.5250
     366      56.1140
     367      47.8091
     368      47.7776
     369      50.5039
     370      51.2840
     371      56.3442
     372      54.2674
     373      55.3699
     374      54.2464
     375      50.6701
     376      49.0385
     377      49.8809
     378      42.1333
     379      41.0262
     380      41.5361
     381      46.6108
     382      41.0723
     383      37.3858
     384      41.2681
     385      42.5358
     386      40.3948
     387      46.0168
     388      42.5248
     389      39.2983
     390      36.3296
     391      41.3787
     392      43.5093
     393      40.6952
     394      41.7632
     395      40.2054
     396      40.7379
     397      40.0191
     398      43.1924
     399      39.6046
     400      37.8152
     401      37.5755
     402      39.4230
     403      41.1030
     404      40.2046
     405      43.4130
     406      45.4879
     407      45.0651
     408      41.9023
     409      39.0685
     410      40.3675
     411      41.2120
     412      44.1564
     413      40.5561
     414      42.1362
     415      45.4593
     416      47.0820
     417      46.9304
     418      46.1935
     419      45.1057
     420      45.2327
     421      48.4326
     422      46.8024
     423      43.8371
     424      40.5538
     425      41.7270
     426      38.7760
     427      37.9851
     428      41.9835
     429      42.1601
     430      41.1270
     431      41.8867
     432      41.8758
     433      42.6158
     434      43.3669
     435      40.9483
     436      41.2428
     437      40.9310
     438      40.5101
     439      43.0932
     440      41.5695
     441      40.7331
     442      40.1397
     443      41.5574
     444      44.0063
     445      43.8238
     446      42.2426
     447      42.5841
     448      43.5815
     449      46.0324
     450      49.3937
     451      44.6719
     452      47.6065
     453      44.7833
     454      46.8080
     455      49.2638
     456      50.7388
     457      48.6899
     458      51.7223
     459      52.1839
     460      50.5005
     461      47.0418
     462      50.3680
     463      47.4893
     464      46.7564
     465      47.8039
     466      49.7117
     467      50.0474
     468      51.8948
     469      46.6031
     470      44.5228
     471      45.3506
     472      48.1366
     473      44.0410
     474      41.9251
     475      49.2243
     476      49.3276
     477      49.4656
     478      46.7490
     479      47.7258
     480      47.6407
     481      46.2533
     482      41.6108
     483      39.9438
     484      40.0112
     485      44.0747
     486      45.0581
     487      39.6964
     488      40.1022
     489      44.1743
     490      38.1537
     491      37.5299
     492      39.5679
     493      40.3740
     494      41.9680
     495      41.3841
     496      38.4484
     497      40.0752
     498      39.0460
     499      41.6515
     500      43.2752
     501      42.1901
     502      41.8147
     503      46.5462
     504      47.7271
     505      40.7094
     506      41.8777
     507      42.6465
     508      44.6293
     509      39.6201
     510      43.4935
     511      46.2907
     512      45.4958
     513      43.4365
     514      44.9436
     515      47.1313
     516      44.3994
     517      42.0500
     518      48.8187
     519      51.3916
     520      46.7355
     521      47.1625
     522      51.2956
     523      50.2047
     524      47.1089
     525      47.8486
     526      48.8387
     527      51.6020
     528      53.9481
     529      52.4291
     530      42.0990
     531      38.1461
     532      42.1846
     533      41.5824
     534      43.9059
     535      40.9225
     536      43.4631
     537      42.7300
     538      40.5506
     539      40.2487
     540      38.9478
     541      40.1062
     542      41.2502
     543      41.6369
     544      41.7292
     545      41.4620
     546      39.9292
     547      36.8890
     548      40.8728
     549      37.2514
     550      40.2617
     551      45.0073
     552      40.5446
     553      43.0900
     554      45.2728
     555      43.8726
     556      43.8004
     557      49.1063
     558      49.9519
     559      48.0980
     560      48.9476
     561      50.9300
     562      49.2784
     563      42.4692
     564      40.7650
     565      40.6355
     566      42.0703
     567      44.6319
     568      39.6964
     569      42.8537
     570      40.9162
     571      44.9767
     572      38.3200
     573      37.6022
     574      43.9589
     575      42.0295
     576      42.0354
     577      41.7995
     578      44.2124
     579      43.4290
     580      48.6450
     581      41.2600
     582      44.0842
     583      42.8694
     584      40.1721
     585      41.2912
     586      41.9754
     587      45.0731
     588      43.1017
     589      47.2319
     590      46.6042
     591      40.4458
     592      44.0078
     593      43.9223
     594      45.3799
     595      49.7883
     596      46.3303
     597      52.7354
     598      50.8927
     599      48.7726
     600      42.4638
     601      40.3110
     602      43.4842
     603      43.0301
     604      44.3501
     605      44.1454
     606      43.8802
     607      45.9355
     608      44.1629
     609      45.9531
     610      44.6171
     611      43.5443
     612      44.2529
     613      40.6403
     614      42.2167
     615      41.7519
     616      40.3751
     617      45.5914
     618      45.3794
     619      44.8744
     620      48.2604
     621      44.6558
     622      46.5252
     623      45.7145
     624      42.8993
     625      45.2797
     626      41.9182
     627      41.8055
     628      42.8137
     629      40.9596
     630      41.6797
     631      41.9925
     632      41.7974
     633      44.7497
     634      45.5076
     635      41.7529
     636      45.2738
     637      47.3994
     638      45.7690
     639      45.1548
     640      44.4478
     641      46.0043
     642      46.0014
     643      46.6038
     644      47.9769
     645      44.9297
     646      46.2051
     647      47.8588
     648      48.8781
     649      49.0505
     650      49.1113
     651      49.8393
     652      48.4680
     653      44.2203
     654      45.2035
     655      51.5041
     656      52.3974
     657      45.9952
     658      45.3556
     659      47.5192
     660      50.1038
     661      51.6739
     662      51.5188
     663      48.3025
     664      50.5970
     665      52.8077
     666      52.3554
     667      49.7712
     668      52.2916
     669      53.8124
     670      51.6768
     671      45.4166
     672      41.9091
     673      45.7795
     674      44.2533
     675      47.4158
     676      49.2259
     677      44.7297
     678      45.8999
     679      45.6061
     680      44.1390
     681      46.6154
     682      45.3320
     683      48.9509
     684      50.3692
     685      51.7003
     686      48.0043
     687      46.5105
     688      50.1898
     689      50.5645
     690      52.4403
     691      49.0427
     692      51.7627
     693      48.8948
     694      45.2755
     695      43.0819
     696      45.5161
     697      47.1511
     698      48.9580
     699      44.5348
     700      45.2301
     701      44.5016
     702      43.0384
     703      45.5900
     704      43.1434
     705      46.9750
     706      49.3455
     707      45.8160
     708      46.6400
     709      45.7078
     710      44.8573
     711      49.9465
     712      51.8405
     713      50.8287
     714      45.2111
     715      45.0676
     716      45.6727
     717      47.1500
     718      49.0643
     719      55.8272
     720      54.4453
     721      50.4029
     722      49.0039
     723      44.8215
     724      47.2146
     725      47.3707
     726      49.0593
     727      45.4949
     728      47.8686
     729      47.7032
     730      48.5254
     731      53.1117
     732      51.8310
     733      57.0851
     734      55.5196
     735      53.2856
     736      54.0799
     737      55.6940
     738      50.9209
     739      51.4334
     740      54.8186
     741      54.3258
     742      53.6920
     743      52.4527
     744      54.3676
     745      55.9914
     746      50.7510
     747      45.9723
     748      46.0538
     749      44.0773
     750      44.5646
     751      45.0327
     752      44.7355
     753      47.0039
     754      47.2637
     755      49.0354
     756      50.6657
     757      45.5153
     758      44.4098
     759      45.3083
     760      44.2719
     761      47.8167
     762      46.9837
     763      48.8904
     764      50.8113
     765      49.9676
     766      53.9195
     767      53.1016
     768      52.1927
     769      50.4337
     770      48.6866
     771      47.7045
     772      49.4420
     773      48.5728
     774      49.4098
     775      46.0150
     776      46.7328
     777      48.0634
     778      47.0227
     779      49.4236
     780      50.3555
     781      52.0010
     782      50.5817
     783      47.4920
     784      44.1219
     785      46.3917
     786      46.9641
     787      49.1264
     788      46.1798
     789      48.3569
     790      46.9828
     791      47.4344
     792      44.8251
     793      45.5314
     794      45.9368
     795      48.2524
     796      45.9117
     797      43.6223
     798      47.3834
     799      45.9060
     800      42.8261
     801      46.5673
     802      47.2830
     803      53.0205
     804      51.1118
     805      49.0182
     806      48.0911
     807      51.0919
     808      56.2457
     809      55.6554
     810      52.2135
     811      47.5072
     812      49.1597
     813      51.3038
     814      49.6941
     815      46.9777
     816      45.5686
     817      46.8324
     818      46.5650
     819      50.2992
     820      49.4602
     821      51.3874
     822      48.3392
     823      46.8078
     824      45.9545
     825      44.9021
     826      43.3622
     827      42.7414
     828      44.0325
     829      42.6431
     830      43.7851
     831      39.7691
     832      45.2630
     833      46.5129
     834      46.5056
     835      45.7803
     836      47.5300
     837      48.2203
     838      46.8010
     839      45.4505
     840      45.3740
     841      46.1218
     842      44.4958
     843      44.1515
     844      41.8877
     845      43.9494
     846      46.0879
     847      44.7749
     848      43.8132
     849      45.5108
     850      44.7166
     851      44.6784
     852      47.3235
     853      44.7366
     854      45.2392
     855      46.0478
     856      45.4861
     857      45.4447
     858      50.3651
     859      49.2457
     860      46.8376
     861      44.8979
     862      46.2206
     863      44.3527
     864      44.2528
     865      46.8235
     866      44.7824
     867      42.2466
     868      47.1662
     869      45.5548
     870      48.0050
     871      46.7538
     872      45.2638
     873      47.3572
     874      47.5660
     875      48.3201
     876      47.3257
     877      51.7181
     878      48.1789
     879      50.8628
     880      47.5119
     881      48.3073
     882      47.9978
     883      43.5792
     884      48.3232
     885      50.1814
     886      49.8637
     887      43.7878
     888      45.6496
     889      42.0632
     890      45.4799
     891      47.1102
     892      50.0860
     893      53.1413
     894      51.5959
     895      50.7054
     896      51.0409
     897      52.4828
     898      47.4945
     899      48.7830
     900      52.6145
     901      52.8855
     902      53.1986
     903      50.6038
     904      49.2160
     905      47.7899
     906      43.8130
     907      46.3237
     908      47.0124
     909      46.8330
     910      49.8767
     911      50.3213
     912      49.3188
     913      47.1853
     914      49.2589
     915      50.2220
     916      50.7393
     917      51.3436
     918      51.5852
     919      53.3960
     920      49.4509
     921      45.6548
     922      48.5507
     923      51.8865
     924      49.1971
     925      51.5880
     926      49.4992
     927      48.6834
     928      47.4918
     929      49.7499
     930      51.7260
     931      50.2387
     932      50.5872
     933      51.6820
     934      54.1110
     935      51.3947
     936      49.0556
     937      47.6844
     938      45.2616
     939      48.6671
     940      46.7216
     941      46.3811
     942      50.4090
     943      49.0563
     944      48.7079
     945      44.8381
     946      48.3782
     947      48.1022
     948      47.9195
     949      46.5453
     950      49.7727
     951      44.5904
     952      45.9962
     953      49.5215
     954      48.9193
     955      52.0965
     956      49.5189
     957      51.2124
     958      53.2297
     959      51.6179
     960      50.6159
     961      55.3344
     962      51.4925
     963      52.2457
     964      52.7981
     965      53.9867
     966      50.1111
     967      50.8626
     968      51.5247
     969      48.2546
     970      52.0408
     971      52.8858
     972      50.0524
     973      47.8256
     974      44.9067
     975      46.4706
     976      47.7008
     977      51.6469
     978      50.1582
     979      44.2633
     980      48.8214
     981      49.4408
     982      43.8098
     983      45.9830
     984      47.0077
     985      45.7190
     986      46.4941
     987      46.1277
     988      47.3481
     989      44.8006
     990      46.7145
     991      51.2512
     992      49.7199
     993      46.6730
     994      49.0452
     995      48.9006
     996      47.6734
     997      51.5169
     998      51.0676
     999      46.4120
    1000      49.9128
    1001      49.6319
    1002      53.8996
    1003      58.6569
    1004      62.7122
    1005      57.8015
    1006      55.7688
    1007      53.6810
    1008      53.3893
    1009      52.3528
    1010      50.6662
    1011      46.6267
    1012      49.9952
    1013      51.9601
    1014      47.7940
    1015      44.2388
    1016      45.0081
    1017      45.5842
    1018      46.5622
    1019      48.3562
    1020      47.3931
    1021      46.8403
    1022      48.3936
    1023      50.6985
    1024      47.3721
    1025      45.6135
    1026      45.9350
    1027      50.8626
    1028      49.5785
    1029      49.0722
    1030      48.7245
    1031      50.5682
    1032      52.0038
    1033      44.3210
    1034      47.9049
    1035      50.0101
    1036      51.5287
    1037      50.7527
    1038      51.9584
    1039      56.6672
    1040      53.7376
    1041      56.0008
    1042      57.2701
    1043      60.1438
    1044      55.8680
    1045      48.8950
    1046      47.6859
    1047      43.7279
    1048      43.9483
    1049      41.9574
    1050      44.4254
    1051      44.2207
    1052      49.7338
    1053      50.9278
    1054      47.8539
    1055      45.6414
    1056      43.0595
    1057      42.9497
    1058      43.7530
    1059      44.5277
    1060      46.1084
    1061      46.2400
    1062      44.4810
    1063      44.4768
    1064      43.4346
    1065      45.0964
    1066      47.4241
    1067      50.4429
    1068      48.4058
    1069      49.4760
    1070      47.1324
    1071      45.3023
    1072      45.5409
    1073      46.0205
    1074      43.0430
    1075      44.6784
    1076      46.0974
    1077      44.5020
    1078      50.0808
    1079      51.5483
    1080      49.9276
    1081      55.4206
    1082      55.5232
    1083      52.4888
    1084      45.9038
    1085      41.1919
    1086      44.5358
    1087      45.3691
    1088      47.0628
    1089      46.3179
    1090      43.9670
    1091      44.1798
    1092      45.9956
    1093      46.3237
    1094      46.6043
    1095      46.4762
    1096      53.5162
    1097      50.9399
    1098      47.3947
    1099      44.9376
    1100      41.7384
    1101      47.0630
    1102      46.3537
    1103      52.0605
    1104      50.7732
    1105      53.9342
    1106      55.4567
    1107      54.8031
    1108      61.5457
    1109      58.2542
    1110      55.3919
    1111      53.3674
    1112      55.6036
    1113      52.8257
    1114      48.9336
    1115      47.5422
    1116      46.0209
    1117      49.1203
    1118      45.1725
    1119      45.9059
    1120      46.5908
    1121      47.5748
    1122      48.2717
    1123      47.5222
    1124      46.6928
    1125      48.9113
    1126      52.4832
    1127      53.2944
    1128      51.5087
    1129      53.0108
    1130      52.3852
    1131      50.4087
    1132      44.1125
    1133      46.4737
    1134      43.0261
    1135      43.5441
    1136      43.9701
    1137      46.4956
    1138      51.1438
    1139      53.6467
    1140      48.7956
    1141      50.6034
    1142      46.1445
    1143      45.8357
    1144      44.9106
    1145      43.5775
    1146      41.5332
    1147      42.8818
    1148      43.2047
    1149      41.4415
    1150      42.1131
    1151      43.0490
    1152      39.5596
    1153      39.4366
    1154      43.7358
    1155      42.6013
    1156      42.0433
    1157      40.6931
    1158      41.8230
    1159      45.0339
    1160      46.4948
    1161      44.8226
    1162      46.6920
    1163      50.3810
    1164      46.1035
    1165      40.3960
    1166      40.3246
    1167      43.0613
    1168      42.8798
    1169      46.1812
    1170      45.6213
    1171      46.1481
    1172      45.2511
    1173      43.1025
    1174      48.3229
    1175      49.4131
    1176      47.9486
    1177      48.4553
    1178      50.6038
    1179      49.1216
    1180      50.4353
    1181      48.2937
    1182      44.8351
    1183      43.9602
    1184      44.0816
    1185      45.6361
    1186      44.4800
    1187      46.2996
    1188      47.4455
    1189      43.4443
    1190      43.2672
    1191      46.7614
    1192      48.9122
    1193      43.7422
    1194      47.0301
    1195      47.3906
    1196      45.4001
    1197      48.5871
    1198      50.1103
    1199      48.1293
    1200      49.8220
    1201      46.9368
    1202      45.4648
    1203      46.8477
    1204      46.1975
    1205      47.9895
    1206      50.0191
    1207      52.5411
    1208      49.9247
    1209      49.7986
    1210      53.0887
    1211      53.5437
    1212      52.9656
    1213      51.0155
    1214      53.2457
    1215      49.2711
    1216      50.2283
    1217      45.3601
    1218      49.5313
    1219      45.6979
    1220      46.6298
    1221      45.1512
    1222      44.0154
    1223      46.7791
    1224      42.9846
    1225      43.6475
    1226      45.5578
    1227      47.4486
    1228      49.7027
    1229      47.3964
    1230      44.7385
    1231      42.1915
    1232      45.2395
    1233      49.3933
    1234      47.2095
    1235      47.3017
    1236      46.1245
    1237      47.2658
    1238      44.9109
    1239      45.7724
    1240      45.3024
    1241      45.6538
    1242      49.6256
    1243      48.5186
    1244      47.1191
    1245      47.1205
    1246      44.7213
    1247      43.0002
    1248      41.6884
    1249      47.2959
    1250      44.1043
    1251      42.0237
    1252      42.9944
    1253      40.7786
    1254      42.4121
    1255      43.0078
    1256      47.3573
    1257      46.8546
    1258      49.8230
    1259      47.3660
    1260      49.7638
    1261      50.3380
    1262      49.5055
    1263      51.4636
    1264      48.6824
    1265      47.8872
    1266      47.0711
    1267      44.3368
    1268      40.8753
    1269      44.2364
    1270      47.5598
    1271      47.5824
    1272      48.7584
    1273      53.6601
    1274      54.8228
    1275      49.8720
    1276      48.4277
    1277      50.2309
    1278      46.4456
    1279      44.4140
    1280      44.3179
    1281      47.6952
    1282      48.3644
    1283      47.6456
    1284      45.9963
    1285      40.9428
    1286      43.7178
    1287      48.1350
    1288      45.7085
    1289      46.4578
    1290      46.1849
    1291      45.9560
    1292      46.2862
    1293      45.9000
    1294      44.7372
    1295      41.4916
    1296      39.5052
    1297      43.4400
    1298      45.7356
    1299      44.1264
    1300      44.5112
    1301      47.0512
    1302      52.2745
    1303      51.5549
    1304      47.9771
    1305      49.6807
    1306      50.9972
    1307      48.3018
    1308      47.6193
    1309      46.9418
    1310      45.9759
    1311      48.2065
    1312      50.4804
    1313      49.4686
    1314      47.6399
    1315      48.8827
    1316      46.3369
    1317      47.1850
    1318      50.0670
    1319      45.6238
    1320      46.3346
    1321      47.6242
    1322      43.8167
    1323      40.6409
    1324      42.7288
    1325      45.3876
    1326      45.8336
    1327      46.4724
    1328      45.5675
    1329      42.4720
    1330      44.2387
    1331      46.5881
    1332      43.4239
    1333      46.4086
    1334      47.6226
    1335      47.4339
    1336      43.9440
    1337      43.8055
    1338      43.7119
    1339      42.3544
    1340      43.7532
    1341      47.1507
    1342      49.4017
    1343      52.3930
    1344      51.9971
    1345      54.3668
    1346      52.1578
    1347      47.6752
    1348      47.7361
    1349      49.0027
    1350      50.3230
    1351      50.0402
    1352      51.3661
    1353      47.2181
    1354      52.7143
    1355      52.1404
    1356      49.4544
    1357      45.5711
    1358      46.4702
    1359      45.4945
    1360      47.6284
    1361      45.2402
    1362      48.3817
    1363      53.9675
    1364      49.2835
    1365      46.9428
    1366      47.6772
    1367      45.8077
    1368      46.3903
    1369      46.1673
    1370      45.1898
    1371      44.8389
    1372      43.9474
    1373      47.3195
    1374      47.0013
    1375      51.2844
    1376      51.0098
    1377      53.1050
    1378      48.4086
    1379      45.1500
    1380      46.8681
    1381      46.6137
    1382      45.8528
    1383      48.6741
    1384      50.5741
    1385      47.1473
    1386      44.4859
    1387      43.0454
    1388      47.0222
    1389      50.8464
    1390      50.5114
    1391      51.9859
    1392      48.1256
    1393      46.2877
    1394      45.4555
    1395      43.9436
    1396      43.3284
    1397      43.9895
    1398      47.3868
    1399      46.6820
    1400      47.2263
    1401      43.8414
    1402      46.5593
    1403      45.7017
    1404      47.1196
    1405      49.6400
    1406      47.3924
    1407      45.0966
    1408      47.8004
    1409      46.9635
    1410      41.5881
    1411      43.6509
    1412      42.7455
    1413      43.2189
    1414      42.5574
    1415      41.9212
    1416      43.3774
    1417      43.8342
    1418      49.1106
    1419      47.2994
    1420      47.8408
    1421      42.3460
    1422      43.3872
    1423      42.2573
    1424      41.6311
    1425      43.5687
    1426      45.7401
    1427      44.8931
    1428      46.7655
    1429      47.6019
    1430      44.4999
    1431      47.0601
    1432      46.7431
    1433      46.4558
    1434      48.2463
    1435      50.3763
    1436      49.1514
    1437      50.3739
    1438      50.3820
    1439      50.5766
    1440      47.8387
    1441      46.7290
    1442      46.6379
    1443      47.5818
    1444      47.4773
    1445      43.9625
    1446      47.1483
    1447      44.3446
    1448      45.5254
    1449      45.9187
    1450      42.2765
    1451      46.5456
    1452      45.3561
    1453      43.4758
    1454      44.4519
    1455      46.3334
    1456      44.9760
    1457      45.5835
    1458      49.6545
    1459      50.0745
    1460      49.2030
    1461      47.5477
    1462      44.9825
    1463      45.4581
    1464      42.7431
    1465      44.0168
    1466      44.0925
    1467      43.6586
    1468      45.5426
    1469      43.2311
    1470      43.1921
    1471      41.9687
    1472      45.1271
    1473      46.4736
    1474      46.5001
    1475      46.9621
    1476      45.0148
    1477      45.0498
    1478      45.8583
    1479      45.0174
    1480      42.1692
    1481      44.1594
    1482      44.8106
    1483      47.4051
    1484      46.1549
    1485      47.4915
    1486      48.2930
    1487      47.2886
    1488      50.8436
    1489      49.9631
    1490      52.3003
    1491      49.1996
    1492      43.0896
    1493      46.3245
    1494      47.6614
    1495      47.2610
    1496      48.2990
    1497      48.6320
    1498      49.2884
    1499      46.6747
    1500      46.6010
    1501      49.2420
    1502      46.3421
    1503      46.8767
    1504      47.1277
    1505      43.0891
    1506      45.5470
    1507      45.7986
    1508      47.3307
    1509      49.2689
    1510      46.0754
    1511      49.1856
    1512      49.8354
    1513      53.8447
    1514      50.2342
    1515      50.0137
    1516      46.5661
    1517      50.7701
    1518      50.4303
    1519      50.2872
    1520      48.5627
    1521      51.0707
    1522      45.1429
    1523      46.5458
    1524      49.6666
    1525      50.5172
    1526      53.1394
    1527      51.8866
    1528      50.8846
    1529      53.2962
    1530      54.0985
    1531      52.9969
    1532      49.7980
    1533      48.2755
    1534      44.9738
    1535      43.4255
    1536      42.3917
    1537      48.6511
    1538      52.0540
    1539      57.4834
    1540      58.4199
    1541      51.9619
    1542      43.4464
    1543      44.6748
    1544      48.3242
    1545      46.0222
    1546      48.7611
    1547      47.8800
    1548      47.1773
    1549      51.6305
    1550      51.7685
    1551      53.9161
    1552      53.5898
    1553      54.9255
    1554      48.1903
    1555      50.3640
    1556      49.8830
    1557      49.5093
    1558      51.3259
    1559      50.0072
    1560      51.3073
    1561      51.0633
    1562      54.9257
    1563      52.9771
    1564      51.3726
    1565      48.2541
    1566      50.7974
    1567      51.7134
    1568      57.5059
    1569      55.2977
    1570      52.0045
    1571      51.6521
    1572      53.6346
    1573      51.3031
    1574      47.3756
    1575      49.1895
    1576      50.7723
    1577      52.4597
    1578      52.7844
    1579      57.9374
    1580      51.9612
    1581      54.2608
    1582      54.9540
    1583      51.8507
    1584      53.9598
    1585      55.6513
    1586      53.8457
    1587      50.0556
    1588      49.1130
    1589      52.3672
    1590      56.5087
    1591      55.7163
    1592      53.8441
    1593      49.2632
    1594      51.2736
    1595      50.7863
    1596      53.1010
    1597      50.1429
    1598      48.6613
    1599      51.4241
    1600      51.7481
    1601      53.0561
    1602      51.1586
    1603      53.5233
    1604      53.1961
    1605      51.5973
    1606      50.5014
    1607      48.8642
    1608      50.4062
    1609      49.8166
    1610      49.0821
    1611      47.7701
    1612      48.6441
    1613      50.8066
    1614      51.3927
    1615      45.3323
    1616      51.4985
    1617      48.8895
    1618      41.7453
    1619      42.8812
    1620      46.5881
    1621      50.5907
    1622      47.9877
    1623      51.3454
    1624      54.8390
    1625      52.7443
    1626      55.0028
    1627      49.7030
    1628      47.7415
    1629      53.1624
    1630      55.5456
    1631      56.6415
    1632      46.5875
    1633      47.8731
    1634      47.1574
    1635      47.6483
    1636      49.3631
    1637      47.6447
    1638      47.0976
    1639      49.5724
    1640      48.4067
    1641      47.7389
    1642      45.4004
    1643      47.3407
    1644      48.2867
    1645      48.0223
    1646      46.5788
    1647      47.2848
    1648      47.1840
    1649      49.6258
    1650      44.3797
    1651      47.7739
    1652      44.1830
    1653      46.3629
    1654      48.0426
    1655      50.8531
    1656      45.2713
    1657      44.2128
    1658      43.0869
    1659      42.0613
    1660      45.5446
    1661      45.1900
    1662      40.6408
    1663      39.2982
    1664      42.9240
    1665      45.8338
    1666      51.4902
    1667      49.4569
    1668      48.7467
    1669      42.1967
    1670      41.8199
    1671      45.0060
    1672      45.7616
    1673      47.7353
    1674      44.1078
    1675      45.8563
    1676      47.1475
    1677      49.7903
    1678      50.1663
    1679      52.4773
    1680      51.1659
    1681      55.3577
    1682      57.1447
    1683      55.8106
    1684      53.2146
    1685      52.8863
    1686      53.7575
    1687      51.3619
    1688      48.3055
    1689      48.4945
    1690      50.7649
    1691      46.0504
    1692      45.0660
    1693      45.8210
    1694      44.1907
    1695      47.2907
    1696      39.8642
    1697      42.8840
    1698      46.0624
    1699      45.0195
    1700      43.9934
    1701      42.3109
    1702      43.9995
    1703      46.4612
    1704      46.3917
    1705      48.1289
    1706      48.5119
    1707      47.5529
    1708      42.4830
    1709      48.0149
    1710      46.4320
    1711      48.6666
    1712      46.9641
    1713      45.0428
    1714      43.9848
    1715      47.6803
    1716      47.3038
    1717      44.7232
    1718      46.4769
    1719      48.5148
    1720      53.5701
    1721      53.0767
    1722      51.3950
    1723      53.7443
    1724      49.2201
    1725      49.9247
    1726      48.9867
    1727      48.6657
    1728      47.8763
    1729      51.3052
    1730      47.5267
    1731      49.0179
    1732      47.3223
    1733      48.3047
    1734      48.4937
    1735      48.8111
    1736      48.1847
    1737      44.0904
    1738      44.4068
    1739      44.0606
    1740      45.0218
    1741      43.8383
    1742      42.0773
    1743      44.6507
    1744      44.1100
    1745      45.4366
    1746      39.8862
    1747      41.8684
    1748      39.2546
    1749      41.2712
    1750      44.8547
    1751      48.1824
    1752      48.0743
    1753      47.3096
    1754      42.5551
    1755      41.4686
    1756      44.6373
    1757      46.8679
    1758      45.9201
    1759      48.0263
    1760      48.5216
    1761      46.2252
    1762      47.7798
    1763      51.1712
    1764      50.9420
    1765      48.7812
    1766      56.2717
    1767      50.1558
    1768      47.5173
    1769      47.4985
    1770      47.3334
    1771      49.7068
    1772      53.3998
    1773      53.2435
    1774      52.1210
    1775      55.0417
    1776      55.6478
    1777      57.7074
    1778      59.0426
    1779      56.8112
    1780      56.7517
    1781      53.5118
    1782      55.0664
    1783      55.4646
    1784      56.1861
    1785      56.2697
    1786      48.7622
    1787      50.0595
    1788      46.5945
    1789      50.6403
    1790      48.8914
    1791      45.0267
    1792      43.5583
    1793      47.1201
    1794      45.9533
    1795      44.7108
    1796      47.9564
    1797      46.6416
    1798      47.6866
    1799      47.2234
    1800      50.0063
    1801      52.5900
    1802      50.4528
    1803      50.2266
    1804      49.6874
    1805      50.2395
    1806      48.7819
    1807      50.4433
    1808      48.2095
    1809      52.9751
    1810      51.7572
    1811      50.9844
    1812      47.6272
    1813      52.6312
    1814      49.8770
    1815      51.3932
    1816      49.6774
    1817      48.0193
    1818      45.9775
    1819      47.9872
    1820      47.2326
    1821      47.8308
    1822      49.9306
    1823      49.0894
    1824      47.9042
    1825      51.0696
    1826      51.0380
    1827      48.8956
    1828      48.1632
    1829      47.5761
    1830      49.1069
    1831      45.0059
    1832      44.6662
    1833      44.8477
    1834      46.0668
    1835      48.3758
    1836      49.5678
    1837      48.0766
    1838      49.0181
    1839      47.8701
    1840      52.8179
    1841      53.3805
    1842      52.7730
    1843      45.2586
    1844      46.6451
    1845      52.5641
    1846      48.6159
    1847      45.5758
    1848      44.0468
    1849      48.5018
    1850      47.6980
    1851      43.8772
    1852      49.1089
    1853      51.3952
    1854      47.4909
    1855      45.8425
    1856      47.0075
    1857      46.2396
    1858      45.1460
    1859      47.5178
    1860      48.1257
    1861      47.6305
    1862      48.7750
    1863      53.5524
    1864      52.0686
    1865      50.7984
    1866      48.1279
    1867      47.1110
    1868      46.6397
    1869      44.4192
    1870      44.2738
    1871      45.6934
    1872      50.7786
    1873      53.1814
    1874      55.3811
    1875      54.2449
    1876      54.4835
    1877      55.4837
    1878      53.2082
    1879      53.0475
    1880      55.4460
    1881      53.1500
    1882      50.5410
    1883      47.3927
    1884      47.9726
    1885      52.3576
    1886      50.0753
    1887      43.0050
    1888      46.5810
    1889      46.5172
    1890      45.8232
    1891      45.4103
    1892      48.2853
    1893      49.8755
    1894      50.2675
    1895      48.3703
    1896      47.6769
    1897      47.6371
    1898      44.9306
    1899      46.6619
    1900      44.2468
    1901      45.4115
    1902      44.1846
    1903      45.1642
    1904      49.2581
    1905      51.1132
    1906      51.6374
    1907      49.6132
    1908      51.3966
    1909      53.4547
    1910      49.9145
    1911      49.4102
    1912      53.3904
    1913      52.7255
    1914      51.7900
    1915      51.6732
    1916      47.3914
    1917      46.7151
    1918      43.7142
    1919      43.5507
    1920      49.7262
    1921      53.5334
    1922      53.8470
    1923      49.5671
    1924      44.6745
    1925      44.3319
    1926      41.7219
    1927      40.4090
    1928      42.6236
    1929      42.1890
    1930      40.2502
    1931      43.7395
    1932      45.2192
    1933      43.6804
    1934      46.3909
    1935      44.1085
    1936      40.4298
    1937      39.7609
    1938      41.0232
    1939      45.5778
    1940      47.3753
    1941      45.8567
    1942      49.4221
    1943      49.0865
    1944      43.4269
    1945      44.8815
    1946      49.1343
    1947      42.5163
    1948      43.8251
    1949      46.6213
    1950      45.7177
    1951      48.5254
    1952      52.5173
    1953      48.7881
    1954      43.7974
    1955      42.1973
    1956      44.5026
    1957      45.1892
    1958      41.2251
    1959      38.7773
    1960      43.0338
    1961      45.4619
    1962      43.1788
    1963      45.0022
    1964      45.5845
    1965      46.1107
    1966      42.6036
    1967      41.1309
    1968      37.9548
    1969      39.7282
    1970      41.0680
    1971      37.5344
    1972      39.9412
    1973      40.5488
    1974      39.9081
    1975      43.7898
    1976      40.5141
    1977      40.7617
    1978      36.9659
    1979      39.6244
    1980      42.1432
    1981      43.6947
    1982      44.1152
    1983      40.1223
    1984      37.5967
    1985      40.0702
    1986      38.3408
    1987      39.3001
    1988      39.3531
    1989      40.3688
    1990      39.7877
    1991      41.2262
    1992      40.0909
    1993      40.2165
    1994      39.3272
    1995      41.9811
    1996      40.0447
    1997      41.7005
    1998      42.6208
    1999      41.4554
    2000      41.9989
    2001      45.0756
    2002      46.0447
    2003      44.4976
    2004      44.2784
    2005      41.1585
    2006      42.5757
    2007      42.8470
    2008      41.4116
    2009      44.4645
    2010      44.4739
    2011      43.3394
    2012      46.5649
    2013      44.4217
    2014      49.6023
    2015      51.9114
    2016      53.1993
    2017      53.7472
    2018      52.5312
    2019      53.8439
    2020      50.7313
    2021      50.9322
    2022      46.2031
    2023      41.5900
    2024      44.6752
    2025      43.4975
    2026      45.1429
    2027      43.8407
    2028      45.3316
    2029      41.7153
    2030      42.8676
    2031      43.9532
    2032      46.4631
    2033      45.6355
    2034      42.3225
    2035      43.1718
    2036      40.8549
    2037      42.0775
    2038      42.2945
    2039      45.8107
    2040      46.6018
    2041      45.9955
    2042      42.3078
    2043      41.3149
    2044      46.5124
    2045      48.2613
    2046      47.1235
    2047      44.7294
    2048      43.5522
    2049      40.8522
    2050      43.5584
    2051      45.6762
    2052      46.0418
    2053      43.5682
    2054      41.9181
    2055      45.2782
    2056      47.8908
    2057      46.7098
    2058      44.4385
    2059      44.7146
    2060      43.6165
    2061      49.3785
    2062      41.5849
    2063      47.6030
    2064      45.7184
    2065      48.1531
    2066      45.7473
    2067      43.6052
    2068      45.0622
    2069      43.9481
    2070      43.5453
    2071      43.5190
    2072      44.9707
    2073      47.8371
    2074      49.2339
    2075      45.8895
    2076      41.8993
    2077      48.9048
    2078      45.7258
    2079      49.3649
    2080      50.8222
    2081      52.5077
    2082      54.3561
    2083      48.1966
    2084      47.7021
    2085      44.8394
    2086      44.4458
    2087      44.7516
    2088      45.9149
    2089      49.1803
    2090      47.2775
    2091      44.6322
    2092      45.5366
    2093      51.8871
    2094      49.5749
    2095      51.5721
    2096      52.6174
    2097      49.8847
    2098      48.7051
    2099      52.6876
    2100      49.8185
    2101      48.0793
    2102      44.1722
    2103      43.4808
    2104      45.1441
    2105      43.4147
    2106      42.5950
    2107      45.4340
    2108      43.9093
    2109      45.9296
    2110      43.9348
    2111      43.0846
    2112      45.9443
    2113      46.8973
    2114      48.2830
    2115      50.3903
    2116      50.4446
    2117      49.3263
    2118      47.8263
    2119      44.8579
    2120      42.2303
    2121      46.8698
    2122      45.6064
    2123      43.1776
    2124      45.4583
    2125      42.6795
    2126      45.0044
    2127      48.1235
    2128      48.3158
    2129      51.8626
    2130      47.1616
    2131      43.1146
    2132      43.4262
    2133      44.8914
    2134      47.2843
    2135      47.6604
    2136      48.2496
    2137      48.1277
    2138      45.6169
    2139      47.2703
    2140      47.9954
    2141      42.6935
    2142      43.8842
    2143      46.1375
    2144      50.1995
    2145      49.3258
    2146      47.3478
    2147      43.7047
    2148      44.0111
    2149      41.7257
    2150      44.3493
    2151      40.7186
    2152      43.7879
    2153      40.6560
    2154      43.2545
    2155      51.0521
    2156      52.1651
    2157      46.8089
    2158      42.9048
    2159      40.9891
    2160      44.2855
    2161      43.4999
    2162      44.2226
    2163      42.1787
    2164      39.4407
    2165      42.0806
    2166      41.9739
    2167      45.2825
    2168      44.2212
    2169      43.2781
    2170      42.7092
    2171      40.3132
    2172      41.3190
    2173      41.5861
    2174      43.5015
    2175      43.0245
    2176      43.0811
    2177      44.7079
    2178      44.9976
    2179      46.5863
    2180      50.8991
    2181      51.0133
    2182      44.0958
    2183      40.8585
    2184      46.9836
    2185      46.7632
    2186      46.5649
    2187      47.8440
    2188      51.6692
    2189      53.2734
    2190      50.6611
    2191      48.5912
    2192      47.6781
    2193      53.9828
    2194      50.2613
    2195      47.4915
    2196      46.3408
    2197      46.0959
    2198      47.4232
    2199      42.7635
    2200      45.0431
    2201      45.3782
    2202      44.7006
    2203      42.4870
    2204      46.3279
    2205      42.3507
    2206      45.4855
    2207      45.9345
    2208      47.2678
    2209      46.1124
    2210      47.9141
    2211      43.7621
    2212      47.3305
    2213      48.6986
    2214      46.7031
    2215      46.8245
    2216      46.1861
    2217      46.1214
    2218      49.6228
    2219      45.6015
    2220      43.3777
    2221      41.8837
    2222      44.0970
    2223      46.0606
    2224      47.6514
    2225      47.2175
    2226      46.8860
    2227      44.0304
    2228      41.4257
    2229      40.8195
    2230      42.3758
    2231      42.6941
    2232      40.7978
    2233      44.6709
    2234      45.7549
    2235      43.7293
    2236      45.9997
    2237      44.6656
    2238      49.4356
    2239      53.8737
    2240      56.5240
    2241      57.4716
    2242      54.2597
    2243      53.7090
    2244      55.1063
    2245      51.9810
    2246      54.1367
    2247      55.8095
    2248      56.8695
    2249      59.7202
    2250      61.3629
    2251      60.4044
    2252      61.9334
    2253      61.5404
    2254      57.7294
    2255      59.0728
    2256      59.9912
    2257      61.5948
    2258      57.0533
    2259      61.9449
    2260      65.3801
    2261      60.0160
    2262      61.1723
    2263      62.3189
    2264      58.2321
    2265      56.7733
    2266      51.6068
    2267      53.4182
    2268      54.9772
    2269      58.1078
    2270      57.0841
    2271      58.7481
    2272      60.0738
    2273      59.0774
    2274      54.7528
    2275      53.1963
    2276      51.5271
    2277      50.5451
    2278      48.4566
    2279      54.4575
    2280      49.0777
    2281      48.0219
    2282      48.2848
    2283      49.6076
    2284      45.3861
    2285      47.0930
    2286      48.0095
    2287      45.5575
    2288      47.6131
    2289      46.0962
    2290      45.9154
    2291      45.2264
    2292      45.9704
    2293      47.3477
    2294      46.6386
    2295      50.7626
    2296      48.7907
    2297      48.6533
    2298      46.6339
    2299      44.7033
    2300      42.4872
    2301      45.7763
    2302      47.8641
    2303      48.0337
    2304      51.0260
    2305      50.1539
    2306      48.1973
    2307      48.2934
    2308      48.0538
    2309      46.1581
    2310      48.7531
    2311      48.0210
    2312      44.2462
    2313      44.0955
    2314      46.7310
    2315      45.8002
    2316      44.2711
    2317      42.1815
    2318      45.0074
    2319      49.2800
    2320      43.1825
    2321      49.7827
    2322      51.2206
    2323      45.5072
    2324      42.2855
    2325      43.7796
    2326      44.4454
    2327      51.0929
    2328      51.1864
    2329      47.4859
    2330      40.7927
    2331      41.7330
    2332      43.0232
    2333      42.4351
    2334      45.5801
    2335      46.4875
    2336      45.2433
    2337      47.1906
    2338      51.8407
    2339      47.9690
    2340      45.6115
    2341      43.2915
    2342      43.4923
    2343      45.5910
    2344      48.6776
    2345      50.9442
    2346      45.6948
    2347      48.6942
    2348      49.9658
    2349      52.0393
    2350      49.8252
    2351      49.6952
    2352      45.6783
    2353      46.2381
    2354      44.8852
    2355      47.8308
    2356      46.2820
    2357      45.6045
    2358      43.7518
    2359      48.6784
    2360      47.5193
    2361      46.3695
    2362      47.2429
    2363      47.9560
    2364      44.4884
    2365      43.8229
    2366      50.8487
    2367      53.1761
    2368      53.6430
    2369      55.7923
    2370      56.6110
    2371      59.4528
    2372      58.1087
    2373      56.2116
    2374      59.2813
    2375      55.5515
    2376      53.7815
    2377      53.2478
    2378      47.6734
    2379      46.0673
    2380      44.7544
    2381      45.7031
    2382      43.6767
    2383      44.3307
    2384      44.6039
    2385      48.6129
    2386      45.6206
    2387      42.6947
    2388      47.5984
    2389      48.7969
    2390      44.4223
    2391      42.1582
    2392      43.4130
    2393      47.7711
    2394      49.3724
    2395      44.6450
    2396      45.0045
    2397      46.4157
    2398      49.1717
    2399      44.9167
    2400      46.6440
    2401      52.3023
    2402      54.2963
    2403      48.1336
    2404      47.3764
    2405      45.8329
    2406      44.9282
    2407      50.7842
    2408      47.8486
    2409      54.0552
    2410      56.9495
    2411      48.6791
    2412      46.9380
    2413      48.3217
    2414      45.5166
    2415      48.2844
    2416      47.4572
    2417      43.3847
    2418      45.0031
    2419      49.2060
    2420      48.9056
    2421      49.7467
    2422      52.6722
    2423      56.3206
    2424      55.0680
    2425      51.7622
    2426      49.7822
    2427      46.5736
    2428      39.5583
    2429      44.2367
    2430      49.5104
    2431      50.3968
    2432      41.1946
    2433      39.6409
    2434      43.4968
    2435      43.5976
    2436      43.6236
    2437      45.0924
    2438      44.4380
    2439      51.2769
    2440      50.7716
    2441      45.4921
    2442      49.4132
    2443      47.3124
    2444      45.4094
    2445      44.4755
    2446      47.0748
    2447      47.4289
    2448      47.9266
    2449      49.2593
    2450      49.8994
    2451      47.3470
    2452      44.7592
    2453      46.3016
    2454      44.6636
    2455      44.9756
    2456      48.3268
    2457      50.8709
    2458      48.2898
    2459      48.4547
    2460      48.7834
    2461      49.2025
    2462      53.2659
    2463      46.0179
    2464      44.8487
    2465      46.5325
    2466      47.5280
    2467      44.2214
    2468      44.4551
    2469      46.8524
    2470      48.3831
    2471      49.0776
    2472      48.8430
    2473      52.6703
    2474      48.1399
    2475      49.9472
    2476      55.1748
    2477      53.4373
    2478      46.6998
    2479      46.3211
    2480      49.1632
    2481      51.4510
    2482      49.5711
    2483      50.2605
    2484      50.0802
    2485      52.7602
    2486      50.1352
    2487      48.8552
    2488      48.3941
    2489      49.9669
    2490      54.2224
    2491      53.3990
    2492      50.9198
    2493      48.4648
    2494      52.5280
    2495      52.7148
    2496      53.9258
    2497      51.1772
    2498      51.1227
    2499      49.6914
    2500      43.0568
    2501      38.7736
    2502      40.2102
    2503      39.5240
    2504      41.2561
    2505      44.2448
    2506      47.3633
    2507      48.0379
    2508      49.7271
    2509      49.4164
    2510      46.6802
    2511      43.6512
    2512      43.0319
    2513      45.7164
    2514      46.5372
    2515      47.5976
    2516      47.0589
    2517      49.1738
    2518      48.9498
    2519      50.7922
    2520      52.9572
    2521      50.2602
    2522      45.5656
    2523      43.0999
    2524      41.3694
    2525      41.4056
    2526      46.5882
    2527      43.7154
    2528      46.3107
    2529      46.4715
    2530      47.7161
    2531      47.5444
    2532      48.2632
    2533      45.2267
    2534      45.2751
    2535      46.6578
    2536      44.6894
    2537      46.9146
    2538      46.1500
    2539      46.5164
    2540      46.5820
    2541      50.3074
    2542      56.3352
    2543      52.9157
    2544      50.4111
    2545      52.2325
    2546      52.4604
    2547      53.9300
    2548      58.4621
    2549      57.4570
    2550      53.4714
    2551      51.8112
    2552      48.3343
    2553      48.5471
    2554      54.5160
    2555      58.6251
    2556      58.8678
    2557      55.2652
    2558      57.4156
    2559      56.6850
    2560      54.8044
    2561      49.3641
    2562      50.7037
    2563      52.2021
    2564      50.7865
    2565      48.8456
    2566      48.2051
    2567      44.9900
    2568      44.6174
    2569      48.3227
    2570      44.6075
    2571      44.2236
    2572      45.4290
    2573      47.7637
    2574      47.1532
    2575      45.3910
    2576      45.5315
    2577      49.6701
    2578      44.4241
    2579      46.0841
    2580      47.7789
    2581      49.6069
    2582      47.3222
    2583      43.1575
    2584      43.1739
    2585      45.8128
    2586      49.1228
    2587      47.3970
    2588      48.0126
    2589      51.1737
    2590      53.4529
    2591      51.7804
    2592      48.2400
    2593      53.5515
    2594      56.5902
    2595      53.6439
    2596      54.1564
    2597      50.8261
    2598      51.5967
    2599      50.6053
    2600      48.9024
    2601      51.6411
    2602      53.9717
    2603      50.1331
    2604      47.5704
    2605      49.9864
    2606      46.1611
    2607      49.0227
    2608      50.2947
    2609      52.6135
    2610      50.4072
    2611      50.9020
    2612      50.9494
    2613      49.8037
    2614      49.6540
    2615      51.0231
    2616      50.2640
    2617      48.5084
    2618      50.3080
    2619      51.5964
    2620      54.4844
    2621      59.1793
    2622      58.4907
    2623      57.5065
    2624      62.5403
    2625      61.7912
    2626      62.4494
    2627      63.6722
    2628      59.1383
    2629      59.8680
    2630      61.6089
    2631      60.0603
    2632      63.9887
    2633      60.3450
    2634      55.8566
    2635      48.6413
    2636      47.2964
    2637      49.3236
    2638      50.2309
    2639      51.8307
    2640      51.4370
    2641      51.9834
    2642      52.9283
    2643      48.7276
    2644      48.6197
    2645      51.5772
    2646      50.5198
    2647      52.7983
    2648      46.9155
    2649      48.6850
    2650      51.5789
    2651      52.8282
    2652      53.8246
    2653      54.6568
    2654      51.8091
    2655      47.2105
    2656      44.8828
    2657      45.4433
    2658      46.3481
    2659      45.0002
    2660      45.2900
    2661      44.4073
    2662      49.3609
    2663      48.1530
    2664      44.0383
    2665      47.5564
    2666      48.5582
    2667      44.8370
    2668      47.1600
    2669      45.4121
    2670      42.5333
    2671      47.7457
    2672      42.8210
    2673      42.5595
    2674      45.9562
    2675      44.8946
    2676      49.9002
    2677      49.7405
    2678      49.2066
    2679      50.0277
    2680      48.6538
    2681      52.8146
    2682      50.4222
    2683      49.8019
    2684      49.4138
    2685      46.2824
    2686      48.3622
    2687      52.6343
    2688      49.0944
    2689      48.4367
    2690      48.8840
    2691      48.2430
    2692      48.0877
    2693      49.1277
    2694      47.8355
    2695      47.2019
    2696      55.2260
    2697      53.1550
    2698      50.5882
    2699      53.2524
    2700      50.5423
    2701      49.0070
    2702      49.5047
    2703      48.3701
    2704      48.0314
    2705      49.5609
    2706      50.7878
    2707      50.1495
    2708      52.5189
    2709      47.5159
    2710      45.9596
    2711      45.0752
    2712      46.4542
    2713      47.4877
    2714      44.8394
    2715      45.9746
    2716      45.5752
    2717      46.2358
    2718      48.0238
    2719      47.6747
    2720      50.0048
    2721      48.1145
    2722      47.9981
    2723      43.7262
    2724      49.4200
    2725      47.4726
    2726      45.5503
    2727      44.8198
    2728      42.0743
    2729      44.9826
    2730      42.6721
    2731      43.6062
    2732      41.6481
    2733      44.9565
    2734      48.4965
    2735      50.0749
    2736      47.4912
    2737      49.8851
    2738      49.1295
    2739      49.8063
    2740      49.9308
    2741      45.8983
    2742      46.1053
    2743      45.4803
    2744      47.5419
    2745      50.6719
    2746      49.7699
    2747      44.3474
    2748      45.8573
    2749      45.3213
    2750      45.2820
    2751      48.2307
    2752      47.6408
    2753      44.4114
    2754      44.2298
    2755      47.2581
    2756      51.2301
    2757      53.1738
    2758      49.0705
    2759      45.2915
    2760      48.5131
    2761      46.1104
    2762      48.5411
    2763      45.2430
    2764      47.8940
    2765      47.2746
    2766      47.4731
    2767      48.6570
    2768      50.4877
    2769      49.8520
    2770      47.2160
    2771      46.9301
    2772      45.7496
    2773      44.6173
    2774      46.2811
    2775      50.0398
    2776      47.8023
    2777      47.3647
    2778      42.7105
    2779      47.1541
    2780      47.4959
    2781      45.5836
    2782      47.7769
    2783      48.3147
    2784      44.6886
    2785      42.6264
    2786      47.0716
    2787      48.4813
    2788      48.6500
    2789      46.6194
    2790      44.5825
    2791      47.1505
    2792      47.8866
    2793      48.5647
    2794      52.3290
    2795      49.9942
    2796      53.4355
    2797      49.0076
    2798      47.9344
    2799      49.6478
    2800      46.7707
    2801      44.7767
    2802      44.5459
    2803      47.3524
    2804      47.0616
    2805      45.6924
    2806      48.8871
    2807      44.6153
    2808      44.6187
    2809      44.0440
    2810      47.6932
    2811      49.0768
    2812      46.0963
    2813      49.6878
    2814      53.2976
    2815      48.8804
    2816      49.8759
    2817      51.1704
    2818      47.7660
    2819      49.7063
    2820      48.7264
    2821      50.5285
    2822      50.1503
    2823      49.1504
    2824      48.5688
    2825      51.5629
    2826      47.8173
    2827      42.7851
    2828      46.5250
    2829      49.2320
    2830      50.0397
    2831      53.4524
    2832      54.1700
    2833      50.4807
    2834      51.4156
    2835      48.8489
    2836      51.7696
    2837      46.5699
    2838      48.8118
    2839      48.2500
    2840      48.8414
    2841      53.5892
    2842      49.1563
    2843      48.6281
    2844      50.4415
    2845      46.9408
    2846      47.3722
    2847      42.5477
    2848      47.0308
    2849      47.9941
    2850      47.7498
    2851      49.4158
    2852      44.9517
    2853      42.1570
    2854      45.5672
    2855      47.3628
    2856      44.7350
    2857      46.3375
    2858      44.1001
    2859      43.9915
    2860      42.2663
    2861      45.6395
    2862      48.2411
    2863      51.5309
    2864      47.3663
    2865      47.4726
    2866      48.0698
    2867      45.9574
    2868      44.1799
    2869      41.9850
    2870      41.1968
    2871      45.4152
    2872      52.2620
    2873      49.3869
    2874      47.7577
    2875      45.9165
    2876      46.5490
    2877      47.5714
    2878      46.5393
    2879      47.8322
    2880      44.8331
    2881      49.0851
    2882      52.0755
    2883      53.1547
    2884      49.2288
    2885      51.9179
    2886      54.1327
    2887      53.3895
    2888      52.5242
    2889      52.7132
    2890      54.3137
    2891      51.9710
    2892      47.5678
    2893      49.1180
    2894      49.2014
    2895      48.0283
    2896      48.3399
    2897      46.2417
    2898      49.5480
    2899      49.0638
    2900      50.4524
    2901      49.3399
    2902      45.0132
    2903      50.5941
    2904      54.4852
    2905      58.3515
    2906      60.6232
    2907      57.9694
    2908      59.3263
    2909      52.8534
    2910      53.0331
    2911      50.9391
    2912      57.1452
    2913      58.7865
    2914      58.7547
    2915      57.0185
    2916      57.2165
    2917      57.1066
    2918      54.5431
    2919      51.9331
    2920      53.5471
    2921      54.0133
    2922      52.9669
    2923      47.5355
    2924      47.5346
    2925      47.6510
    2926      48.0544
    2927      49.9409
    2928      50.3500
    2929      49.7366
    2930      50.5833
    2931      53.1988
    2932      52.3949
    2933      53.8563
    2934      51.5546
    2935      50.7707
    2936      49.4113
    2937      47.6361
    2938      46.6242
    2939      48.7317
    2940      46.8802
    2941      47.2068
    2942      49.1936
    2943      46.0833
    2944      43.4078
    2945      44.6218
    2946      47.3942
    2947      50.3820
    2948      44.9194
    2949      48.7973
    2950      46.9135
    2951      48.9665
    2952      49.4631
    2953      48.7462
    2954      46.3926
    2955      46.0272
    2956      47.6438
    2957      48.0143
    2958      45.6995
    2959      46.0716
    2960      48.9955
    2961      45.5070
    2962      50.3051
    2963      51.3588
    2964      52.3715
    2965      46.7969
    2966      45.0343
    2967      45.8292
    2968      46.3483
    2969      44.0380
    2970      44.3825
    2971      41.0174
    2972      46.2145
    2973      43.2072
    2974      41.1867
    2975      42.3537
    2976      44.8958
    2977      42.4022
    2978      44.5545
    2979      47.9718
    2980      43.8819
    2981      43.2672
    2982      45.9035
    2983      49.3307
    2984      49.7073
    2985      51.5016
    2986      51.8353
    2987      48.2085
    2988      46.2843
    2989      45.3001
    2990      46.6904
    2991      46.6847
    2992      46.5428
    2993      45.3977
    2994      47.8540
    2995      49.0035
    2996      46.7696
    2997      45.5780
    2998      45.3045
    2999      47.5529
    3000      48.6498
    3001      43.6952
    3002      44.7961
    3003      48.0173
    3004      49.7312
    3005      48.8175
    3006      48.1811
    3007      43.4121
    3008      44.9136
    3009      43.6756
    3010      43.7765
    3011      45.8665
    3012      50.0384
    3013      45.3464
    3014      41.3440
    3015      44.9414
    3016      51.5703
    3017      56.0074
    3018      54.9091
    3019      54.6122
    3020      48.1341
    3021      46.1187
    3022      44.7043
    3023      45.6025
    3024      43.0671
    3025      41.7768
    3026      42.3731
    3027      42.2132
    3028      40.9604
    3029      44.1897
    3030      49.1016
    3031      50.7515
    3032      47.9794
    3033      44.1859
    3034      44.3529
    3035      44.2457
    3036      50.8427
    3037      43.3848
    3038      44.4999
    3039      47.5076
    3040      46.8487
    3041      48.3197
    3042      46.2514
    3043      47.3746
    3044      43.5674
    3045      41.5467
    3046      40.1347
    3047      45.2353
    3048      48.7154
    3049      49.6736
    3050      46.9162
    3051      51.6453
    3052      50.3109
    3053      49.0505
    3054      47.1385
    3055      45.6164
    3056      44.3400
    3057      45.2810
    3058      46.8399
    3059      44.7995
    3060      46.6336
    3061      46.9452
    3062      47.1823
    3063      47.8198
    3064      47.2662
    3065      46.6343
    3066      44.8276
    3067      42.7923
    3068      41.5673
    3069      43.1290
    3070      39.9646
    3071      40.0858
    3072      43.6881
    3073      47.5544
    3074      41.2816
    3075      37.4380
    3076      39.6187
    3077      40.6148
    3078      47.6484
    3079      49.3075
    3080      49.2472
    3081      49.6583
    3082      51.0816
    3083      44.4283
    3084      46.5033
    3085      47.2945
    3086      49.0205
    3087      52.3396
    3088      51.3618
    3089      52.6593
    3090      51.0836
    3091      51.5573
    3092      48.8141
    3093      49.4049
    3094      50.3318
    3095      47.5402
    3096      47.3416
    3097      47.3422
    3098      46.3910
    3099      47.6079
    3100      46.8525
    3101      46.3446
    3102      44.4919
    3103      41.0377
    3104      45.3010
    3105      44.9750
    3106      48.2185
    3107      47.9063
    3108      51.5950
    3109      52.1667
    3110      48.3602
    3111      49.6208
    3112      51.8479
    3113      49.9905
    3114      50.1635
    3115      50.2449
    3116      44.3954
    3117      45.0292
    3118      44.1666
    3119      43.2033
    3120      44.6901
    3121      50.2609
    3122      52.7732
    3123      52.9824
    3124      49.8148
    3125      48.7339
    3126      50.6162
    3127      52.1634
    3128      50.8467
    3129      51.8396
    3130      53.5592
    3131      56.7263
    3132      52.6283
    3133      55.2051
    3134      56.7872
    3135      57.4619
    3136      55.9023
    3137      56.5089
    3138      53.8424
    3139      52.5268
    3140      51.7783
    3141      49.6293
    3142      49.9138
    3143      47.7631
    3144      46.3523
    3145      49.6190
    3146      51.1287
    3147      56.4134
    3148      58.4544
    3149      54.4383
    3150      50.6443
    3151      56.5347
    3152      57.4068
    3153      57.8850
    3154      60.2117
    3155      53.7377
    3156      50.5753
    3157      48.8300
    3158      52.3814
    3159      51.9070
    3160      52.2869
    3161      48.0519
    3162      46.7678
    3163      50.0703
    3164      51.1342
    3165      49.2828
    3166      51.6897
    3167      53.1897
    3168      51.9966
    3169      56.4629
    3170      53.1773
    3171      50.9463
    3172      50.2552
    3173      49.8660
    3174      48.7244
    3175      50.4362
    3176      51.2549
    3177      51.7052
    3178      50.5876
    3179      52.5231
    3180      50.2747
    3181      53.0573
    3182      54.3882
    3183      57.4658
    3184      54.9391
    3185      52.3841
    3186      56.4998
    3187      53.6971
    3188      49.3589
    3189      49.4642
    3190      48.4892
    3191      48.0852
    3192      48.9651
    3193      47.8528
    3194      48.2372
    3195      46.9123
    3196      47.8053
    3197      47.5434
    3198      47.8076
    3199      48.1419
    3200      50.7552
    3201      50.2528
    3202      47.0120
    3203      47.5337
    3204      43.0693
    3205      47.6042
    3206      47.6283
    3207      50.0599
    3208      47.4677
    3209      49.0975
    3210      51.0270
    3211      50.9743
    3212      46.5352
    3213      47.9221
    3214      50.9840
    3215      46.4862
    3216      46.8403
    3217      47.7463
    3218      47.8826
    3219      50.1786
    3220      46.2879
    3221      44.2985
    3222      45.5356
    3223      44.9223
    3224      46.0469
    3225      45.5938
    3226      44.3247
    3227      49.7026
    3228      46.9765
    3229      46.4543
    3230      46.2490
    3231      48.9140
    3232      50.3732
    3233      45.5061
    3234      47.7352
    3235      46.4147
    3236      41.4246
    3237      41.7554
    3238      46.1173
    3239      47.8723
    3240      44.5609
    3241      52.3542
    3242      48.5788
    3243      50.4651
    3244      54.3856
    3245      51.5911
    3246      48.3836
    3247      51.9604
    3248      49.3194
    3249      51.1731
    3250      57.6685
    3251      58.4066
    3252      62.0214
    3253      62.0525
    3254      63.4352
    3255      66.3077
    3256      66.6254
    3257      72.7702
    3258      69.0759
    3259      69.7536
    3260      68.7485
    3261      65.8388
    3262      64.1997
    3263      68.7351
    3264      69.0945
    3265      69.8306
    3266      63.5372
    3267      65.0012
    3268      67.1895
    3269      65.6615
    3270      62.8180
    3271      58.8863
    3272      57.3454
    3273      59.5141
    3274      61.7028
    3275      62.2592
    3276      62.5313
    3277      63.3235
    3278      62.9045
    3279      63.0376
    3280      60.7073
    3281      56.0034
    3282      58.2522
    3283      61.0350
    3284      63.8830
    3285      66.6388
    3286      61.1473
    3287      60.0821
    3288      57.7322
    3289      56.1162
    3290      56.5381
    3291      53.6999
    3292      58.3321
    3293      56.1391
    3294      57.7142
    3295      54.8406
    3296      53.1362
    3297      52.7767
    3298      46.8963
    3299      43.1058
    3300      45.0186
    3301      49.8563
    3302      50.3746
    3303      48.8033
    3304      47.0175
    3305      44.3121
    3306      42.8204
    3307      47.2933
    3308      47.3760
    3309      46.2498
    3310      49.3813
    3311      50.7807
    3312      44.4763
    3313      46.7507
    3314      48.9780
    3315      50.0687
    3316      53.2077
    3317      48.8060
    3318      47.8294
    3319      45.6274
    3320      46.0448
    3321      45.4557
    3322      43.0442
    3323      41.1346
    3324      44.5662
    3325      45.8067
    3326      46.7484
    3327      45.9772
    3328      43.9200
    3329      43.6481
    3330      42.5070
    3331      44.4429
    3332      43.7946
    3333      43.4856
    3334      44.3068
    3335      43.0836
    3336      46.5070
    3337      42.2496
    3338      39.1704
    3339      42.3029
    3340      42.7786
    3341      45.1785
    3342      44.6082
    3343      43.8413
    3344      43.9586
    3345      44.0510
    3346      40.6406
    3347      41.7475
    3348      45.0556
    3349      43.0978
    3350      44.0450
    3351      46.4534
    3352      41.3664
    3353      46.4759
    3354      43.3505
    3355      46.7425
    3356      53.0614
    3357      50.2731
    3358      49.2470
    3359      49.5499
    3360      49.2271
    3361      47.7058
    3362      49.5353
    3363      49.3925
    3364      50.0564
    3365      53.2336
    3366      53.6068
    3367      54.0877
    3368      53.7688
    3369      56.3029
    3370      53.8862
    3371      48.8800
    3372      50.2548
    3373      47.8969
    3374      48.9741
    3375      50.4496
    3376      50.8168
    3377      50.8561
    3378      54.0555
    3379      51.6986
    3380      49.0176
    3381      50.5797
    3382      50.3947
    3383      46.4121
    3384      49.8752
    3385      49.5436
    3386      52.6386
    3387      48.8405
    3388      48.5499
    3389      49.0022
    3390      50.3701
    3391      49.3127
    3392      48.4701
    3393      42.7264
    3394      42.8389
    3395      48.8434
    3396      42.9447
    3397      45.9259
    3398      46.1957
    3399      51.8807
    3400      54.6214
    3401      53.9913
    3402      51.4492
    3403      50.9297
    3404      53.7354
    3405      51.4699
    3406      42.1320
    3407      47.0094
    3408      49.3625
    3409      44.2173
    3410      46.6981
    3411      45.0894
    3412      46.4704
    3413      46.9314
    3414      46.2456
    3415      45.2249
    3416      48.3754
    3417      49.5045
    3418      48.0898
    3419      46.1530
    3420      50.3619
    3421      46.4569
    3422      43.8166
    3423      44.3781
    3424      44.6988
    3425      45.8979
    3426      48.7164
    3427      51.2235
    3428      50.0000
    3429      45.0293
    3430      47.3939
    3431      46.6935
    3432      46.3412
    3433      49.1587
    3434      51.7565
    3435      47.2601
    3436      48.1980
    3437      48.5737
    3438      46.3771
    3439      48.0766
    3440      42.7618
    3441      48.1565
    3442      50.7754
    3443      50.3338
    3444      53.5828
    3445      51.5278
    3446      50.2909
    3447      49.3127
    3448      48.5068
    3449      46.0317
    3450      45.3588
    3451      47.5944
    3452      48.8390
    3453      49.3385
    3454      52.1265
    3455      50.7412
    3456      51.8300
    3457      52.8746
    3458      46.0664
    3459      45.9900
    3460      48.9699
    3461      51.4462
    3462      48.6688
    3463      48.9190
    3464      48.8707
    3465      47.6571
    3466      50.1411
    3467      50.0260
    3468      51.2159
    3469      50.4871
    3470      50.3907
    3471      53.4608
    3472      49.6537
    3473      46.9795
    3474      45.3495
    3475      47.0923
    3476      47.2848
    3477      46.5016
    3478      48.8763
    3479      49.4265
    3480      44.9227
    3481      45.7122
    3482      44.3822
    3483      44.4095
    3484      45.8111
    3485      44.0862
    3486      44.6366
    3487      48.1399
    3488      51.0474
    3489      50.0436
    3490      48.0258
    3491      45.7803
    3492      44.3110
    3493      46.1214
    3494      42.2400
    3495      44.7940
    3496      48.9010
    3497      50.5752
    3498      49.6719
    3499      52.1790
    3500      48.8189
    3501      43.6736
    3502      43.8774
    3503      45.5634
    3504      46.5439
    3505      45.4071
    3506      44.6945
    3507      43.1581
    3508      48.0251
    3509      47.3164
    3510      49.7106
    3511      45.9080
    3512      48.1902
    3513      49.3728
    3514      50.4928
    3515      48.0162
    3516      48.4924
    3517      49.7752
    3518      48.8398
    3519      48.1386
    3520      48.8827
    3521      48.1206
    3522      52.5127
    3523      46.4975
    3524      49.8536
    3525      46.9506
    3526      47.8447
    3527      48.4700
    3528      47.0113
    3529      47.8108
    3530      48.2163
    3531      46.2223
    3532      46.7852
    3533      44.9437
    3534      46.3498
    3535      48.9457
    3536      45.2596
    3537      44.0937
    3538      44.2721
    3539      42.6928
    3540      45.1721
    3541      44.4267
    3542      44.8338
    3543      45.7767
    3544      43.7676
    3545      45.4572
    3546      47.5178
    3547      45.6604
    3548      43.9925
    3549      46.4473
    3550      45.6150
    3551      48.4533
    3552      46.6176
    3553      46.1020
    3554      43.9931
    3555      47.7218
    3556      44.2177
    3557      43.5471
    3558      42.0399
    3559      39.3293
    3560      42.5754
    3561      41.7281
    3562      43.1324
    3563      44.8414
    3564      44.9973
    3565      43.4413
    3566      41.9024
    3567      44.1403
    3568      46.1458
    3569      46.3518
    3570      43.3454
    3571      44.9228
    3572      46.7633
    3573      45.7279
    3574      49.5383
    3575      47.9292
    3576      50.8707
    3577      50.8223
    3578      50.5342
    3579      47.6796
    3580      50.2412
    3581      43.9997
    3582      48.7817
    3583      46.8451
    3584      49.3896
    3585      47.5165
    3586      47.6722
    3587      48.1283
    3588      50.2520
    3589      48.6554
    3590      49.2745
    3591      51.5104
    3592      50.4516
    3593      55.3627
    3594      54.7072
    3595      53.2519
    3596      52.9072
    3597      52.7645
    3598      50.7397
    3599      51.6444
    3600      53.4748
    3601      50.6381
    3602      50.7294
    3603      51.5145
    3604      49.7470
    3605      45.1965
    3606      49.7093
    3607      48.3416
    3608      48.9449
    3609      47.6837
    3610      51.4590
    3611      48.4465
    3612      50.4752
    3613      49.9444
    3614      50.1149
    3615      51.7487
    3616      50.3471
    3617      50.7130
    3618      48.6214
    3619      50.8344
    3620      54.0833
    3621      52.0892
    3622      55.1268
    3623      52.2553
    3624      55.5168
    3625      54.4053
    3626      50.3678
    3627      44.9682
    3628      48.7545
    3629      54.6192
    3630      54.7205
    3631      55.4831
    3632      55.6112
    3633      53.9455
    3634      52.3014
    3635      48.0589
    3636      49.8831
    3637      54.0152
    3638      55.4624
    3639      52.5398
    3640      53.5498
    3641      52.3809
    3642      46.8811
    3643      46.4168
    3644      40.6694
    3645      42.3727
    3646      44.6212
    3647      48.1456
    3648      46.5238
    3649      43.2375
    3650      46.4101
    3651      50.1551
    3652      45.5629
    3653      48.6181
    3654      47.6338
    3655      49.7207
    3656      49.6383
    3657      47.2537
    3658      47.9659
    3659      48.3876
    3660      49.7763
    3661      49.7516
    3662      47.3943
    3663      47.6532
    3664      47.2869
    3665      46.5867
    3666      48.6082
    3667      50.7144
    3668      53.3942
    3669      51.4628
    3670      52.1986
    3671      54.6414
    3672      56.3027
    3673      55.3098
    3674      57.4488
    3675      57.6394
    3676      52.6797
    3677      49.7245
    3678      47.6220
    3679      47.3630
    3680      48.0089
    3681      45.5630
    3682      49.0991
    3683      48.4620
    3684      46.7951
    3685      48.1515
    3686      46.9412
    3687      48.0156
    3688      47.5673
    3689      49.0471
    3690      50.1280
    3691      51.7588
    3692      50.2271
    3693      47.4862
    3694      46.0269
    3695      46.0611
    3696      50.8405
    3697      47.0878
    3698      49.6848
    3699      51.8511
    3700      49.1540
    3701      47.8304
    3702      51.4629
    3703      53.0273
    3704      49.6241
    3705      52.3662
    3706      52.0887
    3707      48.9234
    3708      46.6461
    3709      48.6205
    3710      48.4123
    3711      50.6413
    3712      47.0111
    3713      48.6440
    3714      48.5869
    3715      48.6007
    3716      47.7028
    3717      50.1017
    3718      49.0646
    3719      45.2648
    3720      47.1091
    3721      45.5498
    3722      44.5717
    3723      44.0934
    3724      45.4041
    3725      42.6786
    3726      43.7509
    3727      48.0422
    3728      47.8574
    3729      47.3174
    3730      49.2720
    3731      50.3623
    3732      50.5241
    3733      51.1954
    3734      50.5641
    3735      47.1881
    3736      45.9397
    3737      43.4194
    3738      47.6006
    3739      47.7950
    3740      42.8432
    3741      46.9526
    3742      49.0760
    3743      51.1964
    3744      51.2422
    3745      54.3704
    3746      55.0757
    3747      55.8117
    3748      53.5896
    3749      47.1797
    3750      45.7581
    3751      47.4992
    3752      47.6219
    3753      45.5573
    3754      45.3403
    3755      44.5777
    3756      46.4742
    3757      45.2084
    3758      48.3775
    3759      48.6147
    3760      50.3423
    3761      53.6174
    3762      53.8525
    3763      50.3499
    3764      48.6486
    3765      48.3264
    3766      47.6308
    3767      46.5772
    3768      49.6180
    3769      49.4380
    3770      48.7941
    3771      47.6860
    3772      45.1571
    3773      46.0496
    3774      45.7502
    3775      45.3102
    3776      46.3865
    3777      43.6237
    3778      43.6457
    3779      42.3121
    3780      44.7113
    3781      45.3831
    3782      43.3376
    3783      43.8005
    3784      43.2495
    3785      47.6688
    3786      50.8290
    3787      49.5766
    3788      53.5764
    3789      54.1544
    3790      51.9436
    3791      49.1866
    3792      53.1255
    3793      58.0837
    3794      55.3791
    3795      50.8948
    3796      50.6174
    3797      49.4565
    3798      47.6618
    3799      50.9410
    3800      51.4573
    3801      51.3664
    3802      48.2765
    3803      44.7934
    3804      46.3959
    3805      44.9415
    3806      45.2606
    3807      47.7446
    3808      51.3330
    3809      47.4686
    3810      47.3560
    3811      45.2987
    3812      46.1645
    3813      46.4017
    3814      44.5581
    3815      45.2057
    3816      44.0038
    3817      42.5629
    3818      40.7584
    3819      46.7924
    3820      46.6231
    3821      45.7095
    3822      51.6684
    3823      52.7630
    3824      50.0261
    3825      48.9732
    3826      50.0040
    3827      46.7644
    3828      48.0453
    3829      49.6700
    3830      48.9368
    3831      50.0441
    3832      45.0804
    3833      45.0360
    3834      45.5629
    3835      47.4521
    3836      45.6962
    3837      43.0872
    3838      52.5031
    3839      49.0233
    3840      50.1449
    3841      48.8795
    3842      45.9170
    3843      47.9762
    3844      44.2514
    3845      44.1286
    3846      47.4238
    3847      50.4088
    3848      48.8078
    3849      49.1885
    3850      50.1429
    3851      48.3626
    3852      50.0944
    3853      47.7204
    3854      47.2114
    3855      45.2542
    3856      48.3990
    3857      50.4904
    3858      50.1873
    3859      47.1015
    3860      44.3209
    3861      45.6637
    3862      47.1828
    3863      48.3476
    3864      48.4562
    3865      47.2958
    3866      47.2159
    3867      44.4266
    3868      44.3619
    3869      43.4680
    3870      47.2454
    3871      51.5016
    3872      56.8208
    3873      53.5128
    3874      45.5178
    3875      44.7092
    3876      44.6668
    3877      44.8083
    3878      45.3610
    3879      44.9379
    3880      47.1723
    3881      46.8985
    3882      48.0095
    3883      45.3561
    3884      45.0333
    3885      48.0660
    3886      49.9576
    3887      50.9190
    3888      51.7598
    3889      51.2719
    3890      49.7351
    3891      49.0915
    3892      45.9000
    3893      48.7458
    3894      47.9582
    3895      47.9060
    3896      47.8709
    3897      50.4827
    3898      50.0690
    3899      51.5153
    3900      53.3396
    3901      53.9266
    3902      52.1164
    3903      52.8560
    3904      56.0072
    3905      57.3945
    3906      58.5914
    3907      59.1049
    3908      57.0457
    3909      58.4119
    3910      51.9357
    3911      55.2523
    3912      53.2470
    3913      53.0502
    3914      54.5034
    3915      51.9848
    3916      54.7045
    3917      54.4550
    3918      52.1646
    3919      50.9101
    3920      48.4049
    3921      51.4452
    3922      52.2038
    3923      48.2126
    3924      47.4101
    3925      44.9918
    3926      45.1399
    3927      45.6603
    3928      47.7979
    3929      47.0559
    3930      45.0736
    3931      44.9476
    3932      44.4899
    3933      44.7013
    3934      43.1630
    3935      41.5543
    3936      44.3857
    3937      47.5314
    3938      48.0481
    3939      50.0837
    3940      45.6688
    3941      45.3410
    3942      49.6810
    3943      49.3759
    3944      52.6065
    3945      50.8290
    3946      48.3664
    3947      52.1661
    3948      51.7391
    3949      53.4412
    3950      51.3331
    3951      53.6648
    3952      50.8870
    3953      52.7116
    3954      54.3807
    3955      58.8678
    3956      54.5278
    3957      48.4940
    3958      46.8605
    3959      45.1013
    3960      44.6284
    3961      45.2577
    3962      46.3885
    3963      42.9129
    3964      46.1805
    3965      46.3637
    3966      44.2298
    3967      42.8798
    3968      44.8464
    3969      45.2072
    3970      45.2028
    3971      43.6659
    3972      46.4416
    3973      50.3084
    3974      48.5096
    3975      44.8975
    3976      44.4253
    3977      43.0919
    3978      46.1698
    3979      43.4636
    3980      46.4502
    3981      43.4133
    3982      46.7650
    3983      47.9154
    3984      50.9323
    3985      47.9361
    3986      45.6717
    3987      47.3645
    3988      48.6088
    3989      45.0463
    3990      49.2248
    3991      48.8020
    3992      49.6154
    3993      50.4256
    3994      49.1932
    3995      46.2520
    3996      45.9861
    3997      49.4713
    3998      48.2215
    3999      46.9597
    4000      45.6693
    4001      46.9800
    4002      46.5642
    4003      44.9834
    4004      46.4736
    4005      47.0235
    4006      44.2247
    4007      47.5029
    4008      47.3101
    4009      51.2400
    4010      50.3833
    4011      47.5528
    4012      46.0974
    4013      48.4052
    4014      45.7241
    4015      46.3336
    4016      44.3889
    4017      45.5867
    4018      51.1423
    4019      49.7459
    4020      51.2945
    4021      51.0310
    4022      46.5146
    4023      46.5545
    4024      48.9920
    4025      49.1759
    4026      45.8738
    4027      45.2575
    4028      48.4315
    4029      47.8224
    4030      46.0096
    4031      47.2485
    4032      48.8990
    4033      49.3767
    4034      51.4589
    4035      51.1205
    4036      47.4547
    4037      47.1440
    4038      44.7337
    4039      46.1887
    4040      45.3784
    4041      44.2659
    4042      44.3545
    4043      44.5772
    4044      49.5251
    4045      48.2438
    4046      45.5234
    4047      44.5545
    4048      50.8378
    4049      47.1211
    4050      47.3854
    4051      48.9965
    4052      47.7525
    4053      43.1838
    4054      44.2107
    4055      41.8773
    4056      43.6864
    4057      45.5639
    4058      47.3757
    4059      49.3458
    4060      48.1114
    4061      46.7470
    4062      44.2569
    4063      45.0266
    4064      49.8743
    4065      42.7206
    4066      45.3056
    4067      46.4117
    4068      47.6025
    4069      46.9592
    4070      46.6410
    4071      43.3744
    4072      44.5873
    4073      44.6165
    4074      46.6924
    4075      46.9293
    4076      45.4161
    4077      43.8539
    4078      44.2877
    4079      45.6528
    4080      48.0426
    4081      48.6422
    4082      47.7363
    4083      46.6917
    4084      47.9633
    4085      48.1284
    4086      46.9172
    4087      44.9364
    4088      46.4846
    4089      46.0215
    4090      47.4872
    4091      52.2590
    4092      53.2137
    4093      52.3889
    4094      50.4478
    4095      44.5902
    4096      43.7514
    4097      46.1430
    4098      45.8919
    4099      45.4987
    4100      47.9208
    4101      45.8710
    4102      51.0701
    4103      48.9089
    4104      44.7382
    4105      47.6305
    4106      48.8644
    4107      50.3559
    4108      46.8630
    4109      48.2149
    4110      52.6684
    4111      55.2030
    4112      56.3853
    4113      58.7853
    4114      56.4448
    4115      53.8945
    4116      51.2670
    4117      47.9349
    4118      50.9476
    4119      48.7638
    4120      47.3286
    4121      47.2831
    4122      52.1436
    4123      52.5058
    4124      52.2790
    4125      46.9478
    4126      49.3481
    4127      49.1219
    4128      51.9184
    4129      53.7426
    4130      47.8156
    4131      47.4760
    4132      49.0002
    4133      43.1561
    4134      48.6309
    4135      50.5972
    4136      45.9597
    4137      44.6709
    4138      45.7766
    4139      48.3253
    4140      47.2179
    4141      45.3854
    4142      47.9512
    4143      48.0489
    4144      47.8221
    4145      50.8120
    4146      49.3155
    4147      47.4531
    4148      51.5078
    4149      50.7749
    4150      48.4644
    4151      47.7266
    4152      49.5525
    4153      49.2097
    4154      48.0447
    4155      50.5204
    4156      48.7633
    4157      48.5295
    4158      50.8032
    4159      48.4236
    4160      51.1518
    4161      51.6625
    4162      51.7570
    4163      49.4837
    4164      53.7335
    4165      53.9440
    4166      50.4446
    4167      46.1572
    4168      46.5469
    4169      46.7113
    4170      46.5533
    4171      46.9539
    4172      49.8236
    4173      45.0668
    4174      44.1370
    4175      41.9072
    4176      44.5119
    4177      45.7408
    4178      45.0280
    4179      43.8671
    4180      44.2044
    4181      45.1883
    4182      42.5353
    4183      42.5761
    4184      42.4478
    4185      45.3864
    4186      46.1311
    4187      43.6733
    4188      46.2196
    4189      46.5754
    4190      46.5987
    4191      45.9885
    4192      46.4620
    4193      44.0972
    4194      48.0224
    4195      47.8087
    4196      48.0962
    4197      49.6532
    4198      51.2260
    4199      50.2984
    4200      47.0800
    4201      46.6352
    4202      45.5805
    4203      52.0757
    4204      47.0968
    4205      46.3200
    4206      49.1754
    4207      48.8050
    4208      47.6452
    4209      49.4314
    4210      47.3720
    4211      50.7681
    4212      47.8783
    4213      47.7989
    4214      47.8180
    4215      46.6377
    4216      45.8306
    4217      44.7881
    4218      48.2362
    4219      47.9605
    4220      47.1123
    4221      47.3818
    4222      46.7535
    4223      49.4009
    4224      52.7938
    4225      49.6891
    4226      49.4952
    4227      50.2857
    4228      53.6332
    4229      58.3077
    4230      57.1796
    4231      55.2261
    4232      56.8781
    4233      51.7248
    4234      50.4248
    4235      48.3389
    4236      45.7361
    4237      46.5033
    4238      49.9813
    4239      46.1575
    4240      46.7717
    4241      45.3658
    4242      47.9603
    4243      48.5816
    4244      47.1872
    4245      50.7175
    4246      50.6847
    4247      55.4472
    4248      54.2532
    4249      53.0159
    4250      51.6507
    4251      56.3359
    4252      59.0373
    4253      59.8175
    4254      59.6768
    4255      57.3794
    4256      56.9605
    4257      55.9684
    4258      54.5407
    4259      49.5129
    4260      50.9675
    4261      51.9245
    4262      49.4215
    4263      51.5324
    4264      49.6638
    4265      49.6967
    4266      46.8241
    4267      45.7004
    4268      46.6375
    4269      46.2133
    4270      47.5458
    4271      46.4464
    4272      44.3826
    4273      45.7792
    4274      42.6338
    4275      45.7812
    4276      47.1474
    4277      47.1397
    4278      46.8562
    4279      46.9430
    4280      46.0434
    4281      46.9703
    4282      47.7672
    4283      46.7585
    4284      47.1292
    4285      46.8110
    4286      44.3981
    4287      46.6618
    4288      50.2051
    4289      49.8669
    4290      51.1171
    4291      53.1561
    4292      49.6870
    4293      50.4448
    4294      45.7999
    4295      46.8663
    4296      44.7228
    4297      46.3167
    4298      48.6194
    4299      51.6304
    4300      45.1149
    4301      45.6483
    4302      48.3647
    4303      47.5331
    4304      46.7448
    4305      47.5128
    4306      46.5819
    4307      47.6303
    4308      44.3319
    4309      45.4127
    4310      42.6627
    4311      45.3769
    4312      48.2149
    4313      45.8729
    4314      47.0849
    4315      43.2723
    4316      45.5513
    4317      44.6994
    4318      46.9510
    4319      46.9136
    4320      44.9298
    4321      45.2119
    4322      44.9492
    4323      45.5128
    4324      45.1712
    4325      45.0343
    4326      45.2187
    4327      46.1732
    4328      46.9537
    4329      45.8829
    4330      47.2259
    4331      45.3338
    4332      46.6910
    4333      45.9669
    4334      44.5475
    4335      43.8878
    4336      44.0917
    4337      44.1181
    4338      46.2172
    4339      45.8550
    4340      46.1007
    4341      44.2241
    4342      45.0741
    4343      47.2681
    4344      48.0332
    4345      45.4183
    4346      49.5132
    4347      52.1332
    4348      53.4371
    4349      52.6542
    4350      55.0456
    4351      48.1406
    4352      51.5402
    4353      49.6269
    4354      53.7145
    4355      52.8444
    4356      47.0990
    4357      49.6715
    4358      46.8214
    4359      47.3093
    4360      52.3438
    4361      51.2267
    4362      49.8480
    4363      50.5073
    4364      50.6503
    4365      50.2610
    4366      52.0581
    4367      55.2343
    4368      50.3634
    4369      48.9668
    4370      47.1236
    4371      48.3477
    4372      50.1074
    4373      45.9473
    4374      46.4623
    4375      46.5405
    4376      49.1398
    4377      50.5022
    4378      47.5825
    4379      49.0152
    4380      50.9064
    4381      52.7939
    4382      49.5618
    4383      49.0737
    4384      48.3991
    4385      48.0198
    4386      48.8031
    4387      45.9005
    4388      44.8259
    4389      45.5018
    4390      44.6060
    4391      45.4830
    4392      46.0157
    4393      47.9273
    4394      47.9461
    4395      49.3398
    4396      48.4402
    4397      48.4160
    4398      46.6411
    4399      45.2015
    4400      45.8163
    4401      49.8901
    4402      48.8105
    4403      44.9796
    4404      47.8716
    4405      48.8439
    4406      46.7631
    4407      46.3421
    4408      46.5896
    4409      42.5775
    4410      44.6971
    4411      46.0105
    4412      44.9329
    4413      47.9102
    4414      52.2564
    4415      50.9990
    4416      48.2710
    4417      47.5169
    4418      45.5579
    4419      43.9314
    4420      44.6951
    4421      44.0864
    4422      44.0389
    4423      44.7623
    4424      43.8692
    4425      42.4945
    4426      46.3063
    4427      47.2791
    4428      50.5290
    4429      47.4726
    4430      46.4144
    4431      48.0051
    4432      47.5906
    4433      45.2926
    4434      48.2082
    4435      50.5375
    4436      51.3572
    4437      50.3393
    4438      50.7164
    4439      48.8356
    4440      48.4187
    4441      47.9781
    4442      46.3381
    4443      49.0591
    4444      51.4688
    4445      54.7739
    4446      52.3138
    4447      51.5068
    4448      51.9970
    4449      54.0673
    4450      51.5895
    4451      50.6464
    4452      53.3049
    4453      51.2840
    4454      53.1117
    4455      53.0109
    4456      53.5599
    4457      51.4847
    4458      53.1197
    4459      50.2421
    4460      49.0803
    4461      48.9612
    4462      48.3421
    4463      51.8843
    4464      51.1161
    4465      49.8331
    4466      47.6444
    4467      46.4922
    4468      49.9931
    4469      49.4889
    4470      47.0562
    4471      46.6353
    4472      47.5519
    4473      48.4794
    4474      44.7855
    4475      46.7041
    4476      46.1218
    4477      48.4870
    4478      46.8713
    4479      45.8382
    4480      52.3917
    4481      50.2334
    4482      49.6806
    4483      47.5125
    4484      46.3963
    4485      44.7284
    4486      49.2460
    4487      48.7739
    4488      47.7270
    4489      47.3301
    4490      48.5011
    4491      45.4626
    4492      44.4656
    4493      44.6623
    4494      45.6555
    4495      49.3890
    4496      50.0461
    4497      46.9779
    4498      46.6833
    4499      47.3003
    4500      46.8507
    4501      47.8530
    4502      48.5810
    4503      48.4939
    4504      50.8010
    4505      47.6597
    4506      47.4079
    4507      43.6549
    4508      41.7690
    4509      43.5569
    4510      43.2423
    4511      47.0284
    4512      44.5723
    4513      43.7213
    4514      43.8272
    4515      45.3599
    4516      45.9469
    4517      43.0891
    4518      48.6453
    4519      49.5893
    4520      48.8572
    4521      47.4554
    4522      48.1655
    4523      45.8030
    4524      48.8681
    4525      49.3559
    4526      48.8534
    4527      45.6790
    4528      43.1678
    4529      48.2092
    4530      49.7034
    4531      48.6407
    4532      44.9041
    4533      43.4150
    4534      43.9740
    4535      44.8403
    4536      42.2565
    4537      42.5906
    4538      42.0567
    4539      45.6210
    4540      45.3861
    4541      47.1757
    4542      46.9499
    4543      44.0773
    4544      45.9973
    4545      44.5048
    4546      43.7929
    4547      45.6798
    4548      44.5282
    4549      45.0043
    4550      42.1709
    4551      46.6259
    4552      55.0512
    4553      51.2458
    4554      46.8648
    4555      43.2142
    4556      42.7433
    4557      46.1542
    4558      46.1733
    4559      48.7423
    4560      53.0324
    4561      51.7734
    4562      49.7873
    4563      49.1316
    4564      43.2483
    4565      44.2678
    4566      43.5380
    4567      46.5623
    4568      45.9546
    4569      44.8375
    4570      42.6207
    4571      47.0085
    4572      47.3104
    4573      43.9699
    4574      44.9983
    4575      45.5540
    4576      45.3948
    4577      45.0915
    4578      47.2230
    4579      46.9444
    4580      47.5873
    4581      45.8146
    4582      46.8680
    4583      43.7080
    4584      43.7452
    4585      46.5210
    4586      44.5716
    4587      44.0787
    4588      46.8755
    4589      47.7596
    4590      49.4318
    4591      48.8100
    4592      46.7405
    4593      49.6881
    4594      44.7615
    4595      44.2569
    4596      45.8042
    4597      46.4616
    4598      44.3885
    4599      46.3883
    4600      44.7090
    4601      43.2385
    4602      42.4604
    4603      43.5753
    4604      44.0610
    4605      43.8640
    4606      44.1020
    4607      42.5392
    4608      42.5318
    4609      45.8132
    4610      46.6166
    4611      46.7211
    4612      45.9968
    4613      45.5392
    4614      45.6606
    4615      47.9504
    4616      46.0923
    4617      44.3038
    4618      43.1605
    4619      47.0960
    4620      46.3346
    4621      44.1220
    4622      41.7934
    4623      42.3683
    4624      42.9254
    4625      42.3993
    4626      45.7445
    4627      47.4504
    4628      50.1633
    4629      47.6403
    4630      47.3125
    4631      50.5402
    4632      49.3322
    4633      46.8221
    4634      48.2990
    4635      48.6294
    4636      42.5553
    4637      47.0177
    4638      46.1516
    4639      45.1504
    4640      44.4839
    4641      47.3446
    4642      43.4090
    4643      48.5725
    4644      48.4677
    4645      51.2590
    4646      48.7520
    4647      49.5488
    4648      48.0461
    4649      42.9157
    4650      45.4432
    4651      42.8955
    4652      40.2004
    4653      46.5709
    4654      48.3230
    4655      48.3173
    4656      47.5628
    4657      44.2680
    4658      43.4114
    4659      44.5029
    4660      46.3000
    4661      43.5126
    4662      48.3377
    4663      50.9904
    4664      45.7077
    4665      44.7241
    4666      44.8816
    4667      46.6899
    4668      48.3644
    4669      47.3429
    4670      48.8333
    4671      47.9379
    4672      44.0157
    4673      44.9747
    4674      45.7640
    4675      46.9798
    4676      46.4959
    4677      46.2416
    4678      45.8845
    4679      45.4328
    4680      44.5945
    4681      43.3718
    4682      42.0239
    4683      42.0303
    4684      44.1369
    4685      45.2153
    4686      47.8853
    4687      47.6689
    4688      48.3432
    4689      46.5745
    4690      48.4911
    4691      43.1516
    4692      40.1816
    4693      44.1261
    4694      41.1574
    4695      42.1283
    4696      41.1461
    4697      41.6590
    4698      40.5982
    4699      37.7811
    4700      40.8609
    4701      42.6556
    4702      39.6289
    4703      41.5060
    4704      42.4631
    4705      46.9213
    4706      48.9050
    4707      48.6218
    4708      48.2377
    4709      47.3334
    4710      40.2080
    4711      42.0748
    4712      44.1452
    4713      43.8220
    4714      45.7028
    4715      43.0565
    4716      46.2185
    4717      45.3535
    4718      46.1053
    4719      45.1225
    4720      44.8824
    4721      45.3351
    4722      43.5404
    4723      41.6394
    4724      39.8059
    4725      39.5003
    4726      39.7012
    4727      37.6052
    4728      42.3752
    4729      39.8074
    4730      40.7642
    4731      41.8923
    4732      41.0182
    4733      37.9578
    4734      40.9947
    4735      39.5239
    4736      43.7113
    4737      45.9611
    4738      43.4735
    4739      41.0625
    4740      41.7268
    4741      40.3729
    4742      36.9427
    4743      43.0096
    4744      43.2255
    4745      44.6061
    4746      41.3333
    4747      40.0262
    4748      40.5225
    4749      41.8531
    4750      43.3683
    4751      44.3654
    4752      47.7066
    4753      41.1438
    4754      42.3420
    4755      41.6616
    4756      46.7710
    4757      50.4962
    4758      46.2274
    4759      46.2689
    4760      44.4556
    4761      43.4799
    4762      45.4785
    4763      40.8228
    4764      43.0488
    4765      42.1356
    4766      42.7542
    4767      53.1223
    4768      50.2743
    4769      50.2338
    4770      51.1676
    4771      49.7490
    4772      46.5777
    4773      43.8793
    4774      46.7070
    4775      45.2251
    4776      44.2373
    4777      45.8980
    4778      45.7156
    4779      43.2603
    4780      49.6557
    4781      51.6269
    4782      52.7122
    4783      50.3916
    4784      48.5420
    4785      46.2041
    4786      48.6830
    4787      48.3744
    4788      50.6097
    4789      50.5703
    4790      50.0262
    4791      48.6441
    4792      45.2658
    4793      44.8960
    4794      47.4837
    4795      48.9718
    4796      48.5390
    4797      48.8971
    4798      51.6770
    4799      48.3874
    4800      44.1460
    4801      46.2363
    4802      50.0211
    4803      49.5636
    4804      47.3153
    4805      45.7851
    4806      46.4458
    4807      47.4006
    4808      48.7325
    4809      50.8371
    4810      49.0546
    4811      47.9413
    4812      53.0461
    4813      55.1114
    4814      50.3771
    4815      50.0309
    4816      51.2770
    4817      50.3266
    4818      50.2413
    4819      48.5045
    4820      50.7812
    4821      51.3653
    4822      48.1733
    4823      47.1226
    4824      48.8384
    4825      48.2965
    4826      50.2603
    4827      54.1446
    4828      49.9393
    4829      49.4333
    4830      50.3206
    4831      48.8324
    4832      46.7540
    4833      48.4446
    4834      47.4946
    4835      43.6930
    4836      45.9986
    4837      43.1569
    4838      39.3713
    4839      44.4498
    4840      48.7888
    4841      47.2739
    4842      49.8317
    4843      48.9602
    4844      50.6622
    4845      48.0435
    4846      49.8245
    4847      50.4442
    4848      50.2119
    4849      52.9241
    4850      50.8957
    4851      53.1075
    4852      51.4054
    4853      53.4097
    4854      58.2321
    4855      57.9559
    4856      59.3060
    4857      58.4287
    4858      61.0462
    4859      58.7670
    4860      53.4675
    4861      51.8646
    4862      50.9588
    4863      51.5056
    4864      49.5449
    4865      49.0819
    4866      47.8397
    4867      49.5147
    4868      51.4753
    4869      50.8202
    4870      49.0886
    4871      43.4245
    4872      43.1883
    4873      46.2455
    4874      47.2054
    4875      44.3279
    4876      47.1142
    4877      47.1397
    4878      46.2253
    4879      46.7022
    4880      48.1951
    4881      45.5479
    4882      44.8330
    4883      47.1106
    4884      45.2040
    4885      44.8697
    4886      43.3578
    4887      46.5484
    4888      50.0590
    4889      48.2895
    4890      44.0888
    4891      43.3799
    4892      44.4483
    4893      45.3961
    4894      42.3939
    4895      44.6695
    4896      47.7902
    4897      48.6107
    4898      45.1565
    4899      45.5016
    4900      43.6665
    4901      46.9575
    4902      44.6723
    4903      44.4534
    4904      43.2658
    4905      45.4415
    4906      43.7755
    4907      44.1875
    4908      45.2121
    4909      44.7039
    4910      44.8965
    4911      44.7834
    4912      46.0352
    4913      43.3456
    4914      47.2893
    4915      48.6461
    4916      45.1757
    4917      46.9139
    4918      44.6942
    4919      45.1587
    4920      46.3374
    4921      41.7892
    4922      43.9887
    4923      48.1242
    4924      45.6987
    4925      46.3358
    4926      44.8329
    4927      51.1636
    4928      52.6202
    4929      50.4223
    4930      51.1682
    4931      50.1522
    4932      48.7561
    4933      50.0550
    4934      45.7764
    4935      47.0640
    4936      49.7737
    4937      50.1523
    4938      50.7695
    4939      50.4450
    4940      51.9286
    4941      50.6440
    4942      50.4392
    4943      49.1398
    4944      48.6532
    4945      50.6721
    4946      52.2287
    4947      51.9774
    4948      52.7080
    4949      52.6202
    4950      53.1541
    4951      48.1682
    4952      48.3933
    4953      49.7421
    4954      50.8052
    4955      51.9789
    4956      49.0977
    4957      49.3582
    4958      50.5838
    4959      48.4793
    4960      49.3221
    4961      46.4195
    4962      46.4181
    4963      48.0673
    4964      48.4611
    4965      51.7046
    4966      48.1649
    4967      48.7935
    4968      47.2954
    4969      47.4636
    4970      46.8966
    4971      44.2405
    4972      46.5610
    4973      47.3764
    4974      47.2728
    4975      46.7103
    4976      42.5581
    4977      41.1076
    4978      47.4390
    4979      47.9068
    4980      42.0571
    4981      46.5103
    4982      47.8241
    4983      45.8397
    4984      45.3958
    4985      46.0559
    4986      46.3508
    4987      49.2256
    4988      44.0986
    4989      45.2585
    4990      44.4853
    4991      47.2623
    4992      49.1926
    4993      46.2210
    4994      45.4048
    4995      43.2745
    4996      44.1073
    4997      50.4730
    4998      42.6933
    4999      45.7274
    5000      45.0501
    5001      46.0396
    5002      45.2506
    5003      47.5751
    5004      48.0819
    5005      46.4433
    5006      46.2605
    5007      47.2856
    5008      46.9930
    5009      46.7200
    5010      46.4315
    5011      47.0037
    5012      47.8693
    5013      48.0805
    5014      49.0528
    5015      46.9662
    5016      47.6996
    5017      48.4098
    5018      49.9063
    5019      44.7050
    5020      45.0331
    5021      45.8471
    5022      48.1360
    5023      48.1830
    5024      54.0105
    5025      50.2011
    5026      49.4466
    5027      57.1106
    5028      54.2372
    5029      54.7271
    5030      52.8518
    5031      53.8876
    5032      57.0656
    5033      57.0264
    5034      53.0457
    5035      54.2368
    5036      57.7022
    5037      55.7810
    5038      53.2957
    5039      56.0403
    5040      58.0991
    5041      58.9792
    5042      57.7935
    5043      56.7959
    5044      57.5738
    5045      57.6868
    5046      54.6139
    5047      52.2538
    5048      53.6345
    5049      54.1320
    5050      49.6928
    5051      49.0186
    5052      50.2239
    5053      50.5765
    5054      55.8961
    5055      59.1659
    5056      57.1098
    5057      53.2507
    5058      51.2792
    5059      51.7086
    5060      53.1525
    5061      51.9126
    5062      54.6879
    5063      58.8883
    5064      50.9178
    5065      53.2751
    5066      51.6695
    5067      49.5802
    5068      48.5962
    5069      50.9755
    5070      50.2786
    5071      51.5404
    5072      45.3684
    5073      46.3099
    5074      42.6775
    5075      46.7148
    5076      48.8499
    5077      50.4746
    5078      55.3992
    5079      58.9965
    5080      57.2071
    5081      55.3251
    5082      49.3135
    5083      51.8062
    5084      57.1591
    5085      53.5549
    5086      57.4236
    5087      56.8483
    5088      49.7238
    5089      48.0446
    5090      44.0865
    5091      46.0336
    5092      47.4089
    5093      45.6788
    5094      50.8215
    5095      51.3382
    5096      46.5704
    5097      49.1928
    5098      49.1744
    5099      45.7889
    5100      47.6218
    5101      42.2336
    5102      46.2548
    5103      49.0596
    5104      47.7452
    5105      51.0891
    5106      46.3523
    5107      47.6179
    5108      51.6555
    5109      46.1724
    5110      40.5544
    5111      42.7980
    5112      41.6720
    5113      41.5696
    5114      43.0667
    5115      44.3559
    5116      46.5364
    5117      47.5245
    5118      51.3089
    5119      49.4324
    5120      47.5908
    5121      46.9910
    5122      51.7003
    5123      54.5051
    5124      56.4517
    5125      49.9308
    5126      45.5153
    5127      41.3999
    5128      42.8263
    5129      42.2851
    5130      43.8266
    5131      42.5452
    5132      43.7383
    5133      43.4476
    5134      47.5263
    5135      47.3940
    5136      46.2904
    5137      47.7955
    5138      49.2283
    5139      51.0642
    5140      52.0270
    5141      47.3650
    5142      44.2944
    5143      49.7985
    5144      47.1610
    5145      53.1371
    5146      56.0059
    5147      50.8401
    5148      49.3616
    5149      49.3655
    5150      47.3220
    5151      46.8848
    5152      53.7962
    5153      48.5346
    5154      44.7971
    5155      47.7215
    5156      47.5662
    5157      48.0161
    5158      48.7422
    5159      47.6781
    5160      50.7175
    5161      44.7998
    5162      42.1156
    5163      43.8140
    5164      40.5969
    5165      47.3724
    5166      43.4195
    5167      48.1647
    5168      43.8122
    5169      45.1695
    5170      44.6535
    5171      49.0411
    5172      49.7385
    5173      45.0858
    5174      45.9514
    5175      46.9702
    5176      46.9930
    5177      47.9565
    5178      47.2647
    5179      47.3686
    5180      45.4944
    5181      45.8723
    5182      47.6588
    5183      44.5126
    5184      45.3241
    5185      46.0653
    5186      48.7210
    5187      46.4878
    5188      45.3619
    5189      46.8001
    5190      48.4969
    5191      45.6272
    5192      45.7083
    5193      44.0737
    5194      45.9758
    5195      47.9532
    5196      45.7794
    5197      45.9941
    5198      48.3895
    5199      46.7758
    5200      46.6326
    5201      47.4900
    5202      46.3372
    5203      47.0372
    5204      47.0810
    5205      48.0098
    5206      47.7388
    5207      44.7847
    5208      45.4391
    5209      42.3184
    5210      46.0553
    5211      42.5013
    5212      45.6339
    5213      47.4454
    5214      46.8659
    5215      48.0571
    5216      51.0622
    5217      49.6115
    5218      53.1551
    5219      48.1618
    5220      46.0976
    5221      48.2062
    5222      51.3367
    5223      50.8646
    5224      48.3633
    5225      43.7974
    5226      42.8517
    5227      45.8118
    5228      49.1228
    5229      47.3103
    5230      47.6974
    5231      46.1604
    5232      48.0530
    5233      42.2400
    5234      47.0636
    5235      51.0238
    5236      49.7178
    5237      45.4322
    5238      44.3550
    5239      48.9286
    5240      45.5305
    5241      46.2019
    5242      50.2643
    5243      49.5174
    5244      51.0412
    5245      47.9609
    5246      46.9153
    5247      45.8908
    5248      52.1812
    5249      55.6337
    5250      53.9911
    5251      45.9802
    5252      49.2819
    5253      47.9267
    5254      46.4076
    5255      47.8239
    5256      47.2650
    5257      47.2156
    5258      45.6107
    5259      48.9246
    5260      48.1695
    5261      50.5880
    5262      53.5307
    5263      54.4507
    5264      51.7805
    5265      55.2472
    5266      51.1120
    5267      50.9579
    5268      52.3646
    5269      53.3697
    5270      52.4804
    5271      52.1758
    5272      54.6960
    5273      52.8200
    5274      51.6775
    5275      55.0115
    5276      54.5040
    5277      49.9060
    5278      50.2969
    5279      49.7297
    5280      49.3559
    5281      48.5410
    5282      48.6028
    5283      45.3537
    5284      45.1092
    5285      47.9403
    5286      46.4998
    5287      48.9999
    5288      48.1107
    5289      48.8003
    5290      47.9553
    5291      46.2933
    5292      52.1175
    5293      51.9204
    5294      49.6929
    5295      48.2223
    5296      49.3776
    5297      48.1955
    5298      48.3397
    5299      45.6039
    5300      51.5894
    5301      48.4792
    5302      47.1796
    5303      50.0804
    5304      51.1245
    5305      53.5991
    5306      57.6645
    5307      56.5882
    5308      55.1011
    5309      49.9394
    5310      53.3728
    5311      51.8857
    5312      47.9457
    5313      48.6044
    5314      56.0167
    5315      57.4818
    5316      55.9253
    5317      52.9012
    5318      52.7625
    5319      49.1273
    5320      52.2994
    5321      52.5889
    5322      51.4756
    5323      49.2434
    5324      49.5538
    5325      44.0352
    5326      50.9176
    5327      50.6130
    5328      53.7828
    5329      50.9066
    5330      48.1615
    5331      53.3819
    5332      56.1386
    5333      56.1743
    5334      55.7261
    5335      51.6794
    5336      52.4981
    5337      51.8172
    5338      52.8437
    5339      50.1650
    5340      51.2920
    5341      47.5232
    5342      48.0632
    5343      49.9692
    5344      49.9395
    5345      49.4536
    5346      48.6644
    5347      46.3845
    5348      45.4951
    5349      45.0895
    5350      45.1672
    5351      49.2985
    5352      50.5232
    5353      46.6910
    5354      51.7887
    5355      53.0461
    5356      51.6230
    5357      47.5515
    5358      46.9265
    5359      45.5120
    5360      45.4232
    5361      47.8085
    5362      48.1913
    5363      45.0888
    5364      47.3737
    5365      51.5832
    5366      50.7735
    5367      51.0540
    5368      48.5446
    5369      49.1045
    5370      50.8723
    5371      48.8313
    5372      46.9967
    5373      48.4081
    5374      52.1159
    5375      53.5013
    5376      52.5305
    5377      50.0793
    5378      47.7925
    5379      48.2123
    5380      52.4538
    5381      51.0845
    5382      51.7189
    5383      51.8118
    5384      54.3963
    5385      55.7321
    5386      59.9821
    5387      57.6921
    5388      54.1657
    5389      52.0706
    5390      52.9784
    5391      54.7362
    5392      52.9134
    5393      54.7526
    5394      54.9576
    5395      58.4706
    5396      61.1653
    5397      65.7576
    5398      65.0760
    5399      65.2239
    5400      67.5751
    5401      65.1614
    5402      57.4623
    5403      55.4109
    5404      51.2286
    5405      52.9011
    5406      57.0741
    5407      58.2436
    5408      57.6984
    5409      53.4750
    5410      51.6306
    5411      43.6441
    5412      45.9945
    5413      43.4731
    5414      45.0059
    5415      48.2304
    5416      46.5474
    5417      47.0067
    5418      45.3474
    5419      47.2964
    5420      46.2326
    5421      49.6315
    5422      44.6460
    5423      47.2947
    5424      47.3469
    5425      45.8040
    5426      43.2825
    5427      45.4651
    5428      46.2561
    5429      44.0236
    5430      45.2667
    5431      43.1801
    5432      51.6125
    5433      53.7150
    5434      52.3090
    5435      55.2648
    5436      55.3366
    5437      55.0297
    5438      51.5674
    5439      46.9922
    5440      47.7156
    5441      47.7624
    5442      47.4537
    5443      47.3536
    5444      44.2542
    5445      46.5400
    5446      48.9591
    5447      50.2467
    5448      47.6092
    5449      45.5289
    5450      45.1428
    5451      47.0426
    5452      46.1949
    5453      52.8616
    5454      48.3012
    5455      46.9967
    5456      46.7582
    5457      40.6892
    5458      42.1132
    5459      43.4507
    5460      45.1473
    5461      47.4449
    5462      49.0303
    5463      49.1162
    5464      46.7961
    5465      51.3946
    5466      49.8168
    5467      50.0879
    5468      48.5158
    5469      47.4601
    5470      49.5593
    5471      49.9691
    5472      52.3280
    5473      50.1419
    5474      48.3404
    5475      48.5221
    5476      47.5852
    5477      46.3916
    5478      51.0268
    5479      49.4537
    5480      52.0997
    5481      50.8835
    5482      47.6949
    5483      49.0379
    5484      50.6881
    5485      51.4812
    5486      46.9779
    5487      47.7943
    5488      46.9803
    5489      44.3759
    5490      44.7529
    5491      43.9007
    5492      41.9605
    5493      39.2420
    5494      41.5072
    5495      45.9719
    5496      45.0556
    5497      44.5899
    5498      45.8837
    5499      49.0852
    5500      49.7446
    5501      48.2432
    5502      46.8189
    5503      45.0661
    5504      43.2873
    5505      45.4379
    5506      50.2897
    5507      46.9971
    5508      49.0046
    5509      53.8208
    5510      53.6280
    5511      53.9525
    5512      49.6945
    5513      49.8689
    5514      49.9887
    5515      53.3628
    5516      52.1264
    5517      56.1895
    5518      55.0945
    5519      49.5260
    5520      48.9209
    5521      48.0230
    5522      50.7332
    5523      52.5410
    5524      48.7933
    5525      49.7396
    5526      48.1176
    5527      47.6042
    5528      50.3826
    5529      52.6256
    5530      52.5305
    5531      49.7441
    5532      54.1693
    5533      53.3192
    5534      51.4331
    5535      53.0611
    5536      51.6938
    5537      54.0374
    5538      48.8543
    5539      51.5815
    5540      52.1137
    5541      50.3692
    5542      52.4846
    5543      46.6587
    5544      46.4119
    5545      43.8181
    5546      42.8168
    5547      41.9184
    5548      47.9073
    5549      49.1089
    5550      46.3647
    5551      50.8853
    5552      48.7761
    5553      49.4201
    5554      50.2578
    5555      50.1910
    5556      50.1766
    5557      51.7221
    5558      55.8101
    5559      54.4504
    5560      54.8831
    5561      54.2004
    5562      51.2276
    5563      50.2973
    5564      49.6604
    5565      50.0449
    5566      51.3607
    5567      50.4476
    5568      49.2325
    5569      48.9114
    5570      46.7322
    5571      47.7501
    5572      48.4139
    5573      46.4208
    5574      48.4078
    5575      45.4774
    5576      48.3150
    5577      52.7662
    5578      52.2731
    5579      47.2846
    5580      46.7649
    5581      44.0623
    5582      46.0311
    5583      46.0379
    5584      45.3088
    5585      45.3968
    5586      44.8296
    5587      49.6441
    5588      50.5025
    5589      48.2950
    5590      48.5517
    5591      43.5970
    5592      43.0717
    5593      43.8655
    5594      45.4456
    5595      51.2056
    5596      49.3028
    5597      46.1804
    5598      45.1992
    5599      44.8546
    5600      45.6668
    5601      46.6104
    5602      46.6123
    5603      44.3299
    5604      47.9125
    5605      49.7834
    5606      44.6598
    5607      43.5240
    5608      48.0008
    5609      47.8279
    5610      52.5581
    5611      52.3832
    5612      53.7955
    5613      55.0026
    5614      58.2105
    5615      56.2538
    5616      47.5183
    5617      37.8630
    5618      44.2796
    5619      45.6725
    5620      43.8832
    5621      41.1139
    5622      41.7120
    5623      42.4827
    5624      40.9168
    5625      45.7109
    5626      47.1037
    5627      50.8640
    5628      52.1990
    5629      56.4199
    5630      58.5000
    5631      54.3442
    5632      53.7412
    5633      51.8718
    5634      52.2658
    5635      53.1683
    5636      51.7380
    5637      52.8953
    5638      52.9072
    5639      53.4018
    5640      52.1455
    5641      55.1728
    5642      51.4101
    5643      53.9379
    5644      51.7219
    5645      47.5305
    5646      51.5565
    5647      48.5519
    5648      44.8488
    5649      41.8210
    5650      46.8435
    5651      47.7872
    5652      49.1660
    5653      50.7060
    5654      48.5532
    5655      48.7092
    5656      52.2661
    5657      50.6631
    5658      48.6967
    5659      49.5691
    5660      50.3484
    5661      50.7903
    5662      51.6055
    5663      50.8722
    5664      52.0671
    5665      51.3003
    5666      51.9054
    5667      50.9493
    5668      52.1428
    5669      49.9284
    5670      48.4884
    5671      49.8845
    5672      45.9553
    5673      49.2945
    5674      47.1066
    5675      47.1817
    5676      52.6190
    5677      46.5683
    5678      46.7927
    5679      48.1191
    5680      46.9726
    5681      49.3468
    5682      49.0847
    5683      51.2413
    5684      52.6980
    5685      50.8629
    5686      49.1690
    5687      47.4389
    5688      47.4857
    5689      45.4679
    5690      43.2969
    5691      51.1176
    5692      51.3192
    5693      54.3427
    5694      52.0276
    5695      50.7184
    5696      48.3295
    5697      49.5774
    5698      50.9048
    5699      51.1040
    5700      46.9995
    5701      48.6585
    5702      46.1140
    5703      50.6072
    5704      49.7319
    5705      46.2367
    5706      47.9312
    5707      47.5183
    5708      49.7309
    5709      49.3308
    5710      50.1438
    5711      51.4932
    5712      50.8687
    5713      53.1430
    5714      52.4677
    5715      50.5488
    5716      48.8353
    5717      47.0715
    5718      49.4317
    5719      46.9569
    5720      47.1030
    5721      46.1970
    5722      47.6115
    5723      44.4827
    5724      45.8949
    5725      47.5644
    5726      45.3446
    5727      45.6842
    5728      46.1355
    5729      44.2217
    5730      45.6212
    5731      46.6079
    5732      47.6212
    5733      48.9901
    5734      47.6219
    5735      43.6821
    5736      44.5809
    5737      48.7725
    5738      50.8033
    5739      52.5834
    5740      49.2944
    5741      48.4840
    5742      47.1922
    5743      47.0612
    5744      45.1267
    5745      46.5256
    5746      46.5845
    5747      50.8163
    5748      49.6452
    5749      46.6634
    5750      43.6827
    5751      45.5251
    5752      45.1313
    5753      43.9061
    5754      44.3504
    5755      46.3629
    5756      48.7183
    5757      46.1658
    5758      45.2164
    5759      48.6971
    5760      47.8468
    5761      46.4925
    5762      47.0807
    5763      49.4204
    5764      48.6237
    5765      46.3099
    5766      47.1547
    5767      47.4490
    5768      46.0121
    5769      45.2806
    5770      44.0283
    5771      44.8791
    5772      47.2951
    5773      45.9133
    5774      47.2166
    5775      47.8802
    5776      50.6298
    5777      52.7850
    5778      47.1167
    5779      42.3935
    5780      45.3796
    5781      43.5369
    5782      46.5495
    5783      46.4434
    5784      45.6682
    5785      49.1702
    5786      51.9297
    5787      54.4224
    5788      51.9134
    5789      48.2392
    5790      46.3440
    5791      47.6060
    5792      43.1525
    5793      47.7998
    5794      47.9331
    5795      44.2540
    5796      44.1751
    5797      47.7550
    5798      45.9866
    5799      45.3005
    5800      43.4972
    5801      44.1120
    5802      43.4629
    5803      45.0532
    5804      46.0620
    5805      45.1408
    5806      45.9900
    5807      50.6373
    5808      47.7565
    5809      44.2036
    5810      46.6546
    5811      47.1890
    5812      47.2045
    5813      45.4459
    5814      44.1152
    5815      44.3135
    5816      41.2806
    5817      42.4561
    5818      45.1046
    5819      43.9907
    5820      43.6986
    5821      42.0589
    5822      46.7665
    5823      46.9840
    5824      48.5478
    5825      45.3135
    5826      50.5066
    5827      50.6336
    5828      51.8260
    5829      49.0290
    5830      47.0925
    5831      46.3596
    5832      45.8342
    5833      44.5696
    5834      46.8202
    5835      45.7195
    5836      46.1556
    5837      48.1735
    5838      46.5796
    5839      50.7310
    5840      49.8091
    5841      49.5873
    5842      48.2097
    5843      45.7226
    5844      45.8858
    5845      47.5494
    5846      48.3187
    5847      48.5885
    5848      45.9705
    5849      45.1459
    5850      49.1800
    5851      50.6321
    5852      53.9902
    5853      55.2667
    5854      50.4926
    5855      50.4343
    5856      50.3734
    5857      47.7059
    5858      46.2721
    5859      47.2095
    5860      43.9504
    5861      44.2979
    5862      45.4917
    5863      46.7272
    5864      44.4526
    5865      44.6774
    5866      48.3773
    5867      47.7843
    5868      47.3025
    5869      47.2346
    5870      51.8211
    5871      50.8879
    5872      48.1060
    5873      46.5856
    5874      45.5069
    5875      47.2876
    5876      50.7241
    5877      51.5286
    5878      49.9862
    5879      51.8547
    5880      50.8554
    5881      48.7476
    5882      46.2274
    5883      48.8975
    5884      49.1066
    5885      49.4891
    5886      49.8279
    5887      45.2350
    5888      48.0016
    5889      46.4123
    5890      46.6910
    5891      45.9902
    5892      45.8576
    5893      45.8182
    5894      48.6157
    5895      45.3864
    5896      51.2976
    5897      49.2412
    5898      50.9361
    5899      46.0467
    5900      45.5699
    5901      47.5580
    5902      49.6777
    5903      51.6785
    5904      50.9623
    5905      51.7560
    5906      47.1984
    5907      46.4167
    5908      53.2449
    5909      56.1368
    5910      49.9360
    5911      49.0528
    5912      47.9507
    5913      46.0874
    5914      47.5828
    5915      48.8929
    5916      47.3521
    5917      51.3288
    5918      52.9980
    5919      49.8403
    5920      50.0456
    5921      51.0838
    5922      50.3833
    5923      45.3339
    5924      48.9085
    5925      49.8944
    5926      52.3916
    5927      48.3603
    5928      45.8087
    5929      47.0537
    5930      43.1369
    5931      44.4674
    5932      46.8056
    5933      47.2883
    5934      44.9892
    5935      47.4207
    5936      48.1841
    5937      48.0631
    5938      47.4481
    5939      46.7253
    5940      46.2585
    5941      43.3686
    5942      46.8934
    5943      47.3710
    5944      44.4643
    5945      45.5145
    5946      46.4788
    5947      47.3530
    5948      46.1070
    5949      46.4729
    5950      47.1681
    5951      45.1984
    5952      46.2521
    5953      48.2664
    5954      46.3106
    5955      47.4331
    5956      48.8244
    5957      47.3461
    5958      46.9901
    5959      48.9415
    5960      46.3634
    5961      43.7164
    5962      45.6828
    5963      48.3844
    5964      49.3623
    5965      53.1367
    5966      52.4382
    5967      50.9737
    5968      47.9044
    5969      50.6160
    5970      47.8924
    5971      45.6188
    5972      46.5943
    5973      45.6345
    5974      44.5919
    5975      43.2806
    5976      45.3694
    5977      46.9924
    5978      44.9949
    5979      47.0532
    5980      45.0982
    5981      44.3770
    5982      44.9413
    5983      44.2808
    5984      46.4030
    5985      43.8662
    5986      45.9589
    5987      45.7928
    5988      43.9979
    5989      44.9383
    5990      44.4955
    5991      46.1255
    5992      49.1206
    5993      50.0727
    5994      49.3136
    5995      49.0890
    5996      48.0832
    5997      47.7340
    5998      48.7719
    5999      47.8104
    6000      46.7203
    6001      45.8982
    6002      46.7254
    6003      49.8059
    6004      50.3167
    6005      54.1650
    6006      49.3735
    6007      45.0888
    6008      46.7136
    6009      46.1967
    6010      45.4182
    6011      44.0414
    6012      44.4932
    6013      46.3477
    6014      46.0553
    6015      45.8717
    6016      46.0427
    6017      42.4933
    6018      44.7502
    6019      45.7781
    6020      47.3611
    6021      47.5466
    6022      48.1213
    6023      47.7137
    6024      50.8727
    6025      53.0779
    6026      50.8843
    6027      50.7506
    6028      46.7102
    6029      46.6623
    6030      47.7103
    6031      46.5794
    6032      48.3517
    6033      46.9331
    6034      46.1048
    6035      47.0527
    6036      44.4719
    6037      46.8687
    6038      43.1946
    6039      45.6560
    6040      45.3206
    6041      49.1940
    6042      47.9275
    6043      53.0011
    6044      52.1569
    6045      49.4724
    6046      51.3140
    6047      52.6171
    6048      50.7713
    6049      53.1096
    6050      53.0800
    6051      50.1602
    6052      48.0764
    6053      49.1417
    6054      48.8603
    6055      51.6087
    6056      50.8141
    6057      52.5440
    6058      52.0491
    6059      51.9137
    6060      53.2582
    6061      49.8489
    6062      47.0064
    6063      49.3064
    6064      47.1825
    6065      46.7415
    6066      44.9434
    6067      47.5670
    6068      45.6259
    6069      48.5107
    6070      50.4474
    6071      55.9493
    6072      52.4688
    6073      45.1706
    6074      46.0662
    6075      47.1085
    6076      49.6439
    6077      53.9075
    6078      51.1181
    6079      50.0306
    6080      49.7047
    6081      51.7304
    6082      49.6097
    6083      49.7788
    6084      48.2399
    6085      52.8488
    6086      51.7553
    6087      50.6131
    6088      47.8645
    6089      51.0564
    6090      44.9684
    6091      46.9030
    6092      50.2210
    6093      54.8961
    6094      49.2327
    6095      46.9043
    6096      45.8320
    6097      45.0238
    6098      49.3404
    6099      46.1271
    6100      45.1875
    6101      48.5706
    6102      50.1199
    6103      49.4385
    6104      49.8232
    6105      52.3200
    6106      52.0086
    6107      54.1970
    6108      55.5251
    6109      54.5555
    6110      52.7294
    6111      53.7808
    6112      51.8540
    6113      53.3132
    6114      48.6485
    6115      49.4507
    6116      48.1781
    6117      47.9248
    6118      49.2972
    6119      46.5521
    6120      45.4419
    6121      48.9094
    6122      50.6615
    6123      49.8166
    6124      48.4824
    6125      46.9911
    6126      46.5292
    6127      46.8221
    6128      48.8509
    6129      47.3308
    6130      49.7946
    6131      49.9218
    6132      47.1735
    6133      50.0286
    6134      52.4892
    6135      50.4652
    6136      49.6520
    6137      49.7036
    6138      47.3061
    6139      51.1274
    6140      50.1980
    6141      48.1547
    6142      49.5559
    6143      47.0688
    6144      47.3513
    6145      52.9785
    6146      56.9950
    6147      60.0889
    6148      57.0981
    6149      55.2987
    6150      56.0236
    6151      56.8235
    6152      54.4643
    6153      52.0933
    6154      50.6770
    6155      54.6903
    6156      62.5272
    6157      62.2284
    6158      61.1489
    6159      57.1595
    6160      57.8271
    6161      58.6720
    6162      54.6982
    6163      51.0759
    6164      52.9447
    6165      50.7244
    6166      53.2782
    6167      55.7932
    6168      52.1106
    6169      49.6942
    6170      49.2390
    6171      48.1533
    6172      52.2055
    6173      51.6366
    6174      48.7479
    6175      49.0412
    6176      46.0289
    6177      43.7056
    6178      45.5738
    6179      44.5466
    6180      46.1427
    6181      46.2322
    6182      44.8302
    6183      43.7131
    6184      45.0628
    6185      47.3675
    6186      50.0897
    6187      46.3213
    6188      44.6310
    6189      50.3557
    6190      53.2671
    6191      56.4211
    6192      48.3738
    6193      43.6036
    6194      43.1159
    6195      47.3730
    6196      46.7892
    6197      48.1373
    6198      51.1383
    6199      52.1803
    6200      48.0158
    6201      45.3701
    6202      45.6066
    6203      48.3666
    6204      45.0640
    6205      43.9937
    6206      44.5978
    6207      45.7875
    6208      45.3364
    6209      50.8774
    6210      53.1469
    6211      51.2430
    6212      47.6742
    6213      46.4487
    6214      49.4019
    6215      48.3804
    6216      43.6984
    6217      42.8297
    6218      43.2710
    6219      46.1517
    6220      46.8637
    6221      48.0043
    6222      46.9746
    6223      44.9283
    6224      47.8290
    6225      44.8851
    6226      44.4317
    6227      47.1963
    6228      43.4395
    6229      43.9217
    6230      45.6284
    6231      42.9929
    6232      45.2520
    6233      46.1597
    6234      48.2192
    6235      46.8705
    6236      47.3770
    6237      49.4947
    6238      50.0026
    6239      48.9252
    6240      47.8220
    6241      52.2153
    6242      47.5429
    6243      50.6281
    6244      47.7422
    6245      49.5809
    6246      48.3277
    6247      45.9060
    6248      43.5379
    6249      44.8954
    6250      47.1425
    6251      51.7581
    6252      52.7865
    6253      50.3360
    6254      46.6350
    6255      52.2491
    6256      45.9815
    6257      48.9885
    6258      46.6627
    6259      46.5355
    6260      48.2256
    6261      49.2721
    6262      48.4786
    6263      48.4635
    6264      46.9087
    6265      47.7577
    6266      47.2223
    6267      45.7660
    6268      48.0513
    6269      44.9700
    6270      45.3503
    6271      45.1149
    6272      45.3444
    6273      46.2073
    6274      47.1293
    6275      46.3605
    6276      47.9892
    6277      46.4068
    6278      45.0700
    6279      44.0856
    6280      46.8243
    6281      46.9741
    6282      46.6504
    6283      48.1542
    6284      53.4412
    6285      54.1176
    6286      51.6041
    6287      49.6509
    6288      48.2903
    6289      47.5230
    6290      50.0796
    6291      54.9061
    6292      55.8152
    6293      55.6999
    6294      53.8096
    6295      55.0655
    6296      56.3995
    6297      54.1343
    6298      52.8425
    6299      56.1629
    6300      54.5056
    6301      51.2486
    6302      51.8670
    6303      47.4577
    6304      47.0079
    6305      47.5015
    6306      46.5482
    6307      47.7109
    6308      50.5074
    6309      49.1931
    6310      51.0225
    6311      48.6917
    6312      49.0895
    6313      51.3476
    6314      50.6157
    6315      50.3018
    6316      50.7372
    6317      48.5895
    6318      45.2654
    6319      44.9068
    6320      47.9129
    6321      42.6310
    6322      44.9129
    6323      48.0335
    6324      48.2531
    6325      44.8769
    6326      44.7746
    6327      47.5549
    6328      45.8639
    6329      49.1400
    6330      49.0410
    6331      47.1632
    6332      47.1522
    6333      48.4726
    6334      48.0223
    6335      46.0529
    6336      48.1480
    6337      46.7983
    6338      50.2745
    6339      51.7950
    6340      48.1675
    6341      46.9082
    6342      47.2311
    6343      47.8227
    6344      41.8310
    6345      40.5907
    6346      46.4048
    6347      47.1273
    6348      43.7311
    6349      45.5601
    6350      47.7328
    6351      48.3446
    6352      46.3822
    6353      51.4370
    6354      51.2537
    6355      50.6314
    6356      50.2804
    6357      54.4478
    6358      50.4510
    6359      51.3484
    6360      52.6923
    6361      50.1857
    6362      47.5488
    6363      53.5676
    6364      49.0222
    6365      46.5566
    6366      48.0675
    6367      48.9255
    6368      51.2210
    6369      49.1746
    6370      46.5627
    6371      47.8165
    6372      46.6605
    6373      47.4517
    6374      47.0750
    6375      48.1857
    6376      49.1639
    6377      49.2829
    6378      46.1947
    6379      45.0089
    6380      49.0593
    6381      54.3139
    6382      53.0469
    6383      49.6155
    6384      45.8621
    6385      45.2091
    6386      47.2761
    6387      46.7832
    6388      41.5326
    6389      42.0309
    6390      43.7285
    6391      41.7574
    6392      42.9664
    6393      43.5406
    6394      43.4349
    6395      43.1952
    6396      39.2487
    6397      46.8608
    6398      48.8693
    6399      50.1952
    6400      46.6868
    6401      43.2226
    6402      45.6799
    6403      40.8209
    6404      42.7846
    6405      44.1525
    6406      49.3471
    6407      45.0596
    6408      40.0573
    6409      41.4010
    6410      43.7088
    6411      46.2696
    6412      41.9331
    6413      42.3522
    6414      43.1709
    6415      45.8530
    6416      45.3850
    6417      45.8997
    6418      43.2213
    6419      48.7652
    6420      48.3403
    6421      43.0932
    6422      42.8646
    6423      45.2768
    6424      47.3838
    6425      46.8793
    6426      47.9461
    6427      44.9728
    6428      47.8694
    6429      47.7760
    6430      49.7245
    6431      47.1311
    6432      50.6170
    6433      51.4313
    6434      53.8995
    6435      52.9842
    6436      50.1051
    6437      51.5382
    6438      54.0346
    6439      49.6237
    6440      47.3434
    6441      44.7127
    6442      47.6170
    6443      55.4044
    6444      52.7779
    6445      55.2132
    6446      56.0495
    6447      54.1505
    6448      52.1888
    6449      51.3998
    6450      50.6060
    6451      47.4031
    6452      47.7436
    6453      49.5101
    6454      49.0435
    6455      45.9203
    6456      42.0320
    6457      46.2868
    6458      47.6213
    6459      45.8487
    6460      47.2367
    6461      44.2596
    6462      45.5906
    6463      45.1205
    6464      44.2069
    6465      43.8395
    6466      46.6348
    6467      47.6071
    6468      44.1179
    6469      46.3543
    6470      48.3368
    6471      45.3727
    6472      44.9734
    6473      47.5666
    6474      44.9361
    6475      50.9697
    6476      45.8285
    6477      47.5844
    6478      51.7544
    6479      43.5919
    6480      46.4428
    6481      46.9014
    6482      45.1380
    6483      44.2305
    6484      47.6215
    6485      47.2254
    6486      53.3465
    6487      53.3339
    6488      48.5693
    6489      52.8405
    6490      48.8409
    6491      47.2495
    6492      46.9439
    6493      48.5503
    6494      51.3370
    6495      49.9445
    6496      53.4960
    6497      55.1506
    6498      56.6784
    6499      52.4248
    6500      58.2888
    6501      57.6612
    6502      58.0586
    6503      52.5310
    6504      52.2531
    6505      49.3305
    6506      46.0736
    6507      52.4887
    6508      53.3022
    6509      57.0819
    6510      61.0963
    6511      59.3188
    6512      58.7958
    6513      61.7303
    6514      64.1909
    6515      64.7102
    6516      65.9683
    6517      63.4690
    6518      60.1866
    6519      57.0807
    6520      58.9588
    6521      60.0374
    6522      53.1675
    6523      51.7609
    6524      51.7941
    6525      50.2664
    6526      56.7118
    6527      54.6007
    6528      53.7442
    6529      56.6099
    6530      54.5893
    6531      52.4774
    6532      51.9168
    6533      49.9273
    6534      51.0848
    6535      49.5046
    6536      49.2100
    6537      46.5720
    6538      46.7178
    6539      49.5935
    6540      47.5780
    6541      50.4718
    6542      48.3946
    6543      51.5511
    6544      49.8391
    6545      46.9053
    6546      43.8345
    6547      41.6485
    6548      43.7482
    6549      47.1377
    6550      50.0116
    6551      47.3595
    6552      52.9433
    6553      56.0619
    6554      53.7286
    6555      50.7519
    6556      47.9925
    6557      48.6850
    6558      54.7675
    6559      51.5421
    6560      47.3447
    6561      41.5318
    6562      43.9494
    6563      45.3066
    6564      42.4398
    6565      45.3830
    6566      45.9111
    6567      49.8830
    6568      49.5145
    6569      50.7541
    6570      47.7531
    6571      47.6685
    6572      48.7594
    6573      47.2784
    6574      47.1072
    6575      50.1442
    6576      48.3217
    6577      44.8251
    6578      47.2584
    6579      49.2560
    6580      47.3597
    6581      48.4557
    6582      49.8001
    6583      49.7824
    6584      52.3158
    6585      49.8851
    6586      49.6368
    6587      48.3147
    6588      51.0558
    6589      52.9410
    6590      49.7920
    6591      48.9444
    6592      51.2197
    6593      51.8265
    6594      54.5865
    6595      56.2507
    6596      53.7460
    6597      53.4173
    6598      54.3731
    6599      56.4557
    6600      53.8095
    6601      53.8473
    6602      50.5510
    6603      47.2767
    6604      48.5724
    6605      49.4437
    6606      51.4578
    6607      49.4139
    6608      48.3842
    6609      45.6092
    6610      46.9601
    6611      49.5617
    6612      46.5287
    6613      45.3435
    6614      46.4541
    6615      46.4324
    6616      45.9410
    6617      50.3173
    6618      46.0643
    6619      47.9906
    6620      47.0038
    6621      49.0500
    6622      51.5284
    6623      49.3879
    6624      49.2785
    6625      45.4558
    6626      48.5202
    6627      48.8252
    6628      49.2392
    6629      50.9283
    6630      52.3563
    6631      48.2711
    6632      50.7600
    6633      47.0397
    6634      47.7408
    6635      52.4758
    6636      53.1085
    6637      52.5399
    6638      54.2609
    6639      54.7891
    6640      53.6062
    6641      61.1089
    6642      61.6622
    6643      61.5521
    6644      58.5773
    6645      55.0674
    6646      55.5278
    6647      54.0151
    6648      54.8557
    6649      53.6955
    6650      51.2232
    6651      51.5250
    6652      51.3960
    6653      50.0332
    6654      48.4774
    6655      47.2153
    6656      45.8349
    6657      49.1237
    6658      52.5414
    6659      51.8456
    6660      52.3949
    6661      49.4028
    6662      49.6603
    6663      51.2273
    6664      48.6863
    6665      49.1858
    6666      49.7216
    6667      45.9035
    6668      47.9254
    6669      47.7318
    6670      46.1260
    6671      47.2704
    6672      48.4051
    6673      47.6490
    6674      49.2349
    6675      46.3808
    6676      48.1687
    6677      47.7828
    6678      49.0629
    6679      53.0394
    6680      57.5034
    6681      54.1487
    6682      52.9896
    6683      57.6213
    6684      58.7906
    6685      53.2688
    6686      52.0309
    6687      51.0604
    6688      49.3084
    6689      51.5233
    6690      52.5983
    6691      53.3158
    6692      52.1966
    6693      53.5159
    6694      49.5751
    6695      46.5327
    6696      55.1351
    6697      57.5104
    6698      57.3907
    6699      58.7600
    6700      53.4353
    6701      49.9067
    6702      50.9752
    6703      49.7481
    6704      50.6378
    6705      47.6837
    6706      43.3481
    6707      41.7812
    6708      46.2451
    6709      51.6170
    6710      53.4805
    6711      50.8034
    6712      52.4589
    6713      52.2160
    6714      53.2761
    6715      48.5016
    6716      45.6423
    6717      49.9162
    6718      53.1527
    6719      55.0022
    6720      53.5599
    6721      50.3743
    6722      46.5386
    6723      52.1738
    6724      55.2176
    6725      60.1154
    6726      60.0841
    6727      56.2541
    6728      50.7376
    6729      50.3334
    6730      51.0493
    6731      51.0677
    6732      49.7584
    6733      56.7856
    6734      60.6236
    6735      57.6511
    6736      56.2595
    6737      62.3931
    6738      63.1800
    6739      63.8779
    6740      62.0923
    6741      64.8461
    6742      65.1683
    6743      65.5293
    6744      66.2741
    6745      65.2711
    6746      59.9343
    6747      56.0349
    6748      58.3888
    6749      56.5533
    6750      54.0158
    6751      45.5581
    6752      48.3174
    6753      48.9095
    6754      49.2141
    6755      50.6689
    6756      54.0464
    6757      55.9276
    6758      57.7686
    6759      56.0761
    6760      53.9802
    6761      56.0889
    6762      53.5375
    6763      51.0405
    6764      50.1120
    6765      53.2503
    6766      56.2843
    6767      52.9382
    6768      51.3930
    6769      55.1616
    6770      52.8799
    6771      46.8941
    6772      50.1834
    6773      45.6658
    6774      47.8708
    6775      50.7036
    6776      49.7648
    6777      48.8907
    6778      49.9227
    6779      50.8270
    6780      46.6490
    6781      50.1620
    6782      52.2245
    6783      47.4868
    6784      49.5867
    6785      51.2447
    6786      52.6604
    6787      53.2747
    6788      54.3292
    6789      53.1130
    6790      51.6990
    6791      56.2289
    6792      52.4322
    6793      53.0618
    6794      45.8164
    6795      44.4056
    6796      46.7897
    6797      46.4721
    6798      48.2632
    6799      44.8703
    6800      49.6608
    6801      47.7823
    6802      45.1927
    6803      49.2421
    6804      44.9590
    6805      49.1563
    6806      46.2394
    6807      48.5365
    6808      46.9662
    6809      45.4517
    6810      45.5997
    6811      50.2835
    6812      53.9555
    6813      55.7786
    6814      55.8499
    6815      56.0768
    6816      54.0778
    6817      57.8968
    6818      55.1672
    6819      49.7937
    6820      51.2700
    6821      54.8258
    6822      58.8586
    6823      52.6056
    6824      54.9556
    6825      55.7804
    6826      54.6141
    6827      57.9865
    6828      61.7332
    6829      60.5311
    6830      61.0601
    6831      59.7801
    6832      54.0999
    6833      55.4681
    6834      56.7717
    6835      55.4223
    6836      55.8925
    6837      56.0095
    6838      59.0178
    6839      56.8739
    6840      54.1496
    6841      55.8392
    6842      58.4731
    6843      59.6369
    6844      61.1876
    6845      58.3518
    6846      55.9924
    6847      57.2127
    6848      58.9731
    6849      61.4904
    6850      60.3735
    6851      57.2723
    6852      59.9383
    6853      61.2636
    6854      60.3573
    6855      57.9630
    6856      58.1436
    6857      57.3676
    6858      53.2043
    6859      52.5291
    6860      50.5808
    6861      53.1408
    6862      51.6123
    6863      54.9080
    6864      49.3230
    6865      52.7437
    6866      52.0769
    6867      53.4489
    6868      51.5136
    6869      49.0569
    6870      48.5908
    6871      48.2234
    6872      49.9079
    6873      50.3116
    6874      56.6603
    6875      51.7725
    6876      53.9330
    6877      50.6849
    6878      54.1278
    6879      52.8124
    6880      50.7360
    6881      55.3637
    6882      56.3623
    6883      57.7689
    6884      56.7782
    6885      61.6870
    6886      61.9787
    6887      65.2523
    6888      68.4528
    6889      66.1484
    6890      63.9998
    6891      64.6796
    6892      59.2372
    6893      59.5922
    6894      61.2122
    6895      59.9216
    6896      53.2708
    6897      49.4344
    6898      52.1012
    6899      51.3306
    6900      51.6828
    6901      48.4828
    6902      51.7782
    6903      50.0089
    6904      51.9369
    6905      52.3194
    6906      51.5164
    6907      51.7705
    6908      52.8984
    6909      47.0644
    6910      48.5968
    6911      42.1182
    6912      47.1448
    6913      52.9881
    6914      53.0410
    6915      53.5518
    6916      51.8442
    6917      46.7233
    6918      50.7941
    6919      51.1909
    6920      48.8041
    6921      49.0875
    6922      47.4889
    6923      48.1281
    6924      45.0270
    6925      47.4046
    6926      45.3471
    6927      46.7365
    6928      42.9449
    6929      43.0684
    6930      46.8346
    6931      48.3199
    6932      41.6172
    6933      43.3339
    6934      41.9260
    6935      41.1618
    6936      40.1033
    6937      44.1501
    6938      40.9111
    6939      43.4385
    6940      41.5833
    6941      40.2518
    6942      39.2083
    6943      43.3660
    6944      48.8819
    6945      43.0474
    6946      44.3614
    6947      48.7707
    6948      50.3119
    6949      48.4283
    6950      49.8126
    6951      50.7353
    6952      48.3576
    6953      49.9488
    6954      46.1048
    6955      45.6104
    6956      50.9454
    6957      51.4289
    6958      48.5870
    6959      47.1222
    6960      49.8577
    6961      50.1949
    6962      53.5553
    6963      55.0422
    6964      54.3818
    6965      52.1568
    6966      47.4295
    6967      42.4633
    6968      47.6030
    6969      41.9526
    6970      42.5226
    6971      44.5245
    6972      44.3596
    6973      46.3179
    6974      46.2586
    6975      49.0330
    6976      47.8017
    6977      47.4984
    6978      50.3633
    6979      45.0014
    6980      46.1805
    6981      47.7794
    6982      48.2557
    6983      49.4769
    6984      47.3535
    6985      44.8096
    6986      48.2082
    6987      47.9612
    6988      47.9648
    6989      46.3204
    6990      46.2239
    6991      48.4194
    6992      47.8532
    6993      48.5795
    6994      46.2167
    6995      44.9077
    6996      43.4859
    6997      47.8933
    6998      46.5071
    6999      45.4062
    7000      45.1225
    7001      44.5336
    7002      43.3763
    7003      44.7872
    7004      41.7711
    7005      44.7633
    7006      46.1542
    7007      45.3538
    7008      45.4684
    7009      49.2375
    7010      50.3032
    7011      53.2339
    7012      52.6054
    7013      49.4454
    7014      47.1512
    7015      48.3612
    7016      48.9944
    7017      48.2752
    7018      47.8330
    7019      46.0315
    7020      45.1044
    7021      47.4044
    7022      44.3024
    7023      46.8176
    7024      45.8164
    7025      44.5324
    7026      45.1723
    7027      45.4877
    7028      46.3792
    7029      45.5693
    7030      44.0750
    7031      46.0209
    7032      45.6178
    7033      47.1921
    7034      51.9459
    7035      50.8093
    7036      48.4377
    7037      47.0039
    7038      47.4413
    7039      49.3693
    7040      48.4411
    7041      47.0845
    7042      48.3050
    7043      51.5011
    7044      50.4837
    7045      48.2257
    7046      48.7948
    7047      45.3503
    7048      44.5800
    7049      42.9518
    7050      40.5857
    7051      44.4358
    7052      46.0134
    7053      43.5586
    7054      42.6140
    7055      45.2620
    7056      46.0841
    7057      44.6575
    7058      42.8606
    7059      47.4348
    7060      48.5168
    7061      50.4359
    7062      53.1582
    7063      52.0951
    7064      52.2029
    7065      48.2124
    7066      49.1681
    7067      49.6467
    7068      48.2080
    7069      47.4993
    7070      49.1089
    7071      46.7656
    7072      45.2095
    7073      41.6390
    7074      44.3599
    7075      48.2240
    7076      46.9201
    7077      46.7204
    7078      53.9203
    7079      52.6446
    7080      49.5484
    7081      47.9976
    7082      47.3101
    7083      48.4254
    7084      49.4075
    7085      49.4831
    7086      48.9803
    7087      48.7661
    7088      48.8149
    7089      51.8046
    7090      51.3133
    7091      51.7675
    7092      50.5568
    7093      47.8886
    7094      43.4545
    7095      44.6353
    7096      47.6702
    7097      47.9300
    7098      48.1285
    7099      47.0794
    7100      47.7161
    7101      47.2514
    7102      46.0436
    7103      44.3460
    7104      45.2226
    7105      47.3084
    7106      45.9657
    7107      48.1517
    7108      55.1735
    7109      53.4842
    7110      52.1683
    7111      50.7868
    7112      50.5883
    7113      52.5083
    7114      48.3196
    7115      52.8637
    7116      49.7482
    7117      48.1095
    7118      52.5346
    7119      54.6226
    7120      54.7081
    7121      55.4510
    7122      50.6133
    7123      50.5400
    7124      49.4519
    7125      48.8597
    7126      47.2664
    7127      48.1612
    7128      50.9917
    7129      53.4208
    7130      52.2390
    7131      51.3204
    7132      52.3085
    7133      51.1297
    7134      49.3068
    7135      49.9688
    7136      53.1928
    7137      50.3689
    7138      49.2575
    7139      53.6314
    7140      55.9004
    7141      53.9961
    7142      50.4575
    7143      50.8189
    7144      48.3832
    7145      49.4554
    7146      46.6692
    7147      51.3123
    7148      50.6433
    7149      50.4119
    7150      52.2664
    7151      49.5202
    7152      45.7509
    7153      47.6934
    7154      49.8837
    7155      51.6303
    7156      52.9416
    7157      51.0800
    7158      48.1938
    7159      46.3497
    7160      47.8782
    7161      40.8530
    7162      43.9173
    7163      45.5840
    7164      45.1329
    7165      45.0817
    7166      43.1077
    7167      45.5306
    7168      43.3394
    7169      48.8687
    7170      50.4216
    7171      48.6933
    7172      53.2297
    7173      55.1719
    7174      56.3921
    7175      49.8131
    7176      45.0134
    7177      50.0718
    7178      53.4980
    7179      52.1045
    7180      51.9342
    7181      48.8715
    7182      52.0134
    7183      54.0251
    7184      51.0632
    7185      49.9980
    7186      51.8451
    7187      53.1888
    7188      51.5576
    7189      52.1760
    7190      50.5260
    7191      52.0656
    7192      56.9253
    7193      54.1330
    7194      52.7643
    7195      52.8719
    7196      50.7020
    7197      51.3932
    7198      48.8804
    7199      52.5093
    7200      53.0871
    7201      49.4919
    7202      50.0643
    7203      53.2153
    7204      55.3639
    7205      52.1655
    7206      52.7374
    7207      49.8470
    7208      46.2492
    7209      46.8125
    7210      46.6631
    7211      47.9351
    7212      48.3286
    7213      48.9515
    7214      42.9728
    7215      47.0658
    7216      46.9254
    7217      48.4116
    7218      46.7223
    7219      45.7064
    7220      45.5516
    7221      48.8746
    7222      50.5911
    7223      52.1118
    7224      50.1683
    7225      47.1403
    7226      47.4257
    7227      48.3995
    7228      49.8761
    7229      49.1586
    7230      46.8656
    7231      51.5914
    7232      51.3955
    7233      54.4828
    7234      51.8175
    7235      50.8743
    7236      49.6245
    7237      47.6125
    7238      51.5982
    7239      52.8551
    7240      53.5917
    7241      51.0818
    7242      51.7582
    7243      51.8885
    7244      52.5989
    7245      54.0284
    7246      47.8592
    7247      51.0760
    7248      48.8967
    7249      51.8655
    7250      47.8477
    7251      49.8621
    7252      50.2088
    7253      51.7778
    7254      50.1967
    7255      51.1711
    7256      48.7518
    7257      44.4737
    7258      44.2683
    7259      48.8196
    7260      46.5662
    7261      46.4808
    7262      48.5672
    7263      48.3418
    7264      48.9227
    7265      45.5144
    7266      51.7616
    7267      47.5425
    7268      44.3115
    7269      45.8073
    7270      45.6660
    7271      44.6244
    7272      46.1672
    7273      47.8698
    7274      44.7080
    7275      45.6271
    7276      50.6322
    7277      47.7822
    7278      46.4692
    7279      42.0427
    7280      44.5697
    7281      43.3711
    7282      45.0347
    7283      47.6247
    7284      45.9176
    7285      49.3413
    7286      46.4255
    7287      46.2596
    7288      46.1904
    7289      46.0938
    7290      44.0826
    7291      43.7131
    7292      42.1948
    7293      43.0721
    7294      40.5430
    7295      45.7731
    7296      48.4045
    7297      43.0844
    7298      37.3271
    7299      39.0299
    7300      40.0792
    7301      41.3198
    7302      40.4470
    7303      41.0960
    7304      42.0751
    7305      44.9214
    7306      43.0311
    7307      40.7575
    7308      41.7149
    7309      43.8895
    7310      42.5787
    7311      42.9679
    7312      41.7399
    7313      43.4772
    7314      49.2963
    7315      50.3010
    7316      48.2904
    7317      48.6037
    7318      51.0335
    7319      50.1436
    7320      51.9097
    7321      56.4194
    7322      55.3014
    7323      55.7456
    7324      49.9608
    7325      45.7079
    7326      45.2080
    7327      43.2323
    7328      44.7413
    7329      43.7474
    7330      42.9183
    7331      43.0810
    7332      43.5774
    7333      43.8663
    7334      42.6173
    7335      42.5756
    7336      43.8864
    7337      46.3631
    7338      46.6309
    7339      45.8760
    7340      47.4223
    7341      50.8070
    7342      47.1086
    7343      49.1543
    7344      49.5913
    7345      45.1568
    7346      48.0925
    7347      49.6006
    7348      49.9535
    7349      49.2506
    7350      46.1346
    7351      43.2912
    7352      39.3366
    7353      43.2258
    7354      45.6059
    7355      41.9033
    7356      38.8453
    7357      41.2698
    7358      43.1780
    7359      41.9868
    7360      43.8298
    7361      42.8847
    7362      42.7120
    7363      46.0408
    7364      48.3490
    7365      48.0612
    7366      49.5778
    7367      51.9071
    7368      51.7218
    7369      50.1831
    7370      53.0671
    7371      49.7125
    7372      49.5344
    7373      49.3302
    7374      46.6247
    7375      47.2004
    7376      44.5666
    7377      41.8275
    7378      40.0007
    7379      40.6175
    7380      41.4616
    7381      44.3900
    7382      43.3797
    7383      44.3648
    7384      48.6420
    7385      43.2412
    7386      40.6345
    7387      41.3235
    7388      42.4476
    7389      44.2552
    7390      44.6812
    7391      46.0807
    7392      50.7639
    7393      46.5119
    7394      49.4536
    7395      50.7771
    7396      45.0771
    7397      44.0690
    7398      45.3516
    7399      46.6613
    7400      46.1094
    7401      42.3170
    7402      44.8074
    7403      45.4331
    7404      38.7477
    7405      41.9473
    7406      44.7264
    7407      43.6270
    7408      45.9838
    7409      47.0683
    7410      46.8139
    7411      46.6354
    7412      48.3583
    7413      46.4046
    7414      46.8397
    7415      46.2851
    7416      41.6773
    7417      43.9091
    7418      43.2520
    7419      45.5328
    7420      47.4938
    7421      44.5487
    7422      44.5952
    7423      46.4963
    7424      46.9196
    7425      47.7368
    7426      47.1691
    7427      50.2386
    7428      46.1260
    7429      47.7388
    7430      48.7167
    7431      51.1524
    7432      50.7860
    7433      50.3153
    7434      52.2546
    7435      51.9863
    7436      52.5660
    7437      52.0394
    7438      52.4606
    7439      52.0427
    7440      50.5972
    7441      49.4452
    7442      52.5713
    7443      47.2541
    7444      46.7971
    7445      51.3163
    7446      52.1181
    7447      48.3281
    7448      46.4366
    7449      45.2426
    7450      47.4891
    7451      46.8870
    7452      41.0950
    7453      44.0875
    7454      48.4430
    7455      47.6908
    7456      43.4905
    7457      44.1817
    7458      47.4182
    7459      46.4686
    7460      47.2464
    7461      46.4899
    7462      46.0480
    7463      45.6834
    7464      45.1028
    7465      47.3768
    7466      45.8714
    7467      39.8514
    7468      45.5193
    7469      50.8430
    7470      51.9870
    7471      51.2025
    7472      51.8771
    7473      48.6423
    7474      46.9515
    7475      46.0770
    7476      47.6015
    7477      47.7390
    7478      45.2665
    7479      46.1516
    7480      52.6159
    7481      47.0973
    7482      45.5006
    7483      48.5350
    7484      48.2805
    7485      51.6086
    7486      53.5988
    7487      50.7427
    7488      50.5514
    7489      52.4928
    7490      52.6813
    7491      50.8641
    7492      50.8825
    7493      52.4052
    7494      49.4714
    7495      52.0037
    7496      54.3705
    7497      54.7708
    7498      49.3953
    7499      49.3684
    7500      49.1232
    7501      52.8548
    7502      50.4926
    7503      46.8962
    7504      55.2109
    7505      54.6109
    7506      51.9537
    7507      52.2578
    7508      52.1375
    7509      52.7152
    7510      48.5002
    7511      45.6656
    7512      47.0026
    7513      46.0264
    7514      47.4662
    7515      49.0751
    7516      46.1066
    7517      50.9176
    7518      52.3570
    7519      52.2546
    7520      46.9953
    7521      49.8930
    7522      52.4525
    7523      48.8696
    7524      53.1988
    7525      54.2681
    7526      51.9662
    7527      52.4190
    7528      53.1795
    7529      51.6116
    7530      54.3671
    7531      53.7628
    7532      53.8067
    7533      53.9519
    7534      50.8737
    7535      51.5862
    7536      50.3612
    7537      50.7014
    7538      56.0670
    7539      53.6395
    7540      53.0001
    7541      60.2722
    7542      66.7921
    7543      61.5741
    7544      54.0535
    7545      51.9692
    7546      55.2983
    7547      54.4148
    7548      53.1780
    7549      52.7052
    7550      53.8008
    7551      50.2815
    7552      48.9278
    7553      51.0143
    7554      53.1479
    7555      52.6118
    7556      56.2088
    7557      55.5985
    7558      56.8201
    7559      57.6833
    7560      53.2218
    7561      50.3810
    7562      51.0776
    7563      45.7123
    7564      49.9051
    7565      50.2006
    7566      52.3459
    7567      51.6409
    7568      50.7204
    7569      47.5354
    7570      50.7159
    7571      48.1141
    7572      46.5342
    7573      46.4474
    7574      53.0824
    7575      51.8823
    7576      52.1787
    7577      50.4770
    7578      51.7294
    7579      54.8641
    7580      54.1236
    7581      58.1524
    7582      53.2289
    7583      57.0628
    7584      57.8141
    7585      63.5822
    7586      67.7458
    7587      68.2217
    7588      69.8277
    7589      70.7928
    7590      66.8524
    7591      65.9984
    7592      69.5794
    7593      66.5603
    7594      62.5942
    7595      56.6275
    7596      52.0756
    7597      49.5378
    7598      50.4931
    7599      51.2840
    7600      52.2230
    7601      47.2941
    7602      49.7229
    7603      50.0983
    7604      48.5216
    7605      49.2920
    7606      51.1375
    7607      47.8115
    7608      50.5345
    7609      53.1301
    7610      51.2124
    7611      51.8710
    7612      52.0149
    7613      54.8747
    7614      50.8997
    7615      48.8789
    7616      46.6024
    7617      45.2177
    7618      49.0185
    7619      49.5957
    7620      51.0589
    7621      48.4058
    7622      51.8125
    7623      49.1545
    7624      48.6532
    7625      47.6040
    7626      47.0856
    7627      48.1861
    7628      46.1822
    7629      50.9255
    7630      53.5474
    7631      54.5642
    7632      50.4654
    7633      49.3448
    7634      47.2831
    7635      47.6007
    7636      45.3849
    7637      44.4523
    7638      48.6263
    7639      46.7408
    7640      44.6286
    7641      46.7763
    7642      48.5097
    7643      48.0011
    7644      47.4688
    7645      48.3245
    7646      49.2604
    7647      47.2546
    7648      45.5478
    7649      43.6544
    7650      50.2726
    7651      51.5930
    7652      51.1435
    7653      54.6134
    7654      58.5638
    7655      58.0319
    7656      60.1939
    7657      58.1815
    7658      57.2629
    7659      55.5608
    7660      55.0368
    7661      52.8280
    7662      53.3311
    7663      52.0417
    7664      52.5047
    7665      54.0739
    7666      54.8688
    7667      54.2910
    7668      51.0253
    7669      54.2324
    7670      54.9596
    7671      53.6855
    7672      54.2301
    7673      57.6511
    7674      60.7605
    7675      62.7350
    7676      66.7811
    7677      67.8345
    7678      66.7994
    7679      63.3707
    7680      62.7080
    7681      61.3238
    7682      66.2282
    7683      60.4167
    7684      59.1414
    7685      55.9298
    7686      60.2684
    7687      55.6073
    7688      55.9298
    7689      57.1519
    7690      55.8717
    7691      55.8362
    7692      55.8265
    7693      54.6707
    7694      54.6873
    7695      55.6714
    7696      54.4290
    7697      54.1812
    7698      56.1941
    7699      58.2115
    7700      58.1321
    7701      54.9727
    7702      53.4508
    7703      53.6943
    7704      52.1239
    7705      50.4642
    7706      49.8041
    7707      51.0628
    7708      49.7220
    7709      51.5882
    7710      48.5164
    7711      42.1613
    7712      40.5961
    7713      44.3956
    7714      50.1250
    7715      45.6706
    7716      50.8820
    7717      48.1614
    7718      49.7702
    7719      51.0987
    7720      51.8325
    7721      50.0322
    7722      51.2017
    7723      50.0046
    7724      51.0007
    7725      51.1935
    7726      47.2632
    7727      48.5420
    7728      53.7935
    7729      51.0379
    7730      56.1777
    7731      50.5438
    7732      55.4314
    7733      58.0216
    7734      54.6051
    7735      60.4839
    7736      59.7778
    7737      55.0333
    7738      48.6983
    7739      47.7089
    7740      46.2344
    7741      50.6802
    7742      47.1260
    7743      50.6939
    7744      50.0705
    7745      53.8355
    7746      51.8622
    7747      56.0998
    7748      55.0654
    7749      53.5114
    7750      52.2514
    7751      53.8929
    7752      54.3510
    7753      57.6577
    7754      58.5917
    7755      55.5757
    7756      53.4171
    7757      50.4417
    7758      48.6327
    7759      54.2811
    7760      55.0013
    7761      51.8985
    7762      49.4085
    7763      49.2527
    7764      50.3457
    7765      52.4741
    7766      49.7217
    7767      48.4501
    7768      47.0157
    7769      51.4474
    7770      49.2861
    7771      49.9048
    7772      53.4849
    7773      53.8592
    7774      55.9746
    7775      54.6105
    7776      55.0546
    7777      54.6493
    7778      54.0304
    7779      51.6470
    7780      52.1894
    7781      55.1284
    7782      54.9132
    7783      54.8054
    7784      54.5866
    7785      55.9510
    7786      55.2008
    7787      53.2165
    7788      48.8334
    7789      46.9918
    7790      51.2478
    7791      50.7337
    7792      52.1050
    7793      51.6583
    7794      51.7660
    7795      47.4016
    7796      49.8645
    7797      48.1765
    7798      46.0315
    7799      49.2217
    7800      49.8945
    7801      46.6790
    7802      47.8316
    7803      49.6011
    7804      51.6210
    7805      51.0880
    7806      49.6202
    7807      46.4513
    7808      50.3886
    7809      50.9892
    7810      47.3045
    7811      47.1833
    7812      49.1718
    7813      48.5959
    7814      49.3956
    7815      50.9047
    7816      48.5431
    7817      48.9124
    7818      49.3291
    7819      50.0365
    7820      46.7334
    7821      47.2015
    7822      50.1809
    7823      50.8759
    7824      47.2802
    7825      47.6592
    7826      46.7759
    7827      47.3364
    7828      48.0765
    7829      47.1210
    7830      43.6530
    7831      44.5419
    7832      44.9405
    7833      48.1341
    7834      45.4546
    7835      45.0938
    7836      46.1496
    7837      50.2778
    7838      53.1104
    7839      54.6102
    7840      55.9540
    7841      53.1844
    7842      49.6591
    7843      53.2140
    7844      47.7508
    7845      49.9549
    7846      49.2239
    7847      51.1616
    7848      49.7119
    7849      44.5237
    7850      45.2215
    7851      48.0166
    7852      48.6614
    7853      49.0664
    7854      44.2763
    7855      45.3348
    7856      45.3160
    7857      42.7014
    7858      42.6759
    7859      47.7816
    7860      50.3145
    7861      50.5868
    7862      47.4302
    7863      51.7518
    7864      48.9758
    7865      43.8334
    7866      45.5491
    7867      45.0937
    7868      45.8927
    7869      46.6384
    7870      48.7648
    7871      48.7233
    7872      46.4758
    7873      45.0232
    7874      43.9427
    7875      47.5646
    7876      48.2041
    7877      46.6633
    7878      44.3695
    7879      45.9464
    7880      44.8358
    7881      47.8148
    7882      43.4534
    7883      42.2873
    7884      47.5756
    7885      47.2829
    7886      48.1128
    7887      47.1206
    7888      49.0327
    7889      46.9484
    7890      46.8165
    7891      46.9731
    7892      45.3649
    7893      46.3491
    7894      47.0924
    7895      45.9072
    7896      43.9513
    7897      38.2810
    7898      41.7071
    7899      43.4878
    7900      43.9384
    7901      44.6462
    7902      43.7671
    7903      44.7464
    7904      46.4545
    7905      49.2233
    7906      46.4576
    7907      47.4336
    7908      48.3977
    7909      50.8680
    7910      50.6052
    7911      50.8526
    7912      50.2611
    7913      48.6046
    7914      45.0341
    7915      47.8944
    7916      46.0978
    7917      45.7931
    7918      47.0030
    7919      48.8516
    7920      51.2342
    7921      51.6887
    7922      51.5313
    7923      50.8773
    7924      49.4266
    7925      47.9776
    7926      47.8098
    7927      44.5883
    7928      43.9497
    7929      47.4530
    7930      51.1151
    7931      46.0484
    7932      48.3568
    7933      45.7831
    7934      41.9504
    7935      46.7337
    7936      47.4432
    7937      51.3057
    7938      53.0515
    7939      45.5473
    7940      44.7762
    7941      48.5679
    7942      49.5913
    7943      51.0120
    7944      51.5096
    7945      52.0733
    7946      51.8297
    7947      52.3947
    7948      53.8246
    7949      49.7938
    7950      54.6404
    7951      50.9386
    7952      51.2491
    7953      52.0145
    7954      51.9976
    7955      51.7538
    7956      48.6705
    7957      48.0563
    7958      48.8367
    7959      50.3587
    7960      49.2533
    7961      48.8580
    7962      50.3855
    7963      47.2850
    7964      43.5104
    7965      47.4456
    7966      48.8639
    7967      48.7919
    7968      46.2129
    7969      48.1322
    7970      47.4075
    7971      47.9117
    7972      46.6390
    7973      48.6446
    7974      46.0307
    7975      48.6905
    7976      47.1605
    7977      48.1944
    7978      46.2368
    7979      48.6917
    7980      50.5002
    7981      49.9795
    7982      49.1257
    7983      49.3561
    7984      50.2137
    7985      51.3025
    7986      48.6037
    7987      49.7064
    7988      52.6367
    7989      51.1399
    7990      51.8058
    7991      51.1648
    7992      50.5326
    7993      54.6815
    7994      52.8565
    7995      52.2269
    7996      52.4615
    7997      53.3128
    7998      60.9146
    7999      62.3161
    8000      58.1635
    8001      53.3860
    8002      53.5310
    8003      52.0193
    8004      52.1750
    8005      51.3488
    8006      47.6909
    8007      50.3839
    8008      52.9663
    8009      53.6083
    8010      53.9396
    8011      51.3949
    8012      53.6894
    8013      55.4514
    8014      54.9655
    8015      55.8676
    8016      54.2838
    8017      52.5832
    8018      58.5995
    8019      58.0862
    8020      60.2653
    8021      58.4537
    8022      59.8549
    8023      63.5426
    8024      64.3867
    8025      62.6309
    8026      61.2846
    8027      56.4752
    8028      54.0383
    8029      54.0457
    8030      53.2716
    8031      53.5418
    8032      50.4758
    8033      50.5972
    8034      52.5437
    8035      50.0833
    8036      48.5522
    8037      49.0394
    8038      48.1310
    8039      47.8005
    8040      46.4423
    8041      50.9143
    8042      52.1408
    8043      48.9987
    8044      43.5066
    8045      46.5402
    8046      46.0456
    8047      43.4115
    8048      45.0339
    8049      44.9744
    8050      47.4098
    8051      47.9460
    8052      46.5055
    8053      46.1599
    8054      45.5109
    8055      44.9519
    8056      49.3672
    8057      47.5651
    8058      46.1102
    8059      44.7342
    8060      49.3027
    8061      51.2532
    8062      52.3397
    8063      51.5687
    8064      49.2897
    8065      48.0039
    8066      47.2525
    8067      48.5355
    8068      50.7492
    8069      54.7407
    8070      59.3637
    8071      60.0092
    8072      56.2504
    8073      54.2336
    8074      55.9386
    8075      50.4116
    8076      50.4971
    8077      53.3366
    8078      50.5319
    8079      55.6309
    8080      53.8406
    8081      56.2951
    8082      59.3176
    8083      57.6743
    8084      54.1334
    8085      58.9096
    8086      62.5978
    8087      60.9177
    8088      68.0250
    8089      71.9429
    8090      73.5589
    8091      70.9396
    8092      65.5348
    8093      67.4747
    8094      73.1021
    8095      73.1393
    8096      70.7085
    8097      72.8680
    8098      70.3960
    8099      69.9098
    8100      69.9244
    8101      68.1574
    8102      70.7255
    8103      71.0338
    8104      71.6113
    8105      73.8008
    8106      71.6548
    8107      68.0574
    8108      63.0282
    8109      59.4629
    8110      62.4468
    8111      66.2114
    8112      67.6652
    8113      66.9181
    8114      72.1225
    8115      71.8356
    8116      67.7892
    8117      67.5739
    8118      66.8122
    8119      63.7950
    8120      63.7361
    8121      65.1778
    8122      63.2400
    8123      59.1592
    8124      61.0727
    8125      57.5042
    8126      54.8405
    8127      55.3323
    8128      49.9327
    8129      50.3976
    8130      53.1991
    8131      55.3791
    8132      50.8219
    8133      51.6208
    8134      46.8004
    8135      47.3604
    8136      50.9874
    8137      48.4754
    8138      53.1199
    8139      54.5274
    8140      54.3743
    8141      55.7778
    8142      55.9563
    8143      51.4403
    8144      53.0131
    8145      61.7036
    8146      64.8121
    8147      62.6348
    8148      61.3648
    8149      58.1259
    8150      57.6640
    8151      55.2049
    8152      54.7592
    8153      57.4898
    8154      58.6964
    8155      61.1917
    8156      56.5278
    8157      56.7868
    8158      56.0959
    8159      57.6551
    8160      55.7506
    8161      50.8219
    8162      50.6568
    8163      51.3671
    8164      48.8737
    8165      44.1721
    8166      52.6208
    8167      53.5837
    8168      51.4987
    8169      45.5504
    8170      49.7181
    8171      52.4129
    8172      54.7599
    8173      56.7630
    8174      57.6443
    8175      51.0729
    8176      45.5487
    8177      43.4704
    8178      44.3811
    8179      45.7096
    8180      45.5276
    8181      44.4347
    8182      46.7715
    8183      46.2221
    8184      46.0368
    8185      46.1573
    8186      44.9374
    8187      45.6061
    8188      42.5863
    8189      45.7611
    8190      44.0264
    8191      39.2733
    8192      40.7207
    8193      42.2198
    8194      45.6366
    8195      45.8736
    8196      43.1128
    8197      43.6582
    8198      47.5744
    8199      43.9130
    8200      44.8100
    8201      44.3794
    8202      46.2218
    8203      42.5993
    8204      42.0789
    8205      51.7917
    8206      51.3556
    8207      49.3350
    8208      49.9044
    8209      50.1432
    8210      45.9273
    8211      45.6621
    8212      43.9793
    8213      45.4601
    8214      44.6245
    8215      42.5395
    8216      42.3150
    8217      40.9738
    8218      40.6944
    8219      42.1481
    8220      40.5304
    8221      46.6383
    8222      44.1268
    8223      46.1149
    8224      45.5179
    8225      43.9586
    8226      40.7313
    8227      37.1645
    8228      37.0532
    8229      42.3506
    8230      43.4089
    8231      40.9438
    8232      40.4485
    8233      44.5602
    8234      46.2885
    8235      44.9608
    8236      42.9790
    8237      41.2433
    8238      45.5592
    8239      45.7810
    8240      48.7031
    8241      44.2201
    8242      44.3257
    8243      41.3876
    8244      41.2340
    8245      43.7753
    8246      44.2589
    8247      44.8477
    8248      42.8188
    8249      45.2146
    8250      44.9920
    8251      46.0589
    8252      39.6672
    8253      41.8301
    8254      45.1785
    8255      46.2104
    8256      43.8123
    8257      46.5034
    8258      43.1778
    8259      46.3429
    8260      47.0945
    8261      42.3351
    8262      44.1719
    8263      44.2562
    8264      43.4435
    8265      43.5487
    8266      45.4059
    8267      38.9831
    8268      41.1929
    8269      40.9555
    8270      40.3753
    8271      43.6731
    8272      45.2047
    8273      45.2946
    8274      44.1666
    8275      43.7744
    8276      46.2187
    8277      42.2110
    8278      47.1470
    8279      45.5912
    8280      44.8136
    8281      46.0760
    8282      47.4768
    8283      41.1776
    8284      38.1783
    8285      40.4468
    8286      43.9624
    8287      40.7699
    8288      40.7495
    8289      42.1971
    8290      42.5987
    8291      43.6553
    8292      46.0819
    8293      41.7078
    8294      41.8027
    8295      41.9087
    8296      43.1417
    8297      42.3891
    8298      42.8766
    8299      45.2760
    8300      43.3315
    8301      44.3044
    8302      43.7523
    8303      41.0499
    8304      41.6813
    8305      41.2429
    8306      34.9922
    8307      37.5775
    8308      39.4097
    8309      38.8826
    8310      38.1673
    8311      40.3291
    8312      38.6126
    8313      38.0596
    8314      35.7811
    8315      39.8446
    8316      47.9829
    8317      49.8185
    8318      45.7698
    8319      47.1948
    8320      49.6047
    8321      47.1569
    8322      49.3672
    8323      46.0191
    8324      45.8729
    8325      45.9999
    8326      43.6441
    8327      45.0287
    8328      46.8107
    8329      45.6460
    8330      46.7070
    8331      49.9801
    8332      50.5742
    8333      54.1196
    8334      58.3204
    8335      62.3172
    8336      57.7118
    8337      58.6676
    8338      54.7964
    8339      49.5479
    8340      49.3760
    8341      50.3305
    8342      51.7963
    8343      56.2410
    8344      57.3726
    8345      59.7962
    8346      57.0319
    8347      56.6691
    8348      55.6092
    8349      51.8696
    8350      51.9903
    8351      53.3563
    8352      53.1131
    8353      55.8392
    8354      58.0291
    8355      58.8924
    8356      56.9235
    8357      54.0836
    8358      51.8846
    8359      51.8168
    8360      50.3099
    8361      47.6505
    8362      48.5313
    8363      49.3571
    8364      49.4047
    8365      46.6329
    8366      44.2590
    8367      47.0218
    8368      48.4340
    8369      47.3533
    8370      47.7099
    8371      50.4303
    8372      49.0631
    8373      49.9484
    8374      52.6383
    8375      49.3843
    8376      45.0608
    8377      47.3159
    8378      45.0759
    8379      49.9997
    8380      45.5368
    8381      44.2018
    8382      47.7162
    8383      44.4483
    8384      42.8560
    8385      46.4167
    8386      47.1892
    8387      49.1375
    8388      45.8831
    8389      48.7080
    8390      48.2413
    8391      47.6539
    8392      47.8965
    8393      49.2411
    8394      54.8728
    8395      49.2581
    8396      49.7339
    8397      51.6209
    8398      46.9921
    8399      50.0613
    8400      47.7104
    8401      44.3284
    8402      49.5174
    8403      54.6188
    8404      54.3432
    8405      52.2491
    8406      47.2665
    8407      44.4071
    8408      46.4081
    8409      47.8134
    8410      47.2392
    8411      44.4858
    8412      47.8074
    8413      51.6130
    8414      47.4835
    8415      48.5694
    8416      51.7855
    8417      53.2453
    8418      48.9253
    8419      45.1303
    8420      43.6882
    8421      45.0005
    8422      45.0712
    8423      48.1549
    8424      49.8755
    8425      49.9832
    8426      45.2743
    8427      44.2805
    8428      44.4402
    8429      44.7626
    8430      46.3693
    8431      43.0468
    8432      42.9277
    8433      44.6959
    8434      46.4729
    8435      47.0526
    8436      48.2322
    8437      51.2236
    8438      49.5365
    8439      47.0538
    8440      45.2508
    8441      45.9394
    8442      45.7818
    8443      52.6485
    8444      53.0434
    8445      53.2468
    8446      50.2963
    8447      52.0085
    8448      45.4443
    8449      44.7984
    8450      46.0535
    8451      46.6882
    8452      45.4333
    8453      47.1493
    8454      46.8142
    8455      44.6488
    8456      42.4830
    8457      44.9892
    8458      47.0284
    8459      45.0377
    8460      46.1855
    8461      45.4730
    8462      39.9191
    8463      43.6418
    8464      44.9974
    8465      49.1088
    8466      52.0671
    8467      47.9808
    8468      48.3332
    8469      47.8165
    8470      48.8179
    8471      45.8692
    8472      44.6044
    8473      42.1678
    8474      45.7175
    8475      44.2077
    8476      47.1677
    8477      47.6453
    8478      45.8901
    8479      45.2457
    8480      43.9358
    8481      44.8831
    8482      42.2426
    8483      45.9769
    8484      48.1445
    8485      50.5715
    8486      51.2469
    8487      54.5368
    8488      55.7779
    8489      57.4069
    8490      53.5560
    8491      49.8396
    8492      50.2236
    8493      52.4314
    8494      48.0835
    8495      43.1634
    8496      40.0003
    8497      44.8340
    8498      50.9877
    8499      48.5148
    8500      51.6962
    8501      51.9008
    8502      49.1080
    8503      46.7830
    8504      50.2873
    8505      54.1685
    8506      51.0164
    8507      48.4976
    8508      48.0467
    8509      47.6512
    8510      44.5431
    8511      44.3100
    8512      44.8030
    8513      40.5503
    8514      40.7979
    8515      41.1724
    8516      41.6034
    8517      41.5398
    8518      44.1859
    8519      46.4568
    8520      54.3161
    8521      51.0972
    8522      52.3702
    8523      54.6193
    8524      52.6045
    8525      53.7603
    8526      53.2986
    8527      50.9126
    8528      48.4597
    8529      46.4069
    8530      47.3651
    8531      44.5343
    8532      47.0019
    8533      47.1613
    8534      48.8625
    8535      48.1318
    8536      47.5267
    8537      47.6921
    8538      51.0239
    8539      51.2296
    8540      50.3322
    8541      48.3884
    8542      42.8656
    8543      51.2260
    8544      51.2284
    8545      44.4163
    8546      44.5618
    8547      46.0904
    8548      42.5151
    8549      47.0510
    8550      48.7633
    8551      49.6931
    8552      41.1066
    8553      46.8809
    8554      44.4748
    8555      46.8535
    8556      46.2525
    8557      47.6870
    8558      45.8190
    8559      47.3295
    8560      46.6664
    8561      46.9673
    8562      45.5691
    8563      46.8380
    8564      48.8293
    8565      56.1322
    8566      57.0734
    8567      50.7518
    8568      54.2110
    8569      50.5337
    8570      52.5528
    8571      50.1580
    8572      54.5254
    8573      52.1211
    8574      57.0914
    8575      55.1481
    8576      52.4379
    8577      53.9814
    8578      53.4095
    8579      56.3320
    8580      59.4813
    8581      55.9416
    8582      57.4238
    8583      56.9509
    8584      55.3093
    8585      55.6027
    8586      56.7096
    8587      58.8634
    8588      59.3607
    8589      59.6877
    8590      57.7251
    8591      55.5855
    8592      54.1638
    8593      54.6673
    8594      53.9294
    8595      57.3452
    8596      56.2778
    8597      57.7280
    8598      64.5748
    8599      60.3145
    8600      62.2220
    8601      60.6300
    8602      59.1834
    8603      52.6838
    8604      50.2309
    8605      46.3576
    8606      50.1930
    8607      48.4438
    8608      48.5960
    8609      48.7696
    8610      52.2705
    8611      54.2644
    8612      55.6023
    8613      52.3425
    8614      51.1048
    8615      52.7430
    8616      53.8432
    8617      45.7487
    8618      48.8091
    8619      49.1445
    8620      54.5371
    8621      52.6748
    8622      51.9373
    8623      50.1644
    8624      50.1876
    8625      52.3419
    8626      52.4158
    8627      50.4612
    8628      49.5689
    8629      46.9149
    8630      49.7399
    8631      49.8662
    8632      48.4099
    8633      47.3679
    8634      44.6261
    8635      47.9935
    8636      45.9061
    8637      48.0818
    8638      46.9772
    8639      48.4196
    8640      44.9818
    8641      47.2490
    8642      47.7862
    8643      46.3189
    8644      49.8614
    8645      49.8857
    8646      51.9431
    8647      51.7664
    8648      51.1921
    8649      48.9369
    8650      45.5714
    8651      48.7023
    8652      48.5868
    8653      47.4281
    8654      44.0169
    8655      47.2930
    8656      51.0834
    8657      51.7987
    8658      52.9013
    8659      52.4699
    8660      53.2266
    8661      49.7372
    8662      53.1759
    8663      48.6538
    8664      46.1168
    8665      39.8684
    8666      44.2728
    8667      41.2453
    8668      43.0222
    8669      41.5780
    8670      47.1742
    8671      44.7013
    8672      45.9702
    8673      47.5279
    8674      55.4808
    8675      58.9094
    8676      57.8756
    8677      55.7018
    8678      57.7350
    8679      61.1901
    8680      57.7868
    8681      58.4049
    8682      58.1967
    8683      58.0509
    8684      58.1332
    8685      58.3042
    8686      53.5637
    8687      47.9772
    8688      51.4575
    8689      53.4160
    8690      56.6949
    8691      60.1767
    8692      63.4742
    8693      58.9794
    8694      55.4070
    8695      55.2010
    8696      56.9734
    8697      50.5829
    8698      50.2165
    8699      48.2188
    8700      47.5691
    8701      49.6215
    8702      49.6607
    8703      47.9492
    8704      49.6459
    8705      50.2954
    8706      50.5469
    8707      48.9334
    8708      45.0204
    8709      51.1533
    8710      51.1974
    8711      46.7931
    8712      48.8492
    8713      44.3421
    8714      46.0160
    8715      51.1502
    8716      51.8621
    8717      51.3260
    8718      49.7866
    8719      50.4504
    8720      53.4176
    8721      53.5681
    8722      54.6443
    8723      54.2661
    8724      53.0994
    8725      54.8213
    8726      58.2861
    8727      57.9066
    8728      56.4403
    8729      55.4098
    8730      53.8792
    8731      52.6307
    8732      49.5307
    8733      51.2339
    8734      51.6107
    8735      51.7496
    8736      54.1490
    8737      48.7754
    8738      50.5409
    8739      50.9988
    8740      48.5218
    8741      46.9939
    8742      51.8167
    8743      45.8121
    8744      51.2348
    8745      50.1397
    8746      49.1785
    8747      51.3899
    8748      49.5095
    8749      50.0536
    8750      49.4484
    8751      53.7643
    8752      47.4896
    8753      48.8219
    8754      50.9583
    8755      49.2303
    8756      46.9174
    8757      47.4170
    8758      50.0074
    8759      48.7949
    8760      44.8533
    8761      46.8744
    8762      46.5579
    8763      45.6748
    8764      43.3939
    8765      42.0153
    8766      41.1788
    8767      41.0213
    8768      47.2021
    8769      47.5157
    8770      42.1992
    8771      43.1769
    8772      44.6503
    8773      49.6269
    8774      46.7517
    8775      43.0291
    8776      41.1995
    8777      45.7406
    8778      50.0562
    8779      44.6020
    8780      45.5271
    8781      49.9045
    8782      51.7868
    8783      48.2144
    8784      44.4594
    8785      45.0484
    8786      44.3810
    8787      44.8460
    8788      44.4114
    8789      43.0532
    8790      45.2737
    8791      48.3927
    8792      47.9172
    8793      46.6608
    8794      48.1443
    8795      53.8236
    8796      53.1700
    8797      48.2289
    8798      46.0528
    8799      45.0248
    8800      42.7915
    8801      45.3403
    8802      44.1585
    8803      42.3681
    8804      48.8397
    8805      52.1955
    8806      52.9189
    8807      53.8172
    8808      49.0982
    8809      48.5813
    8810      49.3992
    8811      53.0525
    8812      54.5701
    8813      61.7092
    8814      55.7127
    8815      51.9741
    8816      53.5072
    8817      56.3790
    8818      53.8929
    8819      50.8805
    8820      49.2434
    8821      47.4090
    8822      49.4512
    8823      53.2338
    8824      51.8746
    8825      49.2692
    8826      49.1635
    8827      49.4643
    8828      49.0189
    8829      51.1707
    8830      48.8875
    8831      51.4597
    8832      48.3969
    8833      46.2237
    8834      49.0384
    8835      50.0360
    8836      47.1427
    8837      44.6722
    8838      44.6463
    8839      44.6843
    8840      45.5386
    8841      43.1865
    8842      49.2408
    8843      48.1229
    8844      51.1125
    8845      52.3075
    8846      47.4245
    8847      46.1740
    8848      45.7465
    8849      48.9666
    8850      51.4660
    8851      48.3019
    8852      53.3641
    8853      56.3330
    8854      52.4943
    8855      51.0243
    8856      51.0615
    8857      50.8715
    8858      47.6240
    8859      45.1539
    8860      46.1581
    8861      47.0984
    8862      48.8247
    8863      51.6451
    8864      47.9377
    8865      47.8670
    8866      48.0549
    8867      48.3401
    8868      51.7373
    8869      49.3448
    8870      49.1816
    8871      49.8844
    8872      49.7359
    8873      50.4114
    8874      52.5201
    8875      51.5146
    8876      51.1089
    8877      52.5505
    8878      47.5402
    8879      51.3067
    8880      50.8331
    8881      48.6261
    8882      48.7967
    8883      51.7730
    8884      50.5696
    8885      50.6100
    8886      51.0959
    8887      48.4141
    8888      46.7608
    8889      49.6582
    8890      44.9459
    8891      45.2859
    8892      46.8960
    8893      44.6311
    8894      47.5058
    8895      49.2860
    8896      50.4173
    8897      48.2546
    8898      49.9091
    8899      49.3424
    8900      51.2434
    8901      48.6615
    8902      50.2203
    8903      49.7321
    8904      49.7167
    8905      51.0734
    8906      50.0167
    8907      51.5183
    8908      50.5897
    8909      53.0592
    8910      54.3328
    8911      55.2442
    8912      53.5466
    8913      50.0930
    8914      44.2966
    8915      47.9340
    8916      50.9102
    8917      50.4191
    8918      46.4752
    8919      49.6562
    8920      48.7277
    8921      53.0522
    8922      52.1883
    8923      52.9752
    8924      48.5880
    8925      48.6719
    8926      49.6955
    8927      49.1448
    8928      47.9104
    8929      47.5749
    8930      47.2605
    8931      49.0472
    8932      54.6049
    8933      57.4591
    8934      54.8509
    8935      52.3828
    8936      51.9518
    8937      52.3312
    8938      48.6164
    8939      48.4232
    8940      46.0904
    8941      40.4457
    8942      42.0922
    8943      46.0465
    8944      44.7266
    8945      45.9388
    8946      46.3884
    8947      47.0855
    8948      46.9710
    8949      45.0125
    8950      47.6573
    8951      51.8557
    8952      50.3490
    8953      50.4314
    8954      44.8627
    8955      43.1988
    8956      41.7554
    8957      42.7107
    8958      45.3952
    8959      43.5858
    8960      43.6234
    8961      45.1611
    8962      45.5429
    8963      46.4046
    8964      45.3463
    8965      48.4188
    8966      46.6019
    8967      44.7731
    8968      45.7603
    8969      47.4525
    8970      47.1028
    8971      48.1729
    8972      49.4712
    8973      53.4008
    8974      51.1155
    8975      55.4542
    8976      51.9421
    8977      51.2218
    8978      52.8543
    8979      49.6369
    8980      46.3800
    8981      49.3384
    8982      49.9238
    8983      45.4710
    8984      53.1506
    8985      51.8481
    8986      48.3093
    8987      48.4606
    8988      47.4660
    8989      52.7844
    8990      55.0886
    8991      54.5340
    8992      55.7251
    8993      55.3275
    8994      53.3438
    8995      49.2006
    8996      44.0849
    8997      46.9566
    8998      45.7257
    8999      46.6700
    9000      43.7627
    9001      47.4723
    9002      49.2993
    9003      49.6600
    9004      45.4705
    9005      46.1989
    9006      52.1617
    9007      53.2494
    9008      52.7268
    9009      51.2031
    9010      50.5476
    9011      50.7855
    9012      50.5316
    9013      50.4932
    9014      51.5813
    9015      50.6874
    9016      45.2831
    9017      46.6979
    9018      45.7519
    9019      46.1523
    9020      46.5328
    9021      45.1953
    9022      46.0670
    9023      44.5252
    9024      44.4931
    9025      45.0815
    9026      46.2490
    9027      45.7871
    9028      43.5989
    9029      47.2854
    9030      45.2830
    9031      47.4930
    9032      46.5372
    9033      49.5186
    9034      48.4414
    9035      43.1388
    9036      46.0268
    9037      46.1649
    9038      46.0441
    9039      49.1174
    9040      49.4709
    9041      49.7647
    9042      47.2206
    9043      47.2289
    9044      47.3152
    9045      45.0195
    9046      48.3203
    9047      41.6858
    9048      41.1625
    9049      40.3842
    9050      43.4606
    9051      42.6019
    9052      46.6203
    9053      47.6826
    9054      48.3279
    9055      45.7379
    9056      44.2772
    9057      47.4276
    9058      47.3940
    9059      49.9539
    9060      48.9814
    9061      47.3893
    9062      44.2371
    9063      42.8377
    9064      45.9034
    9065      47.8515
    9066      48.9842
    9067      50.2728
    9068      47.0162
    9069      49.3015
    9070      50.6130
    9071      46.6265
    9072      44.2771
    9073      45.5189
    9074      46.7733
    9075      45.9905
    9076      47.9800
    9077      47.6262
    9078      45.2612
    9079      49.0074
    9080      51.1390
    9081      53.0412
    9082      48.8751
    9083      47.5665
    9084      52.1512
    9085      51.6240
    9086      53.8038
    9087      56.4892
    9088      57.6959
    9089      55.7633
    9090      53.5175
    9091      59.1780
    9092      58.1508
    9093      56.8123
    9094      61.1691
    9095      64.2357
    9096      57.8993
    9097      56.0187
    9098      55.7937
    9099      57.2814
    9100      54.2937
    9101      49.5066
    9102      49.1702
    9103      47.8267
    9104      47.0057
    9105      47.9674
    9106      48.8495
    9107      52.7722
    9108      53.6440
    9109      51.9717
    9110      49.2410
    9111      45.8188
    9112      47.8152
    9113      46.7678
    9114      44.8729
    9115      46.5676
    9116      49.3228
    9117      50.9033
    9118      49.6517
    9119      47.6104
    9120      48.7895
    9121      46.9437
    9122      46.3352
    9123      46.5876
    9124      49.4271
    9125      51.0453
    9126      52.7328
    9127      50.2080
    9128      47.5939
    9129      48.4730
    9130      48.0900
    9131      52.1641
    9132      46.9129
    9133      48.0894
    9134      47.0770
    9135      48.5937
    9136      50.2933
    9137      51.4538
    9138      52.6502
    9139      50.7677
    9140      53.2477
    9141      50.3483
    9142      48.0930
    9143      47.7663
    9144      42.1978
    9145      47.2161
    9146      51.5003
    9147      46.3241
    9148      45.7791
    9149      48.1843
    9150      46.1156
    9151      48.2709
    9152      46.9600
    9153      49.6245
    9154      52.8952
    9155      53.6107
    9156      50.7802
    9157      52.0352
    9158      47.4214
    9159      54.4718
    9160      51.3867
    9161      50.3036
    9162      53.3808
    9163      55.7886
    9164      56.2007
    9165      54.4432
    9166      53.5745
    9167      50.4996
    9168      51.2323
    9169      46.4018
    9170      46.5896
    9171      46.2413
    9172      44.6794
    9173      45.2279
    9174      45.7941
    9175      48.0645
    9176      46.7107
    9177      44.9255
    9178      45.3683
    9179      51.2639
    9180      49.4093
    9181      48.9071
    9182      50.0248
    9183      47.8312
    9184      43.3097
    9185      43.0253
    9186      47.3389
    9187      52.5306
    9188      51.4922
    9189      48.8153
    9190      49.3433
    9191      49.6247
    9192      47.3684
    9193      53.2081
    9194      49.3919
    9195      43.2458
    9196      44.0941
    9197      45.0192
    9198      44.5136
    9199      47.0529
    9200      51.8028
    9201      52.2660
    9202      48.2300
    9203      48.5854
    9204      50.6831
    9205      51.7642
    9206      47.8997
    9207      51.4322
    9208      49.6714
    9209      51.9496
    9210      53.1281
    9211      53.1785
    9212      49.2944
    9213      53.3500
    9214      50.1769
    9215      49.8012
    9216      53.4917
    9217      51.9873
    9218      50.5826
    9219      50.0245
    9220      48.2063
    9221      49.7029
    9222      47.1135
    9223      44.8606
    9224      45.2297
    9225      47.7925
    9226      47.7539
    9227      51.7205
    9228      48.8912
    9229      50.7258
    9230      51.1250
    9231      53.1817
    9232      54.8639
    9233      52.3394
    9234      56.0774
    9235      52.8751
    9236      52.1275
    9237      53.1324
    9238      51.7828
    9239      49.2947
    9240      44.6418
    9241      44.4723
    9242      44.5100
    9243      46.7049
    9244      47.9672
    9245      51.0312
    9246      51.8925
    9247      51.2241
    9248      47.2170
    9249      49.3620
    9250      50.7944
    9251      50.0815
    9252      46.4873
    9253      50.5148
    9254      56.2197
    9255      55.8217
    9256      47.4686
    9257      45.8135
    9258      46.8198
    9259      43.4733
    9260      45.7986
    9261      47.5713
    9262      46.2722
    9263      49.4745
    9264      54.3286
    9265      49.8981
    9266      50.6863
    9267      51.8969
    9268      47.3093
    9269      45.4664
    9270      47.6727
    9271      48.2890
    9272      46.5679
    9273      47.9139
    9274      45.7629
    9275      48.7281
    9276      46.3408
    9277      46.4138
    9278      46.0760
    9279      47.0245
    9280      43.8860
    9281      47.4016
    9282      45.8818
    9283      44.3048
    9284      44.5768
    9285      45.1494
    9286      47.0752
    9287      47.2705
    9288      46.0227
    9289      45.8646
    9290      45.0602
    9291      45.0099
    9292      47.7209
    9293      48.1071
    9294      50.2580
    9295      46.0888
    9296      46.6681
    9297      48.9782
    9298      51.0345
    9299      51.6250
    9300      52.4019
    9301      51.3463
    9302      56.1879
    9303      51.8666
    9304      51.1896
    9305      51.5364
    9306      51.4989
    9307      51.1895
    9308      55.7000
    9309      55.1506
    9310      54.6774
    9311      55.4032
    9312      56.6963
    9313      59.0225
    9314      56.9894
    9315      55.1966
    9316      55.2917
    9317      51.6967
    9318      50.7121
    9319      50.8480
    9320      55.5304
    9321      56.1416
    9322      56.1427
    9323      55.1444
    9324      55.7465
    9325      51.3215
    9326      45.7790
    9327      44.1867
    9328      46.5549
    9329      48.9265
    9330      50.0608
    9331      45.2166
    9332      45.7890
    9333      42.2612
    9334      43.2206
    9335      45.5306
    9336      46.4429
    9337      49.1768
    9338      49.4293
    9339      48.3651
    9340      45.2087
    9341      42.2071
    9342      45.0093
    9343      39.7077
    9344      41.7878
    9345      42.7756
    9346      44.5232
    9347      38.6310
    9348      38.8086
    9349      40.4471
    9350      43.6853
    9351      44.0446
    9352      45.7053
    9353      41.7423
    9354      38.3186
    9355      45.0507
    9356      46.9467
    9357      42.3451
    9358      38.5614
    9359      41.7361
    9360      40.3406
    9361      39.2852
    9362      36.0089
    9363      36.7860
    9364      40.1513
    9365      45.1220
    9366      44.8501
    9367      47.8777
    9368      42.8657
    9369      45.2220
    9370      41.3961
    9371      41.8665
    9372      45.0641
    9373      41.8305
    9374      44.5144
    9375      47.1708
    9376      44.9166
    9377      44.2317
    9378      42.6429
    9379      44.3781
    9380      41.5769
    9381      41.9621
    9382      45.5045
    9383      46.2850
    9384      48.0884
    9385      47.7660
    9386      48.4713
    9387      50.1266
    9388      49.7611
    9389      50.5846
    9390      47.2906
    9391      46.1267
    9392      46.1232
    9393      49.2827
    9394      48.4230
    9395      47.5844
    9396      44.8370
    9397      46.8561
    9398      50.6415
    9399      49.8862
    9400      48.9475
    9401      49.9420
    9402      46.1730
    9403      47.3646
    9404      44.8911
    9405      46.8854
    9406      47.4528
    9407      48.6163
    9408      47.5140
    9409      46.8938
    9410      45.9501
    9411      43.7785
    9412      42.7355
    9413      46.5709
    9414      44.0633
    9415      41.4924
    9416      42.6285
    9417      43.5149
    9418      45.0064
    9419      45.6142
    9420      44.9057
    9421      46.6495
    9422      46.0124
    9423      45.1991
    9424      45.1775
    9425      43.7407
    9426      45.5400
    9427      44.5310
    9428      44.7457
    9429      45.8387
    9430      44.3421
    9431      44.9727
    9432      44.2886
    9433      46.2897
    9434      47.3872
    9435      45.8769
    9436      46.0898
    9437      46.4320
    9438      44.5560
    9439      47.3757
    9440      48.8492
    9441      44.1356
    9442      46.6586
    9443      47.0473
    9444      46.7634
    9445      46.6806
    9446      44.3985
    9447      46.3468
    9448      46.6365
    9449      48.3069
    9450      46.6497
    9451      45.0441
    9452      45.8888
    9453      46.6350
    9454      46.6784
    9455      46.3241
    9456      48.1837
    9457      46.0658
    9458      46.3997
    9459      47.9847
    9460      46.5937
    9461      43.7780
    9462      45.8573
    9463      45.5325
    9464      44.7116
    9465      45.0060
    9466      45.2204
    9467      47.1100
    9468      46.6611
    9469      47.8004
    9470      46.2943
    9471      47.1964
    9472      47.3900
    9473      46.7898
    9474      46.8558
    9475      43.9340
    9476      49.6972
    9477      47.2370
    9478      49.5394
    9479      47.1206
    9480      50.5442
    9481      47.3555
    9482      43.0765
    9483      41.0217
    9484      43.1981
    9485      43.3248
    9486      44.3141
    9487      44.2438
    9488      49.0348
    9489      47.4627
    9490      47.7140
    9491      46.6485
    9492      47.8257
    9493      47.2417
    9494      44.2557
    9495      45.6197
    9496      45.6648
    9497      47.1796
    9498      52.1889
    9499      51.3850
    9500      50.2947
    9501      50.8525
    9502      50.6891
    9503      50.3869
    9504      49.5281
    9505      49.5390
    9506      48.5485
    9507      49.0415
    9508      50.6921
    9509      46.9362
    9510      46.8310
    9511      47.4156
    9512      44.7173
    9513      45.0911
    9514      40.9514
    9515      45.6759
    9516      45.1773
    9517      49.6256
    9518      52.7997
    9519      52.1414
    9520      51.2813
    9521      51.5070
    9522      51.6828
    9523      48.1790
    9524      46.2268
    9525      44.1436
    9526      44.0870
    9527      43.6272
    9528      45.4610
    9529      45.3150
    9530      44.9790
    9531      44.5982
    9532      44.6321
    9533      44.1985
    9534      45.5309
    9535      42.8272
    9536      43.7662
    9537      46.8312
    9538      50.2594
    9539      50.2764
    9540      46.6170
    9541      48.2508
    9542      49.5717
    9543      50.5229
    9544      52.7875
    9545      53.0362
    9546      52.7546
    9547      55.0944
    9548      48.0432
    9549      50.3590
    9550      53.9627
    9551      53.0262
    9552      54.3912
    9553      49.0075
    9554      46.4655
    9555      45.4677
    9556      47.6995
    9557      51.7513
    9558      49.2366
    9559      47.5569
    9560      51.5167
    9561      47.1056
    9562      50.4952
    9563      51.3809
    9564      49.2430
    9565      47.3692
    9566      46.4769
    9567      46.1044
    9568      44.6152
    9569      44.6699
    9570      51.1332
    9571      52.3092
    9572      49.7337
    9573      46.5438
    9574      45.1365
    9575      47.0674
    9576      49.4035
    9577      52.4162
    9578      54.7622
    9579      51.5786
    9580      52.0629
    9581      52.5352
    9582      47.2647
    9583      46.9984
    9584      52.5179
    9585      54.1224
    9586      48.7457
    9587      50.7107
    9588      49.6943
    9589      52.4832
    9590      53.6581
    9591      54.0213
    9592      53.0213
    9593      52.2544
    9594      53.9608
    9595      53.6783
    9596      55.2775
    9597      56.3720
    9598      56.5077
    9599      49.0870
    9600      49.7316
    9601      50.2383
    9602      52.6141
    9603      49.7738
    9604      49.5429
    9605      48.2803
    9606      45.3464
    9607      45.5356
    9608      49.4365
    9609      47.1869
    9610      43.1805
    9611      48.3145
    9612      48.2307
    9613      51.5248
    9614      50.8041
    9615      53.5566
    9616      55.1753
    9617      52.3629
    9618      47.9648
    9619      48.4148
    9620      48.9417
    9621      51.6121
    9622      53.8838
    9623      53.2651
    9624      53.1236
    9625      49.3910
    9626      47.0196
    9627      46.6256
    9628      46.0859
    9629      48.9351
    9630      47.5294
    9631      49.3759
    9632      49.0855
    9633      52.6141
    9634      50.5485
    9635      50.7074
    9636      54.6739
    9637      55.1273
    9638      55.0606
    9639      55.3697
    9640      51.7635
    9641      51.5241
    9642      50.1683
    9643      51.7237
    9644      57.6184
    9645      55.5321
    9646      52.9878
    9647      53.1798
    9648      50.3610
    9649      48.5933
    9650      51.1515
    9651      48.1090
    9652      46.7119
    9653      50.1658
    9654      53.3126
    9655      54.9295
    9656      55.1711
    9657      51.1819
    9658      47.9674
    9659      53.6172
    9660      49.4108
    9661      49.5987
    9662      55.0989
    9663      52.6796
    9664      51.5073
    9665      47.5402
    9666      48.5316
    9667      46.5380
    9668      48.6889
    9669      51.2416
    9670      48.2951
    9671      48.7229
    9672      43.2414
    9673      39.8285
    9674      43.7333
    9675      48.6027
    9676      48.3804
    9677      51.3655
    9678      47.3061
    9679      47.4859
    9680      49.3181
    9681      46.7666
    9682      46.2346
    9683      46.4690
    9684      52.0321
    9685      51.2673
    9686      49.2978
    9687      49.3453
    9688      45.3872
    9689      44.1722
    9690      47.0530
    9691      50.3901
    9692      51.8573
    9693      48.4604
    9694      49.2308
    9695      50.7017
    9696      55.5151
    9697      53.6823
    9698      54.7425
    9699      51.9993
    9700      46.3681
    9701      42.2222
    9702      44.1913
    9703      43.1770
    9704      48.2860
    9705      51.5373
    9706      50.7738
    9707      53.2174
    9708      54.2382
    9709      49.9541
    9710      51.9173
    9711      49.0693
    9712      49.7839
    9713      54.2348
    9714      50.7847
    9715      51.4241
    9716      48.0530
    9717      48.6261
    9718      49.8345
    9719      46.4817
    9720      47.7070
    9721      47.5630
    9722      48.4239
    9723      50.4803
    9724      47.7911
    9725      48.0401
    9726      49.6455
    9727      50.9623
    9728      47.0008
    9729      47.0100
    9730      48.4732
    9731      48.0402
    9732      49.5674
    9733      47.7221
    9734      53.0976
    9735      50.1085
    9736      49.4320
    9737      48.4496
    9738      46.9365
    9739      44.8765
    9740      47.2947
    9741      49.9307
    9742      47.0566
    9743      47.6773
    9744      43.4323
    9745      48.3181
    9746      48.8516
    9747      52.7483
    9748      48.7028
    9749      49.5045
    9750      47.0328
    9751      49.5304
    9752      45.8837
    9753      44.8011
    9754      47.2043
    9755      50.4639
    9756      48.3594
    9757      49.6147
    9758      48.9384
    9759      51.2161
    9760      52.6194
    9761      50.6987
    9762      52.0233
    9763      50.2741
    9764      51.3887
    9765      54.7125
    9766      49.0980
    9767      46.7416
    9768      48.0274
    9769      51.5450
    9770      47.4015
    9771      47.3437
    9772      49.4125
    9773      53.3294
    9774      53.7114
    9775      49.4401
    9776      48.2817
    9777      49.1755
    9778      49.6803
    9779      52.8376
    9780      51.8124
    9781      53.2222
    9782      51.0077
    9783      53.0560
    9784      50.3898
    9785      49.3822
    9786      50.2168
    9787      50.3262
    9788      49.5412
    9789      47.5452
    9790      50.2983
    9791      47.2212
    9792      49.8460
    9793      49.9141
    9794      50.3766
    9795      47.7386
    9796      47.7378
    9797      48.0976
    9798      52.4026
    9799      50.8215
    9800      49.7098
    9801      48.6144
    9802      54.5116
    9803      53.8768
    9804      53.9010
    9805      51.7105
    9806      50.3898
    9807      53.8481
    9808      52.3174
    9809      55.2438
    9810      55.7472
    9811      53.5792
    9812      51.6887
    9813      54.1395
    9814      55.4929
    9815      58.0384
    9816      53.9802
    9817      52.7122
    9818      53.6299
    9819      52.4116
    9820      52.7122
    9821      55.4220
    9822      52.2187
    9823      49.1945
    9824      49.7030
    9825      51.4892
    9826      54.0768
    9827      57.0684
    9828      56.6367
    9829      54.1752
    9830      56.8902
    9831      51.6786
    9832      49.1681
    9833      51.0022
    9834      53.7985
    9835      52.4488
    9836      50.8391
    9837      53.1459
    9838      50.9227
    9839      48.2425
    9840      48.2569
    9841      47.9527
    9842      49.5646
    9843      46.9254
    9844      53.1129
    9845      53.5840
    9846      52.4836
    9847      47.6785
    9848      48.9309
    9849      49.1208
    9850      44.5769
    9851      47.3754
    9852      50.2106
    9853      46.2713
    9854      47.8045
    9855      50.0862
    9856      50.5092
    9857      51.8871
    9858      50.7433
    9859      56.0478
    9860      54.1017
    9861      49.9107
    9862      48.1412
    9863      46.8187
    9864      47.6064
    9865      47.7083
    9866      47.5698
    9867      51.7700
    9868      51.9321
    9869      52.4708
    9870      49.5229
    9871      52.3521
    9872      47.8342
    9873      41.1248
    9874      43.1525
    9875      45.2852
    9876      51.7361
    9877      46.8887
    9878      46.0270
    9879      46.8333
    9880      47.7367
    9881      44.1135
    9882      45.2894
    9883      48.8708
    9884      47.9667
    9885      43.2525
    9886      42.0513
    9887      44.3639
    9888      43.7521
    9889      46.6342
    9890      47.5246
    9891      45.8766
    9892      45.9299
    9893      48.2104
    9894      48.0145
    9895      44.7817
    9896      46.3546
    9897      42.7521
    9898      44.2581
    9899      42.1319
    9900      40.8902
    9901      40.2829
    9902      41.5708
    9903      41.8383
    9904      40.8425
    9905      43.2359
    9906      45.2869
    9907      46.7645
    9908      49.0174
    9909      49.8484
    9910      49.8434
    9911      52.2878
    9912      56.0652
    9913      48.8954
    9914      51.1456
    9915      51.1651
    9916      48.9636
    9917      47.9305
    9918      45.9145
    9919      46.2549
    9920      47.5510
    9921      46.4824
    9922      49.1439
    9923      49.0085
    9924      48.6194
    9925      49.4463
    9926      52.0240
    9927      51.1440
    9928      49.7386
    9929      47.9192
    9930      48.1387
    9931      49.6300
    9932      48.9079
    9933      48.4997
    9934      44.4087
    9935      50.1471
    9936      49.4012
    9937      47.6960
    9938      44.7701
    9939      41.9967
    9940      42.7715
    9941      40.4802
    9942      44.1942
    9943      43.7820
    9944      43.5370
    9945      44.0509
    9946      46.4876
    9947      43.0096
    9948      46.5614
    9949      47.5406
    9950      48.0809
    9951      48.2119
    9952      53.3726
    9953      54.0766
    9954      51.2942
    9955      48.8022
    9956      45.6928
    9957      43.6841
    9958      46.7316
    9959      46.4396
    9960      43.3666
    9961      47.8060
    9962      47.9102
    9963      49.3320
    9964      50.5144
    9965      51.0578
    9966      46.0552
    9967      46.8730
    9968      46.7516
    9969      44.2912
    9970      44.2403
    9971      42.3686
    9972      44.6198
    9973      42.3710
    9974      43.2992
    9975      46.4714
    9976      45.3977
    9977      42.8848
    9978      43.7087
    9979      42.8836
    9980      45.9955
    9981      48.4484
    9982      48.1483
    9983      45.3490
    9984      42.9136
    9985      44.2494
    9986      47.0773
    9987      44.6276
    9988      43.6153
    9989      49.7066
    9990      49.2198
    9991      48.0989
    9992      48.7747
    9993      49.3727
    9994      50.2882
    9995      50.0294
    9996      50.0151
    9997      49.3740
    9998      48.7691
    9999      47.3195
   10000      47.7580
   10001      45.9059
   10002      49.9393
   10003      49.0866
   10004      50.5801
   10005      50.2025
   10006      52.2903
   10007      54.3613
   10008      55.4527
   10009      52.5562
   10010      48.0513
   10011      52.9228
   10012      49.4544
   10013      48.3158
   10014      46.9681
   10015      52.5543
   10016      51.9232
   10017      52.3771
   10018      47.4284
   10019      49.2276
   10020      46.8130
   10021      48.0149
   10022      47.0283
   10023      49.2016
   10024      47.7127
   10025      52.8802
   10026      50.3146
   10027      52.8559
   10028      52.9471
   10029      56.4548
   10030      54.1766
   10031      56.3231
   10032      55.0216
   10033      50.9778
   10034      51.1907
   10035      53.4775
   10036      49.7197
   10037      46.2885
   10038      46.8557
   10039      44.9136
   10040      46.1895
   10041      47.9920
   10042      45.0712
   10043      47.9558
   10044      49.8598
   10045      50.2464
   10046      41.7106
   10047      45.1288
   10048      43.9625
   10049      44.9675
   10050      48.8999
   10051      49.9423
   10052      47.0651
   10053      46.6958
   10054      48.3406
   10055      48.3279
   10056      43.1671
   10057      43.7682
   10058      45.5702
   10059      45.6202
   10060      45.2295
   10061      45.1580
   10062      44.3852
   10063      43.9237
   10064      42.3498
   10065      44.6999
   10066      48.3599
   10067      48.2588
   10068      52.3108
   10069      49.2606
   10070      43.1224
   10071      48.3449
   10072      49.1386
   10073      44.8535
   10074      42.5746
   10075      41.7602
   10076      43.5023
   10077      41.0682
   10078      42.3845
   10079      39.4460
   10080      42.1813
   10081      41.4260
   10082      38.5926
   10083      37.0343
   10084      42.5530
   10085      40.0690
   10086      44.0353
   10087      45.7871
   10088      46.4940
   10089      46.7939
   10090      47.7298
   10091      47.7151
   10092      47.3323
   10093      48.2040
   10094      42.7050
   10095      45.0310
   10096      50.9426
   10097      45.1892
   10098      47.0164
   10099      46.9967
   10100      45.2737
   10101      48.0826
   10102      48.5510
   10103      46.8771
   10104      49.6985
   10105      47.4680
   10106      47.3678
   10107      47.3669
   10108      47.4677
   10109      47.0767
   10110      51.7708
   10111      45.0170
   10112      43.7234
   10113      40.5714
   10114      41.7991
   10115      43.8264
   10116      44.2690
   10117      41.0996
   10118      44.8700
   10119      44.1480
   10120      43.9413
   10121      44.1282
   10122      41.7347
   10123      41.8547
   10124      42.6502
   10125      43.0031
   10126      40.5554
   10127      41.6440
   10128      44.7098
   10129      46.0726
   10130      44.9491
   10131      44.9397
   10132      41.8491
   10133      39.3878
   10134      40.9033
   10135      39.9441
   10136      39.5773
   10137      41.9655
   10138      44.1301
   10139      40.9717
   10140      38.3963
   10141      39.0178
   10142      41.9423
   10143      41.9837
   10144      43.0119
   10145      44.8380
   10146      45.4997
   10147      44.7952
   10148      46.8650
   10149      47.2630
   10150      46.8669
   10151      44.7621
   10152      41.5521
   10153      42.6663
   10154      44.4293
   10155      44.8694
   10156      47.3141
   10157      46.9477
   10158      46.9211
   10159      43.8339
   10160      44.0660
   10161      47.0256
   10162      47.8567
   10163      49.6599
   10164      48.9882
   10165      49.0529
   10166      49.3512
   10167      47.6495
   10168      47.5828
   10169      46.0401
   10170      46.4714
   10171      45.1460
   10172      45.4682
   10173      45.9641
   10174      45.7524
   10175      44.7479
   10176      46.8695
   10177      44.6975
   10178      43.8531
   10179      45.9373
   10180      45.6962
   10181      42.4602
   10182      45.9795
   10183      44.8975
   10184      46.7117
   10185      50.3441
   10186      46.2985
   10187      44.8609
   10188      44.2376
   10189      44.9812
   10190      42.3703
   10191      44.9433
   10192      43.1080
   10193      43.6821
   10194      43.2388
   10195      44.5852
   10196      46.1917
   10197      42.3626
   10198      44.8243
   10199      45.1907
   10200      42.9255
   10201      45.2192
   10202      46.0635
   10203      42.8538
   10204      44.6585
   10205      45.9254
   10206      45.5291
   10207      43.8160
   10208      44.9847
   10209      44.8052
   10210      43.8981
   10211      44.2784
   10212      41.5347
   10213      44.6334
   10214      46.4001
   10215      45.5492
   10216      49.5151
   10217      47.1203
   10218      48.6427
   10219      49.5532
   10220      51.8413
   10221      56.6132
   10222      55.6072
   10223      53.5047
   10224      52.5944
   10225      51.2957
   10226      50.9788
   10227      49.0885
   10228      46.8934
   10229      44.5176
   10230      41.2147
   10231      42.0635
   10232      43.3724
   10233      41.6566
   10234      42.5102
   10235      41.1764
   10236      43.0173
   10237      42.3894
   10238      40.4899
   10239      45.9873
   10240      47.2188
   10241      47.7431
   10242      52.1382
   10243      48.3055
   10244      44.5782
   10245      43.5472
   10246      41.0343
   10247      41.8306
   10248      44.6868
   10249      45.6072
   10250      48.2143
   10251      47.0358
   10252      53.5532
   10253      52.8543
   10254      51.6552
   10255      50.6631
   10256      48.4176
   10257      49.9997
   10258      43.9828
   10259      43.6425
   10260      46.5776
   10261      51.0425
   10262      49.5734
   10263      50.7434
   10264      52.2198
   10265      51.3056
   10266      51.7064
   10267      51.4144
   10268      50.6633
   10269      45.8243
   10270      48.2528
   10271      48.2438
   10272      49.4052
   10273      45.9798
   10274      48.3956
   10275      43.7042
   10276      42.6252
   10277      43.1670
   10278      40.9308
   10279      40.5874
   10280      42.2543
   10281      44.3806
   10282      45.2533
   10283      46.8218
   10284      45.8982
   10285      44.3287
   10286      43.3107
   10287      44.3702
   10288      44.1245
   10289      41.3513
   10290      44.7121
   10291      44.6558
   10292      48.3616
   10293      50.1392
   10294      46.7772
   10295      47.6419
   10296      45.2184
   10297      44.2179
   10298      44.1896
   10299      45.9251
   10300      45.3667
   10301      45.2302
   10302      46.2857
   10303      50.6073
   10304      49.8990
   10305      51.7170
   10306      50.4041
   10307      49.8586
   10308      52.1570
   10309      47.9006
   10310      45.1238
   10311      43.2345
   10312      46.8616
   10313      47.5804
   10314      47.2035
   10315      45.7796
   10316      43.3161
   10317      47.9091
   10318      50.7508
   10319      53.6826
   10320      52.6856
   10321      51.9522
   10322      51.7616
   10323      52.6584
   10324      51.0880
   10325      51.6090
   10326      47.2208
   10327      46.6354
   10328      47.3989
   10329      46.5459
   10330      49.6425
   10331      44.4373
   10332      43.1063
   10333      46.6149
   10334      48.5057
   10335      50.3418
   10336      48.6836
   10337      45.9868
   10338      48.2440
   10339      47.7161
   10340      47.2547
   10341      45.7955
   10342      51.3386
   10343      47.6906
   10344      46.7053
   10345      49.3575
   10346      44.5920
   10347      43.9996
   10348      46.1315
   10349      49.4123
   10350      52.1472
   10351      54.2233
   10352      51.5518
   10353      47.4384
   10354      50.0085
   10355      44.4131
   10356      48.5327
   10357      45.9191
   10358      48.5339
   10359      45.6416
   10360      47.2433
   10361      46.9913
   10362      45.1524
   10363      43.6459
   10364      45.6846
   10365      44.6788
   10366      43.4924
   10367      44.7432
   10368      46.8613
   10369      45.8609
   10370      46.6657
   10371      45.3191
   10372      48.4574
   10373      50.6315
   10374      52.4944
   10375      43.7161
   10376      42.6145
   10377      40.4933
   10378      43.8288
   10379      44.3044
   10380      46.8097
   10381      41.3920
   10382      43.2634
   10383      43.1924
   10384      46.4736
   10385      47.7653
   10386      45.6661
   10387      46.1123
   10388      44.3719
   10389      45.5685
   10390      47.2424
   10391      45.3041
   10392      46.7753
   10393      45.5821
   10394      44.3668
   10395      47.2787
   10396      48.2370
   10397      44.0960
   10398      47.0772
   10399      46.5947
   10400      46.1589
   10401      50.0052
   10402      46.3254
   10403      45.3861
   10404      49.9671
   10405      50.9549
   10406      47.9068
   10407      45.3463
   10408      46.8798
   10409      45.5847
   10410      44.9498
   10411      43.6782
   10412      44.3590
   10413      43.4839
   10414      42.3929
   10415      43.4737
   10416      45.2227
   10417      45.7109
   10418      42.4594
   10419      42.1530
   10420      43.1504
   10421      44.1703
   10422      46.4762
   10423      48.4827
   10424      46.7890
   10425      45.6911
   10426      45.5137
   10427      43.6395
   10428      45.6660
   10429      41.2469
   10430      46.5330
   10431      48.3088
   10432      48.6205
   10433      50.2961
   10434      46.9418
   10435      49.7017
   10436      48.6516
   10437      51.8112
   10438      48.0088
   10439      48.0994
   10440      43.9368
   10441      43.4185
   10442      45.0184
   10443      43.2537
   10444      45.3209
   10445      43.6065
   10446      41.6674
   10447      43.3905
   10448      45.1331
   10449      43.9677
   10450      44.4703
   10451      47.2168
   10452      43.7076
   10453      47.6117
   10454      46.1191
   10455      44.9639
   10456      43.8034
   10457      45.1616
   10458      45.1368
   10459      44.2605
   10460      43.5000
   10461      47.3433
   10462      46.9719
   10463      46.8059
   10464      45.3548
   10465      47.4906
   10466      49.0308
   10467      47.5358
   10468      43.6061
   10469      44.6944
   10470      40.0742
   10471      42.2378
   10472      42.7616
   10473      44.2028
   10474      42.8185
   10475      41.8143
   10476      45.7015
   10477      46.8083
   10478      47.1273
   10479      41.8670
   10480      44.1577
   10481      43.5573
   10482      45.7930
   10483      49.3092
   10484      48.8997
   10485      51.0215
   10486      51.7694
   10487      48.5948
   10488      48.9466
   10489      51.3295
   10490      47.6649
   10491      46.5049
   10492      48.0280
   10493      48.5775
   10494      46.0197
   10495      45.3907
   10496      49.3379
   10497      46.9260
   10498      45.7543
   10499      49.8019
   10500      48.6788
   10501      46.4271
   10502      49.9793
   10503      49.8100
   10504      48.9769
   10505      48.4307
   10506      49.9992
   10507      50.9204
   10508      51.1030
   10509      51.9985
   10510      45.5952
   10511      48.0559
   10512      49.9257
   10513      51.6331
   10514      45.4112
   10515      48.3304
   10516      44.7751
   10517      46.0612
   10518      42.3570
   10519      39.3479
   10520      40.8577
   10521      43.4745
   10522      43.4011
   10523      43.1478
   10524      41.1081
   10525      42.9528
   10526      43.8336
   10527      45.7482
   10528      50.6193
   10529      49.3657
   10530      51.4796
   10531      47.4825
   10532      42.8989
   10533      42.7974
   10534      42.3464
   10535      41.2612
   10536      44.7529
   10537      46.5322
   10538      44.8969
   10539      45.1715
   10540      47.9830
   10541      49.1158
   10542      49.5700
   10543      48.2309
   10544      48.1690
   10545      51.7484
   10546      53.6112
   10547      49.2764
   10548      47.7052
   10549      48.7950
   10550      45.4259
   10551      49.9387
   10552      50.2477
   10553      50.7005
   10554      50.5103
   10555      50.8490
   10556      52.5535
   10557      48.5120
   10558      47.0350
   10559      46.2342
   10560      43.9076
   10561      43.0349
   10562      43.9262
   10563      49.5143
   10564      45.2084
   10565      44.8976
   10566      43.0108
   10567      41.5617
   10568      44.0713
   10569      45.1354
   10570      44.6385
   10571      44.0420
   10572      45.1109
   10573      45.8470
   10574      42.4460
   10575      43.5413
   10576      44.4552
   10577      44.2788
   10578      43.3284
   10579      42.6042
   10580      45.0383
   10581      48.3819
   10582      47.1719
   10583      46.0708
   10584      49.7731
   10585      48.6616
   10586      45.2935
   10587      42.3498
   10588      45.5355
   10589      44.7239
   10590      42.9519
   10591      41.8590
   10592      43.8576
   10593      43.7906
   10594      45.4966
   10595      45.4243
   10596      43.9268
   10597      45.0119
   10598      43.5796
   10599      50.5943
   10600      50.2256
   10601      53.5366
   10602      49.8311
   10603      47.2535
   10604      45.3862
   10605      49.1706
   10606      51.7302
   10607      46.8087
   10608      44.5088
   10609      47.7556
   10610      50.5613
   10611      48.8375
   10612      48.8451
   10613      48.6896
   10614      47.7383
   10615      48.5026
   10616      49.3665
   10617      48.0424
   10618      49.7051
   10619      53.1236
   10620      52.6716
   10621      50.7353
   10622      49.6013
   10623      46.9307
   10624      46.2864
   10625      46.5286
   10626      46.6545
   10627      45.4645
   10628      43.3447
   10629      44.7948
   10630      42.7462
   10631      44.4637
   10632      45.3859
   10633      50.0708
   10634      53.2779
   10635      51.9947
   10636      49.6328
   10637      47.8238
   10638      45.5918
   10639      47.1731
   10640      45.1479
   10641      49.0126
   10642      45.9058
   10643      43.0242
   10644      43.9293
   10645      41.3993
   10646      45.3051
   10647      47.6447
   10648      45.3665
   10649      48.6781
   10650      52.3842
   10651      46.3798
   10652      45.0833
   10653      46.1914
   10654      46.7162
   10655      48.0386
   10656      50.7101
   10657      49.4016
   10658      47.4445
   10659      45.0616
   10660      46.5793
   10661      43.5290
   10662      43.8144
   10663      44.8372
   10664      46.1412
   10665      50.7817
   10666      43.3655
   10667      46.9212
   10668      47.2235
   10669      44.4433
   10670      45.1805
   10671      45.0607
   10672      43.1877
   10673      42.0351
   10674      44.6150
   10675      42.9189
   10676      45.1479
   10677      43.3428
   10678      44.7332
   10679      44.0974
   10680      44.8735
   10681      46.4691
   10682      43.2201
   10683      45.6375
   10684      48.5711
   10685      48.7751
   10686      43.9587
   10687      45.5007
   10688      47.4871
   10689      42.3038
   10690      46.9734
   10691      45.8775
   10692      46.2310
   10693      43.4589
   10694      40.4374
   10695      43.4802
   10696      46.7071
   10697      48.7808
   10698      46.0429
   10699      44.4023
   10700      46.3455
   10701      48.3393
   10702      45.3044
   10703      44.3245
   10704      44.0455
   10705      46.9447
   10706      47.6845
   10707      42.7338
   10708      45.5216
   10709      46.9254
   10710      48.8784
   10711      45.6285
   10712      45.8305
   10713      49.4259
   10714      43.5148
   10715      44.7331
   10716      43.2527
   10717      46.7650
   10718      44.7169
   10719      49.7174
   10720      46.6174
   10721      54.5763
   10722      60.8697
   10723      61.2761
   10724      56.6082
   10725      59.0453
   10726      58.6620
   10727      57.9813
   10728      59.0569
   10729      59.5243
   10730      62.5261
   10731      66.0677
   10732      64.2291
   10733      63.9844
   10734      69.2228
   10735      73.1664
   10736      72.3222
   10737      72.6569
   10738      77.6491
   10739      73.5099
   10740      71.0824
   10741      73.1266
   10742      73.6010
   10743      72.5067
   10744      67.1810
   10745      66.5864
   10746      65.9697
   10747      65.6311
   10748      63.3918
   10749      61.1918
   10750      64.5335
   10751      67.6193
   10752      64.9133
   10753      59.4722
   10754      56.2453
   10755      52.4545
   10756      47.3322
   10757      47.1312
   10758      44.0306
   10759      47.1808
   10760      49.2295
   10761      51.8410
   10762      45.9602
   10763      47.1605
   10764      46.3938
   10765      45.7958
   10766      46.6684
   10767      48.3028
   10768      48.5534
   10769      48.8532
   10770      48.4012
   10771      47.2793
   10772      48.1398
   10773      47.4751
   10774      47.5465
   10775      48.1634
   10776      48.2700
   10777      49.9103
   10778      49.3156
   10779      48.7178
   10780      49.8775
   10781      50.0368
   10782      48.5216
   10783      49.7459
   10784      42.6792
   10785      43.5323
   10786      41.2545
   10787      43.1956
   10788      49.3422
   10789      51.9814
   10790      51.5901
   10791      47.7918
   10792      45.9167
   10793      44.6214
   10794      47.9055
   10795      44.4982
   10796      42.8093
   10797      46.7717
   10798      44.5549
   10799      44.1414
   10800      43.7044
   10801      43.8664
   10802      46.5116
   10803      48.0970
   10804      45.8909
   10805      45.0722
   10806      45.1382
   10807      46.2724
   10808      43.8893
   10809      43.9816
   10810      47.4001
   10811      48.7495
   10812      47.4348
   10813      48.0127
   10814      50.3360
   10815      47.6630
   10816      47.6675
   10817      47.0151
   10818      42.8348
   10819      48.9114
   10820      48.6726
   10821      49.6010
   10822      50.2866
   10823      47.6476
   10824      49.6936
   10825      51.7026
   10826      50.9309
   10827      48.0370
   10828      47.4629
   10829      43.2219
   10830      44.1408
   10831      46.9796
   10832      49.9088
   10833      47.1949
   10834      46.9702
   10835      44.7077
   10836      46.2315
   10837      48.6074
   10838      50.3603
   10839      47.8098
   10840      48.3461
   10841      46.6027
   10842      43.1011
   10843      48.3374
   10844      48.9376
   10845      48.0262
   10846      44.3630
   10847      47.2093
   10848      46.6468
   10849      47.1268
   10850      50.9549
   10851      50.4997
   10852      47.3216
   10853      48.2634
   10854      47.8142
   10855      47.0360
   10856      51.4353
   10857      50.1955
   10858      47.5755
   10859      46.3424
   10860      45.9332
   10861      46.7279
   10862      44.7768
   10863      44.0553
   10864      42.6683
   10865      43.4814
   10866      45.0131
   10867      46.2037
   10868      43.3648
   10869      42.9819
   10870      44.8930
   10871      45.6667
   10872      43.1171
   10873      43.3744
   10874      42.3376
   10875      42.0314
   10876      43.9120
   10877      45.0854
   10878      44.7192
   10879      47.6091
   10880      49.1323
   10881      44.8690
   10882      45.1830
   10883      43.5551
   10884      45.6736
   10885      42.9264
   10886      44.2020
   10887      45.9451
   10888      45.7720
   10889      44.8174
   10890      45.0140
   10891      46.2433
   10892      48.5298
   10893      47.2185
   10894      43.6630
   10895      45.3312
   10896      43.4668
   10897      43.2874
   10898      44.0209
   10899      42.7498
   10900      45.3152
   10901      44.0177
   10902      45.2495
   10903      44.4917
   10904      43.7105
   10905      44.7434
   10906      45.6484
   10907      47.7217
   10908      45.1419
   10909      47.3981
   10910      48.7665
   10911      50.9856
   10912      50.2181
   10913      46.4777
   10914      48.8181
   10915      49.7260
   10916      50.5359
   10917      50.7723
   10918      49.5486
   10919      49.3864
   10920      55.7476
   10921      50.7910
   10922      48.3852
   10923      45.8213
   10924      45.1330
   10925      47.7652
   10926      46.2577
   10927      49.8589
   10928      47.9200
   10929      56.1377
   10930      54.1195
   10931      51.2384
   10932      52.6123
   10933      49.5131
   10934      46.5979
   10935      46.6770
   10936      47.0632
   10937      46.2144
   10938      44.3228
   10939      45.4092
   10940      44.8981
   10941      44.7288
   10942      45.9264
   10943      45.4635
   10944      44.6223
   10945      44.4909
   10946      43.8440
   10947      44.7541
   10948      48.2232
   10949      48.3102
   10950      47.2225
   10951      46.7457
   10952      47.2590
   10953      46.6611
   10954      43.4822
   10955      45.7140
   10956      45.5066
   10957      49.4118
   10958      52.2221
   10959      52.5701
   10960      53.9104
   10961      52.3339
   10962      49.1157
   10963      48.8724
   10964      49.3993
   10965      47.2564
   10966      47.8032
   10967      45.5335
   10968      44.3087
   10969      45.2239
   10970      41.8809
   10971      43.5023
   10972      44.2143
   10973      46.0123
   10974      47.8288
   10975      48.8009
   10976      47.9816
   10977      42.2833
   10978      43.9840
   10979      51.0064
   10980      47.4655
   10981      45.2349
   10982      45.5738
   10983      47.5445
   10984      44.8696
   10985      46.1801
   10986      45.7661
   10987      46.8155
   10988      47.4157
   10989      48.7381
   10990      46.1109
   10991      46.7967
   10992      45.3230
   10993      47.2370
   10994      44.1203
   10995      44.6303
   10996      46.7628
   10997      49.1481
   10998      46.4925
   10999      46.1397
   11000      47.5615
   11001      47.1650
   11002      46.2094
   11003      45.8682
   11004      45.1405
   11005      49.0922
   11006      52.8615
   11007      55.6262
   11008      50.2365
   11009      50.6717
   11010      48.0608
   11011      44.1026
   11012      47.5281
   11013      45.3251
   11014      42.9880
   11015      43.4238
   11016      47.6569
   11017      48.9110
   11018      53.1207
   11019      51.3518
   11020      47.3633
   11021      44.9216
   11022      46.7147
   11023      46.5980
   11024      44.0413
   11025      45.5587
   11026      44.1413
   11027      43.6344
   11028      46.4054
   11029      46.9415
   11030      44.7948
   11031      46.4695
   11032      45.7934
   11033      44.5881
   11034      45.0274
   11035      40.0614
   11036      41.2293
   11037      40.1734
   11038      43.8830
   11039      46.6651
   11040      43.9101
   11041      45.2577
   11042      44.0164
   11043      46.4509
   11044      53.4143
   11045      51.9710
   11046      56.1867
   11047      53.7594
   11048      55.8344
   11049      53.3225
   11050      51.0974
   11051      50.4548
   11052      52.5659
   11053      58.4449
   11054      58.5809
   11055      61.2982
   11056      59.5192
   11057      56.3908
   11058      54.3411
   11059      54.7732
   11060      55.3376
   11061      60.6508
   11062      57.9071
   11063      57.7221
   11064      55.4925
   11065      58.9161
   11066      55.0256
   11067      51.2574
   11068      54.4682
   11069      52.5417
   11070      52.8962
   11071      50.8249
   11072      53.2223
   11073      53.2744
   11074      55.2438
   11075      53.6419
   11076      53.8986
   11077      53.2084
   11078      53.0026
   11079      54.7915
   11080      58.0768
   11081      57.6818
   11082      52.7248
   11083      51.9490
   11084      52.8146
   11085      54.8922
   11086      52.7548
   11087      55.3652
   11088      60.9169
   11089      61.2549
   11090      60.3921
   11091      58.0792
   11092      55.4183
   11093      51.4531
   11094      48.5449
   11095      46.2176
   11096      48.4158
   11097      48.0986
   11098      49.5689
   11099      46.4895
   11100      46.1441
   11101      48.0494
   11102      48.2180
   11103      49.4963
   11104      49.8923
   11105      51.1443
   11106      53.7285
   11107      51.3864
   11108      54.9745
   11109      51.0641
   11110      49.1617
   11111      46.3827
   11112      49.2448
   11113      43.9430
   11114      48.6189
   11115      49.4605
   11116      50.2242
   11117      50.3979
   11118      56.4269
   11119      47.8370
   11120      46.0329
   11121      46.0679
   11122      47.6811
   11123      50.7465
   11124      46.7837
   11125      47.1289
   11126      48.7775
   11127      49.4133
   11128      51.9503
   11129      48.2205
   11130      50.6595
   11131      49.7214
   11132      47.0212
   11133      49.1550
   11134      51.5980
   11135      48.2373
   11136      48.8362
   11137      47.6806
   11138      51.7431
   11139      49.6796
   11140      44.5797
   11141      44.0273
   11142      47.9436
   11143      49.1015
   11144      45.4164
   11145      48.3569
   11146      47.8261
   11147      50.9029
   11148      46.0416
   11149      48.1013
   11150      48.1773
   11151      47.1548
   11152      48.0354
   11153      50.6531
   11154      48.5225
   11155      48.2341
   11156      45.9510
   11157      46.5422
   11158      49.1649
   11159      47.6522
   11160      52.0818
   11161      51.9500
   11162      52.9140
   11163      49.2285
   11164      45.8476
   11165      48.3303
   11166      48.5026
   11167      48.8281
   11168      53.7149
   11169      51.0899
   11170      49.2433
   11171      50.3730
   11172      49.3152
   11173      47.0778
   11174      49.9364
   11175      51.8833
   11176      52.0794
   11177      56.7654
   11178      55.0558
   11179      53.8708
   11180      52.2149
   11181      53.8840
   11182      48.5866
   11183      48.8106
   11184      48.7258
   11185      48.8559
   11186      50.2435
   11187      55.3665
   11188      55.2472
   11189      57.2672
   11190      57.9209
   11191      56.3103
   11192      59.6339
   11193      61.3622
   11194      60.1617
   11195      56.5200
   11196      60.1665
   11197      57.6558
   11198      59.5159
   11199      57.5200
   11200      60.2469
   11201      58.0635
   11202      56.0652
   11203      59.6474
   11204      57.0420
   11205      54.5948
   11206      55.4374
   11207      50.0986
   11208      47.1245
   11209      45.1628
   11210      45.7623
   11211      47.5546
   11212      46.9736
   11213      46.4012
   11214      47.2460
   11215      46.1692
   11216      45.8583
   11217      42.7701
   11218      39.0206
   11219      47.5384
   11220      47.8767
   11221      49.3458
   11222      48.9402
   11223      48.4469
   11224      47.9687
   11225      46.6765
   11226      47.6239
   11227      46.4587
   11228      48.1575
   11229      48.4419
   11230      47.8781
   11231      48.8392
   11232      47.8503
   11233      44.1203
   11234      45.7808
   11235      50.5814
   11236      48.4832
   11237      50.4373
   11238      46.1272
   11239      47.5441
   11240      45.1022
   11241      44.2896
   11242      43.1172
   11243      47.4744
   11244      44.3310
   11245      47.4424
   11246      49.6915
   11247      49.1526
   11248      45.3600
   11249      48.0770
   11250      42.7170
   11251      46.7792
   11252      47.9472
   11253      44.2295
   11254      45.3804
   11255      47.3444
   11256      48.8999
   11257      50.4073
   11258      47.9580
   11259      45.4636
   11260      47.8614
   11261      47.3556
   11262      51.9533
   11263      47.5039
   11264      47.1977
   11265      50.7399
   11266      49.6945
   11267      57.1401
   11268      57.5827
   11269      60.6353
   11270      61.7282
   11271      53.2044
   11272      50.2015
   11273      48.2789
   11274      48.1605
   11275      50.4542
   11276      52.2585
   11277      52.7110
   11278      51.9870
   11279      54.9063
   11280      53.4092
   11281      51.5652
   11282      53.5865
   11283      52.9733
   11284      55.1078
   11285      51.9459
   11286      50.1608
   11287      46.5009
   11288      46.5372
   11289      46.8818
   11290      47.1349
   11291      48.5933
   11292      49.6348
   11293      49.0660
   11294      49.8834
   11295      48.4965
   11296      47.8100
   11297      45.0185
   11298      41.1461
   11299      46.3126
   11300      45.9630
   11301      44.4537
   11302      43.7846
   11303      42.0238
   11304      45.8916
   11305      48.0347
   11306      42.2498
   11307      42.2193
   11308      44.5333
   11309      44.9036
   11310      44.3433
   11311      45.2355
   11312      51.0981
   11313      47.5726
   11314      41.5172
   11315      46.5710
   11316      51.7047
   11317      51.5086
   11318      48.8751
   11319      50.0792
   11320      45.9824
   11321      47.3740
   11322      47.2286
   11323      46.3904
   11324      47.2097
   11325      50.6034
   11326      55.3040
   11327      56.2650
   11328      60.5877
   11329      59.9513
   11330      61.9346
   11331      62.9805
   11332      60.7560
   11333      61.9608
   11334      57.5279
   11335      54.4520
   11336      54.4557
   11337      53.5279
   11338      60.2198
   11339      59.9712
   11340      53.8034
   11341      52.2540
   11342      51.7591
   11343      48.3988
   11344      46.6996
   11345      47.7577
   11346      47.6437
   11347      52.1507
   11348      53.1945
   11349      53.6868
   11350      50.8434
   11351      48.6394
   11352      48.6582
   11353      50.7399
   11354      48.9556
   11355      47.9704
   11356      52.0627
   11357      50.3234
   11358      49.3410
   11359      45.2063
   11360      48.7637
   11361      48.3445
   11362      47.1913
   11363      46.2703
   11364      48.7078
   11365      49.6066
   11366      55.1862
   11367      50.4508
   11368      46.2780
   11369      49.4335
   11370      50.9745
   11371      49.9549
   11372      46.8661
   11373      45.8202
   11374      51.7424
   11375      44.9377
   11376      49.7984
   11377      49.8474
   11378      50.6900
   11379      52.4040
   11380      46.5229
   11381      46.5875
   11382      43.9982
   11383      46.9618
   11384      49.4016
   11385      51.8487
   11386      52.6518
   11387      52.0062
   11388      51.7152
   11389      50.3715
   11390      53.0679
   11391      48.6983
   11392      51.4027
   11393      48.9651
   11394      47.2620
   11395      49.4665
   11396      46.6520
   11397      48.5844
   11398      52.1841
   11399      48.9466
   11400      49.5195
   11401      49.1212
   11402      48.9433
   11403      48.0937
   11404      51.9053
   11405      54.1768
   11406      52.8972
   11407      49.1387
   11408      49.3977
   11409      48.9604
   11410      53.4206
   11411      49.1880
   11412      53.4530
   11413      51.6567
   11414      52.6382
   11415      45.9752
   11416      46.8144
   11417      47.5024
   11418      50.5799
   11419      48.7923
   11420      48.9433
   11421      46.8293
   11422      44.1401
   11423      45.3770
   11424      46.2259
   11425      46.3798
   11426      48.1254
   11427      52.3128
   11428      48.1962
   11429      47.2782
   11430      46.4107
   11431      46.9126
   11432      48.0957
   11433      47.4372
   11434      51.0590
   11435      48.1061
   11436      46.8017
   11437      46.6167
   11438      49.1580
   11439      48.6590
   11440      51.3933
   11441      47.8097
   11442      55.0101
   11443      52.8079
   11444      47.0808
   11445      49.8784
   11446      54.2870
   11447      52.4695
   11448      54.5905
   11449      48.8921
   11450      48.9629
   11451      51.4542
   11452      54.8381
   11453      54.4206
   11454      52.5603
   11455      51.1862
   11456      52.0704
   11457      49.9125
   11458      47.2757
   11459      49.6445
   11460      48.0115
   11461      49.2225
   11462      51.0836
   11463      50.0745
   11464      50.5222
   11465      51.8215
   11466      47.5775
   11467      49.4854
   11468      52.5103
   11469      51.0412
   11470      50.4648
   11471      46.0870
   11472      48.4407
   11473      49.1920
   11474      52.9566
   11475      50.5349
   11476      53.7433
   11477      60.0226
   11478      66.4353
   11479      64.2667
   11480      62.0090
   11481      61.2947
   11482      63.7514
   11483      63.4206
   11484      61.1268
   11485      58.3112
   11486      58.8486
   11487      55.4956
   11488      55.1757
   11489      54.8979
   11490      49.8770
   11491      48.9025
   11492      45.7297
   11493      43.6139
   11494      46.7778
   11495      49.4349
   11496      50.8997
   11497      49.8237
   11498      48.3129
   11499      52.2556
   11500      46.2354
   11501      48.4133
   11502      46.7397
   11503      46.4978
   11504      51.8671
   11505      48.7773
   11506      57.1116
   11507      53.2291
   11508      51.3019
   11509      50.7308
   11510      50.5577
   11511      48.7307
   11512      47.6883
   11513      47.5884
   11514      51.2703
   11515      48.2176
   11516      47.1601
   11517      47.1933
   11518      45.4525
   11519      48.6175
   11520      48.7677
   11521      50.4990
   11522      48.2083
   11523      51.6989
   11524      49.6939
   11525      50.1641
   11526      52.6934
   11527      50.0986
   11528      50.9238
   11529      49.0330
   11530      47.6236
   11531      46.4668
   11532      46.3114
   11533      49.9483
   11534      49.8838
   11535      51.9141
   11536      54.2884
   11537      57.7685
   11538      54.3839
   11539      50.4965
   11540      51.4380
   11541      52.9006
   11542      54.0518
   11543      49.1124
   11544      48.3660
   11545      43.7373
   11546      41.3197
   11547      44.4938
   11548      51.2087
   11549      48.9003
   11550      45.5944
   11551      48.3757
   11552      47.8333
   11553      44.1582
   11554      44.7965
   11555      45.5522
   11556      48.2402
   11557      49.1683
   11558      49.4929
   11559      49.9208
   11560      49.4121
   11561      49.6082
   11562      49.2234
   11563      46.5192
   11564      53.2260
   11565      54.5712
   11566      49.3113
   11567      48.4692
   11568      45.9245
   11569      44.8212
   11570      44.1228
   11571      46.3553
   11572      44.6958
   11573      43.3901
   11574      45.4236
   11575      44.2536
   11576      43.1040
   11577      43.7169
   11578      42.4013
   11579      43.5842
   11580      45.4198
   11581      43.9980
   11582      48.9096
   11583      48.5594
   11584      46.9857
   11585      52.2874
   11586      51.0942
   11587      48.3699
   11588      45.2890
   11589      44.4882
   11590      46.2108
   11591      46.3925
   11592      45.6162
   11593      46.2548
   11594      43.5969
   11595      44.3639
   11596      47.6967
   11597      44.8313
   11598      44.2054
   11599      43.7098
   11600      46.3349
   11601      44.0625
   11602      46.6873
   11603      47.2703
   11604      46.0276
   11605      45.2976
   11606      47.6445
   11607      50.9044
   11608      48.3688
   11609      47.6412
   11610      45.3941
   11611      46.9193
   11612      46.9898
   11613      47.5029
   11614      50.8171
   11615      51.5434
   11616      50.9482
   11617      50.1119
   11618      51.1541
   11619      48.3808
   11620      48.2057
   11621      47.9957
   11622      47.2619
   11623      47.0235
   11624      46.1899
   11625      46.5716
   11626      46.6789
   11627      46.1815
   11628      41.9111
   11629      45.5944
   11630      47.2740
   11631      48.8324
   11632      49.6638
   11633      47.5131
   11634      47.5789
   11635      42.6244
   11636      45.3861
   11637      47.9189
   11638      48.0952
   11639      47.3411
   11640      49.4549
   11641      51.0931
   11642      47.5815
   11643      48.6235
   11644      48.3113
   11645      50.0782
   11646      46.6595
   11647      45.8383
   11648      45.1559
   11649      45.7093
   11650      43.6304
   11651      44.3879
   11652      41.0205
   11653      43.7411
   11654      43.5274
   11655      40.9263
   11656      42.5169
   11657      44.1624
   11658      44.2265
   11659      48.0865
   11660      46.6647
   11661      44.2894
   11662      45.1319
   11663      46.9304
   11664      48.7795
   11665      55.1160
   11666      54.3214
   11667      51.6506
   11668      53.0335
   11669      54.0715
   11670      56.1483
   11671      56.9550
   11672      52.6958
   11673      50.8968
   11674      50.5044
   11675      48.2945
   11676      48.3870
   11677      47.2306
   11678      48.0653
   11679      48.7141
   11680      47.7290
   11681      50.0208
   11682      51.1491
   11683      48.0176
   11684      47.0185
   11685      45.5935
   11686      49.3258
   11687      46.2742
   11688      48.9311
   11689      47.8917
   11690      45.9076
   11691      49.1381
   11692      48.1419
   11693      46.4911
   11694      51.5462
   11695      48.8127
   11696      47.1022
   11697      49.4403
   11698      49.1703
   11699      53.0882
   11700      46.8822
   11701      45.8261
   11702      48.8283
   11703      46.5880
   11704      47.4063
   11705      44.1380
   11706      50.2105
   11707      55.3732
   11708      57.9219
   11709      55.9269
   11710      57.6680
   11711      58.1577
   11712      60.9004
   11713      59.0943
   11714      56.3366
   11715      56.5589
   11716      59.5921
   11717      56.7699
   11718      55.6257
   11719      52.4496
   11720      50.1537
   11721      44.4774
   11722      46.9007
   11723      48.1049
   11724      50.3583
   11725      46.3194
   11726      47.4294
   11727      46.3040
   11728      46.0996
   11729      49.2761
   11730      49.0706
   11731      45.3655
   11732      46.0589
   11733      48.2731
   11734      47.4250
   11735      45.2295
   11736      48.4533
   11737      45.2104
   11738      45.2951
   11739      46.4817
   11740      47.5264
   11741      45.9538
   11742      42.5298
   11743      42.0990
   11744      42.2464
   11745      43.5860
   11746      46.5760
   11747      46.7139
   11748      48.1502
   11749      47.0643
   11750      48.1093
   11751      42.8412
   11752      48.7934
   11753      48.5119
   11754      46.2289
   11755      44.7136
   11756      46.5303
   11757      46.5887
   11758      49.4263
   11759      46.7234
   11760      47.9500
   11761      45.8216
   11762      46.7780
   11763      46.4667
   11764      43.5568
   11765      45.4270
   11766      42.0399
   11767      42.4701
   11768      43.7493
   11769      48.4115
   11770      48.0572
   11771      43.4862
   11772      42.3951
   11773      44.4458
   11774      45.5097
   11775      46.5288
   11776      49.4394
   11777      47.8872
   11778      50.1664
   11779      54.9061
   11780      50.6927
   11781      50.0303
   11782      50.0530
   11783      51.1527
   11784      50.7676
   11785      49.9083
   11786      50.8610
   11787      50.6405
   11788      46.3479
   11789      50.9438
   11790      50.2876
   11791      50.0365
   11792      48.8219
   11793      50.3423
   11794      52.8604
   11795      51.6848
   11796      54.1761
   11797      54.8078
   11798      59.9240
   11799      59.7253
   11800      62.9180
   11801      60.1416
   11802      54.6228
   11803      53.0092
   11804      53.6537
   11805      47.9233
   11806      50.7168
   11807      52.8948
   11808      55.0263
   11809      51.8667
   11810      52.0348
   11811      51.2415
   11812      48.6156
   11813      52.6285
   11814      50.9616
   11815      47.4887
   11816      48.3966
   11817      45.1766
   11818      46.6459
   11819      46.9593
   11820      46.9193
   11821      44.3961
   11822      49.8925
   11823      48.2014
   11824      41.4698
   11825      42.3719
   11826      43.7872
   11827      47.3243
   11828      46.3538
   11829      45.3285
   11830      46.1018
   11831      49.9417
   11832      46.4900
   11833      43.4442
   11834      41.9187
   11835      43.0952
   11836      46.0763
   11837      44.4886
   11838      42.9037
   11839      45.2619
   11840      45.2522
   11841      45.7075
   11842      46.3808
   11843      43.8577
   11844      44.2677
   11845      49.4720
   11846      51.7234
   11847      50.9310
   11848      51.2671
   11849      51.1986
   11850      47.4282
   11851      45.3102
   11852      41.2401
   11853      41.8862
   11854      42.9944
   11855      41.9179
   11856      43.4234
   11857      41.9992
   11858      44.9122
   11859      42.7689
   11860      43.2392
   11861      41.0944
   11862      42.1167
   11863      40.2494
   11864      42.8162
   11865      40.2102
   11866      44.2472
   11867      44.3713
   11868      45.4278
   11869      42.2084
   11870      41.5074
   11871      41.9043
   11872      44.7906
   11873      45.3759
   11874      45.7134
   11875      43.8698
   11876      43.4648
   11877      41.5977
   11878      41.8099
   11879      41.3092
   11880      38.7614
   11881      40.6653
   11882      42.0898
   11883      44.7188
   11884      44.9904
   11885      40.4493
   11886      43.0140
   11887      38.3753
   11888      39.6167
   11889      42.7743
   11890      41.0259
   11891      39.5895
   11892      44.7652
   11893      44.1073
   11894      40.1670
   11895      44.7262
   11896      44.4845
   11897      43.4730
   11898      40.7450
   11899      41.8228
   11900      44.9686
   11901      45.1360
   11902      46.5757
   11903      46.5828
   11904      46.0513
   11905      44.6353
   11906      44.5606
   11907      39.9990
   11908      43.3750
   11909      39.5513
   11910      41.7921
   11911      43.6987
   11912      45.9271
   11913      42.0738
   11914      39.5151
   11915      38.3759
   11916      39.7838
   11917      39.8742
   11918      41.7551
   11919      38.5538
   11920      41.1783
   11921      42.0591
   11922      38.8017
   11923      39.4412
   11924      40.5324
   11925      45.9250
   11926      43.0830
   11927      43.1325
   11928      42.3475
   11929      45.3412
   11930      44.4601
   11931      45.9274
   11932      40.7388
   11933      40.9259
   11934      47.9836
   11935      47.0710
   11936      47.7743
   11937      50.8057
   11938      51.1418
   11939      48.5028
   11940      45.0550
   11941      40.9333
   11942      42.9749
   11943      45.9592
   11944      46.1869
   11945      45.6508
   11946      45.7111
   11947      47.2270
   11948      43.6554
   11949      44.0337
   11950      47.5194
   11951      43.1837
   11952      41.9112
   11953      42.1786
   11954      44.8792
   11955      44.6791
   11956      43.9068
   11957      46.0326
   11958      43.6491
   11959      41.2829
   11960      38.4759
   11961      40.8227
   11962      42.8801
   11963      42.6837
   11964      41.6982
   11965      39.9653
   11966      42.7447
   11967      40.2865
   11968      41.3294
   11969      41.1423
   11970      40.0314
   11971      41.4859
   11972      46.7650
   11973      40.5489
   11974      40.6394
   11975      41.5353
   11976      40.8640
   11977      40.3929
   11978      41.3048
   11979      39.8793
   11980      39.3123
   11981      41.7251
   11982      40.5180
   11983      38.9264
   11984      36.7065
   11985      41.9378
   11986      44.3197
   11987      44.1586
   11988      46.1964
   11989      42.0159
   11990      39.9121
   11991      36.7888
   11992      44.7528
   11993      45.7619
   11994      41.5959
   11995      39.9035
   11996      39.2257
   11997      37.6750
   11998      41.2002
   11999      36.9068
   12000      42.4998
   12001      40.5708
   12002      41.9167
   12003      43.1237
   12004      47.2203
   12005      43.3592
   12006      45.4921
   12007      42.2503
   12008      47.8674
   12009      49.6902
   12010      48.0557
   12011      51.3311
   12012      49.1365
   12013      53.3903
   12014      54.0101
   12015      56.2466
   12016      62.9429
   12017      59.2343
   12018      59.4057
   12019      59.9588
   12020      58.0183
   12021      60.2554
   12022      59.0692
   12023      52.2321
   12024      50.9332
   12025      51.7982
   12026      54.5772
   12027      55.7617
   12028      53.8402
   12029      56.2058
   12030      54.5135
   12031      50.1428
   12032      46.1505
   12033      46.5992
   12034      46.1789
   12035      45.9569
   12036      46.6515
   12037      44.3723
   12038      48.1838
   12039      49.3626
   12040      47.7787
   12041      46.5894
   12042      44.9962
   12043      42.9263
   12044      44.6245
   12045      42.1354
   12046      43.1487
   12047      44.2025
   12048      45.0349
   12049      48.3647
   12050      43.2246
   12051      43.0637
   12052      43.0240
   12053      44.2831
   12054      42.8739
   12055      44.0522
   12056      45.1258
   12057      45.9837
   12058      45.2343
   12059      43.6821
   12060      42.8872
   12061      43.8968
   12062      45.0656
   12063      48.7520
   12064      46.1214
   12065      47.5542
   12066      46.1800
   12067      51.1287
   12068      53.5420
   12069      53.8080
   12070      54.6474
   12071      54.4577
   12072      54.8766
   12073      53.5730
   12074      51.4689
   12075      50.2728
   12076      47.4856
   12077      42.0949
   12078      41.0067
   12079      44.0577
   12080      47.0215
   12081      49.9078
   12082      48.6604
   12083      47.1829
   12084      53.4996
   12085      55.9027
   12086      53.2090
   12087      53.8578
   12088      52.7790
   12089      53.8361
   12090      51.8285
   12091      51.7469
   12092      50.6433
   12093      48.3686
   12094      50.3328
   12095      45.2476
   12096      48.3087
   12097      51.9727
   12098      50.3218
   12099      46.4356
   12100      47.2929
   12101      49.7250
   12102      49.5185
   12103      48.0121
   12104      46.2929
   12105      49.6068
   12106      52.0617
   12107      51.0282
   12108      50.6724
   12109      49.1710
   12110      52.3049
   12111      52.2695
   12112      51.0131
   12113      52.7581
   12114      56.8937
   12115      53.6175
   12116      48.5899
   12117      52.4408
   12118      59.8950
   12119      56.3967
   12120      54.1381
   12121      50.6196
   12122      47.7126
   12123      48.4612
   12124      50.1474
   12125      48.1995
   12126      48.2225
   12127      52.9996
   12128      48.1900
   12129      49.2319
   12130      48.7416
   12131      48.5640
   12132      47.4936
   12133      48.5108
   12134      52.9847
   12135      51.8798
   12136      48.6765
   12137      45.7226
   12138      45.9360
   12139      48.7118
   12140      46.6837
   12141      45.4617
   12142      49.9226
   12143      47.5367
   12144      47.4860
   12145      46.1656
   12146      45.9244
   12147      48.2533
   12148      50.9580
   12149      51.5187
   12150      52.2798
   12151      54.1823
   12152      57.1747
   12153      52.9721
   12154      55.5166
   12155      58.1843
   12156      65.7538
   12157      64.6448
   12158      66.8835
   12159      65.1729
   12160      62.5768
   12161      60.2747
   12162      54.7631
   12163      59.6431
   12164      57.7084
   12165      55.7325
   12166      55.3142
   12167      58.0681
   12168      60.9960
   12169      58.7283
   12170      53.8917
   12171      52.4725
   12172      52.2207
   12173      53.2960
   12174      50.5065
   12175      52.4808
   12176      51.5899
   12177      44.6901
   12178      49.7956
   12179      49.8947
   12180      46.6659
   12181      45.3520
   12182      46.9458
   12183      45.1271
   12184      44.0294
   12185      47.8512
   12186      51.2185
   12187      51.9373
   12188      52.0481
   12189      56.0049
   12190      57.9387
   12191      56.8048
   12192      54.6255
   12193      50.0548
   12194      44.1588
   12195      50.2208
   12196      52.3385
   12197      47.5081
   12198      45.5993
   12199      43.1473
   12200      45.1960
   12201      44.8446
   12202      45.1404
   12203      46.4643
   12204      46.4704
   12205      42.4467
   12206      45.4785
   12207      46.9774
   12208      45.0104
   12209      48.8071
   12210      45.8221
   12211      44.8509
   12212      45.8096
   12213      45.2673
   12214      45.3256
   12215      46.1760
   12216      46.0286
   12217      46.1854
   12218      49.1235
   12219      47.3390
   12220      46.5623
   12221      49.0861
   12222      47.7977
   12223      46.5998
   12224      46.8268
   12225      47.5315
   12226      48.0774
   12227      46.1714
   12228      48.7890
   12229      49.5990
   12230      46.7317
   12231      45.9810
   12232      45.3386
   12233      45.1266
   12234      46.7016
   12235      49.4411
   12236      51.7746
   12237      48.3949
   12238      50.5435
   12239      49.4632
   12240      48.5493
   12241      52.2551
   12242      49.4554
   12243      45.5183
   12244      52.1832
   12245      48.4187
   12246      52.3987
   12247      50.9468
   12248      52.6619
   12249      54.4773
   12250      57.8574
   12251      59.0616
   12252      55.1007
   12253      58.2264
   12254      65.1995
   12255      59.9300
   12256      57.1366
   12257      60.3452
   12258      58.8342
   12259      58.4809
   12260      58.1699
   12261      53.6975
   12262      52.4427
   12263      49.7517
   12264      47.4828
   12265      47.3703
   12266      48.7308
   12267      50.0879
   12268      51.2203
   12269      49.6822
   12270      51.4089
   12271      44.8691
   12272      46.0524
   12273      46.8374
   12274      45.9550
   12275      45.4636
   12276      45.6010
   12277      47.2972
   12278      47.9258
   12279      47.9078
   12280      46.9816
   12281      47.6014
   12282      46.6929
   12283      47.0695
   12284      50.2417
   12285      52.3595
   12286      45.0927
   12287      46.0616
   12288      46.2036
   12289      47.3962
   12290      49.0900
   12291      52.2442
   12292      54.8887
   12293      49.4499
   12294      45.7425
   12295      47.8900
   12296      45.2389
   12297      44.0038
   12298      44.4329
   12299      48.2575
   12300      49.7271
   12301      43.4651
   12302      40.9661
   12303      43.1055
   12304      46.1850
   12305      45.3270
   12306      48.5483
   12307      48.7976
   12308      47.4487
   12309      50.8646
   12310      47.4862
   12311      49.1037
   12312      48.5569
   12313      46.5724
   12314      47.4520
   12315      46.4368
   12316      43.3798
   12317      47.6484
   12318      50.5944
   12319      50.3915
   12320      50.2873
   12321      49.2573
   12322      48.3683
   12323      46.7830
   12324      45.0976
   12325      46.1835
   12326      46.1161
   12327      47.2599
   12328      45.0670
   12329      45.4983
   12330      45.8278
   12331      45.7960
   12332      44.3828
   12333      45.4648
   12334      46.8665
   12335      49.2932
   12336      49.8922
   12337      47.4042
   12338      48.3647
   12339      50.1720
   12340      45.1723
   12341      46.8285
   12342      47.0323
   12343      48.7794
   12344      49.0982
   12345      47.7193
   12346      48.4106
   12347      44.3776
   12348      47.6185
   12349      46.5751
   12350      48.5662
   12351      44.5542
   12352      44.0083
   12353      45.6851
   12354      45.5292
   12355      44.6729
   12356      42.5964
   12357      44.4098
   12358      48.7303
   12359      48.6175
   12360      43.7972
   12361      46.0435
   12362      45.0416
   12363      44.8803
   12364      45.9825
   12365      47.9229
   12366      47.7708
   12367      48.7454
   12368      45.5465
   12369      51.2661
   12370      46.9378
   12371      45.4143
   12372      46.7750
   12373      46.5736
   12374      45.2070
   12375      47.1571
   12376      48.0107
   12377      46.5327
   12378      47.4281
   12379      46.4551
   12380      51.7130
   12381      49.8333
   12382      45.9589
   12383      46.6323
   12384      47.2235
   12385      47.8509
   12386      45.0638
   12387      44.6053
   12388      43.4731
   12389      44.6195
   12390      47.5851
   12391      48.0440
   12392      45.5233
   12393      44.3784
   12394      46.3743
   12395      46.2214
   12396      48.6373
   12397      47.0440
   12398      47.3425
   12399      48.1350
   12400      47.9663
   12401      47.9792
   12402      49.5224
   12403      45.7464
   12404      46.8333
   12405      50.0545
   12406      45.9208
   12407      47.4578
   12408      47.4890
   12409      46.9094
   12410      46.2600
   12411      46.1848
   12412      45.0225
   12413      48.7781
   12414      51.3416
   12415      46.7629
   12416      46.8799
   12417      47.7568
   12418      48.3047
   12419      47.0297
   12420      46.1497
   12421      46.2415
   12422      45.5304
   12423      46.7804
   12424      46.9992
   12425      44.8396
   12426      44.3456
   12427      44.8240
   12428      43.7440
   12429      44.5425
   12430      46.2877
   12431      43.0427
   12432      45.8720
   12433      45.6320
   12434      44.6367
   12435      40.9900
   12436      45.0246
   12437      43.3928
   12438      45.0312
   12439      45.2356
   12440      47.8238
   12441      44.0402
   12442      46.5254
   12443      44.7935
   12444      44.8332
   12445      46.7551
   12446      47.3433
   12447      44.5194
   12448      45.7971
   12449      47.7722
   12450      47.7276
   12451      45.4315
   12452      45.6034
   12453      45.3153
   12454      48.4492
   12455      48.9899
   12456      47.7962
   12457      45.3210
   12458      46.8777
   12459      45.8475
   12460      45.8917
   12461      46.9854
   12462      52.4075
   12463      53.3765
   12464      48.6007
   12465      48.5280
   12466      50.8835
   12467      53.0613
   12468      53.8235
   12469      55.0558
   12470      52.7731
   12471      52.9024
   12472      56.8046
   12473      55.8046
   12474      56.0281
   12475      55.2713
   12476      53.7488
   12477      54.2250
   12478      59.6265
   12479      58.9783
   12480      59.8429
   12481      59.5005
   12482      60.9857
   12483      59.9606
   12484      60.8970
   12485      65.9385
   12486      67.4470
   12487      67.6552
   12488      70.9337
   12489      69.3871
   12490      71.2664
   12491      67.2780
   12492      66.1780
   12493      65.2431
   12494      65.7527
   12495      62.5293
   12496      66.3784
   12497      63.4126
   12498      66.4039
   12499      67.7135
   12500      70.7736
   12501      69.8273
   12502      74.2822
   12503      72.9649
   12504      76.4279
   12505      76.6695
   12506      77.4524
   12507      81.1337
   12508      83.3867
   12509      83.5337
   12510      80.1044
   12511      77.6085
   12512      74.0225
   12513      71.3780
   12514      66.5795
   12515      68.4793
   12516      73.3273
   12517      75.2175
   12518      75.3455
   12519      75.2299
   12520      75.3213
   12521      77.2079
   12522      76.1914
   12523      72.6186
   12524      71.9441
   12525      70.8737
   12526      69.4285
   12527      70.7647
   12528      70.4388
   12529      71.5951
   12530      73.5358
   12531      77.2225
   12532      71.8006
   12533      65.4595
   12534      67.2151
   12535      71.8324
   12536      72.8966
   12537      71.2316
   12538      71.8011
   12539      69.6971
   12540      68.7801
   12541      68.8213
   12542      64.7953
   12543      65.1610
   12544      65.6677
   12545      67.3893
   12546      65.8554
   12547      65.8188
   12548      62.4060
   12549      60.3673
   12550      59.0264
   12551      58.1853
   12552      54.9956
   12553      52.5802
   12554      50.5700
   12555      46.5151
   12556      50.3186
   12557      50.1168
   12558      51.0514
   12559      55.7502
   12560      52.1014
   12561      50.8723
   12562      55.6200
   12563      57.4935
   12564      54.0697
   12565      48.3346
   12566      46.4593
   12567      49.7514
   12568      47.0542
   12569      48.3258
   12570      46.8730
   12571      47.0576
   12572      45.8043
   12573      45.6622
   12574      46.9561
   12575      46.9713
   12576      50.3718
   12577      46.7207
   12578      48.5793
   12579      47.6212
   12580      43.5033
   12581      45.5174
   12582      46.4876
   12583      47.4554
   12584      48.6583
   12585      53.7202
   12586      49.4919
   12587      53.5594
   12588      55.2288
   12589      52.4116
   12590      53.9031
   12591      55.0679
   12592      53.8691
   12593      52.4201
   12594      55.2884
   12595      54.4187
   12596      49.7530
   12597      47.0047
   12598      46.5468
   12599      48.6403
   12600      45.5576
   12601      47.8580
   12602      47.1633
   12603      47.1773
   12604      49.2211
   12605      45.2819
   12606      44.1201
   12607      51.1115
   12608      52.4787
   12609      54.0683
   12610      52.3140
   12611      47.8248
   12612      46.7584
   12613      45.9140
   12614      43.3489
   12615      43.9823
   12616      46.5991
   12617      45.2331
   12618      44.0263
   12619      42.7597
   12620      45.3229
   12621      43.4953
   12622      44.2997
   12623      46.0283
   12624      46.8191
   12625      46.6972
   12626      47.5387
   12627      50.4463
   12628      46.9403
   12629      44.2382
   12630      42.3140
   12631      46.0470
   12632      44.6575
   12633      43.3231
   12634      42.8651
   12635      47.5031
   12636      44.7527
   12637      44.0496
   12638      41.1492
   12639      46.1328
   12640      50.1780
   12641      49.1634
   12642      50.1381
   12643      49.7528
   12644      49.3068
   12645      49.4928
   12646      53.0686
   12647      46.3183
   12648      47.8570
   12649      45.4818
   12650      47.7205
   12651      45.2358
   12652      45.5654
   12653      51.5309
   12654      54.6825
   12655      51.5170
   12656      55.2472
   12657      60.3427
   12658      63.4053
   12659      56.3721
   12660      52.9894
   12661      51.5000
   12662      48.9169
   12663      45.2792
   12664      42.4830
   12665      44.6955
   12666      44.8479
   12667      46.0522
   12668      51.3346
   12669      52.6299
   12670      48.5139
   12671      49.6697
   12672      46.1171
   12673      50.4800
   12674      48.1477
   12675      48.4229
   12676      45.0198
   12677      45.3895
   12678      45.7694
   12679      45.0376
   12680      51.2794
   12681      49.6888
   12682      51.2530
   12683      49.1550
   12684      50.6295
   12685      50.6920
   12686      48.2574
   12687      44.6377
   12688      49.5015
   12689      54.3177
   12690      53.6154
   12691      44.6158
   12692      43.7459
   12693      48.2648
   12694      52.4501
   12695      50.9334
   12696      49.7026
   12697      47.2985
   12698      47.4714
   12699      46.4911
   12700      45.0415
   12701      46.2932
   12702      47.0708
   12703      49.9845
   12704      43.8936
   12705      47.1810
   12706      48.2588
   12707      48.4794
   12708      50.2228
   12709      48.1258
   12710      52.2157
   12711      48.4329
   12712      48.7616
   12713      50.5593
   12714      50.4691
   12715      54.3345
   12716      56.6157
   12717      54.9689
   12718      56.4363
   12719      59.3654
   12720      60.2311
   12721      58.1318
   12722      59.8519
   12723      58.4874
   12724      59.2585
   12725      55.2699
   12726      57.8827
   12727      56.1761
   12728      56.0157
   12729      53.7961
   12730      50.2994
   12731      55.4395
   12732      54.9204
   12733      56.7971
   12734      59.5631
   12735      57.2110
   12736      57.2676
   12737      60.0123
   12738      57.8666
   12739      49.4841
   12740      44.5839
   12741      44.4803
   12742      42.8463
   12743      45.9434
   12744      45.5369
   12745      46.2859
   12746      45.5653
   12747      49.2310
   12748      46.9176
   12749      48.6371
   12750      48.5359
   12751      47.4027
   12752      41.8756
   12753      44.9598
   12754      43.8500
   12755      48.6705
   12756      48.0857
   12757      44.8984
   12758      43.8310
   12759      47.4517
   12760      46.7228
   12761      43.7945
   12762      45.4078
   12763      46.4935
   12764      45.1353
   12765      43.9641
   12766      43.2855
   12767      44.4460
   12768      46.0031
   12769      44.9338
   12770      48.7450
   12771      48.6000
   12772      49.5155
   12773      47.6264
   12774      49.9514
   12775      49.9636
   12776      50.2619
   12777      47.9112
   12778      53.0618
   12779      51.1822
   12780      47.9552
   12781      43.6324
   12782      46.6868
   12783      44.6274
   12784      44.5416
   12785      46.2922
   12786      47.7102
   12787      49.2222
   12788      50.4179
   12789      50.2212
   12790      44.0486
   12791      44.5884
   12792      44.9308
   12793      47.7446
   12794      46.3878
   12795      44.2934
   12796      51.7655
   12797      55.4074
   12798      52.2955
   12799      49.2529
   12800      45.2605
   12801      43.8490
   12802      43.4423
   12803      47.6878
   12804      46.4776
   12805      45.0430
   12806      49.6962
   12807      44.0204
   12808      42.7638
   12809      43.0677
   12810      47.6392
   12811      47.4299
   12812      45.5208
   12813      45.4807
   12814      45.4779
   12815      49.4787
   12816      46.1408
   12817      48.5953
   12818      46.1977
   12819      48.5441
   12820      48.3145
   12821      46.2015
   12822      42.6813
   12823      42.2983
   12824      42.8199
   12825      45.6531
   12826      46.0078
   12827      43.3161
   12828      43.4726
   12829      41.8328
   12830      40.6923
   12831      44.9798
   12832      47.0865
   12833      46.1190
   12834      43.5466
   12835      45.1601
   12836      45.7179
   12837      42.9342
   12838      47.3876
   12839      47.9774
   12840      41.6604
   12841      43.9399
   12842      44.6599
   12843      47.3611
   12844      45.2460
   12845      45.2811
   12846      44.2648
   12847      47.2448
   12848      46.8104
   12849      48.6440
   12850      48.7484
   12851      44.6795
   12852      44.7782
   12853      46.4498
   12854      47.4646
   12855      49.9990
   12856      47.0818
   12857      48.7919
   12858      46.3255
   12859      44.4932
   12860      42.9405
   12861      43.7331
   12862      43.8094
   12863      44.3904
   12864      44.9903
   12865      45.0880
   12866      44.4679
   12867      45.5667
   12868      45.7582
   12869      45.4950
   12870      43.2858
   12871      44.2138
   12872      47.9972
   12873      44.7542
   12874      44.3286
   12875      47.8874
   12876      49.3066
   12877      47.1633
   12878      50.4401
   12879      52.9930
   12880      45.6522
   12881      46.2375
   12882      45.2470
   12883      45.0306
   12884      42.9198
   12885      46.3115
   12886      48.9120
   12887      48.8542
   12888      46.3864
   12889      42.3705
   12890      44.9265
   12891      47.7961
   12892      43.5655
   12893      43.3892
   12894      42.9066
   12895      44.2292
   12896      45.5536
   12897      40.6755
   12898      45.2487
   12899      46.9244
   12900      46.1124
   12901      46.2230
   12902      45.2720
   12903      46.1007
   12904      44.0981
   12905      43.3978
   12906      45.1796
   12907      45.2887
   12908      46.0291
   12909      47.1214
   12910      48.0238
   12911      51.9359
   12912      49.9185
   12913      51.7680
   12914      52.8654
   12915      52.0025
   12916      51.9976
   12917      51.2236
   12918      51.9479
   12919      48.6826
   12920      49.5578
   12921      46.3137
   12922      48.8723
   12923      48.5897
   12924      51.0838
   12925      50.0096
   12926      50.1303
   12927      47.7840
   12928      51.4103
   12929      49.3028
   12930      47.5530
   12931      45.4419
   12932      42.0527
   12933      45.2424
   12934      49.7707
   12935      51.5882
   12936      49.6935
   12937      48.2741
   12938      44.8444
   12939      43.8899
   12940      48.8253
   12941      49.6929
   12942      49.4198
   12943      49.4416
   12944      50.7374
   12945      51.1434
   12946      49.2224
   12947      51.6660
   12948      49.4643
   12949      52.0917
   12950      51.4066
   12951      48.6956
   12952      51.4046
   12953      52.4430
   12954      52.2806
   12955      52.6498
   12956      49.8360
   12957      52.4231
   12958      46.9315
   12959      45.4457
   12960      46.7564
   12961      47.8017
   12962      45.2396
   12963      45.3777
   12964      47.0892
   12965      48.8461
   12966      49.7182
   12967      49.2417
   12968      44.9517
   12969      44.5561
   12970      44.5927
   12971      41.6051
   12972      42.7710
   12973      39.8615
   12974      40.0854
   12975      43.7272
   12976      41.2465
   12977      42.2854
   12978      42.2353
   12979      39.0287
   12980      39.3828
   12981      42.5170
   12982      43.1855
   12983      38.0499
   12984      40.2165
   12985      42.6979
   12986      47.1786
   12987      43.4412
   12988      46.9303
   12989      46.5964
   12990      45.1954
   12991      48.2405
   12992      42.6291
   12993      43.6209
   12994      43.7825
   12995      45.8342
   12996      41.5622
   12997      44.4254
   12998      44.5461
   12999      45.6027
   13000      46.6520
   13001      45.4858
   13002      42.9683
   13003      43.3801
   13004      41.1334
   13005      40.0140
   13006      40.1537
   13007      43.2603
   13008      46.1847
   13009      45.4157
   13010      47.7439
   13011      44.5109
   13012      46.8702
   13013      44.7736
   13014      43.7829
   13015      42.8687
   13016      41.9162
   13017      41.5720
   13018      39.5297
   13019      39.5754
   13020      44.5655
   13021      42.9795
   13022      42.2954
   13023      38.7149
   13024      40.4941
   13025      42.0669
   13026      43.6523
   13027      46.8014
   13028      46.7068
   13029      40.5328
   13030      40.3165
   13031      45.0034
   13032      42.9177
   13033      40.8291
   13034      44.7085
   13035      46.0470
   13036      45.3923
   13037      42.0304
   13038      47.4984
   13039      48.2899
   13040      47.4576
   13041      47.5772
   13042      44.3762
   13043      44.4234
   13044      52.1070
   13045      52.0131
   13046      51.8431
   13047      54.7649
   13048      53.1594
   13049      50.0582
   13050      49.3520
   13051      44.4185
   13052      49.4553
   13053      51.3709
   13054      54.2746
   13055      51.9602
   13056      55.9830
   13057      56.0011
   13058      56.0378
   13059      54.4442
   13060      52.5436
   13061      49.4090
   13062      51.3222
   13063      52.2472
   13064      49.5260
   13065      47.7230
   13066      46.3422
   13067      45.2982
   13068      48.9889
   13069      48.4445
   13070      48.6700
   13071      45.3592
   13072      45.6212
   13073      45.7370
   13074      45.8771
   13075      43.4463
   13076      43.8973
   13077      43.7302
   13078      43.8619
   13079      42.3630
   13080      44.7124
   13081      39.8107
   13082      43.7404
   13083      43.6327
   13084      42.9762
   13085      41.9103
   13086      44.1443
   13087      42.0235
   13088      45.6033
   13089      44.3245
   13090      40.3678
   13091      41.5078
   13092      46.4223
   13093      45.1467
   13094      46.5530
   13095      44.0105
   13096      45.9030
   13097      46.1019
   13098      44.9366
   13099      45.2361
   13100      47.4395
   13101      46.2745
   13102      43.0934
   13103      47.2114
   13104      42.9111
   13105      47.1070
   13106      48.3547
   13107      49.0213
   13108      46.3402
   13109      42.9566
   13110      40.8879
   13111      44.6750
   13112      46.1699
   13113      42.4984
   13114      45.3362
   13115      44.5586
   13116      45.5079
   13117      42.7022
   13118      43.7872
   13119      47.4426
   13120      50.7819
   13121      52.4386
   13122      52.4241
   13123      54.3369
   13124      51.9097
   13125      50.9326
   13126      53.5197
   13127      52.7444
   13128      49.0900
   13129      51.1767
   13130      50.5350
   13131      51.4174
   13132      49.3913
   13133      45.8869
   13134      45.3448
   13135      48.1817
   13136      44.0564
   13137      43.4193
   13138      47.0089
   13139      48.5077
   13140      47.4084
   13141      47.2032
   13142      48.1512
   13143      47.7656
   13144      47.2010
   13145      45.8853
   13146      45.9406
   13147      45.3975
   13148      44.6273
   13149      43.9852
   13150      46.4426
   13151      44.2688
   13152      47.4594
   13153      49.8102
   13154      46.5750
   13155      48.0370
   13156      49.8035
   13157      52.1127
   13158      50.0392
   13159      48.8428
   13160      47.0464
   13161      45.7605
   13162      47.5897
   13163      48.4586
   13164      46.8751
   13165      47.0698
   13166      48.7215
   13167      47.4148
   13168      50.0589
   13169      49.8346
   13170      46.7870
   13171      47.4202
   13172      44.6160
   13173      46.6494
   13174      44.0483
   13175      46.3559
   13176      44.9191
   13177      45.2782
   13178      45.0360
   13179      42.4793
   13180      45.5502
   13181      46.8732
   13182      51.1322
   13183      50.4482
   13184      49.3730
   13185      47.9499
   13186      49.0887
   13187      45.7990
   13188      49.2879
   13189      47.2169
   13190      43.6861
   13191      44.7321
   13192      48.1914
   13193      49.0515
   13194      47.4149
   13195      49.2747
   13196      49.1446
   13197      45.5748
   13198      47.1445
   13199      46.0944
   13200      45.5811
   13201      43.6210
   13202      45.4936
   13203      45.0669
   13204      43.7914
   13205      40.8182
   13206      44.0926
   13207      49.0602
   13208      51.2069
   13209      52.0725
   13210      48.5857
   13211      48.9958
   13212      46.2444
   13213      47.5542
   13214      47.3512
   13215      47.3486
   13216      46.2940
   13217      46.5373
   13218      50.7556
   13219      51.8822
   13220      51.0614
   13221      51.9968
   13222      51.4971
   13223      48.2117
   13224      48.6222
   13225      53.8073
   13226      53.9905
   13227      47.8285
   13228      49.5511
   13229      49.6040
   13230      46.1025
   13231      46.4601
   13232      48.3549
   13233      45.1128
   13234      46.7784
   13235      50.4888
   13236      48.8832
   13237      51.1946
   13238      56.0559
   13239      53.0090
   13240      50.8929
   13241      50.2274
   13242      52.9397
   13243      56.8433
   13244      55.1564
   13245      56.4464
   13246      54.2872
   13247      52.3600
   13248      48.9727
   13249      48.3818
   13250      44.9322
   13251      44.6343
   13252      45.6069
   13253      43.5991
   13254      43.0390
   13255      43.3920
   13256      45.2997
   13257      45.7514
   13258      42.7997
   13259      43.7528
   13260      48.0065
   13261      45.0032
   13262      45.8201
   13263      46.2891
   13264      44.2105
   13265      45.4627
   13266      45.5385
   13267      44.5297
   13268      46.0579
   13269      48.8771
   13270      43.2092
   13271      46.0770
   13272      46.0228
   13273      45.6482
   13274      45.7903
   13275      47.0961
   13276      49.6009
   13277      48.6893
   13278      45.7946
   13279      47.1776
   13280      51.1302
   13281      48.4284
   13282      47.4599
   13283      46.2332
   13284      42.2333
   13285      45.4017
   13286      40.7160
   13287      44.8506
   13288      40.3104
   13289      46.3421
   13290      47.7054
   13291      48.4236
   13292      49.2078
   13293      44.4763
   13294      46.2215
   13295      48.6202
   13296      53.0453
   13297      53.2192
   13298      57.2501
   13299      59.8666
   13300      57.9552
   13301      54.8139
   13302      53.3816
   13303      49.0798
   13304      45.9649
   13305      43.8612
   13306      44.2885
   13307      43.3726
   13308      44.1602
   13309      44.8031
   13310      49.3855
   13311      52.2989
   13312      53.2548
   13313      50.4903
   13314      49.2784
   13315      47.0306
   13316      49.0119
   13317      50.2780
   13318      49.0198
   13319      48.5280
   13320      50.5304
   13321      50.6419
   13322      53.4254
   13323      49.9630
   13324      49.1845
   13325      51.7436
   13326      51.0696
   13327      51.0809
   13328      50.3925
   13329      47.8284
   13330      47.5613
   13331      48.2931
   13332      45.4000
   13333      47.7095
   13334      47.9660
   13335      44.9641
   13336      45.0789
   13337      48.2995
   13338      47.6019
   13339      44.5110
   13340      42.6698
   13341      47.6060
   13342      48.9748
   13343      46.5980
   13344      45.7995
   13345      48.8088
   13346      46.8609
   13347      48.1722
   13348      47.3317
   13349      46.6989
   13350      45.4936
   13351      47.8834
   13352      49.2921
   13353      51.3450
   13354      51.6019
   13355      50.3914
   13356      52.7003
   13357      47.0612
   13358      49.0067
   13359      49.9019
   13360      48.0258
   13361      50.1404
   13362      48.0298
   13363      45.6738
   13364      45.8421
   13365      50.7923
   13366      53.0967
   13367      52.4300
   13368      49.9545
   13369      48.4037
   13370      51.6758
   13371      47.7238
   13372      45.4995
   13373      46.5459
   13374      51.7603
   13375      52.1049
   13376      52.5970
   13377      56.6444
   13378      50.2957
   13379      51.7544
   13380      50.5384
   13381      53.9502
   13382      53.0553
   13383      52.6259
   13384      51.0121
   13385      44.8419
   13386      43.8985
   13387      44.5419
   13388      45.3413
   13389      45.8596
   13390      43.4373
   13391      48.4689
   13392      49.9214
   13393      46.6327
   13394      40.2355
   13395      43.0245
   13396      41.6228
   13397      41.8044
   13398      43.5269
   13399      45.5699
   13400      45.6920
   13401      43.0826
   13402      45.2507
   13403      45.1839
   13404      48.4391
   13405      49.0530
   13406      46.6816
   13407      48.6591
   13408      53.4321
   13409      52.5506
   13410      50.7553
   13411      49.3091
   13412      49.4350
   13413      50.0701
   13414      54.9243
   13415      52.8075
   13416      49.9665
   13417      50.2158
   13418      50.8706
   13419      53.3891
   13420      54.1171
   13421      57.5495
   13422      52.8580
   13423      52.7266
   13424      46.1039
   13425      47.0667
   13426      47.5078
   13427      48.4310
   13428      46.9747
   13429      46.5502
   13430      45.4012
   13431      43.3829
   13432      42.7149
   13433      46.3663
   13434      45.6092
   13435      49.4102
   13436      44.7295
   13437      42.4915
   13438      43.1179
   13439      43.9196
   13440      43.1102
   13441      47.4382
   13442      45.9000
   13443      44.7105
   13444      44.3178
   13445      44.9939
   13446      44.9263
   13447      43.2770
   13448      44.8004
   13449      43.6717
   13450      41.7685
   13451      44.6774
   13452      48.1920
   13453      46.0043
   13454      47.3201
   13455      43.4278
   13456      43.7716
   13457      46.0789
   13458      41.4159
   13459      43.2709
   13460      42.2097
   13461      44.2135
   13462      44.1066
   13463      44.6844
   13464      46.5333
   13465      45.8589
   13466      47.7857
   13467      47.5856
   13468      45.2660
   13469      47.6967
   13470      47.1736
   13471      47.3857
   13472      45.7308
   13473      46.6116
   13474      45.7487
   13475      46.8904
   13476      49.8394
   13477      51.6546
   13478      47.6586
   13479      44.4321
   13480      42.7502
   13481      44.1587
   13482      45.4655
   13483      45.9980
   13484      45.8884
   13485      49.2321
   13486      45.7599
   13487      45.8072
   13488      45.4008
   13489      45.1074
   13490      43.5029
   13491      42.6194
   13492      40.2743
   13493      41.4198
   13494      43.9460
   13495      43.4030
   13496      40.2656
   13497      44.3696
   13498      45.2654
   13499      43.5326
   13500      43.2185
   13501      42.3986
   13502      42.0220
   13503      44.3839
   13504      44.4989
   13505      42.1091
   13506      43.9596
   13507      46.2126
   13508      50.0470
   13509      51.2958
   13510      48.9880
   13511      44.9081
   13512      42.9685
   13513      41.9392
   13514      43.5316
   13515      46.2087
   13516      46.4971
   13517      46.2571
   13518      53.8108
   13519      47.1266
   13520      47.5337
   13521      44.7617
   13522      44.4493
   13523      46.6667
   13524      46.5352
   13525      48.0492
   13526      50.1036
   13527      53.1265
   13528      49.3293
   13529      47.3167
   13530      49.8816
   13531      50.3193
   13532      47.9446
   13533      47.0017
   13534      46.3066
   13535      43.9686
   13536      48.6650
   13537      48.7730
   13538      44.2347
   13539      44.0605
   13540      48.6037
   13541      48.4058
   13542      47.5661
   13543      47.5951
   13544      45.9058
   13545      45.1965
   13546      45.9733
   13547      47.1193
   13548      46.8280
   13549      45.6886
   13550      46.1088
   13551      45.5260
   13552      46.8759
   13553      46.0222
   13554      44.4473
   13555      45.4696
   13556      48.0608
   13557      47.5878
   13558      43.1318
   13559      46.5839
   13560      43.4706
   13561      42.0896
   13562      45.5206
   13563      48.9887
   13564      48.8764
   13565      48.7256
   13566      45.1446
   13567      50.0659
   13568      53.1362
   13569      53.1447
   13570      51.7806
   13571      49.8673
   13572      48.2308
   13573      50.9028
   13574      49.4235
   13575      49.1225
   13576      45.3126
   13577      47.6896
   13578      47.9656
   13579      46.2515
   13580      46.9117
   13581      47.6274
   13582      50.1790
   13583      51.1138
   13584      48.5788
   13585      51.3935
   13586      50.0431
   13587      47.5369
   13588      48.5689
   13589      49.3383
   13590      46.7302
   13591      48.3794
   13592      50.4076
   13593      45.4501
   13594      47.0557
   13595      46.4261
   13596      45.0952
   13597      45.4776
   13598      41.8689
   13599      45.3832
   13600      46.5897
   13601      51.7248
   13602      50.4921
   13603      46.7970
   13604      44.7831
   13605      47.8439
   13606      50.9162
   13607      52.0669
   13608      49.8041
   13609      49.0069
   13610      56.1683
   13611      55.6271
   13612      54.4918
   13613      51.6148
   13614      56.1063
   13615      51.7673
   13616      51.8480
   13617      50.8236
   13618      50.7783
   13619      51.3382
   13620      50.7828
   13621      49.5943
   13622      50.7938
   13623      50.7102
   13624      47.0563
   13625      47.5987
   13626      48.7687
   13627      46.1284
   13628      45.0880
   13629      45.3728
   13630      46.7381
   13631      46.2758
   13632      45.6042
   13633      46.6693
   13634      47.2757
   13635      46.1068
   13636      51.6583
   13637      51.3448
   13638      51.7493
   13639      50.4191
   13640      52.5405
   13641      50.9289
   13642      49.5862
   13643      51.1365
   13644      51.3161
   13645      49.1018
   13646      49.0653
   13647      52.4814
   13648      51.3592
   13649      54.5281
   13650      51.7460
   13651      52.6401
   13652      53.4952
   13653      53.3985
   13654      51.6313
   13655      52.5261
   13656      50.4946
   13657      47.6087
   13658      51.5784
   13659      53.2434
   13660      50.9059
   13661      46.0225
   13662      45.2857
   13663      44.6446
   13664      43.7266
   13665      48.4713
   13666      50.5863
   13667      50.8508
   13668      50.3326
   13669      50.4095
   13670      49.9838
   13671      52.2424
   13672      51.6638
   13673      48.6935
   13674      50.5832
   13675      45.7588
   13676      46.4749
   13677      44.1397
   13678      45.6192
   13679      49.6817
   13680      51.6925
   13681      54.3766
   13682      53.9629
   13683      54.2093
   13684      56.0877
   13685      55.2028
   13686      59.0714
   13687      60.6850
   13688      60.2753
   13689      58.7320
   13690      53.6562
   13691      55.1923
   13692      54.9120
   13693      51.1751
   13694      51.0051
   13695      50.3654
   13696      51.3074
   13697      49.7862
   13698      45.7511
   13699      47.7490
   13700      46.2244
   13701      48.0775
   13702      47.8169
   13703      47.1116
   13704      45.6936
   13705      45.3788
   13706      45.8986
   13707      44.2448
   13708      46.8408
   13709      45.6449
   13710      43.5605
   13711      44.9039
   13712      50.2873
   13713      49.8827
   13714      48.1930
   13715      49.1615
   13716      51.8472
   13717      51.3363
   13718      50.2129
   13719      48.3526
   13720      44.9607
   13721      45.2395
   13722      43.9073
   13723      44.9984
   13724      44.0690
   13725      46.8902
   13726      45.7070
   13727      50.2692
   13728      47.2421
   13729      46.1940
   13730      50.1965
   13731      50.1677
   13732      44.3817
   13733      45.4194
   13734      45.1885
   13735      44.5171
   13736      45.5734
   13737      45.3857
   13738      44.5951
   13739      44.5559
   13740      46.9626
   13741      47.0619
   13742      48.1591
   13743      47.7965
   13744      48.4195
   13745      47.5557
   13746      44.2894
   13747      41.8318
   13748      45.2017
   13749      48.6607
   13750      50.7586
   13751      45.8356
   13752      42.2908
   13753      44.0065
   13754      44.7454
   13755      44.9587
   13756      44.2226
   13757      48.0593
   13758      48.9000
   13759      49.0154
   13760      45.0902
   13761      48.2510
   13762      48.5719
   13763      48.0419
   13764      45.1818
   13765      46.1127
   13766      47.8384
   13767      44.5628
   13768      44.2457
   13769      46.2212
   13770      46.9296
   13771      45.0252
   13772      47.7965
   13773      41.8984
   13774      42.3565
   13775      45.8142
   13776      48.0139
   13777      43.6210
   13778      43.8467
   13779      46.7681
   13780      43.0499
   13781      46.5768
   13782      45.4313
   13783      46.4527
   13784      43.3567
   13785      45.0627
   13786      43.5664
   13787      46.3285
   13788      44.5587
   13789      44.6411
   13790      44.4815
   13791      42.2147
   13792      42.3977
   13793      44.7353
   13794      44.6682
   13795      44.6720
   13796      39.7515
   13797      40.8494
   13798      44.4483
   13799      45.6747
   13800      42.4222
   13801      43.3956
   13802      41.7616
   13803      41.9858
   13804      41.2325
   13805      38.4483
   13806      41.1249
   13807      42.3007
   13808      42.2409
   13809      42.6927
   13810      45.9233
   13811      46.1754
   13812      44.2956
   13813      39.8966
   13814      43.0330
   13815      40.4208
   13816      40.5347
   13817      37.5259
   13818      38.8095
   13819      38.5407
   13820      39.2433
   13821      42.4188
   13822      42.8014
   13823      39.2207
   13824      41.1891
   13825      40.1372
   13826      37.9683
   13827      39.6232
   13828      40.0841
   13829      39.8128
   13830      40.8783
   13831      41.8363
   13832      41.9880
   13833      43.6626
   13834      44.7884
   13835      44.7472
   13836      45.5340
   13837      44.2778
   13838      42.0611
   13839      41.7458
   13840      42.3155
   13841      47.7983
   13842      44.0776
   13843      44.1319
   13844      45.0842
   13845      45.3475
   13846      41.2551
   13847      43.0808
   13848      45.4893
   13849      46.5803
   13850      39.2405
   13851      40.7313
   13852      42.1150
   13853      44.6955
   13854      41.9251
   13855      39.8361
   13856      45.2290
   13857      44.0733
   13858      41.1521
   13859      42.9646
   13860      44.2955
   13861      45.2136
   13862      42.1402
   13863      45.9701
   13864      46.6388
   13865      49.6666
   13866      48.7354
   13867      50.3728
   13868      50.9527
   13869      50.5999
   13870      55.2505
   13871      51.7288
   13872      47.5509
   13873      45.4788
   13874      47.2780
   13875      45.3959
   13876      43.9083
   13877      45.4193
   13878      47.3798
   13879      46.7030
   13880      45.7257
   13881      46.1766
   13882      47.7250
   13883      49.9911
   13884      47.5702
   13885      50.5503
   13886      51.2207
   13887      48.6936
   13888      46.0755
   13889      43.8032
   13890      46.1967
   13891      41.5459
   13892      45.3529
   13893      42.6136
   13894      42.6173
   13895      43.7971
   13896      46.7210
   13897      49.0023
   13898      47.1473
   13899      48.7017
   13900      49.4472
   13901      50.4267
   13902      48.2066
   13903      50.1692
   13904      47.8497
   13905      45.5904
   13906      47.5967
   13907      47.9843
   13908      46.3145
   13909      47.0510
   13910      48.6888
   13911      49.5875
   13912      46.8662
   13913      50.7992
   13914      48.2410
   13915      52.4634
   13916      51.9510
   13917      51.6861
   13918      51.3652
   13919      48.4048
   13920      49.7705
   13921      53.0300
   13922      56.2651
   13923      51.2484
   13924      53.9619
   13925      55.7088
   13926      48.9873
   13927      48.3006
   13928      44.9233
   13929      44.8897
   13930      47.2931
   13931      45.8579
   13932      45.6309
   13933      46.4908
   13934      50.3884
   13935      48.8074
   13936      46.9809
   13937      48.4512
   13938      51.3306
   13939      50.8598
   13940      52.3539
   13941      50.8353
   13942      49.3872
   13943      49.6117
   13944      55.1278
   13945      50.6240
   13946      51.2450
   13947      51.0794
   13948      56.2915
   13949      50.8912
   13950      48.0493
   13951      48.2441
   13952      46.6863
   13953      45.9186
   13954      46.8101
   13955      49.4848
   13956      46.8218
   13957      47.4637
   13958      45.6480
   13959      47.2199
   13960      45.5302
   13961      44.5631
   13962      43.2477
   13963      42.8920
   13964      47.9929
   13965      46.2060
   13966      42.4880
   13967      45.8609
   13968      40.5450
   13969      46.0930
   13970      44.3261
   13971      44.7535
   13972      45.5001
   13973      48.7051
   13974      47.2076
   13975      44.1099
   13976      42.8024
   13977      44.1601
   13978      47.3341
   13979      47.6507
   13980      47.9380
   13981      52.0419
   13982      49.0368
   13983      52.3178
   13984      47.9798
   13985      46.1650
   13986      44.3330
   13987      46.7358
   13988      46.4489
   13989      42.5708
   13990      44.6857
   13991      43.7971
   13992      44.1448
   13993      45.5606
   13994      45.8918
   13995      46.5894
   13996      47.6080
   13997      48.5459
   13998      48.9394
   13999      46.3646
   14000      45.7675
   14001      45.5681
   14002      45.7453
   14003      49.1351
   14004      50.0518
   14005      45.9631
   14006      40.8289
   14007      42.3724
   14008      41.9065
   14009      43.9828
   14010      44.7341
   14011      45.3070
   14012      45.2524
   14013      42.9742
   14014      43.1865
   14015      43.6014
   14016      46.1775
   14017      43.7533
   14018      43.1852
   14019      45.4892
   14020      44.8775
   14021      39.8870
   14022      44.7930
   14023      41.4566
   14024      40.8437
   14025      39.8881
   14026      42.6982
   14027      48.3007
   14028      45.2581
   14029      41.5224
   14030      42.5044
   14031      44.6020
   14032      45.6952
   14033      44.9437
   14034      43.3496
   14035      45.4963
   14036      45.6875
   14037      45.8772
   14038      41.0310
   14039      43.0166
   14040      41.7559
   14041      42.9716
   14042      42.8223
   14043      41.5617
   14044      44.1670
   14045      41.9986
   14046      44.9306
   14047      44.3112
   14048      42.7092
   14049      44.7405
   14050      44.5529
   14051      45.0785
   14052      49.1236
   14053      45.8606
   14054      48.4017
   14055      47.5258
   14056      46.1569
   14057      44.6684
   14058      48.2483
   14059      47.6550
   14060      49.1770
   14061      50.0006
   14062      44.9945
   14063      44.7800
   14064      46.9621
   14065      46.5196
   14066      43.8933
   14067      46.6879
   14068      42.6942
   14069      43.3863
   14070      45.9682
   14071      44.9652
   14072      48.5487
   14073      47.5476
   14074      46.2883
   14075      44.7203
   14076      47.4508
   14077      46.5058
   14078      45.4610
   14079      45.9165
   14080      45.9901
   14081      45.6159
   14082      49.5668
   14083      41.9552
   14084      47.2004
   14085      46.6087
   14086      46.0654
   14087      43.0462
   14088      45.9051
   14089      45.6365
   14090      46.7343
   14091      44.5085
   14092      45.6539
   14093      45.4318
   14094      45.2585
   14095      43.0008
   14096      42.0348
   14097      47.9015
   14098      49.5098
   14099      45.8414
   14100      43.0158
   14101      40.7835
   14102      42.3600
   14103      41.1840
   14104      41.7332
   14105      47.2068
   14106      48.2444
   14107      45.8843
   14108      44.2448
   14109      43.2246
   14110      42.9087
   14111      44.5187
   14112      45.5036
   14113      47.5188
   14114      49.4433
   14115      48.5171
   14116      50.9214
   14117      54.5373
   14118      54.4553
   14119      57.4946
   14120      60.8081
   14121      65.9411
   14122      63.8299
   14123      59.1411
   14124      58.9893
   14125      55.5834
   14126      54.8053
   14127      56.1326
   14128      52.8842
   14129      52.2709
   14130      52.3968
   14131      50.2466
   14132      48.5503
   14133      47.2434
   14134      49.8634
   14135      49.2809
   14136      51.4093
   14137      47.7207
   14138      47.7347
   14139      51.0402
   14140      48.9138
   14141      43.2609
   14142      47.4044
   14143      44.5591
   14144      47.7900
   14145      50.7603
   14146      46.7095
   14147      46.6715
   14148      47.8945
   14149      46.9713
   14150      46.2893
   14151      51.1476
   14152      48.1170
   14153      48.9981
   14154      49.0381
   14155      45.5433
   14156      48.4095
   14157      49.1167
   14158      50.8669
   14159      52.2832
   14160      45.2559
   14161      42.2078
   14162      42.9799
   14163      45.6409
   14164      47.5722
   14165      53.0462
   14166      49.4258
   14167      47.0364
   14168      43.7912
   14169      50.0720
   14170      47.6964
   14171      52.3498
   14172      51.0312
   14173      49.3504
   14174      49.0924
   14175      50.1515
   14176      49.5892
   14177      48.6855
   14178      51.9304
   14179      52.6489
   14180      51.8940
   14181      52.0245
   14182      51.1600
   14183      48.1177
   14184      47.3666
   14185      46.0500
   14186      45.6107
   14187      48.5285
   14188      47.6157
   14189      49.8012
   14190      48.2806
   14191      51.3028
   14192      47.7178
   14193      47.5280
   14194      48.1807
   14195      49.3300
   14196      47.8245
   14197      44.7629
   14198      46.3889
   14199      48.6709
   14200      46.0586
   14201      46.2561
   14202      46.8564
   14203      44.1847
   14204      43.4439
   14205      47.3510
   14206      43.0286
   14207      42.8963
   14208      44.1022
   14209      43.9552
   14210      47.8934
   14211      48.9694
   14212      47.4117
   14213      46.2863
   14214      45.4179
   14215      47.6061
   14216      45.3582
   14217      45.6065
   14218      46.2574
   14219      44.3899
   14220      52.3866
   14221      50.6938
   14222      44.5218
   14223      46.8574
   14224      45.3071
   14225      45.0056
   14226      38.8866
   14227      43.8176
   14228      42.9114
   14229      41.4795
   14230      47.2118
   14231      46.0000
   14232      46.1052
   14233      48.7132
   14234      50.6800
   14235      48.2646
   14236      49.6729
   14237      47.5458
   14238      49.5556
   14239      54.9022
   14240      54.1164
   14241      51.6425
   14242      52.4885
   14243      50.2558
   14244      49.8540
   14245      49.9686
   14246      51.4867
   14247      50.5746
   14248      48.8807
   14249      48.1413
   14250      49.0870
   14251      55.4132
   14252      55.2486
   14253      54.3749
   14254      52.7134
   14255      53.5837
   14256      51.3150
   14257      49.2515
   14258      49.9025
   14259      50.3233
   14260      48.9119
   14261      48.7673
   14262      46.9101
   14263      47.4111
   14264      50.1063
   14265      47.4771
   14266      49.2413
   14267      47.6418
   14268      45.7602
   14269      49.1998
   14270      46.4381
   14271      51.1911
   14272      50.1925
   14273      54.3585
   14274      47.8525
   14275      44.7588
   14276      44.6015
   14277      48.4105
   14278      48.5377
   14279      45.8849
   14280      46.1422
   14281      47.5715
   14282      53.3238
   14283      51.5713
   14284      48.6001
   14285      48.3321
   14286      46.9177
   14287      50.9155
   14288      54.4206
   14289      49.2262
   14290      50.5937
   14291      47.8221
   14292      46.7654
   14293      48.0121
   14294      47.7739
   14295      47.8451
   14296      49.5259
   14297      49.0081
   14298      48.6317
   14299      47.7816
   14300      48.5113
   14301      47.4123
   14302      47.8425
   14303      49.3976
   14304      49.5520
   14305      50.3110
   14306      51.3208
   14307      49.6704
   14308      46.9629
   14309      49.5020
   14310      48.9766
   14311      47.4644
   14312      44.6320
   14313      49.6083
   14314      46.3395
   14315      50.9826
   14316      47.7380
   14317      48.8852
   14318      50.1962
   14319      46.1085
   14320      43.2948
   14321      48.1332
   14322      48.9339
   14323      48.9269
   14324      50.9028
   14325      51.7087
   14326      47.1645
   14327      49.0120
   14328      49.8028
   14329      51.9524
   14330      51.8227
   14331      51.3904
   14332      49.0283
   14333      46.9934
   14334      50.0240
   14335      50.3298
   14336      50.0664
   14337      47.4967
   14338      46.9989
   14339      47.8939
   14340      50.6920
   14341      53.9777
   14342      55.0379
   14343      60.1230
   14344      54.2796
   14345      52.0701
   14346      49.7436
   14347      53.3462
   14348      48.1233
   14349      45.2260
   14350      47.3709
   14351      47.3586
   14352      44.0082
   14353      46.7085
   14354      44.8428
   14355      44.8044
   14356      49.1589
   14357      48.1958
   14358      46.7281
   14359      47.2497
   14360      53.2885
   14361      52.5494
   14362      49.3555
   14363      47.9996
   14364      44.7368
   14365      46.3676
   14366      48.4769
   14367      51.1526
   14368      54.1171
   14369      53.9524
   14370      49.7185
   14371      48.0503
   14372      53.4127
   14373      52.4123
   14374      49.0783
   14375      46.9454
   14376      43.8549
   14377      45.7912
   14378      46.5997
   14379      48.6695
   14380      47.6546
   14381      44.6111
   14382      46.5196
   14383      45.5822
   14384      46.9806
   14385      44.5995
   14386      43.8138
   14387      44.0174
   14388      45.4144
   14389      45.8656
   14390      46.9852
   14391      49.4981
   14392      51.2226
   14393      48.7333
   14394      45.4127
   14395      45.7576
   14396      42.4144
   14397      43.0580
   14398      40.9782
   14399      45.4935
   14400      44.3247
   14401      44.6551
   14402      45.4099
   14403      42.7874
   14404      44.5705
   14405      44.2575
   14406      42.7765
   14407      44.0004
   14408      47.2907
   14409      51.1490
   14410      51.0533
   14411      49.7201
   14412      51.3294
   14413      48.7487
   14414      48.2534
   14415      48.5721
   14416      48.1337
   14417      43.2617
   14418      46.8783
   14419      46.7193
   14420      47.4728
   14421      44.4857
   14422      43.8974
   14423      42.5054
   14424      46.5050
   14425      49.6208
   14426      48.5581
   14427      48.1131
   14428      40.5727
   14429      44.8870
   14430      45.1905
   14431      43.3743
   14432      45.7053
   14433      47.9625
   14434      47.8869
   14435      47.9331
   14436      44.0961
   14437      44.4990
   14438      46.1002
   14439      45.3346
   14440      48.6839
   14441      47.5201
   14442      47.1375
   14443      44.5056
   14444      43.6248
   14445      45.7052
   14446      44.0376
   14447      46.3585
   14448      47.7695
   14449      47.3135
   14450      44.8021
   14451      47.2214
   14452      45.3711
   14453      42.0486
   14454      45.1020
   14455      47.6097
   14456      45.5505
   14457      43.4887
   14458      41.1507
   14459      40.7788
   14460      40.3937
   14461      43.7719
   14462      42.8371
   14463      45.0274
   14464      45.5751
   14465      44.9095
   14466      50.8381
   14467      48.3657
   14468      44.1969
   14469      44.5054
   14470      46.2187
   14471      44.2383
   14472      46.4834
   14473      43.5314
   14474      43.3938
   14475      41.7297
   14476      45.9158
   14477      42.0894
   14478      47.6144
   14479      48.8162
   14480      48.5868
   14481      43.7369
   14482      43.1048
   14483      44.2644
   14484      42.2954
   14485      40.7628
   14486      45.9010
   14487      47.7787
   14488      50.3217
   14489      52.4941
   14490      58.7442
   14491      60.9586
   14492      62.4901
   14493      64.6794
   14494      58.2436
   14495      55.2618
   14496      55.5926
   14497      51.7450
   14498      52.1274
   14499      48.9449
   14500      49.2181
   14501      50.2309
   14502      48.0121
   14503      43.8960
   14504      44.2395
   14505      47.7758
   14506      53.0327
   14507      54.3846
   14508      56.4713
   14509      57.0728
   14510      54.1810
   14511      57.0620
   14512      61.5844
   14513      60.1389
   14514      58.2435
   14515      54.8043
   14516      51.4544
   14517      49.5860
   14518      52.7658
   14519      55.2462
   14520      52.6515
   14521      51.3292
   14522      52.1578
   14523      51.0963
   14524      50.7879
   14525      48.9746
   14526      49.4218
   14527      48.3949
   14528      51.3270
   14529      50.0429
   14530      48.8819
   14531      45.1510
   14532      47.1028
   14533      49.7976
   14534      49.4150
   14535      48.9268
   14536      45.8373
   14537      47.2233
   14538      47.2530
   14539      49.9268
   14540      49.6496
   14541      47.3419
   14542      48.1359
   14543      44.8713
   14544      46.5816
   14545      45.7527
   14546      49.2374
   14547      48.4008
   14548      50.2482
   14549      49.7279
   14550      49.7230
   14551      47.2337
   14552      43.4312
   14553      44.3878
   14554      50.7882
   14555      48.4461
   14556      51.2758
   14557      47.2234
   14558      47.4237
   14559      50.8139
   14560      48.3652
   14561      44.2090
   14562      43.9053
   14563      47.0818
   14564      45.3542
   14565      47.0871
   14566      46.0344
   14567      49.0356
   14568      48.0039
   14569      44.4203
   14570      46.4497
   14571      45.3273
   14572      39.3729
   14573      43.6310
   14574      44.4436
   14575      42.6278
   14576      45.3015
   14577      44.2983
   14578      46.8426
   14579      43.8073
   14580      46.5993
   14581      45.0925
   14582      46.6539
   14583      45.2688
   14584      42.8197
   14585      47.5286
   14586      50.2593
   14587      49.2336
   14588      44.8212
   14589      47.6087
   14590      49.2914
   14591      53.0236
   14592      51.6907
   14593      49.7540
   14594      48.5384
   14595      45.9924
   14596      43.9617
   14597      48.4445
   14598      52.1757
   14599      47.1707
   14600      47.5191
   14601      52.1120
   14602      58.1446
   14603      53.8404
   14604      50.2447
   14605      55.9316
   14606      57.6787
   14607      56.6966
   14608      54.8903
   14609      52.3536
   14610      54.6041
   14611      57.7505
   14612      53.0804
   14613      54.4600
   14614      54.5522
   14615      49.7617
   14616      50.6010
   14617      51.4454
   14618      52.8335
   14619      51.4498
   14620      50.7639
   14621      46.5196
   14622      49.5089
   14623      48.0935
   14624      48.4145
   14625      45.0576
   14626      42.6454
   14627      45.0211
   14628      42.7367
   14629      46.9490
   14630      43.5032
   14631      41.8278
   14632      47.3509
   14633      45.8573
   14634      43.5654
   14635      43.1675
   14636      45.8327
   14637      43.6555
   14638      41.6620
   14639      46.7996
   14640      44.6693
   14641      48.4494
   14642      53.4064
   14643      56.9356
   14644      59.0392
   14645      57.9966
   14646      59.6657
   14647      62.4174
   14648      59.5493
   14649      62.9276
   14650      66.1563
   14651      65.4931
   14652      62.9730
   14653      60.6535
   14654      59.5557
   14655      56.0089
   14656      56.4525
   14657      54.0802
   14658      53.8878
   14659      50.2344
   14660      51.5412
   14661      54.6845
   14662      53.8507
   14663      53.7336
   14664      55.9200
   14665      58.1266
   14666      57.8884
   14667      55.8437
   14668      56.0538
   14669      57.1660
   14670      56.4048
   14671      55.3369
   14672      59.4913
   14673      57.9160
   14674      62.0894
   14675      63.4673
   14676      66.1110
   14677      64.0271
   14678      64.4633
   14679      65.1928
   14680      64.6754
   14681      67.6820
   14682      75.8514
   14683      78.1841
   14684      76.8991
   14685      76.9659
   14686      75.6077
   14687      78.8687
   14688      81.3566
   14689      83.0900
   14690      81.9739
   14691      82.9365
   14692      79.9418
   14693      76.6701
   14694      69.2448
   14695      63.1086
   14696      57.1853
   14697      55.9667
   14698      54.4342
   14699      56.9464
   14700      57.6864
   14701      56.8874
   14702      54.8507
   14703      56.8289
   14704      54.8424
   14705      45.6123
   14706      45.8084
   14707      45.9854
   14708      49.0355
   14709      47.3571
   14710      49.2028
   14711      48.2839
   14712      49.2212
   14713      51.9215
   14714      52.4456
   14715      52.2667
   14716      52.2544
   14717      50.2531
   14718      51.2459
   14719      46.4361
   14720      45.3124
   14721      43.0826
   14722      45.4088
   14723      45.7819
   14724      46.8921
   14725      50.2835
   14726      49.5314
   14727      47.2985
   14728      43.9356
   14729      47.3613
   14730      50.2404
   14731      54.6704
   14732      50.8125
   14733      47.9824
   14734      48.6195
   14735      47.2134
   14736      49.3355
   14737      44.7595
   14738      43.8354
   14739      43.1458
   14740      42.7182
   14741      43.5898
   14742      42.9278
   14743      41.8910
   14744      47.6270
   14745      44.9035
   14746      46.5254
   14747      45.4616
   14748      46.0833
   14749      47.9044
   14750      47.4321
   14751      43.2739
   14752      44.9326
   14753      46.5664
   14754      46.3505
   14755      44.9642
   14756      45.1068
   14757      44.3981
   14758      46.8784
   14759      45.3690
   14760      45.3678
   14761      49.7426
   14762      53.4984
   14763      50.1919
   14764      49.1433
   14765      46.1161
   14766      46.1835
   14767      44.9677
   14768      46.2076
   14769      41.7083
   14770      44.2101
   14771      41.7071
   14772      42.4502
   14773      44.4082
   14774      43.4034
   14775      45.4824
   14776      43.6021
   14777      40.9098
   14778      41.3709
   14779      44.8898
   14780      43.5148
   14781      44.5459
   14782      43.9397
   14783      46.1698
   14784      44.1853
   14785      40.8954
   14786      42.8536
   14787      42.9135
   14788      41.4050
   14789      42.3591
   14790      41.8042
   14791      45.3574
   14792      43.7007
   14793      45.1656
   14794      47.6184
   14795      47.7227
   14796      46.9383
   14797      45.8486
   14798      50.1050
   14799      46.7299
   14800      44.7150
   14801      48.4937
   14802      46.0814
   14803      48.9423
   14804      50.9953
   14805      48.1968
   14806      47.5478
   14807      47.0250
   14808      44.0289
   14809      44.7496
   14810      45.1852
   14811      45.1090
   14812      48.3336
   14813      49.0087
   14814      44.5871
   14815      44.3488
   14816      44.6368
   14817      42.5036
   14818      43.1494
   14819      45.0016
   14820      42.2119
   14821      43.7938
   14822      46.2480
   14823      42.9126
   14824      40.9371
   14825      44.9971
   14826      42.8070
   14827      45.0006
   14828      43.5849
   14829      44.7372
   14830      48.5821
   14831      44.0655
   14832      46.8951
   14833      48.1389
   14834      46.3677
   14835      47.9007
   14836      47.8410
   14837      45.4417
   14838      49.7073
   14839      49.3348
   14840      46.6399
   14841      45.5149
   14842      42.7198
   14843      44.1848
   14844      45.7828
   14845      42.0279
   14846      48.1397
   14847      43.8340
   14848      43.1166
   14849      46.1363
   14850      45.1868
   14851      41.7191
   14852      41.9948
   14853      43.2096
   14854      46.8680
   14855      48.9376
   14856      48.0548
   14857      43.7901
   14858      47.2540
   14859      45.1053
   14860      44.1777
   14861      45.5369
   14862      47.9944
   14863      46.5054
   14864      44.5136
   14865      45.5408
   14866      46.9302
   14867      40.2754
   14868      42.1868
   14869      45.3782
   14870      48.6372
   14871      43.8624
   14872      46.4763
   14873      46.8499
   14874      42.6847
   14875      42.3262
   14876      44.0154
   14877      48.7794
   14878      52.1511
   14879      51.2982
   14880      50.3102
   14881      49.6699
   14882      48.1426
   14883      50.5609
   14884      49.1421
   14885      51.0493
   14886      53.1859
   14887      48.9252
   14888      52.3794
   14889      53.2690
   14890      51.1577
   14891      47.4014
   14892      48.9536
   14893      45.8097
   14894      49.4302
   14895      39.8002
   14896      44.0691
   14897      46.5330
   14898      43.5265
   14899      44.2506
   14900      43.9292
   14901      46.5064
   14902      45.9815
   14903      49.0095
   14904      49.4276
   14905      47.3376
   14906      46.6373
   14907      44.6566
   14908      44.2292
   14909      44.9257
   14910      49.2226
   14911      50.5070
   14912      44.8796
   14913      45.3243
   14914      45.3264
   14915      44.0481
   14916      40.8896
   14917      45.5287
   14918      52.7320
   14919      50.9682
   14920      46.6228
   14921      46.2955
   14922      41.0925
   14923      37.4469
   14924      40.7632
   14925      46.3069
   14926      44.9077
   14927      40.8328
   14928      41.4237
   14929      40.4220
   14930      43.8849
   14931      45.4526
   14932      43.3919
   14933      45.6697
   14934      39.3817
   14935      40.0084
   14936      39.7716
   14937      46.6793
   14938      48.1632
   14939      47.0602
   14940      49.3107
   14941      45.3670
   14942      43.8714
   14943      52.9434
   14944      53.8763
   14945      51.4857
   14946      51.4419
   14947      52.1931
   14948      48.9783
   14949      48.6330
   14950      49.2070
   14951      48.4356
   14952      45.9435
   14953      43.7220
   14954      43.4583
   14955      46.9907
   14956      50.7376
   14957      53.8835
   14958      53.2304
   14959      50.6774
   14960      49.1256
   14961      50.2210
   14962      50.8463
   14963      56.9007
   14964      52.2253
   14965      51.0707
   14966      47.6653
   14967      49.9786
   14968      51.8823
   14969      48.8348
   14970      53.0934
   14971      52.4095
   14972      51.0504
   14973      51.3007
   14974      51.2807
   14975      49.1808
   14976      50.7346
   14977      53.5943
   14978      54.1354
   14979      51.7303
   14980      52.3832
   14981      52.6012
   14982      54.4722
   14983      55.7944
   14984      53.5726
   14985      53.0206
   14986      53.5445
   14987      53.4360
   14988      52.1819
   14989      55.0538
   14990      58.1271
   14991      51.3157
   14992      51.5868
   14993      51.5426
   14994      53.4368
   14995      49.6823
   14996      50.9195
   14997      52.0469
   14998      53.2551
   14999      52.2893
   15000      51.5884
   15001      50.2995
   15002      48.3768
   15003      47.4242
   15004      43.7674
   15005      44.8591
   15006      43.3801
   15007      45.9828
   15008      41.8093
   15009      41.9567
   15010      42.6109
   15011      45.0564
   15012      51.8009
   15013      50.0096
   15014      48.2058
   15015      45.5271
   15016      48.0457
   15017      46.6226
   15018      45.0226
   15019      43.0963
   15020      44.8092
   15021      45.9683
   15022      44.6698
   15023      44.5457
   15024      44.0692
   15025      44.3585
   15026      42.0433
   15027      40.5660
   15028      42.2531
   15029      45.0268
   15030      39.9845
   15031      42.3382
   15032      43.0697
   15033      39.9947
   15034      39.8957
   15035      43.9734
   15036      42.9111
   15037      44.7443
   15038      43.6217
   15039      50.4867
   15040      47.8407
   15041      48.5667
   15042      46.2709
   15043      42.5458
   15044      42.1656
   15045      40.3642
   15046      41.6152
   15047      43.9447
   15048      43.7415
   15049      43.5010
   15050      43.6149
   15051      46.3521
   15052      46.6528
   15053      47.6169
   15054      49.4855
   15055      47.7992
   15056      46.6987
   15057      49.9592
   15058      47.6925
   15059      50.3926
   15060      53.2476
   15061      54.1039
   15062      60.5307
   15063      61.4256
   15064      58.9991
   15065      57.1122
   15066      57.3827
   15067      58.1645
   15068      55.8430
   15069      57.5455
   15070      53.4415
   15071      48.4901
   15072      46.7608
   15073      46.8166
   15074      45.7364
   15075      45.3779
   15076      48.8842
   15077      52.0928
   15078      51.9991
   15079      51.7613
   15080      52.0637
   15081      51.5093
   15082      48.3770
   15083      47.9909
   15084      55.3037
   15085      53.4598
   15086      53.6319
   15087      46.0703
   15088      49.1175
   15089      54.7313
   15090      55.3001
   15091      51.2421
   15092      48.7613
   15093      46.1053
   15094      51.4073
   15095      54.0290
   15096      52.7865
   15097      52.0306
   15098      51.0351
   15099      48.3839
   15100      43.7430
   15101      43.4372
   15102      45.3841
   15103      46.8139
   15104      45.6309
   15105      44.9615
   15106      45.9167
   15107      45.8331
   15108      50.0458
   15109      49.6024
   15110      49.6743
   15111      50.1451
   15112      48.7457
   15113      47.9602
   15114      46.3503
   15115      50.1049
   15116      47.7379
   15117      47.2540
   15118      49.8678
   15119      48.5638
   15120      47.4825
   15121      51.1017
   15122      48.6078
   15123      51.7927
   15124      55.5945
   15125      51.5756
   15126      53.0694
   15127      55.1025
   15128      55.9406
   15129      52.0308
   15130      51.3215
   15131      52.5327
   15132      47.9262
   15133      46.8745
   15134      47.3616
   15135      44.6033
   15136      46.0203
   15137      43.5553
   15138      42.6877
   15139      45.7200
   15140      44.5169
   15141      42.5274
   15142      41.7679
   15143      40.5272
   15144      43.5981
   15145      46.0416
   15146      46.4639
   15147      43.5954
   15148      41.3396
   15149      43.4557
   15150      39.9225
   15151      46.5030
   15152      47.3052
   15153      56.7780
   15154      56.7394
   15155      52.0657
   15156      43.4104
   15157      44.5811
   15158      47.2131
   15159      49.7300
   15160      46.1141
   15161      48.0352
   15162      45.8693
   15163      43.0497
   15164      42.5328
   15165      46.6096
   15166      45.5934
   15167      43.3655
   15168      43.6996
   15169      44.0391
   15170      46.6463
   15171      45.3582
   15172      45.1898
   15173      44.0002
   15174      41.6301
   15175      43.0725
   15176      40.8735
   15177      43.4839
   15178      44.7600
   15179      45.3193
   15180      43.1725
   15181      42.7776
   15182      44.1198
   15183      42.7535
   15184      46.6510
   15185      42.9236
   15186      43.7225
   15187      45.3034
   15188      49.3162
   15189      47.0754
   15190      44.5810
   15191      48.9251
   15192      51.8760
   15193      45.0913
   15194      46.7288
   15195      48.9244
   15196      51.5716
   15197      50.2450
   15198      49.0964
   15199      51.2695
   15200      53.5729
   15201      53.4540
   15202      54.2636
   15203      48.7130
   15204      48.0651
   15205      50.5144
   15206      48.8622
   15207      49.3434
   15208      44.4160
   15209      49.4255
   15210      45.0091
   15211      40.1988
   15212      37.1437
   15213      39.7441
   15214      39.7689
   15215      42.5934
   15216      41.1110
   15217      43.5795
   15218      45.0014
   15219      44.6612
   15220      44.8647
   15221      49.2999
   15222      48.6101
   15223      44.9576
   15224      47.7943
   15225      52.0531
   15226      47.4985
   15227      47.4047
   15228      49.9867
   15229      49.5246
   15230      49.5692
   15231      47.4665
   15232      43.9596
   15233      47.1479
   15234      49.7465
   15235      48.1722
   15236      49.8860
   15237      49.8179
   15238      47.4631
   15239      46.3120
   15240      49.0097
   15241      43.1380
   15242      45.5618
   15243      44.5842
   15244      45.8751
   15245      47.4155
   15246      50.9259
   15247      49.8281
   15248      48.4794
   15249      50.4430
   15250      53.7611
   15251      50.7489
   15252      46.0061
   15253      49.4797
   15254      51.7703
   15255      46.4269
   15256      49.1844
   15257      48.6124
   15258      53.4915
   15259      49.0527
   15260      48.9083
   15261      46.4985
   15262      51.0985
   15263      54.3008
   15264      52.4313
   15265      50.4242
   15266      54.9144
   15267      53.6787
   15268      47.2530
   15269      48.2374
   15270      50.0517
   15271      50.0814
   15272      47.0984
   15273      43.7495
   15274      48.0754
   15275      50.8650
   15276      48.5793
   15277      46.5398
   15278      49.2050
   15279      50.6558
   15280      48.8048
   15281      47.9211
   15282      45.0146
   15283      42.9640
   15284      44.0434
   15285      42.9639
   15286      41.8628
   15287      43.1016
   15288      41.4083
   15289      40.6866
   15290      43.9208
   15291      43.3565
   15292      44.3000
   15293      45.5498
   15294      45.1538
   15295      44.7092
   15296      47.2158
   15297      49.0233
   15298      47.2284
   15299      48.8094
   15300      47.9827
   15301      49.0701
   15302      53.0110
   15303      50.6036
   15304      48.6145
   15305      47.4232
   15306      44.5470
   15307      48.6777
   15308      49.4747
   15309      48.5090
   15310      48.5361
   15311      51.8446
   15312      47.6148
   15313      46.6051
   15314      45.9219
   15315      47.1343
   15316      45.4356
   15317      50.7846
   15318      53.2709
   15319      52.7049
   15320      48.3356
   15321      46.6080
   15322      50.4653
   15323      48.1129
   15324      54.5189
   15325      55.7594
   15326      49.5005
   15327      51.8906
   15328      51.7547
   15329      52.3816
   15330      49.3639
   15331      49.7718
   15332      48.8577
   15333      55.1510
   15334      51.7461
   15335      50.9337
   15336      49.2436
   15337      44.7631
   15338      46.9420
   15339      49.3536
   15340      48.7466
   15341      49.8599
   15342      55.1903
   15343      52.6201
   15344      53.4564
   15345      51.8020
   15346      49.4923
   15347      51.5859
   15348      52.6843
   15349      50.8457
   15350      50.7428
   15351      49.9940
   15352      46.9527
   15353      51.5300
   15354      48.3661
   15355      48.9857
   15356      47.8853
   15357      47.0211
   15358      46.9637
   15359      48.1538
   15360      47.1546
   15361      48.3723
   15362      45.2227
   15363      52.4079
   15364      52.9471
   15365      53.1959
   15366      53.6132
   15367      49.9163
   15368      50.3213
   15369      51.9926
   15370      51.9299
   15371      57.4163
   15372      55.9026
   15373      55.2302
   15374      51.4573
   15375      53.6486
   15376      51.2640
   15377      52.7444
   15378      50.6505
   15379      50.2812
   15380      50.4534
   15381      51.7462
   15382      50.9371
   15383      51.8981
   15384      51.5462
   15385      47.4748
   15386      45.3014
   15387      47.7501
   15388      49.9454
   15389      52.9006
   15390      54.3396
   15391      53.7127
   15392      51.7413
   15393      49.6603
   15394      52.5531
   15395      52.7558
   15396      53.8735
   15397      51.7581
   15398      44.8904
   15399      43.3989
   15400      41.2169
   15401      44.7730
   15402      46.0859
   15403      47.5794
   15404      48.4720
   15405      53.1141
   15406      53.8748
   15407      49.8529
   15408      50.8622
   15409      51.4892
   15410      50.0546
   15411      50.2247
   15412      53.8523
   15413      52.0539
   15414      51.7011
   15415      50.7567
   15416      51.2068
   15417      51.8812
   15418      52.0584
   15419      49.8483
   15420      47.3760
   15421      46.4160
   15422      47.5062
   15423      47.8518
   15424      47.3653
   15425      44.7016
   15426      50.4598
   15427      48.7694
   15428      47.1223
   15429      47.1530
   15430      47.8257
   15431      46.3029
   15432      46.8099
   15433      44.9917
   15434      42.0843
   15435      46.9083
   15436      47.8389
   15437      48.2637
   15438      47.5795
   15439      42.6258
   15440      44.2302
   15441      47.7529
   15442      49.4393
   15443      48.4918
   15444      49.4646
   15445      46.2761
   15446      51.8892
   15447      53.4555
   15448      52.9859
   15449      51.0450
   15450      49.9560
   15451      49.8888
   15452      47.3935
   15453      45.5634
   15454      47.6397
   15455      46.9555
   15456      47.4956
   15457      46.9603
   15458      47.1755
   15459      47.7667
   15460      51.3711
   15461      50.8899
   15462      45.5837
   15463      43.7463
   15464      43.5828
   15465      45.7625
   15466      45.0292
   15467      42.6129
   15468      43.5413
   15469      44.3584
   15470      46.4620
   15471      49.5405
   15472      51.1531
   15473      49.2725
   15474      53.7369
   15475      57.8302
   15476      57.1513
   15477      55.0636
   15478      55.5724
   15479      56.6472
   15480      55.0469
   15481      53.9126
   15482      51.1386
   15483      49.7336
   15484      49.6382
   15485      48.1073
   15486      47.0603
   15487      46.7304
   15488      46.4656
   15489      48.9324
   15490      50.7135
   15491      51.7729
   15492      51.3157
   15493      53.0926
   15494      52.5553
   15495      49.7563
   15496      45.3233
   15497      49.6721
   15498      51.3774
   15499      50.9516
   15500      51.7953
   15501      52.0804
   15502      52.7407
   15503      52.0697
   15504      50.7698
   15505      49.4015
   15506      52.4146
   15507      50.2514
   15508      50.2509
   15509      48.9487
   15510      47.9387
   15511      46.3788
   15512      48.7364
   15513      52.8362
   15514      55.0949
   15515      52.7456
   15516      51.9859
   15517      52.2390
   15518      53.0411
   15519      46.1153
   15520      51.3703
   15521      51.2411
   15522      56.5695
   15523      54.7760
   15524      52.6805
   15525      53.2469
   15526      53.5987
   15527      50.1803
   15528      46.4909
   15529      47.1681
   15530      45.7661
   15531      45.7068
   15532      44.8958
   15533      43.1114
   15534      45.9780
   15535      48.1949
   15536      49.8915
   15537      53.5666
   15538      48.7609
   15539      48.1546
   15540      46.9648
   15541      46.9546
   15542      47.9802
   15543      49.3183
   15544      48.3147
   15545      51.0879
   15546      49.7661
   15547      47.3172
   15548      42.9589
   15549      45.9906
   15550      46.8748
   15551      48.4778
   15552      46.3767
   15553      44.7625
   15554      44.8311
   15555      45.3629
   15556      46.6732
   15557      44.7169
   15558      47.9458
   15559      46.1379
   15560      47.2983
   15561      50.8704
   15562      44.6164
   15563      45.5873
   15564      42.6525
   15565      46.4055
   15566      44.7700
   15567      42.9124
   15568      43.3624
   15569      44.5236
   15570      49.6229
   15571      50.8992
   15572      47.5966
   15573      49.6396
   15574      46.5702
   15575      48.5622
   15576      51.7197
   15577      51.0900
   15578      48.0719
   15579      46.1739
   15580      46.8233
   15581      46.5189
   15582      49.3395
   15583      47.3947
   15584      49.6460
   15585      48.8063
   15586      52.9562
   15587      50.8128
   15588      51.7178
   15589      51.0236
   15590      51.2834
   15591      50.7631
   15592      50.6762
   15593      50.5476
   15594      53.6916
   15595      55.5823
   15596      57.9162
   15597      56.0304
   15598      55.4123
   15599      56.2303
   15600      54.6445
   15601      54.1891
   15602      52.1775
   15603      51.3942
   15604      54.1230
   15605      50.7906
   15606      54.5230
   15607      57.7484
   15608      57.6105
   15609      60.2852
   15610      54.8867
   15611      53.1746
   15612      53.7658
   15613      52.8960
   15614      48.5591
   15615      45.5672
   15616      45.0842
   15617      44.2042
   15618      46.8362
   15619      44.5841
   15620      49.9249
   15621      48.4624
   15622      48.0348
   15623      43.5267
   15624      47.6712
   15625      47.8178
   15626      45.9125
   15627      47.4603
   15628      46.3017
   15629      46.7739
   15630      46.6569
   15631      44.7806
   15632      42.3348
   15633      42.4998
   15634      44.0904
   15635      45.8364
   15636      43.1070
   15637      41.8253
   15638      45.4921
   15639      47.0807
   15640      43.0237
   15641      44.8859
   15642      50.6181
   15643      46.3377
   15644      46.5381
   15645      45.7622
   15646      47.7701
   15647      50.3495
   15648      51.4322
   15649      49.3660
   15650      51.2219
   15651      46.3902
   15652      49.6734
   15653      51.1897
   15654      51.5389
   15655      49.2574
   15656      47.7597
   15657      49.3428
   15658      47.6505
   15659      43.2043
   15660      44.5352
   15661      45.0109
   15662      43.9098
   15663      43.3350
   15664      46.2170
   15665      47.8179
   15666      43.7839
   15667      41.5813
   15668      44.0184
   15669      41.3254
   15670      45.7217
   15671      41.4310
   15672      41.4246
   15673      45.7574
   15674      42.8670
   15675      45.8088
   15676      43.9851
   15677      46.7606
   15678      45.4132
   15679      42.1816
   15680      41.0152
   15681      41.1157
   15682      42.3156
   15683      42.2672
   15684      41.5917
   15685      43.3475
   15686      46.2058
   15687      48.0666
   15688      47.0073
   15689      50.7163
   15690      52.2047
   15691      47.0548
   15692      45.8676
   15693      48.8300
   15694      46.9575
   15695      46.1291
   15696      44.7003
   15697      46.7811
   15698      47.5291
   15699      49.1143
   15700      46.1325
   15701      50.0530
   15702      50.6419
   15703      51.2101
   15704      50.4120
   15705      48.2050
   15706      49.6889
   15707      47.5359
   15708      45.7503
   15709      54.9273
   15710      54.7374
   15711      49.4154
   15712      53.9476
   15713      52.3940
   15714      52.0590
   15715      48.1395
   15716      48.1639
   15717      52.0955
   15718      50.9793
   15719      50.2650
   15720      54.7598
   15721      51.0063
   15722      47.4286
   15723      46.1778
   15724      50.1118
   15725      49.2547
   15726      47.6766
   15727      45.1287
   15728      44.3019
   15729      46.3879
   15730      45.0743
   15731      46.0515
   15732      45.9689
   15733      49.1516
   15734      47.4496
   15735      43.8407
   15736      40.8086
   15737      46.3410
   15738      45.5220
   15739      46.8713
   15740      47.6953
   15741      45.3942
   15742      43.7453
   15743      47.2612
   15744      46.0291
   15745      45.4009
   15746      48.3253
   15747      50.8772
   15748      47.9852
   15749      45.5220
   15750      43.6599
   15751      43.9266
   15752      47.1302
   15753      45.0755
   15754      44.8638
   15755      44.4244
   15756      45.1118
   15757      47.5103
   15758      48.6457
   15759      49.9368
   15760      54.0083
   15761      56.3716
   15762      56.4743
   15763      54.9224
   15764      52.5018
   15765      51.8205
   15766      50.9670
   15767      47.1659
   15768      48.1677
   15769      46.9475
   15770      47.8037
   15771      44.2244
   15772      46.6514
   15773      45.4031
   15774      49.3346
   15775      49.8884
   15776      54.5852
   15777      54.1766
   15778      55.5342
   15779      53.8811
   15780      48.5352
   15781      47.0202
   15782      48.0666
   15783      48.2022
   15784      46.5997
   15785      46.1420
   15786      48.2708
   15787      43.6479
   15788      44.5499
   15789      49.4144
   15790      47.5606
   15791      47.8963
   15792      44.8687
   15793      48.0204
   15794      46.4623
   15795      48.2100
   15796      46.0566
   15797      47.3608
   15798      40.1780
   15799      43.5602
   15800      46.3057
   15801      46.4313
   15802      49.1936
   15803      45.4858
   15804      47.8465
   15805      48.5216
   15806      46.5013
   15807      44.9376
   15808      45.7605
   15809      48.4742
   15810      47.6730
   15811      50.5566
   15812      49.5071
   15813      49.0991
   15814      43.2926
   15815      45.3301
   15816      42.4086
   15817      44.9431
   15818      46.0255
   15819      44.4430
   15820      46.1060
   15821      46.6859
   15822      50.9375
   15823      50.4078
   15824      45.4432
   15825      44.2488
   15826      44.5341
   15827      42.7562
   15828      45.3975
   15829      45.1395
   15830      50.7151
   15831      50.0425
   15832      44.4281
   15833      40.9852
   15834      39.2854
   15835      40.0055
   15836      41.0446
   15837      37.6632
   15838      42.7852
   15839      45.8132
   15840      46.0287
   15841      46.7095
   15842      43.8734
   15843      41.6135
   15844      42.4314
   15845      43.5173
   15846      44.2035
   15847      43.5752
   15848      43.0583
   15849      45.6622
   15850      43.5952
   15851      42.1236
   15852      43.3526
   15853      45.8954
   15854      46.8745
   15855      44.5330
   15856      44.6803
   15857      41.5555
   15858      38.5524
   15859      41.5636
   15860      43.0667
   15861      41.9520
   15862      41.4943
   15863      48.0270
   15864      45.8233
   15865      43.3033
   15866      40.5524
   15867      38.4738
   15868      38.2449
   15869      39.3115
   15870      40.0674
   15871      41.0712
   15872      43.0256
   15873      42.9947
   15874      45.8070
   15875      44.6342
   15876      43.9552
   15877      45.2586
   15878      44.6571
   15879      50.4383
   15880      51.2605
   15881      50.9043
   15882      41.2366
   15883      41.0277
   15884      47.3725
   15885      49.5050
   15886      46.0806
   15887      48.8093
   15888      46.0636
   15889      46.3196
   15890      46.6816
   15891      46.1450
   15892      49.4459
   15893      50.0645
   15894      48.6783
   15895      49.5939
   15896      48.9167
   15897      50.9705
   15898      50.9162
   15899      46.4826
   15900      46.8824
   15901      46.8199
   15902      48.4739
   15903      45.3434
   15904      53.7745
   15905      57.2992
   15906      55.0865
   15907      49.5159
   15908      45.9688
   15909      45.8628
   15910      42.4473
   15911      40.4533
   15912      43.8057
   15913      42.4384
   15914      44.8303
   15915      42.5500
   15916      43.6186
   15917      43.5787
   15918      42.4657
   15919      42.1480
   15920      40.4520
   15921      44.6700
   15922      46.0055
   15923      46.2618
   15924      44.5908
   15925      47.4940
   15926      51.1768
   15927      50.1274
   15928      48.9318
   15929      50.5138
   15930      53.3400
   15931      55.9318
   15932      51.1591
   15933      52.0368
   15934      54.0669
   15935      62.4045
   15936      61.2971
   15937      58.7616
   15938      53.3412
   15939      55.8688
   15940      55.9658
   15941      50.4515
   15942      49.9717
   15943      48.0016
   15944      44.4923
   15945      50.8788
   15946      49.8635
   15947      55.3603
   15948      51.6394
   15949      53.4138
   15950      48.0961
   15951      51.5811
   15952      57.0031
   15953      62.5887
   15954      59.0454
   15955      50.8251
   15956      52.0048
   15957      52.9194
   15958      50.2451
   15959      55.7634
   15960      58.3527
   15961      57.2262
   15962      53.3351
   15963      53.6798
   15964      52.2575
   15965      49.4026
   15966      50.0224
   15967      53.2022
   15968      52.2990
   15969      52.7558
   15970      50.7853
   15971      50.2108
   15972      51.4262
   15973      48.5774
   15974      46.2446
   15975      46.3031
   15976      45.3274
   15977      47.0252
   15978      44.1669
   15979      46.1573
   15980      44.5997
   15981      46.5236
   15982      48.3065
   15983      50.9188
   15984      46.3903
   15985      45.5460
   15986      44.7207
   15987      49.1213
   15988      49.1563
   15989      50.9312
   15990      51.3505
   15991      49.9867
   15992      46.5047
   15993      47.8629
   15994      45.1334
   15995      46.5188
   15996      51.7012
   15997      50.1862
   15998      47.3546
   15999      52.3584
   16000      49.0822
   16001      46.3149
   16002      39.6190
   16003      41.5074
   16004      45.8316
   16005      44.5382
   16006      44.3829
   16007      46.2286
   16008      46.8950
   16009      42.9370
   16010      47.7624
   16011      46.9182
   16012      44.6143
   16013      47.2180
   16014      46.7616
   16015      48.0845
   16016      48.0124
   16017      46.2370
   16018      48.8113
   16019      45.7806
   16020      46.3582
   16021      44.4707
   16022      45.0107
   16023      49.6360
   16024      53.0333
   16025      54.5914
   16026      51.5251
   16027      55.1174
   16028      49.0487
   16029      47.4144
   16030      49.2848
   16031      49.8899
   16032      51.9788
   16033      49.4378
   16034      46.9337
   16035      50.8201
   16036      45.7554
   16037      44.7412
   16038      45.8770
   16039      52.7492
   16040      50.0055
   16041      51.6350
   16042      43.5443
   16043      47.1254
   16044      49.4699
   16045      48.7926
   16046      49.2081
   16047      50.6892
   16048      54.6347
   16049      56.0099
   16050      57.4110
   16051      59.5596
   16052      65.3367
   16053      57.8371
   16054      61.0218
   16055      63.6469
   16056      65.4982
   16057      64.6427
   16058      63.7874
   16059      63.0644
   16060      56.9672
   16061      54.4370
   16062      58.2717
   16063      61.8237
   16064      61.5239
   16065      59.1743
   16066      56.6684
   16067      57.6497
   16068      59.1500
   16069      56.1581
   16070      54.2223
   16071      55.5718
   16072      55.0487
   16073      56.0702
   16074      57.5779
   16075      57.7170
   16076      59.5558
   16077      57.6746
   16078      56.0332
   16079      51.3375
   16080      56.3736
   16081      53.7706
   16082      50.9769
   16083      52.1314
   16084      44.8888
   16085      46.6615
   16086      44.1408
   16087      47.6529
   16088      44.3411
   16089      43.1011
   16090      48.4663
   16091      51.6129
   16092      51.3030
   16093      47.0054
   16094      49.4457
   16095      53.1879
   16096      54.9237
   16097      54.7938
   16098      51.1062
   16099      51.6099
   16100      52.6456
   16101      50.6075
   16102      48.2464
   16103      44.5066
   16104      44.4482
   16105      46.3736
   16106      43.5668
   16107      46.2998
   16108      48.7682
   16109      45.0328
   16110      44.0066
   16111      44.3878
   16112      44.7416
   16113      46.9628
   16114      48.0504
   16115      47.5328
   16116      45.3297
   16117      47.4218
   16118      50.8359
   16119      48.9766
   16120      51.4136
   16121      47.9437
   16122      49.1061
   16123      50.9426
   16124      50.0229
   16125      53.3913
   16126      53.1888
   16127      53.7988
   16128      54.0742
   16129      55.2050
   16130      54.8054
   16131      58.4399
   16132      56.2939
   16133      50.5327
   16134      52.2550
   16135      54.8736
   16136      57.1439
   16137      57.2281
   16138      49.5798
   16139      48.2698
   16140      47.7857
   16141      45.5096
   16142      46.0950
   16143      47.1231
   16144      44.6803
   16145      45.1426
   16146      46.1180
   16147      49.7618
   16148      51.8057
   16149      50.2856
   16150      49.6895
   16151      47.6662
   16152      46.4908
   16153      46.1675
   16154      49.5937
   16155      50.1225
   16156      48.9019
   16157      51.6359
   16158      48.0146
   16159      48.8570
   16160      49.4069
   16161      50.5683
   16162      45.9274
   16163      46.2729
   16164      50.8133
   16165      53.1360
   16166      50.8526
   16167      48.2592
   16168      47.9479
   16169      49.3741
   16170      51.3373
   16171      50.2866
   16172      50.4054
   16173      51.9097
   16174      50.0411
   16175      50.6395
   16176      51.0327
   16177      49.4685
   16178      47.2979
   16179      48.8972
   16180      49.5387
   16181      52.5016
   16182      50.0532
   16183      51.8554
   16184      52.3246
   16185      49.0471
   16186      50.2197
   16187      49.6065
   16188      50.0816
   16189      47.6814
   16190      50.2077
   16191      50.8574
   16192      45.5053
   16193      47.7675
   16194      42.8941
   16195      44.6340
   16196      45.3430
   16197      47.5625
   16198      46.0143
   16199      46.6947
   16200      47.8246
   16201      45.6055
   16202      52.3611
   16203      47.8959
   16204      46.7279
   16205      44.2367
   16206      44.7696
   16207      43.9831
   16208      43.6957
   16209      43.6412
   16210      42.8873
   16211      42.5593
   16212      42.3976
   16213      43.8421
   16214      42.7083
   16215      46.1824
   16216      44.7714
   16217      45.4484
   16218      44.0953
   16219      47.4523
   16220      44.7299
   16221      44.3501
   16222      47.7274
   16223      43.7035
   16224      44.0723
   16225      43.8947
   16226      44.5021
   16227      45.8857
   16228      46.7323
   16229      43.6685
   16230      45.2639
   16231      46.8396
   16232      46.5822
   16233      44.3840
   16234      45.1357
   16235      45.8751
   16236      45.2463
   16237      42.6347
   16238      45.7442
   16239      51.5671
   16240      52.6718
   16241      47.6254
   16242      48.2915
   16243      47.3963
   16244      50.2527
   16245      55.7340
   16246      51.6678
   16247      51.8733
   16248      52.2840
   16249      51.8955
   16250      50.3927
   16251      51.0416
   16252      47.2862
   16253      45.4793
   16254      45.2754
   16255      45.2824
   16256      44.1576
   16257      42.7595
   16258      42.8971
   16259      45.5925
   16260      45.0373
   16261      45.5880
   16262      49.6745
   16263      48.9310
   16264      49.8063
   16265      47.0925
   16266      45.4711
   16267      48.4082
   16268      47.8738
   16269      44.5921
   16270      42.1169
   16271      44.3113
   16272      45.9010
   16273      47.4495
   16274      49.0534
   16275      45.3567
   16276      47.8973
   16277      46.5028
   16278      46.9388
   16279      44.1850
   16280      43.1979
   16281      42.4171
   16282      43.3254
   16283      44.4720
   16284      41.5018
   16285      45.5105
   16286      49.2901
   16287      45.9917
   16288      47.9645
   16289      46.7806
   16290      46.1200
   16291      45.4752
   16292      45.9741
   16293      45.6125
   16294      44.7973
   16295      43.2994
   16296      43.9138
   16297      45.4995
   16298      44.1629
   16299      45.3911
   16300      45.3334
   16301      43.4698
   16302      43.2686
   16303      46.4061
   16304      48.7624
   16305      42.8100
   16306      41.9747
   16307      42.0666
   16308      42.9300
   16309      49.9069
   16310      47.1553
   16311      48.4925
   16312      43.5386
   16313      45.5690
   16314      52.3333
   16315      49.7473
   16316      43.0015
   16317      45.1862
   16318      45.8360
   16319      46.7365
   16320      46.0564
   16321      43.9111
   16322      47.0764
   16323      44.5874
   16324      44.0929
   16325      43.5413
   16326      44.0015
   16327      43.0737
   16328      45.1131
   16329      46.6735
   16330      49.0305
   16331      48.1902
   16332      45.3500
   16333      45.3833
   16334      45.0102
   16335      46.7995
   16336      46.5186
   16337      45.2762
   16338      48.5782
   16339      45.6668
   16340      43.8403
   16341      45.0067
   16342      45.7005
   16343      42.7463
   16344      44.5129
   16345      44.7519
   16346      46.7801
   16347      44.0441
   16348      46.1020
   16349      45.7391
   16350      48.8445
   16351      48.4859
   16352      45.7624
   16353      43.1575
   16354      43.9567
   16355      47.4178
   16356      47.5928
   16357      45.2962
   16358      45.4033
   16359      45.7313
   16360      45.0077
   16361      44.3622
   16362      43.3766
   16363      45.9495
   16364      42.8299
   16365      47.5278
   16366      44.2472
   16367      44.5899
   16368      45.0634
   16369      42.4752
   16370      44.6665
   16371      45.5627
   16372      43.4250
   16373      45.2493
   16374      45.2424
   16375      45.9376
   16376      43.9264
   16377      44.9636
   16378      48.2472
   16379      49.0103
   16380      49.7181
   16381      51.7589
   16382      52.1041
   16383      50.4923
   16384      50.0414
   16385      53.9257
   16386      51.7849
   16387      51.7336
   16388      52.9133
   16389      48.1156
   16390      49.0914
   16391      51.0730
   16392      51.9717
   16393      56.9937
   16394      54.7191
   16395      53.9901
   16396      54.2509
   16397      47.3327
   16398      45.8839
   16399      49.8051
   16400      47.8812
   16401      52.1041
   16402      50.1141
   16403      50.1859
   16404      52.3336
   16405      48.1683
   16406      49.4444
   16407      44.7716
   16408      46.7982
   16409      46.1616
   16410      47.5119
   16411      44.8916
   16412      44.2915
   16413      44.1043
   16414      45.1561
   16415      43.0395
   16416      48.7865
   16417      47.3988
   16418      48.4666
   16419      47.3113
   16420      51.7719
   16421      51.4308
   16422      47.7056
   16423      48.9799
   16424      49.9127
   16425      52.6814
   16426      51.8613
   16427      50.4605
   16428      49.3149
   16429      56.4336
   16430      55.4575
   16431      58.8303
   16432      59.8031
   16433      63.3341
   16434      63.0478
   16435      62.3334
   16436      60.6860
   16437      56.5974
   16438      52.1673
   16439      46.3724
   16440      48.5127
   16441      48.6466
   16442      50.4700
   16443      52.3286
   16444      51.4410
   16445      50.5978
   16446      46.5829
   16447      47.5273
   16448      50.5053
   16449      46.3493
   16450      48.7211
   16451      51.6217
   16452      51.7556
   16453      50.2185
   16454      50.1792
   16455      45.8354
   16456      47.6203
   16457      48.2066
   16458      48.3502
   16459      50.1173
   16460      47.7332
   16461      45.7406
   16462      50.8183
   16463      50.1693
   16464      49.9416
   16465      53.4459
   16466      55.5385
   16467      53.5838
   16468      55.4666
   16469      53.4209
   16470      43.5966
   16471      46.3576
   16472      50.2526
   16473      50.0824
   16474      43.8109
   16475      40.6310
   16476      43.1405
   16477      42.6903
   16478      46.6661
   16479      41.9782
   16480      42.7026
   16481      44.8088
   16482      45.4249
   16483      47.2609
   16484      48.7985
   16485      45.2507
   16486      46.8749
   16487      42.8005
   16488      44.2311
   16489      41.8716
   16490      46.6564
   16491      48.3465
   16492      46.0268
   16493      42.7530
   16494      40.7941
   16495      43.6308
   16496      47.6106
   16497      45.7600
   16498      46.1104
   16499      46.9361
   16500      45.0649
   16501      44.4789
   16502      48.4756
   16503      45.5875
   16504      49.2344
   16505      45.0343
   16506      46.4328
   16507      46.1431
   16508      44.8947
   16509      44.6104
   16510      45.0522
   16511      46.4985
   16512      45.3652
   16513      43.3393
   16514      42.5191
   16515      43.2856
   16516      45.2829
   16517      45.2279
   16518      47.4748
   16519      49.1097
   16520      49.1698
   16521      45.7845
   16522      44.3801
   16523      45.2330
   16524      43.2355
   16525      46.0436
   16526      49.1755
   16527      47.0487
   16528      50.0998
   16529      48.7471
   16530      51.4795
   16531      52.1256
   16532      56.6517
   16533      58.4986
   16534      60.1322
   16535      55.4622
   16536      56.3662
   16537      55.6950
   16538      54.2291
   16539      55.9297
   16540      49.1581
   16541      57.5629
   16542      58.6369
   16543      63.3735
   16544      64.8878
   16545      65.5292
   16546      62.0352
   16547      62.9164
   16548      64.8190
   16549      64.8446
   16550      65.6413
   16551      67.7946
   16552      71.3171
   16553      72.4569
   16554      72.7061
   16555      67.6230
   16556      63.7580
   16557      65.3919
   16558      66.8694
   16559      65.0958
   16560      69.3395
   16561      69.1313
   16562      68.6766
   16563      61.3817
   16564      57.6973
   16565      55.5696
   16566      56.9805
   16567      62.4888
   16568      57.6248
   16569      56.4358
   16570      56.2570
   16571      56.4058
   16572      59.3227
   16573      62.9892
   16574      60.2438
   16575      65.5613
   16576      66.1077
   16577      59.5549
   16578      63.5939
   16579      66.2156
   16580      64.7210
   16581      67.3258
   16582      64.8804
   16583      62.1505
   16584      62.7154
   16585      63.7002
   16586      62.7113
   16587      66.4471
   16588      70.2854
   16589      64.3051
   16590      65.0318
   16591      61.9097
   16592      63.8468
   16593      62.9156
   16594      65.5612
   16595      63.3281
   16596      60.8630
   16597      61.1466
   16598      60.1261
   16599      60.3646
   16600      54.8241
   16601      55.3208
   16602      52.8710
   16603      54.1912
   16604      51.1667
   16605      53.5575
   16606      50.2286
   16607      51.0263
   16608      51.2849
   16609      50.1403
   16610      54.2273
   16611      52.5120
   16612      55.6264
   16613      52.7488
   16614      49.4697
   16615      45.9567
   16616      44.4532
   16617      49.9257
   16618      48.5641
   16619      49.1999
   16620      45.4669
   16621      44.7031
   16622      48.5082
   16623      45.7511
   16624      44.8113
   16625      45.6973
   16626      45.0113
   16627      47.1332
   16628      51.8825
   16629      48.9696
   16630      50.7270
   16631      50.0649
   16632      47.5171
   16633      46.4668
   16634      47.2275
   16635      52.9219
   16636      49.6033
   16637      47.9550
   16638      51.6980
   16639      52.7387
   16640      50.6906
   16641      47.7294
   16642      48.2803
   16643      47.5693
   16644      48.3107
   16645      49.1856
   16646      53.3754
   16647      55.2085
   16648      52.4601
   16649      52.9794
   16650      52.0947
   16651      54.0666
   16652      51.1209
   16653      50.2555
   16654      51.4771
   16655      53.3783
   16656      55.3212
   16657      57.3907
   16658      55.8480
   16659      56.1709
   16660      53.2445
   16661      52.2632
   16662      52.0139
   16663      52.8670
   16664      52.9733
   16665      51.9177
   16666      50.9501
   16667      46.4376
   16668      52.4633
   16669      56.6387
   16670      51.5923
   16671      49.6791
   16672      48.5301
   16673      53.8367
   16674      54.8045
   16675      53.2906
   16676      55.5307
   16677      53.6887
   16678      51.9448
   16679      49.4692
   16680      51.5361
   16681      50.6040
   16682      52.9520
   16683      53.8877
   16684      55.2051
   16685      56.6281
   16686      57.3520
   16687      55.4401
   16688      56.0407
   16689      55.3274
   16690      53.1431
   16691      49.6434
   16692      48.4778
   16693      47.5518
   16694      41.6489
   16695      46.0154
   16696      43.8968
   16697      46.1744
   16698      48.6724
   16699      46.1490
   16700      44.1314
   16701      43.1270
   16702      47.3696
   16703      44.8352
   16704      44.5773
   16705      43.8083
   16706      46.3512
   16707      47.7723
   16708      48.5024
   16709      49.7369
   16710      49.4548
   16711      49.6092
   16712      46.4135
   16713      49.4276
   16714      45.7351
   16715      45.1571
   16716      47.5470
   16717      44.8980
   16718      42.7295
   16719      45.5319
   16720      48.1861
   16721      50.1347
   16722      50.1455
   16723      52.2535
   16724      53.8373
   16725      52.8909
   16726      51.3025
   16727      46.8468
   16728      46.6275
   16729      44.6586
   16730      46.0395
   16731      45.6259
   16732      43.4851
   16733      46.7989
   16734      45.1430
   16735      44.6172
   16736      44.8729
   16737      44.3386
   16738      43.5089
   16739      43.6936
   16740      43.0522
   16741      43.6448
   16742      47.0339
   16743      50.8596
   16744      48.3032
   16745      45.4483
   16746      46.9112
   16747      45.8141
   16748      45.0354
   16749      47.6193
   16750      46.9890
   16751      52.0831
   16752      53.2119
   16753      47.4589
   16754      47.6441
   16755      47.6402
   16756      43.7150
   16757      40.9014
   16758      41.5036
   16759      41.8212
   16760      46.7468
   16761      46.2377
   16762      46.8026
   16763      44.0023
   16764      45.2608
   16765      48.1727
   16766      45.9665
   16767      43.1073
   16768      42.9542
   16769      46.9811
   16770      44.4977
   16771      47.7194
   16772      47.6689
   16773      47.1759
   16774      41.2582
   16775      44.8206
   16776      43.0239
   16777      42.3801
   16778      43.8316
   16779      47.3835
   16780      49.3016
   16781      48.6802
   16782      45.5471
   16783      46.1126
   16784      49.8837
   16785      45.4600
   16786      40.5189
   16787      43.5163
   16788      43.5190
   16789      43.7677
   16790      47.1104
   16791      45.9761
   16792      46.8103
   16793      47.6875
   16794      49.6622
   16795      51.4428
   16796      47.9864
   16797      48.9468
   16798      52.3025
   16799      49.2800
   16800      51.9875
   16801      50.2590
   16802      50.5911
   16803      48.6126
   16804      44.7881
   16805      47.0950
   16806      46.2634
   16807      50.2598
   16808      45.3217
   16809      46.2749
   16810      48.2666
   16811      50.1078
   16812      47.2612
   16813      44.8376
   16814      43.8114
   16815      45.1828
   16816      45.3459
   16817      44.3388
   16818      41.6816
   16819      42.2893
   16820      42.7803
   16821      41.1135
   16822      41.9236
   16823      43.4410
   16824      40.9602
   16825      42.0700
   16826      47.3560
   16827      43.3534
   16828      43.6970
   16829      42.5816
   16830      46.5783
   16831      51.4506
   16832      50.0787
   16833      50.3035
   16834      50.2938
   16835      49.0924
   16836      49.1348
   16837      44.6004
   16838      48.1178
   16839      49.5263
   16840      50.4988
   16841      51.4681
   16842      52.6602
   16843      54.4078
   16844      52.5863
   16845      46.8454
   16846      43.7913
   16847      43.8626
   16848      44.0951
   16849      42.5735
   16850      46.2522
   16851      43.2906
   16852      41.3172
   16853      43.4581
   16854      46.3650
   16855      48.6428
   16856      46.2320
   16857      45.3601
   16858      45.0415
   16859      47.4396
   16860      48.6374
   16861      49.7522
   16862      52.9483
   16863      53.6292
   16864      51.6334
   16865      54.8960
   16866      54.8104
   16867      55.8900
   16868      58.7212
   16869      58.3862
   16870      50.9791
   16871      49.7056
   16872      50.1095
   16873      53.5319
   16874      53.8627
   16875      55.2453
   16876      57.9428
   16877      52.9081
   16878      51.9049
   16879      54.5275
   16880      54.4146
   16881      48.9200
   16882      48.5651
   16883      48.9446
   16884      48.4679
   16885      48.9540
   16886      48.5886
   16887      47.0509
   16888      52.6917
   16889      50.6517
   16890      53.1605
   16891      53.1278
   16892      52.9698
   16893      53.1011
   16894      49.9936
   16895      48.1512
   16896      48.3482
   16897      47.7045
   16898      47.8595
   16899      45.3805
   16900      45.1409
   16901      47.4158
   16902      48.7692
   16903      46.2162
   16904      47.7846
   16905      50.4495
   16906      54.4442
   16907      54.9348
   16908      52.6560
   16909      47.1973
   16910      48.5167
   16911      49.6497
   16912      49.1746
   16913      47.0891
   16914      46.7271
   16915      49.4575
   16916      49.6242
   16917      48.5427
   16918      47.4903
   16919      48.3918
   16920      47.3278
   16921      48.0281
   16922      46.1507
   16923      41.7053
   16924      47.2911
   16925      47.0857
   16926      48.9105
   16927      53.3634
   16928      51.1024
   16929      49.0351
   16930      51.7145
   16931      49.3421
   16932      50.3283
   16933      48.4323
   16934      48.4836
   16935      47.0359
   16936      52.9985
   16937      48.8061
   16938      47.8149
   16939      51.6332
   16940      50.5799
   16941      48.2408
   16942      48.8475
   16943      54.8884
   16944      52.0140
   16945      51.4367
   16946      53.3408
   16947      54.2799
   16948      52.5331
   16949      51.3034
   16950      52.0633
   16951      45.8696
   16952      45.9540
   16953      50.6999
   16954      58.1242
   16955      59.3346
   16956      55.6469
   16957      52.2550
   16958      51.5151
   16959      47.2485
   16960      52.5067
   16961      46.4337
   16962      48.1304
   16963      47.1012
   16964      49.3830
   16965      49.7280
   16966      52.2916
   16967      50.5603
   16968      51.7568
   16969      51.3879
   16970      50.7226
   16971      54.7719
   16972      50.3913
   16973      55.1268
   16974      56.5790
   16975      55.6636
   16976      56.4661
   16977      55.1940
   16978      54.7443
   16979      53.9308
   16980      51.0013
   16981      49.0525
   16982      46.2270
   16983      45.5298
   16984      48.8605
   16985      47.6043
   16986      48.0527
   16987      47.8662
   16988      46.6536
   16989      45.3779
   16990      45.2434
   16991      48.4798
   16992      48.3461
   16993      46.3634
   16994      45.3454
   16995      46.3358
   16996      49.0247
   16997      44.5626
   16998      52.3356
   16999      49.7352
   17000      51.1902
   17001      51.5352
   17002      48.7247
   17003      53.1334
   17004      53.9814
   17005      49.6605
   17006      44.2460
   17007      51.2257
   17008      48.8052
   17009      51.3812
   17010      57.0618
   17011      53.2083
   17012      57.6364
   17013      54.6574
   17014      53.5684
   17015      47.4783
   17016      48.1702
   17017      54.8404
   17018      51.7070
   17019      53.9337
   17020      53.2427
   17021      53.2394
   17022      55.0665
   17023      56.7117
   17024      52.4657
   17025      48.4271
   17026      49.8348
   17027      53.3313
   17028      49.9817
   17029      49.9651
   17030      51.1057
   17031      53.3722
   17032      54.8747
   17033      49.8898
   17034      50.2429
   17035      47.3745
   17036      42.8995
   17037      46.8855
   17038      45.5160
   17039      46.8014
   17040      47.1724
   17041      47.8190
   17042      47.9805
   17043      51.5439
   17044      52.9505
   17045      48.5059
   17046      52.9125
   17047      50.3030
   17048      48.7426
   17049      52.9416
   17050      49.3495
   17051      48.6494
   17052      44.5181
   17053      45.1262
   17054      46.0787
   17055      45.1589
   17056      49.3524
   17057      50.4713
   17058      53.6704
   17059      47.2619
   17060      51.2455
   17061      50.3103
   17062      51.6512
   17063      48.9254
   17064      48.7540
   17065      46.7353
   17066      49.2368
   17067      46.2787
   17068      45.6841
   17069      49.6074
   17070      44.6284
   17071      40.9524
   17072      41.5280
   17073      43.4335
   17074      47.2120
   17075      44.9135
   17076      45.0400
   17077      44.7856
   17078      47.0348
   17079      47.2082
   17080      48.8340
   17081      48.4558
   17082      46.9669
   17083      46.1204
   17084      53.4493
   17085      55.1431
   17086      61.6311
   17087      62.1362
   17088      61.5421
   17089      61.6879
   17090      64.7841
   17091      68.5788
   17092      68.7820
   17093      65.3346
   17094      62.4811
   17095      59.6330
   17096      56.9747
   17097      54.0257
   17098      55.5764
   17099      52.2531
   17100      51.5401
   17101      53.7381
   17102      53.4936
   17103      52.8385
   17104      53.0294
   17105      50.0278
   17106      53.1088
   17107      46.7431
   17108      47.0657
   17109      49.9998
   17110      51.5466
   17111      49.3614
   17112      49.2381
   17113      48.7434
   17114      45.3404
   17115      49.1991
   17116      41.9323
   17117      47.6226
   17118      45.1512
   17119      47.8961
   17120      48.5689
   17121      49.5414
   17122      49.8269
   17123      50.3046
   17124      49.3699
   17125      46.4115
   17126      46.2495
   17127      49.0276
   17128      47.4897
   17129      48.5341
   17130      51.7327
   17131      51.2776
   17132      50.5420
   17133      50.8816
   17134      52.5552
   17135      51.5789
   17136      50.7455
   17137      48.4924
   17138      46.7360
   17139      43.1335
   17140      41.7617
   17141      44.3583
   17142      45.2631
   17143      47.0233
   17144      44.8014
   17145      46.3191
   17146      45.5022
   17147      48.6687
   17148      48.4240
   17149      49.8728
   17150      46.6810
   17151      47.2786
   17152      54.3929
   17153      51.1057
   17154      52.0205
   17155      48.2486
   17156      49.6059
   17157      53.6772
   17158      53.3714
   17159      51.4144
   17160      46.4695
   17161      47.8139
   17162      40.7694
   17163      38.8048
   17164      37.7940
   17165      46.9546
   17166      46.8924
   17167      45.0787
   17168      48.5256
   17169      47.8437
   17170      51.1646
   17171      49.1241
   17172      45.3251
   17173      42.7331
   17174      44.2463
   17175      42.0913
   17176      40.9188
   17177      39.8788
   17178      44.0700
   17179      42.9219
   17180      45.2493
   17181      47.3836
   17182      44.2866
   17183      47.3254
   17184      50.5541
   17185      45.2457
   17186      45.8903
   17187      47.2391
   17188      48.2997
   17189      43.7603
   17190      47.3073
   17191      43.3004
   17192      43.7052
   17193      39.7086
   17194      42.5618
   17195      41.8810
   17196      43.9368
   17197      44.4508
   17198      43.5796
   17199      41.1571
   17200      44.7537
   17201      46.3817
   17202      48.3088
   17203      49.6142
   17204      53.7682
   17205      57.2832
   17206      53.4291
   17207      47.7148
   17208      44.8976
   17209      49.1464
   17210      47.5835
   17211      46.2685
   17212      43.8857
   17213      45.2458
   17214      47.5680
   17215      42.9362
   17216      42.3712
   17217      45.0276
   17218      45.7967
   17219      44.6911
   17220      43.5020
   17221      46.4942
   17222      46.0983
   17223      46.3669
   17224      49.3027
   17225      45.7695
   17226      42.9128
   17227      42.3878
   17228      39.8803
   17229      38.1562
   17230      46.6656
   17231      50.3455
   17232      50.2420
   17233      51.2150
   17234      55.2357
   17235      55.0430
   17236      52.0842
   17237      51.3346
   17238      52.1768
   17239      56.9409
   17240      49.9471
   17241      47.3686
   17242      49.1311
   17243      44.8306
   17244      42.0466
   17245      39.4966
   17246      41.4413
   17247      36.7018
   17248      41.4217
   17249      42.3232
   17250      43.4443
   17251      39.1460
   17252      42.4020
   17253      45.8528
   17254      46.5821
   17255      46.5883
   17256      42.1297
   17257      39.0519
   17258      41.3306
   17259      39.3827
   17260      43.6719
   17261      48.9754
   17262      48.4888
   17263      50.1282
   17264      47.3876
   17265      44.6046
   17266      45.9076
   17267      40.3280
   17268      38.4241
   17269      44.1678
   17270      46.5101
   17271      40.5161
   17272      45.5703
   17273      45.2215
   17274      40.4468
   17275      41.8441
   17276      42.9038
   17277      43.8850
   17278      42.3744
   17279      38.4643
   17280      39.6077
   17281      38.5552
   17282      37.8211
   17283      38.2566
   17284      41.1524
   17285      39.4263
   17286      39.2634
   17287      39.3794
   17288      41.1154
   17289      43.9617
   17290      42.0617
   17291      42.1381
   17292      42.9401
   17293      42.4608
   17294      37.3632
   17295      38.8521
   17296      42.3680
   17297      44.0331
   17298      46.7082
   17299      44.3327
   17300      43.6846
   17301      38.3679
   17302      42.2762
   17303      42.1277
   17304      44.4613
   17305      40.6820
   17306      39.6415
   17307      41.5005
   17308      44.4856
   17309      43.7687
   17310      37.8809
   17311      37.9975
   17312      37.0890
   17313      44.8504
   17314      39.6602
   17315      42.0235
   17316      42.9157
   17317      45.5087
   17318      43.4142
   17319      43.6047
   17320      40.6060
   17321      42.2812
   17322      39.6509
   17323      41.2157
   17324      41.7992
   17325      38.8870
   17326      37.1904
   17327      43.2465
   17328      40.1980
   17329      40.0502
   17330      40.6948
   17331      39.0779
   17332      41.2666
   17333      46.5398
   17334      45.5624
   17335      44.9447
   17336      40.9254
   17337      39.9923
   17338      41.8986
   17339      39.8069
   17340      42.5700
   17341      41.4889
   17342      45.7474
   17343      43.4840
   17344      44.2857
   17345      45.8797
   17346      48.7874
   17347      46.1069
   17348      41.7295
   17349      40.4026
   17350      40.4161
   17351      40.2948
   17352      42.7466
   17353      40.3361
   17354      39.7198
   17355      38.4870
   17356      42.4055
   17357      44.3496
   17358      41.1531
   17359      36.5303
   17360      39.8513
   17361      42.7205
   17362      43.8112
   17363      42.8569
   17364      43.0841
   17365      45.4755
   17366      45.4913
   17367      42.4723
   17368      43.9250
   17369      39.8247
   17370      42.8331
   17371      44.6357
   17372      40.6240
   17373      46.9841
   17374      47.9930
   17375      42.2173
   17376      45.0734
   17377      40.6754
   17378      42.0284
   17379      40.7490
   17380      39.2343
   17381      40.7902
   17382      43.8993
   17383      45.8584
   17384      52.5814
   17385      53.1530
   17386      53.3636
   17387      48.0315
   17388      40.9106
   17389      42.4946
   17390      46.2435
   17391      43.4083
   17392      45.5547
   17393      46.6535
   17394      45.9904
   17395      45.5246
   17396      46.6082
   17397      43.8573
   17398      39.4987
   17399      38.2937
   17400      40.2387
   17401      41.3171
   17402      43.2124
   17403      45.7065
   17404      44.5232
   17405      44.5486
   17406      43.6350
   17407      41.2649
   17408      43.2782
   17409      40.5568
   17410      38.7947
   17411      39.7984
   17412      40.8753
   17413      40.1701
   17414      42.7722
   17415      39.8000
   17416      44.3162
   17417      46.0633
   17418      44.2597
   17419      40.2792
   17420      38.0640
   17421      43.1585
   17422      45.9712
   17423      43.5307
   17424      43.4560
   17425      41.0922
   17426      43.4101
   17427      42.0899
   17428      42.1068
   17429      42.5822
   17430      45.7743
   17431      47.4957
   17432      47.2457
   17433      43.0974
   17434      41.8308
   17435      44.8463
   17436      45.3491
   17437      43.2982
   17438      41.9187
   17439      47.3341
   17440      44.1984
   17441      46.0934
   17442      46.6147
   17443      41.8816
   17444      42.6315
   17445      47.5523
   17446      40.2448
   17447      42.9636
   17448      43.8854
   17449      41.9841
   17450      41.4081
   17451      42.6539
   17452      43.7603
   17453      39.4260
   17454      42.8074
   17455      39.7266
   17456      43.0594
   17457      45.5735
   17458      48.1534
   17459      45.1630
   17460      39.3163
   17461      40.7998
   17462      42.7944
   17463      43.2847
   17464      40.9441
   17465      42.9670
   17466      42.9581
   17467      39.0081
   17468      44.9838
   17469      41.5015
   17470      41.2355
   17471      45.0126
   17472      46.1476
   17473      45.9833
   17474      44.7606
   17475      44.7706
   17476      43.8004
   17477      44.3395
   17478      45.8300
   17479      41.3917
   17480      42.7808
   17481      43.2232
   17482      41.1955
   17483      42.4415
   17484      45.0490
   17485      45.3757
   17486      43.0377
   17487      44.0884
   17488      46.1062
   17489      46.2117
   17490      40.2669
   17491      45.3707
   17492      45.2485
   17493      46.7818
   17494      47.0897
   17495      49.7771
   17496      48.6225
   17497      43.8473
   17498      42.5668
   17499      46.8992
   17500      44.4971
   17501      44.7692
   17502      42.9632
   17503      43.0442
   17504      41.0480
   17505      39.1430
   17506      39.7699
   17507      43.6018
   17508      44.0126
   17509      41.9087
   17510      44.1812
   17511      41.4292
   17512      44.1497
   17513      37.6077
   17514      42.1156
   17515      42.3751
   17516      43.4693
   17517      43.5779
   17518      43.8154
   17519      42.0998
   17520      42.7280
   17521      41.6520
   17522      44.6124
   17523      44.4485
   17524      46.0462
   17525      46.6323
   17526      45.7157
   17527      42.4983
   17528      45.6985
   17529      49.4796
   17530      53.6816
   17531      53.8737
   17532      52.3409
   17533      51.1097
   17534      46.7992
   17535      46.2905
   17536      47.1281
   17537      46.9494
   17538      47.4114
   17539      48.2675
   17540      48.6844
   17541      41.5532
   17542      46.3750
   17543      47.8329
   17544      45.0577
   17545      43.6864
   17546      46.3013
   17547      45.9120
   17548      45.8674
   17549      45.6782
   17550      44.3966
   17551      41.7492
   17552      43.6890
   17553      44.8609
   17554      45.0582
   17555      49.4450
   17556      46.4230
   17557      43.4357
   17558      38.4937
   17559      40.1845
   17560      43.1739
   17561      44.4024
   17562      44.1819
   17563      44.1807
   17564      41.8679
   17565      45.8181
   17566      42.1436
   17567      43.3560
   17568      43.9688
   17569      42.6893
   17570      39.8737
   17571      46.0463
   17572      45.7611
   17573      45.7381
   17574      49.7686
   17575      47.4053
   17576      42.7143
   17577      44.0736
   17578      42.8735
   17579      42.6613
   17580      41.5613
   17581      43.7667
   17582      39.8413
   17583      36.7793
   17584      39.2397
   17585      41.0523
   17586      39.3452
   17587      40.7731
   17588      42.0147
   17589      39.7155
   17590      41.8908
   17591      46.1905
   17592      40.0393
   17593      43.4989
   17594      46.3934
   17595      42.8899
   17596      44.4720
   17597      44.8328
   17598      43.4852
   17599      44.7137
   17600      40.9581
   17601      42.9428
   17602      47.2346
   17603      46.0882
   17604      40.2120
   17605      41.6940
   17606      38.5538
   17607      39.7336
   17608      38.2766
   17609      40.9929
   17610      41.6883
   17611      42.7234
   17612      42.4832
   17613      43.9495
   17614      43.9420
   17615      41.0776
   17616      40.8812
   17617      40.5439
   17618      38.3101
   17619      38.9706
   17620      44.7492
   17621      42.9776
   17622      46.6879
   17623      44.7993
   17624      44.4278
   17625      38.2726
   17626      37.2767
   17627      38.9837
   17628      42.6825
   17629      42.9233
   17630      41.5307
   17631      43.0539
   17632      41.7490
   17633      42.4226
   17634      44.1270
   17635      40.1874
   17636      43.6696
   17637      43.5606
   17638      47.6981
   17639      49.4089
   17640      47.1392
   17641      45.8399
   17642      45.2500
   17643      42.9142
   17644      39.4149
   17645      39.1416
   17646      45.1718
   17647      46.1627
   17648      46.8809
   17649      46.8888
   17650      47.8536
   17651      49.8330
   17652      48.0165
   17653      47.0281
   17654      47.5344
   17655      47.8793
   17656      44.3084
   17657      41.7882
   17658      42.7373
   17659      41.0746
   17660      37.9007
   17661      36.7200
   17662      38.6148
   17663      39.8879
   17664      43.2475
   17665      43.5961
   17666      38.9340
   17667      39.4141
   17668      39.9876
   17669      39.0075
   17670      41.7882
   17671      44.0275
   17672      44.8400
   17673      44.6354
   17674      44.3306
   17675      43.7784
   17676      40.4033
   17677      43.2781
   17678      39.9924
   17679      41.1469
   17680      44.1360
   17681      44.2216
   17682      49.5203
   17683      51.5624
   17684      46.1909
   17685      44.2065
   17686      47.0343
   17687      41.3905
   17688      43.1860
   17689      44.6775
   17690      41.0593
   17691      38.1967
   17692      36.2583
   17693      41.0602
   17694      43.4299
   17695      41.4053
   17696      42.9398
   17697      41.2967
   17698      38.8401
   17699      39.7960
   17700      40.8307
   17701      44.8506
   17702      44.8301
   17703      45.0856
   17704      42.7284
   17705      42.0346
   17706      43.4116
   17707      42.7622
   17708      41.4309
   17709      43.9781
   17710      44.4337
   17711      40.2462
   17712      39.9929
   17713      39.5240
   17714      39.9223
   17715      37.3335
   17716      38.0820
   17717      39.7123
   17718      37.0658
   17719      39.0714
   17720      42.6003
   17721      38.7868
   17722      40.1930
   17723      45.2556
   17724      40.4705
   17725      40.5412
   17726      39.9461
   17727      44.6969
   17728      39.8244
   17729      36.7540
   17730      38.9397
   17731      39.9085
   17732      40.0042
   17733      43.0565
   17734      42.7366
   17735      43.2384
   17736      42.8105
   17737      43.8901
   17738      42.9670
   17739      41.5174
   17740      45.2151
   17741      44.4233
   17742      39.5935
   17743      45.2633
   17744      44.7200
   17745      41.8210
   17746      40.1702
   17747      40.1430
   17748      40.6893
   17749      40.9899
   17750      45.9364
   17751      41.0191
   17752      41.7765
   17753      42.6232
   17754      44.0544
   17755      46.1515
   17756      49.5655
   17757      46.7838
   17758      46.6282
   17759      47.4709
   17760      43.4913
   17761      40.5327
   17762      42.3104
   17763      39.9001
   17764      39.4948
   17765      40.7196
   17766      42.8270
   17767      42.9306
   17768      41.0606
   17769      43.2943
   17770      42.6374
   17771      41.1594
   17772      40.8422
   17773      43.1366
   17774      43.2569
   17775      44.2452
   17776      41.7247
   17777      46.9772
   17778      48.1921
   17779      50.4809
   17780      49.7253
   17781      48.7096
   17782      51.7370
   17783      53.2105
   17784      55.9092
   17785      58.3539
   17786      60.0038
   17787      57.1126
   17788      54.5056
   17789      55.6421
   17790      53.8146
   17791      49.9232
   17792      49.3416
   17793      50.8649
   17794      48.7889
   17795      53.6926
   17796      46.6836
   17797      45.9366
   17798      44.9030
   17799      45.9070
   17800      45.1054
   17801      47.0387
   17802      44.7822
   17803      42.4385
   17804      46.0809
   17805      43.8608
   17806      44.3784
   17807      47.9689
   17808      48.8099
   17809      45.1042
   17810      44.5840
   17811      47.9669
   17812      44.8917
   17813      46.3127
   17814      49.1889
   17815      52.5008
   17816      51.5935
   17817      49.6855
   17818      49.4738
   17819      44.8238
   17820      44.6741
   17821      44.9761
   17822      46.8277
   17823      48.1381
   17824      47.5262
   17825      47.1078
   17826      47.5958
   17827      44.7474
   17828      46.2709
   17829      46.6244
   17830      44.2612
   17831      45.3278
   17832      45.0235
   17833      41.1601
   17834      46.3664
   17835      45.8125
   17836      47.2897
   17837      46.2802
   17838      45.3477
   17839      45.7073
   17840      44.2227
   17841      44.8051
   17842      45.4169
   17843      49.7331
   17844      52.1763
   17845      51.3333
   17846      48.4329
   17847      51.5581
   17848      54.7761
   17849      57.6527
   17850      51.2897
   17851      49.5907
   17852      49.6493
   17853      50.0304
   17854      47.1181
   17855      48.4158
   17856      48.2146
   17857      48.3708
   17858      51.8208
   17859      46.5321
   17860      46.8002
   17861      46.0486
   17862      47.0466
   17863      50.0801
   17864      51.0238
   17865      47.0944
   17866      46.8876
   17867      48.6206
   17868      50.6884
   17869      53.6133
   17870      53.0308
   17871      53.3176
   17872      50.9339
   17873      47.5266
   17874      45.9041
   17875      51.3404
   17876      46.8309
   17877      42.2644
   17878      44.0385
   17879      46.5402
   17880      48.2765
   17881      52.7992
   17882      50.2517
   17883      48.7211
   17884      47.7550
   17885      47.4374
   17886      48.0422
   17887      47.9475
   17888      47.1153
   17889      47.5752
   17890      51.8759
   17891      51.6363
   17892      49.2839
   17893      51.9904
   17894      50.8606
   17895      54.2810
   17896      55.2637
   17897      58.5385
   17898      59.7529
   17899      54.6131
   17900      54.1988
   17901      54.7683
   17902      51.5450
   17903      48.3449
   17904      45.2356
   17905      45.2740
   17906      47.2762
   17907      48.3291
   17908      48.2952
   17909      51.0817
   17910      49.5655
   17911      45.3383
   17912      47.3689
   17913      49.6723
   17914      52.6290
   17915      52.0716
   17916      51.3174
   17917      50.1389
   17918      48.6355
   17919      48.1377
   17920      45.6599
   17921      49.2985
   17922      46.6773
   17923      53.2264
   17924      47.3179
   17925      46.9158
   17926      44.1032
   17927      42.2017
   17928      40.9095
   17929      42.3050
   17930      38.3305
   17931      42.7787
   17932      39.4896
   17933      41.2664
   17934      39.6955
   17935      41.0228
   17936      40.4370
   17937      43.8447
   17938      42.9340
   17939      46.7134
   17940      45.4006
   17941      45.5972
   17942      44.7205
   17943      45.6149
   17944      45.6733
   17945      46.9133
   17946      47.8157
   17947      49.0799
   17948      46.5754
   17949      50.0783
   17950      46.6071
   17951      46.5034
   17952      45.9767
   17953      45.9856
   17954      46.6191
   17955      45.8264
   17956      43.8792
   17957      47.7237
   17958      50.7597
   17959      51.7633
   17960      50.5806
   17961      50.3877
   17962      47.6853
   17963      49.5198
   17964      50.1124
   17965      53.6180
   17966      47.9417
   17967      45.2878
   17968      44.0928
   17969      49.6622
   17970      46.6388
   17971      49.6037
   17972      47.4473
   17973      44.1209
   17974      44.7718
   17975      46.9923
   17976      47.8427
   17977      47.5090
   17978      42.9085
   17979      37.5430
   17980      41.1047
   17981      43.4197
   17982      51.1774
   17983      50.2076
   17984      49.6938
   17985      45.4188
   17986      47.5951
   17987      47.3347
   17988      46.8428
   17989      48.4834
   17990      47.1787
   17991      48.1889
   17992      47.7978
   17993      50.3147
   17994      53.2750
   17995      42.1237
   17996      43.3969
   17997      46.9910
   17998      43.8490
   17999      43.3700
   18000      41.8509
   18001      46.9661
   18002      49.5715
   18003      51.3076
   18004      54.1878
   18005      50.4849
   18006      49.1242
   18007      47.1532
   18008      42.0109
   18009      43.4513
   18010      46.5461
   18011      43.5616
   18012      47.8391
   18013      48.2965
   18014      48.3506
   18015      46.5486
   18016      45.1336
   18017      52.5294
   18018      54.1211
   18019      48.0932
   18020      51.3976
   18021      49.2023
   18022      47.2708
   18023      48.5229
   18024      50.1791
   18025      53.2415
   18026      50.2045
   18027      50.2363
   18028      46.9813
   18029      52.7611
   18030      51.8466
   18031      46.9793
   18032      47.8157
   18033      45.7592
   18034      45.0049
   18035      45.9689
   18036      45.9447
   18037      46.2344
   18038      43.0917
   18039      48.9033
   18040      45.7652
   18041      47.4381
   18042      47.8075
   18043      49.2947
   18044      52.2467
   18045      49.9130
   18046      48.9886
   18047      49.0229
   18048      47.6683
   18049      46.0076
   18050      47.9274
   18051      53.7509
   18052      53.4485
   18053      50.6768
   18054      50.4171
   18055      50.7078
   18056      50.2282
   18057      56.5745
   18058      58.7743
   18059      58.9500
   18060      53.6418
   18061      55.8642
   18062      60.6189
   18063      60.8265
   18064      58.8773
   18065      57.8484
   18066      58.4010
   18067      54.8818
   18068      51.9662
   18069      45.1989
   18070      48.2363
   18071      47.5941
   18072      48.8742
   18073      51.2915
   18074      48.7764
   18075      53.2320
   18076      49.4210
   18077      46.3525
   18078      44.5531
   18079      46.6238
   18080      46.9956
   18081      50.4591
   18082      46.8081
   18083      42.7120
   18084      39.4095
   18085      48.3891
   18086      46.6627
   18087      44.8239
   18088      50.3165
   18089      49.5651
   18090      50.6800
   18091      48.7427
   18092      51.5418
   18093      52.1672
   18094      49.9517
   18095      50.7162
   18096      46.6466
   18097      50.9199
   18098      49.7439
   18099      49.8393
   18100      52.5726
   18101      54.1491
   18102      54.7795
   18103      52.4165
   18104      43.8370
   18105      45.7826
   18106      43.9230
   18107      46.2011
   18108      46.9335
   18109      44.8168
   18110      45.9553
   18111      45.7162
   18112      50.9867
   18113      46.5189
   18114      48.3564
   18115      47.2638
   18116      48.0500
   18117      44.4039
   18118      47.4475
   18119      48.0129
   18120      47.8930
   18121      49.6455
   18122      48.1152
   18123      45.8127
   18124      45.1908
   18125      48.7652
   18126      46.8441
   18127      45.9771
   18128      45.1614
   18129      47.2247
   18130      48.4116
   18131      53.1008
   18132      55.0105
   18133      47.4750
   18134      48.4737
   18135      54.8552
   18136      50.2635
   18137      51.1890
   18138      47.7240
   18139      46.7743
   18140      46.3230
   18141      46.7110
   18142      45.9919
   18143      48.4689
   18144      47.8202
   18145      48.9296
   18146      46.6979
   18147      45.5763
   18148      44.9818
   18149      43.1456
   18150      48.3184
   18151      52.5912
   18152      53.4048
   18153      52.7544
   18154      51.5153
   18155      48.0488
   18156      49.6458
   18157      45.5980
   18158      47.1779
   18159      48.4944
   18160      45.1057
   18161      49.7250
   18162      50.2095
   18163      44.4760
   18164      43.5920
   18165      48.4006
   18166      48.8464
   18167      46.6547
   18168      45.4691
   18169      48.0043
   18170      49.9821
   18171      48.3546
   18172      48.2360
   18173      46.4036
   18174      48.3900
   18175      45.9748
   18176      47.0415
   18177      46.1665
   18178      48.3604
   18179      49.5207
   18180      47.0301
   18181      47.1774
   18182      48.4087
   18183      48.7678
   18184      46.6171
   18185      45.0720
   18186      42.4073
   18187      39.1764
   18188      42.0611
   18189      47.7119
   18190      47.4365
   18191      45.0094
   18192      47.5359
   18193      46.8837
   18194      48.4247
   18195      48.6447
   18196      44.4118
   18197      49.0343
   18198      44.6498
   18199      42.5868
   18200      47.0610
   18201      50.2469
   18202      48.6817
   18203      52.4595
   18204      48.9707
   18205      46.9840
   18206      48.2927
   18207      49.3823
   18208      51.0035
   18209      48.1391
   18210      52.7677
   18211      53.4726
   18212      49.8275
   18213      47.5740
   18214      47.1410
   18215      45.9994
   18216      42.8574
   18217      45.3546
   18218      45.2598
   18219      47.4784
   18220      46.6545
   18221      45.3780
   18222      43.6969
   18223      45.7619
   18224      43.1728
   18225      40.6629
   18226      44.9423
   18227      46.1449
   18228      49.5409
   18229      50.2118
   18230      51.1803
   18231      47.8681
   18232      48.2327
   18233      46.2667
   18234      45.1189
   18235      47.2634
   18236      46.4805
   18237      43.6622
   18238      45.3737
   18239      47.3944
   18240      39.7179
   18241      43.0891
   18242      49.2161
   18243      51.5369
   18244      51.2019
   18245      51.7225
   18246      50.6401
   18247      47.0191
   18248      45.5801
   18249      43.4431
   18250      42.0557
   18251      41.8511
   18252      43.1787
   18253      42.1338
   18254      44.9350
   18255      44.1017
   18256      44.2675
   18257      42.3386
   18258      41.6869
   18259      42.3336
   18260      40.1615
   18261      39.7289
   18262      41.4923
   18263      42.7143
   18264      41.0378
   18265      43.0503
   18266      43.8478
   18267      43.7660
   18268      42.9683
   18269      44.5251
   18270      46.1996
   18271      44.2419
   18272      46.8999
   18273      46.5255
   18274      45.2138
   18275      47.2926
   18276      46.7642
   18277      47.9522
   18278      45.5936
   18279      48.2400
   18280      43.7318
   18281      43.0298
   18282      42.2530
   18283      46.2287
   18284      44.0314
   18285      42.2513
   18286      42.6634
   18287      48.3719
   18288      48.6943
   18289      50.7611
   18290      47.6489
   18291      46.7493
   18292      43.0971
   18293      46.7858
   18294      45.7059
   18295      50.3737
   18296      47.8288
   18297      48.0591
   18298      45.8041
   18299      44.5674
   18300      47.6660
   18301      43.5942
   18302      44.3244
   18303      41.4828
   18304      40.6503
   18305      45.1379
   18306      42.6471
   18307      43.1224
   18308      43.5145
   18309      44.3579
   18310      44.1359
   18311      45.4418
   18312      50.2504
   18313      49.8228
   18314      49.0496
   18315      51.0677
   18316      50.2824
   18317      51.2510
   18318      57.6919
   18319      55.3769
   18320      54.6079
   18321      55.5289
   18322      51.3139
   18323      53.2918
   18324      52.4939
   18325      52.1911
   18326      46.6995
   18327      45.8765
   18328      46.0111
   18329      48.3621
   18330      45.5494
   18331      45.7590
   18332      44.9449
   18333      46.1490
   18334      51.0817
   18335      54.6196
   18336      52.3817
   18337      50.3426
   18338      47.3173
   18339      46.4969
   18340      47.7462
   18341      46.7847
   18342      47.7687
   18343      48.8514
   18344      54.3024
   18345      53.1872
   18346      53.5724
   18347      50.9031
   18348      48.9823
   18349      49.1064
   18350      50.9448
   18351      49.1461
   18352      47.9298
   18353      50.3240
   18354      53.7876
   18355      54.6970
   18356      52.7274
   18357      49.8797
   18358      46.3472
   18359      45.1306
   18360      43.4073
   18361      45.5757
   18362      42.7809
   18363      45.8015
   18364      44.2143
   18365      41.2033
   18366      45.6747
   18367      46.6283
   18368      46.9344
   18369      44.1637
   18370      49.0213
   18371      49.0896
   18372      49.6141
   18373      48.0790
   18374      45.1826
   18375      48.8156
   18376      50.6780
   18377      50.9235
   18378      47.0795
   18379      46.7963
   18380      44.8797
   18381      44.2573
   18382      48.3560
   18383      47.0374
   18384      43.8688
   18385      48.2072
   18386      47.6062
   18387      44.2707
   18388      45.1508
   18389      46.1459
   18390      42.5965
   18391      44.5272
   18392      47.8180
   18393      49.0307
   18394      48.5451
   18395      52.0011
   18396      48.0729
   18397      46.4415
   18398      49.8525
   18399      48.5967
   18400      49.9339
   18401      46.1827
   18402      46.5118
   18403      48.0137
   18404      51.1734
   18405      50.7696
   18406      52.5895
   18407      51.6156
   18408      50.7490
   18409      52.0832
   18410      52.1706
   18411      51.9648
   18412      50.6679
   18413      49.8445
   18414      49.3474
   18415      49.7224
   18416      49.2675
   18417      48.3598
   18418      47.5246
   18419      45.1146
   18420      43.9872
   18421      50.4316
   18422      52.3119
   18423      53.4053
   18424      54.1089
   18425      54.4559
   18426      54.8911
   18427      51.3855
   18428      51.9510
   18429      49.5589
   18430      55.5193
   18431      48.2436
   18432      46.1610
   18433      51.1436
   18434      51.1490
   18435      50.5113
   18436      50.4968
   18437      48.8352
   18438      47.2049
   18439      45.9509
   18440      48.9743
   18441      49.9535
   18442      49.9470
   18443      47.7749
   18444      45.5466
   18445      49.4787
   18446      43.7207
   18447      42.9302
   18448      47.4061
   18449      49.8242
   18450      50.0798
   18451      50.2058
   18452      52.7666
   18453      49.9513
   18454      47.6228
   18455      50.7932
   18456      49.2987
   18457      54.4298
   18458      53.5701
   18459      52.6866
   18460      48.7597
   18461      48.8208
   18462      48.4268
   18463      48.9679
   18464      48.8561
   18465      49.2805
   18466      50.0403
   18467      46.3402
   18468      48.7154
   18469      46.0838
   18470      45.0432
   18471      45.7782
   18472      49.4609
   18473      51.3560
   18474      46.5402
   18475      48.9342
   18476      52.8256
   18477      48.9479
   18478      45.7195
   18479      44.5951
   18480      46.3852
   18481      46.3314
   18482      51.1722
   18483      46.0690
   18484      45.1905
   18485      46.4133
   18486      44.0374
   18487      46.7975
   18488      47.7912
   18489      51.6972
   18490      50.9449
   18491      47.4984
   18492      44.3185
   18493      43.9692
   18494      47.0002
   18495      48.6290
   18496      51.6105
   18497      55.5755
   18498      51.7776
   18499      51.7955
   18500      52.5045
   18501      48.8095
   18502      48.6290
   18503      50.3452
   18504      44.8312
   18505      43.8148
   18506      46.1549
   18507      49.4633
   18508      47.4907
   18509      49.4108
   18510      51.4293
   18511      51.3871
   18512      53.5720
   18513      57.8625
   18514      53.1870
   18515      52.6755
   18516      50.1297
   18517      47.9159
   18518      51.2635
   18519      55.1577
   18520      52.1368
   18521      52.4391
   18522      48.4093
   18523      49.0268
   18524      46.5404
   18525      49.4529
   18526      47.9352
   18527      52.1437
   18528      54.2284
   18529      53.0268
   18530      58.4883
   18531      55.8351
   18532      48.2287
   18533      54.3273
   18534      49.2251
   18535      50.6620
   18536      49.8139
   18537      47.6556
   18538      45.3465
   18539      48.6889
   18540      51.9366
   18541      54.6587
   18542      50.5406
   18543      49.9554
   18544      48.8199
   18545      44.7697
   18546      48.1056
   18547      53.8143
   18548      55.0352
   18549      55.5360
   18550      53.7172
   18551      51.0557
   18552      46.6180
   18553      49.1049
   18554      50.4389
   18555      47.1935
   18556      51.5463
   18557      53.0882
   18558      53.9473
   18559      53.9181
   18560      49.8977
   18561      53.5693
   18562      52.6927
   18563      48.9353
   18564      50.4906
   18565      57.7661
   18566      58.7521
   18567      57.7680
   18568      58.8339
   18569      58.4053
   18570      58.0273
   18571      59.7998
   18572      61.1825
   18573      64.3912
   18574      64.6771
   18575      61.2725
   18576      59.9432
   18577      63.9375
   18578      61.8397
   18579      56.5220
   18580      56.8182
   18581      53.2793
   18582      51.9056
   18583      53.2948
   18584      51.9939
   18585      51.0046
   18586      51.2556
   18587      53.3435
   18588      55.9983
   18589      59.8824
   18590      58.5481
   18591      52.2459
   18592      56.9690
   18593      55.0466
   18594      50.7344
   18595      51.3915
   18596      49.6829
   18597      49.9736
   18598      48.8333
   18599      46.5392
   18600      50.0776
   18601      52.5246
   18602      50.5923
   18603      51.0626
   18604      49.8196
   18605      51.7459
   18606      48.1853
   18607      46.7315
   18608      46.0885
   18609      44.5231
   18610      48.2436
   18611      51.1240
   18612      49.9241
   18613      47.3237
   18614      43.5047
   18615      48.4129
   18616      50.3115
   18617      45.7418
   18618      46.3376
   18619      48.0768
   18620      51.7150
   18621      50.6797
   18622      50.4718
   18623      51.2347
   18624      47.9251
   18625      44.0176
   18626      44.1797
   18627      48.2056
   18628      49.1164
   18629      50.3287
   18630      48.4360
   18631      43.4130
   18632      44.4765
   18633      47.1234
   18634      46.2558
   18635      50.2532
   18636      46.8557
   18637      47.6768
   18638      48.5104
   18639      46.8875
   18640      48.9992
   18641      45.2938
   18642      43.7786
   18643      45.8544
   18644      47.1723
   18645      46.6050
   18646      46.1901
   18647      47.1966
   18648      48.2074
   18649      47.8843
   18650      46.8207
   18651      47.3019
   18652      47.3769
   18653      46.4974
   18654      41.6495
   18655      46.0489
   18656      47.8889
   18657      47.3755
   18658      48.1554
   18659      51.4162
   18660      50.5831
   18661      52.4746
   18662      50.0703
   18663      48.2580
   18664      46.7506
   18665      44.2729
   18666      45.3829
   18667      44.2425
   18668      45.5783
   18669      49.2420
   18670      42.1255
   18671      44.5147
   18672      46.6554
   18673      42.1866
   18674      43.4577
   18675      44.7579
   18676      42.2620
   18677      43.5238
   18678      44.2201
   18679      43.2347
   18680      44.7133
   18681      47.8556
   18682      44.2013
   18683      48.5307
   18684      53.8816
   18685      52.9682
   18686      48.4693
   18687      48.2074
   18688      43.0631
   18689      43.7615
   18690      44.4624
   18691      44.1196
   18692      46.3618
   18693      39.2189
   18694      44.5818
   18695      41.8734
   18696      41.5444
   18697      46.0613
   18698      44.9857
   18699      41.6785
   18700      41.2304
   18701      41.8408
   18702      40.4765
   18703      39.2163
   18704      40.9444
   18705      43.8435
   18706      42.8779
   18707      42.1421
   18708      43.5994
   18709      43.7467
   18710      41.9684
   18711      42.9330
   18712      44.5192
   18713      44.3619
   18714      44.2675
   18715      41.6133
   18716      42.3417
   18717      40.2992
   18718      39.2380
   18719      41.7027
   18720      40.4887
   18721      41.8709
   18722      41.3777
   18723      43.6692
   18724      43.7306
   18725      45.9265
   18726      44.8485
   18727      45.5332
   18728      40.6647
   18729      41.9804
   18730      43.8427
   18731      44.4896
   18732      46.8957
   18733      45.2731
   18734      46.9333
   18735      45.3016
   18736      49.2432
   18737      50.3893
   18738      51.3730
   18739      54.8359
   18740      54.6753
   18741      52.3643
   18742      48.1910
   18743      46.9113
   18744      48.0657
   18745      44.4465
   18746      44.1502
   18747      49.0738
   18748      51.1642
   18749      52.7541
   18750      49.0092
   18751      45.9625
   18752      49.7616
   18753      52.3142
   18754      51.6356
   18755      49.5727
   18756      52.0542
   18757      52.5297
   18758      48.6983
   18759      47.7331
   18760      47.1400
   18761      47.5903
   18762      50.0936
   18763      50.9202
   18764      52.4757
   18765      57.5333
   18766      56.0817
   18767      53.1372
   18768      52.0059
   18769      51.5730
   18770      51.8597
   18771      51.4219
   18772      50.8000
   18773      57.5928
   18774      60.2803
   18775      56.2562
   18776      54.1652
   18777      55.5953
   18778      53.6585
   18779      53.3301
   18780      54.6941
   18781      54.0794
   18782      55.4085
   18783      54.7709
   18784      52.9421
   18785      54.0036
   18786      50.5200
   18787      46.0697
   18788      44.4726
   18789      46.5680
   18790      46.1852
   18791      46.8128
   18792      46.5698
   18793      43.9452
   18794      47.9202
   18795      45.6192
   18796      48.2504
   18797      46.5720
   18798      43.0745
   18799      41.4587
   18800      44.1185
   18801      41.9564
   18802      44.2440
   18803      48.5597
   18804      45.5319
   18805      44.3117
   18806      44.2612
   18807      41.6151
   18808      49.9578
   18809      50.1127
   18810      48.2581
   18811      49.8211
   18812      51.8021
   18813      48.1093
   18814      44.3199
   18815      44.8555
   18816      45.4862
   18817      47.1197
   18818      48.9369
   18819      50.5387
   18820      49.5665
   18821      45.2505
   18822      42.8054
   18823      44.1060
   18824      46.2709
   18825      44.4379
   18826      46.4881
   18827      42.3941
   18828      45.6434
   18829      49.3459
   18830      44.6816
   18831      44.0948
   18832      48.0057
   18833      48.1773
   18834      46.8286
   18835      48.0507
   18836      48.7448
   18837      47.2723
   18838      48.7574
   18839      55.7017
   18840      61.6997
   18841      60.1117
   18842      62.0862
   18843      63.9229
   18844      67.4647
   18845      63.4939
   18846      64.2989
   18847      66.5938
   18848      61.6172
   18849      65.0668
   18850      64.3766
   18851      64.5096
   18852      64.5498
   18853      63.0007
   18854      63.8741
   18855      66.8245
   18856      69.5588
   18857      71.0857
   18858      63.6101
   18859      61.4231
   18860      62.9515
   18861      60.3201
   18862      61.9520
   18863      63.8669
   18864      68.2645
   18865      65.5263
   18866      66.5605
   18867      63.9693
   18868      62.8834
   18869      63.2688
   18870      60.4244
   18871      60.4980
   18872      60.9520
   18873      58.3863
   18874      56.3044
   18875      57.8519
   18876      51.6760
   18877      51.1962
   18878      54.7842
   18879      51.8621
   18880      45.2803
   18881      46.2398
   18882      48.7574
   18883      45.7787
   18884      48.2837
   18885      47.9360
   18886      49.2886
   18887      49.5164
   18888      45.9002
   18889      43.1009
   18890      41.7990
   18891      37.1303
   18892      34.1159
   18893      38.7911
   18894      40.2115
   18895      43.4194
   18896      44.2840
   18897      43.2127
   18898      41.9515
   18899      39.5725
   18900      42.8982
   18901      40.2048
   18902      35.9261
   18903      35.1168
   18904      32.9342
   18905      35.6175
   18906      42.7351
   18907      43.1861
   18908      41.9688
   18909      41.4822
   18910      44.4113
   18911      43.4658
   18912      43.1867
   18913      43.1726
   18914      47.2952
   18915      45.1370
   18916      43.9173
   18917      39.0311
   18918      42.4200
   18919      42.6618
   18920      43.4652
   18921      43.5971
   18922      45.6479
   18923      44.0562
   18924      43.0589
   18925      42.2123
   18926      42.2012
   18927      42.7507
   18928      49.5298
   18929      47.4595
   18930      47.4038
   18931      49.7402
   18932      50.4422
   18933      53.5824
   18934      50.1011
   18935      45.8831
   18936      45.0033
   18937      40.9103
   18938      40.4920
   18939      41.6509
   18940      42.7890
   18941      44.8785
   18942      47.1447
   18943      44.2412
   18944      46.5209
   18945      49.3022
   18946      44.9981
   18947      44.2436
   18948      48.5649
   18949      50.7876
   18950      51.6952
   18951      47.4418
   18952      47.5751
   18953      51.9586
   18954      53.8820
   18955      51.2034
   18956      51.4403
   18957      51.0608
   18958      50.3311
   18959      50.8627
   18960      46.5015
   18961      46.4917
   18962      44.6531
   18963      51.3769
   18964      52.9386
   18965      49.1970
   18966      49.6693
   18967      50.0349
   18968      48.0749
   18969      45.4178
   18970      47.7907
   18971      52.0981
   18972      47.9074
   18973      43.5020
   18974      39.4823
   18975      45.4037
   18976      46.8408
   18977      41.8648
   18978      39.4355
   18979      40.8918
   18980      40.5771
   18981      41.0598
   18982      42.5921
   18983      43.9129
   18984      44.1982
   18985      42.6506
   18986      39.6008
   18987      43.2970
   18988      47.8541
   18989      44.5935
   18990      43.6917
   18991      43.9825
   18992      44.2554
   18993      43.9879
   18994      46.9322
   18995      44.1512
   18996      45.4455
   18997      44.8860
   18998      45.6497
   18999      41.6752
   19000      45.5671
   19001      46.0456
   19002      50.4874
   19003      51.3535
   19004      49.2176
   19005      48.6343
   19006      48.7663
   19007      50.4826
   19008      49.8883
   19009      46.8967
   19010      49.4675
   19011      51.5697
   19012      55.1155
   19013      55.7697
   19014      54.2337
   19015      54.8161
   19016      46.5358
   19017      45.9864
   19018      48.3401
   19019      46.3283
   19020      47.5931
   19021      48.8498
   19022      46.8116
   19023      47.0309
   19024      49.1132
   19025      51.3477
   19026      46.9685
   19027      45.8374
   19028      45.7115
   19029      48.7679
   19030      50.4410
   19031      45.6262
   19032      48.6215
   19033      45.0040
   19034      49.7578
   19035      47.8169
   19036      53.3992
   19037      54.8771
   19038      52.2558
   19039      52.5537
   19040      56.0398
   19041      54.2458
   19042      58.4162
   19043      61.9553
   19044      61.4387
   19045      55.4194
   19046      56.4604
   19047      56.6952
   19048      50.6202
   19049      49.0201
   19050      49.4025
   19051      47.2002
   19052      46.4493
   19053      51.4308
   19054      54.1878
   19055      56.2556
   19056      58.4113
   19057      54.4548
   19058      58.3717
   19059      55.7143
   19060      55.0678
   19061      54.8191
   19062      55.5349
   19063      53.6611
   19064      51.4975
   19065      50.0292
   19066      51.0399
   19067      52.3409
   19068      49.9620
   19069      50.5664
   19070      50.4083
   19071      52.3150
   19072      55.3229
   19073      51.0358
   19074      51.9806
   19075      49.1985
   19076      51.6695
   19077      54.0161
   19078      52.5773
   19079      46.1112
   19080      47.2414
   19081      49.5930
   19082      50.1402
   19083      50.9214
   19084      49.6326
   19085      50.2710
   19086      51.6355
   19087      46.9937
   19088      47.4607
   19089      48.5614
   19090      45.8434
   19091      47.7204
   19092      53.3897
   19093      47.0431
   19094      45.0296
   19095      43.3510
   19096      47.8121
   19097      43.8022
   19098      46.3671
   19099      44.5657
   19100      48.7572
   19101      49.9602
   19102      45.1316
   19103      47.7215
   19104      51.1197
   19105      51.6661
   19106      48.8578
   19107      44.4777
   19108      43.2217
   19109      43.1674
   19110      44.5400
   19111      52.8952
   19112      50.5556
   19113      55.1159
   19114      52.2978
   19115      48.9441
   19116      44.3819
   19117      48.4864
   19118      47.9425
   19119      49.6336
   19120      54.1200
   19121      55.1177
   19122      52.0073
   19123      49.9324
   19124      50.3676
   19125      49.1838
   19126      52.2145
   19127      52.8071
   19128      50.2979
   19129      50.7771
   19130      48.5934
   19131      52.0265
   19132      51.3310
   19133      48.1412
   19134      48.7833
   19135      49.8167
   19136      52.4939
   19137      52.2086
   19138      53.5683
   19139      51.0847
   19140      49.5120
   19141      50.3351
   19142      47.8901
   19143      47.4571
   19144      48.6406
   19145      49.7984
   19146      50.5861
   19147      47.6256
   19148      52.3481
   19149      57.2442
   19150      53.9736
   19151      57.5607
   19152      58.5328
   19153      58.3663
   19154      57.7950
   19155      62.4787
   19156      69.2781
   19157      65.4149
   19158      55.9273
   19159      57.1708
   19160      55.7447
   19161      54.5657
   19162      55.7423
   19163      48.5675
   19164      50.0458
   19165      48.3618
   19166      53.4017
   19167      55.0346
   19168      48.8167
   19169      51.8020
   19170      53.9796
   19171      51.2533
   19172      45.9771
   19173      44.4671
   19174      47.0270
   19175      45.5170
   19176      46.5937
   19177      46.3844
   19178      47.0379
   19179      47.2521
   19180      47.5609
   19181      50.2335
   19182      51.7866
   19183      52.5207
   19184      51.0126
   19185      42.6924
   19186      46.1010
   19187      44.8655
   19188      46.8180
   19189      47.6894
   19190      48.9454
   19191      47.9104
   19192      48.9099
   19193      46.1737
   19194      47.3016
   19195      47.7718
   19196      47.5034
   19197      42.0603
   19198      42.0728
   19199      41.8790
   19200      42.3189
   19201      42.5423
   19202      41.1903
   19203      42.2578
   19204      44.1331
   19205      44.7503
   19206      45.3172
   19207      49.4547
   19208      44.5771
   19209      48.6675
   19210      52.4107
   19211      49.4819
   19212      46.5639
   19213      47.5681
   19214      48.5177
   19215      49.7128
   19216      52.2697
   19217      52.5330
   19218      57.6296
   19219      56.5487
   19220      55.4888
   19221      45.6353
   19222      43.6418
   19223      47.6021
   19224      49.7224
   19225      40.1240
   19226      42.9184
   19227      43.2064
   19228      42.9922
   19229      46.5835
   19230      49.2856
   19231      52.5816
   19232      52.7936
   19233      49.5257
   19234      42.8221
   19235      45.5604
   19236      46.9295
   19237      44.8673
   19238      47.1720
   19239      46.9717
   19240      43.3881
   19241      42.8646
   19242      47.9353
   19243      46.7168
   19244      47.9995
   19245      51.1257
   19246      52.9634
   19247      54.0515
   19248      57.1359
   19249      54.3115
   19250      55.8475
   19251      55.3736
   19252      54.8203
   19253      48.3172
   19254      53.3869
   19255      49.0582
   19256      49.6011
   19257      52.6220
   19258      56.2846
   19259      52.2602
   19260      54.2729
   19261      52.8704
   19262      51.9492
   19263      53.5371
   19264      54.3523
   19265      55.1059
   19266      53.4862
   19267      48.9966
   19268      45.5157
   19269      45.9827
   19270      49.3666
   19271      53.8467
   19272      50.2822
   19273      49.3692
   19274      45.1490
   19275      41.8961
   19276      41.6296
   19277      47.1068
   19278      42.9643
   19279      48.4200
   19280      47.7490
   19281      47.6040
   19282      48.5568
   19283      50.8256
   19284      49.9321
   19285      44.9301
   19286      47.5373
   19287      43.4695
   19288      45.7343
   19289      50.1349
   19290      49.9667
   19291      46.0694
   19292      50.1951
   19293      45.0397
   19294      44.3604
   19295      43.7925
   19296      47.6722
   19297      46.8647
   19298      40.8570
   19299      43.9073
   19300      42.7361
   19301      43.0045
   19302      44.5891
   19303      46.8817
   19304      47.8603
   19305      47.9526
   19306      49.5525
   19307      47.5196
   19308      47.4584
   19309      46.9751
   19310      47.9267
   19311      49.1095
   19312      47.9428
   19313      44.4115
   19314      44.7978
   19315      44.7481
   19316      46.7620
   19317      45.8511
   19318      46.7635
   19319      46.1076
   19320      44.5694
   19321      45.3706
   19322      45.5163
   19323      45.6278
   19324      45.1606
   19325      44.9255
   19326      46.8680
   19327      49.3600
   19328      49.9575
   19329      49.6833
   19330      48.0637
   19331      47.3689
   19332      49.4805
   19333      50.9274
   19334      52.0400
   19335      49.1054
   19336      51.7091
   19337      50.0149
   19338      50.5758
   19339      53.8951
   19340      52.7791
   19341      56.3461
   19342      53.6100
   19343      50.2453
   19344      48.2029
   19345      51.3440
   19346      49.6637
   19347      46.1788
   19348      43.8377
   19349      43.1618
   19350      42.3694
   19351      42.7129
   19352      48.7368
   19353      48.8976
   19354      47.4078
   19355      46.0663
   19356      47.3454
   19357      53.8081
   19358      50.1973
   19359      48.1575
   19360      47.2228
   19361      48.5240
   19362      45.6083
   19363      47.2565
   19364      54.1206
   19365      54.0003
   19366      50.9436
   19367      54.6274
   19368      51.9056
   19369      47.4945
   19370      50.0785
   19371      47.8814
   19372      43.9157
   19373      43.8645
   19374      47.4805
   19375      44.9283
   19376      46.9974
   19377      46.7364
   19378      48.3387
   19379      47.3669
   19380      46.4615
   19381      48.0783
   19382      47.1309
   19383      42.7199
   19384      47.4051
   19385      47.4408
   19386      47.0104
   19387      47.2160
   19388      48.0478
   19389      50.8108
   19390      47.8922
   19391      47.9814
   19392      49.5213
   19393      51.0658
   19394      51.1860
   19395      48.8188
   19396      41.9576
   19397      42.7571
   19398      43.9373
   19399      42.3899
   19400      43.4031
   19401      45.1926
   19402      46.1016
   19403      46.4824
   19404      44.7240
   19405      42.9389
   19406      43.7550
   19407      43.0520
   19408      45.8938
   19409      44.4385
   19410      44.9663
   19411      45.9307
   19412      45.2787
   19413      50.7606
   19414      48.5202
   19415      49.9869
   19416      50.4547
   19417      52.4926
   19418      50.3166
   19419      47.5737
   19420      46.4391
   19421      42.7798
   19422      39.8612
   19423      37.5745
   19424      40.7003
   19425      43.7422
   19426      44.0484
   19427      44.7289
   19428      39.2595
   19429      39.5921
   19430      44.7649
   19431      42.0875
   19432      43.3829
   19433      41.3208
   19434      41.5055
   19435      45.9199
   19436      43.6642
   19437      43.4687
   19438      40.1523
   19439      40.2132
   19440      41.3392
   19441      44.9883
   19442      43.7704
   19443      46.1351
   19444      40.9662
   19445      42.8680
   19446      40.4292
   19447      40.8007
   19448      44.2614
   19449      49.7570
   19450      50.9336
   19451      46.8777
   19452      47.4469
   19453      47.9628
   19454      43.9796
   19455      46.2132
   19456      44.3051
   19457      42.9534
   19458      44.5552
   19459      45.4574
   19460      50.8924
   19461      49.9890
   19462      49.6419
   19463      47.0720
   19464      43.2888
   19465      45.2671
   19466      48.4384
   19467      47.4747
   19468      43.9501
   19469      44.5999
   19470      46.8428
   19471      47.5921
   19472      44.9605
   19473      46.8947
   19474      47.9159
   19475      46.7752
   19476      50.0511
   19477      49.6519
   19478      52.8007
   19479      48.3042
   19480      50.3969
   19481      52.0228
   19482      52.4510
   19483      52.2599
   19484      50.4375
   19485      50.4138
   19486      48.5418
   19487      50.8776
   19488      50.5497
   19489      51.6951
   19490      49.5131
   19491      50.7427
   19492      54.2805
   19493      50.4419
   19494      50.4415
   19495      50.5343
   19496      48.5970
   19497      47.7415
   19498      53.0893
   19499      57.3574
   19500      50.5973
   19501      51.4366
   19502      49.8288
   19503      47.8349
   19504      45.1873
   19505      47.9643
   19506      44.7688
   19507      41.9002
   19508      44.7310
   19509      51.2321
   19510      49.6252
   19511      48.8413
   19512      51.7065
   19513      49.3636
   19514      47.0191
   19515      46.1082
   19516      44.7387
   19517      46.5030
   19518      45.0932
   19519      43.2942
   19520      48.0339
   19521      45.4850
   19522      44.7591
   19523      42.1478
   19524      45.8860
   19525      47.5614
   19526      50.5205
   19527      55.0290
   19528      55.0730
   19529      49.3593
   19530      47.2960
   19531      47.7240
   19532      48.5618
   19533      47.9757
   19534      47.0066
   19535      44.6252
   19536      46.3862
   19537      47.5076
   19538      44.3111
   19539      45.0936
   19540      42.3405
   19541      42.6562
   19542      43.1754
   19543      44.5211
   19544      44.8489
   19545      47.9785
   19546      46.5663
   19547      40.4258
   19548      42.8836
   19549      48.8420
   19550      44.1774
   19551      40.5207
   19552      40.8295
   19553      45.0369
   19554      42.6658
   19555      42.9927
   19556      43.2949
   19557      44.8071
   19558      45.0399
   19559      47.5125
   19560      53.0220
   19561      52.7653
   19562      51.3484
   19563      50.2855
   19564      49.5690
   19565      49.3545
   19566      46.6390
   19567      47.0874
   19568      46.8066
   19569      46.2185
   19570      46.6477
   19571      45.5451
   19572      46.0320
   19573      45.3792
   19574      48.0700
   19575      48.5819
   19576      48.9227
   19577      48.3254
   19578      47.9846
   19579      46.7206
   19580      48.6757
   19581      50.4589
   19582      48.7612
   19583      47.2054
   19584      45.6042
   19585      43.5575
   19586      44.2938
   19587      43.3335
   19588      45.2545
   19589      45.5394
   19590      43.9271
   19591      47.3136
   19592      47.2478
   19593      45.6097
   19594      46.6421
   19595      45.5349
   19596      46.7179
   19597      50.1531
   19598      51.1969
   19599      47.4009
   19600      48.8940
   19601      47.3505
   19602      48.4624
   19603      51.3506
   19604      49.9390
   19605      46.6584
   19606      47.9325
   19607      49.8250
   19608      48.8294
   19609      45.3592
   19610      44.6128
   19611      48.1076
   19612      51.0906
   19613      52.3328
   19614      51.6187
   19615      49.8933
   19616      49.2303
   19617      46.4396
   19618      46.7241
   19619      51.3687
   19620      51.9265
   19621      50.5108
   19622      51.0431
   19623      47.8324
   19624      47.5287
   19625      49.1057
   19626      50.3569
   19627      53.4741
   19628      52.8893
   19629      52.6410
   19630      53.6900
   19631      51.6159
   19632      48.8494
   19633      48.4038
   19634      46.1105
   19635      45.0471
   19636      49.2490
   19637      50.3104
   19638      49.7746
   19639      51.1865
   19640      54.8185
   19641      51.8538
   19642      53.1571
   19643      54.5647
   19644      52.9070
   19645      54.8811
   19646      53.7960
   19647      54.7044
   19648      50.2431
   19649      46.6063
   19650      44.1056
   19651      47.7194
   19652      50.8788
   19653      48.0924
   19654      49.3512
   19655      53.1825
   19656      54.1532
   19657      53.4862
   19658      50.9704
   19659      49.2329
   19660      50.1087
   19661      50.3597
   19662      50.7044
   19663      49.2798
   19664      49.2375
   19665      50.0692
   19666      51.3621
   19667      51.6881
   19668      50.1582
   19669      55.3777
   19670      53.3734
   19671      50.5679
   19672      56.4697
   19673      59.5056
   19674      58.4613
   19675      53.7329
   19676      51.0226
   19677      49.5337
   19678      49.8613
   19679      49.8400
   19680      50.2461
   19681      47.1070
   19682      44.7578
   19683      45.1330
   19684      38.7159
   19685      42.8578
   19686      48.1059
   19687      46.5453
   19688      50.5448
   19689      48.4164
   19690      47.2454
   19691      45.2139
   19692      47.4658
   19693      47.1885
   19694      51.8291
   19695      52.0205
   19696      47.8369
   19697      47.8979
   19698      48.5306
   19699      47.4137
   19700      51.6534
   19701      49.7712
   19702      44.7284
   19703      41.3032
   19704      40.5682
   19705      41.7284
   19706      45.3853
   19707      44.3344
   19708      48.1144
   19709      49.8269
   19710      47.5503
   19711      49.5748
   19712      51.2494
   19713      53.9274
   19714      56.5370
   19715      54.2430
   19716      46.6925
   19717      44.9330
   19718      43.4493
   19719      42.3267
   19720      44.7143
   19721      46.1844
   19722      40.9384
   19723      46.3008
   19724      46.1383
   19725      40.5544
   19726      42.4735
   19727      43.9016
   19728      48.8716
   19729      48.3720
   19730      48.1789
   19731      47.8365
   19732      44.6499
   19733      50.7820
   19734      56.3704
   19735      56.3672
   19736      57.3622
   19737      62.8627
   19738      66.4934
   19739      66.3854
   19740      67.0607
   19741      67.4581
   19742      66.9939
   19743      65.8806
   19744      66.9692
   19745      65.9573
   19746      72.6639
   19747      70.9959
   19748      72.2278
   19749      72.5643
   19750      70.1600
   19751      67.9031
   19752      63.8164
   19753      64.0175
   19754      63.1075
   19755      60.4234
   19756      62.7417
   19757      65.9737
   19758      62.6938
   19759      62.9228
   19760      60.5206
   19761      63.9258
   19762      64.1194
   19763      63.2444
   19764      60.9803
   19765      62.4926
   19766      61.9345
   19767      59.4553
   19768      58.8119
   19769      59.9213
   19770      64.2586
   19771      66.2886
   19772      64.3115
   19773      62.7259
   19774      59.7228
   19775      64.7447
   19776      67.0623
   19777      67.5250
   19778      65.4945
   19779      65.9647
   19780      61.1143
   19781      62.2763
   19782      56.8259
   19783      57.0390
   19784      57.7068
   19785      58.2169
   19786      56.3961
   19787      57.3530
   19788      58.1096
   19789      57.5081
   19790      55.1187
   19791      54.2781
   19792      57.3356
   19793      55.7255
   19794      53.0517
   19795      56.0025
   19796      54.8383
   19797      55.6896
   19798      56.4790
   19799      57.3729
   19800      48.3437
   19801      52.7636
   19802      51.3070
   19803      53.7373
   19804      52.9724
   19805      57.7755
   19806      58.4353
   19807      58.7775
   19808      55.9858
   19809      54.8344
   19810      54.3325
   19811      50.3439
   19812      50.1509
   19813      49.8229
   19814      50.6714
   19815      48.4335
   19816      52.7645
   19817      47.1803
   19818      48.2381
   19819      48.3937
   19820      46.2628
   19821      45.9189
   19822      46.2225
   19823      47.9719
   19824      46.8541
   19825      48.9538
   19826      49.0035
   19827      49.1096
   19828      52.2194
   19829      50.9191
   19830      51.9822
   19831      49.5427
   19832      49.9345
   19833      54.2550
   19834      54.4983
   19835      55.0944
   19836      56.3462
   19837      60.4553
   19838      63.0102
   19839      59.8013
   19840      66.1346
   19841      65.3128
   19842      62.2308
   19843      60.5133
   19844      59.4832
   19845      57.3350
   19846      57.3722
   19847      56.8032
   19848      56.2036
   19849      57.1188
   19850      53.8895
   19851      59.4631
   19852      57.9766
   19853      54.5457
   19854      54.5937
   19855      55.2317
   19856      59.0504
   19857      59.3662
   19858      53.8444
   19859      53.2480
   19860      55.1675
   19861      53.7458
   19862      49.0419
   19863      53.0056
   19864      54.4173
   19865      49.1712
   19866      50.5035
   19867      45.5344
   19868      46.8050
   19869      52.6551
   19870      48.9771
   19871      49.5027
   19872      46.8808
   19873      47.9228
   19874      46.6183
   19875      46.5356
   19876      47.1312
   19877      43.5974
   19878      42.5178
   19879      45.2443
   19880      46.3890
   19881      48.6630
   19882      45.8069
   19883      46.8932
   19884      46.3184
   19885      45.4702
   19886      46.0428
   19887      46.8944
   19888      49.2419
   19889      47.6285
   19890      49.9859
   19891      47.3710
   19892      49.8979
   19893      49.9997
   19894      47.6034
   19895      48.1126
   19896      48.5294
   19897      52.2531
   19898      48.7940
   19899      51.5285
   19900      50.3553
   19901      51.2402
   19902      52.4921
   19903      51.9499
   19904      52.3594
   19905      50.8364
   19906      50.9677
   19907      52.3955
   19908      50.8431
   19909      53.1656
   19910      55.3668
   19911      53.8319
   19912      48.8817
   19913      48.4901
   19914      46.8601
   19915      48.1089
   19916      44.7078
   19917      45.9301
   19918      43.3110
   19919      48.9492
   19920      48.3174
   19921      44.6230
   19922      47.3021
   19923      45.9166
   19924      45.4037
   19925      45.8921
   19926      47.8356
   19927      46.3761
   19928      46.0015
   19929      47.8357
   19930      44.3972
   19931      48.8155
   19932      50.5158
   19933      48.6094
   19934      50.7082
   19935      49.0911
   19936      47.5375
   19937      46.6794
   19938      50.0913
   19939      50.7733
   19940      45.5665
   19941      47.2611
   19942      47.7461
   19943      48.5029
   19944      47.0958
   19945      45.8839
   19946      46.5120
   19947      44.6114
   19948      48.7476
   19949      47.1646
   19950      46.8100
   19951      47.0026
   19952      46.1635
   19953      44.1243
   19954      43.8017
   19955      43.9250
   19956      44.4310
   19957      43.4568
   19958      45.5373
   19959      42.9877
   19960      46.2545
   19961      48.8680
   19962      44.2722
   19963      45.1630
   19964      44.1105
   19965      45.7575
   19966      49.0487
   19967      49.0529
   19968      49.4135
   19969      50.2403
   19970      52.8731
   19971      48.9649
   19972      45.8572
   19973      43.1890
   19974      46.0339
   19975      44.6797
   19976      45.8778
   19977      43.8633
   19978      45.9914
   19979      45.8400
   19980      50.7840
   19981      47.8123
   19982      46.2825
   19983      40.2262
   19984      43.7339
   19985      44.3506
   19986      45.3695
   19987      44.5452
   19988      45.9394
   19989      42.9078
   19990      42.6514
   19991      46.8375
   19992      44.7600
   19993      49.4297
   19994      49.1938
   19995      50.3332
   19996      51.6815
   19997      52.9961
   19998      50.8635
   19999      48.3371
   20000      49.9958
   20001      46.4444
