#Frame     end-to-end
       1      35.4688
       2      32.2588
       3      33.5348
       4      30.6958
       5      37.5000
       6      38.2260
       7      40.7402
       8      40.0163
       9      32.1749
      10      40.3149
      11      40.9094
      12      36.3219
      13      36.2739
      14      38.3873
      15      44.2825
      16      40.6822
      17      38.8262
      18      40.0586
      19      39.5405
      20      37.9356
      21      40.6907
      22      39.8499
      23      35.8392
      24      38.2697
      25      35.7605
      26      37.6666
      27      31.9840
      28      33.6005
      29      34.4413
      30      35.7440
      31      34.5311
      32      35.4649
      33      38.3099
      34      36.4946
      35      34.0532
      36      37.3190
      37      37.0500
      38      35.1219
      39      39.3122
      40      33.6237
      41      33.7072
      42      35.9298
      43      35.8832
      44      40.3728
      45      39.1500
      46      38.0605
      47      47.1978
      48      43.5402
      49      42.2240
      50      42.0836
      51      42.1004
      52      40.7827
      53      39.4676
      54      39.2277
      55      43.1302
      56      40.6750
      57      42.1195
      58      44.0176
      59      46.3140
      60      44.9839
      61      45.2292
      62      42.1044
      63      42.1300
      64      42.0615
      65      43.4323
      66      42.1437
      67      42.3785
      68      36.0236
      69      37.3030
      70      44.4619
      71      39.1212
      72      48.9281
      73      47.8499
      74      46.5301
      75      43.8445
      76      42.6349
      77      42.8746
      78      42.8994
      79      42.2828
      80      42.1494
      81      43.1498
      82      41.6582
      83      40.5218
      84      44.2790
      85      42.7863
      86      40.5589
      87      41.4715
      88      43.8456
      89      44.9483
      90      49.2428
      91      44.4087
      92      37.8526
      93      37.1502
      94      37.4780
      95      42.6442
      96      36.0298
      97      35.6136
      98      41.0795
      99      39.1441
     100      41.6198
     101      48.6898
     102      41.8913
     103      40.6451
     104      41.7877
     105      39.9448
     106      39.6572
     107      48.6849
     108      45.7060
     109      42.4036
     110      41.3063
     111      44.1565
     112      40.9126
     113      40.4453
     114      43.1480
     115      36.5896
     116      37.1488
     117      35.2268
     118      35.5754
     119      36.4198
     120      35.2428
     121      35.1215
     122      34.8148
     123      36.0923
     124      34.2188
     125      34.2155
     126      39.3004
     127      43.6415
     128      46.5248
     129      43.0141
     130      45.1602
     131      46.0009
     132      41.9835
     133      43.8429
     134      38.7181
     135      38.8858
     136      40.2564
     137      39.1618
     138      34.8241
     139      39.9250
     140      34.6716
     141      39.0934
     142      42.0831
     143      40.7570
     144      45.1226
     145      42.9392
     146      49.7488
     147      51.7153
     148      52.9352
     149      48.3196
     150      49.5134
     151      55.6436
     152      50.2690
     153      47.7117
     154      50.1646
     155      48.2878
     156      51.7599
     157      49.3111
     158      47.9102
     159      47.5173
     160      46.1250
     161      49.1640
     162      43.3572
     163      48.0036
     164      51.4863
     165      49.1674
     166      48.6531
     167      46.9653
     168      43.6893
     169      41.9023
     170      43.5271
     171      43.2896
     172      41.4584
     173      45.9221
     174      46.6410
     175      46.5454
     176      46.8020
     177      48.0242
     178      45.5885
     179      43.6658
     180      40.4946
     181      42.9761
     182      43.4995
     183      45.6510
     184      44.8493
     185      47.7647
     186      47.3353
     187      45.5019
     188      45.6617
     189      46.4804
     190      44.1572
     191      46.1327
     192      48.8721
     193      48.2987
     194      48.8992
     195      44.3296
     196      45.4792
     197      43.2114
     198      42.3215
     199      42.5313
     200      47.6214
     201      42.1791
     202      42.9993
     203      48.8781
     204      49.0861
     205      50.4018
     206      50.1140
     207      48.2209
     208      45.4017
     209      46.5893
     210      47.7577
     211      50.5620
     212      48.7800
     213      50.0918
     214      45.9993
     215      49.0051
     216      45.5034
     217      45.7893
     218      41.5933
     219      41.7543
     220      45.9843
     221      46.6242
     222      47.6648
     223      44.6554
     224      48.1533
     225      49.5585
     226      43.1545
     227      41.4659
     228      44.0481
     229      47.2194
     230      42.5314
     231      42.9289
     232      39.9967
     233      42.0975
     234      44.0505
     235      43.7949
     236      44.6819
     237      46.9860
     238      44.0642
     239      39.6839
     240      40.4393
     241      44.5383
     242      45.7795
     243      46.0062
     244      48.0831
     245      45.3003
     246      44.8359
     247      47.2046
     248      48.8289
     249      52.6865
     250      51.5698
     251      47.4808
     252      43.0690
     253      43.4161
     254      41.3830
     255      43.9473
     256      42.6338
     257      42.0650
     258      39.9691
     259      40.8717
     260      44.4899
     261      49.0097
     262      48.2059
     263      44.0913
     264      46.5601
     265      40.9351
     266      44.2934
     267      42.6011
     268      40.3634
     269      44.6359
     270      46.6087
     271      44.0511
     272      47.4213
     273      44.2928
     274      39.6254
     275      38.7965
     276      43.1892
     277      40.5391
     278      43.5458
     279      46.9589
     280      46.7920
     281      46.9163
     282      41.6287
     283      44.2319
     284      45.5282
     285      40.8163
     286      42.2701
     287      45.4532
     288      43.3774
     289      42.3952
     290      39.6131
     291      43.0782
     292      44.0173
     293      44.1463
     294      42.3563
     295      41.2173
     296      40.8323
     297      38.9107
     298      40.4509
     299      44.8454
     300      44.6055
     301      41.6340
     302      39.2536
     303      42.1552
     304      43.2044
     305      44.0417
     306      41.5560
     307      44.7165
     308      41.7786
     309      40.5151
     310      45.6183
     311      42.7954
     312      43.6664
     313      45.2435
     314      44.0254
     315      41.4632
     316      45.0554
     317      42.9635
     318      43.8893
     319      43.0845
     320      43.4074
     321      45.2556
     322      47.8146
     323      44.9933
     324      45.3797
     325      43.6932
     326      44.7900
     327      48.7459
     328      50.8560
     329      53.5640
     330      49.1552
     331      49.1966
     332      52.2924
     333      52.4078
     334      48.1533
     335      49.6024
     336      47.1981
     337      53.6479
     338      52.8998
     339      54.8463
     340      54.7289
     341      50.8130
     342      45.3914
     343      44.0238
     344      45.3760
     345      49.6227
     346      52.9078
     347      51.1518
     348      50.5329
     349      52.5626
     350      50.3556
     351      51.1446
     352      49.0449
     353      51.1074
     354      48.8709
     355      48.1676
     356      52.3736
     357      52.1819
     358      49.8007
     359      55.0634
     360      52.9885
     361      57.8157
     362      50.3309
     363      49.7778
     364      46.3569
     365      48.6034
     366      47.8399
     367      48.2049
     368      51.5837
     369      55.7535
     370      53.4338
     371      52.9902
     372      52.5131
     373      47.1616
     374      45.5893
     375      43.8209
     376      43.4684
     377      45.5064
     378      43.2933
     379      43.7451
     380      47.5395
     381      46.7217
     382      43.8725
     383      40.0022
     384      38.5203
     385      40.1636
     386      39.7675
     387      43.2145
     388      44.3893
     389      39.0209
     390      40.2832
     391      37.1703
     392      38.6126
     393      40.4664
     394      43.8984
     395      39.0566
     396      42.3012
     397      44.0729
     398      42.0035
     399      38.1987
     400      39.9680
     401      43.3197
     402      47.5303
     403      47.9093
     404      46.0840
     405      42.6990
     406      40.1484
     407      41.5350
     408      40.7690
     409      43.1886
     410      42.1842
     411      41.7447
     412      38.7755
     413      39.7728
     414      40.3398
     415      44.6857
     416      46.3422
     417      44.3347
     418      42.4682
     419      42.0694
     420      42.3019
     421      41.6069
     422      43.4022
     423      44.0816
     424      42.2250
     425      43.6548
     426      39.3849
     427      39.4309
     428      39.2615
     429      39.0289
     430      40.5234
     431      39.8917
     432      45.3237
     433      36.6402
     434      44.2975
     435      40.2800
     436      38.2193
     437      36.8379
     438      40.7983
     439      43.0664
     440      46.3402
     441      47.2991
     442      45.5325
     443      46.0503
     444      43.6492
     445      43.7491
     446      44.4715
     447      44.3152
     448      44.3031
     449      44.9901
     450      42.6823
     451      41.5988
     452      45.2089
     453      47.1705
     454      42.2252
     455      46.6403
     456      50.6432
     457      48.4319
     458      47.3097
     459      42.4479
     460      41.6222
     461      43.5938
     462      41.5797
     463      41.9357
     464      39.7514
     465      40.0802
     466      41.5738
     467      45.6253
     468      37.9035
     469      41.2294
     470      40.7247
     471      38.3283
     472      41.8505
     473      39.2559
     474      40.2329
     475      40.2049
     476      44.3112
     477      44.6034
     478      45.5007
     479      42.1817
     480      41.4794
     481      43.5709
     482      39.2378
     483      36.6655
     484      36.5542
     485      38.8201
     486      38.3463
     487      42.0935
     488      46.0391
     489      49.3548
     490      48.2981
     491      46.2593
     492      51.2565
     493      46.9245
     494      39.6130
     495      42.8445
     496      46.6056
     497      43.4636
     498      40.9712
     499      42.1063
     500      41.6138
     501      44.4325
     502      41.8688
     503      45.8312
     504      47.2498
     505      48.7294
     506      48.9097
     507      50.1351
     508      47.6397
     509      46.0772
     510      46.6599
     511      45.2378
     512      48.8174
     513      52.2256
     514      55.2104
     515      48.0643
     516      42.8798
     517      42.1462
     518      41.7991
     519      36.6935
     520      38.2441
     521      43.5758
     522      46.4068
     523      39.6059
     524      39.0569
     525      43.0228
     526      42.1096
     527      40.8068
     528      41.5746
     529      43.0984
     530      43.4022
     531      41.7731
     532      43.3767
     533      44.8970
     534      49.4814
     535      50.6088
     536      49.6021
     537      42.1853
     538      37.4830
     539      42.8716
     540      41.7382
     541      37.0133
     542      35.7161
     543      41.0757
     544      45.2066
     545      45.9401
     546      51.3405
     547      49.4919
     548      49.3818
     549      45.0316
     550      43.2425
     551      38.5646
     552      44.8698
     553      45.5818
     554      42.5438
     555      39.4574
     556      41.3885
     557      40.0896
     558      40.3707
     559      39.1339
     560      42.6623
     561      44.0365
     562      40.4551
     563      45.2044
     564      43.9698
     565      43.4482
     566      46.6159
     567      46.7534
     568      45.5683
     569      43.7892
     570      45.0345
     571      42.7830
     572      38.7728
     573      40.6382
     574      41.2328
     575      42.7976
     576      38.8199
     577      42.9357
     578      43.2518
     579      39.0955
     580      43.0113
     581      44.4298
     582      48.8222
     583      46.8684
     584      45.7385
     585      42.5558
     586      43.4202
     587      46.2641
     588      47.0911
     589      39.0108
     590      37.8208
     591      41.6463
     592      44.6746
     593      43.7255
     594      46.8127
     595      48.7562
     596      47.6369
     597      47.6245
     598      46.8564
     599      49.1158
     600      48.2941
     601      43.5954
     602      43.7376
     603      48.7433
     604      46.9879
     605      50.0447
     606      46.5882
     607      46.8334
     608      46.8393
     609      46.3270
     610      51.5470
     611      48.7586
     612      47.9440
     613      46.1058
     614      44.1290
     615      45.9915
     616      47.3036
     617      45.1905
     618      41.8619
     619      37.4809
     620      38.1314
     621      37.4771
     622      35.8354
     623      40.8270
     624      42.1180
     625      37.5893
     626      41.8723
     627      40.8945
     628      43.2618
     629      40.8969
     630      39.4999
     631      42.1546
     632      40.1255
     633      38.2200
     634      41.7110
     635      41.0777
     636      41.0262
     637      42.9163
     638      43.8981
     639      40.7818
     640      38.0724
     641      41.0910
     642      41.9038
     643      39.5933
     644      43.6669
     645      41.2817
     646      43.7111
     647      46.1938
     648      49.7561
     649      44.3215
     650      42.6829
     651      44.4906
     652      44.5566
     653      45.6828
     654      44.0282
     655      44.6771
     656      42.9878
     657      40.5803
     658      39.2218
     659      42.1946
     660      40.3199
     661      41.4788
     662      37.7472
     663      35.2132
     664      34.6494
     665      35.1753
     666      34.1295
     667      32.3379
     668      31.7598
     669      38.9141
     670      35.0876
     671      38.4816
     672      35.3962
     673      37.2636
     674      34.1707
     675      36.5902
     676      39.6719
     677      40.4491
     678      42.1410
     679      35.8752
     680      39.3679
     681      43.0591
     682      41.8101
     683      37.6743
     684      37.0394
     685      39.7449
     686      42.2056
     687      39.7826
     688      40.9313
     689      46.5198
     690      47.7651
     691      47.9198
     692      50.9389
     693      53.3816
     694      55.6543
     695      55.2801
     696      55.4929
     697      54.9889
     698      56.1979
     699      51.1710
     700      50.4838
     701      48.1598
     702      52.8099
     703      56.2966
     704      54.5348
     705      59.7939
     706      59.6952
     707      60.9313
     708      59.3858
     709      58.4851
     710      56.2139
     711      55.9117
     712      58.8913
     713      52.4364
     714      50.7247
     715      50.6403
     716      55.3094
     717      54.8842
     718      54.2228
     719      52.7163
     720      52.4884
     721      52.8246
     722      53.0428
     723      59.9196
     724      56.8543
     725      53.1844
     726      54.5276
     727      52.5765
     728      56.0879
     729      54.5833
     730      55.8625
     731      55.5805
     732      52.3771
     733      51.3730
     734      55.9907
     735      60.3025
     736      62.3622
     737      64.2936
     738      63.7617
     739      64.1682
     740      60.5495
     741      55.2193
     742      56.2121
     743      58.7599
     744      53.5460
     745      53.2948
     746      55.8911
     747      50.3371
     748      52.1198
     749      56.2421
     750      55.6230
     751      50.0355
     752      45.5113
     753      48.0014
     754      44.1358
     755      45.6605
     756      46.7466
     757      48.3392
     758      52.2917
     759      54.7943
     760      52.6355
     761      50.3263
     762      49.2611
     763      52.2671
     764      47.0861
     765      46.3362
     766      43.2580
     767      41.4468
     768      38.7168
     769      44.2432
     770      48.4672
     771      52.1047
     772      48.6468
     773      47.6009
     774      46.6027
     775      46.9535
     776      42.9722
     777      44.6769
     778      45.3018
     779      47.3881
     780      43.9829
     781      47.0355
     782      46.8135
     783      46.9708
     784      46.5406
     785      49.2494
     786      47.7886
     787      45.1744
     788      40.0813
     789      43.2541
     790      43.6398
     791      41.5808
     792      38.9040
     793      41.1712
     794      45.3199
     795      45.2237
     796      46.6418
     797      49.6855
     798      50.8838
     799      49.6733
     800      43.5049
     801      46.3768
     802      44.0436
     803      46.6246
     804      49.5455
     805      49.6156
     806      47.2873
     807      45.0884
     808      47.2151
     809      47.4112
     810      47.7627
     811      45.8158
     812      43.9026
     813      42.5528
     814      40.2262
     815      42.2761
     816      35.5947
     817      39.0345
     818      43.2864
     819      51.6932
     820      43.7808
     821      49.7283
     822      45.9098
     823      44.4964
     824      43.0642
     825      44.1665
     826      48.2779
     827      52.6863
     828      49.0229
     829      54.0090
     830      56.4546
     831      49.3122
     832      47.3314
     833      50.6218
     834      50.0230
     835      47.8147
     836      50.5040
     837      48.2142
     838      47.9126
     839      55.0668
     840      51.7891
     841      50.0865
     842      49.8918
     843      48.6754
     844      47.0701
     845      44.1121
     846      45.3886
     847      46.3742
     848      42.3696
     849      44.8228
     850      47.7420
     851      47.4690
     852      47.9365
     853      49.6394
     854      44.3690
     855      41.9011
     856      42.5137
     857      43.8583
     858      43.6527
     859      41.7545
     860      41.3726
     861      42.2081
     862      46.2574
     863      47.1189
     864      49.5134
     865      50.8102
     866      49.3415
     867      48.9638
     868      45.9112
     869      44.2413
     870      43.2301
     871      40.5524
     872      44.1480
     873      44.3279
     874      43.4776
     875      41.5093
     876      45.4849
     877      42.6691
     878      43.5786
     879      49.8366
     880      45.8145
     881      47.5498
     882      47.7776
     883      43.4692
     884      44.6424
     885      45.2782
     886      45.9296
     887      44.8175
     888      50.1122
     889      44.0791
     890      47.4547
     891      46.4497
     892      43.7857
     893      48.1125
     894      46.0160
     895      48.1506
     896      47.4672
     897      46.5576
     898      47.8500
     899      50.5104
     900      49.3416
     901      45.2654
     902      46.9731
     903      50.6463
     904      48.7957
     905      46.1289
     906      55.3062
     907      53.6216
     908      54.4708
     909      46.9432
     910      48.0420
     911      46.9326
     912      52.4516
     913      51.7653
     914      48.0086
     915      51.7620
     916      53.1573
     917      50.0930
     918      48.3817
     919      46.5825
     920      50.5235
     921      49.2322
     922      45.2715
     923      45.2045
     924      46.3447
     925      45.6354
     926      47.3617
     927      46.7508
     928      47.6175
     929      45.9984
     930      46.8782
     931      46.7203
     932      46.8944
     933      45.6989
     934      51.8759
     935      47.5796
     936      49.2251
     937      42.8607
     938      51.2680
     939      45.0120
     940      46.7186
     941      47.1983
     942      46.0899
     943      43.7742
     944      42.8996
     945      46.4261
     946      50.1301
     947      50.8432
     948      47.1607
     949      45.6548
     950      51.1559
     951      43.8120
     952      44.5622
     953      47.9384
     954      49.5436
     955      49.4332
     956      43.7223
     957      47.0426
     958      44.6162
     959      47.9137
     960      49.9463
     961      51.1899
     962      57.5385
     963      49.4048
     964      46.3258
     965      48.2549
     966      47.3224
     967      49.9381
     968      47.2484
     969      42.5214
     970      41.6941
     971      45.1616
     972      43.9148
     973      52.7113
     974      49.8888
     975      46.2276
     976      48.3718
     977      47.6040
     978      46.8118
     979      49.5372
     980      48.9114
     981      46.7063
     982      44.8379
     983      46.4198
     984      49.7162
     985      45.2471
     986      50.7800
     987      49.3164
     988      50.0167
     989      45.4621
     990      46.2584
     991      48.6339
     992      50.4762
     993      49.8746
     994      49.5175
     995      48.2364
     996      46.3693
     997      47.4677
     998      46.8641
     999      51.5132
    1000      53.2880
    1001      55.6460
    1002      50.6570
    1003      49.0813
    1004      42.4436
    1005      45.8155
    1006      44.6522
    1007      43.4718
    1008      43.4623
    1009      39.7948
    1010      42.2161
    1011      44.2746
    1012      49.7745
    1013      51.9097
    1014      51.9326
    1015      50.1305
    1016      47.8906
    1017      47.2177
    1018      51.1878
    1019      52.6663
    1020      54.6989
    1021      50.6378
    1022      51.0255
    1023      50.6394
    1024      51.4176
    1025      50.8139
    1026      50.4479
    1027      48.2275
    1028      51.9789
    1029      49.7115
    1030      44.1903
    1031      48.7086
    1032      45.6829
    1033      49.1628
    1034      43.0199
    1035      49.1731
    1036      47.2349
    1037      51.2319
    1038      49.9699
    1039      56.1106
    1040      58.7421
    1041      58.6600
    1042      56.2140
    1043      54.0225
    1044      48.8103
    1045      45.0540
    1046      44.0977
    1047      44.4633
    1048      44.1593
    1049      43.0348
    1050      46.4583
    1051      40.7987
    1052      44.2478
    1053      41.7693
    1054      43.5292
    1055      37.8557
    1056      41.2358
    1057      42.2592
    1058      41.7846
    1059      43.4569
    1060      41.4517
    1061      44.5526
    1062      42.8843
    1063      44.9032
    1064      45.9326
    1065      44.3868
    1066      43.0728
    1067      50.7944
    1068      55.4866
    1069      52.9166
    1070      51.2318
    1071      46.4920
    1072      39.7950
    1073      39.7741
    1074      47.7858
    1075      47.3931
    1076      51.5665
    1077      51.2687
    1078      52.5137
    1079      44.3895
    1080      42.9087
    1081      42.7023
    1082      47.9798
    1083      41.8880
    1084      40.7036
    1085      42.4018
    1086      47.1550
    1087      41.9233
    1088      41.0366
    1089      40.0858
    1090      47.4146
    1091      47.5557
    1092      46.4300
    1093      47.3714
    1094      48.6628
    1095      48.7510
    1096      42.4891
    1097      46.1010
    1098      48.2217
    1099      49.9225
    1100      51.1871
    1101      56.5529
    1102      60.3871
    1103      58.9828
    1104      49.2024
    1105      47.4711
    1106      44.4711
    1107      43.6398
    1108      43.3701
    1109      37.5173
    1110      44.0548
    1111      43.5562
    1112      42.7075
    1113      43.8615
    1114      39.4901
    1115      42.3208
    1116      45.5507
    1117      42.6857
    1118      45.2075
    1119      44.3811
    1120      41.7321
    1121      39.7807
    1122      35.8153
    1123      39.3823
    1124      43.2268
    1125      44.4422
    1126      46.9645
    1127      46.7474
    1128      44.3604
    1129      41.9111
    1130      46.7677
    1131      44.7083
    1132      42.8407
    1133      44.6600
    1134      42.9847
    1135      44.1438
    1136      48.5192
    1137      46.9465
    1138      43.7449
    1139      37.9097
    1140      45.2903
    1141      44.0402
    1142      47.2030
    1143      46.7799
    1144      43.4343
    1145      37.9850
    1146      42.0660
    1147      41.9350
    1148      46.2179
    1149      49.6605
    1150      50.6245
    1151      47.5421
    1152      46.7294
    1153      46.5459
    1154      51.7524
    1155      51.8137
    1156      44.2450
    1157      46.1454
    1158      46.4747
    1159      44.3901
    1160      42.6464
    1161      39.7914
    1162      42.1617
    1163      39.7696
    1164      43.9612
    1165      48.8749
    1166      44.0533
    1167      46.3843
    1168      46.6907
    1169      50.3865
    1170      49.0991
    1171      53.0453
    1172      52.2011
    1173      51.5084
    1174      49.8137
    1175      43.1220
    1176      38.0465
    1177      35.6423
    1178      40.1660
    1179      37.7722
    1180      36.3317
    1181      37.0635
    1182      38.1889
    1183      38.9418
    1184      40.2826
    1185      41.1598
    1186      43.7375
    1187      43.4366
    1188      42.0951
    1189      40.9236
    1190      44.6699
    1191      45.4785
    1192      46.3818
    1193      41.6001
    1194      47.8749
    1195      44.9936
    1196      43.4506
    1197      38.1653
    1198      39.0432
    1199      41.5057
    1200      41.9643
    1201      36.8164
    1202      37.6011
    1203      46.1420
    1204      45.3323
    1205      42.5194
    1206      41.7342
    1207      43.5019
    1208      39.7946
    1209      39.9300
    1210      41.3047
    1211      38.3864
    1212      45.2379
    1213      53.5892
    1214      55.2352
    1215      53.1636
    1216      46.7056
    1217      52.3193
    1218      56.0827
    1219      57.1006
    1220      53.1182
    1221      53.9913
    1222      49.2191
    1223      53.6259
    1224      44.8511
    1225      45.1642
    1226      45.9919
    1227      47.9842
    1228      48.6007
    1229      50.7297
    1230      56.7267
    1231      54.1339
    1232      56.3596
    1233      52.1444
    1234      53.0429
    1235      52.5570
    1236      56.1279
    1237      57.5937
    1238      56.3209
    1239      63.9290
    1240      63.9856
    1241      57.0079
    1242      48.2335
    1243      48.5439
    1244      49.2735
    1245      51.5596
    1246      47.1448
    1247      45.2215
    1248      49.3621
    1249      44.3566
    1250      47.2812
    1251      45.1469
    1252      45.9827
    1253      44.4396
    1254      44.4312
    1255      43.5615
    1256      45.7751
    1257      42.4196
    1258      44.7575
    1259      49.2441
    1260      53.9290
    1261      52.6410
    1262      52.2411
    1263      47.9997
    1264      48.9622
    1265      47.3774
    1266      48.2740
    1267      44.1647
    1268      38.7616
    1269      39.8606
    1270      42.0289
    1271      41.2592
    1272      42.2386
    1273      44.8466
    1274      45.9405
    1275      42.0028
    1276      46.9643
    1277      45.1090
    1278      44.3721
    1279      43.2224
    1280      45.1248
    1281      42.5574
    1282      42.7992
    1283      42.3279
    1284      43.3990
    1285      48.6231
    1286      46.1904
    1287      46.3798
    1288      47.9928
    1289      46.6378
    1290      43.6277
    1291      41.5139
    1292      48.5687
    1293      47.6927
    1294      47.1169
    1295      49.1689
    1296      43.1127
    1297      43.6377
    1298      46.7044
    1299      49.1808
    1300      50.5222
    1301      46.8650
    1302      45.9478
    1303      45.7791
    1304      49.9838
    1305      50.4828
    1306      49.4168
    1307      48.0946
    1308      48.8509
    1309      46.6553
    1310      46.5881
    1311      46.7282
    1312      47.2898
    1313      47.9819
    1314      49.1908
    1315      47.5816
    1316      46.4087
    1317      47.7548
    1318      53.8442
    1319      56.5817
    1320      54.2150
    1321      53.2030
    1322      48.9788
    1323      50.7250
    1324      54.7794
    1325      57.6176
    1326      56.8453
    1327      56.4759
    1328      55.9736
    1329      58.4354
    1330      56.9206
    1331      59.4649
    1332      58.0583
    1333      58.7587
    1334      56.3048
    1335      50.9159
    1336      53.3239
    1337      55.2737
    1338      49.8785
    1339      45.5233
    1340      54.5437
    1341      57.2975
    1342      58.8770
    1343      57.0444
    1344      55.3837
    1345      54.5422
    1346      58.7411
    1347      55.6214
    1348      55.4333
    1349      54.7190
    1350      54.0533
    1351      45.7147
    1352      47.9740
    1353      43.2860
    1354      44.4071
    1355      43.5562
    1356      48.9271
    1357      53.2960
    1358      48.8161
    1359      53.4961
    1360      50.0269
    1361      51.1269
    1362      55.1417
    1363      49.1549
    1364      49.2632
    1365      44.0660
    1366      47.3711
    1367      42.8092
    1368      39.3454
    1369      44.7755
    1370      44.9290
    1371      47.6363
    1372      51.5451
    1373      48.4122
    1374      47.8334
    1375      45.8548
    1376      47.8229
    1377      46.4453
    1378      45.4930
    1379      44.4280
    1380      43.7933
    1381      46.7767
    1382      49.6331
    1383      55.6013
    1384      49.2662
    1385      51.9285
    1386      53.6244
    1387      53.2138
    1388      49.2466
    1389      48.2244
    1390      51.0995
    1391      45.2177
    1392      48.4479
    1393      44.5731
    1394      47.9925
    1395      44.3965
    1396      45.2709
    1397      45.8307
    1398      45.7502
    1399      46.3572
    1400      43.6150
    1401      44.8223
    1402      46.9349
    1403      46.6724
    1404      45.4140
    1405      45.5545
    1406      49.3653
    1407      50.7055
    1408      48.1367
    1409      45.9207
    1410      52.4173
    1411      52.9524
    1412      51.2805
    1413      49.8075
    1414      51.8620
    1415      51.0751
    1416      49.4223
    1417      51.0818
    1418      52.5354
    1419      47.3645
    1420      46.2317
    1421      46.5030
    1422      44.1656
    1423      42.7588
    1424      43.6436
    1425      42.5195
    1426      45.2556
    1427      48.4354
    1428      48.1317
    1429      47.0580
    1430      50.1308
    1431      51.1378
    1432      45.5635
    1433      49.3108
    1434      50.9037
    1435      49.1310
    1436      50.6967
    1437      46.6344
    1438      48.7211
    1439      51.2862
    1440      48.2642
    1441      49.1308
    1442      52.4904
    1443      46.6927
    1444      48.1604
    1445      45.2490
    1446      51.6951
    1447      48.9280
    1448      50.6142
    1449      51.5167
    1450      52.9246
    1451      46.6233
    1452      45.8695
    1453      40.1230
    1454      37.1545
    1455      36.0083
    1456      39.2073
    1457      31.1644
    1458      30.5273
    1459      36.9543
    1460      37.6690
    1461      39.1223
    1462      33.7720
    1463      36.1098
    1464      33.0847
    1465      36.4310
    1466      40.6805
    1467      38.5373
    1468      38.7148
    1469      38.3028
    1470      42.1670
    1471      40.3174
    1472      37.0088
    1473      36.4193
    1474      34.1968
    1475      33.9107
    1476      35.0180
    1477      34.3328
    1478      34.4821
    1479      38.0511
    1480      44.9904
    1481      48.1545
    1482      45.4929
    1483      46.2622
    1484      46.7523
    1485      43.9674
    1486      46.5429
    1487      43.7148
    1488      42.0299
    1489      40.5535
    1490      34.4733
    1491      39.6287
    1492      43.3130
    1493      40.6992
    1494      40.5320
    1495      42.9185
    1496      43.0553
    1497      41.4377
    1498      41.0226
    1499      37.9443
    1500      44.1289
    1501      48.3402
    1502      48.0278
    1503      47.2546
    1504      47.8876
    1505      50.2616
    1506      49.9006
    1507      47.8222
    1508      48.4260
    1509      49.3805
    1510      51.5937
    1511      58.8154
    1512      54.9330
    1513      55.1141
    1514      52.9216
    1515      55.0580
    1516      55.6243
    1517      55.2092
    1518      57.2410
    1519      57.0233
    1520      53.0656
    1521      53.6298
    1522      51.1445
    1523      46.0143
    1524      45.2631
    1525      41.7743
    1526      36.5664
    1527      38.6054
    1528      34.7351
    1529      37.7229
    1530      38.5842
    1531      41.8696
    1532      41.4236
    1533      38.6956
    1534      36.9969
    1535      38.7253
    1536      40.9653
    1537      42.6845
    1538      38.4494
    1539      42.2242
    1540      40.5656
    1541      37.4588
    1542      38.6337
    1543      41.1848
    1544      42.5110
    1545      40.5686
    1546      41.8762
    1547      43.7125
    1548      43.5850
    1549      38.6792
    1550      39.7282
    1551      41.0586
    1552      37.4327
    1553      39.4105
    1554      36.5519
    1555      38.6018
    1556      36.2851
    1557      36.0285
    1558      38.7768
    1559      38.6937
    1560      35.8561
    1561      35.0014
    1562      38.6668
    1563      37.2970
    1564      36.6063
    1565      36.2403
    1566      36.0133
    1567      39.1464
    1568      38.1768
    1569      40.0064
    1570      38.4474
    1571      38.9710
    1572      40.7688
    1573      39.9213
    1574      43.7642
    1575      41.8905
    1576      38.4173
    1577      45.0402
    1578      40.6018
    1579      41.4996
    1580      39.9771
    1581      39.1735
    1582      41.8164
    1583      38.3496
    1584      39.6428
    1585      44.0891
    1586      42.0279
    1587      38.0587
    1588      37.6149
    1589      42.3389
    1590      42.8717
    1591      39.9718
    1592      40.5409
    1593      38.6660
    1594      42.0370
    1595      40.6175
    1596      43.5664
    1597      38.9680
    1598      44.8965
    1599      36.7149
    1600      36.2239
    1601      40.2513
    1602      40.7176
    1603      43.2782
    1604      42.2979
    1605      41.0170
    1606      44.2870
    1607      40.5133
    1608      43.2575
    1609      45.6919
    1610      44.2325
    1611      35.1529
    1612      39.3630
    1613      46.0355
    1614      48.6422
    1615      44.9269
    1616      44.7076
    1617      45.6890
    1618      43.1981
    1619      44.3191
    1620      42.1413
    1621      41.5415
    1622      43.7858
    1623      47.1137
    1624      43.0883
    1625      44.8856
    1626      43.7156
    1627      44.8639
    1628      41.0831
    1629      42.9006
    1630      47.8607
    1631      50.3164
    1632      46.1442
    1633      46.1491
    1634      43.8221
    1635      48.6790
    1636      46.2087
    1637      47.8881
    1638      51.0248
    1639      47.7574
    1640      39.9994
    1641      46.1066
    1642      52.2619
    1643      51.2748
    1644      52.9446
    1645      55.1179
    1646      51.9133
    1647      47.1397
    1648      49.1580
    1649      53.8407
    1650      58.0875
    1651      58.8182
    1652      56.1176
    1653      56.4277
    1654      53.3563
    1655      54.9279
    1656      56.2532
    1657      51.5700
    1658      51.3937
    1659      44.5204
    1660      39.4963
    1661      40.0443
    1662      35.8731
    1663      37.2570
    1664      42.6842
    1665      41.8433
    1666      43.4590
    1667      43.6356
    1668      47.1831
    1669      45.7590
    1670      42.3029
    1671      39.5998
    1672      39.9096
    1673      39.6553
    1674      42.5285
    1675      41.8487
    1676      42.1097
    1677      40.1248
    1678      40.0570
    1679      42.5150
    1680      44.9611
    1681      45.5190
    1682      46.0180
    1683      46.9375
    1684      48.0825
    1685      50.2169
    1686      48.0562
    1687      47.2731
    1688      42.5694
    1689      45.3492
    1690      40.3747
    1691      37.7511
    1692      38.0801
    1693      36.1517
    1694      30.9278
    1695      32.7555
    1696      36.1575
    1697      37.8589
    1698      38.3939
    1699      39.6735
    1700      39.1215
    1701      37.4422
    1702      37.0077
    1703      39.6302
    1704      42.5545
    1705      42.5094
    1706      44.7250
    1707      42.3034
    1708      37.9877
    1709      35.6940
    1710      34.1980
    1711      33.5842
    1712      32.9858
    1713      34.1904
    1714      37.5125
    1715      36.9010
    1716      31.0379
    1717      29.6531
    1718      34.8720
    1719      28.5535
    1720      28.0596
    1721      29.8392
    1722      34.1191
    1723      31.5549
    1724      29.9216
    1725      30.2413
    1726      35.4653
    1727      31.9194
    1728      33.4023
    1729      30.7953
    1730      31.6212
    1731      36.2140
    1732      39.1779
    1733      39.2448
    1734      35.8070
    1735      37.5300
    1736      41.5497
    1737      44.7494
    1738      43.9316
    1739      42.0919
    1740      40.1982
    1741      39.5227
    1742      42.4661
    1743      41.7415
    1744      43.3081
    1745      44.3361
    1746      39.1303
    1747      38.1970
    1748      34.4927
    1749      34.0161
    1750      33.2507
    1751      31.2869
    1752      32.3005
    1753      32.7030
    1754      29.2240
    1755      29.8067
    1756      34.9674
    1757      30.3517
    1758      30.8940
    1759      32.4842
    1760      32.6256
    1761      36.8659
    1762      36.0704
    1763      33.4424
    1764      39.4748
    1765      37.8654
    1766      31.3702
    1767      32.6688
    1768      28.4328
    1769      33.3498
    1770      32.9287
    1771      30.9172
    1772      32.3837
    1773      39.6674
    1774      37.6800
    1775      42.0577
    1776      40.2515
    1777      37.3546
    1778      37.0865
    1779      40.0866
    1780      40.3189
    1781      42.0098
    1782      44.4652
    1783      44.8609
    1784      44.6630
    1785      42.1279
    1786      41.8303
    1787      39.4061
    1788      41.8932
    1789      38.1331
    1790      32.2228
    1791      39.5392
    1792      39.3173
    1793      40.3574
    1794      44.7212
    1795      42.6601
    1796      43.5703
    1797      40.9336
    1798      41.6804
    1799      39.9412
    1800      38.5418
    1801      37.7471
    1802      40.0336
    1803      39.6898
    1804      41.2533
    1805      44.5303
    1806      43.1571
    1807      40.2179
    1808      36.1208
    1809      35.2457
    1810      38.4164
    1811      38.4488
    1812      38.0881
    1813      38.4530
    1814      36.1679
    1815      34.8789
    1816      40.1636
    1817      35.6051
    1818      32.5151
    1819      32.4444
    1820      34.2001
    1821      36.6640
    1822      42.9580
    1823      42.8610
    1824      45.2830
    1825      41.7024
    1826      33.0911
    1827      36.7008
    1828      37.8332
    1829      38.9157
    1830      38.1245
    1831      32.9606
    1832      35.6510
    1833      37.2677
    1834      42.5932
    1835      41.7131
    1836      38.2730
    1837      43.2788
    1838      40.4396
    1839      34.6451
    1840      32.9092
    1841      33.6252
    1842      32.9543
    1843      32.2678
    1844      35.4071
    1845      35.7026
    1846      38.9613
    1847      41.5381
    1848      41.7025
    1849      42.2699
    1850      43.4361
    1851      42.6043
    1852      44.1406
    1853      41.6057
    1854      38.2073
    1855      35.5790
    1856      34.6967
    1857      35.0520
    1858      34.1930
    1859      32.3186
    1860      31.4255
    1861      36.5942
    1862      34.4513
    1863      35.5350
    1864      32.8171
    1865      39.7187
    1866      35.4266
    1867      40.2039
    1868      38.4421
    1869      42.9060
    1870      44.7560
    1871      47.4285
    1872      43.6698
    1873      39.2995
    1874      36.4289
    1875      30.4532
    1876      35.0145
    1877      33.0950
    1878      34.9807
    1879      37.9250
    1880      42.1991
    1881      43.7300
    1882      44.3173
    1883      47.4103
    1884      40.5174
    1885      44.5164
    1886      41.8063
    1887      43.2649
    1888      36.8019
    1889      35.3040
    1890      32.0754
    1891      29.9906
    1892      31.1715
    1893      36.0508
    1894      34.4515
    1895      34.6127
    1896      33.3242
    1897      30.8720
    1898      35.0268
    1899      36.2315
    1900      36.0915
    1901      32.5633
    1902      36.7428
    1903      39.1661
    1904      36.9461
    1905      42.5562
    1906      42.8502
    1907      47.2283
    1908      48.3934
    1909      47.0996
    1910      46.7985
    1911      48.4081
    1912      46.9345
    1913      53.1382
    1914      55.8681
    1915      49.0533
    1916      47.7298
    1917      51.3067
    1918      46.4666
    1919      42.5080
    1920      43.3792
    1921      48.1395
    1922      48.1084
    1923      43.7712
    1924      42.8920
    1925      41.4617
    1926      44.2626
    1927      42.0577
    1928      37.8247
    1929      44.6790
    1930      41.8431
    1931      39.1569
    1932      42.9161
    1933      43.6199
    1934      45.5224
    1935      43.5876
    1936      47.5363
    1937      50.9690
    1938      49.8433
    1939      48.7427
    1940      47.2960
    1941      46.0297
    1942      48.3061
    1943      43.3652
    1944      43.1417
    1945      41.9384
    1946      41.5505
    1947      38.2041
    1948      36.1035
    1949      30.9618
    1950      30.7660
    1951      30.1333
    1952      32.4357
    1953      34.8729
    1954      37.3000
    1955      38.7939
    1956      41.7633
    1957      40.4547
    1958      41.8399
    1959      42.2706
    1960      41.6489
    1961      42.9899
    1962      45.4508
    1963      49.0177
    1964      51.0340
    1965      50.9449
    1966      46.5237
    1967      45.3361
    1968      48.5330
    1969      51.3196
    1970      45.0229
    1971      41.8209
    1972      45.2498
    1973      48.0109
    1974      40.9094
    1975      44.7935
    1976      48.8815
    1977      46.5347
    1978      48.0340
    1979      49.3776
    1980      54.3564
    1981      46.9148
    1982      45.8226
    1983      44.6059
    1984      40.9990
    1985      48.2141
    1986      45.4212
    1987      48.8355
    1988      52.2208
    1989      51.8466
    1990      50.9430
    1991      44.2989
    1992      41.5263
    1993      42.2474
    1994      39.0248
    1995      43.2327
    1996      41.9723
    1997      43.0864
    1998      41.4536
    1999      45.5046
    2000      44.6830
    2001      44.7661
    2002      42.8540
    2003      44.9812
    2004      45.4310
    2005      44.0663
    2006      44.2099
    2007      46.6052
    2008      43.6801
    2009      48.2719
    2010      49.2351
    2011      53.4405
    2012      57.3040
    2013      60.9000
    2014      58.3706
    2015      55.2110
    2016      51.9705
    2017      56.0368
    2018      55.9905
    2019      58.3804
    2020      53.9369
    2021      50.2849
    2022      49.8493
    2023      50.5339
    2024      45.6617
    2025      47.3635
    2026      47.0984
    2027      45.1595
    2028      44.3861
    2029      50.7522
    2030      50.8457
    2031      51.8288
    2032      51.5534
    2033      48.0518
    2034      45.4984
    2035      47.7246
    2036      50.9357
    2037      51.2547
    2038      50.6846
    2039      52.3411
    2040      50.6892
    2041      41.9696
    2042      49.7181
    2043      48.9861
    2044      52.3239
    2045      48.1554
    2046      56.8026
    2047      54.2685
    2048      46.4860
    2049      49.5700
    2050      49.3514
    2051      49.6846
    2052      48.4593
    2053      47.5880
    2054      48.3977
    2055      50.5981
    2056      46.9157
    2057      46.9262
    2058      45.7311
    2059      41.0513
    2060      47.4368
    2061      45.4306
    2062      47.3022
    2063      45.7820
    2064      46.2833
    2065      45.6241
    2066      47.2322
    2067      54.4181
    2068      51.6208
    2069      48.4634
    2070      46.2380
    2071      47.8222
    2072      49.3888
    2073      48.6725
    2074      53.5513
    2075      52.0401
    2076      51.8120
    2077      47.4743
    2078      48.2477
    2079      45.5051
    2080      48.2504
    2081      46.9162
    2082      48.2385
    2083      47.1875
    2084      45.0975
    2085      48.6760
    2086      46.1621
    2087      45.8361
    2088      41.5106
    2089      44.4012
    2090      44.2009
    2091      43.4740
    2092      50.2782
    2093      49.7280
    2094      48.1745
    2095      45.6502
    2096      46.0993
    2097      44.1450
    2098      43.7435
    2099      48.0144
    2100      47.9516
    2101      52.9979
    2102      48.5858
    2103      48.5072
    2104      49.4739
    2105      48.3914
    2106      48.7864
    2107      48.7266
    2108      47.9108
    2109      44.5558
    2110      42.7707
    2111      41.2957
    2112      46.2855
    2113      44.5840
    2114      46.3762
    2115      46.6827
    2116      48.3264
    2117      48.7749
    2118      46.1471
    2119      48.5584
    2120      47.7725
    2121      52.2846
    2122      45.6075
    2123      47.9437
    2124      44.7188
    2125      38.2449
    2126      37.5837
    2127      41.5448
    2128      45.9399
    2129      45.4135
    2130      44.7884
    2131      46.9846
    2132      43.3842
    2133      49.0783
    2134      49.2460
    2135      45.6918
    2136      45.4644
    2137      45.6941
    2138      51.0875
    2139      47.7537
    2140      45.7096
    2141      49.6659
    2142      43.7301
    2143      44.8463
    2144      44.0395
    2145      42.6331
    2146      40.5819
    2147      38.5356
    2148      42.2852
    2149      39.9436
    2150      43.0739
    2151      51.9837
    2152      52.3532
    2153      49.3985
    2154      40.2728
    2155      41.5106
    2156      40.9889
    2157      40.7056
    2158      42.0872
    2159      40.9038
    2160      45.4013
    2161      44.2692
    2162      41.4505
    2163      44.7348
    2164      45.6269
    2165      45.9527
    2166      48.6549
    2167      47.0261
    2168      42.0267
    2169      43.1890
    2170      42.6748
    2171      46.0256
    2172      44.3418
    2173      50.4720
    2174      43.1941
    2175      41.8017
    2176      46.8228
    2177      45.5657
    2178      45.8361
    2179      47.1754
    2180      45.3127
    2181      48.8845
    2182      45.6492
    2183      47.2211
    2184      49.3084
    2185      50.1462
    2186      48.5444
    2187      44.4893
    2188      45.2817
    2189      46.1232
    2190      45.5522
    2191      42.1527
    2192      47.8845
    2193      46.7894
    2194      45.2573
    2195      44.0422
    2196      43.1186
    2197      43.1382
    2198      47.3582
    2199      44.2463
    2200      47.8474
    2201      43.1562
    2202      39.6344
    2203      44.2194
    2204      45.0444
    2205      40.6503
    2206      42.1210
    2207      42.8205
    2208      41.0319
    2209      39.5324
    2210      44.8701
    2211      40.3549
    2212      41.9501
    2213      43.5238
    2214      50.0529
    2215      46.9595
    2216      36.3804
    2217      39.1343
    2218      37.4867
    2219      42.2164
    2220      46.9445
    2221      50.9318
    2222      51.9266
    2223      52.9594
    2224      48.9814
    2225      44.2683
    2226      45.4182
    2227      42.4164
    2228      42.2214
    2229      43.1470
    2230      47.4834
    2231      47.6529
    2232      48.0551
    2233      48.6374
    2234      52.5444
    2235      51.4915
    2236      46.4456
    2237      49.5333
    2238      51.4986
    2239      50.9399
    2240      54.1807
    2241      48.9095
    2242      53.9378
    2243      51.5488
    2244      47.0583
    2245      54.0089
    2246      52.4499
    2247      48.2353
    2248      43.9516
    2249      47.3825
    2250      47.9384
    2251      47.4064
    2252      48.7932
    2253      48.2020
    2254      45.0533
    2255      49.2576
    2256      46.8842
    2257      45.8799
    2258      46.7642
    2259      47.0480
    2260      47.1512
    2261      52.1166
    2262      50.1509
    2263      48.8860
    2264      47.5806
    2265      51.1970
    2266      44.1624
    2267      47.7028
    2268      45.9597
    2269      41.2376
    2270      39.2033
    2271      39.6076
    2272      39.4216
    2273      40.6151
    2274      45.0815
    2275      45.5694
    2276      41.7213
    2277      43.3677
    2278      40.6917
    2279      42.5731
    2280      40.7413
    2281      40.8379
    2282      43.7584
    2283      45.1356
    2284      48.2070
    2285      47.4670
    2286      52.2913
    2287      51.8342
    2288      54.1888
    2289      55.0485
    2290      49.3708
    2291      43.6219
    2292      44.7077
    2293      41.5259
    2294      48.9917
    2295      47.4194
    2296      44.9651
    2297      48.3519
    2298      48.0710
    2299      49.5152
    2300      47.1444
    2301      47.4572
    2302      51.3202
    2303      53.2094
    2304      50.3389
    2305      51.1001
    2306      56.0018
    2307      57.0936
    2308      51.5074
    2309      54.3536
    2310      49.2318
    2311      48.7020
    2312      48.0922
    2313      51.5779
    2314      44.7157
    2315      45.9948
    2316      44.5568
    2317      48.2965
    2318      47.4496
    2319      46.6603
    2320      46.0817
    2321      47.1248
    2322      43.6934
    2323      42.2082
    2324      44.7482
    2325      44.0239
    2326      44.1653
    2327      38.6389
    2328      40.9803
    2329      38.9743
    2330      39.7209
    2331      42.5753
    2332      44.4321
    2333      49.7291
    2334      50.9139
    2335      48.6829
    2336      49.8014
    2337      47.4659
    2338      41.9594
    2339      41.4404
    2340      41.5014
    2341      45.3417
    2342      42.3475
    2343      38.9799
    2344      40.1453
    2345      39.0257
    2346      42.1926
    2347      41.5543
    2348      42.3505
    2349      41.8526
    2350      44.2201
    2351      43.3920
    2352      39.5676
    2353      42.6007
    2354      45.3340
    2355      43.8847
    2356      38.2140
    2357      36.9710
    2358      34.2468
    2359      38.7750
    2360      36.7550
    2361      43.5154
    2362      47.4282
    2363      45.7076
    2364      48.3324
    2365      46.4317
    2366      44.8541
    2367      44.5733
    2368      42.9702
    2369      46.2273
    2370      47.3815
    2371      42.5973
    2372      45.5744
    2373      46.0859
    2374      48.1485
    2375      45.6888
    2376      45.2581
    2377      49.5116
    2378      47.0499
    2379      45.6252
    2380      46.4259
    2381      45.9445
    2382      40.5849
    2383      44.0152
    2384      44.0250
    2385      45.4877
    2386      44.0642
    2387      39.2742
    2388      39.2001
    2389      34.7015
    2390      40.1371
    2391      43.2325
    2392      46.7625
    2393      43.7729
    2394      41.0495
    2395      37.1844
    2396      37.1009
    2397      38.7983
    2398      42.8378
    2399      38.7086
    2400      40.8177
    2401      38.1639
    2402      37.5172
    2403      35.5401
    2404      37.3558
    2405      40.3260
    2406      41.5441
    2407      40.0218
    2408      37.1951
    2409      36.7720
    2410      39.1848
    2411      39.9956
    2412      44.4160
    2413      46.0539
    2414      45.4042
    2415      44.9071
    2416      43.8121
    2417      44.2881
    2418      44.9810
    2419      46.6962
    2420      51.4105
    2421      51.1659
    2422      50.3533
    2423      46.0974
    2424      44.9150
    2425      43.6404
    2426      42.6932
    2427      47.3955
    2428      48.2328
    2429      47.2198
    2430      48.6380
    2431      43.9546
    2432      42.4624
    2433      46.4783
    2434      42.8551
    2435      41.5658
    2436      48.6370
    2437      43.3694
    2438      45.8929
    2439      44.5968
    2440      45.9766
    2441      44.0975
    2442      45.4209
    2443      45.5465
    2444      44.3997
    2445      50.0472
    2446      51.8635
    2447      48.2639
    2448      47.8774
    2449      47.3708
    2450      48.1195
    2451      50.8073
    2452      48.7113
    2453      47.3544
    2454      51.7637
    2455      55.4577
    2456      54.6818
    2457      49.8744
    2458      48.1435
    2459      49.1911
    2460      48.1340
    2461      48.6668
    2462      52.8454
    2463      53.3208
    2464      52.8516
    2465      50.0396
    2466      49.4772
    2467      49.5972
    2468      49.0831
    2469      45.1808
    2470      48.0353
    2471      52.1515
    2472      59.0593
    2473      58.1704
    2474      50.1676
    2475      49.5461
    2476      49.2199
    2477      50.8029
    2478      48.4222
    2479      50.5686
    2480      49.2409
    2481      48.5447
    2482      52.3045
    2483      52.8636
    2484      54.9629
    2485      49.7229
    2486      49.6470
    2487      52.5419
    2488      50.7678
    2489      53.9757
    2490      58.8433
    2491      51.8340
    2492      50.9775
    2493      51.0655
    2494      48.0368
    2495      49.6561
    2496      48.5746
    2497      46.0286
    2498      48.6342
    2499      51.5930
    2500      43.3554
    2501      44.7930
    2502      48.4444
    2503      45.9703
    2504      45.2044
    2505      48.5323
    2506      47.2592
    2507      46.5775
    2508      45.3562
    2509      46.2584
    2510      43.2680
    2511      43.9583
    2512      48.4007
    2513      45.7376
    2514      47.5795
    2515      49.1756
    2516      43.8143
    2517      42.5453
    2518      44.9683
    2519      45.6666
    2520      44.9043
    2521      45.3345
    2522      49.3642
    2523      49.2676
    2524      49.7954
    2525      50.0179
    2526      47.0968
    2527      45.4227
    2528      49.5272
    2529      47.2804
    2530      45.5184
    2531      42.7645
    2532      45.8108
    2533      49.6230
    2534      51.1097
    2535      48.0208
    2536      47.7198
    2537      49.2086
    2538      47.6196
    2539      45.0828
    2540      49.0118
    2541      48.3668
    2542      46.0643
    2543      45.8397
    2544      46.7563
    2545      43.5575
    2546      43.1652
    2547      49.7925
    2548      42.4050
    2549      43.7694
    2550      47.1193
    2551      43.9456
    2552      44.1763
    2553      44.4774
    2554      44.5957
    2555      44.8840
    2556      48.2712
    2557      51.1846
    2558      47.7245
    2559      48.2449
    2560      48.0833
    2561      46.7236
    2562      46.3977
    2563      52.7428
    2564      51.1702
    2565      54.3243
    2566      52.4846
    2567      51.1431
    2568      48.9874
    2569      44.7325
    2570      47.4871
    2571      44.7625
    2572      49.7236
    2573      54.1961
    2574      48.9330
    2575      50.7492
    2576      41.1840
    2577      40.9540
    2578      41.0966
    2579      41.1377
    2580      44.6568
    2581      43.6855
    2582      40.8980
    2583      47.4232
    2584      45.3217
    2585      45.0624
    2586      50.7355
    2587      56.7221
    2588      54.3081
    2589      54.2857
    2590      55.7448
    2591      56.9907
    2592      54.9103
    2593      57.5945
    2594      54.4670
    2595      56.4960
    2596      59.7549
    2597      54.9929
    2598      52.0527
    2599      52.7221
    2600      51.9314
    2601      53.3420
    2602      53.7028
    2603      55.9373
    2604      53.2941
    2605      50.6511
    2606      48.8917
    2607      55.2283
    2608      51.3099
    2609      51.1576
    2610      49.7807
    2611      46.0789
    2612      56.0455
    2613      56.3855
    2614      52.7272
    2615      54.7296
    2616      51.4375
    2617      49.8260
    2618      50.6600
    2619      51.5389
    2620      50.8975
    2621      46.7238
    2622      48.2131
    2623      52.2035
    2624      56.7743
    2625      59.1595
    2626      60.1479
    2627      61.6970
    2628      60.8148
    2629      58.5635
    2630      53.4535
    2631      47.6472
    2632      46.8714
    2633      48.3374
    2634      43.2166
    2635      43.7306
    2636      45.8336
    2637      46.5909
    2638      51.3435
    2639      47.3692
    2640      45.7176
    2641      45.8507
    2642      48.6555
    2643      44.9085
    2644      46.3327
    2645      51.3848
    2646      48.7286
    2647      49.0274
    2648      46.7188
    2649      47.3435
    2650      46.4814
    2651      47.5091
    2652      46.4272
    2653      45.0246
    2654      47.6038
    2655      46.6457
    2656      45.8840
    2657      50.1106
    2658      43.2202
    2659      43.1101
    2660      46.7707
    2661      45.9960
    2662      47.0689
    2663      51.1457
    2664      39.2465
    2665      40.6682
    2666      41.2591
    2667      43.1414
    2668      45.3358
    2669      45.7238
    2670      43.6351
    2671      51.1246
    2672      50.4971
    2673      44.7949
    2674      46.2614
    2675      43.9602
    2676      50.7008
    2677      41.1798
    2678      43.6860
    2679      39.3167
    2680      39.9108
    2681      41.8112
    2682      44.6390
    2683      39.6195
    2684      38.9670
    2685      43.5396
    2686      43.1481
    2687      47.5185
    2688      46.0210
    2689      43.4827
    2690      47.3329
    2691      49.8417
    2692      51.4185
    2693      49.1724
    2694      50.7479
    2695      48.0549
    2696      44.0783
    2697      45.1525
    2698      44.6425
    2699      47.7384
    2700      43.9149
    2701      47.5466
    2702      45.9459
    2703      45.3205
    2704      47.7775
    2705      48.9780
    2706      46.8258
    2707      48.6671
    2708      46.6142
    2709      45.1287
    2710      48.7179
    2711      46.7439
    2712      46.2286
    2713      47.4167
    2714      46.8247
    2715      45.5840
    2716      44.4839
    2717      48.9226
    2718      43.9099
    2719      44.4858
    2720      42.1992
    2721      43.3064
    2722      44.4256
    2723      44.0727
    2724      51.1203
    2725      51.6563
    2726      50.7014
    2727      44.4603
    2728      45.8005
    2729      40.2612
    2730      40.3529
    2731      38.6002
    2732      40.3085
    2733      40.9389
    2734      46.5222
    2735      44.1890
    2736      43.6034
    2737      46.2409
    2738      51.3536
    2739      48.9595
    2740      46.1480
    2741      45.5170
    2742      39.4102
    2743      46.5295
    2744      43.7048
    2745      49.5024
    2746      43.3642
    2747      37.8770
    2748      42.9145
    2749      51.8004
    2750      45.6055
    2751      41.5826
    2752      37.8461
    2753      31.8332
    2754      39.6306
    2755      37.5382
    2756      37.2492
    2757      38.3369
    2758      44.3656
    2759      42.0642
    2760      44.3087
    2761      40.7393
    2762      42.5725
    2763      43.2610
    2764      39.8917
    2765      39.2691
    2766      39.8072
    2767      38.5795
    2768      37.9300
    2769      44.6432
    2770      45.0867
    2771      44.2537
    2772      43.3344
    2773      42.4023
    2774      41.7683
    2775      42.6217
    2776      41.5492
    2777      41.7452
    2778      43.5319
    2779      45.1468
    2780      46.7204
    2781      46.2585
    2782      39.7570
    2783      36.8706
    2784      44.6527
    2785      42.7780
    2786      40.3585
    2787      47.0102
    2788      46.1183
    2789      48.6734
    2790      51.3840
    2791      49.9836
    2792      50.3930
    2793      50.4976
    2794      49.9855
    2795      49.7947
    2796      50.4419
    2797      54.3066
    2798      54.1167
    2799      53.1745
    2800      54.1901
    2801      53.7641
    2802      50.3736
    2803      52.2035
    2804      50.4525
    2805      55.8823
    2806      57.5526
    2807      47.0957
    2808      47.4520
    2809      48.5218
    2810      48.0830
    2811      44.9585
    2812      47.5481
    2813      45.6914
    2814      43.5560
    2815      40.3674
    2816      43.0350
    2817      39.7264
    2818      38.1513
    2819      38.4725
    2820      40.3733
    2821      37.2217
    2822      43.9654
    2823      51.0865
    2824      43.8626
    2825      46.0710
    2826      46.7247
    2827      43.7760
    2828      45.3524
    2829      48.8394
    2830      51.2262
    2831      52.1789
    2832      51.0885
    2833      46.1859
    2834      45.5549
    2835      48.7643
    2836      48.1487
    2837      43.4202
    2838      42.0456
    2839      39.0313
    2840      42.1344
    2841      40.0563
    2842      41.2991
    2843      39.5300
    2844      37.9870
    2845      40.2721
    2846      45.1948
    2847      43.1786
    2848      36.9869
    2849      43.3024
    2850      42.8661
    2851      42.6862
    2852      43.4825
    2853      45.5412
    2854      46.9852
    2855      47.0748
    2856      49.4458
    2857      44.9241
    2858      44.5800
    2859      40.0424
    2860      41.5289
    2861      43.9686
    2862      42.9364
    2863      42.7839
    2864      42.3013
    2865      43.8698
    2866      44.2808
    2867      38.3973
    2868      36.9910
    2869      39.2079
    2870      43.4212
    2871      44.2753
    2872      43.1792
    2873      42.5243
    2874      43.0412
    2875      45.3682
    2876      47.2143
    2877      48.0848
    2878      47.7184
    2879      40.3896
    2880      44.7161
    2881      44.0498
    2882      45.0336
    2883      48.6592
    2884      44.9505
    2885      44.0917
    2886      42.7994
    2887      42.7573
    2888      44.5422
    2889      45.9546
    2890      46.0030
    2891      47.9888
    2892      46.9632
    2893      43.5081
    2894      46.5662
    2895      41.7790
    2896      40.2510
    2897      41.1431
    2898      39.2766
    2899      41.3067
    2900      43.8670
    2901      42.8115
    2902      40.9971
    2903      40.7704
    2904      44.6439
    2905      46.6580
    2906      43.7525
    2907      46.9704
    2908      45.6287
    2909      44.0478
    2910      42.6507
    2911      39.4522
    2912      45.3946
    2913      40.9029
    2914      43.5025
    2915      43.8429
    2916      43.6354
    2917      43.3939
    2918      36.4590
    2919      38.2825
    2920      37.3163
    2921      36.1205
    2922      35.7523
    2923      38.9145
    2924      34.2571
    2925      38.8875
    2926      37.1676
    2927      42.5097
    2928      39.2968
    2929      41.2683
    2930      46.2232
    2931      47.3717
    2932      42.9796
    2933      42.9355
    2934      43.8670
    2935      45.8952
    2936      50.4596
    2937      52.7707
    2938      48.1421
    2939      45.8814
    2940      45.8720
    2941      43.7628
    2942      46.9895
    2943      45.5188
    2944      45.7417
    2945      46.7064
    2946      44.3771
    2947      46.4953
    2948      43.2138
    2949      43.1525
    2950      47.0022
    2951      46.2971
    2952      44.0102
    2953      43.4548
    2954      42.1339
    2955      46.2178
    2956      42.5759
    2957      37.2663
    2958      38.0266
    2959      39.0998
    2960      37.4154
    2961      40.2261
    2962      38.4864
    2963      40.2318
    2964      38.9158
    2965      44.2534
    2966      46.1047
    2967      42.8120
    2968      41.9029
    2969      44.6191
    2970      45.4852
    2971      47.0450
    2972      45.6529
    2973      43.5869
    2974      38.6005
    2975      44.3127
    2976      42.6708
    2977      44.1221
    2978      42.6557
    2979      44.9130
    2980      47.5778
    2981      53.3340
    2982      55.6999
    2983      51.2275
    2984      54.3255
    2985      56.2362
    2986      52.7623
    2987      51.3263
    2988      47.4917
    2989      48.9675
    2990      51.8473
    2991      51.3617
    2992      49.5004
    2993      47.8144
    2994      43.4868
    2995      43.1021
    2996      45.8361
    2997      42.3375
    2998      48.9051
    2999      45.4123
    3000      49.8992
    3001      41.5984
    3002      43.0965
    3003      43.5047
    3004      41.9662
    3005      39.8460
    3006      44.4643
    3007      46.5494
    3008      47.4616
    3009      46.4070
    3010      38.1832
    3011      33.7862
    3012      34.1807
    3013      35.7304
    3014      37.9025
    3015      40.3351
    3016      42.1652
    3017      45.9715
    3018      46.6732
    3019      44.2110
    3020      38.9822
    3021      38.9513
    3022      39.4285
    3023      37.0989
    3024      37.1690
    3025      37.1342
    3026      39.7422
    3027      41.1235
    3028      36.9331
    3029      35.2042
    3030      35.4084
    3031      36.5896
    3032      34.8562
    3033      33.4310
    3034      33.6090
    3035      39.4843
    3036      38.8138
    3037      37.0756
    3038      36.3223
    3039      37.4805
    3040      32.1183
    3041      39.2264
    3042      37.5447
    3043      40.5460
    3044      42.0090
    3045      35.3440
    3046      37.4754
    3047      36.7451
    3048      39.0038
    3049      42.4858
    3050      37.5755
    3051      39.7118
    3052      39.7332
    3053      36.3454
    3054      39.5326
    3055      35.1463
    3056      35.3484
    3057      31.7097
    3058      33.5682
    3059      37.3258
    3060      37.2988
    3061      38.7660
    3062      45.3448
    3063      39.0930
    3064      39.2132
    3065      38.4815
    3066      41.3989
    3067      38.8166
    3068      39.2872
    3069      39.4633
    3070      38.0433
    3071      38.8714
    3072      35.6225
    3073      34.7793
    3074      37.1966
    3075      35.1547
    3076      35.4599
    3077      42.3691
    3078      38.9048
    3079      40.6256
    3080      39.9569
    3081      36.0479
    3082      36.3641
    3083      38.9767
    3084      37.2697
    3085      35.2954
    3086      38.1022
    3087      37.2524
    3088      38.3518
    3089      39.7674
    3090      37.4396
    3091      39.4360
    3092      39.5671
    3093      36.2843
    3094      35.0629
    3095      34.0976
    3096      35.7680
    3097      37.8204
    3098      36.1292
    3099      35.6021
    3100      41.3299
    3101      37.2908
    3102      39.7549
    3103      37.8794
    3104      38.4816
    3105      39.8381
    3106      38.0066
    3107      35.5014
    3108      38.1801
    3109      38.0456
    3110      36.0017
    3111      35.4932
    3112      41.0525
    3113      44.2806
    3114      41.8552
    3115      38.9897
    3116      37.2061
    3117      35.6739
    3118      34.5866
    3119      32.7096
    3120      35.7507
    3121      35.6001
    3122      34.4119
    3123      38.3601
    3124      37.7415
    3125      39.7915
    3126      42.0056
    3127      36.8712
    3128      31.9224
    3129      29.7745
    3130      32.5012
    3131      34.5641
    3132      36.4063
    3133      33.4847
    3134      33.8032
    3135      35.1608
    3136      34.1551
    3137      34.8292
    3138      32.5121
    3139      32.9869
    3140      27.8629
    3141      32.2542
    3142      32.7983
    3143      36.9937
    3144      38.9408
    3145      41.5777
    3146      39.8195
    3147      40.6642
    3148      39.7755
    3149      36.2565
    3150      33.6429
    3151      33.0820
    3152      36.9510
    3153      39.6203
    3154      38.3734
    3155      37.7187
    3156      38.9069
    3157      35.6779
    3158      37.1489
    3159      35.5212
    3160      38.6523
    3161      43.1058
    3162      46.1730
    3163      51.2091
    3164      55.8033
    3165      60.7169
    3166      54.6539
    3167      50.7699
    3168      51.7573
    3169      48.3032
    3170      42.1311
    3171      46.2532
    3172      48.4667
    3173      53.1795
    3174      53.2553
    3175      48.5452
    3176      54.2911
    3177      54.6292
    3178      54.0271
    3179      52.6921
    3180      50.4426
    3181      55.2183
    3182      54.4688
    3183      49.9329
    3184      50.1244
    3185      49.5103
    3186      51.8357
    3187      49.1958
    3188      49.6681
    3189      47.9326
    3190      54.0213
    3191      54.5450
    3192      57.3485
    3193      52.6796
    3194      48.4891
    3195      46.1497
    3196      41.3707
    3197      47.3630
    3198      48.9438
    3199      47.3890
    3200      46.4094
    3201      42.9675
    3202      43.5154
    3203      45.5024
    3204      47.2002
    3205      46.7332
    3206      49.5108
    3207      45.9431
    3208      42.6804
    3209      47.1506
    3210      46.8098
    3211      50.3734
    3212      49.4248
    3213      53.0825
    3214      52.8500
    3215      52.2461
    3216      49.2736
    3217      48.8762
    3218      44.9954
    3219      54.0537
    3220      54.7932
    3221      46.3398
    3222      49.2062
    3223      55.4883
    3224      48.7730
    3225      53.8255
    3226      48.9274
    3227      54.1365
    3228      53.3034
    3229      56.4261
    3230      49.5689
    3231      46.5748
    3232      49.9792
    3233      50.9956
    3234      48.8823
    3235      43.7122
    3236      45.6878
    3237      42.0950
    3238      41.3502
    3239      49.0121
    3240      46.9313
    3241      45.9059
    3242      50.4754
    3243      49.8338
    3244      47.6555
    3245      44.8248
    3246      43.6925
    3247      45.1054
    3248      42.1335
    3249      48.6017
    3250      50.4475
    3251      52.5202
    3252      58.2898
    3253      55.3987
    3254      55.8216
    3255      60.9666
    3256      62.9158
    3257      58.7888
    3258      61.7896
    3259      61.3382
    3260      61.0203
    3261      61.3734
    3262      53.4276
    3263      45.6815
    3264      46.7625
    3265      56.9920
    3266      52.7082
    3267      52.1999
    3268      51.5066
    3269      52.6957
    3270      52.7206
    3271      50.2771
    3272      53.9811
    3273      47.6642
    3274      47.7172
    3275      53.1368
    3276      53.0817
    3277      52.7443
    3278      51.4659
    3279      54.4412
    3280      52.9577
    3281      54.6849
    3282      56.4273
    3283      57.3881
    3284      58.0397
    3285      61.5146
    3286      56.0495
    3287      61.2727
    3288      55.2998
    3289      50.4407
    3290      51.5506
    3291      58.7730
    3292      53.5116
    3293      49.8079
    3294      44.5053
    3295      45.0692
    3296      45.4842
    3297      46.8257
    3298      50.1900
    3299      51.7401
    3300      53.5271
    3301      52.6367
    3302      48.3595
    3303      52.0448
    3304      47.0714
    3305      48.6594
    3306      50.2376
    3307      53.2670
    3308      53.9754
    3309      48.7510
    3310      51.1127
    3311      45.2168
    3312      47.0514
    3313      44.6269
    3314      42.2089
    3315      45.4133
    3316      42.4440
    3317      42.1137
    3318      45.1586
    3319      49.1516
    3320      48.4301
    3321      47.0864
    3322      51.3762
    3323      53.1024
    3324      52.7457
    3325      56.2644
    3326      54.7854
    3327      56.5651
    3328      52.5161
    3329      53.3485
    3330      47.9921
    3331      46.9943
    3332      44.6600
    3333      40.6309
    3334      45.3417
    3335      47.0923
    3336      45.7019
    3337      48.4310
    3338      47.5503
    3339      46.8433
    3340      48.0718
    3341      46.9782
    3342      57.4400
    3343      60.2486
    3344      61.7766
    3345      57.3415
    3346      57.4140
    3347      60.4439
    3348      56.7962
    3349      52.2589
    3350      51.4500
    3351      54.4023
    3352      53.1208
    3353      54.2347
    3354      52.1837
    3355      46.7782
    3356      49.5622
    3357      50.0300
    3358      51.6840
    3359      44.9280
    3360      53.2525
    3361      55.6153
    3362      55.1515
    3363      56.8713
    3364      51.5749
    3365      50.4107
    3366      44.0421
    3367      39.0961
    3368      41.0214
    3369      39.5144
    3370      38.2393
    3371      40.7029
    3372      48.8899
    3373      47.6681
    3374      41.9647
    3375      46.9468
    3376      49.8220
    3377      50.4749
    3378      50.0663
    3379      47.9672
    3380      44.5809
    3381      50.3815
    3382      49.7052
    3383      54.3903
    3384      54.7915
    3385      51.7984
    3386      52.6802
    3387      48.5466
    3388      44.9734
    3389      42.0057
    3390      40.1463
    3391      37.1564
    3392      40.0376
    3393      43.9922
    3394      43.8987
    3395      43.1919
    3396      48.2932
    3397      48.1381
    3398      46.9268
    3399      39.7375
    3400      41.3207
    3401      42.4175
    3402      49.5075
    3403      49.2017
    3404      50.0951
    3405      51.9952
    3406      46.5018
    3407      43.8503
    3408      48.5223
    3409      49.3479
    3410      50.1617
    3411      51.7604
    3412      49.0374
    3413      42.5285
    3414      45.8550
    3415      51.1847
    3416      52.6385
    3417      49.3647
    3418      45.6513
    3419      45.5772
    3420      46.5484
    3421      54.0760
    3422      62.7298
    3423      57.0410
    3424      51.0401
    3425      56.0294
    3426      54.2721
    3427      55.3293
    3428      54.4293
    3429      57.5779
    3430      53.4029
    3431      50.8639
    3432      53.3088
    3433      52.8455
    3434      54.4495
    3435      55.7326
    3436      50.8356
    3437      51.4566
    3438      53.9912
    3439      50.3746
    3440      48.4781
    3441      47.2381
    3442      46.0092
    3443      46.4748
    3444      45.4566
    3445      48.7130
    3446      48.7915
    3447      49.3452
    3448      51.7301
    3449      52.7854
    3450      53.8752
    3451      49.4912
    3452      44.7410
    3453      46.8297
    3454      52.5129
    3455      52.5660
    3456      51.3413
    3457      49.9875
    3458      45.8203
    3459      45.4942
    3460      50.8371
    3461      50.4878
    3462      55.5763
    3463      58.5508
    3464      57.5289
    3465      55.0438
    3466      54.1209
    3467      54.7297
    3468      52.4432
    3469      45.9954
    3470      43.6260
    3471      44.1403
    3472      46.7843
    3473      50.2222
    3474      50.7941
    3475      48.5885
    3476      53.2656
    3477      49.1285
    3478      47.0427
    3479      44.8219
    3480      45.1312
    3481      43.7616
    3482      47.3148
    3483      49.2254
    3484      47.4535
    3485      45.3398
    3486      44.5598
    3487      45.9123
    3488      45.0472
    3489      41.2434
    3490      46.3714
    3491      46.1557
    3492      44.8710
    3493      40.0800
    3494      43.2431
    3495      47.6336
    3496      50.3031
    3497      48.7396
    3498      44.6933
    3499      46.7622
    3500      47.3663
    3501      52.3532
    3502      51.2642
    3503      53.1103
    3504      54.8106
    3505      53.1381
    3506      45.8024
    3507      42.8183
    3508      39.1668
    3509      42.0518
    3510      41.9823
    3511      51.5954
    3512      49.3664
    3513      45.1010
    3514      53.9367
    3515      58.9993
    3516      52.0075
    3517      48.4633
    3518      47.0215
    3519      47.6726
    3520      53.6505
    3521      47.7446
    3522      49.5183
    3523      52.3633
    3524      52.1624
    3525      51.7330
    3526      57.7709
    3527      58.2778
    3528      56.0995
    3529      53.6147
    3530      56.0634
    3531      53.7585
    3532      51.8933
    3533      46.0604
    3534      44.3469
    3535      41.7173
    3536      41.2580
    3537      43.6885
    3538      44.1034
    3539      45.5468
    3540      47.1381
    3541      44.7728
    3542      50.1336
    3543      52.4713
    3544      55.2990
    3545      48.1031
    3546      49.5236
    3547      42.6699
    3548      48.1890
    3549      49.9107
    3550      52.2832
    3551      51.5435
    3552      53.2511
    3553      48.8077
    3554      46.3048
    3555      53.2426
    3556      53.3059
    3557      58.1243
    3558      54.1726
    3559      52.0538
    3560      44.5528
    3561      44.8834
    3562      45.3989
    3563      48.6018
    3564      54.7820
    3565      55.3418
    3566      51.2227
    3567      47.7112
    3568      46.7234
    3569      44.5598
    3570      41.8684
    3571      43.0844
    3572      39.8090
    3573      46.2717
    3574      47.5130
    3575      41.5349
    3576      45.9893
    3577      47.8976
    3578      47.8526
    3579      48.1350
    3580      50.0068
    3581      49.6511
    3582      53.5190
    3583      46.2542
    3584      46.5010
    3585      46.3624
    3586      44.9249
    3587      45.6118
    3588      45.2596
    3589      47.8040
    3590      50.4101
    3591      48.1046
    3592      51.4218
    3593      46.4243
    3594      52.0062
    3595      50.9442
    3596      47.5741
    3597      46.3953
    3598      50.2772
    3599      52.3809
    3600      48.1682
    3601      50.7775
    3602      52.7766
    3603      52.0516
    3604      50.0935
    3605      50.5022
    3606      51.9216
    3607      52.4080
    3608      55.2715
    3609      52.5908
    3610      55.9664
    3611      50.7871
    3612      48.0423
    3613      48.6336
    3614      47.5159
    3615      50.4266
    3616      48.6936
    3617      46.3726
    3618      46.0662
    3619      47.6208
    3620      50.8832
    3621      45.1478
    3622      40.6857
    3623      46.4881
    3624      49.6487
    3625      51.4367
    3626      48.0672
    3627      51.9941
    3628      50.0347
    3629      51.5567
    3630      49.8144
    3631      48.2975
    3632      52.9031
    3633      50.5746
    3634      53.4039
    3635      52.7215
    3636      49.1300
    3637      55.8216
    3638      51.1459
    3639      52.4658
    3640      52.3757
    3641      46.5873
    3642      50.9559
    3643      48.3519
    3644      48.0166
    3645      46.1094
    3646      51.2683
    3647      58.9569
    3648      55.1152
    3649      55.4185
    3650      52.7620
    3651      53.5842
    3652      49.5103
    3653      56.8380
    3654      59.4662
    3655      60.2222
    3656      53.8276
    3657      53.9385
    3658      56.6207
    3659      60.5388
    3660      55.9946
    3661      54.4329
    3662      56.1236
    3663      54.0919
    3664      53.3528
    3665      51.0317
    3666      56.4124
    3667      57.4689
    3668      61.2936
    3669      62.3988
    3670      56.9043
    3671      57.5265
    3672      60.8734
    3673      60.5175
    3674      60.7283
    3675      55.7726
    3676      56.3822
    3677      53.4796
    3678      55.7049
    3679      52.1438
    3680      47.7337
    3681      51.4483
    3682      50.2099
    3683      44.6454
    3684      51.3637
    3685      48.4890
    3686      48.2303
    3687      50.2331
    3688      50.8455
    3689      49.0230
    3690      49.5167
    3691      52.1660
    3692      52.2788
    3693      52.2187
    3694      57.1878
    3695      58.1696
    3696      55.1326
    3697      52.0350
    3698      53.9706
    3699      46.1970
    3700      44.7741
    3701      48.7389
    3702      50.7300
    3703      48.6927
    3704      51.5634
    3705      50.4851
    3706      50.9304
    3707      45.4615
    3708      44.6954
    3709      45.0870
    3710      50.8989
    3711      55.7838
    3712      52.3037
    3713      53.7125
    3714      52.1082
    3715      49.6264
    3716      52.8467
    3717      52.5968
    3718      56.6974
    3719      55.8230
    3720      59.8362
    3721      53.5253
    3722      49.7137
    3723      48.9671
    3724      48.4575
    3725      50.2700
    3726      52.3068
    3727      55.9574
    3728      56.0647
    3729      56.4608
    3730      63.0526
    3731      58.0511
    3732      55.7984
    3733      57.5022
    3734      60.0091
    3735      62.7062
    3736      61.9257
    3737      60.6761
    3738      60.1693
    3739      54.9504
    3740      56.1593
    3741      60.6998
    3742      62.3667
    3743      60.4654
    3744      57.3589
    3745      60.2814
    3746      60.1557
    3747      56.3206
    3748      56.8052
    3749      61.5085
    3750      62.5892
    3751      62.2839
    3752      62.0803
    3753      58.9646
    3754      67.6549
    3755      64.7885
    3756      63.6335
    3757      61.4349
    3758      60.1395
    3759      59.1066
    3760      68.2039
    3761      64.2423
    3762      57.1433
    3763      56.8219
    3764      57.6278
    3765      58.4018
    3766      54.7426
    3767      57.0695
    3768      56.3963
    3769      53.5149
    3770      51.3807
    3771      53.8353
    3772      58.5810
    3773      54.4866
    3774      55.0752
    3775      58.8821
    3776      58.7296
    3777      55.1710
    3778      55.4229
    3779      52.5865
    3780      53.4575
    3781      51.7153
    3782      53.3427
    3783      57.9870
    3784      55.9959
    3785      58.3755
    3786      55.3255
    3787      59.1085
    3788      60.3511
    3789      58.3212
    3790      57.2825
    3791      60.0742
    3792      61.3106
    3793      59.7870
    3794      62.7261
    3795      66.4984
    3796      67.4436
    3797      64.3027
    3798      61.6564
    3799      58.4001
    3800      56.8158
    3801      56.7641
    3802      55.2916
    3803      55.8617
    3804      58.8597
    3805      60.8460
    3806      57.7516
    3807      57.5510
    3808      59.2945
    3809      57.0384
    3810      53.1830
    3811      50.0820
    3812      51.0910
    3813      54.3927
    3814      53.0690
    3815      52.5346
    3816      49.7685
    3817      46.5262
    3818      48.0234
    3819      49.1964
    3820      52.3322
    3821      48.5121
    3822      45.8017
    3823      44.1865
    3824      47.4297
    3825      47.5319
    3826      46.7126
    3827      46.1599
    3828      43.5475
    3829      46.3700
    3830      47.6865
    3831      50.6508
    3832      49.9978
    3833      46.8986
    3834      48.3507
    3835      52.2069
    3836      50.2795
    3837      51.5138
    3838      49.6255
    3839      51.9884
    3840      50.9167
    3841      51.2032
    3842      50.7349
    3843      51.0129
    3844      48.8928
    3845      54.7302
    3846      55.6667
    3847      53.4646
    3848      51.7411
    3849      54.3275
    3850      52.9202
    3851      55.5014
    3852      51.8546
    3853      52.3468
    3854      50.1685
    3855      50.1827
    3856      51.2088
    3857      51.9961
    3858      51.9191
    3859      54.7136
    3860      53.3048
    3861      52.2426
    3862      52.2982
    3863      53.3063
    3864      52.4060
    3865      51.9709
    3866      52.0195
    3867      56.2177
    3868      52.9310
    3869      51.9161
    3870      55.3703
    3871      53.7023
    3872      54.3508
    3873      54.9172
    3874      49.4300
    3875      48.0323
    3876      46.2893
    3877      50.1775
    3878      48.0192
    3879      51.1263
    3880      56.6708
    3881      54.1328
    3882      52.3801
    3883      48.1127
    3884      48.7419
    3885      48.5030
    3886      52.1683
    3887      49.0086
    3888      54.2678
    3889      49.0524
    3890      50.9105
    3891      49.5319
    3892      46.9023
    3893      43.8303
    3894      48.1565
    3895      43.8846
    3896      52.9646
    3897      48.4991
    3898      49.2130
    3899      47.6606
    3900      51.0138
    3901      50.6598
    3902      51.5886
    3903      53.2216
    3904      49.4929
    3905      51.2374
    3906      45.6231
    3907      43.8329
    3908      44.9001
    3909      44.7402
    3910      48.1581
    3911      51.3393
    3912      54.6447
    3913      50.5994
    3914      48.3891
    3915      49.0479
    3916      45.6124
    3917      44.5158
    3918      44.3253
    3919      45.8499
    3920      46.9832
    3921      49.6006
    3922      50.4857
    3923      49.7733
    3924      51.8281
    3925      46.2983
    3926      48.3437
    3927      50.1953
    3928      50.7149
    3929      50.8139
    3930      46.0914
    3931      45.9030
    3932      45.0633
    3933      51.6535
    3934      51.3756
    3935      47.3355
    3936      48.0118
    3937      44.0972
    3938      50.8881
    3939      52.1161
    3940      53.7946
    3941      47.4174
    3942      52.2583
    3943      50.1465
    3944      47.9597
    3945      43.6104
    3946      43.2842
    3947      46.0255
    3948      46.7204
    3949      50.6083
    3950      49.9826
    3951      45.6938
    3952      48.0721
    3953      46.8375
    3954      50.0329
    3955      47.9960
    3956      48.3273
    3957      47.0639
    3958      48.2500
    3959      48.6531
    3960      45.1011
    3961      44.3658
    3962      43.4229
    3963      40.1484
    3964      44.2619
    3965      43.3448
    3966      45.6958
    3967      47.9680
    3968      55.0106
    3969      53.1613
    3970      53.2110
    3971      46.1173
    3972      46.2500
    3973      39.5305
    3974      39.6592
    3975      47.6405
    3976      47.9079
    3977      47.4285
    3978      50.0093
    3979      48.8049
    3980      40.9533
    3981      41.8533
    3982      39.5134
    3983      47.4462
    3984      45.8259
    3985      44.1798
    3986      44.3181
    3987      51.6686
    3988      55.3114
    3989      56.7047
    3990      55.8810
    3991      57.4078
    3992      62.1954
    3993      60.9662
    3994      57.6980
    3995      53.7388
    3996      54.3655
    3997      49.7540
    3998      47.4725
    3999      52.6098
    4000      50.6375
    4001      50.0016
    4002      52.3489
    4003      53.6805
    4004      57.0452
    4005      48.8453
    4006      49.1702
    4007      49.2785
    4008      46.1965
    4009      42.5244
    4010      44.8673
    4011      43.5690
    4012      47.2769
    4013      49.8516
    4014      54.8195
    4015      54.5976
    4016      55.0788
    4017      57.8691
    4018      56.6143
    4019      55.3893
    4020      61.6797
    4021      61.7957
    4022      54.8786
    4023      51.2766
    4024      55.4318
    4025      55.0525
    4026      53.2844
    4027      48.5460
    4028      43.4880
    4029      43.9017
    4030      45.9194
    4031      49.6722
    4032      51.1552
    4033      41.0511
    4034      48.1114
    4035      46.5006
    4036      43.7137
    4037      45.4165
    4038      47.7905
    4039      51.2045
    4040      50.4472
    4041      51.8148
    4042      47.0790
    4043      47.3161
    4044      50.0297
    4045      49.3791
    4046      51.8734
    4047      52.2128
    4048      48.4851
    4049      51.1642
    4050      58.1420
    4051      56.8261
    4052      56.7550
    4053      56.7022
    4054      51.8491
    4055      50.2121
    4056      50.5110
    4057      48.5149
    4058      52.0562
    4059      58.3021
    4060      55.8083
    4061      53.4102
    4062      51.6727
    4063      54.2566
    4064      47.6766
    4065      46.6958
    4066      55.3755
    4067      54.6637
    4068      59.8198
    4069      53.7500
    4070      58.2212
    4071      60.0136
    4072      53.0180
    4073      54.9395
    4074      52.8850
    4075      49.2324
    4076      49.6269
    4077      48.0488
    4078      46.4362
    4079      42.4921
    4080      42.9696
    4081      45.6313
    4082      45.2145
    4083      44.8338
    4084      47.5859
    4085      41.1495
    4086      44.3554
    4087      46.9117
    4088      42.7372
    4089      44.1315
    4090      45.0082
    4091      41.9753
    4092      39.6741
    4093      38.3800
    4094      36.7777
    4095      37.5016
    4096      44.3729
    4097      45.3673
    4098      46.3407
    4099      43.5902
    4100      43.0013
    4101      44.9950
    4102      49.0602
    4103      49.6434
    4104      49.7009
    4105      50.4541
    4106      46.1374
    4107      49.7566
    4108      47.6865
    4109      45.9913
    4110      44.6027
    4111      47.2027
    4112      45.4748
    4113      47.4107
    4114      49.4131
    4115      50.3861
    4116      53.8938
    4117      49.5830
    4118      48.8178
    4119      51.4830
    4120      45.7858
    4121      43.1678
    4122      43.3776
    4123      47.7053
    4124      50.7287
    4125      50.3229
    4126      53.0175
    4127      52.5246
    4128      53.8087
    4129      50.3916
    4130      57.0323
    4131      53.8258
    4132      52.7301
    4133      48.5287
    4134      54.3214
    4135      52.7485
    4136      51.0462
    4137      48.3018
    4138      53.2282
    4139      53.4456
    4140      54.0625
    4141      58.5661
    4142      56.4239
    4143      55.1811
    4144      56.9292
    4145      58.1084
    4146      58.9163
    4147      54.2870
    4148      56.1870
    4149      57.4685
    4150      58.1960
    4151      54.8814
    4152      59.0169
    4153      56.7844
    4154      51.0530
    4155      53.7094
    4156      48.9257
    4157      49.4285
    4158      54.7264
    4159      57.1734
    4160      55.3849
    4161      52.8339
    4162      55.1836
    4163      52.8496
    4164      54.8648
    4165      53.7476
    4166      56.2499
    4167      53.1856
    4168      50.5535
    4169      51.3814
    4170      52.0358
    4171      46.8932
    4172      44.2217
    4173      41.4492
    4174      45.6145
    4175      50.9823
    4176      50.0891
    4177      45.9945
    4178      50.2088
    4179      48.2898
    4180      52.5428
    4181      47.1319
    4182      50.6726
    4183      50.6682
    4184      50.3540
    4185      43.1421
    4186      42.1877
    4187      42.8322
    4188      46.0083
    4189      49.8574
    4190      51.2501
    4191      47.0446
    4192      43.8034
    4193      45.7110
    4194      42.3484
    4195      50.1320
    4196      48.8180
    4197      51.4225
    4198      45.3372
    4199      47.4907
    4200      42.6457
    4201      45.2004
    4202      47.2232
    4203      45.6413
    4204      47.6344
    4205      45.7433
    4206      45.3224
    4207      50.2485
    4208      51.7066
    4209      51.3599
    4210      54.1516
    4211      54.5133
    4212      54.0321
    4213      50.8095
    4214      52.4510
    4215      49.3802
    4216      48.9954
    4217      45.3556
    4218      49.9407
    4219      47.2059
    4220      45.4116
    4221      50.8289
    4222      45.9158
    4223      44.8958
    4224      47.5106
    4225      44.2502
    4226      38.9900
    4227      44.4266
    4228      45.5456
    4229      47.7408
    4230      43.0132
    4231      44.3147
    4232      48.5049
    4233      48.1306
    4234      45.2366
    4235      44.1349
    4236      37.9265
    4237      41.7998
    4238      48.0991
    4239      47.2378
    4240      44.8384
    4241      43.8504
    4242      38.7841
    4243      43.1613
    4244      48.5894
    4245      49.5767
    4246      53.7230
    4247      51.4267
    4248      49.7221
    4249      46.0019
    4250      41.9562
    4251      45.8663
    4252      44.8572
    4253      47.5166
    4254      46.4969
    4255      48.7694
    4256      46.3034
    4257      43.7304
    4258      42.2373
    4259      47.8908
    4260      49.9779
    4261      43.5382
    4262      46.4510
    4263      48.5398
    4264      45.0999
    4265      47.3883
    4266      48.9218
    4267      47.6003
    4268      41.5837
    4269      46.2818
    4270      50.8026
    4271      49.0563
    4272      50.6386
    4273      54.6666
    4274      50.4381
    4275      49.8194
    4276      48.1651
    4277      50.7307
    4278      47.8815
    4279      45.2948
    4280      44.1522
    4281      45.3160
    4282      52.4960
    4283      52.4960
    4284      54.7994
    4285      53.7438
    4286      51.4399
    4287      51.5598
    4288      58.5613
    4289      50.8419
    4290      45.5762
    4291      49.6414
    4292      43.7966
    4293      45.1138
    4294      51.0115
    4295      59.4328
    4296      53.4815
    4297      51.9397
    4298      49.9473
    4299      49.7155
    4300      47.6552
    4301      45.5054
    4302      47.2145
    4303      50.7707
    4304      55.7139
    4305      56.4295
    4306      54.6596
    4307      50.2499
    4308      52.7007
    4309      57.7882
    4310      55.4583
    4311      57.3507
    4312      53.7282
    4313      53.4545
    4314      50.8451
    4315      50.5337
    4316      48.9059
    4317      45.2951
    4318      40.9912
    4319      41.2764
    4320      42.4433
    4321      44.0554
    4322      41.3463
    4323      46.4088
    4324      46.0907
    4325      46.7325
    4326      45.5430
    4327      46.0670
    4328      44.8823
    4329      40.2172
    4330      38.7121
    4331      40.2429
    4332      43.6768
    4333      42.2457
    4334      49.4497
    4335      45.3914
    4336      41.7953
    4337      39.2556
    4338      35.9012
    4339      36.2849
    4340      38.7041
    4341      40.1441
    4342      38.4248
    4343      35.9138
    4344      30.0590
    4345      32.1412
    4346      33.3164
    4347      32.9304
    4348      27.9120
    4349      34.7807
    4350      32.2627
    4351      33.0195
    4352      34.3963
    4353      38.8361
    4354      38.7562
    4355      41.5675
    4356      42.8896
    4357      41.0739
    4358      42.2371
    4359      46.5567
    4360      42.8122
    4361      37.9773
    4362      35.2440
    4363      41.6366
    4364      38.9525
    4365      39.6390
    4366      35.8566
    4367      33.8247
    4368      36.1618
    4369      33.8850
    4370      34.8708
    4371      37.9896
    4372      38.3867
    4373      41.2363
    4374      45.3926
    4375      39.8984
    4376      38.0512
    4377      39.6941
    4378      38.0053
    4379      36.0472
    4380      40.6557
    4381      41.7322
    4382      36.1574
    4383      39.7174
    4384      39.6193
    4385      46.7506
    4386      43.9329
    4387      41.4983
    4388      43.9467
    4389      47.1874
    4390      44.7389
    4391      45.2543
    4392      43.5299
    4393      41.7430
    4394      37.9574
    4395      36.5357
    4396      34.0089
    4397      34.3721
    4398      32.9450
    4399      30.6064
    4400      38.6808
    4401      44.6576
    4402      43.7622
    4403      40.9204
    4404      39.5507
    4405      40.1999
    4406      40.0756
    4407      44.1615
    4408      45.9808
    4409      44.5770
    4410      42.9024
    4411      40.8958
    4412      40.3906
    4413      36.7375
    4414      39.6146
    4415      43.4451
    4416      40.2405
    4417      39.4725
    4418      41.6569
    4419      37.6465
    4420      40.8351
    4421      38.2111
    4422      38.3267
    4423      38.2094
    4424      42.4994
    4425      40.5926
    4426      41.2622
    4427      42.7063
    4428      43.1221
    4429      38.6150
    4430      36.0389
    4431      33.3209
    4432      36.5907
    4433      32.9261
    4434      36.9911
    4435      41.1547
    4436      38.9230
    4437      35.8477
    4438      36.7894
    4439      38.9938
    4440      34.1710
    4441      39.8803
    4442      39.6636
    4443      34.8162
    4444      37.9599
    4445      38.4753
    4446      37.4300
    4447      39.1758
    4448      44.2674
    4449      42.9648
    4450      38.2572
    4451      40.6011
    4452      38.1608
    4453      35.9983
    4454      39.8556
    4455      37.6816
    4456      41.9631
    4457      44.4418
    4458      47.4482
    4459      46.3975
    4460      46.5113
    4461      48.4026
    4462      47.4356
    4463      48.1156
    4464      49.4196
    4465      46.3620
    4466      44.4017
    4467      42.1421
    4468      38.8952
    4469      38.1350
    4470      42.3536
    4471      39.1551
    4472      41.1623
    4473      40.7015
    4474      31.9467
    4475      36.9886
    4476      38.5015
    4477      45.3451
    4478      38.3544
    4479      39.0245
    4480      39.5875
    4481      35.5265
    4482      35.3549
    4483      35.7454
    4484      38.3826
    4485      39.7504
    4486      40.6497
    4487      43.0001
    4488      42.5894
    4489      37.4582
    4490      36.8975
    4491      32.5378
    4492      28.4359
    4493      31.0240
    4494      37.8946
    4495      39.1582
    4496      39.9891
    4497      35.9767
    4498      36.5256
    4499      38.5910
    4500      38.2066
    4501      37.2964
    4502      39.0684
    4503      40.1738
    4504      38.4676
    4505      42.6008
    4506      40.4372
    4507      40.1019
    4508      41.7392
    4509      41.5380
    4510      39.0783
    4511      35.5721
    4512      34.0987
    4513      35.4802
    4514      39.5210
    4515      37.1340
    4516      35.0011
    4517      29.9827
    4518      29.3263
    4519      31.5128
    4520      30.5561
    4521      33.3359
    4522      35.5159
    4523      37.5315
    4524      39.5772
    4525      46.4833
    4526      43.4481
    4527      45.0946
    4528      45.4604
    4529      45.7278
    4530      41.8265
    4531      38.7775
    4532      38.6449
    4533      36.8914
    4534      36.5001
    4535      33.5610
    4536      34.3987
    4537      36.1498
    4538      38.9012
    4539      38.4946
    4540      36.9213
    4541      36.8082
    4542      35.5248
    4543      38.9002
    4544      39.7959
    4545      42.8210
    4546      40.1874
    4547      39.3597
    4548      40.3599
    4549      41.5894
    4550      40.0578
    4551      34.4928
    4552      33.6302
    4553      35.2695
    4554      34.4543
    4555      29.7302
    4556      28.0815
    4557      30.8034
    4558      32.6566
    4559      29.5713
    4560      34.0301
    4561      34.0912
    4562      32.9279
    4563      34.6993
    4564      38.5380
    4565      39.2077
    4566      38.2195
    4567      36.8488
    4568      40.0847
    4569      41.8593
    4570      40.8152
    4571      42.7739
    4572      42.2240
    4573      46.2171
    4574      51.2019
    4575      43.7194
    4576      39.9170
    4577      42.1125
    4578      39.6930
    4579      38.0885
    4580      35.5580
    4581      39.9454
    4582      41.7981
    4583      43.9721
    4584      43.8338
    4585      38.7751
    4586      35.8703
    4587      39.5804
    4588      42.4805
    4589      39.3154
    4590      37.4453
    4591      41.7470
    4592      41.3009
    4593      41.1054
    4594      44.4551
    4595      38.2771
    4596      41.2991
    4597      37.2933
    4598      36.8455
    4599      38.5039
    4600      38.3101
    4601      42.3150
    4602      40.5803
    4603      34.9550
    4604      33.9063
    4605      37.8475
    4606      40.7627
    4607      36.1848
    4608      40.7038
    4609      41.2705
    4610      41.1016
    4611      42.2666
    4612      42.8742
    4613      42.5140
    4614      43.5209
    4615      46.3882
    4616      45.3249
    4617      44.6507
    4618      42.7702
    4619      41.5822
    4620      46.3731
    4621      46.7710
    4622      44.5289
    4623      42.3048
    4624      38.2644
    4625      42.6229
    4626      45.3295
    4627      43.3128
    4628      39.6768
    4629      44.5722
    4630      46.2811
    4631      45.6975
    4632      45.8575
    4633      45.8126
    4634      49.4411
    4635      44.4034
    4636      40.5978
    4637      44.5022
    4638      46.1736
    4639      48.5076
    4640      51.2816
    4641      51.6597
    4642      53.6618
    4643      46.6295
    4644      45.5334
    4645      47.8114
    4646      48.1688
    4647      50.8132
    4648      52.5869
    4649      45.1005
    4650      39.3608
    4651      37.8503
    4652      34.5610
    4653      38.9398
    4654      34.9753
    4655      35.8926
    4656      29.4389
    4657      33.9313
    4658      34.4434
    4659      42.0648
    4660      41.1238
    4661      40.9555
    4662      41.7390
    4663      40.9620
    4664      47.4330
    4665      45.5626
    4666      41.0749
    4667      44.5640
    4668      47.3526
    4669      46.9054
    4670      41.9980
    4671      41.4439
    4672      42.0299
    4673      46.1112
    4674      42.9034
    4675      42.5370
    4676      44.5236
    4677      41.6009
    4678      37.9167
    4679      38.9459
    4680      42.4940
    4681      42.8874
    4682      40.5808
    4683      39.1559
    4684      42.3852
    4685      37.9163
    4686      42.9948
    4687      43.7793
    4688      40.2796
    4689      42.9012
    4690      43.6898
    4691      39.9698
    4692      40.1244
    4693      35.9757
    4694      35.0215
    4695      35.2000
    4696      32.0430
    4697      29.9822
    4698      33.1577
    4699      32.8705
    4700      32.0623
    4701      31.0434
    4702      34.2307
    4703      41.0275
    4704      43.2253
    4705      43.6271
    4706      42.8284
    4707      44.3785
    4708      44.2633
    4709      44.1460
    4710      38.9455
    4711      38.8813
    4712      35.1504
    4713      30.4556
    4714      29.9368
    4715      33.0557
    4716      34.9895
    4717      36.8888
    4718      37.4684
    4719      34.8752
    4720      33.7048
    4721      31.7977
    4722      30.2863
    4723      25.9250
    4724      31.3198
    4725      36.8096
    4726      37.6349
    4727      41.6492
    4728      38.4498
    4729      36.5930
    4730      35.1461
    4731      35.8724
    4732      40.0370
    4733      37.4523
    4734      41.3360
    4735      45.4103
    4736      44.2220
    4737      40.5510
    4738      42.4723
    4739      43.6130
    4740      40.1900
    4741      36.1359
    4742      37.5120
    4743      33.0918
    4744      40.3230
    4745      35.8709
    4746      36.0785
    4747      41.0633
    4748      42.5469
    4749      36.7851
    4750      39.1969
    4751      41.2860
    4752      43.9469
    4753      38.9480
    4754      45.4211
    4755      45.4634
    4756      44.4690
    4757      47.6981
    4758      49.4981
    4759      44.7995
    4760      39.1014
    4761      38.0095
    4762      41.2655
    4763      42.3866
    4764      40.5854
    4765      39.9989
    4766      39.4276
    4767      39.9316
    4768      37.9625
    4769      40.2960
    4770      39.3265
    4771      43.4608
    4772      45.5381
    4773      41.0182
    4774      47.8748
    4775      42.1511
    4776      37.5601
    4777      38.0726
    4778      35.6137
    4779      35.0888
    4780      36.8659
    4781      36.4281
    4782      37.3424
    4783      38.2742
    4784      39.4939
    4785      41.9781
    4786      44.7905
    4787      42.0099
    4788      43.4640
    4789      41.8828
    4790      48.6127
    4791      53.8711
    4792      54.2618
    4793      50.0186
    4794      48.7592
    4795      52.4597
    4796      50.7448
    4797      50.1145
    4798      54.2922
    4799      55.2120
    4800      51.9534
    4801      49.2590
    4802      45.7185
    4803      42.4215
    4804      37.4492
    4805      43.6289
    4806      41.4735
    4807      39.2413
    4808      38.8966
    4809      38.7951
    4810      41.3625
    4811      42.9305
    4812      42.1298
    4813      38.5034
    4814      41.8100
    4815      46.1116
    4816      44.8505
    4817      46.3846
    4818      40.0541
    4819      41.0864
    4820      42.6657
    4821      42.2695
    4822      39.8138
    4823      40.4465
    4824      43.2102
    4825      46.8107
    4826      44.7915
    4827      43.5247
    4828      43.9778
    4829      41.8867
    4830      39.5100
    4831      41.5313
    4832      44.9915
    4833      43.3261
    4834      44.6480
    4835      41.6833
    4836      40.5309
    4837      40.5069
    4838      38.9452
    4839      43.1801
    4840      45.1382
    4841      41.3058
    4842      42.0233
    4843      41.8849
    4844      40.4993
    4845      37.4991
    4846      34.8661
    4847      39.6193
    4848      35.8285
    4849      39.6737
    4850      37.8594
    4851      42.2942
    4852      44.8098
    4853      43.4795
    4854      43.6385
    4855      44.8493
    4856      43.8743
    4857      43.7111
    4858      47.2787
    4859      47.9325
    4860      43.5036
    4861      43.7355
    4862      44.9832
    4863      43.5079
    4864      42.1293
    4865      49.6735
    4866      50.2392
    4867      45.3672
    4868      38.9929
    4869      44.4363
    4870      47.9599
    4871      47.8125
    4872      46.0866
    4873      46.2387
    4874      45.7999
    4875      42.6013
    4876      41.5919
    4877      44.5939
    4878      43.4229
    4879      46.9277
    4880      46.0232
    4881      44.0949
    4882      40.5118
    4883      42.0772
    4884      41.5655
    4885      43.5754
    4886      44.0642
    4887      47.1889
    4888      46.3433
    4889      43.0626
    4890      41.5343
    4891      41.6523
    4892      44.7161
    4893      47.0452
    4894      48.9210
    4895      50.4298
    4896      52.5633
    4897      47.5441
    4898      47.5377
    4899      42.1136
    4900      41.7063
    4901      39.9878
    4902      46.9819
    4903      42.5065
    4904      41.9535
    4905      40.9852
    4906      39.9513
    4907      39.9130
    4908      40.3792
    4909      41.6412
    4910      43.6245
    4911      39.0674
    4912      40.7478
    4913      41.4948
    4914      40.3249
    4915      44.1077
    4916      46.1324
    4917      41.1583
    4918      44.9617
    4919      42.4399
    4920      42.4359
    4921      45.3293
    4922      50.1560
    4923      43.9685
    4924      45.8166
    4925      47.8138
    4926      48.5218
    4927      41.3058
    4928      44.8454
    4929      42.1152
    4930      41.6839
    4931      48.0198
    4932      53.0353
    4933      51.5400
    4934      52.0880
    4935      45.2764
    4936      50.3326
    4937      45.1303
    4938      44.3631
    4939      47.9720
    4940      44.3642
    4941      47.0541
    4942      46.0718
    4943      45.5449
    4944      47.1272
    4945      46.5170
    4946      43.5115
    4947      43.6243
    4948      37.1115
    4949      39.1971
    4950      41.8409
    4951      43.6332
    4952      42.5225
    4953      44.3769
    4954      42.0547
    4955      43.3562
    4956      43.1835
    4957      43.9529
    4958      39.2266
    4959      38.5771
    4960      38.5104
    4961      36.5367
    4962      38.3036
    4963      40.6700
    4964      43.4691
    4965      44.7969
    4966      48.4260
    4967      47.5691
    4968      42.1417
    4969      41.1386
    4970      37.0885
    4971      33.4867
    4972      36.6670
    4973      32.6841
    4974      32.1701
    4975      29.8403
    4976      34.9323
    4977      37.2097
    4978      36.0587
    4979      34.9314
    4980      34.0910
    4981      32.4360
    4982      34.2939
    4983      30.8270
    4984      30.5080
    4985      32.5947
    4986      34.0864
    4987      31.6804
    4988      33.4106
    4989      34.8042
    4990      37.1801
    4991      33.3330
    4992      37.7314
    4993      40.7891
    4994      40.1870
    4995      43.2523
    4996      41.5942
    4997      47.7751
    4998      43.6693
    4999      45.2296
    5000      47.2563
    5001      43.9043
    5002      45.5473
    5003      45.8396
    5004      40.2455
    5005      42.5018
    5006      40.6611
    5007      36.1274
    5008      45.0116
    5009      46.6080
    5010      45.6759
    5011      38.5235
    5012      39.6801
    5013      42.6524
    5014      39.4659
    5015      40.8933
    5016      43.6247
    5017      36.6835
    5018      36.5852
    5019      35.3904
    5020      38.2476
    5021      39.5594
    5022      41.6847
    5023      42.4908
    5024      41.7969
    5025      35.7629
    5026      39.3846
    5027      41.1831
    5028      39.9683
    5029      40.1040
    5030      37.2362
    5031      37.4290
    5032      35.2526
    5033      38.6301
    5034      39.1803
    5035      37.7706
    5036      32.4568
    5037      30.7373
    5038      30.1181
    5039      34.8269
    5040      31.3977
    5041      33.3941
    5042      37.8339
    5043      35.5183
    5044      36.4564
    5045      36.8222
    5046      33.5044
    5047      37.3122
    5048      41.6302
    5049      39.4617
    5050      34.8942
    5051      35.0657
    5052      39.2747
    5053      40.0925
    5054      41.8472
    5055      38.7702
    5056      36.7981
    5057      38.1900
    5058      40.7167
    5059      35.9613
    5060      34.0365
    5061      30.7479
    5062      32.8475
    5063      34.8960
    5064      35.8539
    5065      33.2281
    5066      33.0084
    5067      36.0644
    5068      39.1104
    5069      39.8046
    5070      41.4565
    5071      36.3452
    5072      38.5281
    5073      35.7790
    5074      35.2250
    5075      35.2997
    5076      35.7023
    5077      33.4667
    5078      34.0872
    5079      35.9513
    5080      36.9638
    5081      35.8719
    5082      36.3935
    5083      29.3162
    5084      31.3913
    5085      32.1555
    5086      28.9957
    5087      27.0450
    5088      30.6191
    5089      31.0294
    5090      31.6282
    5091      35.0745
    5092      29.7793
    5093      28.2135
    5094      32.7154
    5095      33.4947
    5096      33.7072
    5097      32.8311
    5098      32.0899
    5099      30.3125
    5100      33.4038
    5101      36.6158
    5102      38.8239
    5103      34.5318
    5104      35.5601
    5105      35.7367
    5106      33.4578
    5107      35.5027
    5108      35.0548
    5109      37.0575
    5110      40.5463
    5111      38.4485
    5112      32.2133
    5113      31.6701
    5114      32.7882
    5115      35.9823
    5116      36.6202
    5117      39.6561
    5118      42.2899
    5119      39.8218
    5120      33.0608
    5121      34.5017
    5122      38.1794
    5123      36.7885
    5124      37.1019
    5125      34.1454
    5126      30.2546
    5127      32.2609
    5128      33.9789
    5129      35.2666
    5130      33.8296
    5131      37.2416
    5132      34.6443
    5133      32.1705
    5134      39.8109
    5135      34.2694
    5136      37.6096
    5137      44.4021
    5138      43.7277
    5139      39.5473
    5140      38.5112
    5141      36.9213
    5142      38.0335
    5143      41.3179
    5144      40.6592
    5145      41.1514
    5146      39.0393
    5147      37.9304
    5148      39.4085
    5149      38.2125
    5150      36.6636
    5151      32.0767
    5152      39.0093
    5153      33.8440
    5154      37.6777
    5155      35.5003
    5156      31.8926
    5157      32.8885
    5158      33.6790
    5159      38.1366
    5160      34.5989
    5161      36.1869
    5162      34.1286
    5163      34.3718
    5164      37.6178
    5165      39.7779
    5166      39.9629
    5167      38.7765
    5168      33.6529
    5169      35.8270
    5170      39.6995
    5171      39.4072
    5172      38.3720
    5173      37.6406
    5174      37.1538
    5175      41.6732
    5176      42.9577
    5177      46.2261
    5178      44.6141
    5179      47.0680
    5180      40.4198
    5181      42.2144
    5182      45.3029
    5183      44.2107
    5184      41.6203
    5185      40.7655
    5186      40.3893
    5187      39.0209
    5188      41.8733
    5189      43.6438
    5190      41.8810
    5191      43.2060
    5192      38.7925
    5193      35.8235
    5194      36.1905
    5195      35.0355
    5196      39.3557
    5197      37.3340
    5198      38.9413
    5199      40.3499
    5200      41.8631
    5201      40.6056
    5202      43.3003
    5203      43.4400
    5204      42.5702
    5205      40.1132
    5206      43.4918
    5207      44.1011
    5208      39.6662
    5209      41.6423
    5210      40.3705
    5211      38.8498
    5212      39.1226
    5213      41.1672
    5214      40.9981
    5215      42.6206
    5216      42.0289
    5217      39.7401
    5218      37.6867
    5219      39.5876
    5220      41.5611
    5221      42.5302
    5222      47.6612
    5223      46.0524
    5224      46.7982
    5225      44.3047
    5226      44.7235
    5227      45.7761
    5228      42.6678
    5229      41.8487
    5230      38.0892
    5231      35.9110
    5232      36.6621
    5233      34.5860
    5234      32.7535
    5235      33.9356
    5236      35.7188
    5237      35.9063
    5238      32.0911
    5239      31.8157
    5240      29.7240
    5241      31.6853
    5242      34.8530
    5243      31.6399
    5244      38.3206
    5245      28.3353
    5246      30.2737
    5247      31.9452
    5248      32.9185
    5249      33.6154
    5250      34.5921
    5251      35.9116
    5252      38.4303
    5253      39.8159
    5254      39.8859
    5255      38.5182
    5256      41.7749
    5257      44.8698
    5258      45.8269
    5259      48.6187
    5260      44.9340
    5261      51.1484
    5262      49.4891
    5263      48.2525
    5264      48.7616
    5265      42.5107
    5266      37.3660
    5267      40.8512
    5268      45.4148
    5269      45.7907
    5270      41.7275
    5271      38.7029
    5272      37.2032
    5273      38.0402
    5274      40.5176
    5275      43.0957
    5276      46.5980
    5277      50.4868
    5278      49.1279
    5279      42.8980
    5280      44.2947
    5281      50.4266
    5282      49.0189
    5283      50.3286
    5284      48.4668
    5285      52.1709
    5286      47.5501
    5287      46.2768
    5288      46.5610
    5289      43.6316
    5290      52.7087
    5291      46.1520
    5292      47.3920
    5293      46.1748
    5294      46.0336
    5295      44.0167
    5296      53.4257
    5297      51.7994
    5298      53.1922
    5299      53.0267
    5300      56.1847
    5301      57.3512
    5302      49.3454
    5303      54.5895
    5304      51.3374
    5305      48.4800
    5306      48.4982
    5307      50.3056
    5308      49.7124
    5309      44.3499
    5310      47.5516
    5311      50.3024
    5312      47.6815
    5313      47.6490
    5314      46.9808
    5315      50.7628
    5316      50.7324
    5317      49.7318
    5318      49.5065
    5319      48.4686
    5320      49.3617
    5321      54.9594
    5322      57.8932
    5323      54.9414
    5324      50.2207
    5325      50.3095
    5326      52.8993
    5327      55.1751
    5328      54.2685
    5329      47.8089
    5330      48.8597
    5331      46.9657
    5332      42.8600
    5333      41.5688
    5334      46.5253
    5335      42.5414
    5336      43.8959
    5337      50.9439
    5338      52.0062
    5339      49.8304
    5340      55.6354
    5341      57.3694
    5342      54.6758
    5343      55.6894
    5344      56.0977
    5345      53.3344
    5346      63.9589
    5347      55.4416
    5348      60.2543
    5349      57.3231
    5350      62.8949
    5351      69.3652
    5352      60.0515
    5353      59.0854
    5354      63.8092
    5355      65.7778
    5356      69.4575
    5357      62.6934
    5358      63.2266
    5359      65.6775
    5360      64.2934
    5361      60.0893
    5362      58.7164
    5363      63.3300
    5364      62.6032
    5365      66.5499
    5366      57.6344
    5367      54.5595
    5368      51.4180
    5369      47.8077
    5370      51.5503
    5371      48.9004
    5372      56.7496
    5373      52.1515
    5374      52.4437
    5375      59.1463
    5376      52.7454
    5377      56.3270
    5378      56.1262
    5379      55.8214
    5380      54.1315
    5381      53.8699
    5382      51.7779
    5383      52.4905
    5384      48.3482
    5385      50.8114
    5386      51.4649
    5387      52.6974
    5388      53.4771
    5389      51.4483
    5390      46.2955
    5391      52.3845
    5392      48.7653
    5393      48.2200
    5394      51.9585
    5395      53.2839
    5396      48.0961
    5397      50.1564
    5398      47.5779
    5399      51.2477
    5400      50.6564
    5401      52.8875
    5402      50.7535
    5403      48.1352
    5404      46.9229
    5405      47.5155
    5406      48.5784
    5407      44.7042
    5408      51.6169
    5409      49.0249
    5410      51.4243
    5411      55.3921
    5412      50.3475
    5413      51.3512
    5414      50.2340
    5415      45.6550
    5416      45.6688
    5417      46.8883
    5418      52.4316
    5419      46.3265
    5420      46.7490
    5421      47.4340
    5422      50.4442
    5423      51.3245
    5424      51.8297
    5425      52.9616
    5426      55.1127
    5427      55.0479
    5428      54.7750
    5429      60.2919
    5430      57.4743
    5431      52.1204
    5432      53.0254
    5433      53.4192
    5434      50.2086
    5435      47.6139
    5436      46.4729
    5437      43.4609
    5438      42.6914
    5439      39.6510
    5440      41.8015
    5441      44.0639
    5442      48.9588
    5443      50.7565
    5444      50.8287
    5445      49.0809
    5446      47.0460
    5447      48.2387
    5448      48.6554
    5449      48.2294
    5450      44.3920
    5451      46.8313
    5452      50.1679
    5453      53.7701
    5454      54.8528
    5455      51.6315
    5456      53.7273
    5457      54.2392
    5458      53.7226
    5459      53.6034
    5460      51.9944
    5461      49.0162
    5462      53.0087
    5463      50.0944
    5464      50.1319
    5465      53.3894
    5466      54.6653
    5467      56.2905
    5468      57.0716
    5469      52.8186
    5470      51.5461
    5471      54.1370
    5472      51.4572
    5473      54.2438
    5474      56.7661
    5475      54.7241
    5476      56.9453
    5477      56.2963
    5478      49.4041
    5479      55.8276
    5480      56.0914
    5481      55.3412
    5482      56.5227
    5483      58.0337
    5484      59.5341
    5485      54.2042
    5486      58.9428
    5487      65.2061
    5488      65.4402
    5489      62.4926
    5490      58.6085
    5491      61.2712
    5492      61.4462
    5493      60.9593
    5494      58.2784
    5495      54.4023
    5496      50.4748
    5497      60.0109
    5498      64.5126
    5499      69.0935
    5500      62.4301
    5501      62.4785
    5502      52.5908
    5503      53.2578
    5504      57.7274
    5505      57.5028
    5506      55.4780
    5507      54.2754
    5508      53.5209
    5509      52.5587
    5510      49.2844
    5511      49.6439
    5512      54.1175
    5513      54.0805
    5514      55.5970
    5515      54.2415
    5516      51.9434
    5517      48.6753
    5518      48.0831
    5519      47.2593
    5520      43.8819
    5521      45.0947
    5522      48.5791
    5523      53.3203
    5524      53.8519
    5525      48.1677
    5526      45.6905
    5527      42.3539
    5528      45.7226
    5529      48.2034
    5530      49.4369
    5531      50.7363
    5532      50.0799
    5533      48.4109
    5534      49.8949
    5535      50.9470
    5536      50.5162
    5537      45.7326
    5538      48.2074
    5539      54.1786
    5540      50.4357
    5541      44.3418
    5542      40.2532
    5543      43.4694
    5544      47.0707
    5545      42.3903
    5546      43.4522
    5547      44.8711
    5548      44.1946
    5549      46.2367
    5550      50.8602
    5551      54.6676
    5552      55.0049
    5553      54.5660
    5554      51.8051
    5555      44.3478
    5556      40.8254
    5557      46.7375
    5558      42.2061
    5559      43.7368
    5560      47.2397
    5561      45.7127
    5562      50.7529
    5563      41.1589
    5564      45.0723
    5565      50.5808
    5566      49.0609
    5567      51.2944
    5568      59.5952
    5569      54.7221
    5570      57.7101
    5571      57.9163
    5572      58.2925
    5573      49.8910
    5574      46.8605
    5575      49.5430
    5576      50.3452
    5577      44.9636
    5578      42.7716
    5579      42.7701
    5580      48.2639
    5581      46.5470
    5582      49.9031
    5583      51.0256
    5584      49.5666
    5585      49.1267
    5586      47.6542
    5587      46.2545
    5588      52.2997
    5589      53.0406
    5590      53.7125
    5591      52.0686
    5592      47.8454
    5593      56.2386
    5594      49.6840
    5595      51.9612
    5596      49.7855
    5597      45.3002
    5598      48.8072
    5599      44.2128
    5600      42.7494
    5601      42.5860
    5602      39.7250
    5603      41.2399
    5604      41.0019
    5605      38.5818
    5606      39.2884
    5607      38.0383
    5608      39.8113
    5609      42.7108
    5610      40.7829
    5611      43.6909
    5612      43.7831
    5613      48.4414
    5614      48.4998
    5615      47.0397
    5616      43.1165
    5617      42.5940
    5618      46.1044
    5619      47.6835
    5620      46.4975
    5621      42.6732
    5622      44.4354
    5623      50.4323
    5624      48.9214
    5625      47.4849
    5626      52.6201
    5627      54.7516
    5628      49.4428
    5629      50.9313
    5630      49.7732
    5631      52.8394
    5632      55.1959
    5633      54.3976
    5634      48.6244
    5635      48.3051
    5636      49.4223
    5637      51.1350
    5638      50.4249
    5639      52.0156
    5640      54.4405
    5641      55.8403
    5642      57.7786
    5643      55.5617
    5644      50.3786
    5645      54.3711
    5646      53.3949
    5647      51.4524
    5648      55.4083
    5649      51.2675
    5650      50.9688
    5651      53.2582
    5652      47.7106
    5653      52.6749
    5654      53.6157
    5655      48.4816
    5656      53.0792
    5657      53.2695
    5658      48.9655
    5659      49.2485
    5660      47.2842
    5661      42.3021
    5662      39.6864
    5663      41.4887
    5664      44.2399
    5665      45.6093
    5666      46.1971
    5667      47.7993
    5668      47.0534
    5669      48.9704
    5670      47.9033
    5671      45.4808
    5672      50.2684
    5673      49.7036
    5674      46.6048
    5675      50.4789
    5676      53.8667
    5677      54.5645
    5678      51.9215
    5679      49.7215
    5680      54.4416
    5681      55.0729
    5682      54.4113
    5683      48.3573
    5684      47.1072
    5685      46.6948
    5686      45.5846
    5687      44.7164
    5688      45.8146
    5689      52.0945
    5690      51.2170
    5691      52.7411
    5692      58.3363
    5693      56.8509
    5694      51.6930
    5695      55.8983
    5696      51.3430
    5697      51.2872
    5698      48.6276
    5699      51.4992
    5700      52.1535
    5701      50.1487
    5702      49.6858
    5703      45.9390
    5704      46.3177
    5705      41.4660
    5706      49.1481
    5707      58.2763
    5708      61.0414
    5709      60.0546
    5710      52.8562
    5711      49.0441
    5712      54.1000
    5713      52.3506
    5714      55.1584
    5715      54.1220
    5716      46.0438
    5717      47.6205
    5718      48.8166
    5719      45.3592
    5720      42.5893
    5721      41.9581
    5722      44.6085
    5723      48.6073
    5724      51.2495
    5725      48.5865
    5726      48.3596
    5727      53.8058
    5728      51.2691
    5729      49.3240
    5730      52.5215
    5731      49.3662
    5732      44.7877
    5733      50.5757
    5734      46.2540
    5735      43.6094
    5736      42.3667
    5737      39.2230
    5738      44.8667
    5739      46.7160
    5740      45.5577
    5741      43.4654
    5742      40.7622
    5743      46.1390
    5744      45.8429
    5745      42.5042
    5746      44.6235
    5747      42.0449
    5748      40.2161
    5749      39.3019
    5750      40.7982
    5751      37.5094
    5752      36.1920
    5753      39.3642
    5754      43.6130
    5755      48.0182
    5756      47.0610
    5757      50.9298
    5758      49.1843
    5759      49.1406
    5760      50.0423
    5761      49.9802
    5762      53.7828
    5763      54.9043
    5764      53.2705
    5765      54.9818
    5766      57.1125
    5767      56.7968
    5768      53.2396
    5769      50.5683
    5770      52.1167
    5771      46.9583
    5772      50.1391
    5773      52.3581
    5774      47.0611
    5775      39.1891
    5776      39.9449
    5777      44.4562
    5778      43.6853
    5779      48.1715
    5780      51.8954
    5781      47.3643
    5782      46.0798
    5783      47.1073
    5784      51.9299
    5785      46.2842
    5786      50.4227
    5787      47.5682
    5788      51.1224
    5789      48.3044
    5790      44.5151
    5791      44.0383
    5792      48.5760
    5793      47.9907
    5794      46.2798
    5795      46.6435
    5796      46.1900
    5797      43.8866
    5798      42.5149
    5799      44.2866
    5800      48.6317
    5801      50.5162
    5802      52.0723
    5803      47.6770
    5804      47.7066
    5805      50.6160
    5806      49.5387
    5807      43.4689
    5808      46.7963
    5809      52.9434
    5810      53.2353
    5811      52.5081
    5812      44.2034
    5813      46.6712
    5814      51.0942
    5815      55.6852
    5816      54.2029
    5817      57.0508
    5818      53.4724
    5819      60.2606
    5820      59.1803
    5821      58.6661
    5822      58.0371
    5823      53.2144
    5824      54.6137
    5825      52.5684
    5826      52.1573
    5827      52.8878
    5828      55.4725
    5829      50.1820
    5830      46.4357
    5831      45.6433
    5832      46.6592
    5833      42.4315
    5834      49.0802
    5835      49.7608
    5836      43.5793
    5837      46.5724
    5838      44.5429
    5839      49.2025
    5840      49.5446
    5841      45.1059
    5842      44.6612
    5843      42.4792
    5844      44.2639
    5845      45.5687
    5846      45.2794
    5847      51.0469
    5848      52.8457
    5849      55.3397
    5850      52.7509
    5851      50.1413
    5852      48.1258
    5853      48.0275
    5854      48.6687
    5855      46.7520
    5856      44.4741
    5857      44.8662
    5858      48.3961
    5859      50.2166
    5860      49.3585
    5861      48.8497
    5862      49.2124
    5863      44.8865
    5864      47.5429
    5865      41.3755
    5866      41.6317
    5867      44.4944
    5868      49.0413
    5869      47.3125
    5870      43.0631
    5871      48.4326
    5872      50.1752
    5873      48.8150
    5874      48.0532
    5875      46.8551
    5876      50.7889
    5877      51.2256
    5878      51.8880
    5879      44.4133
    5880      52.9280
    5881      50.5734
    5882      48.6760
    5883      43.0197
    5884      42.2408
    5885      44.1899
    5886      45.1804
    5887      44.3334
    5888      43.8433
    5889      42.9481
    5890      44.7256
    5891      47.7727
    5892      48.8994
    5893      47.2829
    5894      42.9278
    5895      41.3292
    5896      41.1188
    5897      44.6225
    5898      39.2951
    5899      42.4192
    5900      41.3124
    5901      40.2484
    5902      48.4733
    5903      51.4370
    5904      54.1991
    5905      56.8596
    5906      62.1296
    5907      59.0645
    5908      56.2998
    5909      55.1433
    5910      58.0850
    5911      55.1355
    5912      56.2678
    5913      57.1294
    5914      50.5918
    5915      53.9882
    5916      53.4319
    5917      53.2503
    5918      54.0269
    5919      51.9468
    5920      50.8066
    5921      47.6867
    5922      56.3399
    5923      56.7629
    5924      57.9847
    5925      55.4298
    5926      57.7832
    5927      53.6064
    5928      52.0640
    5929      52.1388
    5930      50.4270
    5931      55.1293
    5932      53.7632
    5933      52.9061
    5934      56.9482
    5935      49.3828
    5936      49.2457
    5937      51.0021
    5938      50.8366
    5939      47.4856
    5940      50.2238
    5941      50.8495
    5942      47.3776
    5943      47.6965
    5944      52.0511
    5945      54.3687
    5946      50.3938
    5947      44.3385
    5948      45.6669
    5949      47.4612
    5950      50.2638
    5951      48.0924
    5952      53.2560
    5953      54.6239
    5954      51.3196
    5955      51.1750
    5956      50.7463
    5957      53.4114
    5958      51.0439
    5959      50.4641
    5960      50.3731
    5961      52.4110
    5962      50.1412
    5963      55.3359
    5964      49.1177
    5965      55.6331
    5966      58.0964
    5967      53.0240
    5968      57.5320
    5969      56.2833
    5970      57.6111
    5971      56.9653
    5972      57.7234
    5973      50.9784
    5974      55.4617
    5975      56.6159
    5976      50.3413
    5977      53.3350
    5978      55.2686
    5979      49.8440
    5980      49.8265
    5981      52.0286
    5982      44.0740
    5983      46.0282
    5984      43.9022
    5985      43.4861
    5986      50.9249
    5987      49.7985
    5988      53.0088
    5989      52.4344
    5990      53.4344
    5991      52.6227
    5992      51.1107
    5993      50.0679
    5994      49.2755
    5995      50.3435
    5996      46.2000
    5997      41.9614
    5998      36.2266
    5999      38.1490
    6000      40.5813
    6001      42.0318
    6002      41.8428
    6003      33.4099
    6004      37.7850
    6005      44.3544
    6006      51.3450
    6007      49.6107
    6008      46.2592
    6009      44.8239
    6010      50.1226
    6011      52.2466
    6012      48.2616
    6013      46.7763
    6014      43.2680
    6015      44.1867
    6016      44.7124
    6017      41.6716
    6018      45.3330
    6019      40.5010
    6020      40.5957
    6021      41.2378
    6022      41.5373
    6023      46.8357
    6024      47.5602
    6025      43.2229
    6026      48.1483
    6027      45.6330
    6028      51.6142
    6029      49.8519
    6030      46.3199
    6031      49.0878
    6032      49.2646
    6033      49.3942
    6034      45.0275
    6035      45.1229
    6036      48.0486
    6037      50.0738
    6038      50.2183
    6039      51.3353
    6040      52.1293
    6041      51.5611
    6042      50.5165
    6043      46.9202
    6044      50.4377
    6045      46.7807
    6046      54.8303
    6047      48.5271
    6048      47.0254
    6049      49.8655
    6050      51.7445
    6051      55.9161
    6052      55.8777
    6053      51.4123
    6054      53.6216
    6055      50.1854
    6056      49.8606
    6057      51.5923
    6058      52.1555
    6059      51.9651
    6060      50.7650
    6061      45.2236
    6062      43.6500
    6063      46.5402
    6064      44.5149
    6065      45.7206
    6066      43.9823
    6067      41.7382
    6068      39.2369
    6069      47.2684
    6070      47.7233
    6071      44.3463
    6072      43.1808
    6073      48.9621
    6074      46.0607
    6075      47.2609
    6076      47.4809
    6077      54.2640
    6078      50.2358
    6079      50.3553
    6080      48.4255
    6081      53.2293
    6082      52.5265
    6083      50.0589
    6084      45.2220
    6085      41.5946
    6086      40.9174
    6087      41.3350
    6088      41.9147
    6089      45.2999
    6090      39.0882
    6091      41.8227
    6092      44.1503
    6093      45.6213
    6094      45.6200
    6095      46.7386
    6096      49.1574
    6097      48.2257
    6098      44.8880
    6099      47.0084
    6100      49.5935
    6101      47.0352
    6102      46.9901
    6103      46.0069
    6104      49.0914
    6105      47.8660
    6106      51.7479
    6107      58.1284
    6108      49.1837
    6109      47.2909
    6110      50.1190
    6111      53.0140
    6112      52.0036
    6113      53.2362
    6114      58.3016
    6115      50.9144
    6116      45.9951
    6117      46.7971
    6118      47.9514
    6119      49.6436
    6120      47.8793
    6121      44.9113
    6122      41.9042
    6123      40.9041
    6124      45.6430
    6125      43.1523
    6126      41.8668
    6127      35.9556
    6128      40.3444
    6129      38.4527
    6130      39.5962
    6131      38.9311
    6132      44.9550
    6133      40.3893
    6134      42.4928
    6135      44.3008
    6136      45.5108
    6137      44.1265
    6138      45.5605
    6139      50.3860
    6140      49.0842
    6141      50.9496
    6142      46.1941
    6143      44.1450
    6144      43.1798
    6145      44.6841
    6146      49.8354
    6147      51.4773
    6148      51.3979
    6149      43.0621
    6150      40.2180
    6151      41.9456
    6152      41.0163
    6153      40.8877
    6154      44.8056
    6155      43.9946
    6156      40.3598
    6157      46.1813
    6158      46.2133
    6159      47.4633
    6160      44.1747
    6161      44.2940
    6162      45.0183
    6163      47.6224
    6164      45.6530
    6165      46.3818
    6166      39.6315
    6167      44.1309
    6168      45.5836
    6169      48.8186
    6170      51.2590
    6171      49.7514
    6172      46.2752
    6173      50.6389
    6174      45.7698
    6175      50.2261
    6176      47.9324
    6177      46.1080
    6178      42.2479
    6179      41.1396
    6180      40.5305
    6181      45.4720
    6182      44.9848
    6183      41.7482
    6184      45.7309
    6185      46.0367
    6186      47.0009
    6187      51.6280
    6188      45.8856
    6189      49.0944
    6190      49.2220
    6191      51.9095
    6192      47.9163
    6193      47.0349
    6194      47.6418
    6195      46.6868
    6196      43.2650
    6197      39.7911
    6198      37.5815
    6199      45.2719
    6200      46.3150
    6201      42.9855
    6202      43.3979
    6203      45.6027
    6204      44.1678
    6205      41.2065
    6206      42.8842
    6207      44.6984
    6208      50.1535
    6209      46.7982
    6210      46.4516
    6211      46.1298
    6212      47.6334
    6213      45.3180
    6214      43.3942
    6215      45.5009
    6216      49.2219
    6217      46.9343
    6218      47.3621
    6219      48.4043
    6220      44.3888
    6221      50.4673
    6222      50.7356
    6223      50.5652
    6224      56.9109
    6225      53.8967
    6226      51.3592
    6227      51.6044
    6228      49.4901
    6229      50.1740
    6230      50.5076
    6231      53.2125
    6232      57.4786
    6233      62.1865
    6234      57.6939
    6235      56.6629
    6236      54.0527
    6237      51.7549
    6238      55.5249
    6239      52.1890
    6240      49.8978
    6241      55.2861
    6242      53.4583
    6243      50.3208
    6244      53.9170
    6245      55.8016
    6246      53.7190
    6247      55.3819
    6248      57.6871
    6249      53.0901
    6250      56.8085
    6251      55.0929
    6252      56.6907
    6253      51.6550
    6254      55.4004
    6255      52.5880
    6256      52.3494
    6257      48.3134
    6258      46.6998
    6259      48.3749
    6260      50.7735
    6261      51.5260
    6262      44.4220
    6263      47.1586
    6264      48.2254
    6265      48.7672
    6266      53.6543
    6267      50.3334
    6268      49.1466
    6269      43.5511
    6270      47.4202
    6271      42.7107
    6272      42.8490
    6273      42.9032
    6274      44.4185
    6275      46.5658
    6276      50.2797
    6277      46.1161
    6278      48.3931
    6279      48.1484
    6280      54.0992
    6281      47.0199
    6282      47.5897
    6283      45.1798
    6284      46.1688
    6285      52.5126
    6286      53.0622
    6287      51.5360
    6288      52.7557
    6289      51.8978
    6290      49.5256
    6291      50.5650
    6292      50.9285
    6293      51.9778
    6294      56.7649
    6295      51.8298
    6296      47.6088
    6297      46.0643
    6298      44.4890
    6299      46.3005
    6300      45.4405
    6301      50.5314
    6302      48.4439
    6303      40.9328
    6304      47.3168
    6305      43.4834
    6306      50.0620
    6307      51.6739
    6308      47.7569
    6309      47.5140
    6310      44.0657
    6311      47.2692
    6312      40.9065
    6313      41.3298
    6314      47.0994
    6315      54.3211
    6316      53.0252
    6317      53.0912
    6318      49.3383
    6319      48.1217
    6320      49.0873
    6321      49.2138
    6322      52.1702
    6323      48.0614
    6324      46.9684
    6325      46.1227
    6326      49.7825
    6327      49.8991
    6328      50.8689
    6329      53.4063
    6330      48.9301
    6331      45.9725
    6332      50.1630
    6333      52.2202
    6334      46.0475
    6335      50.9636
    6336      48.9901
    6337      49.2750
    6338      49.4010
    6339      53.5404
    6340      53.4274
    6341      53.7362
    6342      54.7705
    6343      56.9320
    6344      55.3417
    6345      57.5104
    6346      55.8405
    6347      53.2139
    6348      53.5398
    6349      51.3195
    6350      54.1852
    6351      56.5055
    6352      51.9361
    6353      50.9583
    6354      51.7540
    6355      52.7356
    6356      51.2753
    6357      52.0230
    6358      53.6110
    6359      52.4488
    6360      49.8755
    6361      45.2846
    6362      45.6267
    6363      49.1431
    6364      48.2904
    6365      47.3954
    6366      52.6832
    6367      51.9990
    6368      48.8258
    6369      52.3196
    6370      52.5092
    6371      52.7059
    6372      55.1406
    6373      57.1890
    6374      50.0509
    6375      53.6232
    6376      51.2994
    6377      55.0751
    6378      56.5221
    6379      55.9880
    6380      52.0361
    6381      51.1088
    6382      50.4781
    6383      53.3435
    6384      51.9171
    6385      54.4610
    6386      52.2378
    6387      47.5988
    6388      50.7056
    6389      46.6663
    6390      52.2901
    6391      50.5760
    6392      47.1613
    6393      45.8393
    6394      48.6337
    6395      46.5630
    6396      53.3276
    6397      59.1735
    6398      53.9300
    6399      54.9943
    6400      63.0740
    6401      59.5293
    6402      63.4978
    6403      61.4222
    6404      58.0497
    6405      59.8342
    6406      55.7650
    6407      51.9626
    6408      50.3845
    6409      51.4125
    6410      51.8990
    6411      48.1272
    6412      44.3373
    6413      46.1268
    6414      46.8787
    6415      45.4507
    6416      49.3433
    6417      47.7261
    6418      50.4146
    6419      51.0312
    6420      56.5151
    6421      55.4444
    6422      48.9819
    6423      50.2149
    6424      49.5723
    6425      50.9229
    6426      49.5594
    6427      48.3938
    6428      44.6829
    6429      49.5820
    6430      50.9295
    6431      52.4860
    6432      51.6870
    6433      49.7817
    6434      50.1807
    6435      49.0013
    6436      50.4378
    6437      46.1513
    6438      46.1546
    6439      51.3981
    6440      52.0664
    6441      52.9413
    6442      47.1857
    6443      44.9294
    6444      44.5380
    6445      47.8368
    6446      46.4390
    6447      47.8034
    6448      45.8966
    6449      52.7560
    6450      48.4794
    6451      42.0778
    6452      43.5961
    6453      43.0489
    6454      44.4979
    6455      44.9313
    6456      49.3922
    6457      50.7648
    6458      49.6125
    6459      47.4504
    6460      50.7866
    6461      50.4733
    6462      51.4254
    6463      52.0845
    6464      52.5150
    6465      49.4375
    6466      49.4609
    6467      48.0585
    6468      42.5638
    6469      51.7495
    6470      49.7696
    6471      51.8493
    6472      52.5801
    6473      55.4502
    6474      57.7005
    6475      52.0714
    6476      54.4543
    6477      48.9762
    6478      47.6004
    6479      47.9131
    6480      49.0875
    6481      48.0454
    6482      56.7343
    6483      56.1429
    6484      59.3153
    6485      54.7344
    6486      54.5246
    6487      51.4317
    6488      50.4010
    6489      52.8872
    6490      54.2274
    6491      49.5776
    6492      51.6811
    6493      50.0558
    6494      52.3020
    6495      55.6233
    6496      54.1224
    6497      52.7017
    6498      52.7769
    6499      51.4397
    6500      50.8916
    6501      51.1344
    6502      61.2757
    6503      50.0682
    6504      54.5966
    6505      52.0266
    6506      59.6700
    6507      57.4357
    6508      53.2367
    6509      50.9774
    6510      49.0372
    6511      51.4884
    6512      53.0064
    6513      50.0628
    6514      49.9321
    6515      51.6189
    6516      48.6499
    6517      48.0879
    6518      48.2494
    6519      47.8117
    6520      52.9865
    6521      45.3172
    6522      46.6958
    6523      48.5650
    6524      51.8191
    6525      49.5011
    6526      52.0098
    6527      52.8264
    6528      50.0308
    6529      51.8661
    6530      50.9757
    6531      48.1339
    6532      54.1894
    6533      47.3900
    6534      54.4026
    6535      47.2426
    6536      50.6496
    6537      51.3859
    6538      50.5286
    6539      52.6777
    6540      48.4114
    6541      47.4066
    6542      45.3883
    6543      45.4970
    6544      47.1214
    6545      43.8821
    6546      40.8909
    6547      48.9374
    6548      48.6736
    6549      41.9572
    6550      45.2552
    6551      46.2975
    6552      49.3247
    6553      46.7289
    6554      46.8253
    6555      46.1607
    6556      50.0355
    6557      47.2178
    6558      45.1844
    6559      50.4111
    6560      47.8482
    6561      42.3389
    6562      43.4454
    6563      42.8902
    6564      47.4944
    6565      47.1167
    6566      46.3946
    6567      52.2051
    6568      56.4424
    6569      55.2144
    6570      55.5595
    6571      47.7961
    6572      49.3956
    6573      52.4094
    6574      55.5106
    6575      56.5549
    6576      58.0583
    6577      56.6042
    6578      60.1458
    6579      53.9015
    6580      58.3943
    6581      54.0061
    6582      51.7062
    6583      52.7607
    6584      53.0704
    6585      49.3297
    6586      45.3558
    6587      48.2229
    6588      47.1129
    6589      45.8854
    6590      49.9632
    6591      51.0376
    6592      54.4994
    6593      58.4118
    6594      52.7113
    6595      49.5207
    6596      55.6369
    6597      57.2700
    6598      54.9973
    6599      59.3914
    6600      55.9675
    6601      54.9687
    6602      51.1871
    6603      49.7320
    6604      50.7593
    6605      55.3898
    6606      52.0323
    6607      46.3504
    6608      48.2293
    6609      53.9986
    6610      51.9582
    6611      52.9556
    6612      51.7322
    6613      49.6621
    6614      52.0242
    6615      51.5443
    6616      47.4770
    6617      42.7280
    6618      41.3041
    6619      37.5227
    6620      44.6878
    6621      49.2039
    6622      47.0802
    6623      45.3103
    6624      43.9593
    6625      46.9135
    6626      50.2594
    6627      49.9948
    6628      50.0758
    6629      54.8952
    6630      51.4850
    6631      48.9464
    6632      51.2434
    6633      45.5815
    6634      45.5703
    6635      42.4490
    6636      36.1645
    6637      41.9968
    6638      38.3915
    6639      39.2517
    6640      41.8180
    6641      41.3531
    6642      39.1705
    6643      39.3287
    6644      42.6322
    6645      48.7262
    6646      48.4212
    6647      46.7661
    6648      42.0979
    6649      40.1950
    6650      41.5381
    6651      37.7176
    6652      46.8074
    6653      49.6569
    6654      49.7213
    6655      44.1371
    6656      51.2955
    6657      48.8138
    6658      49.0702
    6659      48.4198
    6660      49.8580
    6661      51.9837
    6662      53.4565
    6663      54.1411
    6664      56.8862
    6665      52.2141
    6666      51.0308
    6667      54.8468
    6668      53.1626
    6669      47.6645
    6670      50.0297
    6671      48.2750
    6672      47.2464
    6673      50.3319
    6674      48.9188
    6675      51.1566
    6676      47.5831
    6677      43.5141
    6678      45.1914
    6679      50.1214
    6680      43.0405
    6681      43.5553
    6682      45.2373
    6683      47.2977
    6684      45.2133
    6685      47.0329
    6686      47.2504
    6687      44.2819
    6688      43.0689
    6689      42.2186
    6690      42.0644
    6691      44.5469
    6692      48.4471
    6693      52.4423
    6694      51.5476
    6695      51.7564
    6696      52.5787
    6697      52.3001
    6698      51.3928
    6699      51.6011
    6700      55.4017
    6701      47.1579
    6702      51.0209
    6703      44.3013
    6704      46.6140
    6705      49.1071
    6706      49.2244
    6707      49.7944
    6708      50.4718
    6709      47.4732
    6710      52.9152
    6711      54.2336
    6712      53.5937
    6713      46.0719
    6714      44.2298
    6715      47.7946
    6716      53.3016
    6717      50.2027
    6718      46.8457
    6719      47.1053
    6720      48.5844
    6721      46.5873
    6722      52.1431
    6723      53.1758
    6724      52.6251
    6725      52.0207
    6726      48.8321
    6727      53.2002
    6728      58.3775
    6729      57.8618
    6730      61.2439
    6731      62.8991
    6732      57.1864
    6733      57.0643
    6734      50.3943
    6735      49.8899
    6736      48.7896
    6737      47.5161
    6738      52.8116
    6739      46.9938
    6740      45.8154
    6741      51.2319
    6742      51.3430
    6743      49.7027
    6744      48.4458
    6745      44.9138
    6746      46.3107
    6747      47.4076
    6748      47.2424
    6749      47.3022
    6750      51.4409
    6751      50.0175
    6752      53.7135
    6753      54.3809
    6754      53.9813
    6755      56.2619
    6756      51.9359
    6757      55.4162
    6758      49.9579
    6759      48.6975
    6760      50.2140
    6761      54.0288
    6762      57.8687
    6763      60.9907
    6764      60.7047
    6765      58.7308
    6766      58.9910
    6767      60.9617
    6768      61.4671
    6769      59.2921
    6770      55.2604
    6771      57.4995
    6772      52.5862
    6773      58.7783
    6774      61.4542
    6775      57.7817
    6776      61.3709
    6777      64.6489
    6778      70.0394
    6779      67.6717
    6780      61.2835
    6781      59.5884
    6782      63.7973
    6783      62.8546
    6784      58.4323
    6785      52.3526
    6786      51.3259
    6787      54.2282
    6788      54.9034
    6789      53.8044
    6790      53.9673
    6791      50.9183
    6792      48.4235
    6793      54.2510
    6794      49.2509
    6795      50.2857
    6796      41.3080
    6797      47.8558
    6798      50.8809
    6799      51.5299
    6800      54.1607
    6801      52.6360
    6802      52.4771
    6803      52.7048
    6804      53.6883
    6805      52.7938
    6806      55.6302
    6807      51.2316
    6808      54.9223
    6809      53.8062
    6810      55.6859
    6811      54.0271
    6812      46.2428
    6813      56.3080
    6814      59.3780
    6815      56.1806
    6816      53.8036
    6817      44.6337
    6818      43.5097
    6819      47.5562
    6820      51.2424
    6821      51.6063
    6822      50.2481
    6823      50.2511
    6824      50.3819
    6825      51.4168
    6826      50.6140
    6827      50.4985
    6828      50.0612
    6829      47.7994
    6830      57.2985
    6831      52.4362
    6832      55.6264
    6833      55.9974
    6834      54.8892
    6835      52.4088
    6836      53.4810
    6837      50.8745
    6838      51.0620
    6839      52.4380
    6840      50.1751
    6841      52.5748
    6842      51.4295
    6843      52.6943
    6844      50.5233
    6845      47.4450
    6846      45.4864
    6847      51.3905
    6848      50.5317
    6849      49.6837
    6850      46.3321
    6851      47.6006
    6852      54.7823
    6853      55.4013
    6854      52.2065
    6855      52.0170
    6856      54.3123
    6857      49.4353
    6858      46.3310
    6859      47.8748
    6860      50.0870
    6861      50.5673
    6862      48.6277
    6863      46.5171
    6864      48.4427
    6865      51.1144
    6866      47.9941
    6867      47.9840
    6868      51.1262
    6869      50.8119
    6870      51.0156
    6871      51.1014
    6872      51.0114
    6873      46.0311
    6874      47.2038
    6875      49.7946
    6876      49.5467
    6877      54.3835
    6878      52.2550
    6879      53.7485
    6880      50.9891
    6881      50.7934
    6882      49.0312
    6883      48.4379
    6884      50.4209
    6885      51.6920
    6886      49.6887
    6887      51.3102
    6888      49.7024
    6889      52.8617
    6890      52.6908
    6891      50.9359
    6892      48.0876
    6893      46.0679
    6894      48.0588
    6895      47.1077
    6896      49.6919
    6897      51.5446
    6898      49.6598
    6899      49.2418
    6900      51.0066
    6901      49.1730
    6902      50.4630
    6903      49.7678
    6904      54.6248
    6905      50.6828
    6906      50.4703
    6907      47.8496
    6908      44.8269
    6909      44.0049
    6910      47.1123
    6911      48.8255
    6912      48.2895
    6913      45.9897
    6914      43.0414
    6915      47.4715
    6916      42.6459
    6917      46.6101
    6918      46.2570
    6919      45.3507
    6920      44.9628
    6921      45.9524
    6922      44.3373
    6923      47.5912
    6924      47.8212
    6925      49.0249
    6926      47.0926
    6927      48.0890
    6928      43.6943
    6929      42.7358
    6930      46.6117
    6931      46.5074
    6932      46.2363
    6933      45.7945
    6934      48.6636
    6935      47.9338
    6936      45.3087
    6937      46.1639
    6938      48.0869
    6939      47.2649
    6940      48.2661
    6941      46.9303
    6942      48.1065
    6943      44.8489
    6944      44.3097
    6945      46.8786
    6946      51.2478
    6947      46.4313
    6948      49.2686
    6949      49.5266
    6950      49.0416
    6951      52.0087
    6952      47.4022
    6953      51.2754
    6954      51.1560
    6955      49.2153
    6956      49.2659
    6957      46.1026
    6958      43.4749
    6959      46.1776
    6960      41.4365
    6961      40.5434
    6962      44.8505
    6963      44.1961
    6964      45.8735
    6965      46.3178
    6966      47.2711
    6967      47.3935
    6968      49.4046
    6969      50.2689
    6970      46.8530
    6971      44.8244
    6972      45.9288
    6973      43.5773
    6974      43.3517
    6975      44.9348
    6976      43.7749
    6977      46.3104
    6978      41.5533
    6979      45.2212
    6980      48.2896
    6981      48.5923
    6982      47.5835
    6983      48.7746
    6984      48.3547
    6985      48.9715
    6986      52.6103
    6987      49.7883
    6988      53.6854
    6989      53.3556
    6990      53.1092
    6991      56.1735
    6992      53.5891
    6993      53.5954
    6994      52.6420
    6995      53.4592
    6996      53.9757
    6997      53.7992
    6998      54.7610
    6999      56.6761
    7000      54.9885
    7001      53.9692
    7002      56.8605
    7003      51.4649
    7004      54.3123
    7005      52.2406
    7006      49.7961
    7007      48.3690
    7008      45.3180
    7009      41.7742
    7010      41.8320
    7011      43.2086
    7012      46.1975
    7013      42.9408
    7014      42.7499
    7015      45.3876
    7016      53.0968
    7017      56.4226
    7018      55.0059
    7019      56.8224
    7020      52.7783
    7021      48.1640
    7022      45.7288
    7023      49.6517
    7024      49.4029
    7025      52.4917
    7026      52.4040
    7027      55.6256
    7028      49.0362
    7029      48.2496
    7030      43.5313
    7031      42.5842
    7032      44.8186
    7033      45.7480
    7034      45.6638
    7035      44.5145
    7036      37.8726
    7037      38.4353
    7038      41.6774
    7039      41.2550
    7040      39.9205
    7041      43.3076
    7042      39.7369
    7043      46.4637
    7044      43.4704
    7045      43.3151
    7046      45.6007
    7047      38.3311
    7048      41.1305
    7049      45.3725
    7050      43.4174
    7051      42.4685
    7052      41.1991
    7053      42.1898
    7054      37.1642
    7055      43.8112
    7056      43.7477
    7057      41.8648
    7058      43.0470
    7059      40.5001
    7060      38.3601
    7061      42.1472
    7062      44.8662
    7063      47.2858
    7064      47.0776
    7065      46.9631
    7066      42.8693
    7067      45.1522
    7068      48.5027
    7069      49.6776
    7070      46.2970
    7071      44.2506
    7072      48.1625
    7073      41.5122
    7074      37.8686
    7075      43.0722
    7076      45.3088
    7077      49.0435
    7078      51.3296
    7079      60.7805
    7080      57.8564
    7081      51.7658
    7082      43.1172
    7083      44.2745
    7084      46.1100
    7085      48.0040
    7086      47.8380
    7087      44.3386
    7088      39.9642
    7089      38.8174
    7090      44.8904
    7091      47.7825
    7092      46.7886
    7093      48.1241
    7094      45.0668
    7095      47.1007
    7096      40.2481
    7097      42.2353
    7098      40.9598
    7099      40.7796
    7100      40.0940
    7101      43.3365
    7102      43.3076
    7103      34.5618
    7104      32.3272
    7105      36.2319
    7106      34.6638
    7107      41.3955
    7108      40.3449
    7109      39.4643
    7110      39.3974
    7111      40.2845
    7112      40.4713
    7113      38.9053
    7114      39.2344
    7115      44.5962
    7116      44.4205
    7117      40.1036
    7118      45.4031
    7119      41.9995
    7120      42.0810
    7121      39.8791
    7122      41.3344
    7123      41.2500
    7124      42.6507
    7125      40.5522
    7126      43.8375
    7127      42.4854
    7128      38.8303
    7129      40.6641
    7130      42.9278
    7131      42.4423
    7132      39.4038
    7133      41.0768
    7134      41.0593
    7135      40.5047
    7136      46.0193
    7137      43.0090
    7138      46.3636
    7139      42.2510
    7140      46.8808
    7141      45.9049
    7142      44.7159
    7143      41.0130
    7144      36.0815
    7145      39.0478
    7146      39.8863
    7147      39.4247
    7148      39.0016
    7149      42.3269
    7150      44.6646
    7151      42.4879
    7152      41.7574
    7153      41.2071
    7154      39.9077
    7155      45.3080
    7156      42.1115
    7157      37.8882
    7158      39.2983
    7159      42.9780
    7160      44.5992
    7161      42.6828
    7162      43.1926
    7163      47.6745
    7164      45.7711
    7165      41.5220
    7166      39.2224
    7167      42.2998
    7168      41.5827
    7169      39.8730
    7170      41.8994
    7171      40.7601
    7172      39.1745
    7173      35.2425
    7174      37.4618
    7175      39.2443
    7176      41.8431
    7177      42.5082
    7178      46.2605
    7179      40.5878
    7180      40.2423
    7181      40.0786
    7182      42.6238
    7183      41.0384
    7184      42.3036
    7185      43.8493
    7186      45.1442
    7187      47.3433
    7188      43.8167
    7189      43.2294
    7190      43.3675
    7191      49.0907
    7192      48.4889
    7193      41.7383
    7194      43.5522
    7195      46.9836
    7196      44.4270
    7197      46.1029
    7198      42.0625
    7199      42.0492
    7200      40.4287
    7201      42.3508
    7202      43.9841
    7203      44.3184
    7204      47.4277
    7205      45.8380
    7206      42.3108
    7207      42.6608
    7208      51.4691
    7209      50.1465
    7210      48.0786
    7211      43.8781
    7212      44.0209
    7213      43.0405
    7214      46.9215
    7215      47.2486
    7216      48.0977
    7217      51.0171
    7218      47.8249
    7219      43.4546
    7220      45.5180
    7221      48.5714
    7222      46.9963
    7223      52.7323
    7224      50.0889
    7225      46.6135
    7226      49.4855
    7227      46.1581
    7228      48.3123
    7229      48.6894
    7230      46.9371
    7231      43.2008
    7232      44.1382
    7233      38.7768
    7234      43.4161
    7235      45.1326
    7236      46.0958
    7237      42.8771
    7238      44.0861
    7239      43.2477
    7240      48.7823
    7241      43.6885
    7242      47.0355
    7243      46.1477
    7244      44.3676
    7245      44.9141
    7246      41.1874
    7247      42.3061
    7248      47.0039
    7249      44.8254
    7250      40.6016
    7251      43.2398
    7252      44.1382
    7253      44.5884
    7254      44.4296
    7255      45.3204
    7256      42.5717
    7257      44.1374
    7258      38.9624
    7259      39.6428
    7260      37.8502
    7261      41.4766
    7262      43.9730
    7263      44.5231
    7264      44.9092
    7265      45.6100
    7266      39.3909
    7267      37.2476
    7268      34.0116
    7269      35.3072
    7270      34.9288
    7271      38.8425
    7272      35.7658
    7273      42.5023
    7274      39.0158
    7275      40.7644
    7276      40.6447
    7277      45.5085
    7278      45.1287
    7279      46.5104
    7280      45.3886
    7281      45.1512
    7282      50.9044
    7283      48.1998
    7284      47.5857
    7285      46.9322
    7286      47.1210
    7287      48.1141
    7288      51.0118
    7289      51.3119
    7290      54.8253
    7291      49.4477
    7292      46.5121
    7293      50.1701
    7294      54.1667
    7295      51.8817
    7296      48.5392
    7297      50.2400
    7298      48.9070
    7299      48.9726
    7300      43.5698
    7301      44.8916
    7302      46.8202
    7303      51.2374
    7304      54.5668
    7305      57.4567
    7306      57.0164
    7307      53.5266
    7308      54.9021
    7309      52.5701
    7310      52.6749
    7311      53.8815
    7312      51.2304
    7313      49.8679
    7314      47.9643
    7315      45.3597
    7316      51.4726
    7317      48.7056
    7318      49.7478
    7319      53.2344
    7320      50.1995
    7321      52.8973
    7322      49.6488
    7323      52.8209
    7324      50.7750
    7325      46.9585
    7326      50.0107
    7327      47.3354
    7328      47.0961
    7329      50.2904
    7330      54.4869
    7331      53.6835
    7332      51.6148
    7333      42.4944
    7334      46.2272
    7335      47.1102
    7336      40.7526
    7337      42.0373
    7338      45.0992
    7339      47.2553
    7340      50.1499
    7341      44.2652
    7342      45.8439
    7343      46.6169
    7344      47.7003
    7345      51.9903
    7346      48.9673
    7347      48.0096
    7348      44.7813
    7349      42.4090
    7350      41.4413
    7351      46.5254
    7352      44.3543
    7353      44.6475
    7354      47.4766
    7355      43.1624
    7356      42.7672
    7357      43.7475
    7358      43.2846
    7359      51.8175
    7360      51.6508
    7361      51.6099
    7362      47.9992
    7363      48.9665
    7364      49.5822
    7365      51.3687
    7366      50.8903
    7367      46.2511
    7368      44.0601
    7369      49.4360
    7370      45.4209
    7371      44.7667
    7372      44.9250
    7373      42.4106
    7374      44.2696
    7375      44.4178
    7376      44.4086
    7377      44.7788
    7378      45.6901
    7379      44.0337
    7380      40.5681
    7381      39.8653
    7382      41.3905
    7383      38.3882
    7384      40.6264
    7385      40.7735
    7386      41.0019
    7387      40.3323
    7388      35.4313
    7389      40.0798
    7390      44.9822
    7391      46.9170
    7392      43.4864
    7393      47.3049
    7394      44.2455
    7395      50.5820
    7396      46.1465
    7397      43.0955
    7398      41.7990
    7399      41.2236
    7400      42.5278
    7401      44.3647
    7402      45.2165
    7403      50.8740
    7404      47.8973
    7405      42.8980
    7406      47.9683
    7407      46.4758
    7408      49.5218
    7409      48.4727
    7410      50.9703
    7411      47.8493
    7412      49.1301
    7413      51.9129
    7414      45.5580
    7415      46.6945
    7416      51.4922
    7417      47.2883
    7418      48.3419
    7419      48.2739
    7420      49.2064
    7421      52.2815
    7422      46.9879
    7423      45.9158
    7424      47.2937
    7425      46.7166
    7426      46.4739
    7427      41.6418
    7428      45.4108
    7429      44.2019
    7430      49.2667
    7431      49.6521
    7432      50.7700
    7433      41.6423
    7434      43.2575
    7435      45.3126
    7436      51.2843
    7437      48.5817
    7438      51.0653
    7439      47.2834
    7440      51.2782
    7441      46.8667
    7442      47.3406
    7443      46.5565
    7444      50.2367
    7445      50.9570
    7446      49.0497
    7447      46.5788
    7448      46.5325
    7449      49.1799
    7450      49.5956
    7451      45.3089
    7452      48.5061
    7453      56.9190
    7454      51.8460
    7455      46.1195
    7456      44.0776
    7457      41.2664
    7458      50.4069
    7459      56.2662
    7460      44.1088
    7461      44.0601
    7462      42.6212
    7463      47.2437
    7464      49.0559
    7465      53.5653
    7466      55.5288
    7467      57.9102
    7468      56.7197
    7469      48.3874
    7470      52.0974
    7471      50.0301
    7472      49.0226
    7473      45.5814
    7474      45.1138
    7475      41.5186
    7476      47.5067
    7477      42.9104
    7478      42.6964
    7479      50.6977
    7480      46.3338
    7481      47.1016
    7482      45.8725
    7483      47.6674
    7484      46.6548
    7485      49.0227
    7486      51.9959
    7487      47.9128
    7488      50.4835
    7489      48.1806
    7490      44.3991
    7491      45.5173
    7492      48.1448
    7493      51.4971
    7494      51.3918
    7495      54.4872
    7496      48.3540
    7497      48.4305
    7498      46.5508
    7499      51.5143
    7500      54.2926
    7501      51.4662
    7502      53.0465
    7503      52.3882
    7504      50.0588
    7505      48.2681
    7506      50.5844
    7507      51.5681
    7508      49.7151
    7509      48.7054
    7510      46.0313
    7511      46.7762
    7512      45.5437
    7513      47.2899
    7514      53.6323
    7515      49.7286
    7516      52.3309
    7517      49.0771
    7518      48.9733
    7519      45.7408
    7520      43.6136
    7521      47.5603
    7522      51.2466
    7523      53.7010
    7524      52.3699
    7525      46.5963
    7526      43.1771
    7527      44.2033
    7528      47.1900
    7529      45.2319
    7530      44.9849
    7531      45.3757
    7532      49.0653
    7533      49.8532
    7534      51.0969
    7535      53.9363
    7536      53.2785
    7537      53.3467
    7538      49.6330
    7539      53.0686
    7540      47.9760
    7541      43.2100
    7542      50.9816
    7543      49.8274
    7544      42.3379
    7545      47.1678
    7546      48.8746
    7547      44.4124
    7548      45.5129
    7549      45.7142
    7550      48.0184
    7551      45.8815
    7552      41.3216
    7553      43.8547
    7554      43.6458
    7555      46.3566
    7556      48.8488
    7557      47.4084
    7558      46.0119
    7559      39.5586
    7560      38.6311
    7561      42.9399
    7562      45.9968
    7563      46.4794
    7564      52.7369
    7565      51.7949
    7566      50.8150
    7567      49.5066
    7568      44.2738
    7569      41.1834
    7570      35.9070
    7571      39.6060
    7572      41.9620
    7573      46.2581
    7574      45.9318
    7575      48.0424
    7576      42.2343
    7577      39.7277
    7578      31.5523
    7579      33.9506
    7580      36.9247
    7581      40.0839
    7582      38.4142
    7583      33.0430
    7584      37.8526
    7585      46.5313
    7586      46.2281
    7587      43.9767
    7588      46.3966
    7589      44.9420
    7590      47.3019
    7591      43.4938
    7592      48.5262
    7593      44.3918
    7594      38.6400
    7595      38.5099
    7596      36.8134
    7597      37.8864
    7598      40.0798
    7599      38.7986
    7600      36.0869
    7601      40.0517
    7602      40.0051
    7603      45.0389
    7604      42.9430
    7605      43.6892
    7606      43.3930
    7607      39.6317
    7608      42.5441
    7609      41.1221
    7610      45.2396
    7611      44.0306
    7612      44.8532
    7613      51.5305
    7614      55.8677
    7615      56.6521
    7616      52.6967
    7617      44.9589
    7618      45.2554
    7619      47.6065
    7620      44.3345
    7621      44.5185
    7622      42.9327
    7623      39.6645
    7624      46.1778
    7625      44.7464
    7626      45.9340
    7627      45.2096
    7628      48.4337
    7629      51.8337
    7630      49.5338
    7631      50.8369
    7632      50.7904
    7633      48.6711
    7634      51.5254
    7635      49.8152
    7636      51.0416
    7637      54.1564
    7638      50.0654
    7639      50.1519
    7640      49.4887
    7641      53.3231
    7642      53.6427
    7643      58.2319
    7644      55.6883
    7645      56.9481
    7646      56.0390
    7647      57.9558
    7648      54.2271
    7649      54.4240
    7650      58.5311
    7651      54.9423
    7652      55.6154
    7653      49.8158
    7654      49.6302
    7655      49.3867
    7656      40.6798
    7657      48.7531
    7658      48.6611
    7659      45.8517
    7660      50.5172
    7661      49.3855
    7662      49.0715
    7663      49.6273
    7664      50.6939
    7665      49.6564
    7666      46.8626
    7667      45.2940
    7668      47.8209
    7669      50.3690
    7670      53.5624
    7671      46.4838
    7672      40.6482
    7673      40.0668
    7674      38.4149
    7675      36.8768
    7676      41.4071
    7677      39.7172
    7678      35.7492
    7679      31.4484
    7680      33.6516
    7681      35.8821
    7682      34.9061
    7683      30.6352
    7684      32.3656
    7685      34.3916
    7686      33.9371
    7687      35.3462
    7688      31.1845
    7689      28.1514
    7690      29.6643
    7691      31.8224
    7692      32.1925
    7693      36.8706
    7694      37.4029
    7695      36.0037
    7696      34.8987
    7697      41.1755
    7698      43.0834
    7699      44.0715
    7700      37.4339
    7701      41.6289
    7702      35.4116
    7703      37.6196
    7704      35.4223
    7705      33.3534
    7706      34.4906
    7707      31.3488
    7708      32.2269
    7709      34.3255
    7710      32.3639
    7711      34.9713
    7712      36.9503
    7713      40.1766
    7714      37.2912
    7715      38.0144
    7716      38.8988
    7717      47.8171
    7718      40.1100
    7719      34.9655
    7720      32.5532
    7721      36.4583
    7722      36.0629
    7723      34.5698
    7724      31.9003
    7725      28.3214
    7726      27.5451
    7727      30.3265
    7728      37.7940
    7729      39.5094
    7730      34.1515
    7731      35.8547
    7732      39.5240
    7733      35.0766
    7734      33.0587
    7735      38.1746
    7736      36.9775
    7737      41.2714
    7738      40.9586
    7739      31.3839
    7740      36.0908
    7741      33.4372
    7742      32.5299
    7743      32.9290
    7744      30.6212
    7745      31.3091
    7746      31.0904
    7747      29.4094
    7748      31.0545
    7749      37.1447
    7750      35.0360
    7751      37.5641
    7752      36.4940
    7753      36.1540
    7754      34.8777
    7755      34.6529
    7756      38.7840
    7757      32.7688
    7758      35.9029
    7759      37.0377
    7760      33.4490
    7761      32.4666
    7762      35.1871
    7763      28.8346
    7764      29.3741
    7765      32.9479
    7766      32.6293
    7767      33.4110
    7768      36.6251
    7769      29.3336
    7770      32.3094
    7771      42.1098
    7772      36.5461
    7773      37.4296
    7774      37.9906
    7775      40.9819
    7776      35.9166
    7777      39.3026
    7778      39.8382
    7779      35.8539
    7780      35.3851
    7781      38.0922
    7782      42.2986
    7783      38.6361
    7784      37.9587
    7785      36.3512
    7786      37.0876
    7787      43.5232
    7788      44.2828
    7789      43.2409
    7790      39.3216
    7791      39.1731
    7792      42.7093
    7793      41.5483
    7794      39.1238
    7795      40.3883
    7796      42.0744
    7797      42.2674
    7798      41.3200
    7799      40.7343
    7800      37.8853
    7801      37.2448
    7802      33.6247
    7803      31.5820
    7804      36.6515
    7805      35.0502
    7806      33.8705
    7807      33.1561
    7808      36.7889
    7809      32.3352
    7810      33.4932
    7811      36.8181
    7812      36.2363
    7813      35.4124
    7814      36.8331
    7815      35.7761
    7816      36.1795
    7817      36.7579
    7818      37.4876
    7819      36.9354
    7820      37.0292
    7821      35.4621
    7822      36.2703
    7823      41.8920
    7824      43.1517
    7825      42.8591
    7826      39.7663
    7827      37.9847
    7828      41.2161
    7829      41.4192
    7830      42.5510
    7831      49.7725
    7832      53.4387
    7833      55.3909
    7834      52.3912
    7835      48.7226
    7836      49.0892
    7837      52.1042
    7838      53.4102
    7839      50.0434
    7840      54.2748
    7841      58.4253
    7842      57.4816
    7843      57.1010
    7844      54.9592
    7845      48.4980
    7846      56.2875
    7847      58.0366
    7848      58.6186
    7849      61.5073
    7850      59.2781
    7851      55.7615
    7852      49.0133
    7853      48.6095
    7854      44.5458
    7855      41.1424
    7856      46.0733
    7857      47.7594
    7858      53.9986
    7859      50.3673
    7860      49.7889
    7861      53.9473
    7862      53.6128
    7863      48.2107
    7864      42.6325
    7865      47.0582
    7866      44.5621
    7867      36.5191
    7868      42.1074
    7869      38.9730
    7870      43.8379
    7871      45.5492
    7872      43.7055
    7873      42.2783
    7874      43.6657
    7875      49.9580
    7876      46.7095
    7877      43.3046
    7878      40.6541
    7879      42.0819
    7880      42.7157
    7881      40.1396
    7882      42.4463
    7883      38.5498
    7884      36.8084
    7885      42.2718
    7886      40.2363
    7887      43.5535
    7888      47.7644
    7889      44.4762
    7890      42.4823
    7891      52.2735
    7892      54.4669
    7893      54.0437
    7894      52.4300
    7895      54.7993
    7896      51.7394
    7897      55.4340
    7898      55.1872
    7899      53.5281
    7900      47.6370
    7901      42.4093
    7902      36.5996
    7903      37.4539
    7904      42.5920
    7905      41.6533
    7906      43.6962
    7907      42.0670
    7908      45.0288
    7909      46.5881
    7910      50.6275
    7911      53.6497
    7912      50.5680
    7913      44.7503
    7914      42.1445
    7915      43.9495
    7916      44.6514
    7917      43.9180
    7918      44.0564
    7919      48.6562
    7920      46.9424
    7921      49.3840
    7922      52.2706
    7923      49.0900
    7924      47.0078
    7925      47.3782
    7926      51.6946
    7927      51.9387
    7928      53.7171
    7929      56.2123
    7930      53.5471
    7931      54.2276
    7932      52.7875
    7933      51.3562
    7934      52.0103
    7935      51.7116
    7936      45.9908
    7937      47.0162
    7938      44.2854
    7939      49.0300
    7940      49.5867
    7941      52.0800
    7942      52.9182
    7943      49.8219
    7944      50.3746
    7945      53.6318
    7946      47.2213
    7947      53.4908
    7948      51.9638
    7949      49.7026
    7950      52.8098
    7951      46.5903
    7952      41.5794
    7953      45.7639
    7954      43.5827
    7955      49.5491
    7956      50.0241
    7957      50.7139
    7958      53.7331
    7959      54.2775
    7960      50.3742
    7961      53.1251
    7962      50.9379
    7963      45.5624
    7964      45.6413
    7965      47.0094
    7966      45.5532
    7967      40.2631
    7968      48.8919
    7969      48.7707
    7970      50.9271
    7971      47.7686
    7972      47.3697
    7973      47.8777
    7974      47.7623
    7975      45.0484
    7976      48.2415
    7977      46.0149
    7978      47.9003
    7979      49.9752
    7980      50.7564
    7981      49.0446
    7982      50.6893
    7983      50.1059
    7984      43.1744
    7985      48.1529
    7986      53.8695
    7987      56.8616
    7988      55.2533
    7989      48.7568
    7990      47.7367
    7991      47.6884
    7992      50.4403
    7993      50.4338
    7994      48.6816
    7995      49.6580
    7996      48.3593
    7997      49.9192
    7998      45.1198
    7999      43.2920
    8000      45.6846
    8001      48.0274
    8002      49.5649
    8003      47.9794
    8004      43.4723
    8005      45.6920
    8006      47.6721
    8007      49.2014
    8008      47.4200
    8009      54.6180
    8010      57.9762
    8011      54.9020
    8012      53.0549
    8013      56.8019
    8014      58.7426
    8015      60.8825
    8016      63.4815
    8017      63.4153
    8018      63.5265
    8019      63.5957
    8020      59.4265
    8021      60.1131
    8022      58.7930
    8023      57.8881
    8024      58.5336
    8025      59.6711
    8026      65.5738
    8027      59.2886
    8028      54.1016
    8029      54.1519
    8030      47.5631
    8031      47.7947
    8032      50.2718
    8033      47.5771
    8034      46.1649
    8035      52.0295
    8036      50.6676
    8037      54.1780
    8038      56.5275
    8039      55.1708
    8040      60.0682
    8041      56.2814
    8042      50.5970
    8043      52.6458
    8044      57.7416
    8045      52.6179
    8046      51.5759
    8047      51.8811
    8048      52.0100
    8049      59.4787
    8050      57.7324
    8051      51.5575
    8052      50.1331
    8053      48.3057
    8054      52.8922
    8055      54.8102
    8056      57.7140
    8057      60.6767
    8058      57.3609
    8059      55.0135
    8060      54.7003
    8061      51.3718
    8062      51.6933
    8063      55.1170
    8064      54.4833
    8065      49.8227
    8066      52.7645
    8067      50.0181
    8068      49.6509
    8069      49.7966
    8070      51.3086
    8071      47.6370
    8072      48.2011
    8073      50.5090
    8074      50.7202
    8075      52.0846
    8076      54.8170
    8077      58.6533
    8078      56.3147
    8079      52.4529
    8080      56.5365
    8081      48.6632
    8082      48.5416
    8083      55.8051
    8084      56.8971
    8085      60.4044
    8086      57.7317
    8087      56.3275
    8088      57.6689
    8089      60.6052
    8090      54.5225
    8091      48.2924
    8092      45.5064
    8093      46.1439
    8094      44.8453
    8095      44.8043
    8096      45.2492
    8097      47.0152
    8098      48.7600
    8099      49.0106
    8100      43.7818
    8101      42.8901
    8102      44.4979
    8103      40.6240
    8104      38.5552
    8105      39.6521
    8106      36.3396
    8107      37.8762
    8108      36.3725
    8109      40.8286
    8110      40.2462
    8111      39.8365
    8112      37.7755
    8113      40.3765
    8114      41.0939
    8115      37.5434
    8116      36.8256
    8117      38.9441
    8118      36.3273
    8119      36.4741
    8120      36.9376
    8121      42.2336
    8122      41.3404
    8123      42.8012
    8124      38.3290
    8125      47.0583
    8126      44.0913
    8127      50.0309
    8128      50.9579
    8129      50.2224
    8130      53.7230
    8131      58.0271
    8132      52.1373
    8133      54.4845
    8134      57.0212
    8135      56.9047
    8136      57.0150
    8137      57.5707
    8138      50.1765
    8139      47.6024
    8140      47.6121
    8141      52.5178
    8142      59.3497
    8143      58.5955
    8144      47.3883
    8145      48.1302
    8146      49.0202
    8147      49.4729
    8148      52.0158
    8149      52.6622
    8150      52.4079
    8151      48.4461
    8152      45.2373
    8153      50.7794
    8154      52.6313
    8155      48.1318
    8156      44.8738
    8157      42.3977
    8158      46.3380
    8159      48.6936
    8160      50.4653
    8161      46.0221
    8162      46.7341
    8163      50.1259
    8164      48.9351
    8165      50.9744
    8166      52.1981
    8167      48.4545
    8168      43.4012
    8169      52.7157
    8170      44.5603
    8171      45.2670
    8172      45.0256
    8173      46.9084
    8174      48.2606
    8175      51.2676
    8176      49.7495
    8177      54.0479
    8178      52.6980
    8179      50.1588
    8180      47.9691
    8181      41.9375
    8182      42.9211
    8183      45.9550
    8184      49.9287
    8185      59.2779
    8186      56.4223
    8187      54.8431
    8188      51.0166
    8189      48.6386
    8190      49.0764
    8191      48.4447
    8192      51.1796
    8193      48.9722
    8194      51.2460
    8195      51.9253
    8196      48.7039
    8197      51.6620
    8198      49.6519
    8199      47.2787
    8200      45.8953
    8201      46.6340
    8202      43.5654
    8203      46.6687
    8204      45.8997
    8205      46.9690
    8206      50.7652
    8207      48.0868
    8208      51.3443
    8209      49.1447
    8210      47.6018
    8211      48.3549
    8212      47.9589
    8213      55.9190
    8214      56.6633
    8215      52.1604
    8216      50.4532
    8217      51.3328
    8218      55.4671
    8219      52.4977
    8220      52.2527
    8221      50.5787
    8222      50.4344
    8223      50.6804
    8224      45.9722
    8225      47.8325
    8226      46.9587
    8227      54.6637
    8228      56.1118
    8229      55.7210
    8230      49.1510
    8231      52.0385
    8232      47.1021
    8233      52.1640
    8234      55.5015
    8235      55.2824
    8236      52.3990
    8237      51.8496
    8238      49.2721
    8239      52.2337
    8240      55.2778
    8241      48.1985
    8242      46.8125
    8243      47.5640
    8244      44.3637
    8245      50.2760
    8246      51.6266
    8247      52.3532
    8248      55.3700
    8249      57.7558
    8250      55.9341
    8251      50.6531
    8252      49.0194
    8253      48.2325
    8254      46.8166
    8255      48.2653
    8256      46.2676
    8257      44.2113
    8258      48.2968
    8259      48.7442
    8260      47.0661
    8261      51.2246
    8262      50.2353
    8263      48.0917
    8264      45.5610
    8265      48.7419
    8266      55.7049
    8267      48.7877
    8268      47.0748
    8269      53.7121
    8270      53.6755
    8271      47.4163
    8272      48.6909
    8273      45.9124
    8274      47.2739
    8275      48.7190
    8276      52.7482
    8277      50.6117
    8278      39.0730
    8279      40.4726
    8280      41.6399
    8281      45.1856
    8282      45.5897
    8283      50.7704
    8284      51.2759
    8285      45.7874
    8286      52.0772
    8287      48.9795
    8288      50.2545
    8289      45.3148
    8290      45.6408
    8291      42.9139
    8292      39.5790
    8293      38.7198
    8294      36.2739
    8295      39.6554
    8296      41.9675
    8297      42.6951
    8298      45.2860
    8299      42.8686
    8300      39.1402
    8301      43.9199
    8302      46.5578
    8303      45.2790
    8304      44.6084
    8305      47.8380
    8306      48.7201
    8307      44.2225
    8308      48.5994
    8309      46.5404
    8310      47.0103
    8311      45.6363
    8312      40.2223
    8313      46.3059
    8314      50.0089
    8315      54.8034
    8316      50.9452
    8317      48.2999
    8318      51.0613
    8319      48.0824
    8320      52.8302
    8321      49.3756
    8322      53.9981
    8323      51.4507
    8324      54.5422
    8325      53.3046
    8326      56.8684
    8327      54.8953
    8328      53.4006
    8329      51.8524
    8330      53.4827
    8331      51.4129
    8332      45.3139
    8333      45.1398
    8334      45.6786
    8335      41.5754
    8336      45.0599
    8337      46.3255
    8338      51.5456
    8339      48.9779
    8340      44.9800
    8341      42.0194
    8342      43.5061
    8343      52.8254
    8344      56.7023
    8345      58.7791
    8346      55.8265
    8347      52.2294
    8348      52.9627
    8349      57.0033
    8350      54.1381
    8351      52.8315
    8352      49.2593
    8353      50.6767
    8354      52.6839
    8355      55.1191
    8356      49.8538
    8357      45.2497
    8358      51.7469
    8359      50.1666
    8360      51.8273
    8361      47.9573
    8362      50.4329
    8363      55.2067
    8364      53.7806
    8365      50.6134
    8366      51.3000
    8367      55.0975
    8368      50.7971
    8369      54.0962
    8370      53.2813
    8371      55.9142
    8372      58.1333
    8373      55.8301
    8374      51.1256
    8375      48.2399
    8376      45.2779
    8377      49.8279
    8378      45.6362
    8379      49.0002
    8380      49.1669
    8381      52.0017
    8382      50.4121
    8383      53.3702
    8384      48.8364
    8385      43.8368
    8386      40.1383
    8387      43.6703
    8388      41.6676
    8389      41.3596
    8390      43.3011
    8391      47.0048
    8392      47.8825
    8393      46.8198
    8394      47.9991
    8395      41.8297
    8396      45.8435
    8397      46.8563
    8398      41.8877
    8399      40.9225
    8400      41.2612
    8401      44.0004
    8402      48.8519
    8403      47.6211
    8404      40.1138
    8405      38.6251
    8406      40.2324
    8407      37.9928
    8408      39.9759
    8409      44.5162
    8410      48.4173
    8411      48.7138
    8412      45.8467
    8413      48.7527
    8414      49.0879
    8415      50.7960
    8416      52.6293
    8417      51.0797
    8418      50.2635
    8419      42.4049
    8420      43.1932
    8421      45.1912
    8422      46.3447
    8423      49.2885
    8424      46.5834
    8425      49.1282
    8426      49.9319
    8427      46.1209
    8428      42.0015
    8429      42.9229
    8430      38.8416
    8431      43.4773
    8432      45.5315
    8433      42.4612
    8434      47.1142
    8435      43.4719
    8436      41.1107
    8437      38.0133
    8438      41.2973
    8439      43.8470
    8440      40.9271
    8441      44.3670
    8442      42.6914
    8443      43.9393
    8444      42.4938
    8445      42.5400
    8446      44.4898
    8447      39.9474
    8448      36.4844
    8449      39.9757
    8450      43.6832
    8451      46.2742
    8452      45.3574
    8453      43.6714
    8454      42.6765
    8455      44.7867
    8456      44.4313
    8457      44.7590
    8458      43.9796
    8459      44.5516
    8460      47.4026
    8461      44.6508
    8462      42.5148
    8463      47.6425
    8464      48.1435
    8465      52.1046
    8466      51.0202
    8467      48.7591
    8468      49.9424
    8469      51.2728
    8470      54.8025
    8471      56.0336
    8472      56.6040
    8473      58.6682
    8474      54.3951
    8475      49.9526
    8476      52.4029
    8477      47.1809
    8478      48.4667
    8479      52.3402
    8480      50.6157
    8481      50.2142
    8482      47.6211
    8483      50.3502
    8484      52.0499
    8485      51.6829
    8486      53.5235
    8487      56.8751
    8488      56.7331
    8489      56.5913
    8490      53.5475
    8491      53.3710
    8492      52.6053
    8493      56.0303
    8494      50.2140
    8495      51.7509
    8496      47.1646
    8497      50.4339
    8498      49.2016
    8499      50.0815
    8500      53.4004
    8501      52.8212
    8502      52.7500
    8503      50.5880
    8504      54.2090
    8505      49.9858
    8506      52.4144
    8507      55.0402
    8508      50.9404
    8509      53.1837
    8510      48.6739
    8511      47.4243
    8512      48.0611
    8513      49.1166
    8514      49.8077
    8515      43.1040
    8516      43.4119
    8517      46.3549
    8518      48.7936
    8519      43.9629
    8520      42.0553
    8521      47.1459
    8522      49.2595
    8523      49.4932
    8524      47.4660
    8525      46.9360
    8526      43.2063
    8527      41.4475
    8528      37.5947
    8529      41.7137
    8530      40.7013
    8531      43.8262
    8532      45.2519
    8533      44.9493
    8534      46.9027
    8535      50.6728
    8536      51.8424
    8537      44.6842
    8538      45.7928
    8539      44.5324
    8540      48.2185
    8541      49.0235
    8542      45.6698
    8543      46.5448
    8544      48.1032
    8545      47.7489
    8546      51.2238
    8547      48.4224
    8548      48.1581
    8549      46.6747
    8550      48.5074
    8551      49.2082
    8552      46.6502
    8553      45.0582
    8554      47.6797
    8555      47.5113
    8556      47.7547
    8557      45.8926
    8558      48.5370
    8559      47.3777
    8560      46.1414
    8561      53.1325
    8562      52.0378
    8563      45.4025
    8564      51.6083
    8565      50.4186
    8566      44.0945
    8567      45.3739
    8568      46.6826
    8569      44.5903
    8570      43.6352
    8571      45.4498
    8572      45.0039
    8573      49.4995
    8574      47.9022
    8575      48.3631
    8576      44.5282
    8577      49.3766
    8578      48.2833
    8579      46.1982
    8580      41.9214
    8581      46.7591
    8582      47.0672
    8583      41.0886
    8584      42.7582
    8585      43.7106
    8586      46.8992
    8587      48.2183
    8588      48.9796
    8589      47.3078
    8590      49.7484
    8591      51.8194
    8592      53.1943
    8593      57.8100
    8594      52.1594
    8595      50.1986
    8596      48.8431
    8597      48.5168
    8598      44.3843
    8599      44.0499
    8600      44.5232
    8601      47.1849
    8602      46.6409
    8603      43.4052
    8604      49.6939
    8605      50.0296
    8606      46.9256
    8607      50.1312
    8608      55.4553
    8609      53.7339
    8610      51.7638
    8611      51.5717
    8612      48.9700
    8613      48.9836
    8614      53.2984
    8615      51.3249
    8616      53.5340
    8617      49.1777
    8618      48.2114
    8619      47.9904
    8620      48.5794
    8621      47.4778
    8622      44.7054
    8623      41.6678
    8624      48.3439
    8625      51.5527
    8626      51.0295
    8627      50.6728
    8628      48.0332
    8629      45.1390
    8630      43.8575
    8631      43.8777
    8632      44.5879
    8633      47.7418
    8634      44.1164
    8635      47.0591
    8636      46.8227
    8637      45.0868
    8638      42.5202
    8639      43.6379
    8640      45.3799
    8641      45.8393
    8642      46.5111
    8643      43.4464
    8644      46.6493
    8645      43.5698
    8646      42.1978
    8647      45.0796
    8648      46.8424
    8649      46.7065
    8650      46.2682
    8651      48.1043
    8652      41.3462
    8653      41.4362
    8654      44.7799
    8655      45.9074
    8656      48.7987
    8657      50.6804
    8658      47.6714
    8659      46.1028
    8660      42.7572
    8661      46.5784
    8662      43.2866
    8663      49.3917
    8664      50.7341
    8665      50.3875
    8666      45.4642
    8667      46.3231
    8668      49.5700
    8669      53.2133
    8670      48.4025
    8671      51.9710
    8672      49.7580
    8673      47.8571
    8674      48.6206
    8675      45.2974
    8676      41.9010
    8677      44.8153
    8678      45.4535
    8679      46.4340
    8680      48.6415
    8681      45.8060
    8682      47.8763
    8683      48.1294
    8684      44.2822
    8685      49.3144
    8686      46.8387
    8687      48.5864
    8688      48.0128
    8689      48.2459
    8690      51.1549
    8691      43.1872
    8692      46.3378
    8693      47.8730
    8694      46.9157
    8695      45.1098
    8696      44.1095
    8697      48.0324
    8698      48.7328
    8699      47.9511
    8700      48.6146
    8701      47.6472
    8702      43.4766
    8703      43.6108
    8704      40.0039
    8705      41.5783
    8706      48.6143
    8707      49.8247
    8708      50.0415
    8709      53.3783
    8710      58.8167
    8711      54.7377
    8712      52.1257
    8713      48.2757
    8714      46.4219
    8715      46.1306
    8716      49.7540
    8717      44.9456
    8718      44.6190
    8719      46.0141
    8720      40.3530
    8721      45.5566
    8722      42.2138
    8723      44.2235
    8724      46.8842
    8725      43.6594
    8726      46.4868
    8727      39.3404
    8728      45.7546
    8729      43.8387
    8730      41.6916
    8731      44.5509
    8732      52.3411
    8733      52.8750
    8734      52.6191
    8735      48.0031
    8736      51.4228
    8737      47.9014
    8738      45.1566
    8739      51.5170
    8740      56.3067
    8741      61.1167
    8742      58.6749
    8743      63.5270
    8744      59.6441
    8745      58.8893
    8746      61.5296
    8747      60.8585
    8748      61.2649
    8749      60.6046
    8750      61.2823
    8751      58.5558
    8752      58.8782
    8753      61.5151
    8754      58.0529
    8755      58.3214
    8756      57.9888
    8757      61.5210
    8758      61.7217
    8759      59.1058
    8760      57.1535
    8761      55.9061
    8762      52.0155
    8763      50.2993
    8764      43.9194
    8765      48.1870
    8766      50.8237
    8767      48.1105
    8768      46.6636
    8769      47.9394
    8770      47.4219
    8771      47.1510
    8772      45.7610
    8773      49.2038
    8774      54.0021
    8775      49.9861
    8776      47.1818
    8777      45.0529
    8778      44.4472
    8779      48.2487
    8780      47.9290
    8781      48.2814
    8782      46.3352
    8783      43.0657
    8784      42.8521
    8785      44.0011
    8786      47.6729
    8787      49.1492
    8788      51.7011
    8789      51.9204
    8790      50.4537
    8791      46.1266
    8792      44.2143
    8793      38.1195
    8794      40.7397
    8795      46.9868
    8796      48.8732
    8797      47.3551
    8798      44.3002
    8799      40.5176
    8800      42.3277
    8801      47.5569
    8802      43.1312
    8803      40.3693
    8804      40.7084
    8805      40.9460
    8806      41.3851
    8807      40.1919
    8808      39.9760
    8809      38.5549
    8810      39.5569
    8811      41.8046
    8812      43.6549
    8813      44.5023
    8814      44.7044
    8815      47.2056
    8816      49.5998
    8817      46.5394
    8818      45.4599
    8819      49.3663
    8820      47.7521
    8821      48.0701
    8822      52.1354
    8823      48.7687
    8824      53.3948
    8825      44.9712
    8826      37.7450
    8827      41.2242
    8828      41.6005
    8829      44.6328
    8830      39.6610
    8831      36.4151
    8832      32.5293
    8833      33.4793
    8834      36.5403
    8835      36.7986
    8836      38.2187
    8837      36.9931
    8838      38.8267
    8839      34.6571
    8840      36.1947
    8841      41.0967
    8842      41.0945
    8843      43.3217
    8844      45.7290
    8845      47.0839
    8846      44.7852
    8847      39.9367
    8848      42.9681
    8849      43.5544
    8850      41.4411
    8851      39.5004
    8852      41.2340
    8853      43.1631
    8854      41.1327
    8855      41.5883
    8856      44.0905
    8857      46.6882
    8858      43.2274
    8859      43.5812
    8860      44.4129
    8861      39.3436
    8862      43.2033
    8863      46.3030
    8864      47.9121
    8865      47.0642
    8866      44.0164
    8867      41.7391
    8868      39.8045
    8869      39.9712
    8870      43.2552
    8871      41.6726
    8872      38.7093
    8873      36.1759
    8874      40.7299
    8875      47.0942
    8876      42.1899
    8877      45.7212
    8878      44.8102
    8879      41.6465
    8880      42.0911
    8881      40.8042
    8882      42.7225
    8883      39.1862
    8884      41.5007
    8885      43.4041
    8886      46.6010
    8887      42.1666
    8888      38.7515
    8889      38.6732
    8890      38.1153
    8891      36.9795
    8892      35.5992
    8893      34.2982
    8894      44.8512
    8895      51.6463
    8896      51.5149
    8897      52.9617
    8898      47.2676
    8899      40.8363
    8900      39.4104
    8901      40.5191
    8902      41.2509
    8903      43.0208
    8904      45.7821
    8905      46.0038
    8906      42.6628
    8907      43.0750
    8908      40.6355
    8909      40.5207
    8910      44.7821
    8911      44.8662
    8912      47.3130
    8913      42.5772
    8914      39.8399
    8915      44.3121
    8916      48.2750
    8917      50.0316
    8918      49.8319
    8919      48.3670
    8920      47.2143
    8921      47.2364
    8922      45.6915
    8923      45.3964
    8924      46.3985
    8925      45.2761
    8926      45.7743
    8927      46.0919
    8928      49.0315
    8929      47.2794
    8930      42.8045
    8931      47.1302
    8932      48.2853
    8933      47.3992
    8934      47.4153
    8935      48.8316
    8936      44.2936
    8937      47.3059
    8938      46.4230
    8939      43.8162
    8940      45.8871
    8941      42.6837
    8942      43.3293
    8943      43.0498
    8944      46.2470
    8945      48.7390
    8946      51.6762
    8947      51.5672
    8948      54.8160
    8949      51.9254
    8950      50.1280
    8951      47.1808
    8952      44.1762
    8953      41.1966
    8954      40.6038
    8955      36.8449
    8956      37.0655
    8957      43.0151
    8958      42.0291
    8959      47.2622
    8960      46.8458
    8961      46.9120
    8962      44.1356
    8963      43.8261
    8964      45.6878
    8965      45.0584
    8966      44.2559
    8967      46.1649
    8968      50.0683
    8969      52.9026
    8970      49.6358
    8971      47.8226
    8972      48.2800
    8973      51.6414
    8974      46.9607
    8975      48.9643
    8976      50.3138
    8977      49.0890
    8978      52.6279
    8979      48.5139
    8980      44.3913
    8981      38.2045
    8982      35.7161
    8983      40.7076
    8984      40.4928
    8985      38.6116
    8986      40.4388
    8987      40.1201
    8988      38.6790
    8989      39.8347
    8990      41.2391
    8991      48.4104
    8992      46.2583
    8993      43.9761
    8994      45.0387
    8995      46.5224
    8996      47.7839
    8997      41.8060
    8998      43.7178
    8999      45.2159
    9000      46.3541
    9001      51.0383
    9002      43.4970
    9003      44.3685
    9004      43.8258
    9005      46.6334
    9006      47.2493
    9007      42.4407
    9008      43.9606
    9009      41.7883
    9010      44.6243
    9011      44.6115
    9012      45.8036
    9013      42.2418
    9014      44.1357
    9015      37.8921
    9016      46.2337
    9017      46.8947
    9018      46.5275
    9019      41.4173
    9020      46.3578
    9021      45.4736
    9022      44.1065
    9023      45.3117
    9024      44.3543
    9025      44.2230
    9026      44.8067
    9027      44.4964
    9028      45.3881
    9029      46.0802
    9030      48.3510
    9031      51.4649
    9032      47.2980
    9033      48.0406
    9034      48.4156
    9035      50.5737
    9036      45.4635
    9037      42.1352
    9038      44.6376
    9039      45.6774
    9040      49.0831
    9041      46.6704
    9042      38.6736
    9043      47.3167
    9044      52.5679
    9045      49.6716
    9046      49.9136
    9047      51.2423
    9048      50.5549
    9049      48.0399
    9050      48.3765
    9051      49.5838
    9052      42.2145
    9053      44.7455
    9054      38.1444
    9055      40.9210
    9056      43.2781
    9057      43.1167
    9058      45.7529
    9059      47.1027
    9060      42.7315
    9061      50.3362
    9062      47.3957
    9063      46.8934
    9064      44.1758
    9065      41.4661
    9066      40.2845
    9067      44.1953
    9068      36.9751
    9069      45.3931
    9070      48.1381
    9071      47.7833
    9072      50.2550
    9073      50.2300
    9074      51.4484
    9075      51.6420
    9076      49.8983
    9077      52.2555
    9078      48.3055
    9079      50.8223
    9080      50.4878
    9081      53.4634
    9082      45.2956
    9083      43.5613
    9084      46.6851
    9085      42.3319
    9086      43.2890
    9087      43.8309
    9088      42.6274
    9089      42.5718
    9090      46.0899
    9091      46.8435
    9092      46.1516
    9093      41.0864
    9094      46.6237
    9095      45.9524
    9096      46.1186
    9097      45.3153
    9098      50.2359
    9099      44.8397
    9100      44.2631
    9101      43.6610
    9102      42.0144
    9103      41.0606
    9104      41.5902
    9105      43.3927
    9106      46.5309
    9107      43.4569
    9108      46.6108
    9109      45.7494
    9110      49.9053
    9111      49.5115
    9112      46.3681
    9113      48.5754
    9114      44.2868
    9115      49.5340
    9116      46.0724
    9117      46.9494
    9118      47.1680
    9119      49.7220
    9120      51.7303
    9121      52.3075
    9122      54.8197
    9123      60.0705
    9124      63.2993
    9125      58.9840
    9126      56.2527
    9127      54.4157
    9128      51.4668
    9129      49.1633
    9130      48.3493
    9131      46.3677
    9132      45.0516
    9133      43.4498
    9134      47.1887
    9135      41.5776
    9136      43.2542
    9137      44.3992
    9138      43.5977
    9139      44.2944
    9140      51.2277
    9141      47.1755
    9142      48.8980
    9143      48.0737
    9144      49.6709
    9145      46.0362
    9146      43.3481
    9147      42.3228
    9148      48.1288
    9149      43.6077
    9150      43.1480
    9151      47.4383
    9152      46.6125
    9153      46.5907
    9154      45.7413
    9155      46.7647
    9156      45.6559
    9157      49.2387
    9158      51.7817
    9159      49.9875
    9160      48.3300
    9161      51.1752
    9162      55.1199
    9163      52.9647
    9164      47.4316
    9165      44.5710
    9166      44.7489
    9167      40.7597
    9168      41.6284
    9169      40.8335
    9170      40.1176
    9171      41.8947
    9172      42.8651
    9173      45.7772
    9174      47.4716
    9175      48.1440
    9176      42.9754
    9177      41.4218
    9178      44.4913
    9179      43.8007
    9180      44.3209
    9181      41.4626
    9182      42.6291
    9183      44.4597
    9184      45.0393
    9185      44.0127
    9186      44.9346
    9187      44.0805
    9188      44.3229
    9189      46.3116
    9190      43.4475
    9191      46.5660
    9192      43.7606
    9193      40.6550
    9194      43.7899
    9195      42.7890
    9196      44.4677
    9197      46.8763
    9198      45.2423
    9199      44.9863
    9200      44.9474
    9201      45.6841
    9202      49.7804
    9203      46.9148
    9204      44.3737
    9205      43.2695
    9206      45.0748
    9207      45.2720
    9208      46.2736
    9209      46.3882
    9210      42.5337
    9211      46.7297
    9212      45.1756
    9213      45.5594
    9214      43.9383
    9215      44.1372
    9216      43.6960
    9217      44.5206
    9218      50.2974
    9219      48.6872
    9220      48.2169
    9221      46.7245
    9222      48.5128
    9223      48.7761
    9224      47.0602
    9225      41.2151
    9226      43.7894
    9227      42.0201
    9228      41.4625
    9229      43.5469
    9230      48.2415
    9231      45.2192
    9232      47.4314
    9233      47.4970
    9234      51.1246
    9235      47.6192
    9236      45.2548
    9237      43.5317
    9238      44.0189
    9239      43.3862
    9240      42.2963
    9241      45.8098
    9242      44.5739
    9243      44.4199
    9244      41.6258
    9245      43.7239
    9246      45.9817
    9247      48.1467
    9248      45.4590
    9249      44.3749
    9250      42.2338
    9251      44.7795
    9252      46.6967
    9253      47.0575
    9254      46.8813
    9255      44.6389
    9256      44.8846
    9257      46.6970
    9258      40.5696
    9259      41.9940
    9260      43.1064
    9261      45.2467
    9262      44.6149
    9263      46.7771
    9264      50.2411
    9265      45.1322
    9266      44.0973
    9267      43.9671
    9268      42.4019
    9269      43.7908
    9270      43.6625
    9271      44.5539
    9272      46.3941
    9273      47.8409
    9274      49.9748
    9275      54.2307
    9276      50.9969
    9277      47.1458
    9278      47.7850
    9279      46.3300
    9280      43.8514
    9281      45.6361
    9282      42.5752
    9283      39.8389
    9284      38.1603
    9285      36.3122
    9286      35.3984
    9287      39.3787
    9288      38.2396
    9289      36.3868
    9290      31.2587
    9291      34.9193
    9292      38.6613
    9293      33.2959
    9294      35.2666
    9295      36.4391
    9296      37.6942
    9297      37.0359
    9298      38.6798
    9299      33.4269
    9300      32.8613
    9301      31.2914
    9302      31.1636
    9303      27.7663
    9304      30.2310
    9305      32.6613
    9306      31.7370
    9307      30.2716
    9308      31.1228
    9309      28.9496
    9310      31.6937
    9311      29.1053
    9312      27.4300
    9313      30.9140
    9314      34.1658
    9315      33.1745
    9316      38.6156
    9317      31.9890
    9318      26.3687
    9319      28.0650
    9320      27.5420
    9321      31.8104
    9322      34.5266
    9323      37.6148
    9324      38.5559
    9325      33.9733
    9326      33.0635
    9327      35.5637
    9328      41.2377
    9329      37.7310
    9330      29.5018
    9331      35.4103
    9332      39.5320
    9333      41.9304
    9334      39.7523
    9335      39.6364
    9336      36.6258
    9337      34.4534
    9338      37.5391
    9339      43.6071
    9340      38.7393
    9341      39.8699
    9342      37.9005
    9343      36.7946
    9344      34.7363
    9345      35.6346
    9346      37.0378
    9347      36.5619
    9348      35.7859
    9349      34.9800
    9350      32.7070
    9351      31.6918
    9352      32.3778
    9353      33.8089
    9354      40.6391
    9355      43.8087
    9356      49.4813
    9357      48.4814
    9358      47.6583
    9359      46.7831
    9360      42.7845
    9361      41.8491
    9362      41.4936
    9363      42.9042
    9364      44.3564
    9365      47.6404
    9366      42.5654
    9367      43.6900
    9368      39.0267
    9369      39.9868
    9370      37.9504
    9371      34.2212
    9372      35.4411
    9373      34.7807
    9374      37.8128
    9375      37.3463
    9376      36.6983
    9377      37.9420
    9378      40.3193
    9379      41.0799
    9380      38.9714
    9381      39.0222
    9382      37.3157
    9383      36.4493
    9384      36.0683
    9385      33.6334
    9386      28.3147
    9387      35.0002
    9388      38.3693
    9389      34.1812
    9390      34.0311
    9391      34.2238
    9392      34.9640
    9393      32.9423
    9394      30.0009
    9395      32.9535
    9396      33.7550
    9397      34.4726
    9398      40.2917
    9399      33.8471
    9400      37.4401
    9401      34.6690
    9402      37.1220
    9403      30.7951
    9404      34.7166
    9405      38.6309
    9406      35.7299
    9407      38.4499
    9408      39.2966
    9409      43.9550
    9410      47.3386
    9411      45.5616
    9412      44.3100
    9413      41.5620
    9414      46.2728
    9415      50.7763
    9416      47.3421
    9417      46.8221
    9418      47.5512
    9419      48.4513
    9420      43.5273
    9421      46.1695
    9422      43.5043
    9423      43.8023
    9424      43.3449
    9425      54.6757
    9426      55.3969
    9427      59.0401
    9428      56.4185
    9429      57.8537
    9430      54.9938
    9431      47.9816
    9432      48.7776
    9433      49.3493
    9434      49.3160
    9435      53.3969
    9436      56.0886
    9437      58.1505
    9438      59.1023
    9439      60.9478
    9440      59.3036
    9441      57.8556
    9442      57.8481
    9443      51.0106
    9444      46.9471
    9445      50.2555
    9446      51.4432
    9447      47.3418
    9448      48.7531
    9449      49.3394
    9450      53.9737
    9451      53.4192
    9452      52.7951
    9453      57.8978
    9454      58.4840
    9455      55.8273
    9456      55.7835
    9457      53.6801
    9458      58.2490
    9459      60.5741
    9460      57.2964
    9461      57.6713
    9462      57.7244
    9463      60.4912
    9464      59.1844
    9465      56.8977
    9466      60.4480
    9467      58.0668
    9468      60.4049
    9469      58.0059
    9470      56.4217
    9471      54.5859
    9472      55.5851
    9473      57.2788
    9474      59.9725
    9475      58.3674
    9476      57.7086
    9477      54.1962
    9478      51.4780
    9479      50.5293
    9480      49.3923
    9481      50.4746
    9482      52.6834
    9483      58.8222
    9484      57.4231
    9485      58.4621
    9486      54.2128
    9487      51.5620
    9488      52.6605
    9489      56.6747
    9490      61.3536
    9491      60.7655
    9492      57.1319
    9493      53.9003
    9494      54.1301
    9495      48.9384
    9496      49.2102
    9497      56.4173
    9498      57.8287
    9499      57.3537
    9500      58.7672
    9501      51.9966
    9502      54.7704
    9503      54.9687
    9504      53.7305
    9505      53.5642
    9506      51.4779
    9507      51.7799
    9508      45.8140
    9509      43.0220
    9510      38.6486
    9511      40.3517
    9512      43.0350
    9513      46.5135
    9514      47.9335
    9515      42.9949
    9516      41.9541
    9517      41.2384
    9518      49.1695
    9519      45.1877
    9520      42.4475
    9521      47.9666
    9522      48.9362
    9523      51.5137
    9524      46.9767
    9525      45.9060
    9526      47.2350
    9527      44.4752
    9528      42.0229
    9529      42.0355
    9530      40.3553
    9531      37.8116
    9532      36.3277
    9533      33.6333
    9534      33.1829
    9535      35.0472
    9536      34.8323
    9537      34.3274
    9538      37.4130
    9539      37.4769
    9540      35.0277
    9541      34.1869
    9542      34.7169
    9543      40.2721
    9544      44.4037
    9545      39.6912
    9546      40.1288
    9547      38.4005
    9548      39.5317
    9549      39.8278
    9550      40.7533
    9551      40.9511
    9552      40.1216
    9553      37.0368
    9554      39.1201
    9555      40.9825
    9556      45.2989
    9557      45.5158
    9558      44.3760
    9559      48.3103
    9560      48.2003
    9561      45.4007
    9562      46.4165
    9563      43.9124
    9564      43.2836
    9565      48.4978
    9566      47.8660
    9567      49.9743
    9568      46.9406
    9569      46.6132
    9570      48.7032
    9571      49.1158
    9572      50.1032
    9573      52.5770
    9574      44.5484
    9575      45.2797
    9576      43.9420
    9577      41.6811
    9578      45.1928
    9579      50.9622
    9580      52.5802
    9581      55.3403
    9582      51.2155
    9583      52.9446
    9584      51.6960
    9585      49.1991
    9586      50.0759
    9587      49.0382
    9588      49.8352
    9589      49.2249
    9590      48.1966
    9591      50.0358
    9592      51.5830
    9593      47.2223
    9594      47.2208
    9595      47.0500
    9596      46.7471
    9597      46.6831
    9598      41.3247
    9599      36.1646
    9600      35.5375
    9601      35.8748
    9602      31.8664
    9603      33.6827
    9604      38.9129
    9605      36.2644
    9606      37.4265
    9607      42.9368
    9608      43.1572
    9609      39.6410
    9610      36.8995
    9611      34.6544
    9612      36.7467
    9613      40.7652
    9614      45.9316
    9615      44.8306
    9616      42.0707
    9617      32.7083
    9618      41.0668
    9619      43.6375
    9620      41.8481
    9621      44.0551
    9622      41.5180
    9623      41.3242
    9624      43.8634
    9625      39.2292
    9626      41.8987
    9627      43.7160
    9628      44.0299
    9629      40.1491
    9630      47.5782
    9631      45.2946
    9632      43.4585
    9633      45.3362
    9634      47.3252
    9635      43.8186
    9636      42.1683
    9637      41.1806
    9638      46.6067
    9639      44.7159
    9640      39.6508
    9641      41.6851
    9642      44.7947
    9643      38.9350
    9644      40.0280
    9645      42.8139
    9646      40.3738
    9647      43.5635
    9648      43.9766
    9649      44.2832
    9650      40.9361
    9651      40.7616
    9652      40.7803
    9653      45.8253
    9654      50.6194
    9655      40.2230
    9656      44.8153
    9657      48.4487
    9658      51.7584
    9659      53.7999
    9660      56.3693
    9661      58.4735
    9662      49.8224
    9663      41.6115
    9664      44.4572
    9665      44.6315
    9666      41.3755
    9667      45.6109
    9668      41.4846
    9669      41.1361
    9670      46.0553
    9671      49.6198
    9672      51.3973
    9673      52.2927
    9674      50.7517
    9675      42.2185
    9676      43.7479
    9677      49.4409
    9678      40.6657
    9679      39.6392
    9680      42.4850
    9681      44.4204
    9682      43.7923
    9683      48.4556
    9684      43.3759
    9685      46.1442
    9686      42.1876
    9687      48.2620
    9688      52.7992
    9689      55.5406
    9690      54.2831
    9691      52.6834
    9692      51.4984
    9693      53.0622
    9694      56.3458
    9695      58.5267
    9696      54.2666
    9697      53.4254
    9698      47.7445
    9699      50.2540
    9700      50.1873
    9701      52.2336
    9702      50.1704
    9703      47.7758
    9704      48.4487
    9705      47.4113
    9706      46.0078
    9707      43.5713
    9708      44.6813
    9709      42.1162
    9710      47.7533
    9711      44.1061
    9712      42.5829
    9713      43.8197
    9714      42.2621
    9715      44.3240
    9716      42.4182
    9717      42.3421
    9718      42.3879
    9719      44.1591
    9720      47.9714
    9721      49.3079
    9722      49.4723
    9723      49.0130
    9724      50.1829
    9725      51.4388
    9726      50.2107
    9727      50.2015
    9728      52.7793
    9729      53.3616
    9730      53.6574
    9731      50.4402
    9732      47.3241
    9733      47.9152
    9734      46.1444
    9735      44.4718
    9736      44.9107
    9737      43.2594
    9738      43.9440
    9739      41.7918
    9740      42.0641
    9741      45.4692
    9742      42.0096
    9743      43.2341
    9744      45.1285
    9745      47.7831
    9746      46.6107
    9747      47.0795
    9748      42.5864
    9749      45.7490
    9750      49.3602
    9751      47.5144
    9752      46.8455
    9753      48.6547
    9754      50.6081
    9755      51.4102
    9756      49.4575
    9757      45.5636
    9758      47.2171
    9759      50.8100
    9760      50.3971
    9761      51.3957
    9762      50.1231
    9763      51.5934
    9764      44.4646
    9765      43.4961
    9766      40.8392
    9767      45.6412
    9768      44.5919
    9769      46.1895
    9770      45.1598
    9771      45.8600
    9772      45.7155
    9773      47.9925
    9774      50.5405
    9775      49.8717
    9776      48.1421
    9777      44.6327
    9778      46.7780
    9779      45.7835
    9780      41.2463
    9781      44.4869
    9782      42.6532
    9783      41.0109
    9784      46.4561
    9785      45.9846
    9786      44.2429
    9787      47.4145
    9788      45.8274
    9789      42.8712
    9790      45.1974
    9791      44.1769
    9792      45.4781
    9793      41.7173
    9794      41.3339
    9795      42.0278
    9796      41.0416
    9797      43.9424
    9798      44.7120
    9799      44.2819
    9800      45.0941
    9801      48.0495
    9802      43.7641
    9803      42.0330
    9804      41.3403
    9805      45.5450
    9806      46.7229
    9807      45.3879
    9808      45.0493
    9809      45.4932
    9810      48.3670
    9811      48.5073
    9812      54.0135
    9813      60.6612
    9814      59.2031
    9815      62.4224
    9816      55.0493
    9817      59.2698
    9818      56.4360
    9819      59.2966
    9820      61.8756
    9821      53.5704
    9822      43.9415
    9823      44.6514
    9824      42.4237
    9825      46.8252
    9826      47.8689
    9827      51.3235
    9828      48.0876
    9829      54.3902
    9830      47.2717
    9831      47.3212
    9832      51.9326
    9833      54.1277
    9834      50.8922
    9835      48.3217
    9836      48.5985
    9837      46.7039
    9838      43.1514
    9839      45.5004
    9840      47.8267
    9841      49.6343
    9842      52.3941
    9843      52.6028
    9844      56.4385
    9845      56.3906
    9846      54.3089
    9847      55.1630
    9848      52.6643
    9849      50.7232
    9850      52.2588
    9851      55.7426
    9852      52.7389
    9853      48.7038
    9854      50.1873
    9855      47.6470
    9856      47.8259
    9857      53.4959
    9858      56.4163
    9859      53.7362
    9860      48.0977
    9861      49.5136
    9862      49.3052
    9863      51.8831
    9864      48.5856
    9865      49.8479
    9866      48.2656
    9867      52.2479
    9868      51.7672
    9869      51.1347
    9870      50.6935
    9871      50.2332
    9872      53.1024
    9873      50.9505
    9874      53.0893
    9875      48.9587
    9876      50.5120
    9877      45.1464
    9878      46.6327
    9879      43.8591
    9880      45.1871
    9881      44.6273
    9882      42.9047
    9883      43.7905
    9884      44.3807
    9885      43.3136
    9886      46.2719
    9887      49.8505
    9888      50.7346
    9889      52.5345
    9890      54.0604
    9891      54.7991
    9892      52.9536
    9893      50.8681
    9894      51.8560
    9895      53.5096
    9896      54.3368
    9897      46.9942
    9898      45.2237
    9899      51.2665
    9900      57.3199
    9901      57.3234
    9902      53.1546
    9903      54.6655
    9904      54.2471
    9905      55.2526
    9906      56.5951
    9907      61.3484
    9908      58.6032
    9909      62.8721
    9910      66.7889
    9911      68.4769
    9912      69.5834
    9913      68.3556
    9914      67.2441
    9915      64.2473
    9916      55.9189
    9917      60.1564
    9918      67.1882
    9919      71.6595
    9920      69.8320
    9921      71.0204
    9922      71.5238
    9923      69.6775
    9924      69.0443
    9925      68.3871
    9926      71.1281
    9927      58.1222
    9928      57.1788
    9929      48.5469
    9930      49.9762
    9931      55.0047
    9932      52.1648
    9933      58.7283
    9934      54.6414
    9935      61.1103
    9936      54.7727
    9937      53.8795
    9938      57.5868
    9939      57.3796
    9940      56.6929
    9941      62.0537
    9942      60.2861
    9943      57.2764
    9944      51.7693
    9945      54.0257
    9946      57.5562
    9947      55.6955
    9948      54.5899
    9949      54.4891
    9950      49.6694
    9951      48.1103
    9952      52.0977
    9953      54.3961
    9954      48.1711
    9955      46.5644
    9956      45.2275
    9957      46.0231
    9958      44.6122
    9959      45.6435
    9960      46.8904
    9961      39.3203
    9962      42.4197
    9963      47.4579
    9964      47.2401
    9965      42.5810
    9966      51.2850
    9967      45.0252
    9968      46.8122
    9969      46.4103
    9970      43.7542
    9971      44.0727
    9972      46.9993
    9973      44.1935
    9974      42.4479
    9975      37.2923
    9976      41.1289
    9977      40.6112
    9978      36.2536
    9979      37.4379
    9980      36.5498
    9981      38.2576
    9982      42.1229
    9983      39.7827
    9984      38.9604
    9985      47.8670
    9986      47.1294
    9987      45.7947
    9988      43.3490
    9989      41.2060
    9990      42.1122
    9991      38.6978
    9992      37.9051
    9993      38.9478
    9994      37.4636
    9995      40.4372
    9996      37.1402
    9997      39.2831
    9998      38.6605
    9999      41.9949
   10000      38.0429
   10001      42.9708
   10002      38.9200
   10003      36.0695
   10004      37.7490
   10005      41.2569
   10006      39.7315
   10007      36.4468
   10008      38.4712
   10009      38.7199
   10010      38.4554
   10011      39.6132
   10012      36.4095
   10013      37.6132
   10014      39.8763
   10015      39.6408
   10016      40.1152
   10017      34.7412
   10018      39.0698
   10019      45.5785
   10020      44.1626
   10021      41.2006
   10022      39.6597
   10023      35.3940
   10024      37.9725
   10025      39.7224
   10026      41.0423
   10027      36.9377
   10028      36.6831
   10029      35.6941
   10030      32.7406
   10031      38.3506
   10032      38.3324
   10033      41.8635
   10034      40.9165
   10035      42.7205
   10036      40.1407
   10037      43.2854
   10038      44.4727
   10039      41.6802
   10040      41.6393
   10041      40.2217
   10042      39.3541
   10043      41.3645
   10044      43.8019
   10045      44.3967
   10046      41.6010
   10047      39.0276
   10048      37.7035
   10049      38.7599
   10050      38.3974
   10051      36.5258
   10052      42.2569
   10053      40.6217
   10054      39.2602
   10055      41.8751
   10056      44.1979
   10057      42.0927
   10058      36.5900
   10059      37.0506
   10060      41.3017
   10061      38.4802
   10062      42.2894
   10063      41.5401
   10064      42.5988
   10065      39.6374
   10066      45.2992
   10067      40.1349
   10068      37.2684
   10069      43.3139
   10070      40.5754
   10071      35.9977
   10072      32.5782
   10073      32.1270
   10074      39.2609
   10075      40.0153
   10076      44.1406
   10077      46.4528
   10078      47.0399
   10079      51.0872
   10080      50.6785
   10081      50.0360
   10082      54.5278
   10083      50.7493
   10084      45.0180
   10085      44.8759
   10086      42.5371
   10087      46.5581
   10088      49.0394
   10089      54.2131
   10090      47.5835
   10091      48.4350
   10092      45.5710
   10093      42.3724
   10094      49.2651
   10095      52.1391
   10096      48.2169
   10097      48.9890
   10098      53.2788
   10099      52.5179
   10100      56.7793
   10101      57.2617
   10102      61.2922
   10103      55.7396
   10104      47.0149
   10105      46.1161
   10106      43.1543
   10107      41.4022
   10108      48.2890
   10109      53.3109
   10110      51.3208
   10111      49.0718
   10112      48.2469
   10113      49.0741
   10114      43.3445
   10115      52.5678
   10116      52.1878
   10117      52.2773
   10118      54.4773
   10119      51.0533
   10120      55.5510
   10121      51.9229
   10122      54.1868
   10123      53.6162
   10124      51.6032
   10125      53.6065
   10126      52.2953
   10127      51.3484
   10128      52.0920
   10129      50.3734
   10130      55.3010
   10131      53.0182
   10132      52.0698
   10133      50.2860
   10134      43.6346
   10135      47.9932
   10136      46.9498
   10137      50.4558
   10138      51.7566
   10139      60.1308
   10140      51.8754
   10141      51.4342
   10142      49.2686
   10143      48.7033
   10144      43.6075
   10145      44.6696
   10146      50.4781
   10147      53.1663
   10148      52.3801
   10149      53.2583
   10150      50.1412
   10151      48.4313
   10152      49.3815
   10153      42.7846
   10154      41.2414
   10155      41.3563
   10156      44.8785
   10157      45.6536
   10158      42.2804
   10159      45.9301
   10160      45.6204
   10161      48.5728
   10162      46.9988
   10163      49.8862
   10164      49.2849
   10165      51.8410
   10166      50.4879
   10167      51.9394
   10168      50.5671
   10169      47.4200
   10170      42.9800
   10171      39.3208
   10172      42.3952
   10173      43.2175
   10174      48.6295
   10175      47.6055
   10176      46.3536
   10177      48.8270
   10178      44.4436
   10179      41.1962
   10180      41.2802
   10181      37.7834
   10182      43.6748
   10183      47.5194
   10184      48.6379
   10185      50.2977
   10186      50.1357
   10187      42.0506
   10188      46.7544
   10189      50.3333
   10190      47.7216
   10191      54.1640
   10192      50.6088
   10193      47.9893
   10194      45.2337
   10195      40.0594
   10196      42.2376
   10197      48.1808
   10198      47.7458
   10199      49.0583
   10200      51.1530
   10201      53.2348
   10202      52.6865
   10203      48.2530
   10204      41.3567
   10205      37.8504
   10206      42.6879
   10207      44.5507
   10208      43.9378
   10209      46.4760
   10210      44.8623
   10211      44.0851
   10212      44.4904
   10213      45.9752
   10214      47.1914
   10215      46.2889
   10216      50.4157
   10217      50.2136
   10218      52.2149
   10219      56.4484
   10220      57.8398
   10221      58.1216
   10222      56.8576
   10223      64.1048
   10224      67.9469
   10225      67.2481
   10226      66.2028
   10227      66.1563
   10228      59.5377
   10229      55.8046
   10230      59.9321
   10231      60.7149
   10232      57.1220
   10233      50.1037
   10234      48.5555
   10235      46.5761
   10236      50.0578
   10237      47.8326
   10238      50.9631
   10239      51.5361
   10240      49.7227
   10241      45.8492
   10242      47.0691
   10243      47.1838
   10244      44.4861
   10245      47.1638
   10246      45.7869
   10247      45.8628
   10248      42.8161
   10249      42.3767
   10250      43.6218
   10251      39.0515
   10252      36.3170
   10253      35.5735
   10254      40.1936
   10255      39.5336
   10256      47.3875
   10257      43.4957
   10258      46.2700
   10259      45.7206
   10260      47.8754
   10261      49.7141
   10262      43.5498
   10263      42.0922
   10264      44.3013
   10265      49.5298
   10266      50.0346
   10267      50.3353
   10268      48.0638
   10269      52.1207
   10270      52.6219
   10271      52.7737
   10272      51.9781
   10273      54.3976
   10274      52.4859
   10275      50.8154
   10276      51.3254
   10277      50.5814
   10278      52.4534
   10279      52.0573
   10280      48.7033
   10281      49.6334
   10282      54.6297
   10283      53.5275
   10284      49.0482
   10285      51.4678
   10286      54.8777
   10287      58.8680
   10288      51.8567
   10289      50.5678
   10290      47.7788
   10291      49.3861
   10292      48.7765
   10293      51.8994
   10294      51.8330
   10295      48.4839
   10296      48.8947
   10297      45.6492
   10298      47.1712
   10299      49.4720
   10300      48.8721
   10301      53.6618
   10302      52.9719
   10303      55.7994
   10304      50.6754
   10305      57.5215
   10306      52.0159
   10307      54.2215
   10308      50.5374
   10309      47.2200
   10310      52.7501
   10311      53.7775
   10312      54.9838
   10313      55.6145
   10314      53.6657
   10315      61.0559
   10316      57.6497
   10317      59.6491
   10318      55.9976
   10319      53.2795
   10320      58.1483
   10321      60.4437
   10322      56.3938
   10323      55.5613
   10324      56.1480
   10325      54.5923
   10326      51.7699
   10327      51.6828
   10328      50.2562
   10329      52.0654
   10330      49.9551
   10331      50.8320
   10332      47.9220
   10333      46.6603
   10334      47.8487
   10335      44.1452
   10336      43.3166
   10337      46.0371
   10338      52.2055
   10339      49.4445
   10340      47.8492
   10341      51.9548
   10342      48.6686
   10343      44.6879
   10344      43.1776
   10345      42.8391
   10346      43.3283
   10347      39.2291
   10348      44.9589
   10349      49.8810
   10350      50.0033
   10351      50.9513
   10352      52.2557
   10353      52.3434
   10354      51.0710
   10355      48.8765
   10356      49.1382
   10357      49.2709
   10358      46.3081
   10359      45.8369
   10360      50.2734
   10361      51.5241
   10362      50.9375
   10363      50.8026
   10364      49.3464
   10365      50.0206
   10366      46.1556
   10367      48.6519
   10368      51.4226
   10369      50.5122
   10370      48.1577
   10371      46.9035
   10372      42.7906
   10373      44.2368
   10374      46.6182
   10375      47.8428
   10376      44.6275
   10377      47.2739
   10378      47.8412
   10379      53.5364
   10380      51.5027
   10381      50.1759
   10382      52.5511
   10383      52.3348
   10384      49.1466
   10385      49.3882
   10386      46.1952
   10387      51.1986
   10388      44.2148
   10389      44.4995
   10390      48.1712
   10391      46.7145
   10392      42.8644
   10393      46.8816
   10394      45.2742
   10395      48.2623
   10396      41.9063
   10397      42.4132
   10398      43.3458
   10399      40.0509
   10400      41.2908
   10401      39.3951
   10402      38.7329
   10403      40.6675
   10404      43.2540
   10405      42.9214
   10406      41.3378
   10407      38.7799
   10408      41.1088
   10409      45.1611
   10410      44.0699
   10411      45.1956
   10412      45.8299
   10413      43.0862
   10414      40.4973
   10415      42.7713
   10416      44.3569
   10417      43.6034
   10418      42.7202
   10419      42.3983
   10420      43.0908
   10421      47.3862
   10422      46.9320
   10423      48.6783
   10424      52.3919
   10425      50.3418
   10426      46.9910
   10427      47.9475
   10428      46.1255
   10429      47.7242
   10430      44.7418
   10431      44.8076
   10432      42.3575
   10433      43.6411
   10434      46.0553
   10435      44.0883
   10436      45.9414
   10437      44.9282
   10438      46.2070
   10439      47.3629
   10440      44.7338
   10441      40.2757
   10442      46.7207
   10443      45.1470
   10444      44.6048
   10445      44.9748
   10446      46.5753
   10447      49.0905
   10448      53.4841
   10449      49.5363
   10450      50.4591
   10451      49.5371
   10452      42.5987
   10453      38.1690
   10454      40.2220
   10455      42.3474
   10456      42.3832
   10457      43.9998
   10458      44.3594
   10459      40.1067
   10460      41.1702
   10461      40.5922
   10462      41.7073
   10463      40.5940
   10464      40.0351
   10465      40.3279
   10466      45.0268
   10467      48.7803
   10468      39.8030
   10469      43.2839
   10470      41.8974
   10471      44.2782
   10472      47.5383
   10473      43.6388
   10474      49.1644
   10475      49.7923
   10476      54.4316
   10477      48.1139
   10478      44.7834
   10479      51.5225
   10480      51.0270
   10481      48.4482
   10482      56.5505
   10483      53.9484
   10484      54.2480
   10485      48.9214
   10486      50.7608
   10487      49.0684
   10488      45.9733
   10489      44.7558
   10490      49.2068
   10491      50.0407
   10492      48.2215
   10493      43.1209
   10494      43.1299
   10495      42.8818
   10496      39.4004
   10497      40.7992
   10498      43.1731
   10499      44.4879
   10500      41.2513
   10501      41.9537
   10502      41.0505
   10503      47.7660
   10504      46.1453
   10505      47.9970
   10506      44.9350
   10507      48.8497
   10508      50.9793
   10509      49.7924
   10510      48.9813
   10511      52.2047
   10512      49.4471
   10513      48.7796
   10514      52.3746
   10515      46.1425
   10516      49.0432
   10517      50.3458
   10518      50.2891
   10519      52.5197
   10520      45.8531
   10521      44.3934
   10522      43.9750
   10523      42.6679
   10524      47.9377
   10525      44.6333
   10526      40.4795
   10527      44.4279
   10528      46.8724
   10529      44.3049
   10530      38.2942
   10531      40.2783
   10532      41.7899
   10533      44.4200
   10534      40.9926
   10535      40.2963
   10536      40.8564
   10537      40.7135
   10538      48.3840
   10539      50.1709
   10540      48.3748
   10541      44.3757
   10542      44.6070
   10543      43.6348
   10544      38.9630
   10545      37.5661
   10546      36.0424
   10547      42.4468
   10548      39.5017
   10549      39.3884
   10550      38.4085
   10551      36.3095
   10552      39.4200
   10553      42.0559
   10554      38.4088
   10555      39.0397
   10556      42.5843
   10557      37.9122
   10558      39.8416
   10559      41.8183
   10560      43.3144
   10561      46.4961
   10562      44.1620
   10563      40.0200
   10564      35.6277
   10565      37.2598
   10566      37.8983
   10567      40.0430
   10568      46.0162
   10569      42.6900
   10570      41.6845
   10571      42.9500
   10572      39.3476
   10573      46.3873
   10574      46.7668
   10575      45.3776
   10576      40.1490
   10577      40.3740
   10578      37.3017
   10579      37.4634
   10580      39.8161
   10581      44.5489
   10582      47.4198
   10583      38.8787
   10584      40.9110
   10585      42.3091
   10586      38.8733
   10587      38.5137
   10588      39.9437
   10589      41.7171
   10590      36.2688
   10591      40.7699
   10592      47.4108
   10593      48.0779
   10594      48.5996
   10595      49.6573
   10596      53.2719
   10597      51.8217
   10598      51.5387
   10599      51.5347
   10600      40.9589
   10601      43.6478
   10602      48.9676
   10603      58.5272
   10604      55.7907
   10605      55.3226
   10606      54.5512
   10607      47.4153
   10608      46.3507
   10609      48.1246
   10610      53.0086
   10611      51.5805
   10612      50.6432
   10613      51.4737
   10614      48.9857
   10615      49.1254
   10616      50.9928
   10617      44.2166
   10618      51.9921
   10619      55.6444
   10620      55.2870
   10621      45.7774
   10622      40.1194
   10623      41.3527
   10624      47.4387
   10625      45.9184
   10626      49.6459
   10627      47.4108
   10628      49.1068
   10629      52.1349
   10630      49.6065
   10631      47.7646
   10632      47.1362
   10633      50.4763
   10634      48.4181
   10635      50.4396
   10636      53.7662
   10637      54.4397
   10638      52.6930
   10639      47.5912
   10640      48.4280
   10641      42.4796
   10642      40.8811
   10643      40.9403
   10644      36.6308
   10645      36.1252
   10646      39.8840
   10647      42.3288
   10648      39.8636
   10649      46.6614
   10650      46.7512
   10651      44.1380
   10652      42.4082
   10653      44.2511
   10654      40.7876
   10655      42.7399
   10656      51.3411
   10657      48.6168
   10658      44.9678
   10659      46.5828
   10660      48.2948
   10661      52.7715
   10662      49.6957
   10663      44.5549
   10664      47.6995
   10665      46.6165
   10666      48.9715
   10667      46.6502
   10668      48.1990
   10669      47.2859
   10670      46.7153
   10671      48.0808
   10672      44.0133
   10673      42.3725
   10674      41.6737
   10675      42.0074
   10676      46.3431
   10677      44.2737
   10678      41.6735
   10679      36.6998
   10680      43.2784
   10681      41.7215
   10682      45.2008
   10683      45.6474
   10684      44.3554
   10685      43.5867
   10686      46.5285
   10687      45.2661
   10688      45.9331
   10689      41.2052
   10690      43.2752
   10691      45.3928
   10692      42.8265
   10693      46.4362
   10694      47.0831
   10695      50.2777
   10696      52.2203
   10697      53.8479
   10698      55.1555
   10699      53.4052
   10700      55.2075
   10701      52.7497
   10702      49.7171
   10703      52.2465
   10704      54.7330
   10705      51.5819
   10706      53.0188
   10707      52.5528
   10708      50.0543
   10709      45.6205
   10710      53.8410
   10711      47.8813
   10712      47.0609
   10713      44.7331
   10714      47.1105
   10715      47.5921
   10716      49.5986
   10717      52.4082
   10718      51.3369
   10719      50.5377
   10720      47.5611
   10721      47.2731
   10722      40.7407
   10723      44.0884
   10724      41.5042
   10725      38.3113
   10726      45.9095
   10727      43.5719
   10728      41.5105
   10729      41.1572
   10730      43.1364
   10731      39.8770
   10732      42.1548
   10733      39.6555
   10734      41.6298
   10735      44.7154
   10736      45.4645
   10737      44.8092
   10738      41.2639
   10739      45.8472
   10740      46.4989
   10741      50.7144
   10742      41.6675
   10743      41.3237
   10744      39.8401
   10745      37.3191
   10746      40.6169
   10747      40.1757
   10748      43.3130
   10749      39.4256
   10750      39.8255
   10751      37.0719
   10752      36.0240
   10753      34.5238
   10754      38.5493
   10755      37.4065
   10756      33.4471
   10757      45.4494
   10758      43.1866
   10759      46.6457
   10760      47.0514
   10761      48.6663
   10762      47.1659
   10763      43.9706
   10764      45.1085
   10765      44.8220
   10766      44.2818
   10767      47.3225
   10768      51.9165
   10769      46.5924
   10770      48.2449
   10771      44.5730
   10772      45.9137
   10773      49.9164
   10774      51.3972
   10775      45.9021
   10776      48.6913
   10777      45.9765
   10778      46.1925
   10779      48.6976
   10780      47.5375
   10781      50.0048
   10782      53.9214
   10783      48.9089
   10784      49.1753
   10785      50.4003
   10786      49.8048
   10787      52.2324
   10788      51.4997
   10789      48.4668
   10790      53.0303
   10791      49.9959
   10792      52.8039
   10793      47.5178
   10794      46.0512
   10795      47.2937
   10796      47.1927
   10797      49.1245
   10798      46.5709
   10799      47.9516
   10800      44.1292
   10801      46.9143
   10802      50.7890
   10803      51.2795
   10804      49.0203
   10805      53.0819
   10806      51.9022
   10807      55.5361
   10808      51.0017
   10809      48.6926
   10810      52.5871
   10811      55.7835
   10812      53.1537
   10813      51.0983
   10814      51.1638
   10815      50.5439
   10816      46.9427
   10817      50.4921
   10818      48.1918
   10819      48.4076
   10820      48.0395
   10821      50.0926
   10822      48.0490
   10823      45.1193
   10824      43.3080
   10825      42.5021
   10826      46.6418
   10827      44.6190
   10828      46.0589
   10829      42.1684
   10830      40.7647
   10831      39.1372
   10832      41.5353
   10833      43.7245
   10834      46.9360
   10835      45.9856
   10836      51.7919
   10837      47.0297
   10838      49.2563
   10839      46.7110
   10840      40.6728
   10841      44.7343
   10842      47.2568
   10843      47.2667
   10844      53.0238
   10845      50.8175
   10846      52.2512
   10847      53.3831
   10848      50.0789
   10849      49.9954
   10850      53.9729
   10851      50.3099
   10852      51.7573
   10853      50.7932
   10854      53.9656
   10855      51.6016
   10856      57.2289
   10857      54.1605
   10858      60.2010
   10859      55.6268
   10860      51.6244
   10861      45.4491
   10862      44.7947
   10863      41.9393
   10864      47.2524
   10865      47.2943
   10866      46.4611
   10867      47.4404
   10868      44.7284
   10869      43.2226
   10870      39.9103
   10871      37.3154
   10872      39.9383
   10873      46.0810
   10874      46.9259
   10875      46.1481
   10876      46.6455
   10877      50.9392
   10878      50.2120
   10879      50.7051
   10880      46.0933
   10881      47.2944
   10882      46.9213
   10883      50.8923
   10884      49.9956
   10885      51.4282
   10886      50.3709
   10887      44.5874
   10888      47.2486
   10889      41.1338
   10890      44.2091
   10891      42.1450
   10892      44.4965
   10893      41.3978
   10894      47.4270
   10895      43.1477
   10896      43.7189
   10897      42.4572
   10898      39.2741
   10899      41.2732
   10900      44.9823
   10901      50.4572
   10902      43.6237
   10903      41.1431
   10904      39.1154
   10905      36.4334
   10906      37.6481
   10907      41.1586
   10908      40.2589
   10909      44.7974
   10910      40.1201
   10911      41.8501
   10912      40.7390
   10913      41.7121
   10914      49.0540
   10915      44.0602
   10916      43.1510
   10917      51.1181
   10918      46.5640
   10919      43.7139
   10920      45.5219
   10921      44.0395
   10922      40.1099
   10923      38.2520
   10924      42.2275
   10925      40.3690
   10926      45.4804
   10927      38.6137
   10928      38.2451
   10929      42.5454
   10930      40.2095
   10931      44.8171
   10932      46.9355
   10933      43.7512
   10934      48.0863
   10935      43.4252
   10936      41.4069
   10937      46.3425
   10938      50.0491
   10939      45.6958
   10940      47.9736
   10941      46.6444
   10942      48.1999
   10943      45.1549
   10944      48.9187
   10945      48.7514
   10946      47.8579
   10947      46.9865
   10948      43.1684
   10949      49.1836
   10950      52.4204
   10951      44.3898
   10952      50.0351
   10953      47.2001
   10954      52.9189
   10955      47.9304
   10956      45.8139
   10957      44.0275
   10958      48.0058
   10959      47.5243
   10960      50.2276
   10961      55.9795
   10962      53.2192
   10963      54.8759
   10964      53.2284
   10965      47.3324
   10966      48.5596
   10967      48.2099
   10968      47.6154
   10969      47.1514
   10970      46.1341
   10971      51.6457
   10972      50.5003
   10973      48.2816
   10974      51.5872
   10975      52.2082
   10976      51.8111
   10977      55.5626
   10978      52.3479
   10979      53.9582
   10980      47.6219
   10981      46.1505
   10982      46.7628
   10983      52.3591
   10984      50.8082
   10985      48.9428
   10986      52.4628
   10987      51.5562
   10988      52.1878
   10989      49.9603
   10990      49.0456
   10991      52.2682
   10992      49.2933
   10993      43.9527
   10994      44.1594
   10995      42.1845
   10996      43.3919
   10997      47.2179
   10998      43.1499
   10999      45.8731
   11000      44.7118
   11001      44.9760
   11002      45.8914
   11003      50.2183
   11004      44.5510
   11005      48.0867
   11006      43.2536
   11007      45.8740
   11008      47.1095
   11009      47.7134
   11010      46.2150
   11011      47.7121
   11012      46.6949
   11013      43.3126
   11014      47.0848
   11015      46.4174
   11016      45.3760
   11017      45.4481
   11018      41.8422
   11019      47.1222
   11020      52.3520
   11021      48.6250
   11022      41.1090
   11023      46.7441
   11024      46.5304
   11025      45.2231
   11026      43.7659
   11027      46.9096
   11028      46.7291
   11029      43.3228
   11030      45.0064
   11031      43.1471
   11032      45.0952
   11033      44.6064
   11034      43.0565
   11035      43.3656
   11036      46.4295
   11037      46.7584
   11038      45.8308
   11039      50.6093
   11040      46.3498
   11041      47.1782
   11042      47.1018
   11043      47.7061
   11044      46.5757
   11045      46.2008
   11046      44.0548
   11047      43.3100
   11048      46.7347
   11049      45.6798
   11050      45.7364
   11051      46.7439
   11052      43.8363
   11053      47.0113
   11054      42.7002
   11055      45.0472
   11056      45.1550
   11057      47.9889
   11058      48.1629
   11059      52.6555
   11060      47.6650
   11061      42.0568
   11062      48.7911
   11063      46.0676
   11064      47.0458
   11065      50.1133
   11066      47.8118
   11067      50.6476
   11068      54.4119
   11069      50.9563
   11070      50.6219
   11071      49.6731
   11072      47.1856
   11073      46.9339
   11074      46.0113
   11075      45.7411
   11076      51.0355
   11077      53.0353
   11078      50.8420
   11079      49.4626
   11080      47.1299
   11081      47.5802
   11082      49.7054
   11083      47.4713
   11084      47.2434
   11085      49.1511
   11086      44.9318
   11087      47.2767
   11088      49.3084
   11089      49.6027
   11090      51.3152
   11091      51.7661
   11092      51.6152
   11093      47.6583
   11094      49.1172
   11095      45.0644
   11096      43.5425
   11097      46.2737
   11098      50.9865
   11099      51.1572
   11100      45.6194
   11101      44.1171
   11102      48.6600
   11103      49.2306
   11104      46.2967
   11105      47.0970
   11106      51.5086
   11107      48.5044
   11108      51.0104
   11109      49.6207
   11110      53.2880
   11111      53.4409
   11112      49.7625
   11113      54.0675
   11114      55.1451
   11115      53.3083
   11116      53.5549
   11117      51.4806
   11118      53.3934
   11119      44.9468
   11120      49.4341
   11121      47.4690
   11122      52.4209
   11123      50.4531
   11124      57.7751
   11125      55.3124
   11126      51.6660
   11127      50.4880
   11128      50.4661
   11129      51.3475
   11130      48.8394
   11131      45.8397
   11132      42.2623
   11133      43.6058
   11134      44.9127
   11135      49.3486
   11136      44.8032
   11137      45.0917
   11138      48.3311
   11139      51.1989
   11140      47.2289
   11141      45.5936
   11142      43.9824
   11143      42.8620
   11144      45.3701
   11145      46.0800
   11146      44.2023
   11147      44.4134
   11148      46.7789
   11149      43.5320
   11150      47.3111
   11151      49.7605
   11152      49.4179
   11153      42.5323
   11154      40.2005
   11155      41.9906
   11156      43.2795
   11157      43.8260
   11158      44.1489
   11159      43.7302
   11160      44.3846
   11161      45.4651
   11162      47.0971
   11163      46.7075
   11164      44.6230
   11165      44.1598
   11166      44.2589
   11167      48.4908
   11168      45.4206
   11169      47.9784
   11170      47.8601
   11171      45.2442
   11172      43.1318
   11173      41.7402
   11174      45.2373
   11175      42.8090
   11176      42.0257
   11177      44.7420
   11178      47.2582
   11179      43.9708
   11180      40.4027
   11181      40.6528
   11182      39.5978
   11183      38.6673
   11184      40.9982
   11185      35.1374
   11186      39.6302
   11187      41.7711
   11188      41.9429
   11189      39.1003
   11190      39.4978
   11191      43.3313
   11192      43.3264
   11193      41.6587
   11194      45.3431
   11195      42.9964
   11196      47.6117
   11197      44.6365
   11198      42.4140
   11199      45.2871
   11200      45.5958
   11201      41.3034
   11202      44.8684
   11203      47.3060
   11204      45.7145
   11205      40.4820
   11206      40.2016
   11207      44.1428
   11208      40.3045
   11209      42.8580
   11210      42.6441
   11211      42.4528
   11212      45.2583
   11213      47.3320
   11214      43.4275
   11215      43.4987
   11216      43.3731
   11217      44.2817
   11218      43.5297
   11219      41.0924
   11220      38.0385
   11221      42.4746
   11222      39.0535
   11223      36.1411
   11224      41.1435
   11225      40.0202
   11226      38.3909
   11227      38.1501
   11228      39.2794
   11229      43.9387
   11230      41.3995
   11231      38.5314
   11232      39.8614
   11233      37.6896
   11234      38.1014
   11235      40.4644
   11236      42.2027
   11237      40.2882
   11238      40.6343
   11239      42.0372
   11240      37.7259
   11241      43.1926
   11242      41.8893
   11243      39.1927
   11244      35.3468
   11245      37.6464
   11246      38.6985
   11247      46.9733
   11248      45.5978
   11249      44.6237
   11250      48.9615
   11251      48.6254
   11252      48.5995
   11253      46.3662
   11254      46.2324
   11255      46.9380
   11256      46.2920
   11257      45.5046
   11258      45.0605
   11259      46.7578
   11260      47.3842
   11261      48.0289
   11262      45.9069
   11263      45.0822
   11264      46.8677
   11265      48.5588
   11266      44.0400
   11267      45.8265
   11268      48.1553
   11269      45.6726
   11270      41.6169
   11271      41.6796
   11272      46.7040
   11273      41.8862
   11274      39.9330
   11275      45.4561
   11276      42.8061
   11277      47.1201
   11278      49.4468
   11279      44.6036
   11280      42.4980
   11281      48.4069
   11282      47.4673
   11283      49.4198
   11284      47.9986
   11285      45.8274
   11286      45.5891
   11287      45.7229
   11288      47.2973
   11289      42.4711
   11290      48.4540
   11291      46.4288
   11292      43.2853
   11293      43.9179
   11294      46.4487
   11295      46.6979
   11296      47.2190
   11297      41.6971
   11298      40.9719
   11299      42.2174
   11300      41.1657
   11301      43.4585
   11302      41.9923
   11303      41.5615
   11304      41.5329
   11305      41.8620
   11306      40.8915
   11307      38.9547
   11308      43.6908
   11309      41.8349
   11310      41.4195
   11311      44.2820
   11312      47.5062
   11313      42.3251
   11314      41.3415
   11315      40.7663
   11316      42.2156
   11317      46.1988
   11318      43.1276
   11319      43.0352
   11320      45.3789
   11321      47.5899
   11322      47.6330
   11323      47.9605
   11324      48.1453
   11325      45.4342
   11326      42.7659
   11327      42.7659
   11328      47.0298
   11329      45.9062
   11330      43.9492
   11331      39.7820
   11332      46.8507
   11333      51.7467
   11334      50.0664
   11335      48.6952
   11336      52.1299
   11337      49.9254
   11338      48.2771
   11339      47.8568
   11340      48.0399
   11341      45.4918
   11342      44.7891
   11343      47.8119
   11344      51.8996
   11345      53.6860
   11346      47.2228
   11347      44.5147
   11348      49.0699
   11349      41.0882
   11350      46.2606
   11351      44.5309
   11352      45.4695
   11353      46.5198
   11354      46.8602
   11355      40.6937
   11356      40.8106
   11357      42.5609
   11358      43.2829
   11359      45.3828
   11360      47.2923
   11361      48.2400
   11362      52.3088
   11363      50.5753
   11364      47.3051
   11365      47.5602
   11366      48.4741
   11367      44.3901
   11368      43.4173
   11369      45.7643
   11370      45.1777
   11371      47.4058
   11372      43.9185
   11373      46.8721
   11374      46.8572
   11375      41.9959
   11376      44.7179
   11377      43.1548
   11378      45.1498
   11379      47.7148
   11380      45.6323
   11381      46.9083
   11382      41.7460
   11383      43.9025
   11384      44.7555
   11385      48.7038
   11386      50.6655
   11387      49.7754
   11388      50.5655
   11389      46.5237
   11390      41.7330
   11391      41.0446
   11392      41.8164
   11393      44.0944
   11394      43.2111
   11395      39.1943
   11396      40.2348
   11397      42.8903
   11398      47.1871
   11399      46.3027
   11400      42.2959
   11401      40.5897
   11402      43.6035
   11403      40.9664
   11404      44.9525
   11405      46.0418
   11406      42.9417
   11407      43.2277
   11408      40.2250
   11409      41.5604
   11410      41.9507
   11411      42.6684
   11412      45.1561
   11413      46.7816
   11414      41.8328
   11415      44.0993
   11416      43.7599
   11417      45.6528
   11418      42.6756
   11419      48.1043
   11420      43.4234
   11421      41.6848
   11422      46.1897
   11423      49.2858
   11424      45.0498
   11425      42.2699
   11426      42.2951
   11427      44.0411
   11428      50.6273
   11429      48.5941
   11430      52.3189
   11431      46.7903
   11432      50.5870
   11433      44.4771
   11434      44.1277
   11435      46.6271
   11436      43.7130
   11437      46.8493
   11438      49.1583
   11439      49.3485
   11440      45.3493
   11441      42.8061
   11442      46.3787
   11443      45.0216
   11444      45.0837
   11445      46.3204
   11446      48.9801
   11447      46.7594
   11448      48.6912
   11449      49.0133
   11450      50.6034
   11451      49.2611
   11452      50.7084
   11453      48.9124
   11454      46.8713
   11455      48.0384
   11456      48.0814
   11457      46.6620
   11458      45.2691
   11459      48.4590
   11460      43.6365
   11461      42.1487
   11462      42.5697
   11463      43.7743
   11464      49.0233
   11465      49.1377
   11466      48.4120
   11467      45.3243
   11468      48.8753
   11469      45.7643
   11470      46.5912
   11471      49.7891
   11472      48.8054
   11473      46.0042
   11474      50.2442
   11475      49.9466
   11476      48.5768
   11477      49.1681
   11478      49.9027
   11479      51.7452
   11480      46.1436
   11481      47.0573
   11482      42.6171
   11483      48.2320
   11484      48.2817
   11485      48.4119
   11486      49.5837
   11487      49.1658
   11488      49.2046
   11489      53.4105
   11490      46.7261
   11491      49.4332
   11492      55.3023
   11493      50.2248
   11494      47.0784
   11495      43.7413
   11496      44.6871
   11497      42.9561
   11498      49.6841
   11499      50.4545
   11500      49.2675
   11501      51.3813
   11502      53.4907
   11503      48.8644
   11504      45.7865
   11505      47.4893
   11506      44.2983
   11507      47.8809
   11508      49.3364
   11509      47.7631
   11510      46.7723
   11511      46.9535
   11512      49.7119
   11513      52.1331
   11514      52.8844
   11515      50.6183
   11516      49.6513
   11517      45.6249
   11518      50.2167
   11519      48.9714
   11520      47.8344
   11521      44.0746
   11522      49.2497
   11523      46.6817
   11524      48.0505
   11525      49.3031
   11526      51.6709
   11527      49.1028
   11528      46.2891
   11529      46.8745
   11530      46.5142
   11531      46.1907
   11532      50.0202
   11533      55.1139
   11534      51.9385
   11535      51.7027
   11536      54.8466
   11537      50.7919
   11538      49.7238
   11539      49.0803
   11540      51.6410
   11541      50.5361
   11542      48.7125
   11543      50.1874
   11544      48.5474
   11545      50.9018
   11546      55.2204
   11547      52.7649
   11548      49.6851
   11549      51.2972
   11550      50.2182
   11551      52.2958
   11552      54.3687
   11553      50.6323
   11554      44.1305
   11555      49.8702
   11556      51.1506
   11557      49.7528
   11558      49.9010
   11559      47.8002
   11560      47.7812
   11561      46.2941
   11562      50.8984
   11563      46.6154
   11564      47.2534
   11565      49.2512
   11566      46.0082
   11567      45.9207
   11568      46.3844
   11569      53.1634
   11570      55.8649
   11571      50.0869
   11572      50.2059
   11573      45.5476
   11574      48.6594
   11575      52.1329
   11576      51.1611
   11577      46.5197
   11578      45.7169
   11579      44.0163
   11580      40.0426
   11581      46.8048
   11582      44.8492
   11583      43.7867
   11584      41.7026
   11585      40.1225
   11586      42.2701
   11587      41.3922
   11588      39.9790
   11589      45.3671
   11590      44.6856
   11591      46.5789
   11592      44.1751
   11593      43.5701
   11594      43.0474
   11595      41.1336
   11596      44.5722
   11597      41.6147
   11598      47.9435
   11599      47.4678
   11600      45.5172
   11601      46.7463
   11602      47.1118
   11603      47.4503
   11604      50.0915
   11605      51.7455
   11606      43.5547
   11607      47.4550
   11608      51.1534
   11609      52.0587
   11610      48.3119
   11611      50.8278
   11612      50.4833
   11613      49.3473
   11614      49.7361
   11615      51.3073
   11616      48.1869
   11617      53.6252
   11618      52.0396
   11619      50.4639
   11620      48.3538
   11621      56.6580
   11622      55.4275
   11623      57.2954
   11624      53.9413
   11625      51.9551
   11626      51.7665
   11627      54.9723
   11628      54.5449
   11629      58.5258
   11630      56.9546
   11631      51.4564
   11632      55.5859
   11633      53.1057
   11634      55.5569
   11635      55.6829
   11636      57.9475
   11637      59.7897
   11638      59.3694
   11639      55.5168
   11640      57.6427
   11641      54.6043
   11642      56.9739
   11643      51.5671
   11644      52.7670
   11645      49.2996
   11646      51.0672
   11647      49.0558
   11648      45.7376
   11649      48.6479
   11650      47.0107
   11651      41.9597
   11652      43.5578
   11653      45.8200
   11654      49.8443
   11655      49.0599
   11656      47.6034
   11657      49.3421
   11658      44.3795
   11659      45.6656
   11660      48.8467
   11661      50.7899
   11662      48.6668
   11663      56.9301
   11664      55.3757
   11665      54.2410
   11666      48.1984
   11667      50.9232
   11668      51.5775
   11669      54.4986
   11670      55.5578
   11671      54.2100
   11672      51.9924
   11673      53.1741
   11674      48.6747
   11675      48.9252
   11676      50.5847
   11677      45.8406
   11678      49.4418
   11679      47.3702
   11680      50.1634
   11681      45.2177
   11682      39.5106
   11683      45.5928
   11684      40.9462
   11685      42.1308
   11686      45.0410
   11687      50.3665
   11688      47.9237
   11689      47.4748
   11690      51.2600
   11691      52.1377
   11692      52.0376
   11693      51.9860
   11694      48.4983
   11695      48.5907
   11696      49.7010
   11697      47.2209
   11698      49.4962
   11699      48.5531
   11700      44.4729
   11701      41.1388
   11702      42.1180
   11703      42.2882
   11704      42.8563
   11705      39.6320
   11706      39.9046
   11707      50.8370
   11708      44.5576
   11709      46.6386
   11710      46.5369
   11711      44.7363
   11712      42.7252
   11713      42.9095
   11714      46.0128
   11715      43.1726
   11716      43.9147
   11717      43.3768
   11718      44.0262
   11719      43.0672
   11720      44.5251
   11721      45.5900
   11722      50.0025
   11723      49.5162
   11724      50.5437
   11725      51.1008
   11726      47.8133
   11727      46.1686
   11728      47.8842
   11729      44.6768
   11730      38.6891
   11731      44.4934
   11732      47.3145
   11733      48.9718
   11734      51.8557
   11735      52.6198
   11736      53.3060
   11737      53.0337
   11738      48.7427
   11739      52.8245
   11740      54.7177
   11741      56.7917
   11742      57.0599
   11743      55.7134
   11744      53.5887
   11745      52.9407
   11746      59.7571
   11747      57.1292
   11748      59.3725
   11749      60.7169
   11750      57.1065
   11751      54.6801
   11752      56.4887
   11753      51.9112
   11754      51.1199
   11755      45.6709
   11756      48.5906
   11757      57.9087
   11758      54.6968
   11759      55.8589
   11760      52.2286
   11761      50.9195
   11762      46.2325
   11763      45.6223
   11764      46.2420
   11765      46.6463
   11766      46.6192
   11767      43.2510
   11768      44.9658
   11769      46.4299
   11770      43.0037
   11771      40.4482
   11772      43.3776
   11773      43.0249
   11774      48.3938
   11775      51.5114
   11776      48.6641
   11777      49.6667
   11778      46.1434
   11779      44.5881
   11780      48.4019
   11781      48.3130
   11782      46.3690
   11783      44.1013
   11784      43.0911
   11785      41.0409
   11786      44.1210
   11787      44.5826
   11788      43.1521
   11789      45.6566
   11790      47.5742
   11791      49.3810
   11792      50.2296
   11793      44.2921
   11794      47.3430
   11795      43.2875
   11796      43.6447
   11797      40.6074
   11798      41.6335
   11799      40.9837
   11800      40.8172
   11801      41.0182
   11802      36.0226
   11803      37.1476
   11804      37.8317
   11805      36.5210
   11806      39.2653
   11807      37.0655
   11808      36.2116
   11809      36.8955
   11810      33.3266
   11811      36.6406
   11812      36.3394
   11813      42.4431
   11814      37.4906
   11815      40.5381
   11816      40.4316
   11817      46.8352
   11818      47.9239
   11819      48.3686
   11820      48.5023
   11821      46.6729
   11822      45.5738
   11823      44.9120
   11824      39.2680
   11825      36.9799
   11826      35.2087
   11827      36.7449
   11828      33.6193
   11829      36.7079
   11830      36.6734
   11831      38.3236
   11832      34.3444
   11833      32.8536
   11834      40.3155
   11835      38.8239
   11836      35.0912
   11837      40.0674
   11838      40.7199
   11839      41.3201
   11840      38.8971
   11841      35.6304
   11842      35.5678
   11843      42.4566
   11844      42.5850
   11845      39.4657
   11846      43.1349
   11847      46.3863
   11848      46.1614
   11849      42.5481
   11850      42.3060
   11851      43.3101
   11852      38.8702
   11853      39.3540
   11854      38.3628
   11855      35.8672
   11856      33.9865
   11857      38.3291
   11858      36.2306
   11859      37.9634
   11860      36.7814
   11861      38.3058
   11862      38.8454
   11863      35.7431
   11864      33.7040
   11865      37.1005
   11866      29.8287
   11867      27.5445
   11868      31.6728
   11869      28.5937
   11870      28.3257
   11871      31.0662
   11872      31.5216
   11873      37.4167
   11874      39.1768
   11875      39.2649
   11876      41.9637
   11877      42.3377
   11878      38.3691
   11879      37.0488
   11880      32.8269
   11881      36.2655
   11882      33.7126
   11883      37.4456
   11884      35.4712
   11885      37.5271
   11886      33.7145
   11887      35.3557
   11888      35.5084
   11889      32.1278
   11890      32.4649
   11891      37.0288
   11892      37.6754
   11893      38.4899
   11894      39.9341
   11895      42.4905
   11896      39.7971
   11897      39.7622
   11898      38.4300
   11899      40.3479
   11900      42.4678
   11901      43.8925
   11902      37.5775
   11903      35.3774
   11904      38.9506
   11905      39.1694
   11906      39.4631
   11907      39.1942
   11908      36.9790
   11909      38.1670
   11910      37.1560
   11911      39.5090
   11912      42.9557
   11913      46.4549
   11914      45.1878
   11915      42.2036
   11916      35.4245
   11917      33.7542
   11918      33.1286
   11919      30.9123
   11920      28.5364
   11921      35.2050
   11922      38.6031
   11923      38.7791
   11924      40.6196
   11925      40.8311
   11926      42.5996
   11927      37.8350
   11928      40.4800
   11929      42.4076
   11930      40.1784
   11931      38.6257
   11932      43.7430
   11933      49.7641
   11934      47.5427
   11935      53.8582
   11936      48.2638
   11937      44.0306
   11938      38.4016
   11939      43.6010
   11940      45.3267
   11941      40.0277
   11942      43.7513
   11943      42.2857
   11944      40.4745
   11945      44.0524
   11946      43.3988
   11947      50.8303
   11948      45.7635
   11949      46.0494
   11950      39.0908
   11951      41.2339
   11952      40.7237
   11953      45.3836
   11954      42.0545
   11955      43.4152
   11956      45.1190
   11957      45.1962
   11958      43.4682
   11959      45.4447
   11960      40.7282
   11961      43.5446
   11962      43.3248
   11963      45.7638
   11964      44.7325
   11965      39.5883
   11966      41.9820
   11967      38.5541
   11968      37.9477
   11969      40.1230
   11970      38.1839
   11971      40.4338
   11972      38.6986
   11973      38.4488
   11974      35.2831
   11975      37.6645
   11976      42.6487
   11977      37.6904
   11978      40.8139
   11979      38.0719
   11980      37.5521
   11981      40.9622
   11982      38.2701
   11983      43.8098
   11984      47.8686
   11985      44.1841
   11986      43.7617
   11987      46.0678
   11988      49.7895
   11989      51.5486
   11990      50.8645
   11991      49.6546
   11992      52.4794
   11993      47.2267
   11994      49.4285
   11995      48.5761
   11996      50.4268
   11997      52.7683
   11998      52.3496
   11999      53.0717
   12000      53.7540
   12001      57.0174
   12002      55.9687
   12003      53.9130
   12004      60.1736
   12005      59.9088
   12006      60.9176
   12007      55.4306
   12008      54.5876
   12009      51.8732
   12010      53.4527
   12011      58.3139
   12012      57.3581
   12013      56.8629
   12014      57.8264
   12015      56.5806
   12016      53.9103
   12017      59.5369
   12018      56.2776
   12019      60.3587
   12020      59.5895
   12021      60.4567
   12022      59.6445
   12023      61.0264
   12024      55.0005
   12025      52.3398
   12026      48.1469
   12027      40.7753
   12028      46.3688
   12029      48.2020
   12030      42.4536
   12031      48.1046
   12032      46.6674
   12033      52.6463
   12034      54.7574
   12035      54.8408
   12036      55.4645
   12037      52.9343
   12038      51.0091
   12039      50.9399
   12040      51.7929
   12041      52.3569
   12042      51.7171
   12043      51.0303
   12044      51.7700
   12045      50.1205
   12046      51.2622
   12047      54.6939
   12048      58.8447
   12049      54.2553
   12050      52.3142
   12051      49.2083
   12052      45.5284
   12053      42.2897
   12054      42.5357
   12055      38.7009
   12056      40.6134
   12057      41.7850
   12058      43.5159
   12059      40.2458
   12060      39.1676
   12061      37.0231
   12062      41.4351
   12063      40.6688
   12064      43.0355
   12065      44.0509
   12066      46.4671
   12067      44.2942
   12068      40.8280
   12069      41.6683
   12070      38.2851
   12071      33.9211
   12072      35.9654
   12073      34.2094
   12074      30.6341
   12075      35.6559
   12076      37.1961
   12077      34.8584
   12078      35.8377
   12079      34.0961
   12080      32.8257
   12081      32.9749
   12082      37.0575
   12083      33.5635
   12084      33.6475
   12085      34.3067
   12086      31.5718
   12087      33.9887
   12088      36.8474
   12089      39.4571
   12090      40.0597
   12091      42.9739
   12092      44.9198
   12093      51.2902
   12094      45.9782
   12095      46.6441
   12096      46.3866
   12097      50.5636
   12098      51.3490
   12099      48.5839
   12100      43.7963
   12101      45.7205
   12102      40.2849
   12103      41.2881
   12104      38.5821
   12105      44.8934
   12106      44.5121
   12107      40.2657
   12108      46.1572
   12109      46.2130
   12110      53.3103
   12111      58.5232
   12112      56.3130
   12113      59.2365
   12114      63.0873
   12115      65.0723
   12116      65.6028
   12117      64.4996
   12118      61.2140
   12119      59.9128
   12120      58.3692
   12121      53.2704
   12122      51.2046
   12123      50.1085
   12124      47.4492
   12125      50.0696
   12126      46.0938
   12127      43.6205
   12128      42.8414
   12129      40.6595
   12130      38.7436
   12131      38.5005
   12132      42.5518
   12133      41.2565
   12134      42.9632
   12135      47.7361
   12136      43.2310
   12137      42.1337
   12138      44.2120
   12139      47.5572
   12140      47.8748
   12141      47.7038
   12142      49.7698
   12143      52.9400
   12144      50.7791
   12145      44.8985
   12146      42.8096
   12147      45.2731
   12148      48.3138
   12149      47.2295
   12150      49.6809
   12151      44.4768
   12152      44.7490
   12153      43.0869
   12154      43.1570
   12155      40.2577
   12156      39.2403
   12157      40.8015
   12158      41.3795
   12159      43.6577
   12160      46.0977
   12161      45.9101
   12162      53.8203
   12163      53.5060
   12164      48.6428
   12165      47.6541
   12166      45.5562
   12167      48.5128
   12168      45.0070
   12169      46.6307
   12170      42.0453
   12171      47.4684
   12172      49.6608
   12173      53.6778
   12174      48.1442
   12175      43.1000
   12176      42.0224
   12177      41.3076
   12178      41.7799
   12179      37.4165
   12180      40.3732
   12181      40.8746
   12182      39.7126
   12183      39.5939
   12184      40.2474
   12185      38.7763
   12186      40.0440
   12187      41.6405
   12188      36.7740
   12189      34.8291
   12190      40.4903
   12191      45.1958
   12192      42.9714
   12193      38.9233
   12194      40.8106
   12195      40.9876
   12196      41.8561
   12197      41.0568
   12198      43.3363
   12199      47.6383
   12200      46.0861
   12201      45.3666
   12202      42.7805
   12203      48.8828
   12204      51.2291
   12205      49.9866
   12206      47.1970
   12207      48.5646
   12208      41.5933
   12209      42.9058
   12210      46.9269
   12211      46.3365
   12212      50.4272
   12213      44.4176
   12214      45.5142
   12215      49.5236
   12216      47.3380
   12217      44.3530
   12218      41.3517
   12219      50.7348
   12220      55.1690
   12221      52.4094
   12222      51.7859
   12223      53.4370
   12224      53.5563
   12225      53.4051
   12226      50.3523
   12227      51.7861
   12228      54.6243
   12229      53.6891
   12230      51.6701
   12231      58.4329
   12232      55.2376
   12233      56.1823
   12234      51.6566
   12235      48.4455
   12236      53.2968
   12237      49.5556
   12238      53.5508
   12239      57.4273
   12240      56.1820
   12241      54.1485
   12242      53.3426
   12243      50.9283
   12244      51.3209
   12245      49.1657
   12246      53.6740
   12247      50.2171
   12248      45.3663
   12249      51.0835
   12250      50.8353
   12251      51.8873
   12252      48.6135
   12253      50.1959
   12254      49.3926
   12255      49.4589
   12256      49.4875
   12257      52.1986
   12258      53.7541
   12259      52.3048
   12260      56.2361
   12261      54.2277
   12262      53.7211
   12263      53.0518
   12264      50.1550
   12265      51.1755
   12266      50.9596
   12267      48.4041
   12268      46.3197
   12269      52.1748
   12270      49.9805
   12271      53.1532
   12272      48.4247
   12273      49.0624
   12274      49.5931
   12275      51.8950
   12276      54.5466
   12277      52.5675
   12278      51.7850
   12279      53.1689
   12280      58.4284
   12281      56.1457
   12282      55.7274
   12283      49.5371
   12284      45.6372
   12285      47.7600
   12286      45.6979
   12287      48.1136
   12288      49.3904
   12289      47.8401
   12290      51.8005
   12291      52.9273
   12292      50.2457
   12293      47.8066
   12294      48.4891
   12295      44.2822
   12296      40.1111
   12297      38.5677
   12298      40.1138
   12299      41.7137
   12300      39.4166
   12301      38.2534
   12302      45.1407
   12303      40.9428
   12304      44.4210
   12305      48.7297
   12306      49.0836
   12307      50.5377
   12308      50.5780
   12309      47.4914
   12310      45.1276
   12311      45.8840
   12312      41.0638
   12313      41.0056
   12314      43.9406
   12315      47.5712
   12316      50.8986
   12317      53.4726
   12318      56.0258
   12319      56.2392
   12320      53.4199
   12321      53.0076
   12322      46.0912
   12323      46.2358
   12324      45.8331
   12325      42.6875
   12326      46.1947
   12327      43.8909
   12328      44.5368
   12329      43.8492
   12330      46.2398
   12331      46.1693
   12332      41.3497
   12333      43.0806
   12334      43.4341
   12335      43.6775
   12336      43.6604
   12337      41.7071
   12338      45.1261
   12339      44.0736
   12340      43.1996
   12341      45.3925
   12342      46.2095
   12343      45.5367
   12344      44.2943
   12345      44.7576
   12346      47.4556
   12347      44.7552
   12348      47.3471
   12349      45.4693
   12350      48.6142
   12351      48.9337
   12352      46.0377
   12353      46.5433
   12354      45.7429
   12355      50.9424
   12356      47.7432
   12357      49.0001
   12358      50.8160
   12359      47.5292
   12360      49.0433
   12361      49.1518
   12362      47.3721
   12363      48.9672
   12364      47.2964
   12365      47.4071
   12366      43.2728
   12367      46.1885
   12368      47.7285
   12369      44.2429
   12370      45.9640
   12371      43.6781
   12372      43.8133
   12373      47.9653
   12374      47.1991
   12375      54.9177
   12376      56.5678
   12377      52.7249
   12378      51.5565
   12379      44.0961
   12380      39.7450
   12381      41.8193
   12382      46.1220
   12383      47.0950
   12384      48.0470
   12385      48.2860
   12386      48.3184
   12387      42.5338
   12388      43.5394
   12389      49.1466
   12390      43.8559
   12391      49.9904
   12392      46.2110
   12393      46.5452
   12394      49.4653
   12395      51.3280
   12396      51.3180
   12397      50.1010
   12398      50.8793
   12399      49.2871
   12400      43.3554
   12401      44.7470
   12402      52.1120
   12403      50.5977
   12404      44.4864
   12405      48.7674
   12406      51.6026
   12407      45.8776
   12408      52.1018
   12409      51.5326
   12410      44.6560
   12411      45.5641
   12412      47.8196
   12413      47.8391
   12414      47.2264
   12415      47.1792
   12416      47.2581
   12417      49.9625
   12418      43.3887
   12419      45.3056
   12420      43.5048
   12421      47.8546
   12422      44.7219
   12423      51.2690
   12424      48.8521
   12425      46.9760
   12426      48.0057
   12427      46.4626
   12428      45.7819
   12429      42.3076
   12430      41.8785
   12431      39.9139
   12432      42.8823
   12433      41.4616
   12434      43.8197
   12435      46.1220
   12436      42.7713
   12437      42.1134
   12438      42.4973
   12439      43.5820
   12440      40.4724
   12441      43.3628
   12442      45.3763
   12443      38.1644
   12444      43.2715
   12445      45.2918
   12446      44.4827
   12447      45.3947
   12448      49.7810
   12449      46.9779
   12450      47.3461
   12451      47.7621
   12452      42.1311
   12453      48.8343
   12454      45.1417
   12455      45.6040
   12456      46.9822
   12457      44.8147
   12458      46.7732
   12459      44.8434
   12460      45.9325
   12461      46.6206
   12462      47.8762
   12463      48.8513
   12464      47.4287
   12465      49.7560
   12466      45.3034
   12467      44.0879
   12468      45.1999
   12469      45.7872
   12470      47.8086
   12471      43.7635
   12472      45.9918
   12473      46.0185
   12474      45.0671
   12475      44.0386
   12476      39.8348
   12477      39.6355
   12478      40.9840
   12479      45.5970
   12480      46.0029
   12481      45.7466
   12482      52.6925
   12483      52.4641
   12484      50.2648
   12485      51.6099
   12486      50.2833
   12487      47.7655
   12488      50.3919
   12489      47.9650
   12490      48.8804
   12491      45.1917
   12492      47.2868
   12493      43.8276
   12494      43.0146
   12495      44.7206
   12496      42.7277
   12497      38.9884
   12498      48.6927
   12499      49.6149
   12500      46.3398
   12501      44.2883
   12502      51.2825
   12503      56.7430
   12504      58.9703
   12505      58.0279
   12506      63.6342
   12507      61.4451
   12508      62.2085
   12509      59.7700
   12510      59.9112
   12511      58.3997
   12512      57.2615
   12513      49.9086
   12514      45.7789
   12515      45.1943
   12516      49.1386
   12517      51.1274
   12518      47.2549
   12519      47.6435
   12520      47.7214
   12521      44.7148
   12522      45.8240
   12523      48.0338
   12524      48.9833
   12525      47.3522
   12526      45.9628
   12527      51.1174
   12528      45.8241
   12529      44.0885
   12530      54.4505
   12531      53.2218
   12532      51.6062
   12533      51.1841
   12534      51.8298
   12535      55.6160
   12536      54.2128
   12537      54.1052
   12538      50.0580
   12539      51.2242
   12540      47.8644
   12541      50.3672
   12542      47.0514
   12543      47.2565
   12544      51.6722
   12545      45.8471
   12546      46.3100
   12547      43.5425
   12548      48.1311
   12549      51.4046
   12550      48.6809
   12551      47.0921
   12552      48.6643
   12553      46.7362
   12554      47.2590
   12555      42.3297
   12556      47.5801
   12557      48.3462
   12558      53.6161
   12559      53.0144
   12560      49.1159
   12561      50.5196
   12562      46.7735
   12563      50.7203
   12564      52.5769
   12565      50.5581
   12566      49.5610
   12567      50.5066
   12568      49.2503
   12569      47.6347
   12570      53.0689
   12571      54.5979
   12572      50.6031
   12573      44.8637
   12574      46.5572
   12575      42.9550
   12576      38.6440
   12577      44.7599
   12578      38.8216
   12579      38.1671
   12580      43.3654
   12581      48.2844
   12582      45.5336
   12583      46.1660
   12584      43.5738
   12585      43.9215
   12586      40.9919
   12587      38.8216
   12588      45.4954
   12589      46.5240
   12590      47.2736
   12591      47.1882
   12592      51.0587
   12593      47.0483
   12594      50.9117
   12595      46.2632
   12596      46.4624
   12597      46.9536
   12598      48.7940
   12599      41.2056
   12600      45.4176
   12601      49.6389
   12602      44.2462
   12603      47.9673
   12604      47.1072
   12605      44.8570
   12606      47.4305
   12607      40.8015
   12608      43.3859
   12609      45.4057
   12610      43.8652
   12611      41.0804
   12612      44.8781
   12613      47.8986
   12614      44.9057
   12615      45.4500
   12616      47.4523
   12617      51.5703
   12618      49.7529
   12619      51.2296
   12620      49.4289
   12621      51.0198
   12622      50.7074
   12623      54.0427
   12624      46.1090
   12625      36.1290
   12626      41.4913
   12627      46.9643
   12628      45.3170
   12629      44.5194
   12630      43.4018
   12631      45.2268
   12632      46.2991
   12633      47.2006
   12634      46.6407
   12635      48.0436
   12636      49.1115
   12637      47.0105
   12638      49.3090
   12639      48.8162
   12640      45.9768
   12641      47.0835
   12642      46.0962
   12643      51.3735
   12644      46.5741
   12645      50.7819
   12646      46.6783
   12647      41.9131
   12648      46.5660
   12649      46.7577
   12650      53.7568
   12651      48.7513
   12652      46.4440
   12653      46.4001
   12654      51.8935
   12655      52.8759
   12656      49.3093
   12657      47.2910
   12658      51.1548
   12659      49.7625
   12660      49.9175
   12661      51.8693
   12662      52.9022
   12663      48.9265
   12664      48.1176
   12665      47.4528
   12666      47.4726
   12667      50.1051
   12668      53.1952
   12669      48.3473
   12670      47.0348
   12671      50.4439
   12672      47.1858
   12673      47.7976
   12674      45.6595
   12675      44.1762
   12676      43.6532
   12677      47.8845
   12678      42.6286
   12679      44.9673
   12680      47.6129
   12681      50.3993
   12682      46.5806
   12683      46.2875
   12684      47.1229
   12685      48.4906
   12686      47.7334
   12687      54.2536
   12688      49.7988
   12689      50.0557
   12690      50.0531
   12691      49.5261
   12692      51.6856
   12693      48.9333
   12694      44.9835
   12695      47.7818
   12696      45.9689
   12697      41.6389
   12698      44.9408
   12699      49.6771
   12700      52.1228
   12701      49.9308
   12702      47.3346
   12703      50.5767
   12704      49.0758
   12705      45.6189
   12706      45.9252
   12707      44.9895
   12708      44.3912
   12709      45.3680
   12710      47.6716
   12711      50.5475
   12712      48.7708
   12713      49.0014
   12714      46.2504
   12715      49.5914
   12716      49.0842
   12717      43.0754
   12718      47.2245
   12719      47.7205
   12720      51.6263
   12721      51.6358
   12722      50.0944
   12723      47.4606
   12724      51.1848
   12725      50.9133
   12726      50.0673
   12727      50.2030
   12728      48.9703
   12729      49.6914
   12730      53.8183
   12731      49.4985
   12732      50.0049
   12733      50.8161
   12734      52.7120
   12735      52.1477
   12736      52.0687
   12737      49.1953
   12738      49.5532
   12739      48.3075
   12740      47.9329
   12741      47.0591
   12742      52.4207
   12743      51.1568
   12744      46.7950
   12745      48.5757
   12746      47.3334
   12747      47.9874
   12748      46.7434
   12749      50.1298
   12750      50.1677
   12751      50.5209
   12752      51.0909
   12753      51.5482
   12754      50.6759
   12755      49.5647
   12756      48.7010
   12757      48.4551
   12758      49.8581
   12759      49.1580
   12760      50.0650
   12761      48.1279
   12762      48.6624
   12763      50.1396
   12764      48.6017
   12765      47.5462
   12766      45.0742
   12767      46.5347
   12768      47.3020
   12769      49.5428
   12770      50.2628
   12771      41.8085
   12772      49.1113
   12773      51.0884
   12774      50.5122
   12775      47.5283
   12776      47.1746
   12777      45.3911
   12778      44.5971
   12779      43.1629
   12780      44.4540
   12781      42.8443
   12782      44.0835
   12783      45.6466
   12784      46.0400
   12785      45.2697
   12786      44.8030
   12787      42.0667
   12788      43.5538
   12789      46.0104
   12790      42.8833
   12791      46.7007
   12792      47.8876
   12793      45.5856
   12794      43.2201
   12795      47.1853
   12796      44.8678
   12797      44.8543
   12798      44.2026
   12799      42.3856
   12800      43.4781
   12801      49.1869
   12802      48.9332
   12803      54.1939
   12804      51.6433
   12805      48.2248
   12806      48.8709
   12807      52.4692
   12808      49.8543
   12809      46.0937
   12810      47.7276
   12811      47.6414
   12812      48.8760
   12813      50.5126
   12814      48.2163
   12815      49.1345
   12816      45.7207
   12817      47.7705
   12818      45.8600
   12819      46.4511
   12820      49.2074
   12821      44.2488
   12822      45.1402
   12823      45.4438
   12824      46.4607
   12825      50.2747
   12826      43.0291
   12827      48.5621
   12828      51.6909
   12829      52.8624
   12830      52.0822
   12831      52.4720
   12832      52.1502
   12833      55.2998
   12834      48.2394
   12835      49.9490
   12836      48.9761
   12837      52.6940
   12838      56.0732
   12839      51.1164
   12840      48.2689
   12841      46.0180
   12842      49.1005
   12843      50.4112
   12844      46.9404
   12845      49.1010
   12846      51.1227
   12847      51.5021
   12848      54.6754
   12849      49.4072
   12850      47.7857
   12851      44.2196
   12852      43.7090
   12853      45.3540
   12854      47.7537
   12855      50.6258
   12856      50.5592
   12857      45.5943
   12858      46.0385
   12859      44.0628
   12860      48.6034
   12861      49.0379
   12862      50.3499
   12863      43.1159
   12864      40.6675
   12865      38.3567
   12866      44.6568
   12867      46.0654
   12868      43.5983
   12869      41.5552
   12870      48.2201
   12871      47.3548
   12872      38.9686
   12873      43.8446
   12874      42.4413
   12875      42.1475
   12876      48.5138
   12877      47.7161
   12878      43.5680
   12879      43.3153
   12880      42.2584
   12881      42.3071
   12882      42.4661
   12883      44.5768
   12884      47.7374
   12885      48.3420
   12886      45.4813
   12887      42.5638
   12888      47.3237
   12889      42.9035
   12890      46.0801
   12891      44.8208
   12892      46.8310
   12893      47.8318
   12894      46.7515
   12895      47.5617
   12896      47.9392
   12897      44.2234
   12898      46.3169
   12899      44.7100
   12900      48.4304
   12901      46.9748
   12902      44.8328
   12903      42.9102
   12904      43.6363
   12905      43.7426
   12906      45.3664
   12907      45.3694
   12908      41.8284
   12909      46.4371
   12910      42.8231
   12911      39.8534
   12912      40.8730
   12913      43.1370
   12914      43.0033
   12915      42.9898
   12916      44.5919
   12917      44.8710
   12918      44.9993
   12919      41.8440
   12920      45.8893
   12921      44.0924
   12922      43.0972
   12923      45.7103
   12924      43.1494
   12925      44.0200
   12926      43.5679
   12927      42.4624
   12928      45.1453
   12929      46.3280
   12930      49.7799
   12931      46.9194
   12932      49.8998
   12933      46.4585
   12934      46.0441
   12935      48.8238
   12936      47.4577
   12937      48.9155
   12938      46.6878
   12939      44.6072
   12940      47.4827
   12941      45.5579
   12942      43.5169
   12943      42.9830
   12944      39.5865
   12945      44.0877
   12946      45.9064
   12947      43.7089
   12948      42.9719
   12949      48.1531
   12950      46.2771
   12951      50.1846
   12952      51.6333
   12953      53.5708
   12954      54.4510
   12955      51.4162
   12956      50.0569
   12957      50.2105
   12958      45.5921
   12959      48.0729
   12960      49.2936
   12961      49.5340
   12962      46.0291
   12963      45.0518
   12964      43.5902
   12965      44.1707
   12966      44.5863
   12967      42.1618
   12968      42.3455
   12969      43.8182
   12970      47.7503
   12971      48.4385
   12972      48.7321
   12973      46.4522
   12974      42.1661
   12975      42.2980
   12976      46.8284
   12977      45.4374
   12978      42.6576
   12979      43.6459
   12980      41.4766
   12981      41.4061
   12982      44.4355
   12983      44.5050
   12984      47.1958
   12985      43.8192
   12986      39.0314
   12987      42.4095
   12988      45.5288
   12989      49.7122
   12990      52.0216
   12991      49.0668
   12992      47.9833
   12993      48.8699
   12994      54.1385
   12995      46.2537
   12996      48.4502
   12997      45.3517
   12998      46.5997
   12999      44.6242
   13000      45.9164
   13001      43.7600
   13002      46.7410
   13003      47.3870
   13004      47.0630
   13005      50.5138
   13006      49.4873
   13007      49.8669
   13008      45.0636
   13009      46.7031
   13010      41.4179
   13011      39.7493
   13012      43.9649
   13013      46.2231
   13014      44.4737
   13015      42.6224
   13016      41.0953
   13017      44.6941
   13018      43.3025
   13019      41.5700
   13020      41.4117
   13021      42.8816
   13022      45.6503
   13023      42.3256
   13024      47.5570
   13025      45.8459
   13026      49.3109
   13027      54.4113
   13028      47.8794
   13029      50.7601
   13030      51.1809
   13031      45.3675
   13032      48.5433
   13033      41.2765
   13034      41.6200
   13035      44.5118
   13036      46.4451
   13037      47.8358
   13038      45.4656
   13039      44.7449
   13040      47.5785
   13041      46.2882
   13042      48.8513
   13043      52.7894
   13044      47.8137
   13045      41.6667
   13046      42.1124
   13047      41.1295
   13048      41.2366
   13049      42.2529
   13050      43.0629
   13051      39.5015
   13052      39.8700
   13053      43.6204
   13054      44.2215
   13055      46.6203
   13056      46.1237
   13057      49.4601
   13058      53.3690
   13059      48.1203
   13060      47.9334
   13061      49.6231
   13062      50.7132
   13063      49.7510
   13064      49.8275
   13065      44.3734
   13066      45.3309
   13067      48.8983
   13068      44.7432
   13069      46.6902
   13070      46.9466
   13071      47.4080
   13072      49.4172
   13073      47.6755
   13074      46.9822
   13075      47.3428
   13076      47.2773
   13077      45.8987
   13078      45.7941
   13079      45.5564
   13080      46.7526
   13081      44.9607
   13082      49.3829
   13083      51.5119
   13084      56.0651
   13085      51.9597
   13086      51.9708
   13087      49.2711
   13088      52.1009
   13089      50.8235
   13090      49.8586
   13091      46.8438
   13092      47.3857
   13093      48.0898
   13094      44.9545
   13095      47.5588
   13096      48.3813
   13097      46.4502
   13098      51.1119
   13099      47.0595
   13100      47.4477
   13101      46.4559
   13102      55.0921
   13103      52.8401
   13104      53.1666
   13105      52.3167
   13106      46.6912
   13107      48.8341
   13108      42.4245
   13109      39.6271
   13110      46.8154
   13111      41.4818
   13112      41.8354
   13113      48.4699
   13114      47.5196
   13115      45.4090
   13116      37.6908
   13117      42.7675
   13118      42.2906
   13119      38.9001
   13120      40.9689
   13121      35.6961
   13122      40.4454
   13123      39.3353
   13124      43.5073
   13125      44.5658
   13126      44.4341
   13127      43.6141
   13128      43.7784
   13129      45.7584
   13130      45.6274
   13131      43.6445
   13132      44.6853
   13133      45.1880
   13134      43.6639
   13135      43.0492
   13136      44.3132
   13137      48.0180
   13138      47.0588
   13139      47.8952
   13140      43.3538
   13141      44.8570
   13142      43.8262
   13143      50.6291
   13144      51.9769
   13145      49.4685
   13146      51.8785
   13147      50.9646
   13148      50.5352
   13149      51.1329
   13150      51.8397
   13151      49.2651
   13152      46.3803
   13153      45.6916
   13154      49.6611
   13155      44.0925
   13156      43.7003
   13157      51.8635
   13158      48.5526
   13159      45.6727
   13160      49.8193
   13161      46.1490
   13162      51.1662
   13163      43.4863
   13164      46.4009
   13165      43.8797
   13166      45.2353
   13167      45.6104
   13168      45.6869
   13169      49.2273
   13170      50.9915
   13171      47.9914
   13172      45.2637
   13173      43.0877
   13174      44.4530
   13175      46.1731
   13176      50.0245
   13177      44.7322
   13178      45.4867
   13179      47.0574
   13180      50.4511
   13181      41.9059
   13182      43.8461
   13183      43.9344
   13184      46.3703
   13185      48.7898
   13186      46.7389
   13187      49.3599
   13188      45.7722
   13189      44.7951
   13190      51.0008
   13191      45.7429
   13192      48.9860
   13193      44.5686
   13194      49.8850
   13195      44.2028
   13196      50.4736
   13197      45.2998
   13198      45.2898
   13199      46.6533
   13200      45.3919
   13201      45.3169
   13202      44.3708
   13203      51.3446
   13204      47.7619
   13205      48.5041
   13206      47.2367
   13207      46.1689
   13208      49.0443
   13209      49.6224
   13210      47.4360
   13211      46.7744
   13212      43.8533
   13213      46.8425
   13214      47.6256
   13215      47.4425
   13216      53.5242
   13217      52.7905
   13218      51.5912
   13219      56.7991
   13220      58.5521
   13221      55.7713
   13222      55.9182
   13223      56.2986
   13224      60.0184
   13225      54.3286
   13226      53.1274
   13227      56.4738
   13228      54.2103
   13229      48.9543
   13230      50.7878
   13231      52.1799
   13232      55.4404
   13233      52.2127
   13234      52.2889
   13235      50.1606
   13236      43.1811
   13237      45.1051
   13238      45.5906
   13239      44.4255
   13240      42.9781
   13241      46.3354
   13242      49.8712
   13243      46.7638
   13244      45.0563
   13245      47.2789
   13246      48.1266
   13247      48.7933
   13248      44.1537
   13249      49.1417
   13250      46.1448
   13251      45.3823
   13252      40.8432
   13253      45.6104
   13254      49.9238
   13255      48.6046
   13256      44.5705
   13257      47.0956
   13258      41.3250
   13259      39.6614
   13260      41.6212
   13261      43.0046
   13262      42.3267
   13263      41.5880
   13264      39.8021
   13265      43.7408
   13266      36.8770
   13267      39.3930
   13268      44.0729
   13269      43.6553
   13270      43.7661
   13271      40.5630
   13272      41.9535
   13273      40.0814
   13274      41.6820
   13275      43.3703
   13276      41.9965
   13277      38.7583
   13278      36.1407
   13279      37.6396
   13280      38.8724
   13281      41.2077
   13282      46.6391
   13283      41.6601
   13284      40.7756
   13285      44.6972
   13286      45.7741
   13287      48.2690
   13288      44.7986
   13289      49.0078
   13290      47.4070
   13291      44.2342
   13292      43.0822
   13293      41.9217
   13294      45.5457
   13295      46.0604
   13296      44.5714
   13297      44.5106
   13298      46.5677
   13299      46.2358
   13300      46.5983
   13301      47.1630
   13302      52.0006
   13303      48.7878
   13304      50.0647
   13305      51.2280
   13306      46.9678
   13307      51.0413
   13308      44.0308
   13309      48.1191
   13310      48.5728
   13311      48.7827
   13312      49.5585
   13313      47.8924
   13314      48.9839
   13315      48.9036
   13316      52.5583
   13317      46.9569
   13318      43.4205
   13319      47.7227
   13320      47.8867
   13321      48.9107
   13322      47.2746
   13323      48.8781
   13324      48.5834
   13325      44.1791
   13326      48.4025
   13327      49.2193
   13328      43.3081
   13329      45.3234
   13330      44.8628
   13331      45.8854
   13332      46.0109
   13333      49.2478
   13334      44.8122
   13335      43.9709
   13336      43.6641
   13337      45.4581
   13338      42.8096
   13339      42.9685
   13340      46.0122
   13341      45.3639
   13342      47.8372
   13343      47.5742
   13344      47.0794
   13345      46.5148
   13346      49.5773
   13347      52.1881
   13348      49.6838
   13349      49.4187
   13350      50.6698
   13351      44.5008
   13352      49.6019
   13353      50.7210
   13354      50.3996
   13355      50.7126
   13356      44.4078
   13357      47.0783
   13358      49.0006
   13359      46.6944
   13360      49.8275
   13361      44.1757
   13362      47.0317
   13363      46.7384
   13364      44.7043
   13365      46.5718
   13366      40.6345
   13367      40.4740
   13368      40.2431
   13369      43.1946
   13370      38.7569
   13371      42.4000
   13372      41.8890
   13373      40.1606
   13374      45.3578
   13375      44.8200
   13376      47.6301
   13377      47.3129
   13378      46.7603
   13379      50.8772
   13380      52.2194
   13381      49.9232
   13382      51.4003
   13383      52.6337
   13384      46.9632
   13385      44.6361
   13386      42.6091
   13387      41.0855
   13388      43.0228
   13389      44.5067
   13390      43.3367
   13391      43.5230
   13392      48.8573
   13393      46.9096
   13394      46.8547
   13395      50.1982
   13396      53.1454
   13397      53.4687
   13398      55.7370
   13399      49.7963
   13400      50.8792
   13401      45.3631
   13402      43.9337
   13403      44.1042
   13404      46.5336
   13405      44.2688
   13406      38.0182
   13407      42.5839
   13408      45.3573
   13409      38.1469
   13410      37.3951
   13411      48.5872
   13412      49.3714
   13413      48.4984
   13414      44.5678
   13415      49.3327
   13416      49.2697
   13417      54.9886
   13418      53.4295
   13419      48.3240
   13420      51.0034
   13421      46.6386
   13422      52.2459
   13423      51.6913
   13424      45.5653
   13425      44.3757
   13426      49.6178
   13427      46.7946
   13428      51.3536
   13429      49.0570
   13430      50.7675
   13431      50.0762
   13432      50.7917
   13433      50.5620
   13434      51.7788
   13435      48.6588
   13436      47.6799
   13437      43.8876
   13438      38.6175
   13439      43.7162
   13440      38.0483
   13441      38.3620
   13442      41.8808
   13443      41.2697
   13444      45.8489
   13445      44.9594
   13446      45.7033
   13447      46.4633
   13448      44.9771
   13449      45.0304
   13450      47.8154
   13451      51.5737
   13452      50.7302
   13453      43.1238
   13454      44.4351
   13455      50.2589
   13456      50.5261
   13457      53.5098
   13458      54.5111
   13459      52.0543
   13460      55.8923
   13461      55.9488
   13462      51.9358
   13463      54.4093
   13464      57.1948
   13465      54.1934
   13466      50.5431
   13467      47.1612
   13468      47.4763
   13469      47.4647
   13470      50.5846
   13471      54.0665
   13472      45.7257
   13473      49.5290
   13474      42.7724
   13475      42.0724
   13476      43.6075
   13477      42.1588
   13478      45.4537
   13479      44.8496
   13480      43.4735
   13481      39.4806
   13482      37.9900
   13483      38.1895
   13484      36.5578
   13485      33.8677
   13486      34.5333
   13487      35.8844
   13488      37.0151
   13489      36.6726
   13490      39.7487
   13491      42.7842
   13492      42.3780
   13493      42.4727
   13494      39.6563
   13495      43.4023
   13496      41.5543
   13497      40.1083
   13498      41.7881
   13499      44.0205
   13500      41.2230
   13501      41.8981
   13502      43.9009
   13503      50.6602
   13504      48.0469
   13505      48.5745
   13506      42.1458
   13507      43.4140
   13508      44.3709
   13509      40.3956
   13510      36.0884
   13511      36.1629
   13512      34.8131
   13513      40.4373
   13514      38.9572
   13515      34.6015
   13516      39.8715
   13517      44.1815
   13518      44.2460
   13519      44.2324
   13520      45.2809
   13521      49.9710
   13522      47.5657
   13523      49.5986
   13524      44.2231
   13525      42.7700
   13526      38.8715
   13527      37.8082
   13528      38.6733
   13529      37.0504
   13530      39.9037
   13531      42.8398
   13532      42.3225
   13533      44.3033
   13534      43.1521
   13535      39.2376
   13536      38.4244
   13537      42.6774
   13538      39.6643
   13539      42.6859
   13540      41.3569
   13541      42.3773
   13542      46.9224
   13543      48.6635
   13544      47.4749
   13545      45.2833
   13546      46.2115
   13547      47.5086
   13548      46.3282
   13549      46.0033
   13550      41.2384
   13551      39.9177
   13552      37.7637
   13553      38.6793
   13554      39.8732
   13555      41.4096
   13556      45.5205
   13557      45.5925
   13558      42.3232
   13559      43.2742
   13560      42.7331
   13561      41.2159
   13562      40.3071
   13563      38.0303
   13564      41.4678
   13565      40.9821
   13566      42.5865
   13567      39.0095
   13568      39.0434
   13569      42.4112
   13570      39.6066
   13571      45.2569
   13572      49.1950
   13573      45.5785
   13574      45.3048
   13575      44.2165
   13576      42.1334
   13577      45.7887
   13578      42.9382
   13579      43.9543
   13580      44.8845
   13581      44.3279
   13582      41.7161
   13583      44.4334
   13584      41.2278
   13585      40.4882
   13586      37.9272
   13587      39.7466
   13588      43.1324
   13589      43.9905
   13590      41.9261
   13591      48.8305
   13592      48.6736
   13593      45.6809
   13594      43.1708
   13595      46.6911
   13596      50.7100
   13597      50.7623
   13598      45.2799
   13599      45.6551
   13600      45.8945
   13601      46.6699
   13602      41.8903
   13603      44.6302
   13604      45.7502
   13605      40.3565
   13606      42.7369
   13607      43.3253
   13608      42.5884
   13609      44.9697
   13610      44.3487
   13611      42.0295
   13612      45.2614
   13613      44.8258
   13614      44.5413
   13615      46.4019
   13616      44.8074
   13617      46.7673
   13618      46.9812
   13619      45.7373
   13620      44.2516
   13621      41.5058
   13622      42.4567
   13623      43.2400
   13624      42.9598
   13625      45.9280
   13626      48.4598
   13627      49.9947
   13628      45.8010
   13629      44.7813
   13630      46.8487
   13631      43.4566
   13632      42.1435
   13633      38.2376
   13634      44.7532
   13635      44.0959
   13636      43.0964
   13637      43.7831
   13638      42.0874
   13639      39.5134
   13640      42.5262
   13641      41.6818
   13642      45.8240
   13643      44.6713
   13644      47.8928
   13645      50.2085
   13646      49.8963
   13647      47.8024
   13648      49.0599
   13649      47.6685
   13650      50.9881
   13651      47.8024
   13652      52.0256
   13653      52.2589
   13654      58.9032
   13655      60.3975
   13656      59.6089
   13657      57.7066
   13658      55.0868
   13659      52.1181
   13660      53.2606
   13661      53.7315
   13662      55.4195
   13663      59.0298
   13664      60.9615
   13665      57.4959
   13666      56.8623
   13667      58.3698
   13668      49.5386
   13669      50.8293
   13670      51.4723
   13671      53.0790
   13672      49.9660
   13673      54.6942
   13674      51.8820
   13675      46.5877
   13676      47.8049
   13677      49.6006
   13678      48.9244
   13679      49.4287
   13680      52.3867
   13681      49.0300
   13682      50.3054
   13683      47.8696
   13684      45.6474
   13685      47.3722
   13686      47.0612
   13687      49.0874
   13688      48.1164
   13689      47.3973
   13690      46.8494
   13691      49.4197
   13692      49.3207
   13693      46.9096
   13694      51.7682
   13695      47.5374
   13696      49.3251
   13697      49.0513
   13698      53.4981
   13699      52.4928
   13700      52.9636
   13701      50.5724
   13702      51.4019
   13703      48.2539
   13704      48.0422
   13705      49.8067
   13706      48.0231
   13707      48.0749
   13708      47.3883
   13709      48.1518
   13710      47.7704
   13711      51.4574
   13712      49.8724
   13713      47.1103
   13714      42.9546
   13715      45.4737
   13716      43.3417
   13717      40.5816
   13718      42.5270
   13719      43.1864
   13720      45.6374
   13721      44.7686
   13722      42.4095
   13723      42.9491
   13724      43.5374
   13725      42.8098
   13726      44.4647
   13727      46.0078
   13728      46.4183
   13729      51.0661
   13730      49.8490
   13731      50.1181
   13732      44.5401
   13733      50.3233
   13734      51.5347
   13735      45.5728
   13736      42.4140
   13737      41.9171
   13738      42.6805
   13739      43.4548
   13740      41.9556
   13741      43.2039
   13742      45.5414
   13743      45.0332
   13744      48.8005
   13745      48.0949
   13746      51.5052
   13747      47.1790
   13748      49.6313
   13749      50.2014
   13750      53.1646
   13751      48.8827
   13752      44.3824
   13753      39.3602
   13754      41.4710
   13755      39.9185
   13756      39.9250
   13757      43.7675
   13758      48.6622
   13759      52.9294
   13760      50.4579
   13761      47.8534
   13762      44.4213
   13763      44.6661
   13764      42.6049
   13765      40.1805
   13766      49.0669
   13767      42.7133
   13768      44.0745
   13769      44.2599
   13770      45.5525
   13771      44.4160
   13772      41.2574
   13773      43.5208
   13774      45.3369
   13775      40.9704
   13776      45.5754
   13777      42.2633
   13778      44.6625
   13779      48.8346
   13780      50.5334
   13781      45.0149
   13782      48.8407
   13783      51.7459
   13784      48.3220
   13785      46.1622
   13786      45.9410
   13787      45.5374
   13788      43.8657
   13789      46.6822
   13790      47.8145
   13791      42.1999
   13792      47.3025
   13793      47.8470
   13794      46.9550
   13795      47.3696
   13796      45.8520
   13797      47.0440
   13798      46.7667
   13799      43.3564
   13800      39.0027
   13801      42.7733
   13802      43.8616
   13803      46.3499
   13804      41.0424
   13805      45.0726
   13806      38.8871
   13807      38.1709
   13808      38.8669
   13809      42.3592
   13810      43.5352
   13811      47.4060
   13812      41.6306
   13813      41.3511
   13814      45.1287
   13815      44.1961
   13816      41.7892
   13817      39.8208
   13818      45.4360
   13819      45.2529
   13820      43.9106
   13821      42.1975
   13822      43.6185
   13823      46.3901
   13824      49.0136
   13825      44.3374
   13826      42.2946
   13827      39.8460
   13828      42.4711
   13829      39.6309
   13830      41.0149
   13831      44.1317
   13832      43.0816
   13833      40.2845
   13834      43.3222
   13835      42.0573
   13836      44.6599
   13837      44.1115
   13838      42.9587
   13839      45.7532
   13840      49.0650
   13841      46.9662
   13842      41.9922
   13843      40.4996
   13844      42.7738
   13845      44.3190
   13846      41.4229
   13847      38.9696
   13848      39.7295
   13849      44.4267
   13850      48.5853
   13851      43.0946
   13852      40.4501
   13853      43.0622
   13854      42.7610
   13855      43.3013
   13856      44.9770
   13857      46.3292
   13858      42.8040
   13859      44.7590
   13860      43.3473
   13861      42.8641
   13862      42.5933
   13863      41.1665
   13864      48.6862
   13865      51.4482
   13866      50.8539
   13867      50.4915
   13868      48.8716
   13869      52.9190
   13870      49.2251
   13871      54.1122
   13872      54.3466
   13873      51.6048
   13874      49.1904
   13875      47.6841
   13876      45.4222
   13877      45.0977
   13878      47.1884
   13879      46.9650
   13880      43.2631
   13881      43.8171
   13882      44.5581
   13883      47.1679
   13884      44.3343
   13885      46.1182
   13886      44.4106
   13887      45.3433
   13888      40.9244
   13889      41.6297
   13890      45.6930
   13891      43.1634
   13892      42.9121
   13893      45.7872
   13894      46.6863
   13895      50.2320
   13896      47.0315
   13897      47.5230
   13898      41.1843
   13899      39.7304
   13900      42.2084
   13901      38.6475
   13902      40.0595
   13903      38.1644
   13904      40.7364
   13905      39.7531
   13906      44.1629
   13907      48.5798
   13908      44.5211
   13909      46.1601
   13910      47.7778
   13911      51.2814
   13912      51.6470
   13913      49.3062
   13914      44.8463
   13915      47.3298
   13916      46.8872
   13917      46.4739
   13918      50.9960
   13919      46.0601
   13920      46.6029
   13921      52.5534
   13922      52.7558
   13923      54.7144
   13924      48.1650
   13925      48.8454
   13926      49.9541
   13927      44.0059
   13928      45.6853
   13929      50.0248
   13930      46.3620
   13931      45.6006
   13932      41.6029
   13933      42.5336
   13934      45.5964
   13935      43.6577
   13936      41.7174
   13937      43.7177
   13938      41.9106
   13939      46.1318
   13940      44.0265
   13941      40.3660
   13942      42.9474
   13943      43.0190
   13944      45.0839
   13945      44.4925
   13946      44.3458
   13947      44.9211
   13948      41.7998
   13949      39.7286
   13950      39.8842
   13951      43.1213
   13952      44.6252
   13953      47.5271
   13954      47.8111
   13955      50.6874
   13956      52.6939
   13957      50.5941
   13958      44.1059
   13959      48.3701
   13960      46.9807
   13961      43.8444
   13962      48.1142
   13963      45.6670
   13964      48.0940
   13965      47.3505
   13966      48.9736
   13967      48.3084
   13968      50.3417
   13969      50.8725
   13970      44.8383
   13971      49.1347
   13972      48.8748
   13973      49.2305
   13974      48.7149
   13975      46.7398
   13976      46.3046
   13977      47.3777
   13978      42.1709
   13979      48.1470
   13980      45.1912
   13981      43.1829
   13982      47.7604
   13983      48.5791
   13984      51.3281
   13985      53.8111
   13986      55.5820
   13987      50.2446
   13988      48.1353
   13989      48.1238
   13990      53.1693
   13991      51.8827
   13992      50.0417
   13993      45.6167
   13994      45.2788
   13995      49.1789
   13996      51.3173
   13997      56.6037
   13998      53.4497
   13999      47.7690
   14000      48.4295
   14001      53.6361
   14002      51.3334
   14003      52.8237
   14004      44.6822
   14005      47.9247
   14006      52.0373
   14007      51.4395
   14008      51.1094
   14009      51.9393
   14010      51.8204
   14011      53.1982
   14012      46.9897
   14013      44.5709
   14014      48.5346
   14015      53.3608
   14016      50.2865
   14017      51.0397
   14018      52.0470
   14019      48.3665
   14020      49.1935
   14021      46.4761
   14022      42.3882
   14023      37.5698
   14024      39.4272
   14025      41.0194
   14026      43.5365
   14027      47.4291
   14028      46.6910
   14029      47.4965
   14030      39.8585
   14031      41.9552
   14032      42.1873
   14033      49.9759
   14034      46.8987
   14035      44.3705
   14036      46.0428
   14037      47.8448
   14038      47.9142
   14039      43.7191
   14040      44.6655
   14041      42.4559
   14042      44.8912
   14043      44.7372
   14044      42.4941
   14045      50.1500
   14046      44.8249
   14047      40.3850
   14048      44.4019
   14049      40.5387
   14050      41.1381
   14051      42.8333
   14052      44.7237
   14053      43.5952
   14054      45.0934
   14055      43.1604
   14056      45.0190
   14057      43.4910
   14058      41.4789
   14059      47.4386
   14060      47.3284
   14061      49.7862
   14062      49.9895
   14063      48.5865
   14064      43.9441
   14065      45.9133
   14066      47.0343
   14067      42.4068
   14068      41.5115
   14069      46.6249
   14070      45.4689
   14071      48.2133
   14072      45.2126
   14073      49.0140
   14074      49.1173
   14075      50.4831
   14076      48.1312
   14077      45.6299
   14078      49.6318
   14079      47.6582
   14080      49.8827
   14081      49.7516
   14082      47.1034
   14083      46.6671
   14084      41.7979
   14085      47.0950
   14086      44.2831
   14087      44.1050
   14088      42.5500
   14089      43.2396
   14090      43.0630
   14091      46.6391
   14092      40.9343
   14093      41.4908
   14094      44.7987
   14095      44.1180
   14096      47.6110
   14097      49.4177
   14098      48.4053
   14099      47.0735
   14100      49.1047
   14101      49.0334
   14102      50.5824
   14103      50.2849
   14104      49.8987
   14105      49.0422
   14106      49.0584
   14107      46.6018
   14108      52.7529
   14109      48.8397
   14110      46.0563
   14111      47.3418
   14112      48.6522
   14113      49.1120
   14114      48.7847
   14115      54.1586
   14116      57.4839
   14117      55.3505
   14118      59.2826
   14119      62.4499
   14120      57.3782
   14121      63.1446
   14122      61.3354
   14123      58.0763
   14124      61.7239
   14125      57.7602
   14126      47.7468
   14127      42.1512
   14128      39.9490
   14129      40.8073
   14130      42.5093
   14131      43.8662
   14132      48.0831
   14133      43.9178
   14134      43.4387
   14135      41.4122
   14136      42.2895
   14137      47.4739
   14138      46.1135
   14139      51.9892
   14140      50.5129
   14141      51.9638
   14142      50.3907
   14143      53.8176
   14144      53.2685
   14145      54.0182
   14146      49.8327
   14147      45.5115
   14148      50.8888
   14149      49.9429
   14150      47.8181
   14151      44.4989
   14152      48.2952
   14153      46.1031
   14154      45.4287
   14155      48.9992
   14156      46.8056
   14157      42.0684
   14158      43.4856
   14159      39.5127
   14160      45.0083
   14161      45.9442
   14162      46.2952
   14163      49.0135
   14164      50.2624
   14165      48.0246
   14166      51.2394
   14167      48.2856
   14168      52.7837
   14169      53.8851
   14170      50.3349
   14171      47.1230
   14172      48.4800
   14173      47.2232
   14174      47.4753
   14175      48.1871
   14176      50.9146
   14177      50.6492
   14178      51.8040
   14179      50.2206
   14180      51.7451
   14181      54.9406
   14182      50.1473
   14183      52.6094
   14184      52.9404
   14185      48.4868
   14186      52.5415
   14187      50.0142
   14188      48.9036
   14189      50.8171
   14190      45.9699
   14191      41.9872
   14192      44.1463
   14193      43.9530
   14194      46.2980
   14195      42.9126
   14196      41.2471
   14197      42.5719
   14198      45.3968
   14199      44.4623
   14200      45.8777
   14201      46.6772
   14202      49.4836
   14203      51.6522
   14204      50.7907
   14205      48.4226
   14206      50.3060
   14207      46.9640
   14208      48.3235
   14209      43.4350
   14210      47.2153
   14211      45.6425
   14212      47.9159
   14213      48.9372
   14214      47.3053
   14215      49.1997
   14216      52.2732
   14217      47.7409
   14218      47.5143
   14219      50.2913
   14220      49.5902
   14221      47.7639
   14222      46.0280
   14223      48.8778
   14224      46.0575
   14225      44.5694
   14226      43.1199
   14227      44.1244
   14228      50.1385
   14229      48.6838
   14230      47.6343
   14231      45.5816
   14232      44.9306
   14233      46.1208
   14234      45.1626
   14235      45.0365
   14236      43.5530
   14237      48.1219
   14238      43.5189
   14239      49.4465
   14240      47.9424
   14241      46.6692
   14242      52.3920
   14243      58.3565
   14244      53.7848
   14245      57.5455
   14246      60.5561
   14247      61.6262
   14248      62.8381
   14249      61.1925
   14250      57.3761
   14251      53.8312
   14252      51.8504
   14253      49.9550
   14254      49.4195
   14255      55.6135
   14256      57.4528
   14257      55.4490
   14258      56.2340
   14259      51.1469
   14260      51.5052
   14261      52.3247
   14262      54.7737
   14263      49.1084
   14264      44.7744
   14265      47.8288
   14266      44.4610
   14267      40.3896
   14268      44.4460
   14269      45.0895
   14270      46.5292
   14271      45.4602
   14272      46.2226
   14273      53.4386
   14274      53.2630
   14275      55.5898
   14276      61.6708
   14277      58.3605
   14278      50.4915
   14279      48.1950
   14280      45.4011
   14281      50.7936
   14282      52.5452
   14283      54.6547
   14284      54.1552
   14285      55.5943
   14286      49.5141
   14287      51.3410
   14288      54.0546
   14289      50.0499
   14290      47.9558
   14291      49.6082
   14292      46.8839
   14293      46.6955
   14294      48.7663
   14295      47.0177
   14296      53.9410
   14297      50.2140
   14298      53.1124
   14299      53.2421
   14300      55.7868
   14301      50.2734
   14302      47.6734
   14303      48.0394
   14304      45.4249
   14305      46.4078
   14306      46.5967
   14307      49.4463
   14308      49.3667
   14309      50.8413
   14310      50.4693
   14311      49.8449
   14312      45.0569
   14313      48.3264
   14314      45.2380
   14315      43.0627
   14316      41.7423
   14317      44.1586
   14318      44.1648
   14319      40.2571
   14320      39.4176
   14321      42.3880
   14322      47.4014
   14323      47.4628
   14324      49.3344
   14325      51.3347
   14326      55.7578
   14327      52.5730
   14328      53.7983
   14329      54.8038
   14330      55.1867
   14331      54.5186
   14332      54.2039
   14333      54.8376
   14334      54.8810
   14335      59.1492
   14336      61.4673
   14337      57.6214
   14338      56.0122
   14339      51.7019
   14340      60.5919
   14341      59.1440
   14342      54.0022
   14343      57.4560
   14344      59.9359
   14345      59.0694
   14346      60.5502
   14347      63.5069
   14348      62.8845
   14349      55.0842
   14350      53.9506
   14351      56.0136
   14352      57.6164
   14353      53.4918
   14354      52.3341
   14355      53.8538
   14356      54.7115
   14357      51.8483
   14358      56.0035
   14359      56.1817
   14360      52.1013
   14361      49.8827
   14362      52.2450
   14363      51.8457
   14364      51.3819
   14365      55.0854
   14366      56.4074
   14367      47.3682
   14368      47.7368
   14369      50.7565
   14370      50.0420
   14371      46.5277
   14372      47.0066
   14373      44.5923
   14374      42.9188
   14375      40.6023
   14376      37.4030
   14377      40.9951
   14378      49.2571
   14379      49.6327
   14380      41.5240
   14381      43.7885
   14382      46.1560
   14383      43.8397
   14384      43.3266
   14385      39.9809
   14386      35.2676
   14387      37.0629
   14388      40.1316
   14389      40.6673
   14390      35.5913
   14391      32.8847
   14392      34.4969
   14393      39.3964
   14394      38.4096
   14395      37.0233
   14396      33.8319
   14397      30.7867
   14398      33.7388
   14399      33.2443
   14400      34.7898
   14401      34.1072
   14402      36.9838
   14403      36.3123
   14404      34.8487
   14405      35.9781
   14406      33.3135
   14407      36.0708
   14408      34.7880
   14409      38.0124
   14410      42.8229
   14411      42.3840
   14412      41.5523
   14413      40.2196
   14414      40.2057
   14415      38.7274
   14416      42.1143
   14417      41.6836
   14418      38.8900
   14419      37.4143
   14420      36.8858
   14421      35.8317
   14422      36.5156
   14423      36.2977
   14424      35.5254
   14425      34.9987
   14426      32.8553
   14427      35.4255
   14428      34.6165
   14429      29.7692
   14430      31.6803
   14431      29.7221
   14432      32.5348
   14433      31.8679
   14434      31.3856
   14435      29.8445
   14436      32.3908
   14437      31.2231
   14438      29.2555
   14439      28.7276
   14440      30.9119
   14441      32.4659
   14442      31.3190
   14443      30.6067
   14444      32.0496
   14445      35.5280
   14446      40.5065
   14447      39.4066
   14448      38.6034
   14449      39.7721
   14450      41.7318
   14451      43.1441
   14452      36.3890
   14453      43.0107
   14454      39.0341
   14455      34.3822
   14456      37.9184
   14457      35.1857
   14458      35.8482
   14459      34.8267
   14460      35.1078
   14461      31.1743
   14462      30.0843
   14463      32.6379
   14464      27.9410
   14465      34.1695
   14466      40.1897
   14467      39.3503
   14468      37.0139
   14469      38.7833
   14470      38.8174
   14471      33.9824
   14472      32.0853
   14473      32.1075
   14474      34.0905
   14475      33.8753
   14476      35.9029
   14477      32.7439
   14478      34.8801
   14479      34.8654
   14480      36.1955
   14481      35.0200
   14482      32.2113
   14483      33.7671
   14484      33.6205
   14485      30.0046
   14486      32.9596
   14487      33.4069
   14488      36.4537
   14489      41.0329
   14490      35.6885
   14491      37.2547
   14492      37.7730
   14493      36.3665
   14494      38.7139
   14495      38.8662
   14496      40.1793
   14497      41.7420
   14498      39.9070
   14499      40.4028
   14500      42.0516
   14501      35.9263
   14502      41.8915
   14503      39.3722
   14504      38.0545
   14505      35.4564
   14506      36.3352
   14507      39.5602
   14508      38.7297
   14509      35.6126
   14510      35.3100
   14511      37.6583
   14512      31.2694
   14513      33.3946
   14514      37.0127
   14515      39.3704
   14516      41.4214
   14517      42.3464
   14518      42.4347
   14519      36.8315
   14520      36.0016
   14521      33.2970
   14522      33.5663
   14523      34.6723
   14524      34.7231
   14525      34.3501
   14526      38.3724
   14527      33.7565
   14528      33.8297
   14529      35.2850
   14530      40.2099
   14531      45.1059
   14532      37.6494
   14533      30.2086
   14534      30.9393
   14535      32.9989
   14536      33.6725
   14537      31.2768
   14538      34.6947
   14539      34.1367
   14540      25.8271
   14541      30.3038
   14542      34.0412
   14543      34.5227
   14544      38.0524
   14545      35.0244
   14546      38.0292
   14547      40.5058
   14548      42.4361
   14549      41.0783
   14550      37.7641
   14551      36.8729
   14552      38.1889
   14553      36.4566
   14554      34.4091
   14555      35.3927
   14556      38.6053
   14557      41.4695
   14558      40.2953
   14559      44.8301
   14560      46.2775
   14561      51.6913
   14562      44.8985
   14563      45.3165
   14564      45.2067
   14565      46.2308
   14566      40.0858
   14567      37.6600
   14568      42.5131
   14569      41.9403
   14570      40.0889
   14571      30.9130
   14572      32.3466
   14573      31.9768
   14574      32.7861
   14575      31.1027
   14576      35.2181
   14577      39.0277
   14578      38.0132
   14579      37.5028
   14580      41.6655
   14581      44.0571
   14582      46.4899
   14583      38.5151
   14584      41.5756
   14585      46.4861
   14586      49.3782
   14587      47.8281
   14588      43.8855
   14589      39.9843
   14590      40.1364
   14591      37.7308
   14592      40.5139
   14593      41.0056
   14594      38.3854
   14595      42.0957
   14596      39.3662
   14597      40.3926
   14598      42.8502
   14599      41.4311
   14600      42.2915
   14601      45.0828
   14602      41.6950
   14603      40.3302
   14604      41.0973
   14605      41.9941
   14606      39.6601
   14607      42.3360
   14608      40.9885
   14609      47.0911
   14610      50.0697
   14611      48.1674
   14612      49.8367
   14613      45.6857
   14614      47.9126
   14615      47.6980
   14616      46.7497
   14617      42.3886
   14618      45.8961
   14619      45.7919
   14620      41.8344
   14621      44.7068
   14622      39.4214
   14623      38.6658
   14624      38.7980
   14625      39.3674
   14626      41.7573
   14627      51.3920
   14628      51.0664
   14629      49.5708
   14630      47.9915
   14631      42.6215
   14632      39.6424
   14633      41.8737
   14634      44.5763
   14635      42.7657
   14636      42.3385
   14637      37.6171
   14638      38.9112
   14639      41.0309
   14640      40.2103
   14641      42.8465
   14642      36.2423
   14643      39.6908
   14644      42.9614
   14645      42.9553
   14646      37.7654
   14647      39.1551
   14648      37.0675
   14649      38.3247
   14650      39.4144
   14651      41.9324
   14652      41.2690
   14653      39.6187
   14654      38.0802
   14655      30.8848
   14656      30.9749
   14657      31.9306
   14658      32.4731
   14659      30.3581
   14660      29.7252
   14661      31.6167
   14662      38.5436
   14663      37.1474
   14664      38.2734
   14665      33.3260
   14666      33.1361
   14667      29.2968
   14668      27.5029
   14669      27.5279
   14670      27.6343
   14671      28.8987
   14672      28.5242
   14673      29.3669
   14674      32.8834
   14675      35.0354
   14676      34.2666
   14677      31.2463
   14678      35.0903
   14679      39.9339
   14680      39.4587
   14681      38.0788
   14682      37.5695
   14683      34.3506
   14684      35.8361
   14685      36.9461
   14686      36.0262
   14687      40.3329
   14688      37.6871
   14689      33.6262
   14690      41.2312
   14691      38.8559
   14692      34.0878
   14693      34.2308
   14694      36.2495
   14695      35.0995
   14696      36.1145
   14697      36.2630
   14698      33.7328
   14699      29.7611
   14700      28.1008
   14701      29.4853
   14702      36.3039
   14703      35.5233
   14704      37.8322
   14705      35.5291
   14706      36.9074
   14707      42.6783
   14708      42.1147
   14709      37.7928
   14710      31.4210
   14711      31.1930
   14712      33.1710
   14713      34.3246
   14714      38.8990
   14715      33.3064
   14716      33.6410
   14717      35.0160
   14718      37.7141
   14719      41.1838
   14720      36.1142
   14721      35.6627
   14722      39.5826
   14723      39.2840
   14724      34.1172
   14725      31.6100
   14726      34.0798
   14727      32.6804
   14728      40.4582
   14729      42.7109
   14730      37.5852
   14731      38.1403
   14732      38.5232
   14733      41.6511
   14734      40.1739
   14735      42.7655
   14736      46.0676
   14737      47.5064
   14738      50.7213
   14739      48.8673
   14740      51.5978
   14741      55.0923
   14742      48.9059
   14743      48.9623
   14744      46.1853
   14745      44.0457
   14746      42.2524
   14747      38.8186
   14748      38.1664
   14749      35.7799
   14750      36.5500
   14751      41.4345
   14752      43.9255
   14753      37.5245
   14754      34.2275
   14755      35.4016
   14756      35.7939
   14757      33.0527
   14758      32.9293
   14759      29.9014
   14760      34.7686
   14761      34.9094
   14762      34.9630
   14763      36.0499
   14764      36.9164
   14765      31.7180
   14766      36.1979
   14767      29.9224
   14768      30.9922
   14769      33.3941
   14770      34.3189
   14771      32.7700
   14772      33.4149
   14773      33.4430
   14774      35.9169
   14775      34.7134
   14776      32.5151
   14777      36.1400
   14778      34.2472
   14779      31.7140
   14780      37.1948
   14781      40.5481
   14782      37.6682
   14783      43.6729
   14784      50.5419
   14785      47.9029
   14786      47.0799
   14787      45.3618
   14788      45.4746
   14789      42.7786
   14790      39.7192
   14791      45.2338
   14792      41.8875
   14793      36.4476
   14794      35.5697
   14795      27.1825
   14796      29.0256
   14797      34.6664
   14798      33.4001
   14799      34.2682
   14800      38.9332
   14801      44.8135
   14802      43.6120
   14803      44.8063
   14804      44.4617
   14805      41.7688
   14806      44.7739
   14807      42.5994
   14808      49.1567
   14809      44.0435
   14810      40.6882
   14811      37.3214
   14812      34.7351
   14813      34.4051
   14814      35.0017
   14815      40.0499
   14816      38.4036
   14817      38.7247
   14818      39.4051
   14819      38.9065
   14820      38.5776
   14821      40.0831
   14822      36.0682
   14823      36.9079
   14824      34.8031
   14825      35.5047
   14826      34.6405
   14827      35.3592
   14828      35.6481
   14829      36.6142
   14830      33.8020
   14831      31.8945
   14832      33.7542
   14833      40.1268
   14834      38.5466
   14835      37.9532
   14836      36.0469
   14837      39.6244
   14838      40.5655
   14839      42.0784
   14840      42.7826
   14841      39.4304
   14842      37.4984
   14843      36.1575
   14844      35.7879
   14845      38.0406
   14846      37.8448
   14847      38.6427
   14848      31.4426
   14849      34.8800
   14850      33.4922
   14851      39.3820
   14852      44.9662
   14853      44.1651
   14854      44.5006
   14855      43.1071
   14856      38.1812
   14857      46.5819
   14858      41.8489
   14859      39.4168
   14860      39.2860
   14861      35.4890
   14862      31.3019
   14863      31.9779
   14864      35.7892
   14865      36.4323
   14866      33.5452
   14867      35.0225
   14868      35.6309
   14869      36.2824
   14870      37.1167
   14871      41.6182
   14872      42.1515
   14873      44.3906
   14874      42.3565
   14875      42.9031
   14876      42.5949
   14877      41.0898
   14878      37.8158
   14879      33.3703
   14880      32.1953
   14881      32.2333
   14882      34.8072
   14883      35.7335
   14884      34.7904
   14885      33.4953
   14886      34.7355
   14887      39.5290
   14888      43.6000
   14889      43.2635
   14890      39.7169
   14891      41.9426
   14892      43.8395
   14893      42.4876
   14894      42.2323
   14895      38.1187
   14896      37.8338
   14897      36.5988
   14898      36.0440
   14899      38.2526
   14900      35.9445
   14901      40.3499
   14902      39.2098
   14903      37.6463
   14904      38.6716
   14905      40.4769
   14906      45.8612
   14907      46.3572
   14908      44.0589
   14909      40.8495
   14910      42.7582
   14911      47.7647
   14912      45.4411
   14913      47.4136
   14914      43.8214
   14915      45.2771
   14916      46.2093
   14917      36.0218
   14918      36.8932
   14919      39.5530
   14920      39.5203
   14921      39.2064
   14922      38.1055
   14923      36.8219
   14924      35.2997
   14925      36.2828
   14926      28.6899
   14927      37.3448
   14928      39.3918
   14929      36.5310
   14930      40.1791
   14931      42.4918
   14932      47.5045
   14933      48.4553
   14934      49.3398
   14935      52.5552
   14936      48.9124
   14937      46.7793
   14938      49.1758
   14939      48.2683
   14940      50.5239
   14941      47.4489
   14942      44.1631
   14943      45.5632
   14944      39.0418
   14945      47.9167
   14946      46.7691
   14947      44.6468
   14948      45.2626
   14949      46.4664
   14950      43.5149
   14951      42.8718
   14952      41.5134
   14953      48.0776
   14954      47.7092
   14955      46.9112
   14956      48.5994
   14957      47.7973
   14958      50.9756
   14959      56.8331
   14960      54.5418
   14961      52.5141
   14962      54.1974
   14963      52.3993
   14964      47.3338
   14965      49.2941
   14966      48.5774
   14967      47.0256
   14968      46.5360
   14969      46.7850
   14970      46.4298
   14971      43.4542
   14972      42.8033
   14973      45.5870
   14974      47.2830
   14975      47.3641
   14976      47.1815
   14977      47.4785
   14978      41.5123
   14979      42.7810
   14980      46.8295
   14981      47.2533
   14982      45.3960
   14983      41.8278
   14984      45.8780
   14985      43.7655
   14986      39.6794
   14987      40.6443
   14988      39.5483
   14989      34.7875
   14990      40.6916
   14991      38.4294
   14992      37.9329
   14993      38.6962
   14994      40.9928
   14995      40.0913
   14996      45.2607
   14997      47.0930
   14998      47.0880
   14999      46.2646
   15000      41.9464
   15001      40.0834
   15002      40.3311
   15003      46.8683
   15004      45.8048
   15005      48.0281
   15006      48.9436
   15007      51.1057
   15008      48.1665
   15009      46.0587
   15010      43.3871
   15011      46.3275
   15012      49.1771
   15013      48.6027
   15014      48.5872
   15015      53.5667
   15016      50.1345
   15017      48.0054
   15018      48.2371
   15019      48.0545
   15020      46.7472
   15021      46.0059
   15022      41.6370
   15023      46.3204
   15024      44.6828
   15025      43.8840
   15026      44.1031
   15027      46.3224
   15028      46.6745
   15029      48.8048
   15030      53.5649
   15031      44.6908
   15032      46.3082
   15033      51.8792
   15034      54.8575
   15035      55.5008
   15036      51.6274
   15037      53.2258
   15038      56.7153
   15039      50.5505
   15040      53.4354
   15041      50.3022
   15042      46.6731
   15043      44.1289
   15044      45.0422
   15045      43.2903
   15046      41.6897
   15047      40.5920
   15048      42.0464
   15049      40.8505
   15050      44.1804
   15051      41.3032
   15052      43.3217
   15053      47.6724
   15054      50.2393
   15055      48.6223
   15056      54.2463
   15057      49.8894
   15058      46.6501
   15059      51.7639
   15060      46.8031
   15061      44.5241
   15062      45.6264
   15063      44.9175
   15064      46.2163
   15065      44.4190
   15066      44.0710
   15067      43.4303
   15068      46.6964
   15069      42.0114
   15070      49.3688
   15071      53.6230
   15072      55.3564
   15073      49.5592
   15074      46.2002
   15075      45.4783
   15076      42.9790
   15077      47.2858
   15078      48.0010
   15079      47.7985
   15080      52.0019
   15081      51.2541
   15082      44.8053
   15083      46.1005
   15084      49.3337
   15085      53.2002
   15086      57.2186
   15087      49.6869
   15088      49.3383
   15089      50.3589
   15090      53.2955
   15091      49.2195
   15092      50.5852
   15093      49.5552
   15094      51.3172
   15095      52.6139
   15096      48.7426
   15097      50.7999
   15098      51.5362
   15099      51.8829
   15100      51.0042
   15101      51.1504
   15102      54.3235
   15103      55.3929
   15104      51.7900
   15105      54.2138
   15106      51.7847
   15107      47.0065
   15108      50.2384
   15109      48.9816
   15110      48.3374
   15111      47.4772
   15112      49.2707
   15113      43.7782
   15114      48.4078
   15115      44.1972
   15116      43.0943
   15117      44.2884
   15118      45.7512
   15119      49.2998
   15120      49.7294
   15121      51.6638
   15122      51.4975
   15123      47.8777
   15124      50.5472
   15125      50.4092
   15126      46.7337
   15127      51.2258
   15128      51.2098
   15129      47.0500
   15130      51.2523
   15131      51.3800
   15132      54.3140
   15133      58.3430
   15134      61.6085
   15135      59.9901
   15136      54.9270
   15137      54.1718
   15138      57.8001
   15139      57.5033
   15140      60.2376
   15141      57.7414
   15142      57.1748
   15143      57.0081
   15144      53.5434
   15145      56.0914
   15146      52.9226
   15147      48.8008
   15148      50.1160
   15149      50.2721
   15150      50.0232
   15151      53.4921
   15152      52.8220
   15153      56.8997
   15154      53.1239
   15155      56.6561
   15156      53.6002
   15157      54.8391
   15158      58.6571
   15159      55.5962
   15160      51.9343
   15161      54.1297
   15162      48.2579
   15163      52.0430
   15164      45.5007
   15165      46.0088
   15166      50.3433
   15167      53.8929
   15168      53.5062
   15169      50.8408
   15170      54.6606
   15171      56.4340
   15172      59.3444
   15173      52.8829
   15174      48.1412
   15175      48.5762
   15176      51.2267
   15177      50.6273
   15178      47.1303
   15179      50.1204
   15180      51.8422
   15181      49.9623
   15182      49.3568
   15183      46.8750
   15184      50.8623
   15185      48.6915
   15186      53.4727
   15187      48.8290
   15188      45.5282
   15189      47.4364
   15190      49.8679
   15191      52.1576
   15192      50.9082
   15193      51.8649
   15194      47.0911
   15195      48.3193
   15196      52.2681
   15197      52.7897
   15198      54.1100
   15199      50.9565
   15200      50.6585
   15201      47.2648
   15202      48.4832
   15203      52.7689
   15204      53.9457
   15205      52.0131
   15206      55.8437
   15207      62.9110
   15208      59.7007
   15209      50.1496
   15210      47.7499
   15211      45.5277
   15212      49.6365
   15213      49.1028
   15214      50.9288
   15215      47.1672
   15216      50.5554
   15217      56.8116
   15218      58.3361
   15219      55.1994
   15220      59.1101
   15221      59.8746
   15222      54.0241
   15223      49.3784
   15224      48.6427
   15225      48.4175
   15226      49.6801
   15227      48.6776
   15228      48.1883
   15229      50.0377
   15230      53.5984
   15231      54.4274
   15232      52.8965
   15233      55.0449
   15234      55.3012
   15235      53.0793
   15236      56.1181
   15237      47.5240
   15238      44.5264
   15239      46.5067
   15240      55.0944
   15241      52.7629
   15242      50.6070
   15243      52.5264
   15244      58.3739
   15245      54.6654
   15246      55.2518
   15247      52.2333
   15248      50.7899
   15249      50.7174
   15250      51.9987
   15251      49.5260
   15252      52.7492
   15253      51.8345
   15254      49.7015
   15255      48.3247
   15256      50.0276
   15257      49.5840
   15258      50.2758
   15259      46.0105
   15260      45.6711
   15261      46.7258
   15262      45.9791
   15263      44.3051
   15264      47.0949
   15265      46.5996
   15266      50.0776
   15267      49.4168
   15268      51.2366
   15269      48.2400
   15270      46.3354
   15271      45.5268
   15272      49.8310
   15273      51.8555
   15274      52.3836
   15275      52.4565
   15276      52.2436
   15277      45.8445
   15278      49.2741
   15279      43.6562
   15280      45.1149
   15281      43.0687
   15282      44.3000
   15283      44.2262
   15284      48.3936
   15285      54.4214
   15286      53.5770
   15287      55.6321
   15288      52.2242
   15289      48.8873
   15290      47.7312
   15291      46.4636
   15292      41.4571
   15293      42.9470
   15294      48.2589
   15295      49.3595
   15296      45.4162
   15297      43.4597
   15298      45.6288
   15299      47.6927
   15300      46.5644
   15301      53.3714
   15302      50.8402
   15303      56.1783
   15304      48.8009
   15305      54.1165
   15306      47.4772
   15307      46.2759
   15308      45.6140
   15309      51.4095
   15310      50.4533
   15311      48.2095
   15312      48.3966
   15313      49.7006
   15314      51.8777
   15315      47.8863
   15316      46.0242
   15317      46.1568
   15318      39.6680
   15319      43.3276
   15320      47.7165
   15321      51.2633
   15322      48.9123
   15323      43.8315
   15324      46.0187
   15325      49.9081
   15326      51.8897
   15327      51.0933
   15328      52.0371
   15329      51.9239
   15330      55.5624
   15331      53.9157
   15332      54.5647
   15333      50.6078
   15334      49.8207
   15335      49.9388
   15336      46.4462
   15337      50.6038
   15338      51.7650
   15339      51.8407
   15340      52.7101
   15341      54.0434
   15342      50.2466
   15343      49.3807
   15344      48.7430
   15345      47.6401
   15346      51.9726
   15347      44.1025
   15348      45.0615
   15349      46.8645
   15350      49.9068
   15351      46.2919
   15352      45.0485
   15353      50.1501
   15354      51.7976
   15355      51.7464
   15356      54.9024
   15357      47.2424
   15358      47.7690
   15359      48.6272
   15360      49.2486
   15361      53.0239
   15362      54.8483
   15363      60.4791
   15364      58.2862
   15365      56.6930
   15366      57.0727
   15367      54.3240
   15368      51.9175
   15369      52.9699
   15370      55.2804
   15371      57.7454
   15372      58.8420
   15373      59.8673
   15374      57.0262
   15375      50.9821
   15376      50.0040
   15377      50.7229
   15378      51.1258
   15379      53.2113
   15380      47.3400
   15381      48.5840
   15382      46.6332
   15383      50.1312
   15384      57.5173
   15385      61.7454
   15386      60.7425
   15387      55.9533
   15388      52.7381
   15389      56.7888
   15390      52.0624
   15391      53.1620
   15392      52.6161
   15393      50.2465
   15394      48.8437
   15395      46.1307
   15396      48.1062
   15397      45.6668
   15398      46.0507
   15399      48.4537
   15400      51.4756
   15401      51.8406
   15402      53.3635
   15403      53.8826
   15404      51.8257
   15405      55.4693
   15406      61.4503
   15407      60.0388
   15408      61.4161
   15409      60.2134
   15410      56.7454
   15411      51.4932
   15412      51.9598
   15413      53.5722
   15414      51.5234
   15415      49.0213
   15416      45.9470
   15417      52.4557
   15418      50.5450
   15419      54.5586
   15420      49.0548
   15421      44.3571
   15422      46.5356
   15423      53.9244
   15424      51.2349
   15425      49.4920
   15426      53.3839
   15427      55.3470
   15428      54.2583
   15429      53.0583
   15430      51.1771
   15431      46.5490
   15432      49.2391
   15433      49.0191
   15434      46.7347
   15435      48.4335
   15436      46.3205
   15437      49.0640
   15438      47.4115
   15439      52.2983
   15440      52.2856
   15441      53.4468
   15442      45.9122
   15443      41.6205
   15444      45.4300
   15445      43.6659
   15446      39.2617
   15447      44.7538
   15448      46.2098
   15449      49.3481
   15450      50.0855
   15451      44.0821
   15452      43.9873
   15453      44.8210
   15454      41.3733
   15455      42.9818
   15456      50.3294
   15457      54.5768
   15458      58.4362
   15459      51.5752
   15460      48.8593
   15461      45.8450
   15462      43.4632
   15463      37.8510
   15464      35.7242
   15465      33.3288
   15466      43.4082
   15467      42.0514
   15468      46.7381
   15469      46.5636
   15470      40.7666
   15471      41.0647
   15472      47.3354
   15473      46.4595
   15474      45.1832
   15475      40.8760
   15476      44.3505
   15477      42.6199
   15478      41.5043
   15479      45.8094
   15480      43.7986
   15481      45.1360
   15482      45.4670
   15483      53.0021
   15484      59.2823
   15485      61.5094
   15486      54.1144
   15487      50.3162
   15488      46.4707
   15489      46.8264
   15490      50.6465
   15491      52.6255
   15492      55.1065
   15493      53.6211
   15494      55.5088
   15495      50.9068
   15496      53.5287
   15497      53.8596
   15498      53.4477
   15499      54.0660
   15500      51.1805
   15501      54.8320
   15502      51.6033
   15503      58.6277
   15504      58.3971
   15505      49.5638
   15506      49.0374
   15507      46.8540
   15508      41.6713
   15509      43.1196
   15510      45.6019
   15511      44.9285
   15512      44.3720
   15513      48.7938
   15514      50.5869
   15515      44.2524
   15516      45.0753
   15517      46.3413
   15518      49.3810
   15519      49.5412
   15520      49.9096
   15521      50.0237
   15522      49.5805
   15523      47.6051
   15524      40.7090
   15525      42.0686
   15526      47.0000
   15527      48.1395
   15528      44.3236
   15529      41.8261
   15530      48.0922
   15531      48.3483
   15532      53.0879
   15533      44.1643
   15534      43.9312
   15535      50.1644
   15536      44.7938
   15537      42.1111
   15538      41.0745
   15539      48.2771
   15540      48.5298
   15541      46.5975
   15542      46.3617
   15543      50.8251
   15544      59.7328
   15545      52.6832
   15546      47.5687
   15547      43.8911
   15548      47.6346
   15549      50.9409
   15550      43.9920
   15551      43.6253
   15552      43.7407
   15553      40.1570
   15554      44.7902
   15555      44.0402
   15556      51.3410
   15557      52.6078
   15558      58.4149
   15559      53.5273
   15560      52.0542
   15561      57.0458
   15562      58.8299
   15563      53.8209
   15564      51.7737
   15565      51.6378
   15566      52.2199
   15567      51.4840
   15568      53.4881
   15569      54.1651
   15570      50.4715
   15571      47.3745
   15572      49.7417
   15573      55.7446
   15574      59.8797
   15575      57.8481
   15576      51.5966
   15577      51.7912
   15578      50.2567
   15579      50.1472
   15580      48.5969
   15581      50.3741
   15582      48.1854
   15583      49.9112
   15584      47.4891
   15585      50.3315
   15586      53.0216
   15587      44.9194
   15588      47.6086
   15589      53.4224
   15590      53.8722
   15591      53.8147
   15592      50.7025
   15593      48.6966
   15594      47.8674
   15595      50.2212
   15596      48.8819
   15597      47.3830
   15598      43.9793
   15599      45.6695
   15600      46.4613
   15601      47.8429
   15602      48.5304
   15603      41.5079
   15604      39.9805
   15605      41.0147
   15606      42.0302
   15607      39.7838
   15608      40.2277
   15609      41.3699
   15610      46.6396
   15611      51.1367
   15612      52.0748
   15613      56.1539
   15614      56.0740
   15615      51.7335
   15616      51.1572
   15617      48.7544
   15618      51.1356
   15619      50.9132
   15620      53.4042
   15621      52.7972
   15622      48.5298
   15623      51.1643
   15624      53.5343
   15625      55.0312
   15626      50.6023
   15627      49.9771
   15628      58.5494
   15629      58.4866
   15630      57.3877
   15631      56.5312
   15632      49.7951
   15633      49.7931
   15634      50.6750
   15635      49.0369
   15636      49.1292
   15637      51.1060
   15638      48.2201
   15639      51.7722
   15640      48.2948
   15641      48.6883
   15642      45.2452
   15643      43.9183
   15644      47.7314
   15645      51.0694
   15646      47.3968
   15647      47.8551
   15648      48.2445
   15649      49.0688
   15650      52.3700
   15651      47.7636
   15652      48.3956
   15653      48.3680
   15654      48.5437
   15655      47.3226
   15656      49.4952
   15657      47.2682
   15658      41.2713
   15659      40.2533
   15660      37.8840
   15661      43.4306
   15662      45.2155
   15663      42.9382
   15664      44.3834
   15665      47.5374
   15666      41.0339
   15667      42.5853
   15668      40.1022
   15669      36.5470
   15670      35.6541
   15671      41.5261
   15672      38.5741
   15673      42.5392
   15674      43.2421
   15675      40.4143
   15676      42.4460
   15677      39.8087
   15678      43.2367
   15679      48.6744
   15680      53.4555
   15681      51.6690
   15682      53.5258
   15683      43.2248
   15684      41.3968
   15685      33.3671
   15686      37.4842
   15687      39.6108
   15688      39.4866
   15689      36.4831
   15690      37.9544
   15691      35.7347
   15692      40.9290
   15693      43.5711
   15694      45.2014
   15695      51.3540
   15696      48.4782
   15697      54.0902
   15698      54.1065
   15699      48.2927
   15700      51.8852
   15701      53.4353
   15702      49.2722
   15703      50.0638
   15704      47.6577
   15705      49.8469
   15706      51.0863
   15707      53.0335
   15708      52.1869
   15709      51.7306
   15710      53.2631
   15711      53.5709
   15712      49.8976
   15713      51.6930
   15714      47.1921
   15715      51.6003
   15716      52.9421
   15717      53.8011
   15718      45.4693
   15719      45.9861
   15720      53.9785
   15721      51.2513
   15722      47.8629
   15723      48.4134
   15724      50.6581
   15725      54.4112
   15726      55.1191
   15727      56.8594
   15728      58.9384
   15729      53.3292
   15730      53.1465
   15731      51.2096
   15732      48.2505
   15733      50.9841
   15734      52.9613
   15735      54.2220
   15736      56.6467
   15737      50.4925
   15738      50.8773
   15739      55.5587
   15740      59.8138
   15741      56.6819
   15742      51.0086
   15743      50.1365
   15744      51.7428
   15745      47.5632
   15746      46.2424
   15747      44.3000
   15748      48.2369
   15749      48.2542
   15750      48.9848
   15751      47.3478
   15752      50.3359
   15753      52.6056
   15754      54.5360
   15755      47.8124
   15756      45.4425
   15757      45.5239
   15758      42.4621
   15759      40.7352
   15760      47.8738
   15761      47.9038
   15762      46.0328
   15763      48.9662
   15764      48.4753
   15765      49.1631
   15766      54.1334
   15767      57.0851
   15768      59.4273
   15769      59.3957
   15770      56.8633
   15771      53.8426
   15772      52.3923
   15773      51.6645
   15774      47.9562
   15775      40.6269
   15776      35.9887
   15777      34.9364
   15778      32.7071
   15779      30.3767
   15780      28.6382
   15781      27.2362
   15782      28.4805
   15783      30.4142
   15784      30.2485
   15785      31.1386
   15786      32.0011
   15787      33.3073
   15788      37.3575
   15789      43.6588
   15790      40.1786
   15791      37.4653
   15792      37.7910
   15793      34.8829
   15794      33.7090
   15795      33.7306
   15796      33.4749
   15797      29.9365
   15798      32.7521
   15799      39.4295
   15800      37.8053
   15801      39.0154
   15802      40.4431
   15803      40.2907
   15804      41.9493
   15805      42.0884
   15806      38.6599
   15807      37.5831
   15808      38.2897
   15809      35.7743
   15810      33.6571
   15811      36.2462
   15812      36.7988
   15813      36.9683
   15814      33.5875
   15815      32.9180
   15816      32.1060
   15817      36.1980
   15818      39.8065
   15819      39.7353
   15820      40.8544
   15821      38.9100
   15822      36.7236
   15823      34.1383
   15824      32.3984
   15825      33.1319
   15826      40.3956
   15827      30.3590
   15828      36.1132
   15829      43.4968
   15830      41.2230
   15831      39.1935
   15832      36.1873
   15833      31.7826
   15834      29.9999
   15835      31.6266
   15836      33.4744
   15837      31.6263
   15838      34.4191
   15839      33.3236
   15840      36.3143
   15841      35.1885
   15842      36.4678
   15843      39.9192
   15844      34.4444
   15845      34.7501
   15846      34.0649
   15847      37.4981
   15848      39.3263
   15849      36.7651
   15850      32.6311
   15851      31.6556
   15852      27.9524
   15853      26.7698
   15854      31.4154
   15855      31.9327
   15856      38.2714
   15857      41.0563
   15858      41.9569
   15859      39.7044
   15860      42.3738
   15861      43.4242
   15862      40.6864
   15863      42.3350
   15864      43.1563
   15865      46.6766
   15866      42.6161
   15867      42.2410
   15868      42.9666
   15869      44.5310
   15870      37.5234
   15871      37.0354
   15872      37.1018
   15873      35.2625
   15874      35.7812
   15875      39.7933
   15876      33.6516
   15877      35.6904
   15878      33.1423
   15879      34.7919
   15880      33.4925
   15881      36.2609
   15882      34.1652
   15883      36.5108
   15884      38.3664
   15885      37.2835
   15886      35.8873
   15887      39.2169
   15888      37.4728
   15889      32.9740
   15890      35.7687
   15891      34.8921
   15892      36.7288
   15893      41.8882
   15894      40.0190
   15895      38.6414
   15896      42.4182
   15897      44.5884
   15898      43.0623
   15899      40.3275
   15900      37.6019
   15901      36.7125
   15902      38.4091
   15903      34.5238
   15904      32.6850
   15905      34.1485
   15906      31.8392
   15907      32.3828
   15908      32.2520
   15909      33.8575
   15910      31.9920
   15911      29.9431
   15912      30.8409
   15913      30.4747
   15914      33.1769
   15915      32.6538
   15916      28.4587
   15917      26.5222
   15918      29.7498
   15919      31.9842
   15920      35.7241
   15921      39.3430
   15922      41.9527
   15923      38.5719
   15924      41.7896
   15925      41.5741
   15926      39.7797
   15927      32.9576
   15928      34.8738
   15929      34.5239
   15930      31.7899
   15931      32.1576
   15932      27.4722
   15933      29.5322
   15934      30.9108
   15935      35.3469
   15936      36.1534
   15937      38.6683
   15938      35.4409
   15939      34.4695
   15940      32.8827
   15941      34.5099
   15942      31.4093
   15943      33.0517
   15944      36.0608
   15945      37.4060
   15946      34.4788
   15947      33.7404
   15948      29.5661
   15949      32.5362
   15950      32.7662
   15951      32.4965
   15952      40.2200
   15953      41.9433
   15954      45.9451
   15955      38.9663
   15956      34.5041
   15957      34.5671
   15958      32.7130
   15959      37.6480
   15960      33.8102
   15961      32.3229
   15962      30.5104
   15963      32.9483
   15964      36.1632
   15965      34.2561
   15966      35.7205
   15967      38.9196
   15968      43.7612
   15969      45.2911
   15970      44.2633
   15971      42.9299
   15972      38.7331
   15973      35.6104
   15974      41.0850
   15975      43.4843
   15976      38.9673
   15977      41.4386
   15978      36.7315
   15979      38.5491
   15980      37.2261
   15981      39.0771
   15982      39.0447
   15983      44.8138
   15984      47.3128
   15985      46.5703
   15986      41.4516
   15987      46.2045
   15988      41.0423
   15989      42.6917
   15990      37.3383
   15991      40.9731
   15992      44.5997
   15993      47.4463
   15994      50.7165
   15995      53.3564
   15996      53.8824
   15997      50.1899
   15998      47.8188
   15999      45.1118
   16000      45.8057
   16001      50.9622
   16002      49.6951
   16003      53.6107
   16004      56.7057
   16005      57.7711
   16006      53.2296
   16007      48.9199
   16008      50.1838
   16009      56.9420
   16010      54.6575
   16011      49.1497
   16012      47.5504
   16013      54.4282
   16014      56.0561
   16015      59.1797
   16016      59.0851
   16017      57.9427
   16018      56.9679
   16019      53.4348
   16020      54.2756
   16021      49.9914
   16022      46.2934
   16023      41.5206
   16024      44.1877
   16025      46.1691
   16026      42.2390
   16027      38.6435
   16028      40.3743
   16029      37.6745
   16030      42.2172
   16031      40.6984
   16032      41.5380
   16033      41.6295
   16034      38.2995
   16035      37.1982
   16036      40.4701
   16037      43.3266
   16038      44.7873
   16039      41.5045
   16040      42.4171
   16041      46.3599
   16042      42.7790
   16043      39.8178
   16044      36.3792
   16045      34.5154
   16046      38.2504
   16047      40.7496
   16048      38.7629
   16049      40.3139
   16050      38.3798
   16051      42.4287
   16052      43.9621
   16053      43.9140
   16054      41.6125
   16055      42.3081
   16056      42.0503
   16057      45.1687
   16058      47.1441
   16059      46.8150
   16060      46.0985
   16061      40.3760
   16062      40.9402
   16063      44.7935
   16064      45.5435
   16065      47.6478
   16066      42.5937
   16067      46.3826
   16068      44.8657
   16069      41.0704
   16070      45.9350
   16071      47.8856
   16072      49.4450
   16073      52.1225
   16074      51.6598
   16075      48.7164
   16076      44.7209
   16077      44.4727
   16078      45.5648
   16079      43.6351
   16080      46.5439
   16081      45.6104
   16082      47.2225
   16083      43.2508
   16084      45.4084
   16085      40.2739
   16086      38.0834
   16087      40.2219
   16088      44.3539
   16089      42.8529
   16090      43.6774
   16091      45.1079
   16092      43.5270
   16093      41.6169
   16094      44.0784
   16095      43.2962
   16096      44.3273
   16097      47.5045
   16098      47.8865
   16099      46.0671
   16100      44.6568
   16101      46.5322
   16102      46.0201
   16103      46.0068
   16104      47.6100
   16105      44.2623
   16106      42.8966
   16107      43.9217
   16108      48.8651
   16109      45.6953
   16110      42.5599
   16111      43.8740
   16112      43.1968
   16113      40.1917
   16114      44.1690
   16115      41.8892
   16116      40.2730
   16117      43.7680
   16118      41.7014
   16119      41.3514
   16120      47.5317
   16121      50.7952
   16122      46.5240
   16123      44.8141
   16124      46.1664
   16125      44.1256
   16126      43.0310
   16127      45.7370
   16128      45.2548
   16129      42.5830
   16130      46.0666
   16131      46.1482
   16132      46.7243
   16133      44.7474
   16134      45.6897
   16135      43.3429
   16136      45.9267
   16137      49.0305
   16138      49.6764
   16139      49.9934
   16140      50.3359
   16141      46.3191
   16142      48.8695
   16143      47.1843
   16144      43.2240
   16145      38.5789
   16146      42.2089
   16147      42.3941
   16148      41.6300
   16149      41.8824
   16150      39.1300
   16151      41.6182
   16152      42.6931
   16153      41.3876
   16154      46.4441
   16155      46.4853
   16156      46.1820
   16157      45.8842
   16158      45.8235
   16159      51.0678
   16160      47.2209
   16161      45.3771
   16162      45.9057
   16163      45.5215
   16164      40.8473
   16165      42.5768
   16166      47.2169
   16167      42.6385
   16168      43.9300
   16169      49.3648
   16170      48.6662
   16171      51.0712
   16172      48.6789
   16173      53.7699
   16174      46.4611
   16175      51.6137
   16176      52.0853
   16177      47.9026
   16178      51.5792
   16179      47.1201
   16180      52.1995
   16181      49.4496
   16182      49.2875
   16183      51.8316
   16184      51.7426
   16185      45.6460
   16186      52.3255
   16187      48.1887
   16188      46.7265
   16189      53.8678
   16190      49.9941
   16191      47.0355
   16192      50.3884
   16193      52.8886
   16194      54.0543
   16195      56.6209
   16196      61.2076
   16197      60.9567
   16198      59.1975
   16199      59.3933
   16200      55.3708
   16201      53.0960
   16202      46.8095
   16203      48.5486
   16204      49.3153
   16205      50.0565
   16206      52.9385
   16207      54.9875
   16208      51.7882
   16209      51.2400
   16210      52.6246
   16211      58.3684
   16212      57.1910
   16213      50.7655
   16214      51.0514
   16215      53.8194
   16216      52.6103
   16217      58.3446
   16218      52.6868
   16219      50.9043
   16220      53.1236
   16221      52.0395
   16222      51.3561
   16223      50.7932
   16224      51.6281
   16225      47.9974
   16226      45.9212
   16227      47.1914
   16228      47.8569
   16229      44.5959
   16230      46.7356
   16231      49.0326
   16232      46.1256
   16233      41.7279
   16234      46.2167
   16235      49.1209
   16236      51.7726
   16237      52.6484
   16238      45.4820
   16239      51.4818
   16240      51.8129
   16241      51.1673
   16242      54.9904
   16243      50.3134
   16244      46.1521
   16245      48.7984
   16246      44.3064
   16247      46.3919
   16248      45.2298
   16249      43.7418
   16250      42.7392
   16251      43.5324
   16252      45.4821
   16253      46.5766
   16254      46.4016
   16255      47.6787
   16256      47.6103
   16257      46.9638
   16258      44.5863
   16259      47.8811
   16260      45.6753
   16261      43.8262
   16262      43.8538
   16263      45.9137
   16264      45.7932
   16265      49.1015
   16266      48.8592
   16267      50.7768
   16268      49.3189
   16269      46.0256
   16270      44.2188
   16271      48.3139
   16272      49.3662
   16273      54.7714
   16274      50.0715
   16275      50.3166
   16276      48.2487
   16277      46.1214
   16278      52.0960
   16279      57.7685
   16280      58.6061
   16281      58.8970
   16282      59.5791
   16283      59.6477
   16284      61.2142
   16285      54.0937
   16286      54.5714
   16287      59.1036
   16288      58.6181
   16289      60.5030
   16290      55.5470
   16291      52.8524
   16292      55.7171
   16293      57.4533
   16294      56.8205
   16295      57.6367
   16296      54.3347
   16297      55.5749
   16298      61.3178
   16299      59.1834
   16300      57.6574
   16301      56.4459
   16302      57.5352
   16303      57.2513
   16304      57.7676
   16305      59.1857
   16306      59.7696
   16307      56.5805
   16308      58.3795
   16309      60.8628
   16310      58.1792
   16311      53.9389
   16312      57.6484
   16313      61.1233
   16314      60.8950
   16315      63.0723
   16316      62.5027
   16317      58.1677
   16318      52.2234
   16319      52.4641
   16320      52.8956
   16321      47.2639
   16322      46.6482
   16323      48.5541
   16324      49.4305
   16325      49.7245
   16326      49.0677
   16327      46.8699
   16328      49.9499
   16329      46.3325
   16330      47.7452
   16331      48.1716
   16332      50.5015
   16333      48.2165
   16334      50.6181
   16335      50.3086
   16336      48.1988
   16337      50.9962
   16338      50.8655
   16339      52.5533
   16340      50.5149
   16341      51.6727
   16342      52.6407
   16343      51.2222
   16344      51.7210
   16345      49.8379
   16346      53.0529
   16347      59.3533
   16348      59.1479
   16349      58.6884
   16350      54.3515
   16351      56.0899
   16352      53.9676
   16353      53.7361
   16354      55.3631
   16355      52.4454
   16356      51.9197
   16357      48.4414
   16358      48.7955
   16359      51.7958
   16360      50.3077
   16361      47.9581
   16362      49.6571
   16363      47.5984
   16364      46.2447
   16365      52.9005
   16366      48.0340
   16367      43.5835
   16368      41.9058
   16369      44.7805
   16370      45.1606
   16371      44.1450
   16372      44.7650
   16373      44.3757
   16374      42.6764
   16375      44.9532
   16376      45.5830
   16377      44.1166
   16378      44.7921
   16379      43.0850
   16380      43.2082
   16381      39.0781
   16382      39.9678
   16383      42.2751
   16384      40.8108
   16385      40.5339
   16386      42.5602
   16387      42.7476
   16388      44.5576
   16389      46.2552
   16390      46.2535
   16391      45.2242
   16392      44.1128
   16393      51.9407
   16394      53.9485
   16395      53.4309
   16396      51.9970
   16397      55.6221
   16398      52.8234
   16399      55.0695
   16400      55.3262
   16401      54.4885
   16402      54.5858
   16403      56.2648
   16404      50.9956
   16405      50.3077
   16406      52.9195
   16407      51.4448
   16408      51.8620
   16409      51.7679
   16410      50.1904
   16411      46.7615
   16412      45.6230
   16413      45.6735
   16414      44.1865
   16415      45.1581
   16416      44.9473
   16417      47.7648
   16418      45.2235
   16419      48.5977
   16420      50.9822
   16421      49.8686
   16422      47.9691
   16423      40.6788
   16424      41.1539
   16425      43.8075
   16426      47.7049
   16427      42.7576
   16428      44.4311
   16429      45.6868
   16430      47.2390
   16431      50.2371
   16432      50.7974
   16433      49.1940
   16434      45.9511
   16435      48.5891
   16436      47.9296
   16437      49.4388
   16438      49.0968
   16439      50.9701
   16440      49.5206
   16441      44.9719
   16442      49.1295
   16443      52.6224
   16444      51.3238
   16445      50.3192
   16446      49.4229
   16447      48.1772
   16448      46.5485
   16449      43.2045
   16450      42.5129
   16451      49.9772
   16452      42.8630
   16453      48.6048
   16454      47.3293
   16455      45.2706
   16456      45.9374
   16457      46.8264
   16458      46.1664
   16459      47.3538
   16460      45.9746
   16461      45.5151
   16462      45.6500
   16463      44.4584
   16464      46.5423
   16465      44.1671
   16466      40.7611
   16467      36.8053
   16468      40.7751
   16469      44.3327
   16470      39.5571
   16471      38.8249
   16472      42.1982
   16473      47.9500
   16474      46.5100
   16475      45.6317
   16476      45.0425
   16477      42.2285
   16478      41.7593
   16479      46.5334
   16480      43.1048
   16481      41.7426
   16482      42.8485
   16483      41.7827
   16484      38.1450
   16485      40.9801
   16486      39.7851
   16487      39.2829
   16488      39.5764
   16489      44.9978
   16490      46.7655
   16491      44.5500
   16492      44.2232
   16493      46.9847
   16494      39.9063
   16495      38.5004
   16496      39.7952
   16497      38.0367
   16498      40.5414
   16499      46.8561
   16500      48.8272
   16501      45.2132
   16502      41.5310
   16503      42.7606
   16504      42.5608
   16505      37.8547
   16506      44.7571
   16507      45.2613
   16508      46.0382
   16509      45.9423
   16510      45.5606
   16511      51.1479
   16512      51.3999
   16513      51.4596
   16514      52.8980
   16515      48.0716
   16516      46.8189
   16517      45.5929
   16518      41.8112
   16519      46.1474
   16520      45.3659
   16521      46.6146
   16522      44.0732
   16523      50.4160
   16524      46.6191
   16525      46.0359
   16526      50.1193
   16527      46.6028
   16528      45.4084
   16529      48.8654
   16530      44.7091
   16531      54.5830
   16532      52.7320
   16533      50.7782
   16534      50.5487
   16535      50.9315
   16536      51.7239
   16537      51.6504
   16538      50.7018
   16539      51.0303
   16540      53.1899
   16541      50.9430
   16542      54.0535
   16543      49.1857
   16544      50.9220
   16545      46.8927
   16546      46.5323
   16547      48.3091
   16548      47.7338
   16549      46.2913
   16550      46.7048
   16551      48.3677
   16552      47.3160
   16553      48.9570
   16554      50.6145
   16555      49.2721
   16556      48.4997
   16557      48.7023
   16558      42.5536
   16559      46.8696
   16560      46.3632
   16561      50.2611
   16562      50.2223
   16563      50.2697
   16564      46.6147
   16565      48.1023
   16566      49.3556
   16567      47.9431
   16568      55.4406
   16569      48.6154
   16570      49.4041
   16571      49.8530
   16572      48.3495
   16573      46.8815
   16574      45.2486
   16575      45.0234
   16576      43.5255
   16577      47.5194
   16578      49.8370
   16579      48.4552
   16580      53.2542
   16581      51.2872
   16582      56.3481
   16583      60.9745
   16584      62.5307
   16585      59.0342
   16586      58.3400
   16587      58.6208
   16588      61.4886
   16589      61.5199
   16590      57.6733
   16591      55.0841
   16592      57.5440
   16593      60.0110
   16594      56.7252
   16595      51.6304
   16596      50.5487
   16597      46.7544
   16598      46.3123
   16599      45.0703
   16600      47.8132
   16601      54.5538
   16602      55.8843
   16603      55.8378
   16604      56.7621
   16605      50.8117
   16606      53.8741
   16607      53.4869
   16608      52.4027
   16609      54.1726
   16610      54.1292
   16611      50.6702
   16612      50.9118
   16613      52.3749
   16614      53.7778
   16615      54.5789
   16616      55.9742
   16617      55.9670
   16618      47.3850
   16619      48.0471
   16620      51.1010
   16621      50.7448
   16622      49.7276
   16623      51.8480
   16624      54.2031
   16625      55.8758
   16626      57.5285
   16627      60.0982
   16628      55.2968
   16629      50.5713
   16630      52.5905
   16631      56.8238
   16632      52.4313
   16633      49.0195
   16634      49.5934
   16635      54.2643
   16636      56.4873
   16637      55.9939
   16638      57.3244
   16639      58.0786
   16640      57.8933
   16641      57.6242
   16642      57.7972
   16643      57.1465
   16644      58.7880
   16645      53.0482
   16646      49.8894
   16647      50.6670
   16648      50.5396
   16649      50.1666
   16650      48.2862
   16651      52.7842
   16652      53.2190
   16653      48.2923
   16654      53.9521
   16655      51.5822
   16656      54.6871
   16657      48.0769
   16658      48.3813
   16659      45.2862
   16660      47.0873
   16661      49.9102
   16662      47.9984
   16663      49.8309
   16664      48.9446
   16665      47.5512
   16666      49.8358
   16667      50.5085
   16668      46.7661
   16669      47.0444
   16670      43.9762
   16671      46.9350
   16672      45.0067
   16673      43.5110
   16674      43.6712
   16675      47.3756
   16676      46.5337
   16677      45.6543
   16678      43.7500
   16679      45.3685
   16680      46.6147
   16681      46.7132
   16682      42.4623
   16683      43.7030
   16684      46.0595
   16685      50.9427
   16686      45.2900
   16687      51.4025
   16688      51.9526
   16689      52.4988
   16690      44.9293
   16691      47.9479
   16692      46.0146
   16693      43.3355
   16694      47.0709
   16695      46.9936
   16696      44.2913
   16697      49.4158
   16698      43.5073
   16699      42.0648
   16700      45.6614
   16701      46.5203
   16702      43.2754
   16703      45.9750
   16704      44.1933
   16705      42.7526
   16706      45.8417
   16707      41.8594
   16708      44.6945
   16709      45.7642
   16710      44.4087
   16711      47.2569
   16712      48.1702
   16713      44.6718
   16714      45.1362
   16715      45.0818
   16716      46.4731
   16717      50.0846
   16718      48.2028
   16719      45.8338
   16720      48.4173
   16721      46.1695
   16722      50.6985
   16723      54.5168
   16724      54.8233
   16725      55.2389
   16726      54.3196
   16727      51.2060
   16728      47.3261
   16729      49.1486
   16730      46.9166
   16731      45.7386
   16732      48.2465
   16733      45.0154
   16734      44.8721
   16735      47.9739
   16736      45.6409
   16737      43.4797
   16738      44.2399
   16739      44.9516
   16740      38.6491
   16741      44.0857
   16742      46.7769
   16743      50.5611
   16744      50.8978
   16745      50.2800
   16746      49.6288
   16747      53.7119
   16748      55.7210
   16749      52.5286
   16750      50.0108
   16751      50.7240
   16752      52.7990
   16753      50.4754
   16754      51.2661
   16755      50.4805
   16756      51.0717
   16757      51.4898
   16758      56.4036
   16759      51.0016
   16760      54.0249
   16761      50.8752
   16762      53.4604
   16763      52.3286
   16764      52.1274
   16765      48.5716
   16766      53.5217
   16767      54.7472
   16768      58.1843
   16769      57.3975
   16770      59.9240
   16771      64.2034
   16772      62.2611
   16773      59.5536
   16774      60.6542
   16775      56.6406
   16776      58.3881
   16777      57.2497
   16778      52.8487
   16779      51.3686
   16780      54.7013
   16781      56.0792
   16782      49.3594
   16783      49.6267
   16784      52.7292
   16785      50.0881
   16786      47.4789
   16787      45.2582
   16788      48.2437
   16789      53.1386
   16790      50.4974
   16791      49.0556
   16792      51.9046
   16793      51.1083
   16794      49.2738
   16795      50.5356
   16796      54.4220
   16797      53.3328
   16798      53.1358
   16799      48.4246
   16800      49.4381
   16801      43.9141
   16802      39.6966
   16803      41.6527
   16804      41.5841
   16805      44.1384
   16806      42.2804
   16807      45.5252
   16808      47.0926
   16809      48.9427
   16810      46.1849
   16811      48.8038
   16812      42.5248
   16813      39.3877
   16814      43.4421
   16815      45.6517
   16816      45.1151
   16817      51.0707
   16818      47.2492
   16819      43.7295
   16820      44.9481
   16821      45.6866
   16822      46.3539
   16823      41.8818
   16824      42.3984
   16825      46.3371
   16826      46.8120
   16827      41.7152
   16828      43.6209
   16829      46.2092
   16830      47.9999
   16831      46.3867
   16832      43.7473
   16833      47.5355
   16834      47.6756
   16835      46.4831
   16836      49.8554
   16837      54.3439
   16838      55.8280
   16839      52.3120
   16840      49.4603
   16841      46.0844
   16842      46.5321
   16843      43.8767
   16844      45.9555
   16845      47.2145
   16846      43.4585
   16847      43.4080
   16848      44.2996
   16849      42.7371
   16850      48.6174
   16851      44.7056
   16852      42.6102
   16853      43.8246
   16854      40.9751
   16855      41.4749
   16856      47.2171
   16857      44.7531
   16858      46.6787
   16859      41.5489
   16860      44.3704
   16861      46.8712
   16862      44.8687
   16863      43.2122
   16864      41.5601
   16865      40.5970
   16866      42.1287
   16867      49.3119
   16868      51.4051
   16869      55.0563
   16870      55.6076
   16871      51.2093
   16872      49.7682
   16873      50.6756
   16874      50.9600
   16875      48.8412
   16876      47.9728
   16877      51.7446
   16878      52.1275
   16879      52.7029
   16880      56.9923
   16881      56.1582
   16882      55.5384
   16883      49.7556
   16884      50.3439
   16885      48.4085
   16886      51.6882
   16887      52.0489
   16888      49.1878
   16889      53.2291
   16890      47.5043
   16891      47.6909
   16892      46.9648
   16893      48.3606
   16894      49.7247
   16895      44.5810
   16896      47.2584
   16897      43.0729
   16898      45.3888
   16899      41.2271
   16900      41.5900
   16901      43.4752
   16902      42.2895
   16903      37.7179
   16904      34.2755
   16905      34.9341
   16906      38.7994
   16907      41.5689
   16908      40.2233
   16909      39.4841
   16910      35.8971
   16911      39.3920
   16912      41.0003
   16913      44.6873
   16914      47.3015
   16915      47.0255
   16916      48.4358
   16917      45.6966
   16918      47.2626
   16919      45.9461
   16920      47.6509
   16921      44.7599
   16922      45.0890
   16923      45.4497
   16924      47.3240
   16925      50.2190
   16926      47.9297
   16927      46.3990
   16928      48.2247
   16929      51.2067
   16930      47.8986
   16931      45.7138
   16932      43.4830
   16933      41.2647
   16934      39.4102
   16935      44.3295
   16936      44.2465
   16937      43.7802
   16938      42.5011
   16939      48.3692
   16940      46.9761
   16941      42.4232
   16942      46.5208
   16943      49.0263
   16944      50.4841
   16945      46.4981
   16946      45.1486
   16947      49.2503
   16948      48.2928
   16949      48.0032
   16950      48.4427
   16951      45.2494
   16952      46.7065
   16953      45.8270
   16954      48.2283
   16955      49.0641
   16956      49.4380
   16957      51.2677
   16958      45.0579
   16959      44.6140
   16960      48.0058
   16961      46.3024
   16962      47.9886
   16963      46.6043
   16964      44.4420
   16965      55.5113
   16966      57.7629
   16967      56.5284
   16968      49.9155
   16969      55.9857
   16970      53.8863
   16971      53.4774
   16972      54.7074
   16973      45.0127
   16974      49.0041
   16975      49.8474
   16976      50.1321
   16977      45.3103
   16978      52.0802
   16979      49.9444
   16980      49.7944
   16981      51.8803
   16982      44.8996
   16983      45.1129
   16984      45.4764
   16985      43.7256
   16986      41.9871
   16987      47.8851
   16988      48.4741
   16989      51.2047
   16990      49.2935
   16991      49.1392
   16992      46.4930
   16993      41.6768
   16994      41.4919
   16995      40.7666
   16996      40.9028
   16997      42.3100
   16998      49.0586
   16999      47.5980
   17000      47.6077
   17001      49.5462
   17002      53.1657
   17003      52.3210
   17004      48.4747
   17005      45.0243
   17006      47.0738
   17007      50.9980
   17008      47.5871
   17009      48.3925
   17010      46.4439
   17011      45.6425
   17012      46.6427
   17013      45.8268
   17014      47.1211
   17015      45.9882
   17016      46.2995
   17017      43.0919
   17018      44.0078
   17019      41.0263
   17020      45.1523
   17021      45.6222
   17022      46.2919
   17023      49.3023
   17024      46.0368
   17025      48.2753
   17026      48.6485
   17027      45.6963
   17028      41.8070
   17029      41.4875
   17030      43.8006
   17031      39.8823
   17032      40.3172
   17033      42.9482
   17034      39.5722
   17035      38.7909
   17036      36.6145
   17037      41.9063
   17038      40.4924
   17039      39.0898
   17040      37.8584
   17041      39.5033
   17042      41.5664
   17043      43.4472
   17044      44.9376
   17045      49.7857
   17046      47.1137
   17047      45.8627
   17048      46.1339
   17049      43.7724
   17050      44.6448
   17051      42.8315
   17052      39.0862
   17053      38.9867
   17054      43.6874
   17055      43.4002
   17056      45.2086
   17057      42.4366
   17058      42.2666
   17059      42.5210
   17060      43.2035
   17061      42.0398
   17062      44.2382
   17063      45.6934
   17064      45.6286
   17065      46.9689
   17066      44.8192
   17067      43.9230
   17068      40.5930
   17069      40.7804
   17070      41.2830
   17071      41.1522
   17072      44.2322
   17073      39.2633
   17074      43.6652
   17075      40.3709
   17076      37.7292
   17077      42.9731
   17078      40.8799
   17079      37.0570
   17080      39.3741
   17081      41.6677
   17082      38.3634
   17083      36.8247
   17084      34.0930
   17085      40.7269
   17086      43.6547
   17087      42.5903
   17088      38.7492
   17089      39.3151
   17090      41.0723
   17091      42.9452
   17092      45.0959
   17093      50.4335
   17094      44.9306
   17095      48.3463
   17096      42.5926
   17097      41.5649
   17098      42.0755
   17099      41.2166
   17100      44.6695
   17101      47.1741
   17102      43.7689
   17103      43.5875
   17104      38.1629
   17105      39.4789
   17106      44.0947
   17107      43.9974
   17108      42.2018
   17109      38.3135
   17110      42.5593
   17111      42.0851
   17112      44.7757
   17113      41.5539
   17114      46.3244
   17115      48.6117
   17116      45.2946
   17117      43.7580
   17118      48.4777
   17119      45.6333
   17120      44.5013
   17121      46.3848
   17122      42.7233
   17123      40.2655
   17124      40.4672
   17125      45.6915
   17126      44.5846
   17127      42.3122
   17128      40.7989
   17129      45.2437
   17130      48.7510
   17131      47.5316
   17132      43.6176
   17133      47.3312
   17134      48.5095
   17135      48.4737
   17136      48.7033
   17137      46.7182
   17138      48.7611
   17139      48.5821
   17140      49.7846
   17141      49.4364
   17142      45.3962
   17143      46.3717
   17144      44.9019
   17145      47.5917
   17146      45.0377
   17147      42.6919
   17148      48.4693
   17149      48.3897
   17150      51.3901
   17151      47.0297
   17152      47.5953
   17153      47.2630
   17154      43.3395
   17155      48.2152
   17156      53.8314
   17157      53.6314
   17158      50.0467
   17159      44.9775
   17160      47.9774
   17161      52.4763
   17162      49.1242
   17163      45.2255
   17164      47.3464
   17165      49.3996
   17166      45.3296
   17167      44.5969
   17168      42.2861
   17169      41.5595
   17170      44.1912
   17171      43.4262
   17172      41.7809
   17173      45.5114
   17174      44.8984
   17175      43.1666
   17176      44.6749
   17177      45.7829
   17178      47.3128
   17179      47.1193
   17180      46.4377
   17181      44.1852
   17182      44.6536
   17183      45.8101
   17184      47.4903
   17185      46.9213
   17186      47.1796
   17187      45.7031
   17188      44.6963
   17189      44.1259
   17190      44.8133
   17191      47.0159
   17192      42.0863
   17193      43.7319
   17194      41.6463
   17195      44.9946
   17196      43.7934
   17197      45.5454
   17198      49.3132
   17199      47.4836
   17200      41.7053
   17201      44.6786
   17202      40.4130
   17203      38.7907
   17204      44.8523
   17205      44.0886
   17206      39.4412
   17207      41.1845
   17208      42.6886
   17209      39.1895
   17210      40.8348
   17211      40.5573
   17212      41.8225
   17213      48.4589
   17214      43.9661
   17215      40.0547
   17216      40.6162
   17217      44.8111
   17218      44.0045
   17219      49.5143
   17220      46.8888
   17221      42.1783
   17222      41.1870
   17223      39.4836
   17224      36.2522
   17225      32.7045
   17226      33.6033
   17227      41.4644
   17228      44.3656
   17229      46.8065
   17230      44.0616
   17231      45.7139
   17232      43.8395
   17233      44.7664
   17234      46.6707
   17235      41.8462
   17236      43.6192
   17237      45.5199
   17238      43.0000
   17239      45.4154
   17240      49.4066
   17241      49.9293
   17242      50.5192
   17243      48.2229
   17244      50.6612
   17245      42.0138
   17246      43.6846
   17247      42.7591
   17248      42.9302
   17249      43.4601
   17250      45.9783
   17251      49.1753
   17252      49.4143
   17253      48.5700
   17254      53.9374
   17255      51.1705
   17256      52.2179
   17257      50.6729
   17258      47.4243
   17259      47.2614
   17260      50.8196
   17261      50.5240
   17262      49.6955
   17263      43.2875
   17264      42.1593
   17265      41.4885
   17266      40.6942
   17267      37.6795
   17268      41.3595
   17269      42.0437
   17270      46.3148
   17271      46.7552
   17272      41.6887
   17273      45.2907
   17274      41.9932
   17275      40.4192
   17276      46.8937
   17277      49.2287
   17278      48.9888
   17279      50.2346
   17280      44.7808
   17281      42.1278
   17282      42.8658
   17283      42.6788
   17284      42.2096
   17285      38.2240
   17286      42.0390
   17287      41.1133
   17288      39.4458
   17289      40.4932
   17290      37.6812
   17291      39.0784
   17292      42.9800
   17293      45.9468
   17294      42.4130
   17295      40.3726
   17296      41.5442
   17297      41.7036
   17298      43.1745
   17299      44.3368
   17300      47.9369
   17301      45.9415
   17302      43.3222
   17303      40.8209
   17304      47.9931
   17305      44.0273
   17306      44.1232
   17307      41.2660
   17308      41.5504
   17309      43.5676
   17310      41.6122
   17311      42.0248
   17312      45.0758
   17313      42.7048
   17314      41.1893
   17315      42.0713
   17316      39.7352
   17317      43.2616
   17318      41.8867
   17319      39.4109
   17320      41.1642
   17321      45.9901
   17322      46.9562
   17323      46.5655
   17324      46.8920
   17325      52.3013
   17326      49.2587
   17327      51.6602
   17328      47.4400
   17329      47.7003
   17330      43.2661
   17331      44.3163
   17332      45.1153
   17333      40.2736
   17334      43.3245
   17335      44.5419
   17336      42.9978
   17337      41.5022
   17338      45.9098
   17339      48.7576
   17340      45.2690
   17341      46.1699
   17342      44.9359
   17343      42.6154
   17344      39.2521
   17345      42.4998
   17346      38.5785
   17347      39.0042
   17348      38.7760
   17349      40.1589
   17350      39.0155
   17351      35.5223
   17352      35.6113
   17353      43.4501
   17354      42.4129
   17355      42.5687
   17356      46.2111
   17357      42.6104
   17358      40.3954
   17359      41.0324
   17360      35.2031
   17361      35.6559
   17362      36.5204
   17363      38.0095
   17364      42.8263
   17365      38.5333
   17366      34.2490
   17367      33.0448
   17368      38.2710
   17369      43.1332
   17370      48.6228
   17371      40.0562
   17372      34.1649
   17373      31.0811
   17374      29.3262
   17375      28.9627
   17376      34.3193
   17377      36.7325
   17378      42.2915
   17379      43.1318
   17380      44.1134
   17381      46.9853
   17382      45.6257
   17383      48.8250
   17384      57.1044
   17385      53.1213
   17386      53.8987
   17387      56.8414
   17388      55.6624
   17389      46.8323
   17390      37.7875
   17391      36.7097
   17392      31.9298
   17393      29.4306
   17394      29.7417
   17395      28.9925
   17396      29.5446
   17397      28.8206
   17398      29.7014
   17399      33.8200
   17400      37.3581
   17401      41.2044
   17402      39.3144
   17403      40.4352
   17404      36.0673
   17405      34.7045
   17406      37.3390
   17407      34.6959
   17408      32.7098
   17409      38.4634
   17410      36.8986
   17411      40.6227
   17412      31.4368
   17413      29.1413
   17414      30.7975
   17415      31.6909
   17416      30.3764
   17417      33.8754
   17418      31.3418
   17419      33.0135
   17420      32.9881
   17421      29.8838
   17422      31.5484
   17423      31.0277
   17424      31.0081
   17425      34.3244
   17426      38.9764
   17427      39.4374
   17428      34.7626
   17429      33.6510
   17430      36.8612
   17431      36.7993
   17432      41.5374
   17433      45.4472
   17434      54.4978
   17435      52.8007
   17436      52.8902
   17437      53.9350
   17438      55.4970
   17439      47.4806
   17440      50.9470
   17441      50.8330
   17442      57.2831
   17443      55.9014
   17444      60.1132
   17445      62.6468
   17446      59.6156
   17447      60.7812
   17448      59.5194
   17449      49.5028
   17450      49.3786
   17451      48.3601
   17452      50.6306
   17453      51.3753
   17454      53.2394
   17455      53.4439
   17456      55.6010
   17457      56.5323
   17458      59.6074
   17459      57.4734
   17460      53.6537
   17461      56.3094
   17462      53.7315
   17463      50.2346
   17464      45.6554
   17465      43.0504
   17466      45.2425
   17467      42.9209
   17468      43.9506
   17469      42.8517
   17470      42.6757
   17471      47.8708
   17472      45.3877
   17473      50.1264
   17474      52.4226
   17475      52.6010
   17476      48.2342
   17477      41.9188
   17478      40.5000
   17479      42.2233
   17480      44.4359
   17481      54.0512
   17482      59.8847
   17483      50.4603
   17484      46.8263
   17485      45.7551
   17486      46.8440
   17487      47.7288
   17488      50.6608
   17489      50.7547
   17490      58.4765
   17491      58.4961
   17492      55.3976
   17493      53.8972
   17494      56.9260
   17495      62.6340
   17496      65.7369
   17497      60.6065
   17498      61.2795
   17499      60.3570
   17500      62.2863
   17501      66.1201
   17502      66.0057
   17503      69.4730
   17504      72.0935
   17505      72.0689
   17506      72.3489
   17507      78.3975
   17508      75.0638
   17509      77.1381
   17510      75.2940
   17511      76.4193
   17512      74.4823
   17513      69.6444
   17514      62.7617
   17515      64.7015
   17516      63.2378
   17517      64.2840
   17518      58.0454
   17519      57.2454
   17520      61.1975
   17521      59.6460
   17522      58.6235
   17523      50.8289
   17524      52.9898
   17525      52.0609
   17526      48.1686
   17527      51.1202
   17528      52.7168
   17529      59.3455
   17530      59.9419
   17531      59.3496
   17532      64.1221
   17533      61.0604
   17534      61.0420
   17535      58.8375
   17536      55.0347
   17537      53.0738
   17538      50.9704
   17539      49.6766
   17540      47.1454
   17541      48.6982
   17542      47.9123
   17543      49.4669
   17544      51.9503
   17545      51.1881
   17546      52.7722
   17547      56.7898
   17548      49.1926
   17549      51.1155
   17550      50.8383
   17551      53.6133
   17552      54.7802
   17553      55.8310
   17554      56.5806
   17555      58.3745
   17556      56.7566
   17557      50.8904
   17558      46.3810
   17559      47.7142
   17560      48.3675
   17561      46.9183
   17562      48.2476
   17563      47.7007
   17564      49.7430
   17565      54.0203
   17566      59.5605
   17567      57.6690
   17568      56.3428
   17569      58.6318
   17570      54.5770
   17571      57.6683
   17572      49.6198
   17573      52.2235
   17574      55.7716
   17575      53.4534
   17576      55.3185
   17577      59.2613
   17578      56.8543
   17579      61.9187
   17580      54.4200
   17581      55.2407
   17582      57.7207
   17583      56.6848
   17584      52.7047
   17585      55.3939
   17586      48.7331
   17587      44.3439
   17588      48.5214
   17589      48.4459
   17590      49.4265
   17591      45.5553
   17592      44.5240
   17593      44.0759
   17594      47.1161
   17595      44.9000
   17596      45.8309
   17597      41.6672
   17598      41.2905
   17599      41.3085
   17600      44.5512
   17601      51.6534
   17602      54.2148
   17603      58.0195
   17604      58.1906
   17605      54.2983
   17606      57.7599
   17607      51.1818
   17608      49.9823
   17609      50.3424
   17610      55.1307
   17611      56.8485
   17612      55.7223
   17613      53.7696
   17614      51.6397
   17615      51.4862
   17616      55.3347
   17617      54.0780
   17618      52.6474
   17619      54.3645
   17620      56.6046
   17621      49.2534
   17622      47.4363
   17623      50.4668
   17624      50.1476
   17625      50.5461
   17626      53.4528
   17627      53.5827
   17628      50.4902
   17629      48.0743
   17630      56.6195
   17631      57.2974
   17632      55.3381
   17633      53.6506
   17634      50.4550
   17635      59.4910
   17636      56.1400
   17637      51.7537
   17638      52.6385
   17639      53.7031
   17640      47.2025
   17641      48.2892
   17642      43.5128
   17643      49.5487
   17644      48.8435
   17645      53.2193
   17646      50.5156
   17647      52.3144
   17648      51.8801
   17649      53.4508
   17650      50.4460
   17651      48.3993
   17652      49.2083
   17653      51.2898
   17654      50.9048
   17655      47.8923
   17656      46.6789
   17657      47.1791
   17658      54.1683
   17659      49.7819
   17660      46.6714
   17661      53.9926
   17662      52.8385
   17663      53.2872
   17664      53.1137
   17665      44.3501
   17666      46.9164
   17667      44.8575
   17668      47.9800
   17669      43.9231
   17670      48.0338
   17671      50.6399
   17672      51.3865
   17673      54.5371
   17674      56.3586
   17675      57.7875
   17676      52.0242
   17677      55.4309
   17678      51.7040
   17679      52.0514
   17680      52.9554
   17681      52.1686
   17682      51.8045
   17683      54.4134
   17684      54.2912
   17685      50.0351
   17686      51.5143
   17687      52.5068
   17688      47.8658
   17689      48.0278
   17690      38.6905
   17691      40.7385
   17692      42.4429
   17693      42.5892
   17694      46.0794
   17695      46.2399
   17696      48.1475
   17697      49.4775
   17698      50.8449
   17699      50.1988
   17700      48.5271
   17701      43.5284
   17702      42.6160
   17703      45.1926
   17704      39.0099
   17705      37.8719
   17706      39.8395
   17707      41.5041
   17708      44.6857
   17709      42.0407
   17710      44.7347
   17711      50.9331
   17712      55.8242
   17713      54.9350
   17714      47.9803
   17715      44.3846
   17716      40.5080
   17717      41.4162
   17718      42.1136
   17719      44.1974
   17720      42.2113
   17721      38.5300
   17722      36.3616
   17723      38.7092
   17724      43.7547
   17725      42.3594
   17726      39.8085
   17727      44.4104
   17728      36.7324
   17729      38.3821
   17730      39.9515
   17731      42.1406
   17732      40.3991
   17733      41.8295
   17734      38.6761
   17735      41.6754
   17736      36.7833
   17737      37.2572
   17738      38.2073
   17739      40.2530
   17740      40.9131
   17741      34.7016
   17742      35.2259
   17743      36.6275
   17744      35.3323
   17745      37.1255
   17746      39.0264
   17747      38.8740
   17748      40.8169
   17749      39.7992
   17750      44.4559
   17751      43.6185
   17752      41.3418
   17753      41.3688
   17754      39.8886
   17755      40.0632
   17756      43.2129
   17757      42.0767
   17758      41.7907
   17759      39.6502
   17760      42.5437
   17761      45.0289
   17762      46.0325
   17763      45.4108
   17764      41.9697
   17765      47.3760
   17766      43.6955
   17767      44.1221
   17768      45.4452
   17769      41.1162
   17770      42.2862
   17771      39.2314
   17772      46.2006
   17773      43.6205
   17774      39.9360
   17775      35.6211
   17776      39.6526
   17777      46.3195
   17778      39.9971
   17779      44.7050
   17780      42.3218
   17781      42.2281
   17782      44.7685
   17783      44.7456
   17784      49.8704
   17785      52.4732
   17786      52.0862
   17787      54.7176
   17788      61.2328
   17789      63.4507
   17790      65.6729
   17791      66.2941
   17792      63.0476
   17793      54.0903
   17794      49.2479
   17795      52.5737
   17796      51.2014
   17797      57.2504
   17798      54.7889
   17799      58.6519
   17800      60.1078
   17801      63.1839
   17802      61.4957
   17803      59.2067
   17804      55.8553
   17805      55.2855
   17806      53.8923
   17807      45.9120
   17808      50.1179
   17809      53.4433
   17810      51.4526
   17811      46.3452
   17812      52.2380
   17813      58.5421
   17814      56.9486
   17815      54.8438
   17816      48.2116
   17817      46.7794
   17818      42.7869
   17819      46.3014
   17820      51.1142
   17821      45.4172
   17822      48.6187
   17823      55.0308
   17824      50.0421
   17825      47.7558
   17826      40.8525
   17827      39.8740
   17828      42.6484
   17829      49.8522
   17830      51.5363
   17831      49.5767
   17832      50.7219
   17833      57.8343
   17834      59.3433
   17835      64.0968
   17836      62.7493
   17837      61.7242
   17838      60.0603
   17839      64.1431
   17840      60.0541
   17841      55.8159
   17842      53.3586
   17843      45.5929
   17844      41.6790
   17845      41.5666
   17846      43.5425
   17847      50.8531
   17848      47.8653
   17849      42.3761
   17850      42.7888
   17851      49.1355
   17852      49.8844
   17853      51.7704
   17854      48.8375
   17855      48.4786
   17856      43.9415
   17857      45.6203
   17858      47.0347
   17859      53.1673
   17860      53.4203
   17861      55.0336
   17862      54.0036
   17863      52.0863
   17864      53.7763
   17865      53.0865
   17866      49.7504
   17867      51.8120
   17868      52.4711
   17869      53.6459
   17870      51.6929
   17871      48.6030
   17872      46.8541
   17873      52.0679
   17874      55.2609
   17875      56.5102
   17876      50.5480
   17877      51.2430
   17878      56.1843
   17879      55.3159
   17880      53.4881
   17881      58.1494
   17882      58.9589
   17883      56.8286
   17884      56.1575
   17885      54.7772
   17886      54.9890
   17887      58.3032
   17888      57.5876
   17889      58.7939
   17890      62.4159
   17891      54.5771
   17892      57.4427
   17893      55.1644
   17894      49.6315
   17895      51.3563
   17896      50.4157
   17897      57.5748
   17898      52.4120
   17899      50.6115
   17900      54.0901
   17901      52.8185
   17902      52.5995
   17903      51.9097
   17904      50.7474
   17905      49.0591
   17906      47.2100
   17907      46.8537
   17908      46.6358
   17909      46.4166
   17910      46.7646
   17911      46.1100
   17912      43.8851
   17913      47.5515
   17914      49.3378
   17915      52.6526
   17916      48.0470
   17917      53.3093
   17918      52.1312
   17919      55.9005
   17920      49.3562
   17921      53.0940
   17922      56.0787
   17923      54.7118
   17924      52.5672
   17925      53.1280
   17926      52.2388
   17927      53.3329
   17928      56.2998
   17929      59.1279
   17930      60.0872
   17931      61.8871
   17932      59.3481
   17933      56.7668
   17934      58.5172
   17935      62.2923
   17936      58.9840
   17937      61.0410
   17938      56.8838
   17939      56.3378
   17940      52.7794
   17941      64.6775
   17942      59.2214
   17943      52.5295
   17944      52.4146
   17945      49.8293
   17946      49.9812
   17947      54.6117
   17948      61.3542
   17949      55.6437
   17950      48.2031
   17951      48.9164
   17952      49.0116
   17953      47.4121
   17954      43.6030
   17955      49.6268
   17956      48.6126
   17957      46.8164
   17958      50.0836
   17959      41.7653
   17960      45.1045
   17961      47.8171
   17962      45.9033
   17963      46.5606
   17964      45.7039
   17965      50.0801
   17966      50.8021
   17967      54.2126
   17968      50.5715
   17969      46.0440
   17970      47.5804
   17971      49.1746
   17972      46.6641
   17973      52.0451
   17974      52.3310
   17975      57.7565
   17976      59.6796
   17977      59.7786
   17978      51.4580
   17979      55.3394
   17980      54.7401
   17981      55.9870
   17982      55.1475
   17983      56.9979
   17984      52.9991
   17985      52.6617
   17986      52.3366
   17987      54.7987
   17988      52.6549
   17989      54.9903
   17990      54.3698
   17991      53.9103
   17992      55.3185
   17993      52.5993
   17994      53.7265
   17995      52.2662
   17996      48.7074
   17997      51.0728
   17998      54.2911
   17999      51.5148
   18000      56.7244
   18001      54.9303
   18002      50.7376
   18003      53.0905
   18004      57.4106
   18005      54.7274
   18006      55.1369
   18007      49.0209
   18008      47.9141
   18009      52.4698
   18010      50.5799
   18011      51.1018
   18012      52.8750
   18013      58.5344
   18014      57.8955
   18015      57.9856
   18016      57.0917
   18017      59.7023
   18018      55.2752
   18019      50.9576
   18020      57.1804
   18021      56.0366
   18022      59.7340
   18023      60.5472
   18024      66.6953
   18025      69.3496
   18026      66.9883
   18027      70.8693
   18028      69.9493
   18029      64.4929
   18030      65.5210
   18031      65.9128
   18032      63.5040
   18033      61.3819
   18034      71.2084
   18035      72.9980
   18036      76.0380
   18037      77.3154
   18038      74.5218
   18039      74.9784
   18040      69.1283
   18041      62.3269
   18042      58.6303
   18043      51.3998
   18044      55.8269
   18045      53.2086
   18046      50.5889
   18047      46.5419
   18048      44.9022
   18049      48.1800
   18050      50.2018
   18051      52.7653
   18052      55.7777
   18053      57.0452
   18054      57.3102
   18055      63.7240
   18056      62.6958
   18057      64.6364
   18058      61.4383
   18059      55.3949
   18060      59.8213
   18061      58.7870
   18062      57.4843
   18063      55.8119
   18064      53.4245
   18065      55.9394
   18066      56.5653
   18067      54.9740
   18068      55.0165
   18069      52.7191
   18070      55.8598
   18071      55.7655
   18072      54.5644
   18073      61.4163
   18074      61.8378
   18075      56.8399
   18076      58.8179
   18077      54.9993
   18078      57.3479
   18079      53.4514
   18080      53.8787
   18081      54.9904
   18082      52.5094
   18083      44.7061
   18084      45.8802
   18085      52.0355
   18086      52.1678
   18087      51.4648
   18088      49.3405
   18089      51.4862
   18090      50.4149
   18091      47.1271
   18092      41.6149
   18093      41.1053
   18094      47.5749
   18095      53.3461
   18096      52.3059
   18097      48.0519
   18098      41.7460
   18099      44.4545
   18100      45.7322
   18101      45.7330
   18102      49.8670
   18103      50.4341
   18104      49.1964
   18105      47.8506
   18106      43.7343
   18107      44.5835
   18108      46.1723
   18109      46.6362
   18110      44.0736
   18111      44.3421
   18112      46.9200
   18113      45.6052
   18114      48.8165
   18115      48.6136
   18116      49.8604
   18117      53.6031
   18118      50.5213
   18119      50.3719
   18120      48.7486
   18121      46.2100
   18122      52.1592
   18123      50.9246
   18124      51.7914
   18125      49.4043
   18126      51.4874
   18127      51.6534
   18128      53.5423
   18129      51.0930
   18130      51.7912
   18131      47.9254
   18132      48.2095
   18133      49.1111
   18134      47.5561
   18135      50.5441
   18136      53.3561
   18137      49.9428
   18138      48.7968
   18139      45.5886
   18140      44.4832
   18141      46.4760
   18142      42.0016
   18143      46.8369
   18144      38.8524
   18145      45.5221
   18146      45.1837
   18147      45.7985
   18148      47.5646
   18149      49.3336
   18150      46.4550
   18151      46.6146
   18152      44.5992
   18153      47.6210
   18154      47.9489
   18155      50.2668
   18156      56.3865
   18157      55.1034
   18158      53.9622
   18159      53.2079
   18160      43.8171
   18161      41.7162
   18162      45.1408
   18163      50.4416
   18164      54.5524
   18165      54.5655
   18166      49.8082
   18167      50.2604
   18168      50.8082
   18169      46.9629
   18170      45.2321
   18171      50.2411
   18172      47.8349
   18173      47.7957
   18174      50.8094
   18175      47.5288
   18176      44.7479
   18177      46.8132
   18178      50.6008
   18179      50.4009
   18180      47.2406
   18181      46.6201
   18182      43.5337
   18183      44.5733
   18184      47.4385
   18185      45.1358
   18186      48.5861
   18187      44.2453
   18188      50.3137
   18189      47.3640
   18190      52.0293
   18191      50.3470
   18192      45.5147
   18193      47.2751
   18194      47.2198
   18195      46.6389
   18196      49.4093
   18197      49.1351
   18198      49.5878
   18199      51.4018
   18200      51.7552
   18201      51.4867
   18202      51.0009
   18203      40.6850
   18204      42.9011
   18205      46.5270
   18206      50.2180
   18207      44.8258
   18208      39.6939
   18209      44.8222
   18210      42.2885
   18211      49.0717
   18212      48.5733
   18213      50.9106
   18214      43.4220
   18215      45.0442
   18216      43.9890
   18217      43.0418
   18218      44.1550
   18219      46.0229
   18220      45.7146
   18221      43.8377
   18222      43.7908
   18223      48.9340
   18224      50.0140
   18225      45.7170
   18226      46.7693
   18227      46.0092
   18228      46.2496
   18229      48.1462
   18230      46.6059
   18231      43.5554
   18232      48.1426
   18233      47.7197
   18234      40.8597
   18235      40.0940
   18236      41.6408
   18237      40.0949
   18238      36.7979
   18239      41.8872
   18240      44.7851
   18241      47.7593
   18242      45.7550
   18243      44.8720
   18244      45.5833
   18245      43.5223
   18246      46.4789
   18247      51.0409
   18248      49.2477
   18249      46.4092
   18250      51.3268
   18251      50.4989
   18252      49.6789
   18253      51.7523
   18254      51.8937
   18255      47.0437
   18256      48.5624
   18257      46.5276
   18258      49.3762
   18259      50.4840
   18260      50.5034
   18261      48.8962
   18262      51.9718
   18263      55.4068
   18264      53.2874
   18265      49.9426
   18266      50.6905
   18267      50.0244
   18268      45.9935
   18269      46.9252
   18270      47.3794
   18271      49.2248
   18272      47.5982
   18273      45.2602
   18274      47.2069
   18275      44.9400
   18276      48.7174
   18277      45.1825
   18278      43.9839
   18279      46.2016
   18280      42.3459
   18281      39.0976
   18282      41.4403
   18283      45.8909
   18284      45.8286
   18285      44.8405
   18286      45.8547
   18287      43.6703
   18288      38.2540
   18289      40.7074
   18290      39.7762
   18291      41.2390
   18292      37.7462
   18293      45.3237
   18294      48.1482
   18295      44.3982
   18296      43.7474
   18297      39.0260
   18298      41.3217
   18299      40.9440
   18300      42.1019
   18301      43.0728
   18302      42.2930
   18303      40.4096
   18304      44.6949
   18305      43.2106
   18306      44.3339
   18307      41.2817
   18308      41.2138
   18309      38.9269
   18310      43.9940
   18311      44.3060
   18312      46.0111
   18313      48.7104
   18314      50.1955
   18315      42.1674
   18316      43.9933
   18317      46.4919
   18318      46.5099
   18319      45.6354
   18320      45.8665
   18321      43.0098
   18322      46.2159
   18323      44.0035
   18324      43.2965
   18325      46.8688
   18326      44.2636
   18327      40.5044
   18328      44.5910
   18329      46.3444
   18330      46.4924
   18331      39.0633
   18332      42.4762
   18333      41.8773
   18334      43.5108
   18335      45.5616
   18336      48.5609
   18337      48.7630
   18338      48.5806
   18339      55.1790
   18340      50.0294
   18341      47.7404
   18342      44.5818
   18343      43.2700
   18344      44.7436
   18345      41.9035
   18346      44.1828
   18347      42.4746
   18348      47.3075
   18349      42.5598
   18350      45.8322
   18351      48.5332
   18352      54.5125
   18353      47.9984
   18354      54.2088
   18355      54.5873
   18356      49.6433
   18357      48.6114
   18358      44.6881
   18359      45.3752
   18360      46.0518
   18361      36.0632
   18362      41.4611
   18363      44.2945
   18364      45.4217
   18365      48.7005
   18366      49.7501
   18367      48.6254
   18368      46.1630
   18369      43.3920
   18370      44.8050
   18371      43.3234
   18372      43.0966
   18373      42.3349
   18374      47.6121
   18375      51.1961
   18376      51.2312
   18377      47.9201
   18378      50.4293
   18379      46.6682
   18380      44.9175
   18381      49.9900
   18382      51.5201
   18383      50.2501
   18384      53.6083
   18385      49.6161
   18386      48.5757
   18387      52.0268
   18388      46.3510
   18389      47.6113
   18390      45.7968
   18391      44.7787
   18392      49.4934
   18393      48.9271
   18394      44.5105
   18395      48.8144
   18396      49.6268
   18397      47.6436
   18398      47.4956
   18399      45.2303
   18400      41.6253
   18401      48.5047
   18402      52.3732
   18403      51.2357
   18404      50.8319
   18405      50.8119
   18406      49.7424
   18407      50.4821
   18408      44.1502
   18409      47.2103
   18410      49.1819
   18411      48.0431
   18412      49.0415
   18413      49.3971
   18414      47.0301
   18415      46.7268
   18416      42.4904
   18417      40.3988
   18418      42.2344
   18419      44.0166
   18420      44.8367
   18421      44.7211
   18422      46.9548
   18423      47.3298
   18424      50.4166
   18425      54.7460
   18426      52.3926
   18427      51.2146
   18428      46.5480
   18429      44.2257
   18430      46.0397
   18431      47.9757
   18432      48.9634
   18433      47.7905
   18434      43.8483
   18435      45.9488
   18436      48.9360
   18437      48.1938
   18438      48.3627
   18439      45.1010
   18440      48.9336
   18441      45.4394
   18442      43.9329
   18443      46.4228
   18444      44.9849
   18445      45.7300
   18446      49.1148
   18447      45.2786
   18448      50.4792
   18449      48.0992
   18450      47.7213
   18451      48.3613
   18452      51.8017
   18453      51.0563
   18454      48.7046
   18455      47.3282
   18456      52.1065
   18457      51.4833
   18458      48.4088
   18459      50.5793
   18460      48.9481
   18461      45.3772
   18462      46.6025
   18463      47.0585
   18464      51.0597
   18465      52.3852
   18466      48.6305
   18467      49.3884
   18468      45.9574
   18469      44.2428
   18470      51.5564
   18471      51.0927
   18472      45.8695
   18473      49.8762
   18474      50.4615
   18475      51.5397
   18476      51.2765
   18477      47.2839
   18478      46.4834
   18479      47.2028
   18480      43.2586
   18481      50.8236
   18482      49.4032
   18483      44.1646
   18484      44.7771
   18485      45.6692
   18486      45.9367
   18487      41.1298
   18488      46.5057
   18489      45.6236
   18490      46.3790
   18491      49.4694
   18492      52.1645
   18493      49.3145
   18494      49.8790
   18495      46.8891
   18496      51.6397
   18497      50.0848
   18498      43.2913
   18499      44.5913
   18500      48.6014
   18501      43.6662
   18502      44.8607
   18503      47.3971
   18504      45.7451
   18505      50.0493
   18506      50.0603
   18507      53.7060
   18508      50.3338
   18509      47.7192
   18510      49.4774
   18511      44.9092
   18512      49.5954
   18513      47.8074
   18514      48.3349
   18515      45.6672
   18516      45.1944
   18517      48.8048
   18518      43.7570
   18519      42.0857
   18520      44.8486
   18521      39.9936
   18522      45.0350
   18523      42.4097
   18524      44.6526
   18525      40.1719
   18526      41.4839
   18527      46.2330
   18528      46.5493
   18529      42.2519
   18530      44.4964
   18531      44.8759
   18532      42.7368
   18533      42.8521
   18534      41.9454
   18535      43.7067
   18536      42.4192
   18537      46.6292
   18538      41.6681
   18539      41.2784
   18540      41.5696
   18541      38.2597
   18542      43.9161
   18543      51.3489
   18544      52.5803
   18545      46.6206
   18546      42.7304
   18547      43.6678
   18548      37.6020
   18549      44.4717
   18550      51.1242
   18551      51.7083
   18552      55.6208
   18553      54.4541
   18554      50.4687
   18555      46.5911
   18556      43.4782
   18557      40.1933
   18558      49.8502
   18559      52.3030
   18560      46.8654
   18561      45.3014
   18562      50.6664
   18563      46.1343
   18564      45.2312
   18565      47.6322
   18566      38.4213
   18567      37.5122
   18568      43.7445
   18569      39.9399
   18570      40.1156
   18571      38.5725
   18572      43.5916
   18573      40.9386
   18574      47.6093
   18575      46.5439
   18576      48.1772
   18577      44.7096
   18578      44.7185
   18579      40.5348
   18580      38.3454
   18581      43.7737
   18582      41.9767
   18583      40.7563
   18584      44.4649
   18585      43.4002
   18586      45.5148
   18587      39.9472
   18588      39.5966
   18589      47.2767
   18590      47.3466
   18591      45.0383
   18592      44.6370
   18593      48.5211
   18594      44.6874
   18595      42.0380
   18596      46.4018
   18597      49.1125
   18598      49.6958
   18599      49.5560
   18600      47.1033
   18601      39.1915
   18602      41.9460
   18603      41.8028
   18604      40.0400
   18605      39.5649
   18606      36.7186
   18607      38.5891
   18608      39.9929
   18609      42.4759
   18610      43.7949
   18611      46.1801
   18612      43.1273
   18613      39.5733
   18614      39.3986
   18615      43.9494
   18616      45.8722
   18617      47.8424
   18618      46.2360
   18619      43.9010
   18620      42.3212
   18621      46.7802
   18622      48.2503
   18623      45.4820
   18624      50.6392
   18625      47.6919
   18626      44.3213
   18627      43.4157
   18628      46.7592
   18629      42.1748
   18630      41.9366
   18631      39.9991
   18632      37.6909
   18633      36.3633
   18634      40.2753
   18635      43.2251
   18636      44.1533
   18637      41.5644
   18638      47.5806
   18639      50.8766
   18640      51.8890
   18641      52.7728
   18642      53.3081
   18643      56.1665
   18644      58.6738
   18645      57.6586
   18646      58.3557
   18647      56.1255
   18648      59.9308
   18649      62.5891
   18650      63.1240
   18651      61.0933
   18652      59.0899
   18653      60.3287
   18654      62.3490
   18655      59.7431
   18656      57.4129
   18657      59.8889
   18658      63.0119
   18659      61.4420
   18660      63.5574
   18661      65.0317
   18662      65.5607
   18663      66.0182
   18664      65.3417
   18665      63.9114
   18666      65.5642
   18667      68.0308
   18668      70.3977
   18669      72.6304
   18670      67.2334
   18671      63.0486
   18672      57.9940
   18673      60.9225
   18674      63.7143
   18675      62.2017
   18676      56.5249
   18677      60.7141
   18678      54.3490
   18679      47.8890
   18680      54.9369
   18681      60.4984
   18682      61.6934
   18683      59.6339
   18684      55.2165
   18685      49.7806
   18686      44.8545
   18687      40.6994
   18688      42.1690
   18689      48.3344
   18690      52.6732
   18691      51.7018
   18692      57.9065
   18693      54.3543
   18694      55.7839
   18695      58.2512
   18696      62.9253
   18697      58.7946
   18698      58.3090
   18699      58.7605
   18700      56.1420
   18701      59.8103
   18702      58.8852
   18703      55.4588
   18704      50.1089
   18705      46.9040
   18706      47.8252
   18707      47.5908
   18708      50.3339
   18709      51.1056
   18710      48.4975
   18711      49.0852
   18712      48.4221
   18713      47.8581
   18714      51.8196
   18715      51.2310
   18716      50.0938
   18717      44.3614
   18718      42.6068
   18719      41.3291
   18720      42.7509
   18721      37.7840
   18722      39.7575
   18723      37.7380
   18724      39.5234
   18725      47.9816
   18726      48.2640
   18727      49.8217
   18728      54.1401
   18729      55.1468
   18730      51.1251
   18731      44.4751
   18732      42.4043
   18733      45.0879
   18734      45.0831
   18735      47.6266
   18736      43.8452
   18737      42.4870
   18738      42.5991
   18739      47.0264
   18740      48.4277
   18741      46.2729
   18742      46.7503
   18743      45.8666
   18744      46.7582
   18745      48.3062
   18746      48.4390
   18747      47.4473
   18748      45.3050
   18749      43.2974
   18750      42.2846
   18751      40.9338
   18752      45.2543
   18753      44.5062
   18754      48.5910
   18755      44.4864
   18756      44.1648
   18757      45.3234
   18758      47.2758
   18759      44.3431
   18760      43.6762
   18761      45.8057
   18762      44.7186
   18763      43.9704
   18764      46.4594
   18765      41.7024
   18766      41.5212
   18767      43.1633
   18768      49.0699
   18769      49.8389
   18770      47.8372
   18771      48.8024
   18772      49.0843
   18773      44.2444
   18774      46.9690
   18775      47.9381
   18776      53.0023
   18777      51.1642
   18778      52.0736
   18779      51.9258
   18780      51.7050
   18781      48.1307
   18782      47.3784
   18783      45.9450
   18784      50.2513
   18785      54.2393
   18786      57.4331
   18787      51.9949
   18788      52.9270
   18789      52.8084
   18790      58.9628
   18791      59.5297
   18792      61.1361
   18793      57.3663
   18794      58.9419
   18795      63.4306
   18796      58.6913
   18797      56.4097
   18798      49.1755
   18799      46.1476
   18800      45.2391
   18801      45.1407
   18802      45.7709
   18803      47.1855
   18804      48.9956
   18805      54.0196
   18806      54.5707
   18807      51.2772
   18808      57.3591
   18809      55.2096
   18810      54.4909
   18811      61.6788
   18812      64.2079
   18813      60.1394
   18814      57.2731
   18815      51.7417
   18816      51.1368
   18817      45.1094
   18818      37.7152
   18819      40.3203
   18820      41.6826
   18821      50.6335
   18822      44.3621
   18823      40.6335
   18824      49.1508
   18825      53.0279
   18826      49.8557
   18827      53.0247
   18828      54.8329
   18829      53.4345
   18830      52.9150
   18831      50.2714
   18832      53.3092
   18833      51.9433
   18834      52.5302
   18835      50.9102
   18836      51.8341
   18837      51.6520
   18838      55.7264
   18839      57.1842
   18840      62.2176
   18841      63.0486
   18842      66.6228
   18843      63.8054
   18844      65.6529
   18845      69.0028
   18846      70.6694
   18847      67.5542
   18848      62.3832
   18849      63.9103
   18850      62.0770
   18851      55.6018
   18852      56.8137
   18853      55.5651
   18854      56.8787
   18855      57.2760
   18856      60.1639
   18857      58.3905
   18858      55.8424
   18859      53.1872
   18860      58.7182
   18861      56.1848
   18862      53.4736
   18863      52.2372
   18864      56.7024
   18865      53.9609
   18866      54.6950
   18867      54.6412
   18868      51.7758
   18869      52.5144
   18870      50.9255
   18871      46.6270
   18872      46.7688
   18873      48.8851
   18874      49.0697
   18875      49.3913
   18876      49.1990
   18877      47.6985
   18878      50.2874
   18879      49.7180
   18880      45.8336
   18881      48.9108
   18882      49.5227
   18883      45.5208
   18884      49.2534
   18885      49.2097
   18886      46.5944
   18887      51.5423
   18888      51.0988
   18889      48.0951
   18890      50.9309
   18891      49.3255
   18892      48.3909
   18893      48.5325
   18894      47.6084
   18895      49.0740
   18896      50.6141
   18897      48.8826
   18898      50.2668
   18899      53.2054
   18900      54.4791
   18901      49.3755
   18902      48.9106
   18903      48.6505
   18904      48.9006
   18905      48.9248
   18906      49.4631
   18907      52.4800
   18908      45.6056
   18909      48.6819
   18910      51.0891
   18911      49.0320
   18912      46.2726
   18913      46.3830
   18914      45.9830
   18915      44.3716
   18916      47.2110
   18917      46.1100
   18918      47.4186
   18919      46.1854
   18920      46.0640
   18921      44.0955
   18922      45.0314
   18923      48.7249
   18924      51.8242
   18925      54.5288
   18926      52.2062
   18927      51.4111
   18928      46.6926
   18929      47.6966
   18930      48.7205
   18931      50.1569
   18932      47.7739
   18933      45.6903
   18934      46.9973
   18935      41.2280
   18936      45.2342
   18937      44.5851
   18938      46.7887
   18939      43.6882
   18940      42.2773
   18941      44.4716
   18942      50.1464
   18943      43.5391
   18944      40.5082
   18945      44.2793
   18946      43.4441
   18947      43.5331
   18948      46.9809
   18949      50.5322
   18950      46.3308
   18951      47.3976
   18952      47.6722
   18953      46.2088
   18954      45.8623
   18955      43.2606
   18956      45.9719
   18957      47.2868
   18958      46.4984
   18959      47.5922
   18960      43.4310
   18961      48.8651
   18962      49.8303
   18963      49.3713
   18964      52.8004
   18965      46.5725
   18966      43.4287
   18967      47.4428
   18968      54.5730
   18969      49.8871
   18970      55.6928
   18971      56.5003
   18972      56.8759
   18973      57.3620
   18974      60.9000
   18975      62.8661
   18976      57.8168
   18977      56.8653
   18978      60.0041
   18979      56.1848
   18980      54.4685
   18981      56.2523
   18982      54.8482
   18983      55.7180
   18984      51.6251
   18985      54.5211
   18986      55.7334
   18987      53.4842
   18988      47.8721
   18989      45.5073
   18990      45.6381
   18991      48.8689
   18992      42.3588
   18993      44.8320
   18994      49.1535
   18995      46.9923
   18996      46.1541
   18997      47.6856
   18998      39.2127
   18999      42.0598
   19000      43.5973
   19001      43.8070
   19002      40.0432
   19003      42.1573
   19004      38.6856
   19005      39.4834
   19006      46.1800
   19007      44.9821
   19008      44.9505
   19009      43.7055
   19010      45.8798
   19011      43.9603
   19012      43.4551
   19013      42.1111
   19014      41.5978
   19015      40.4605
   19016      46.3006
   19017      41.9666
   19018      41.8584
   19019      38.9273
   19020      40.3714
   19021      38.4550
   19022      40.5994
   19023      41.5265
   19024      39.6940
   19025      42.5454
   19026      36.7452
   19027      40.8186
   19028      43.0481
   19029      42.7407
   19030      43.9764
   19031      43.1420
   19032      46.7438
   19033      45.3787
   19034      43.7067
   19035      41.2584
   19036      45.7313
   19037      49.2268
   19038      49.9447
   19039      41.8553
   19040      42.7218
   19041      43.1973
   19042      43.9441
   19043      45.7406
   19044      48.8691
   19045      49.3466
   19046      44.9094
   19047      41.5667
   19048      45.1291
   19049      46.3803
   19050      47.5817
   19051      47.1775
   19052      49.6070
   19053      49.8442
   19054      51.8417
   19055      50.6130
   19056      47.3821
   19057      46.8888
   19058      48.4723
   19059      49.9137
   19060      43.5391
   19061      42.4379
   19062      44.8124
   19063      45.4546
   19064      42.4626
   19065      44.0638
   19066      44.3860
   19067      46.3084
   19068      44.7158
   19069      42.3163
   19070      43.6339
   19071      38.4983
   19072      38.2121
   19073      40.8772
   19074      39.9752
   19075      40.5885
   19076      39.3628
   19077      42.9621
   19078      42.2961
   19079      43.4149
   19080      43.9594
   19081      47.6502
   19082      45.0417
   19083      50.3039
   19084      46.2007
   19085      41.8972
   19086      49.9530
   19087      48.8335
   19088      51.0963
   19089      53.2078
   19090      52.5589
   19091      50.6752
   19092      51.3646
   19093      48.9785
   19094      50.4388
   19095      50.5118
   19096      50.2600
   19097      51.7826
   19098      51.2173
   19099      51.0659
   19100      49.4022
   19101      50.0726
   19102      47.9724
   19103      44.8057
   19104      45.5474
   19105      45.0059
   19106      47.9729
   19107      48.2716
   19108      45.1993
   19109      45.9123
   19110      50.1666
   19111      50.6999
   19112      49.1097
   19113      49.4763
   19114      49.4062
   19115      41.0436
   19116      42.0632
   19117      38.8776
   19118      43.3637
   19119      46.6667
   19120      51.1812
   19121      48.5023
   19122      45.4788
   19123      45.3003
   19124      49.3131
   19125      48.1135
   19126      51.0143
   19127      41.7317
   19128      41.6670
   19129      44.0249
   19130      46.1781
   19131      41.3621
   19132      47.2642
   19133      49.7969
   19134      49.9467
   19135      45.5181
   19136      46.6081
   19137      42.3354
   19138      42.7697
   19139      44.0258
   19140      43.8460
   19141      44.7255
   19142      44.5695
   19143      49.2758
   19144      47.2619
   19145      48.4983
   19146      50.0434
   19147      47.1038
   19148      52.0304
   19149      58.2859
   19150      61.4570
   19151      63.0423
   19152      56.2079
   19153      57.4453
   19154      51.0725
   19155      52.5751
   19156      52.2357
   19157      54.1000
   19158      54.4178
   19159      59.7330
   19160      58.3036
   19161      57.1603
   19162      57.5507
   19163      59.1511
   19164      58.4596
   19165      60.2646
   19166      59.3069
   19167      55.6673
   19168      52.6676
   19169      48.9635
   19170      54.1305
   19171      56.9786
   19172      59.6203
   19173      53.0685
   19174      57.4673
   19175      57.9843
   19176      56.9610
   19177      63.4989
   19178      65.5662
   19179      60.4929
   19180      59.1969
   19181      55.5795
   19182      57.6137
   19183      54.8864
   19184      52.5796
   19185      49.7605
   19186      53.2597
   19187      56.5825
   19188      59.1952
   19189      54.2265
   19190      58.2387
   19191      55.1305
   19192      56.8731
   19193      51.2260
   19194      52.8655
   19195      51.1575
   19196      57.0104
   19197      55.3618
   19198      51.5802
   19199      53.2762
   19200      55.8459
   19201      56.7199
   19202      60.9711
   19203      59.4855
   19204      59.4121
   19205      57.1156
   19206      53.9632
   19207      55.7137
   19208      56.1688
   19209      56.7219
   19210      54.1912
   19211      48.9157
   19212      57.9220
   19213      57.3644
   19214      56.0652
   19215      53.4763
   19216      57.5908
   19217      55.0526
   19218      50.9763
   19219      54.3244
   19220      56.4422
   19221      57.1335
   19222      57.4285
   19223      56.5436
   19224      52.8719
   19225      57.9791
   19226      57.1638
   19227      57.5432
   19228      49.5990
   19229      50.7557
   19230      54.9428
   19231      60.6319
   19232      53.2402
   19233      53.7014
   19234      47.5293
   19235      53.6927
   19236      50.8437
   19237      47.9486
   19238      51.5180
   19239      51.5921
   19240      47.1139
   19241      48.3332
   19242      50.5572
   19243      47.0732
   19244      46.4855
   19245      49.6593
   19246      54.8821
   19247      53.6042
   19248      46.8408
   19249      43.3581
   19250      50.4687
   19251      46.2750
   19252      50.5810
   19253      45.5810
   19254      45.4772
   19255      47.2727
   19256      48.8630
   19257      50.8456
   19258      50.8786
   19259      46.8545
   19260      48.0606
   19261      50.3154
   19262      52.1152
   19263      51.2070
   19264      48.2428
   19265      47.2058
   19266      45.8687
   19267      42.2264
   19268      44.5915
   19269      44.4307
   19270      49.5786
   19271      43.9235
   19272      53.2100
   19273      51.3269
   19274      56.5593
   19275      60.1749
   19276      58.2047
   19277      53.6113
   19278      55.8322
   19279      55.6161
   19280      54.2932
   19281      52.6866
   19282      55.0435
   19283      54.9548
   19284      54.0962
   19285      57.4159
   19286      47.9311
   19287      47.2103
   19288      45.5508
   19289      55.2246
   19290      52.4055
   19291      54.9547
   19292      58.8818
   19293      60.5150
   19294      63.5194
   19295      57.4335
   19296      58.9027
   19297      58.6268
   19298      53.0981
   19299      50.7561
   19300      49.3800
   19301      57.2110
   19302      53.7040
   19303      54.3027
   19304      48.4273
   19305      48.6705
   19306      52.0112
   19307      46.4056
   19308      45.1827
   19309      42.2255
   19310      45.8809
   19311      47.4069
   19312      40.6719
   19313      40.7755
   19314      42.3932
   19315      40.0067
   19316      44.2316
   19317      45.8952
   19318      41.3733
   19319      46.3976
   19320      40.3351
   19321      42.2982
   19322      41.2548
   19323      37.8359
   19324      41.5809
   19325      41.4964
   19326      45.1856
   19327      43.8946
   19328      39.8222
   19329      45.9491
   19330      43.4230
   19331      42.6289
   19332      41.8543
   19333      38.5633
   19334      41.4898
   19335      43.1933
   19336      42.8787
   19337      48.6678
   19338      45.0130
   19339      43.7454
   19340      46.6261
   19341      47.8105
   19342      43.3837
   19343      49.2112
   19344      50.4798
   19345      53.3147
   19346      59.3138
   19347      56.2167
   19348      53.4690
   19349      55.1918
   19350      56.3469
   19351      54.1453
   19352      55.6815
   19353      55.1807
   19354      57.0893
   19355      56.2576
   19356      60.6601
   19357      53.2409
   19358      55.0492
   19359      53.0836
   19360      55.2942
   19361      57.2287
   19362      54.9634
   19363      47.4257
   19364      43.4287
   19365      50.3289
   19366      47.8244
   19367      46.8250
   19368      46.4703
   19369      48.5139
   19370      52.9878
   19371      47.5990
   19372      48.7347
   19373      48.6647
   19374      49.5261
   19375      50.4217
   19376      48.7620
   19377      52.9127
   19378      54.2605
   19379      61.5202
   19380      58.0636
   19381      56.1438
   19382      62.4809
   19383      58.5299
   19384      57.9051
   19385      54.7664
   19386      51.9987
   19387      46.5495
   19388      46.4343
   19389      50.7364
   19390      46.2495
   19391      42.0610
   19392      46.5709
   19393      44.0890
   19394      45.4864
   19395      44.7097
   19396      46.9611
   19397      44.8490
   19398      43.2182
   19399      42.9673
   19400      44.7176
   19401      42.1200
   19402      43.3780
   19403      51.0818
   19404      51.3779
   19405      50.1632
   19406      47.5443
   19407      57.5526
   19408      49.0371
   19409      55.7281
   19410      53.3508
   19411      50.6507
   19412      49.6476
   19413      44.6899
   19414      42.5944
   19415      41.8756
   19416      45.5539
   19417      43.9792
   19418      44.2689
   19419      42.7575
   19420      45.7317
   19421      45.7415
   19422      46.5421
   19423      47.9773
   19424      48.0625
   19425      43.1321
   19426      44.5082
   19427      42.0972
   19428      41.1482
   19429      46.3354
   19430      44.7348
   19431      46.2910
   19432      42.2404
   19433      41.2068
   19434      44.0323
   19435      40.6692
   19436      43.8913
   19437      43.2193
   19438      39.8873
   19439      40.6088
   19440      44.5943
   19441      41.9911
   19442      41.0579
   19443      41.1215
   19444      41.1091
   19445      39.4869
   19446      43.8017
   19447      49.7492
   19448      46.0697
   19449      52.1100
   19450      55.7545
   19451      60.1809
   19452      49.6111
   19453      46.5997
   19454      49.1403
   19455      54.3452
   19456      54.2621
   19457      59.8755
   19458      57.5400
   19459      59.3945
   19460      62.7783
   19461      57.6968
   19462      55.7907
   19463      53.4641
   19464      48.4830
   19465      45.6447
   19466      48.7898
   19467      50.3048
   19468      52.5831
   19469      47.8992
   19470      48.9837
   19471      52.6576
   19472      56.4517
   19473      56.3198
   19474      55.8773
   19475      57.4035
   19476      57.1451
   19477      52.7209
   19478      55.4911
   19479      50.8100
   19480      48.8081
   19481      48.6496
   19482      47.3540
   19483      54.7893
   19484      52.5652
   19485      55.0774
   19486      53.8069
   19487      54.1957
   19488      50.1376
   19489      50.0468
   19490      49.5587
   19491      50.7971
   19492      49.1559
   19493      51.4931
   19494      49.1567
   19495      52.8763
   19496      57.1146
   19497      52.7229
   19498      54.9886
   19499      52.5651
   19500      56.9686
   19501      56.7895
   19502      57.2161
   19503      56.7023
   19504      56.5746
   19505      55.0136
   19506      54.4828
   19507      51.2276
   19508      46.2054
   19509      45.0812
   19510      45.4066
   19511      51.2897
   19512      50.3654
   19513      49.1027
   19514      47.3809
   19515      44.6727
   19516      42.2236
   19517      45.1653
   19518      48.0019
   19519      52.4766
   19520      49.0158
   19521      51.2355
   19522      45.8953
   19523      51.5287
   19524      49.4988
   19525      49.1471
   19526      53.7916
   19527      51.7825
   19528      52.7036
   19529      54.7923
   19530      53.0142
   19531      57.8398
   19532      57.9710
   19533      58.1168
   19534      55.7949
   19535      55.0305
   19536      53.0684
   19537      57.9668
   19538      56.8870
   19539      59.8212
   19540      58.0441
   19541      60.4489
   19542      55.8810
   19543      58.9946
   19544      58.9668
   19545      58.1417
   19546      61.3968
   19547      59.1348
   19548      57.2430
   19549      58.1012
   19550      57.9418
   19551      54.3054
   19552      49.1139
   19553      48.3517
   19554      46.1850
   19555      46.9811
   19556      48.0345
   19557      45.4038
   19558      45.5267
   19559      49.3776
   19560      46.5478
   19561      45.8839
   19562      49.8842
   19563      48.9886
   19564      47.2464
   19565      47.0402
   19566      41.2418
   19567      38.8233
   19568      42.3633
   19569      44.6113
   19570      46.2078
   19571      45.3520
   19572      49.7468
   19573      48.8119
   19574      45.0980
   19575      43.1442
   19576      43.9417
   19577      48.8468
   19578      46.9908
   19579      44.0618
   19580      47.9534
   19581      49.2640
   19582      48.6788
   19583      49.5027
   19584      46.8816
   19585      44.2986
   19586      49.9488
   19587      50.3820
   19588      47.8644
   19589      48.0366
   19590      43.5754
   19591      45.0823
   19592      43.4838
   19593      52.1511
   19594      54.8771
   19595      53.9222
   19596      51.0494
   19597      47.7472
   19598      52.8380
   19599      52.4196
   19600      49.5922
   19601      47.3204
   19602      47.9535
   19603      46.3764
   19604      48.1948
   19605      50.5268
   19606      45.1438
   19607      44.7043
   19608      39.0021
   19609      42.4338
   19610      47.1792
   19611      42.1802
   19612      40.8439
   19613      44.8613
   19614      44.9714
   19615      46.6968
   19616      44.9226
   19617      46.1551
   19618      42.6827
   19619      45.2819
   19620      40.6392
   19621      43.0979
   19622      39.1246
   19623      43.9107
   19624      48.9325
   19625      48.2291
   19626      45.4420
   19627      47.8919
   19628      53.3212
   19629      54.8019
   19630      47.4533
   19631      46.9956
   19632      45.3325
   19633      46.8284
   19634      48.9992
   19635      55.0148
   19636      56.7352
   19637      59.0057
   19638      60.4072
   19639      56.2170
   19640      57.3130
   19641      51.7948
   19642      53.7961
   19643      52.9781
   19644      53.3684
   19645      53.9146
   19646      52.8853
   19647      51.8071
   19648      47.4599
   19649      47.7808
   19650      47.1872
   19651      47.0944
   19652      52.4183
   19653      53.8745
   19654      51.8770
   19655      53.8729
   19656      50.8834
   19657      51.3265
   19658      52.6539
   19659      48.5602
   19660      49.7784
   19661      50.9602
   19662      54.7023
   19663      47.8480
   19664      49.5391
   19665      54.3435
   19666      56.5308
   19667      56.8550
   19668      57.0414
   19669      56.7513
   19670      58.1656
   19671      57.3441
   19672      58.2643
   19673      54.5452
   19674      52.6430
   19675      52.7311
   19676      53.0294
   19677      54.7903
   19678      51.2376
   19679      55.8897
   19680      49.1398
   19681      50.1888
   19682      50.1002
   19683      53.0608
   19684      47.3036
   19685      46.5186
   19686      48.2028
   19687      51.7394
   19688      54.9860
   19689      54.9238
   19690      49.6623
   19691      50.9613
   19692      50.7432
   19693      49.2747
   19694      54.4030
   19695      59.2740
   19696      58.0957
   19697      53.7170
   19698      51.6292
   19699      45.3678
   19700      46.9244
   19701      54.3721
   19702      58.4075
   19703      64.2959
   19704      68.7447
   19705      65.3330
   19706      58.3787
   19707      58.5800
   19708      62.6352
   19709      61.8278
   19710      54.7832
   19711      53.5127
   19712      43.5327
   19713      44.0832
   19714      50.9315
   19715      60.4969
   19716      63.6973
   19717      62.5788
   19718      60.2990
   19719      58.2904
   19720      52.8407
   19721      55.6843
   19722      55.3245
   19723      49.0746
   19724      50.1971
   19725      45.6638
   19726      48.3297
   19727      47.2339
   19728      48.9521
   19729      44.1099
   19730      45.3432
   19731      46.0121
   19732      41.7791
   19733      45.7587
   19734      49.7838
   19735      57.6810
   19736      50.5068
   19737      47.9078
   19738      44.5840
   19739      45.4552
   19740      43.9951
   19741      45.3437
   19742      44.2386
   19743      41.7476
   19744      49.0583
   19745      49.3080
   19746      54.8850
   19747      53.5990
   19748      48.5415
   19749      52.4652
   19750      54.6663
   19751      53.7572
   19752      50.1868
   19753      52.2918
   19754      47.5214
   19755      42.3937
   19756      49.0595
   19757      51.3314
   19758      48.5456
   19759      50.9603
   19760      50.3119
   19761      49.5980
   19762      47.2060
   19763      49.6230
   19764      43.9081
   19765      43.5542
   19766      49.7165
   19767      52.2846
   19768      50.8697
   19769      45.8256
   19770      47.5526
   19771      45.8630
   19772      44.7735
   19773      51.1192
   19774      47.8755
   19775      52.8625
   19776      47.8720
   19777      47.1542
   19778      46.8661
   19779      51.2456
   19780      50.0063
   19781      51.1115
   19782      48.4917
   19783      45.8676
   19784      40.7892
   19785      43.4616
   19786      54.2726
   19787      46.7725
   19788      47.2963
   19789      48.4411
   19790      49.8880
   19791      49.1838
   19792      50.3418
   19793      57.3677
   19794      53.0356
   19795      52.6808
   19796      53.2243
   19797      53.2206
   19798      52.4660
   19799      55.3236
   19800      57.9032
   19801      56.3518
   19802      55.5308
   19803      51.0984
   19804      40.9942
   19805      50.3665
   19806      53.9773
   19807      52.0507
   19808      60.1325
   19809      62.6319
   19810      60.2292
   19811      48.8491
   19812      46.1205
   19813      48.9993
   19814      47.7040
   19815      44.3740
   19816      48.4860
   19817      53.5440
   19818      52.9406
   19819      46.7339
   19820      48.7157
   19821      52.8605
   19822      56.6533
   19823      52.4811
   19824      49.0299
   19825      47.8039
   19826      42.1942
   19827      45.3425
   19828      42.7794
   19829      42.7196
   19830      42.1276
   19831      39.9173
   19832      46.1031
   19833      46.1028
   19834      50.2770
   19835      49.4398
   19836      48.1407
   19837      55.0725
   19838      55.6185
   19839      56.5046
   19840      61.3302
   19841      63.2818
   19842      67.2268
   19843      63.2864
   19844      58.0431
   19845      60.7287
   19846      55.9716
   19847      54.7955
   19848      54.9777
   19849      56.0059
   19850      54.2457
   19851      57.0205
   19852      57.7294
   19853      56.0655
   19854      58.7301
   19855      51.2393
   19856      44.3525
   19857      46.9681
   19858      54.2288
   19859      50.3458
   19860      45.5934
   19861      45.3090
   19862      45.6411
   19863      46.1534
   19864      52.5654
   19865      52.3349
   19866      49.2844
   19867      48.6336
   19868      48.6962
   19869      51.4164
   19870      51.3570
   19871      47.1430
   19872      46.6776
   19873      49.5085
   19874      48.8356
   19875      47.1792
   19876      49.6278
   19877      49.3644
   19878      51.3739
   19879      45.9431
   19880      50.4197
   19881      46.9859
   19882      42.8104
   19883      49.2560
   19884      42.9958
   19885      39.2666
   19886      39.8972
   19887      43.0712
   19888      44.9981
   19889      44.8780
   19890      42.3904
   19891      43.2517
   19892      38.2948
   19893      43.3699
   19894      39.9093
   19895      41.4652
   19896      42.9155
   19897      41.1575
   19898      43.2467
   19899      47.3941
   19900      49.4598
   19901      49.4167
   19902      51.8940
   19903      48.7503
   19904      50.3799
   19905      46.3432
   19906      53.4898
   19907      51.6139
   19908      52.2793
   19909      55.2923
   19910      56.7277
   19911      55.7624
   19912      49.7802
   19913      48.3235
   19914      51.2484
   19915      54.5126
   19916      54.9760
   19917      48.6241
   19918      49.8635
   19919      52.9651
   19920      53.9520
   19921      48.1764
   19922      44.1643
   19923      48.2031
   19924      41.2598
   19925      39.5870
   19926      42.9086
   19927      46.5460
   19928      49.3443
   19929      47.4626
   19930      46.6743
   19931      48.6292
   19932      48.3989
   19933      46.2737
   19934      53.4648
   19935      54.1586
   19936      49.3049
   19937      46.0813
   19938      50.9565
   19939      54.2945
   19940      48.0467
   19941      43.1610
   19942      38.4730
   19943      41.2157
   19944      44.0994
   19945      45.6431
   19946      40.7591
   19947      37.0535
   19948      40.1337
   19949      41.0437
   19950      40.0826
   19951      42.8107
   19952      47.8009
   19953      56.1839
   19954      58.7471
   19955      58.2811
   19956      55.7293
   19957      57.9403
   19958      55.8197
   19959      61.0105
   19960      58.0094
   19961      53.9099
   19962      60.0596
   19963      60.7534
   19964      51.6025
   19965      54.3997
   19966      53.2252
   19967      54.6554
   19968      58.0748
   19969      52.1102
   19970      50.8291
   19971      48.8625
   19972      57.9641
   19973      55.4500
   19974      55.5033
   19975      57.1967
   19976      55.5017
   19977      44.8803
   19978      46.9588
   19979      46.6243
   19980      46.4772
   19981      53.0588
   19982      46.4191
   19983      49.6549
   19984      50.5615
   19985      51.6960
   19986      52.9947
   19987      51.5335
   19988      46.3201
   19989      42.2600
   19990      48.1835
   19991      45.9992
   19992      46.4420
   19993      42.4974
   19994      38.4438
   19995      42.8872
   19996      47.6207
   19997      52.0693
   19998      51.0910
   19999      50.3936
   20000      47.3686
   20001      50.2929
