#Frame     end-to-end
       1      39.8554
       2      38.7392
       3      31.2697
       4      29.7262
       5      30.6729
       6      32.7608
       7      35.4399
       8      36.0872
       9      28.1525
      10      39.6302
      11      33.7700
      12      36.3802
      13      38.9783
      14      38.4732
      15      40.9395
      16      42.7306
      17      41.3556
      18      42.8291
      19      41.5258
      20      39.7524
      21      38.2761
      22      42.4403
      23      32.5828
      24      34.0906
      25      36.1905
      26      36.1789
      27      31.1957
      28      35.7353
      29      38.1209
      30      37.8241
      31      40.2626
      32      39.5674
      33      38.9384
      34      41.5146
      35      44.8153
      36      44.4123
      37      43.9697
      38      41.2336
      39      43.1731
      40      45.9233
      41      45.8391
      42      51.3946
      43      47.4866
      44      42.7955
      45      40.1164
      46      43.1574
      47      45.7636
      48      49.7342
      49      51.3456
      50      48.2606
      51      47.0985
      52      46.1446
      53      45.8543
      54      50.9122
      55      53.0426
      56      46.4831
      57      43.3218
      58      38.9935
      59      39.3166
      60      47.0846
      61      50.5294
      62      56.8009
      63      53.8255
      64      49.8172
      65      51.9094
      66      47.5231
      67      46.8274
      68      47.8655
      69      46.2149
      70      51.9046
      71      52.3295
      72      48.7938
      73      50.4136
      74      44.8764
      75      47.2171
      76      42.9392
      77      42.4852
      78      40.5817
      79      41.0017
      80      43.4520
      81      44.6879
      82      41.7781
      83      42.4005
      84      46.8835
      85      46.1273
      86      44.7766
      87      42.4106
      88      44.8728
      89      43.3357
      90      44.9863
      91      48.7534
      92      51.5881
      93      49.4214
      94      44.4869
      95      49.0259
      96      51.6405
      97      53.9639
      98      51.6768
      99      49.3160
     100      46.7616
     101      48.2360
     102      53.3349
     103      53.5729
     104      52.3075
     105      51.3224
     106      52.8209
     107      51.6546
     108      53.1287
     109      49.4078
     110      53.7104
     111      50.6021
     112      51.8003
     113      53.8629
     114      52.4571
     115      49.2538
     116      50.5332
     117      48.3688
     118      46.3487
     119      50.3816
     120      47.0386
     121      43.9587
     122      43.1115
     123      41.6440
     124      50.7878
     125      48.1942
     126      44.0291
     127      41.1361
     128      44.7305
     129      47.3527
     130      52.2679
     131      51.5575
     132      47.3838
     133      48.8312
     134      47.2733
     135      45.4522
     136      46.1793
     137      47.6276
     138      44.8169
     139      38.7893
     140      42.4938
     141      44.3874
     142      40.7386
     143      39.8925
     144      46.9795
     145      52.5112
     146      48.3862
     147      42.1120
     148      50.8008
     149      41.9775
     150      42.5794
     151      44.0826
     152      42.8647
     153      39.9750
     154      43.3203
     155      46.0480
     156      47.9262
     157      44.9107
     158      40.5084
     159      45.2777
     160      47.4157
     161      47.8307
     162      50.1598
     163      51.9148
     164      51.6607
     165      48.1397
     166      47.6434
     167      50.5918
     168      50.4859
     169      51.5642
     170      54.1304
     171      52.5728
     172      53.5551
     173      53.1914
     174      55.3451
     175      48.7593
     176      54.0798
     177      52.9792
     178      57.1422
     179      53.6180
     180      48.3833
     181      47.0231
     182      45.5444
     183      50.3573
     184      45.9869
     185      49.6581
     186      50.8689
     187      56.3798
     188      56.8283
     189      59.2048
     190      55.9471
     191      53.8146
     192      52.1429
     193      45.9330
     194      48.7219
     195      47.7180
     196      53.7311
     197      47.1741
     198      50.7066
     199      52.9269
     200      51.8589
     201      50.3773
     202      50.7610
     203      50.6465
     204      53.9070
     205      55.1775
     206      52.7180
     207      50.4846
     208      54.1182
     209      52.6988
     210      49.7679
     211      52.9454
     212      60.3543
     213      56.5137
     214      57.0325
     215      55.3480
     216      50.7173
     217      48.7983
     218      43.9535
     219      38.9929
     220      41.9870
     221      42.3298
     222      43.6406
     223      42.4228
     224      39.6425
     225      44.5989
     226      41.3490
     227      40.2456
     228      39.8132
     229      39.1014
     230      38.8048
     231      38.0881
     232      37.3932
     233      42.7995
     234      39.3464
     235      41.5423
     236      36.4776
     237      40.1153
     238      47.0838
     239      48.2023
     240      46.1239
     241      46.9522
     242      53.9633
     243      58.6861
     244      54.2487
     245      54.4932
     246      58.0974
     247      53.6383
     248      49.2757
     249      46.4015
     250      44.8746
     251      51.7756
     252      52.4536
     253      52.1605
     254      50.6381
     255      50.9772
     256      53.9956
     257      54.4055
     258      53.5389
     259      47.2065
     260      52.9980
     261      44.1362
     262      37.7728
     263      39.1353
     264      41.4330
     265      45.7677
     266      44.5345
     267      48.4012
     268      48.6893
     269      52.7817
     270      52.9486
     271      49.8598
     272      54.0062
     273      53.2324
     274      51.1367
     275      48.3203
     276      43.8882
     277      40.6434
     278      37.2218
     279      38.4457
     280      44.8444
     281      40.8477
     282      42.9645
     283      47.2633
     284      45.0136
     285      35.6653
     286      37.1781
     287      35.5217
     288      45.6670
     289      44.6980
     290      48.5101
     291      50.8785
     292      55.7691
     293      56.1982
     294      60.1388
     295      53.5150
     296      46.1854
     297      44.6416
     298      48.7877
     299      51.2352
     300      52.0059
     301      55.5462
     302      56.7025
     303      54.8332
     304      49.8223
     305      43.3664
     306      40.1672
     307      44.5066
     308      47.0097
     309      48.7581
     310      50.7156
     311      53.8141
     312      54.3408
     313      52.2230
     314      50.0262
     315      53.4129
     316      48.0654
     317      41.3969
     318      49.6844
     319      53.7617
     320      51.2680
     321      50.6012
     322      50.4780
     323      49.7737
     324      52.3995
     325      49.0625
     326      50.3824
     327      51.3407
     328      54.0284
     329      53.4821
     330      49.5543
     331      49.3241
     332      47.2255
     333      47.8338
     334      50.2281
     335      49.2677
     336      53.0353
     337      53.6626
     338      54.1177
     339      59.5703
     340      55.7994
     341      52.5359
     342      54.2110
     343      57.7270
     344      56.0632
     345      55.1419
     346      46.8040
     347      49.7136
     348      49.2026
     349      47.1779
     350      40.0133
     351      38.6794
     352      44.2580
     353      49.3014
     354      55.9152
     355      53.4840
     356      50.4080
     357      49.4091
     358      48.6313
     359      53.8792
     360      51.6477
     361      49.3852
     362      55.6451
     363      54.2656
     364      56.8468
     365      55.7888
     366      46.2082
     367      45.7201
     368      45.1930
     369      44.7000
     370      44.6967
     371      51.9338
     372      48.6456
     373      49.9881
     374      53.3533
     375      47.7176
     376      44.0128
     377      45.6779
     378      45.7469
     379      44.2037
     380      45.3170
     381      42.7334
     382      46.1353
     383      51.1437
     384      49.6096
     385      48.9746
     386      46.7229
     387      49.1235
     388      50.6239
     389      47.9343
     390      47.3623
     391      51.5705
     392      48.5599
     393      48.9736
     394      44.3702
     395      42.6804
     396      42.6956
     397      41.4462
     398      42.6760
     399      44.2694
     400      44.6171
     401      45.9293
     402      48.7366
     403      52.1114
     404      53.0506
     405      47.9370
     406      46.3393
     407      42.8997
     408      45.7851
     409      45.6765
     410      46.8225
     411      43.7162
     412      40.1478
     413      41.9682
     414      40.8986
     415      46.7089
     416      48.2370
     417      42.5246
     418      41.0081
     419      41.8098
     420      35.4342
     421      37.1129
     422      40.6815
     423      43.1775
     424      45.0701
     425      47.8322
     426      53.2885
     427      54.1014
     428      52.5411
     429      47.3740
     430      48.1745
     431      52.0043
     432      56.1413
     433      54.5776
     434      58.7170
     435      54.2887
     436      52.8348
     437      46.8563
     438      48.1215
     439      51.7761
     440      54.5890
     441      52.5156
     442      51.1364
     443      48.2094
     444      43.6986
     445      42.9415
     446      44.5921
     447      47.5322
     448      45.1845
     449      46.6367
     450      42.2573
     451      44.9474
     452      45.1623
     453      45.6321
     454      44.8167
     455      41.0509
     456      41.2583
     457      47.4280
     458      45.4106
     459      39.6354
     460      47.5406
     461      51.5740
     462      48.7725
     463      48.1616
     464      48.8265
     465      48.1129
     466      47.4577
     467      48.8706
     468      53.6023
     469      52.2202
     470      54.7994
     471      47.6320
     472      48.7635
     473      53.0054
     474      59.0888
     475      58.1950
     476      56.4666
     477      53.5213
     478      41.9498
     479      45.4375
     480      46.9304
     481      43.8443
     482      47.3141
     483      43.4825
     484      45.6913
     485      44.2464
     486      50.4865
     487      42.8143
     488      44.0479
     489      48.3410
     490      47.3745
     491      46.9154
     492      49.0634
     493      52.0943
     494      56.6720
     495      50.9647
     496      54.6900
     497      46.1974
     498      42.1581
     499      42.4201
     500      47.8161
     501      48.0707
     502      50.6842
     503      46.5877
     504      44.7700
     505      48.9727
     506      49.3331
     507      50.2793
     508      44.3727
     509      48.0578
     510      49.4603
     511      47.3578
     512      47.4573
     513      51.5290
     514      51.2249
     515      51.3734
     516      48.4761
     517      48.9279
     518      41.0329
     519      43.1099
     520      43.5128
     521      42.1796
     522      46.8794
     523      49.9168
     524      51.1542
     525      51.7731
     526      41.0234
     527      44.8129
     528      45.1587
     529      42.6567
     530      51.7677
     531      50.4025
     532      47.8608
     533      47.7987
     534      48.1029
     535      43.5781
     536      47.0185
     537      46.3081
     538      41.7411
     539      42.6804
     540      38.1091
     541      46.9728
     542      46.4394
     543      49.4186
     544      55.7423
     545      49.8209
     546      48.2156
     547      48.5444
     548      48.3040
     549      52.2768
     550      58.9239
     551      54.8504
     552      53.2172
     553      48.5527
     554      50.1943
     555      49.4630
     556      49.2923
     557      50.7077
     558      55.7020
     559      58.0641
     560      54.8856
     561      52.3807
     562      52.3217
     563      53.2765
     564      51.0619
     565      49.2472
     566      49.0769
     567      49.9251
     568      52.2167
     569      51.4849
     570      57.1069
     571      63.0065
     572      58.1467
     573      59.3932
     574      65.4842
     575      60.8750
     576      58.1706
     577      54.9639
     578      55.2291
     579      55.7210
     580      52.8484
     581      55.3922
     582      50.4490
     583      49.8619
     584      50.3120
     585      50.7297
     586      50.1056
     587      55.1048
     588      58.9878
     589      52.7814
     590      49.8740
     591      50.3690
     592      46.1380
     593      45.8819
     594      41.0519
     595      45.5107
     596      43.6707
     597      39.9117
     598      42.1213
     599      48.1256
     600      47.9937
     601      49.2684
     602      51.3789
     603      53.3744
     604      51.5509
     605      51.8724
     606      51.6525
     607      50.0381
     608      54.0451
     609      59.4030
     610      57.4547
     611      57.4447
     612      59.5981
     613      56.0883
     614      55.9991
     615      53.3484
     616      54.0504
     617      55.6713
     618      54.9980
     619      51.7084
     620      51.1123
     621      50.4938
     622      51.4402
     623      51.7642
     624      47.4167
     625      48.2589
     626      46.6926
     627      48.0786
     628      48.4944
     629      47.5659
     630      53.7953
     631      53.7825
     632      56.9848
     633      53.6573
     634      52.1929
     635      50.4222
     636      51.3864
     637      49.7606
     638      49.3584
     639      50.9211
     640      49.2513
     641      48.8487
     642      50.3042
     643      46.2896
     644      51.9539
     645      51.5890
     646      52.9329
     647      53.6810
     648      52.6922
     649      55.3246
     650      52.7591
     651      44.9520
     652      48.8242
     653      48.5510
     654      49.3293
     655      50.2115
     656      50.1255
     657      52.9238
     658      53.3754
     659      55.0556
     660      51.1198
     661      51.3568
     662      48.6981
     663      51.4506
     664      56.1252
     665      54.2410
     666      51.1824
     667      55.0277
     668      49.3697
     669      55.6483
     670      52.2918
     671      56.5579
     672      47.1881
     673      45.7589
     674      49.7754
     675      52.5043
     676      58.0754
     677      51.1558
     678      53.6143
     679      56.8390
     680      55.1306
     681      55.6422
     682      54.7128
     683      55.6316
     684      49.2427
     685      45.5897
     686      49.0409
     687      46.9614
     688      47.4933
     689      54.8056
     690      51.8578
     691      46.2239
     692      44.6683
     693      50.8792
     694      55.5783
     695      55.3626
     696      56.0304
     697      55.1285
     698      57.1804
     699      58.8539
     700      60.0479
     701      53.6953
     702      51.9707
     703      53.1382
     704      50.1707
     705      51.7876
     706      52.6572
     707      48.9677
     708      50.4614
     709      44.9211
     710      43.7680
     711      44.9742
     712      49.7834
     713      55.0224
     714      53.4607
     715      51.0868
     716      51.9257
     717      46.9430
     718      51.6914
     719      50.6983
     720      51.5028
     721      50.3660
     722      44.3760
     723      42.2367
     724      42.9546
     725      39.3858
     726      39.2797
     727      40.0419
     728      41.6346
     729      39.6725
     730      47.0784
     731      46.6305
     732      47.8085
     733      44.1778
     734      49.0868
     735      50.7169
     736      47.0130
     737      46.7007
     738      50.4799
     739      48.1201
     740      51.1617
     741      49.8069
     742      46.5430
     743      46.8505
     744      45.0727
     745      50.6877
     746      50.8782
     747      49.9203
     748      45.7783
     749      48.3726
     750      46.3366
     751      47.3368
     752      46.9368
     753      49.3176
     754      48.7935
     755      49.1408
     756      51.8243
     757      51.1365
     758      51.6115
     759      55.3740
     760      48.7816
     761      47.6112
     762      47.3483
     763      42.6393
     764      43.6790
     765      43.5637
     766      45.6493
     767      49.7231
     768      45.1891
     769      50.1825
     770      50.5319
     771      50.6571
     772      45.5105
     773      47.5645
     774      48.1595
     775      55.4231
     776      57.9437
     777      58.3841
     778      56.2930
     779      52.2732
     780      51.3353
     781      53.2154
     782      53.4381
     783      50.1588
     784      50.4088
     785      56.4250
     786      61.2556
     787      55.5284
     788      62.3438
     789      62.1738
     790      58.4142
     791      50.9333
     792      52.1285
     793      53.2318
     794      51.7658
     795      51.2543
     796      49.7907
     797      46.3285
     798      45.8416
     799      47.7216
     800      46.3862
     801      50.9523
     802      54.2462
     803      47.8728
     804      44.1172
     805      40.7568
     806      40.8605
     807      46.1913
     808      46.7118
     809      50.7772
     810      41.8530
     811      44.6324
     812      41.7245
     813      39.2934
     814      37.9977
     815      38.0475
     816      43.2365
     817      42.0052
     818      39.5051
     819      36.1031
     820      43.4598
     821      45.2472
     822      42.2997
     823      48.8050
     824      48.3600
     825      50.6891
     826      52.4860
     827      49.8284
     828      49.9921
     829      52.0526
     830      51.3774
     831      56.6107
     832      52.3610
     833      46.7084
     834      44.7023
     835      44.7102
     836      51.7616
     837      52.3339
     838      53.1342
     839      53.8699
     840      55.0169
     841      52.8233
     842      54.9658
     843      57.2800
     844      53.5610
     845      54.2871
     846      57.5591
     847      63.2083
     848      57.1671
     849      55.7514
     850      55.4608
     851      50.2445
     852      49.7857
     853      50.4962
     854      52.3479
     855      52.1269
     856      48.7996
     857      56.9136
     858      60.8545
     859      60.4976
     860      57.6778
     861      47.6114
     862      50.0079
     863      50.4443
     864      49.7330
     865      53.3466
     866      48.6863
     867      51.0753
     868      44.0113
     869      45.2056
     870      51.1997
     871      53.4036
     872      53.5717
     873      54.2434
     874      52.1377
     875      49.5329
     876      52.8567
     877      53.8823
     878      51.5855
     879      47.9073
     880      48.0040
     881      45.0514
     882      39.8621
     883      41.8815
     884      39.3580
     885      44.1620
     886      42.7416
     887      44.1709
     888      43.1846
     889      47.6872
     890      46.4150
     891      46.9106
     892      44.9448
     893      49.8222
     894      49.7760
     895      47.2514
     896      44.3143
     897      40.2556
     898      33.9466
     899      35.3608
     900      32.3729
     901      38.8922
     902      41.7509
     903      41.2484
     904      50.5943
     905      46.6102
     906      46.6058
     907      48.6690
     908      43.0584
     909      42.1481
     910      43.6856
     911      45.3676
     912      42.4947
     913      39.8020
     914      40.4903
     915      47.0612
     916      48.8641
     917      51.2657
     918      52.1208
     919      52.4698
     920      49.9128
     921      51.9630
     922      50.2917
     923      44.7385
     924      47.2060
     925      50.3581
     926      52.1374
     927      49.8639
     928      46.2969
     929      49.5264
     930      47.5743
     931      51.6060
     932      56.2130
     933      59.7790
     934      57.6277
     935      50.1635
     936      49.5317
     937      54.4885
     938      53.2499
     939      49.4533
     940      52.6359
     941      51.5204
     942      53.2373
     943      50.9115
     944      49.6720
     945      50.9110
     946      58.7895
     947      64.0783
     948      69.0325
     949      76.3787
     950      70.7975
     951      70.6643
     952      68.5724
     953      69.3603
     954      66.9118
     955      68.4497
     956      64.3113
     957      60.4694
     958      55.6630
     959      52.7376
     960      50.9188
     961      46.9736
     962      45.5387
     963      48.4053
     964      46.8243
     965      49.2489
     966      42.6344
     967      37.1980
     968      40.9384
     969      42.5812
     970      45.7387
     971      53.8747
     972      54.6606
     973      51.1287
     974      49.2377
     975      53.2517
     976      54.1662
     977      50.4258
     978      46.4013
     979      50.9561
     980      55.7082
     981      54.4185
     982      51.2794
     983      52.0358
     984      45.6707
     985      47.1462
     986      47.0565
     987      48.0757
     988      46.2195
     989      52.9562
     990      50.6516
     991      49.4696
     992      43.6633
     993      47.1262
     994      44.7536
     995      51.2882
     996      47.0447
     997      52.9330
     998      48.6640
     999      49.9815
    1000      45.7297
    1001      49.4808
    1002      51.7895
    1003      51.4396
    1004      51.5230
    1005      51.5685
    1006      50.9119
    1007      48.5146
    1008      52.5142
    1009      51.0640
    1010      48.8415
    1011      46.4914
    1012      49.1276
    1013      52.2118
    1014      53.6065
    1015      53.3243
    1016      48.1515
    1017      44.6428
    1018      45.1158
    1019      47.4112
    1020      47.8706
    1021      46.7890
    1022      50.3148
    1023      44.6835
    1024      50.8518
    1025      45.5430
    1026      48.5732
    1027      50.7856
    1028      55.4515
    1029      53.5832
    1030      55.2562
    1031      57.9088
    1032      51.3007
    1033      52.9297
    1034      56.2177
    1035      57.6982
    1036      52.6049
    1037      49.2820
    1038      51.7516
    1039      53.3651
    1040      55.8317
    1041      50.1182
    1042      41.9063
    1043      43.1368
    1044      46.5082
    1045      51.7057
    1046      48.2358
    1047      45.9624
    1048      46.5267
    1049      42.0607
    1050      48.1556
    1051      50.1031
    1052      54.0858
    1053      53.3418
    1054      54.6766
    1055      49.9633
    1056      52.1337
    1057      48.7881
    1058      51.8629
    1059      56.2158
    1060      56.4905
    1061      55.3954
    1062      52.2019
    1063      45.6284
    1064      46.1526
    1065      46.9276
    1066      47.3296
    1067      42.0452
    1068      44.2846
    1069      47.8758
    1070      50.6684
    1071      49.4478
    1072      45.8324
    1073      47.7911
    1074      50.9836
    1075      51.8150
    1076      52.7513
    1077      57.3095
    1078      53.2760
    1079      56.4422
    1080      55.7888
    1081      49.8345
    1082      45.9238
    1083      44.4063
    1084      40.6330
    1085      41.1272
    1086      45.8260
    1087      44.6782
    1088      46.2026
    1089      41.6987
    1090      45.8875
    1091      47.1127
    1092      49.9338
    1093      46.8177
    1094      41.2776
    1095      44.7987
    1096      44.8596
    1097      46.3378
    1098      44.8049
    1099      43.0205
    1100      47.9338
    1101      49.2889
    1102      49.6847
    1103      47.8150
    1104      47.0644
    1105      49.7961
    1106      47.0852
    1107      46.9004
    1108      48.5408
    1109      51.3439
    1110      47.3150
    1111      41.7248
    1112      34.1175
    1113      40.3641
    1114      43.8860
    1115      39.3067
    1116      38.6305
    1117      40.2618
    1118      44.2355
    1119      44.8418
    1120      46.8807
    1121      45.8703
    1122      46.3422
    1123      44.8309
    1124      44.8493
    1125      44.3593
    1126      45.3833
    1127      44.0495
    1128      50.2338
    1129      49.7460
    1130      46.8552
    1131      52.2206
    1132      51.8686
    1133      49.7597
    1134      51.0902
    1135      46.8455
    1136      48.5176
    1137      47.0197
    1138      48.0815
    1139      50.0636
    1140      49.4853
    1141      52.1691
    1142      51.1525
    1143      50.6794
    1144      43.7657
    1145      42.7648
    1146      46.6110
    1147      46.2583
    1148      44.8501
    1149      44.1429
    1150      44.1649
    1151      37.6135
    1152      36.0924
    1153      40.2247
    1154      45.0279
    1155      47.7330
    1156      51.7719
    1157      46.2427
    1158      42.7680
    1159      46.0746
    1160      50.2619
    1161      51.2859
    1162      54.6556
    1163      58.6449
    1164      58.5969
    1165      59.0116
    1166      66.4690
    1167      60.4257
    1168      60.6242
    1169      53.1750
    1170      51.8337
    1171      55.5587
    1172      54.9770
    1173      50.6258
    1174      50.4309
    1175      49.8858
    1176      55.5121
    1177      53.0590
    1178      52.0826
    1179      49.5614
    1180      44.7919
    1181      48.8218
    1182      50.5466
    1183      50.4827
    1184      44.3508
    1185      46.3063
    1186      45.0092
    1187      49.7892
    1188      51.4260
    1189      51.2335
    1190      49.2218
    1191      48.9147
    1192      50.5553
    1193      51.5231
    1194      53.8698
    1195      54.3632
    1196      51.2959
    1197      49.2773
    1198      54.9700
    1199      55.2190
    1200      52.6265
    1201      53.1703
    1202      48.5692
    1203      42.9192
    1204      42.4843
    1205      45.6827
    1206      46.0594
    1207      53.4147
    1208      57.2649
    1209      55.5360
    1210      58.6089
    1211      49.6399
    1212      48.7126
    1213      52.7866
    1214      52.5017
    1215      54.9664
    1216      55.2533
    1217      53.0357
    1218      48.0947
    1219      46.9647
    1220      52.5531
    1221      52.5561
    1222      50.8216
    1223      57.3886
    1224      54.2097
    1225      46.8071
    1226      51.6527
    1227      54.5953
    1228      53.2389
    1229      47.5891
    1230      45.9682
    1231      45.0147
    1232      40.5800
    1233      45.4391
    1234      47.8465
    1235      50.6939
    1236      43.3673
    1237      43.6045
    1238      48.4044
    1239      44.0795
    1240      45.5898
    1241      49.4116
    1242      50.0980
    1243      48.3600
    1244      47.7437
    1245      48.0089
    1246      44.8031
    1247      48.3211
    1248      49.1779
    1249      52.5393
    1250      43.9192
    1251      45.1697
    1252      49.9409
    1253      45.4613
    1254      46.0272
    1255      45.9971
    1256      47.0291
    1257      49.3471
    1258      55.5305
    1259      53.3528
    1260      53.1482
    1261      50.9383
    1262      48.1149
    1263      48.5165
    1264      47.9440
    1265      47.4594
    1266      45.4290
    1267      43.5033
    1268      49.4102
    1269      50.6695
    1270      45.5365
    1271      45.3655
    1272      46.7739
    1273      56.8753
    1274      57.9814
    1275      57.4504
    1276      55.4880
    1277      51.1534
    1278      49.4380
    1279      53.1316
    1280      53.5786
    1281      56.7514
    1282      59.1631
    1283      50.6463
    1284      45.5192
    1285      48.8261
    1286      42.0179
    1287      40.4996
    1288      46.7605
    1289      44.9320
    1290      40.9554
    1291      41.4014
    1292      40.4444
    1293      43.6364
    1294      39.4701
    1295      43.9237
    1296      45.1153
    1297      45.7598
    1298      43.8265
    1299      48.3913
    1300      45.1221
    1301      43.8905
    1302      38.7253
    1303      42.4342
    1304      46.1531
    1305      46.8042
    1306      46.2075
    1307      43.2161
    1308      45.7214
    1309      44.7105
    1310      42.3734
    1311      49.9149
    1312      45.0729
    1313      44.1855
    1314      42.9298
    1315      45.0548
    1316      40.6386
    1317      42.8687
    1318      37.9329
    1319      46.2804
    1320      45.8409
    1321      46.6750
    1322      46.8695
    1323      48.5170
    1324      47.7009
    1325      47.4564
    1326      41.3705
    1327      40.7412
    1328      42.8343
    1329      36.1388
    1330      41.5092
    1331      41.8076
    1332      45.8074
    1333      45.3642
    1334      46.7208
    1335      48.4080
    1336      46.3627
    1337      44.0783
    1338      51.8123
    1339      51.5491
    1340      47.7546
    1341      47.3706
    1342      48.5420
    1343      51.6692
    1344      50.3561
    1345      44.3276
    1346      43.8520
    1347      44.5516
    1348      45.5107
    1349      36.4540
    1350      36.4302
    1351      39.4457
    1352      44.1528
    1353      42.3405
    1354      41.0617
    1355      43.1428
    1356      40.9326
    1357      36.7971
    1358      41.6747
    1359      41.9478
    1360      41.4963
    1361      41.3324
    1362      43.4323
    1363      44.5477
    1364      50.3686
    1365      48.0624
    1366      39.5917
    1367      42.2657
    1368      47.5304
    1369      45.6107
    1370      42.4421
    1371      42.6247
    1372      48.0228
    1373      45.7868
    1374      40.7576
    1375      51.3251
    1376      52.7090
    1377      48.7042
    1378      46.0692
    1379      43.4719
    1380      48.3972
    1381      49.1074
    1382      51.3520
    1383      48.0106
    1384      54.6988
    1385      56.0809
    1386      58.3272
    1387      53.9288
    1388      56.2555
    1389      54.2060
    1390      56.5104
    1391      52.4302
    1392      49.7106
    1393      46.5449
    1394      54.8689
    1395      55.3236
    1396      59.2071
    1397      57.8890
    1398      59.4990
    1399      60.3809
    1400      61.0159
    1401      57.1769
    1402      55.6160
    1403      48.6513
    1404      45.5675
    1405      45.4206
    1406      45.8669
    1407      49.0110
    1408      46.8619
    1409      53.6394
    1410      52.9455
    1411      50.9398
    1412      47.4098
    1413      50.4173
    1414      50.4935
    1415      53.0151
    1416      48.7809
    1417      47.7311
    1418      48.4755
    1419      50.5468
    1420      54.5137
    1421      48.9352
    1422      48.7303
    1423      52.9229
    1424      56.2422
    1425      56.1518
    1426      53.5885
    1427      50.1523
    1428      52.6346
    1429      51.9750
    1430      50.7783
    1431      55.0575
    1432      55.8747
    1433      50.8384
    1434      48.6180
    1435      48.7127
    1436      44.1120
    1437      42.8994
    1438      44.9445
    1439      40.2232
    1440      46.2886
    1441      47.1535
    1442      43.1582
    1443      40.8801
    1444      44.6951
    1445      40.3128
    1446      39.3436
    1447      43.5097
    1448      41.3998
    1449      37.6945
    1450      36.3016
    1451      38.2998
    1452      40.7162
    1453      38.4403
    1454      46.2034
    1455      42.9538
    1456      42.9485
    1457      49.5433
    1458      54.1753
    1459      51.1403
    1460      47.9093
    1461      49.7562
    1462      54.6387
    1463      57.7115
    1464      55.3371
    1465      52.8143
    1466      47.3119
    1467      42.9671
    1468      46.5515
    1469      45.0844
    1470      43.1158
    1471      45.8969
    1472      51.3859
    1473      50.6574
    1474      48.9358
    1475      50.1844
    1476      46.9283
    1477      45.8885
    1478      54.7016
    1479      53.7653
    1480      49.8230
    1481      50.6578
    1482      53.0892
    1483      49.7358
    1484      47.1920
    1485      52.2625
    1486      48.8966
    1487      49.3470
    1488      49.4264
    1489      49.2615
    1490      44.9158
    1491      46.3664
    1492      48.7323
    1493      49.7008
    1494      56.2906
    1495      52.9484
    1496      46.2909
    1497      49.6998
    1498      50.0927
    1499      48.5748
    1500      50.4114
    1501      44.2891
    1502      51.2923
    1503      50.2004
    1504      52.4248
    1505      53.8983
    1506      58.9787
    1507      59.0609
    1508      61.1293
    1509      57.1617
    1510      62.7931
    1511      57.3292
    1512      57.4711
    1513      58.1870
    1514      53.6452
    1515      61.2529
    1516      62.2676
    1517      63.3318
    1518      60.6440
    1519      65.3181
    1520      62.6337
    1521      59.0787
    1522      63.9811
    1523      60.6506
    1524      66.1568
    1525      66.1598
    1526      61.4000
    1527      64.3995
    1528      59.7111
    1529      57.9985
    1530      53.4727
    1531      56.7372
    1532      55.9664
    1533      50.6722
    1534      52.5573
    1535      56.2780
    1536      55.0906
    1537      50.4508
    1538      53.9209
    1539      57.1732
    1540      58.5920
    1541      57.0152
    1542      62.2433
    1543      61.4724
    1544      61.2590
    1545      63.2597
    1546      58.2750
    1547      49.6397
    1548      51.1224
    1549      49.2114
    1550      52.4862
    1551      53.9306
    1552      49.2223
    1553      50.1257
    1554      52.8579
    1555      53.5249
    1556      51.3112
    1557      51.2000
    1558      49.2236
    1559      44.5469
    1560      49.1613
    1561      49.2780
    1562      48.4452
    1563      47.4172
    1564      46.9227
    1565      43.0876
    1566      52.1998
    1567      54.2107
    1568      49.8229
    1569      48.9102
    1570      49.7239
    1571      51.1186
    1572      56.7466
    1573      58.3208
    1574      62.1669
    1575      60.8487
    1576      58.5976
    1577      60.0222
    1578      60.3804
    1579      58.2904
    1580      52.7674
    1581      55.3875
    1582      52.4965
    1583      54.2401
    1584      49.0514
    1585      49.5849
    1586      52.4833
    1587      51.2649
    1588      44.3606
    1589      44.4692
    1590      47.2942
    1591      54.0741
    1592      53.5677
    1593      54.6442
    1594      53.9679
    1595      51.7552
    1596      54.7321
    1597      52.5866
    1598      54.2660
    1599      53.2227
    1600      45.6626
    1601      48.6831
    1602      44.4883
    1603      48.2805
    1604      48.9534
    1605      49.1941
    1606      48.5042
    1607      49.7270
    1608      49.4847
    1609      44.3190
    1610      48.0589
    1611      45.9951
    1612      49.3119
    1613      48.6741
    1614      49.2827
    1615      47.9005
    1616      47.7692
    1617      45.9113
    1618      46.3247
    1619      41.9786
    1620      42.8150
    1621      38.4342
    1622      37.0593
    1623      34.6710
    1624      38.2091
    1625      38.3565
    1626      46.8734
    1627      53.3064
    1628      47.6382
    1629      46.7851
    1630      43.9742
    1631      44.6784
    1632      43.9993
    1633      42.6372
    1634      46.8325
    1635      44.0396
    1636      40.1650
    1637      40.0671
    1638      40.0174
    1639      40.6088
    1640      50.1551
    1641      49.3021
    1642      41.5403
    1643      45.8319
    1644      53.9574
    1645      56.6394
    1646      49.6921
    1647      50.1308
    1648      48.2359
    1649      41.3259
    1650      46.7556
    1651      50.6198
    1652      50.8194
    1653      49.6401
    1654      51.8639
    1655      42.4908
    1656      44.8910
    1657      44.2022
    1658      48.2673
    1659      48.5715
    1660      48.8057
    1661      50.6215
    1662      48.4042
    1663      48.0188
    1664      38.3549
    1665      38.9084
    1666      39.6052
    1667      41.0065
    1668      42.1204
    1669      43.1080
    1670      47.4464
    1671      49.0359
    1672      46.7331
    1673      44.6927
    1674      37.6862
    1675      42.2735
    1676      45.5169
    1677      44.8090
    1678      39.1761
    1679      41.2893
    1680      41.4346
    1681      48.7077
    1682      42.5823
    1683      40.4851
    1684      37.7461
    1685      37.8741
    1686      39.4175
    1687      41.7341
    1688      45.0675
    1689      41.0940
    1690      40.2982
    1691      42.5343
    1692      45.4952
    1693      44.8466
    1694      49.2345
    1695      49.3498
    1696      48.6868
    1697      45.9812
    1698      48.3624
    1699      47.0301
    1700      49.1745
    1701      47.5565
    1702      46.5424
    1703      46.8872
    1704      49.3390
    1705      52.4318
    1706      50.7742
    1707      48.0116
    1708      45.5673
    1709      42.9510
    1710      43.9911
    1711      39.2936
    1712      42.5103
    1713      43.4516
    1714      44.8467
    1715      46.8982
    1716      45.9078
    1717      43.0922
    1718      49.1609
    1719      49.9729
    1720      48.3858
    1721      44.4417
    1722      45.9926
    1723      51.2660
    1724      51.6803
    1725      54.0281
    1726      55.8175
    1727      54.8997
    1728      52.4559
    1729      50.2867
    1730      49.2242
    1731      50.8609
    1732      48.5619
    1733      46.8980
    1734      49.4889
    1735      47.9400
    1736      54.5025
    1737      58.6662
    1738      57.1814
    1739      56.8601
    1740      55.7809
    1741      53.6081
    1742      45.5822
    1743      48.5457
    1744      47.6428
    1745      48.4162
    1746      49.2976
    1747      53.6962
    1748      51.8453
    1749      48.4119
    1750      49.7026
    1751      49.2466
    1752      48.6726
    1753      46.7794
    1754      47.0755
    1755      45.3011
    1756      46.4266
    1757      44.7281
    1758      48.7168
    1759      47.8147
    1760      50.2387
    1761      50.0138
    1762      50.3305
    1763      47.8928
    1764      49.6969
    1765      52.0302
    1766      50.8830
    1767      46.6510
    1768      45.3725
    1769      44.9802
    1770      52.8658
    1771      55.0730
    1772      55.7464
    1773      61.9187
    1774      59.2951
    1775      61.0786
    1776      58.2074
    1777      61.7709
    1778      60.5782
    1779      59.4382
    1780      48.9888
    1781      53.0057
    1782      50.2894
    1783      57.4737
    1784      56.0734
    1785      53.0984
    1786      53.7775
    1787      54.3807
    1788      51.1269
    1789      50.9373
    1790      54.2171
    1791      55.7028
    1792      56.5608
    1793      54.4738
    1794      55.2732
    1795      54.6091
    1796      54.0695
    1797      53.5835
    1798      53.6604
    1799      48.3525
    1800      49.1213
    1801      47.3046
    1802      53.1953
    1803      54.6428
    1804      47.5319
    1805      44.4951
    1806      43.7599
    1807      41.4756
    1808      41.9094
    1809      44.1435
    1810      47.5120
    1811      45.2973
    1812      55.7352
    1813      57.8115
    1814      57.1999
    1815      51.7640
    1816      49.7021
    1817      50.0222
    1818      44.4318
    1819      46.1003
    1820      52.2672
    1821      50.3808
    1822      44.6229
    1823      44.7016
    1824      43.6608
    1825      44.8551
    1826      42.7802
    1827      38.6058
    1828      36.9113
    1829      40.6859
    1830      41.0283
    1831      38.0910
    1832      36.5587
    1833      45.0704
    1834      43.4513
    1835      44.7208
    1836      44.2710
    1837      47.5333
    1838      54.0910
    1839      52.6350
    1840      51.3107
    1841      48.3850
    1842      45.6393
    1843      41.8210
    1844      45.7991
    1845      44.9575
    1846      39.4423
    1847      42.1485
    1848      43.9547
    1849      41.5133
    1850      50.8238
    1851      45.5375
    1852      43.5548
    1853      43.4329
    1854      40.4420
    1855      42.9209
    1856      44.3867
    1857      39.9205
    1858      43.9628
    1859      44.2871
    1860      50.4469
    1861      44.7847
    1862      41.5404
    1863      44.0326
    1864      48.4383
    1865      48.1347
    1866      48.4238
    1867      48.4007
    1868      49.7438
    1869      43.7247
    1870      47.3749
    1871      44.6319
    1872      45.4051
    1873      43.5692
    1874      46.4467
    1875      46.9443
    1876      46.6107
    1877      48.0496
    1878      46.2861
    1879      50.9158
    1880      52.4058
    1881      51.1089
    1882      45.9148
    1883      47.2007
    1884      45.8024
    1885      48.1365
    1886      45.0552
    1887      39.8715
    1888      42.3876
    1889      44.2024
    1890      49.9099
    1891      48.2693
    1892      46.5295
    1893      47.3667
    1894      48.5647
    1895      52.6729
    1896      47.5133
    1897      46.1649
    1898      46.8290
    1899      52.6288
    1900      49.6731
    1901      45.6648
    1902      43.7122
    1903      44.7840
    1904      42.4539
    1905      46.0794
    1906      47.0366
    1907      41.6429
    1908      37.3224
    1909      37.9216
    1910      40.7448
    1911      40.0499
    1912      34.5924
    1913      40.7728
    1914      43.3965
    1915      39.2353
    1916      40.0910
    1917      39.3586
    1918      41.0761
    1919      47.4000
    1920      49.1351
    1921      47.8522
    1922      50.7075
    1923      47.9515
    1924      49.9510
    1925      49.5985
    1926      47.3058
    1927      50.0552
    1928      50.2855
    1929      46.5887
    1930      48.7453
    1931      48.4137
    1932      48.3469
    1933      46.8758
    1934      49.7574
    1935      49.4607
    1936      45.9118
    1937      52.0909
    1938      56.7096
    1939      49.3360
    1940      48.1888
    1941      51.2924
    1942      47.3758
    1943      46.0799
    1944      45.5471
    1945      51.0570
    1946      51.6314
    1947      54.7519
    1948      51.2649
    1949      49.7809
    1950      53.7295
    1951      55.5534
    1952      56.1408
    1953      55.4538
    1954      50.0469
    1955      47.1161
    1956      50.1121
    1957      54.1099
    1958      57.5921
    1959      55.9663
    1960      57.2484
    1961      54.6506
    1962      49.9172
    1963      48.6309
    1964      53.3947
    1965      53.5856
    1966      46.8342
    1967      49.0680
    1968      48.3469
    1969      54.6666
    1970      57.2116
    1971      50.9629
    1972      51.2766
    1973      51.9258
    1974      47.0815
    1975      49.8337
    1976      47.8337
    1977      49.9912
    1978      50.7148
    1979      53.2772
    1980      51.5804
    1981      50.4875
    1982      56.8614
    1983      58.8352
    1984      56.5973
    1985      55.3535
    1986      54.2520
    1987      54.4643
    1988      54.7114
    1989      52.5853
    1990      51.5521
    1991      50.0450
    1992      47.7402
    1993      48.3882
    1994      52.1324
    1995      53.7445
    1996      57.1757
    1997      51.0059
    1998      47.1774
    1999      48.1508
    2000      52.1237
    2001      51.3593
    2002      52.2668
    2003      53.9899
    2004      52.3874
    2005      52.9523
    2006      52.8318
    2007      50.2275
    2008      48.6920
    2009      46.3211
    2010      45.3182
    2011      42.8384
    2012      40.8753
    2013      39.9107
    2014      46.9519
    2015      41.4211
    2016      38.1869
    2017      41.0993
    2018      44.3322
    2019      49.3030
    2020      49.2153
    2021      49.9155
    2022      47.0835
    2023      43.3545
    2024      43.8996
    2025      41.3273
    2026      48.6255
    2027      49.8240
    2028      48.4671
    2029      45.8740
    2030      49.8804
    2031      49.3538
    2032      46.2191
    2033      43.2930
    2034      43.1754
    2035      45.6859
    2036      43.8400
    2037      40.9113
    2038      37.1877
    2039      43.4992
    2040      42.9318
    2041      43.5478
    2042      43.6990
    2043      42.2443
    2044      48.7101
    2045      46.3240
    2046      46.3893
    2047      43.8583
    2048      44.8930
    2049      45.7625
    2050      42.8826
    2051      40.5616
    2052      39.7354
    2053      35.8652
    2054      36.6883
    2055      33.9189
    2056      38.6840
    2057      44.2925
    2058      50.4972
    2059      47.9692
    2060      48.1057
    2061      50.4719
    2062      50.5376
    2063      47.7729
    2064      45.3654
    2065      46.3414
    2066      44.7173
    2067      39.9965
    2068      46.0949
    2069      46.5958
    2070      46.7596
    2071      42.0451
    2072      40.1955
    2073      45.3474
    2074      46.2440
    2075      46.2643
    2076      44.8518
    2077      39.9612
    2078      39.9375
    2079      39.7231
    2080      41.8855
    2081      45.6566
    2082      47.2199
    2083      49.4914
    2084      51.0318
    2085      51.9669
    2086      51.6688
    2087      53.5022
    2088      51.4364
    2089      52.6531
    2090      55.7194
    2091      52.7915
    2092      51.8156
    2093      54.3403
    2094      51.8548
    2095      48.2076
    2096      48.6154
    2097      47.9545
    2098      49.5206
    2099      46.3692
    2100      46.5782
    2101      55.4367
    2102      50.0959
    2103      51.2280
    2104      47.5582
    2105      48.3858
    2106      47.9838
    2107      42.2871
    2108      40.5673
    2109      41.6391
    2110      44.1737
    2111      44.9058
    2112      48.1325
    2113      53.4027
    2114      55.3667
    2115      50.5767
    2116      46.3271
    2117      45.6663
    2118      48.8080
    2119      50.4290
    2120      50.3100
    2121      52.2536
    2122      53.9731
    2123      59.6854
    2124      54.1606
    2125      56.2149
    2126      50.0578
    2127      49.0802
    2128      50.8599
    2129      52.7742
    2130      49.2166
    2131      50.9091
    2132      54.0864
    2133      53.8310
    2134      51.0998
    2135      54.3395
    2136      53.9497
    2137      61.9518
    2138      61.1681
    2139      57.4717
    2140      54.1946
    2141      60.3680
    2142      59.3939
    2143      58.6793
    2144      58.0957
    2145      57.7217
    2146      53.8884
    2147      47.9114
    2148      46.7804
    2149      41.6198
    2150      46.8123
    2151      46.9819
    2152      51.4056
    2153      50.4146
    2154      50.2418
    2155      47.8378
    2156      44.7406
    2157      50.1351
    2158      44.1983
    2159      47.4764
    2160      47.0587
    2161      44.8239
    2162      41.6239
    2163      42.3651
    2164      40.4074
    2165      40.2025
    2166      37.9693
    2167      41.0693
    2168      44.8521
    2169      47.0479
    2170      43.9092
    2171      44.5926
    2172      41.9509
    2173      46.0683
    2174      43.4472
    2175      51.1608
    2176      47.4931
    2177      43.7529
    2178      45.0837
    2179      42.6820
    2180      43.5980
    2181      40.5354
    2182      35.8532
    2183      39.4226
    2184      37.9382
    2185      36.9109
    2186      41.5064
    2187      46.8110
    2188      48.5338
    2189      50.4714
    2190      48.4887
    2191      50.0368
    2192      55.5757
    2193      54.8087
    2194      50.6258
    2195      47.2676
    2196      47.5311
    2197      48.0558
    2198      46.4378
    2199      48.2092
    2200      49.8415
    2201      47.0455
    2202      47.5265
    2203      46.4535
    2204      46.1576
    2205      43.3280
    2206      39.6702
    2207      39.6673
    2208      34.7482
    2209      37.2606
    2210      37.9381
    2211      40.5576
    2212      38.2509
    2213      42.2369
    2214      43.1942
    2215      38.2267
    2216      36.2937
    2217      36.3218
    2218      37.2581
    2219      38.9881
    2220      42.8298
    2221      49.5758
    2222      53.7670
    2223      45.0438
    2224      47.3371
    2225      55.2822
    2226      53.0269
    2227      50.4107
    2228      56.8418
    2229      51.3826
    2230      54.1851
    2231      49.6428
    2232      49.5760
    2233      48.6275
    2234      49.8437
    2235      55.8577
    2236      51.0161
    2237      50.2106
    2238      48.6005
    2239      46.0188
    2240      47.8313
    2241      47.7473
    2242      45.2997
    2243      42.6037
    2244      41.5217
    2245      39.9304
    2246      39.6231
    2247      42.7954
    2248      44.6429
    2249      42.9179
    2250      48.2721
    2251      46.0155
    2252      46.4772
    2253      46.5778
    2254      47.4754
    2255      41.1173
    2256      38.0050
    2257      40.8233
    2258      42.4993
    2259      38.4814
    2260      37.3199
    2261      39.7972
    2262      40.9222
    2263      43.4006
    2264      44.5287
    2265      43.6142
    2266      50.7193
    2267      51.5291
    2268      49.1649
    2269      49.7971
    2270      51.8572
    2271      48.6758
    2272      48.7234
    2273      45.0113
    2274      43.7989
    2275      40.2500
    2276      36.2174
    2277      39.6294
    2278      41.9682
    2279      39.7192
    2280      42.5239
    2281      41.8462
    2282      41.8572
    2283      39.3290
    2284      40.0435
    2285      41.5817
    2286      44.3237
    2287      44.4008
    2288      46.3937
    2289      50.3420
    2290      51.0160
    2291      44.9398
    2292      40.4064
    2293      40.1021
    2294      44.5550
    2295      43.2420
    2296      46.0020
    2297      45.0926
    2298      46.3849
    2299      47.7946
    2300      50.0774
    2301      55.3986
    2302      53.3251
    2303      54.8020
    2304      55.3361
    2305      53.4014
    2306      49.0640
    2307      55.1086
    2308      53.5851
    2309      50.9616
    2310      48.2819
    2311      45.6575
    2312      44.4209
    2313      41.9515
    2314      40.0485
    2315      49.5628
    2316      52.2951
    2317      55.0874
    2318      55.9484
    2319      53.0943
    2320      46.4636
    2321      42.3552
    2322      43.5009
    2323      40.5970
    2324      41.3236
    2325      41.2517
    2326      45.6943
    2327      43.3969
    2328      39.7213
    2329      35.1115
    2330      41.3008
    2331      44.2369
    2332      45.6701
    2333      45.7223
    2334      42.3842
    2335      41.3581
    2336      43.3374
    2337      45.6528
    2338      41.9273
    2339      46.0084
    2340      47.4746
    2341      43.4028
    2342      42.0497
    2343      40.4060
    2344      43.1602
    2345      45.4263
    2346      48.2005
    2347      55.7538
    2348      61.9981
    2349      60.7468
    2350      63.9253
    2351      61.7577
    2352      61.8244
    2353      58.3828
    2354      53.0881
    2355      56.3712
    2356      52.7605
    2357      54.7108
    2358      51.4962
    2359      51.3533
    2360      49.7846
    2361      49.7166
    2362      53.4453
    2363      50.0142
    2364      46.2840
    2365      49.7192
    2366      53.1810
    2367      54.7222
    2368      48.8783
    2369      50.6883
    2370      49.6127
    2371      49.3703
    2372      48.0800
    2373      47.5549
    2374      49.2764
    2375      50.3532
    2376      49.2604
    2377      47.2564
    2378      48.6003
    2379      52.1063
    2380      53.8732
    2381      53.0917
    2382      46.1232
    2383      48.5103
    2384      51.6394
    2385      57.5456
    2386      47.9472
    2387      44.3184
    2388      46.9773
    2389      45.4420
    2390      45.4230
    2391      44.2236
    2392      45.5243
    2393      41.3793
    2394      46.9501
    2395      42.8401
    2396      41.7981
    2397      44.2595
    2398      52.3366
    2399      49.8596
    2400      46.1027
    2401      42.7953
    2402      42.2017
    2403      44.0091
    2404      45.8287
    2405      43.8727
    2406      46.8952
    2407      48.8755
    2408      41.3283
    2409      40.8522
    2410      47.8203
    2411      46.5033
    2412      45.8295
    2413      45.6741
    2414      42.0037
    2415      44.7960
    2416      47.4733
    2417      48.5002
    2418      45.9110
    2419      42.1912
    2420      43.6325
    2421      42.6634
    2422      47.9732
    2423      49.0532
    2424      52.2116
    2425      45.4832
    2426      43.5544
    2427      47.4482
    2428      48.3546
    2429      48.9480
    2430      46.7363
    2431      42.1368
    2432      44.0771
    2433      45.2466
    2434      45.6436
    2435      47.4980
    2436      45.9411
    2437      44.3797
    2438      44.0168
    2439      38.8336
    2440      40.1589
    2441      41.9829
    2442      42.7868
    2443      45.2793
    2444      47.2464
    2445      49.3360
    2446      47.3308
    2447      42.0003
    2448      43.7392
    2449      47.2401
    2450      46.1705
    2451      46.5093
    2452      39.6874
    2453      38.1928
    2454      42.4405
    2455      45.8600
    2456      46.2479
    2457      53.6314
    2458      51.8551
    2459      49.1616
    2460      44.9448
    2461      49.6756
    2462      51.5028
    2463      46.6949
    2464      44.3321
    2465      49.1032
    2466      49.3806
    2467      50.3153
    2468      50.9132
    2469      52.3614
    2470      52.8396
    2471      55.5709
    2472      50.0712
    2473      50.4556
    2474      45.9106
    2475      48.2466
    2476      54.1135
    2477      53.8754
    2478      50.6400
    2479      53.0319
    2480      54.9495
    2481      49.7540
    2482      53.5783
    2483      52.4770
    2484      49.8645
    2485      49.5901
    2486      49.3034
    2487      51.6676
    2488      55.1796
    2489      51.1749
    2490      47.0911
    2491      44.8421
    2492      45.1793
    2493      42.2210
    2494      43.8733
    2495      48.3326
    2496      49.7740
    2497      48.8699
    2498      43.4075
    2499      43.0969
    2500      40.3630
    2501      50.6068
    2502      46.0703
    2503      48.2355
    2504      46.5811
    2505      43.0548
    2506      37.1588
    2507      39.4789
    2508      43.0902
    2509      39.7965
    2510      46.1329
    2511      47.7318
    2512      44.2757
    2513      47.8417
    2514      50.1664
    2515      49.8572
    2516      49.6314
    2517      48.2462
    2518      46.7832
    2519      51.1512
    2520      53.3673
    2521      54.3229
    2522      56.8986
    2523      56.6515
    2524      54.3730
    2525      54.9477
    2526      54.0258
    2527      57.6824
    2528      57.8159
    2529      62.4235
    2530      67.0634
    2531      58.6905
    2532      52.3197
    2533      52.2083
    2534      49.8931
    2535      51.9890
    2536      48.6114
    2537      48.7399
    2538      46.3703
    2539      46.3787
    2540      45.3083
    2541      47.7624
    2542      50.5266
    2543      49.6914
    2544      50.7693
    2545      56.2353
    2546      49.4088
    2547      51.1581
    2548      49.4183
    2549      50.3046
    2550      51.8034
    2551      49.6411
    2552      50.9243
    2553      48.4530
    2554      51.2742
    2555      46.8414
    2556      45.5208
    2557      47.3191
    2558      48.4785
    2559      47.4421
    2560      47.2047
    2561      47.6457
    2562      48.1193
    2563      54.9265
    2564      56.4737
    2565      53.7479
    2566      58.5171
    2567      53.6331
    2568      51.7927
    2569      51.9513
    2570      47.9530
    2571      52.3474
    2572      56.8398
    2573      55.1657
    2574      54.3729
    2575      54.4617
    2576      58.8011
    2577      63.0025
    2578      62.4661
    2579      63.5708
    2580      62.7910
    2581      67.7190
    2582      62.8043
    2583      60.5342
    2584      57.5646
    2585      61.5078
    2586      57.0266
    2587      54.9217
    2588      54.2342
    2589      57.0203
    2590      62.5810
    2591      53.3065
    2592      49.6828
    2593      48.4659
    2594      51.4470
    2595      46.0451
    2596      47.5795
    2597      47.9549
    2598      48.2668
    2599      50.6756
    2600      52.1849
    2601      51.4666
    2602      51.7588
    2603      51.2169
    2604      60.1374
    2605      58.9415
    2606      59.4491
    2607      58.0626
    2608      54.6169
    2609      59.0786
    2610      51.4219
    2611      51.6717
    2612      49.8892
    2613      48.4823
    2614      46.6780
    2615      47.5139
    2616      48.5108
    2617      47.6006
    2618      49.4945
    2619      49.0973
    2620      51.4096
    2621      51.8000
    2622      49.0050
    2623      55.0029
    2624      59.6936
    2625      63.8451
    2626      64.7442
    2627      64.6244
    2628      66.6655
    2629      61.6756
    2630      57.3400
    2631      59.3074
    2632      66.3746
    2633      64.0277
    2634      60.6015
    2635      60.1426
    2636      61.4135
    2637      58.9104
    2638      61.1097
    2639      62.7344
    2640      60.6325
    2641      63.8747
    2642      57.4255
    2643      58.1836
    2644      65.2880
    2645      65.7968
    2646      66.3360
    2647      66.7805
    2648      64.7714
    2649      62.5540
    2650      60.0284
    2651      61.1417
    2652      57.2729
    2653      60.9661
    2654      61.3029
    2655      57.3963
    2656      56.6386
    2657      53.9770
    2658      53.9660
    2659      57.9484
    2660      54.0848
    2661      57.1462
    2662      57.2382
    2663      60.0469
    2664      54.5123
    2665      50.1651
    2666      51.8489
    2667      49.9516
    2668      48.6654
    2669      48.6433
    2670      49.6595
    2671      51.1412
    2672      46.8459
    2673      47.3724
    2674      48.8760
    2675      50.6703
    2676      52.0624
    2677      48.8557
    2678      48.9711
    2679      52.7022
    2680      51.4335
    2681      52.7170
    2682      47.1849
    2683      52.8646
    2684      52.5718
    2685      53.1164
    2686      56.6197
    2687      55.2853
    2688      51.6875
    2689      49.4568
    2690      50.8956
    2691      49.0799
    2692      49.2559
    2693      47.6922
    2694      44.7964
    2695      46.2287
    2696      38.4935
    2697      48.6197
    2698      46.8992
    2699      45.2588
    2700      43.3617
    2701      45.3527
    2702      49.9266
    2703      50.4615
    2704      47.3879
    2705      43.7616
    2706      43.6493
    2707      45.3818
    2708      47.9942
    2709      49.0456
    2710      58.5382
    2711      59.5621
    2712      56.9773
    2713      60.6720
    2714      64.5218
    2715      59.5520
    2716      58.0685
    2717      54.5360
    2718      56.3034
    2719      52.9444
    2720      48.8791
    2721      50.3496
    2722      51.5804
    2723      53.3301
    2724      50.0462
    2725      49.9092
    2726      52.9559
    2727      50.7272
    2728      54.7672
    2729      58.8922
    2730      55.2590
    2731      49.5516
    2732      45.1048
    2733      42.8541
    2734      44.5483
    2735      42.6682
    2736      48.9566
    2737      51.3580
    2738      54.0675
    2739      50.7337
    2740      51.1142
    2741      52.3969
    2742      52.4706
    2743      54.5045
    2744      54.1699
    2745      50.8384
    2746      50.4997
    2747      43.6136
    2748      38.3629
    2749      43.6248
    2750      49.9914
    2751      43.4801
    2752      46.7424
    2753      51.3312
    2754      52.9979
    2755      50.6718
    2756      51.3710
    2757      46.8977
    2758      49.8424
    2759      51.2435
    2760      48.7229
    2761      47.2754
    2762      44.0208
    2763      41.2760
    2764      45.2689
    2765      43.3954
    2766      41.3639
    2767      45.6892
    2768      46.4881
    2769      49.1598
    2770      50.2090
    2771      54.4508
    2772      52.7104
    2773      54.1006
    2774      54.4322
    2775      60.6271
    2776      60.2215
    2777      58.0476
    2778      50.7058
    2779      52.1991
    2780      47.3148
    2781      53.7683
    2782      53.9005
    2783      51.3986
    2784      50.3173
    2785      47.7803
    2786      51.8661
    2787      56.9582
    2788      52.5780
    2789      49.7909
    2790      49.0483
    2791      50.4213
    2792      44.4472
    2793      53.2500
    2794      48.9829
    2795      50.1551
    2796      53.2586
    2797      52.4902
    2798      51.5644
    2799      45.8535
    2800      50.2910
    2801      44.9770
    2802      42.2872
    2803      51.7183
    2804      52.4504
    2805      52.9236
    2806      51.7957
    2807      50.7640
    2808      52.2775
    2809      55.6052
    2810      51.9903
    2811      51.8618
    2812      52.0010
    2813      54.7641
    2814      57.2640
    2815      51.6465
    2816      52.8765
    2817      56.4281
    2818      54.0170
    2819      52.9640
    2820      55.1784
    2821      54.4178
    2822      47.1492
    2823      50.8916
    2824      50.0281
    2825      53.1861
    2826      54.9042
    2827      51.5443
    2828      50.5011
    2829      54.3276
    2830      50.5367
    2831      47.8650
    2832      48.5257
    2833      43.6823
    2834      52.7309
    2835      49.6631
    2836      49.0171
    2837      43.7050
    2838      48.5140
    2839      47.4361
    2840      47.7745
    2841      55.9888
    2842      53.6440
    2843      52.6887
    2844      50.6943
    2845      50.6831
    2846      49.9110
    2847      48.8950
    2848      48.9330
    2849      43.3923
    2850      48.1226
    2851      52.7330
    2852      51.2211
    2853      52.2808
    2854      45.5393
    2855      48.8514
    2856      43.3859
    2857      50.3780
    2858      45.7878
    2859      44.5276
    2860      39.8324
    2861      41.2382
    2862      44.0867
    2863      44.0986
    2864      49.9207
    2865      52.6724
    2866      56.4420
    2867      57.5041
    2868      56.6068
    2869      56.0184
    2870      54.6136
    2871      48.8177
    2872      45.7457
    2873      46.2976
    2874      47.0719
    2875      48.1751
    2876      47.5670
    2877      48.3994
    2878      47.0817
    2879      47.5898
    2880      45.6321
    2881      42.4478
    2882      47.5506
    2883      50.5462
    2884      48.3280
    2885      47.3748
    2886      50.9601
    2887      54.6954
    2888      55.6327
    2889      55.0928
    2890      57.3746
    2891      57.7537
    2892      53.5218
    2893      55.8519
    2894      56.0285
    2895      49.8626
    2896      43.0174
    2897      51.6742
    2898      50.6757
    2899      51.8332
    2900      49.1423
    2901      49.1942
    2902      51.8417
    2903      55.3466
    2904      54.0862
    2905      50.9628
    2906      52.1857
    2907      49.4135
    2908      56.1584
    2909      51.0836
    2910      51.6933
    2911      53.6680
    2912      50.6652
    2913      56.3001
    2914      58.3449
    2915      54.1624
    2916      52.5524
    2917      52.8987
    2918      54.9867
    2919      55.1098
    2920      54.2101
    2921      46.9137
    2922      43.9811
    2923      43.0317
    2924      43.3615
    2925      45.1508
    2926      46.1166
    2927      53.1180
    2928      47.3471
    2929      42.9898
    2930      50.9258
    2931      52.0654
    2932      52.2544
    2933      49.8914
    2934      44.9684
    2935      43.9518
    2936      40.4871
    2937      43.8084
    2938      39.5299
    2939      42.7547
    2940      43.8755
    2941      42.9288
    2942      40.9375
    2943      41.3788
    2944      44.3630
    2945      45.7131
    2946      46.5379
    2947      50.2069
    2948      51.1222
    2949      54.4896
    2950      51.1219
    2951      53.3397
    2952      52.8126
    2953      46.7195
    2954      45.1720
    2955      45.6928
    2956      47.5694
    2957      44.6418
    2958      47.3435
    2959      46.3253
    2960      48.2240
    2961      49.5676
    2962      55.4448
    2963      54.7701
    2964      54.2800
    2965      52.9654
    2966      52.2602
    2967      53.1863
    2968      58.0899
    2969      56.1208
    2970      54.9461
    2971      56.8228
    2972      56.0558
    2973      50.9617
    2974      56.1011
    2975      57.4869
    2976      54.5217
    2977      49.0776
    2978      52.1784
    2979      54.1445
    2980      55.3657
    2981      53.4577
    2982      51.4881
    2983      53.4100
    2984      55.5747
    2985      50.5334
    2986      47.8838
    2987      51.9190
    2988      54.7372
    2989      56.1317
    2990      53.7076
    2991      52.2577
    2992      55.1657
    2993      51.8652
    2994      53.4414
    2995      52.0952
    2996      52.6449
    2997      56.6578
    2998      55.5341
    2999      60.5115
    3000      62.0069
    3001      60.9004
    3002      67.8911
    3003      62.0491
    3004      59.1278
    3005      55.1469
    3006      49.6452
    3007      51.6744
    3008      51.5993
    3009      50.3324
    3010      52.0410
    3011      46.1846
    3012      44.8909
    3013      46.5785
    3014      45.1650
    3015      43.6883
    3016      41.2814
    3017      42.3306
    3018      50.5391
    3019      52.1204
    3020      51.6627
    3021      50.2606
    3022      47.0381
    3023      53.6051
    3024      54.1977
    3025      50.7329
    3026      52.4810
    3027      45.3290
    3028      40.2945
    3029      40.7369
    3030      42.4815
    3031      43.0500
    3032      43.3948
    3033      48.3074
    3034      46.4216
    3035      49.2748
    3036      47.7803
    3037      45.3673
    3038      47.0286
    3039      48.9986
    3040      48.8587
    3041      43.9917
    3042      42.7362
    3043      41.9275
    3044      47.4812
    3045      49.2574
    3046      45.0623
    3047      48.1745
    3048      51.1026
    3049      46.3433
    3050      45.0542
    3051      44.5925
    3052      46.1716
    3053      46.8792
    3054      49.9744
    3055      46.5914
    3056      43.8670
    3057      42.6833
    3058      41.7817
    3059      40.7614
    3060      42.6566
    3061      47.0286
    3062      50.4978
    3063      50.2628
    3064      51.0988
    3065      50.6317
    3066      51.8012
    3067      51.8368
    3068      49.6815
    3069      50.9503
    3070      50.8600
    3071      50.7918
    3072      51.2096
    3073      48.4721
    3074      50.3959
    3075      51.1281
    3076      49.8735
    3077      53.5763
    3078      54.7408
    3079      51.3753
    3080      52.1868
    3081      55.3232
    3082      54.9639
    3083      54.1536
    3084      53.9861
    3085      52.3510
    3086      56.4503
    3087      62.5985
    3088      69.9671
    3089      74.0228
    3090      66.5287
    3091      66.2547
    3092      62.3242
    3093      58.2013
    3094      51.5729
    3095      53.5095
    3096      54.0164
    3097      51.4001
    3098      53.1081
    3099      49.9623
    3100      53.2479
    3101      55.4671
    3102      52.0228
    3103      46.9255
    3104      46.1098
    3105      45.5177
    3106      47.7985
    3107      49.6193
    3108      48.6858
    3109      53.7254
    3110      49.3832
    3111      49.4230
    3112      51.9224
    3113      56.2716
    3114      56.2922
    3115      55.2859
    3116      54.2236
    3117      49.3551
    3118      46.5640
    3119      48.0156
    3120      46.0738
    3121      42.8902
    3122      40.7608
    3123      41.8535
    3124      45.8297
    3125      47.7191
    3126      50.5314
    3127      52.6025
    3128      54.8651
    3129      52.7592
    3130      53.8932
    3131      46.8376
    3132      47.8575
    3133      43.4490
    3134      42.3317
    3135      42.0406
    3136      47.5950
    3137      49.3022
    3138      48.4452
    3139      47.4697
    3140      50.2343
    3141      52.4649
    3142      48.4894
    3143      46.2205
    3144      50.0710
    3145      53.7276
    3146      49.7226
    3147      49.6452
    3148      52.3535
    3149      51.1355
    3150      53.7068
    3151      48.0632
    3152      46.1690
    3153      46.7713
    3154      47.8695
    3155      47.9965
    3156      44.0677
    3157      43.2686
    3158      50.0058
    3159      50.3901
    3160      51.9151
    3161      49.0999
    3162      46.9946
    3163      42.3778
    3164      43.5187
    3165      44.8623
    3166      44.4988
    3167      41.6089
    3168      46.7392
    3169      48.0598
    3170      49.1138
    3171      50.3816
    3172      50.2929
    3173      47.9666
    3174      41.4141
    3175      39.2137
    3176      43.4112
    3177      43.3833
    3178      47.0835
    3179      45.5487
    3180      48.8186
    3181      50.4929
    3182      55.6791
    3183      50.8452
    3184      50.9933
    3185      49.0428
    3186      39.8014
    3187      37.1382
    3188      34.8383
    3189      37.4913
    3190      36.5804
    3191      46.7390
    3192      43.6900
    3193      44.4071
    3194      49.7730
    3195      45.6150
    3196      43.5538
    3197      42.6410
    3198      41.1681
    3199      40.8469
    3200      44.0636
    3201      45.5712
    3202      49.5088
    3203      55.2501
    3204      53.7638
    3205      51.1231
    3206      52.4768
    3207      51.6622
    3208      50.3871
    3209      50.1051
    3210      51.4620
    3211      44.5424
    3212      44.5698
    3213      39.1880
    3214      43.1774
    3215      42.0822
    3216      44.7267
    3217      43.2641
    3218      40.9393
    3219      42.2591
    3220      37.7054
    3221      37.8287
    3222      50.2988
    3223      52.9611
    3224      49.9778
    3225      48.6913
    3226      42.1766
    3227      45.2483
    3228      45.0247
    3229      39.9043
    3230      36.2437
    3231      42.5869
    3232      43.6678
    3233      38.2777
    3234      35.2629
    3235      37.9984
    3236      43.8737
    3237      45.1148
    3238      40.0000
    3239      41.5049
    3240      37.1163
    3241      44.5424
    3242      48.2731
    3243      46.7381
    3244      50.8396
    3245      48.4851
    3246      45.0747
    3247      48.2732
    3248      51.6112
    3249      49.3920
    3250      51.8581
    3251      54.4000
    3252      51.4688
    3253      45.7956
    3254      45.8986
    3255      50.1329
    3256      47.8175
    3257      47.0219
    3258      49.5083
    3259      51.4163
    3260      42.2923
    3261      45.2534
    3262      44.4653
    3263      47.4581
    3264      48.6405
    3265      56.5534
    3266      55.9434
    3267      57.7456
    3268      63.7149
    3269      62.5984
    3270      64.1649
    3271      63.9940
    3272      63.8936
    3273      69.9218
    3274      64.6767
    3275      63.9223
    3276      62.4540
    3277      62.1040
    3278      61.1735
    3279      59.4508
    3280      61.1371
    3281      63.5529
    3282      65.1937
    3283      60.7124
    3284      65.8683
    3285      65.4588
    3286      65.8445
    3287      66.4504
    3288      60.4051
    3289      57.0049
    3290      62.4294
    3291      61.7297
    3292      59.8969
    3293      62.2344
    3294      66.7538
    3295      70.0961
    3296      64.8673
    3297      67.5426
    3298      72.8560
    3299      73.3080
    3300      72.5038
    3301      73.2876
    3302      74.6610
    3303      67.7797
    3304      66.5575
    3305      60.6836
    3306      65.0067
    3307      58.2664
    3308      50.7005
    3309      50.7127
    3310      49.5977
    3311      50.2966
    3312      49.8739
    3313      52.5894
    3314      50.6634
    3315      46.5744
    3316      46.5317
    3317      45.6520
    3318      47.4605
    3319      47.6248
    3320      46.1733
    3321      41.5266
    3322      46.2342
    3323      42.7415
    3324      46.3089
    3325      46.5352
    3326      39.1648
    3327      39.1836
    3328      44.5873
    3329      47.2362
    3330      45.9477
    3331      50.4373
    3332      48.8774
    3333      50.1918
    3334      53.0280
    3335      49.7832
    3336      50.8819
    3337      50.1742
    3338      48.8550
    3339      48.4485
    3340      47.5546
    3341      49.3019
    3342      52.4525
    3343      50.3503
    3344      49.3861
    3345      50.5887
    3346      46.0045
    3347      50.6610
    3348      46.0607
    3349      49.4554
    3350      49.6305
    3351      43.5342
    3352      48.6835
    3353      43.6111
    3354      45.9014
    3355      56.0050
    3356      55.7592
    3357      57.7323
    3358      53.2685
    3359      53.3031
    3360      54.9428
    3361      50.9919
    3362      52.9640
    3363      52.0601
    3364      53.3434
    3365      55.0497
    3366      53.8879
    3367      50.8738
    3368      51.9973
    3369      51.2133
    3370      53.4233
    3371      54.8390
    3372      56.8576
    3373      58.3853
    3374      62.3453
    3375      57.2560
    3376      59.1388
    3377      58.7663
    3378      56.7178
    3379      58.4566
    3380      60.3873
    3381      53.0742
    3382      54.6706
    3383      63.0623
    3384      61.5425
    3385      63.6458
    3386      63.0874
    3387      57.8354
    3388      59.9691
    3389      54.5944
    3390      56.1869
    3391      57.8397
    3392      56.6132
    3393      53.2955
    3394      56.2028
    3395      51.7096
    3396      52.4761
    3397      48.4552
    3398      52.4338
    3399      47.3524
    3400      48.1700
    3401      49.4634
    3402      48.1358
    3403      52.2730
    3404      53.1215
    3405      55.2308
    3406      57.2381
    3407      53.8736
    3408      52.7757
    3409      57.2758
    3410      52.0060
    3411      50.3574
    3412      49.1571
    3413      51.6114
    3414      53.8131
    3415      56.4283
    3416      59.7167
    3417      53.2934
    3418      56.9752
    3419      56.5549
    3420      56.5005
    3421      50.8845
    3422      55.7205
    3423      57.0282
    3424      55.5376
    3425      55.5232
    3426      53.6899
    3427      55.6195
    3428      53.9398
    3429      53.6420
    3430      50.4281
    3431      50.4394
    3432      51.1801
    3433      48.0017
    3434      53.0324
    3435      45.5691
    3436      44.4106
    3437      44.4509
    3438      43.4411
    3439      45.2296
    3440      44.4983
    3441      47.3118
    3442      49.6756
    3443      41.3416
    3444      40.0273
    3445      41.1594
    3446      43.7438
    3447      51.1365
    3448      46.9095
    3449      46.0979
    3450      44.4736
    3451      42.1930
    3452      43.9981
    3453      50.2875
    3454      53.7133
    3455      50.4989
    3456      48.2018
    3457      49.6936
    3458      50.3092
    3459      48.8565
    3460      45.7450
    3461      50.6793
    3462      50.9662
    3463      46.1580
    3464      44.8148
    3465      47.4462
    3466      43.0112
    3467      33.2311
    3468      35.9599
    3469      39.6510
    3470      42.3590
    3471      48.3153
    3472      45.4133
    3473      44.6839
    3474      36.9539
    3475      40.1951
    3476      40.5783
    3477      35.7458
    3478      38.2044
    3479      45.2647
    3480      47.5890
    3481      50.2574
    3482      45.9901
    3483      50.1527
    3484      53.6513
    3485      51.2369
    3486      45.0154
    3487      44.6658
    3488      50.0605
    3489      47.6474
    3490      46.4392
    3491      49.7067
    3492      54.3559
    3493      50.9814
    3494      49.5341
    3495      42.4013
    3496      43.5229
    3497      38.4537
    3498      44.5524
    3499      43.0465
    3500      46.9168
    3501      47.1110
    3502      47.0555
    3503      46.5611
    3504      42.9007
    3505      43.5730
    3506      39.2533
    3507      37.8683
    3508      41.3257
    3509      41.1635
    3510      39.8903
    3511      41.2084
    3512      40.5835
    3513      45.2976
    3514      45.8000
    3515      50.1347
    3516      48.4830
    3517      47.9163
    3518      46.8034
    3519      53.3707
    3520      54.4039
    3521      58.2609
    3522      58.5719
    3523      57.7427
    3524      54.6424
    3525      47.8166
    3526      49.2192
    3527      51.1848
    3528      54.6078
    3529      55.1883
    3530      55.2547
    3531      52.7273
    3532      56.1913
    3533      60.4212
    3534      56.2999
    3535      46.7661
    3536      48.1727
    3537      44.0588
    3538      43.8763
    3539      47.9660
    3540      43.0783
    3541      44.5419
    3542      44.3836
    3543      44.5821
    3544      46.4070
    3545      45.5209
    3546      46.0531
    3547      46.5880
    3548      49.1484
    3549      50.5755
    3550      52.7669
    3551      46.5289
    3552      54.0369
    3553      52.0969
    3554      48.4815
    3555      47.6933
    3556      50.4795
    3557      52.2647
    3558      47.4126
    3559      49.2604
    3560      44.0988
    3561      44.4072
    3562      47.3708
    3563      52.9987
    3564      51.3454
    3565      47.4925
    3566      52.8982
    3567      54.4010
    3568      55.8583
    3569      63.3864
    3570      60.5982
    3571      63.8802
    3572      64.3970
    3573      62.5232
    3574      53.9931
    3575      53.8000
    3576      60.0561
    3577      60.6411
    3578      56.9708
    3579      56.2765
    3580      55.0671
    3581      53.8173
    3582      48.8712
    3583      50.1815
    3584      50.8192
    3585      49.8329
    3586      48.1081
    3587      45.6597
    3588      44.7454
    3589      47.3733
    3590      43.9974
    3591      40.2201
    3592      42.6280
    3593      39.3029
    3594      39.6011
    3595      41.7780
    3596      41.0516
    3597      38.0844
    3598      34.1866
    3599      36.4108
    3600      41.2106
    3601      43.5233
    3602      44.3443
    3603      43.3524
    3604      46.6276
    3605      44.8932
    3606      49.3046
    3607      45.8473
    3608      43.6642
    3609      43.1341
    3610      43.2134
    3611      42.9792
    3612      43.1757
    3613      43.9072
    3614      42.7160
    3615      45.1994
    3616      49.6151
    3617      49.0951
    3618      42.7637
    3619      42.9094
    3620      46.2186
    3621      49.5663
    3622      48.0484
    3623      48.5705
    3624      51.5150
    3625      52.1499
    3626      47.4752
    3627      42.0184
    3628      45.3750
    3629      47.0226
    3630      46.0031
    3631      44.4373
    3632      47.3488
    3633      47.6911
    3634      52.4090
    3635      56.1696
    3636      57.4886
    3637      61.3250
    3638      57.3689
    3639      58.7635
    3640      53.0534
    3641      50.0452
    3642      52.4313
    3643      57.1804
    3644      60.8300
    3645      55.3304
    3646      53.0766
    3647      51.2806
    3648      52.4634
    3649      55.4464
    3650      51.5125
    3651      55.5972
    3652      55.8596
    3653      49.9535
    3654      52.1015
    3655      47.6387
    3656      45.0279
    3657      46.4726
    3658      45.8542
    3659      43.5855
    3660      42.8048
    3661      48.8183
    3662      51.1662
    3663      52.5147
    3664      53.6595
    3665      53.0631
    3666      56.1046
    3667      53.8972
    3668      48.5751
    3669      42.2495
    3670      46.7164
    3671      45.7286
    3672      45.6261
    3673      48.3670
    3674      45.7072
    3675      48.5115
    3676      49.1484
    3677      49.8212
    3678      50.5049
    3679      49.8403
    3680      54.6830
    3681      55.7565
    3682      50.8056
    3683      52.7957
    3684      51.9609
    3685      51.9829
    3686      52.9543
    3687      55.7597
    3688      54.4448
    3689      55.0165
    3690      54.1355
    3691      51.9906
    3692      51.0352
    3693      54.6732
    3694      51.9132
    3695      56.3204
    3696      57.1417
    3697      51.8406
    3698      54.2878
    3699      52.7301
    3700      50.8509
    3701      52.3331
    3702      56.7216
    3703      58.7124
    3704      53.5876
    3705      52.7353
    3706      46.6431
    3707      46.4302
    3708      44.8209
    3709      44.9025
    3710      44.3246
    3711      45.5388
    3712      45.4164
    3713      43.9307
    3714      45.2689
    3715      44.6930
    3716      39.5508
    3717      41.6511
    3718      47.3517
    3719      43.4204
    3720      47.4875
    3721      52.0965
    3722      53.1912
    3723      54.3040
    3724      52.8939
    3725      50.6160
    3726      53.2313
    3727      57.1511
    3728      56.5890
    3729      52.2616
    3730      49.5191
    3731      43.4329
    3732      40.8549
    3733      48.8433
    3734      44.4765
    3735      43.2736
    3736      46.3506
    3737      47.4044
    3738      49.2617
    3739      48.8381
    3740      48.5438
    3741      44.9720
    3742      42.8440
    3743      42.5919
    3744      44.2532
    3745      48.3085
    3746      48.7051
    3747      49.8154
    3748      49.6532
    3749      46.2530
    3750      46.1721
    3751      55.1810
    3752      50.3211
    3753      51.2272
    3754      50.8808
    3755      50.3080
    3756      55.1471
    3757      53.9899
    3758      46.8879
    3759      47.8104
    3760      49.6942
    3761      52.2613
    3762      51.6186
    3763      50.9837
    3764      51.0319
    3765      52.1561
    3766      48.7875
    3767      47.9805
    3768      49.1173
    3769      52.0073
    3770      51.4759
    3771      48.6712
    3772      52.5095
    3773      54.6394
    3774      51.8209
    3775      55.4280
    3776      58.7185
    3777      55.8818
    3778      52.4997
    3779      53.2798
    3780      52.6428
    3781      51.7951
    3782      51.0059
    3783      54.5973
    3784      54.2314
    3785      53.7369
    3786      52.4439
    3787      52.5771
    3788      52.1744
    3789      51.9202
    3790      50.9677
    3791      50.7691
    3792      50.5886
    3793      52.5307
    3794      54.4395
    3795      49.9502
    3796      50.3156
    3797      51.4615
    3798      42.8429
    3799      46.3862
    3800      48.9735
    3801      48.7487
    3802      45.3013
    3803      48.5597
    3804      48.9200
    3805      51.9314
    3806      49.3628
    3807      50.2135
    3808      50.5791
    3809      52.8044
    3810      49.1627
    3811      51.1775
    3812      53.3872
    3813      55.1944
    3814      50.6818
    3815      47.0466
    3816      49.9772
    3817      53.9744
    3818      54.4593
    3819      55.1266
    3820      53.3941
    3821      48.9761
    3822      54.3090
    3823      51.3799
    3824      50.5703
    3825      45.5934
    3826      51.9062
    3827      55.8353
    3828      52.0363
    3829      59.5503
    3830      57.8616
    3831      55.3901
    3832      59.2240
    3833      62.6161
    3834      59.9984
    3835      55.6560
    3836      58.8649
    3837      61.7586
    3838      61.1422
    3839      61.0875
    3840      63.8667
    3841      63.4361
    3842      64.9876
    3843      64.0766
    3844      63.3212
    3845      67.3142
    3846      68.2431
    3847      69.4457
    3848      64.0755
    3849      63.4419
    3850      58.6313
    3851      57.1298
    3852      53.3510
    3853      51.7475
    3854      52.7072
    3855      52.8317
    3856      50.1533
    3857      54.6050
    3858      57.3088
    3859      55.4657
    3860      51.6088
    3861      48.6036
    3862      51.4321
    3863      54.3994
    3864      51.3122
    3865      55.4040
    3866      55.7430
    3867      52.9529
    3868      51.3401
    3869      54.5352
    3870      50.1884
    3871      49.7284
    3872      49.9469
    3873      49.8836
    3874      47.7566
    3875      51.9170
    3876      51.7321
    3877      55.4805
    3878      57.4364
    3879      56.2651
    3880      54.7459
    3881      52.3330
    3882      54.8493
    3883      50.3697
    3884      48.5346
    3885      53.5334
    3886      49.4918
    3887      49.2942
    3888      50.1593
    3889      50.5065
    3890      55.1659
    3891      55.4272
    3892      62.0669
    3893      61.2346
    3894      63.9212
    3895      71.6437
    3896      65.5099
    3897      68.2184
    3898      69.2532
    3899      71.6412
    3900      73.7381
    3901      67.8544
    3902      69.7224
    3903      69.3851
    3904      69.9263
    3905      68.0497
    3906      63.7542
    3907      65.4033
    3908      66.9684
    3909      67.7923
    3910      70.5507
    3911      70.5300
    3912      70.2654
    3913      66.8878
    3914      67.2247
    3915      65.0282
    3916      61.2309
    3917      63.1424
    3918      61.4714
    3919      58.0042
    3920      59.2253
    3921      53.7760
    3922      50.7337
    3923      52.9297
    3924      49.2805
    3925      55.6992
    3926      54.8887
    3927      54.1160
    3928      58.4905
    3929      58.9615
    3930      52.8084
    3931      52.3483
    3932      52.1872
    3933      53.5251
    3934      54.4608
    3935      54.8480
    3936      58.6668
    3937      60.2395
    3938      54.7799
    3939      53.0155
    3940      47.1475
    3941      49.7848
    3942      51.2191
    3943      54.2270
    3944      61.1119
    3945      63.7317
    3946      60.9654
    3947      56.0951
    3948      47.0699
    3949      45.1250
    3950      46.8460
    3951      47.5138
    3952      51.7333
    3953      52.8470
    3954      47.1456
    3955      45.2691
    3956      42.7796
    3957      47.7730
    3958      51.5227
    3959      49.1991
    3960      48.7294
    3961      47.0865
    3962      48.5159
    3963      47.6369
    3964      56.8081
    3965      54.0854
    3966      49.0935
    3967      51.3413
    3968      50.6924
    3969      51.0875
    3970      52.6753
    3971      53.6231
    3972      51.9848
    3973      48.3448
    3974      50.5952
    3975      49.3931
    3976      51.8293
    3977      50.4411
    3978      47.6562
    3979      45.6540
    3980      45.2449
    3981      43.9334
    3982      46.7381
    3983      43.4253
    3984      47.7647
    3985      40.8693
    3986      42.5135
    3987      43.4968
    3988      45.3575
    3989      44.5735
    3990      42.6146
    3991      40.5896
    3992      40.3029
    3993      39.7166
    3994      40.5666
    3995      41.1015
    3996      41.8978
    3997      33.6786
    3998      34.1082
    3999      30.4114
    4000      36.5298
    4001      40.0423
    4002      41.3436
    4003      44.1437
    4004      40.3859
    4005      45.4701
    4006      48.8740
    4007      50.4345
    4008      49.1762
    4009      46.7819
    4010      44.4933
    4011      42.3748
    4012      50.2007
    4013      47.9665
    4014      47.7747
    4015      50.4683
    4016      49.5585
    4017      46.3323
    4018      46.8209
    4019      45.1024
    4020      43.1188
    4021      40.4790
    4022      44.2620
    4023      44.6243
    4024      43.0088
    4025      43.3122
    4026      40.4193
    4027      45.5298
    4028      40.8002
    4029      43.0902
    4030      42.5734
    4031      42.1070
    4032      46.6072
    4033      48.0817
    4034      46.0914
    4035      45.6417
    4036      45.8617
    4037      43.5412
    4038      40.9760
    4039      43.5253
    4040      44.7316
    4041      44.9512
    4042      50.9066
    4043      50.8784
    4044      46.8469
    4045      54.4890
    4046      54.2074
    4047      55.8738
    4048      52.3580
    4049      51.3352
    4050      49.9497
    4051      49.4729
    4052      47.6256
    4053      49.6619
    4054      43.1894
    4055      45.8848
    4056      45.7635
    4057      42.6984
    4058      45.5664
    4059      51.9712
    4060      50.1937
    4061      55.6250
    4062      54.2449
    4063      55.7406
    4064      53.4676
    4065      51.8254
    4066      51.2337
    4067      48.4585
    4068      48.5308
    4069      50.7063
    4070      51.7882
    4071      56.8397
    4072      50.5177
    4073      52.7622
    4074      49.8798
    4075      52.4017
    4076      52.9347
    4077      49.4836
    4078      52.5372
    4079      53.4085
    4080      50.3472
    4081      50.1047
    4082      50.2074
    4083      47.8403
    4084      48.2454
    4085      52.4746
    4086      50.0857
    4087      51.7537
    4088      48.6184
    4089      54.1314
    4090      52.5792
    4091      50.1261
    4092      51.5134
    4093      52.4022
    4094      47.9453
    4095      50.6683
    4096      44.3327
    4097      43.1327
    4098      47.0736
    4099      47.1860
    4100      47.3392
    4101      47.2951
    4102      49.2237
    4103      48.2736
    4104      47.9979
    4105      50.8123
    4106      51.7870
    4107      52.7459
    4108      52.7367
    4109      55.6104
    4110      52.0920
    4111      51.8053
    4112      49.0811
    4113      50.6895
    4114      49.6391
    4115      46.4939
    4116      48.6139
    4117      47.0250
    4118      47.1867
    4119      49.4439
    4120      47.6982
    4121      42.4575
    4122      42.5666
    4123      42.8382
    4124      41.4965
    4125      41.7305
    4126      42.4971
    4127      45.4888
    4128      51.4122
    4129      54.4933
    4130      52.6653
    4131      47.0696
    4132      44.6802
    4133      45.1443
    4134      45.9090
    4135      47.2894
    4136      45.2410
    4137      41.8587
    4138      40.3432
    4139      42.8691
    4140      45.5857
    4141      41.5249
    4142      45.6663
    4143      44.6985
    4144      51.2994
    4145      48.1140
    4146      45.3370
    4147      41.9448
    4148      38.8955
    4149      40.9423
    4150      38.8845
    4151      41.5276
    4152      43.9028
    4153      45.6990
    4154      44.9104
    4155      44.6111
    4156      48.0924
    4157      45.7720
    4158      43.0091
    4159      40.3828
    4160      46.6813
    4161      51.3590
    4162      51.6908
    4163      52.7799
    4164      51.7444
    4165      46.5483
    4166      50.6965
    4167      56.6854
    4168      60.0526
    4169      58.4590
    4170      55.8696
    4171      51.8907
    4172      50.0910
    4173      49.0814
    4174      50.1420
    4175      47.9240
    4176      47.5725
    4177      41.9135
    4178      40.2285
    4179      43.0815
    4180      47.8131
    4181      48.5451
    4182      50.0081
    4183      53.8451
    4184      53.6700
    4185      53.1104
    4186      55.8610
    4187      57.4623
    4188      58.4741
    4189      57.0711
    4190      56.2567
    4191      55.4714
    4192      53.7952
    4193      57.0379
    4194      55.5664
    4195      58.0352
    4196      55.4454
    4197      52.2094
    4198      47.3554
    4199      50.6465
    4200      49.0453
    4201      47.0353
    4202      44.2867
    4203      44.4077
    4204      48.3087
    4205      50.5200
    4206      49.2155
    4207      47.1805
    4208      44.6235
    4209      42.5956
    4210      40.5010
    4211      37.8442
    4212      36.1700
    4213      41.3207
    4214      42.5457
    4215      46.1953
    4216      50.8647
    4217      51.9348
    4218      50.7346
    4219      53.7152
    4220      50.5751
    4221      52.7684
    4222      53.0955
    4223      53.1760
    4224      51.3188
    4225      47.7679
    4226      50.9467
    4227      49.1585
    4228      52.7893
    4229      55.6910
    4230      52.4466
    4231      51.1828
    4232      49.0544
    4233      49.6349
    4234      51.6732
    4235      52.5100
    4236      47.3043
    4237      51.4374
    4238      54.7074
    4239      53.6804
    4240      49.5159
    4241      52.3265
    4242      60.4465
    4243      60.2796
    4244      53.2456
    4245      53.7267
    4246      53.5978
    4247      53.0139
    4248      54.5701
    4249      51.6914
    4250      52.4287
    4251      52.8579
    4252      50.1937
    4253      51.7499
    4254      55.0792
    4255      57.6514
    4256      56.6202
    4257      58.6205
    4258      55.9350
    4259      51.5539
    4260      52.7098
    4261      58.9453
    4262      55.8499
    4263      54.0999
    4264      57.6249
    4265      55.9768
    4266      50.3541
    4267      51.1890
    4268      56.7237
    4269      55.5558
    4270      56.9653
    4271      57.8927
    4272      55.9671
    4273      56.5394
    4274      53.3212
    4275      51.2539
    4276      47.6279
    4277      51.9143
    4278      52.2817
    4279      56.8820
    4280      55.6046
    4281      58.9555
    4282      53.1771
    4283      53.0252
    4284      50.2528
    4285      49.7915
    4286      47.2082
    4287      49.4307
    4288      53.5129
    4289      55.4793
    4290      49.6645
    4291      52.4282
    4292      59.4887
    4293      53.3226
    4294      51.2218
    4295      54.7039
    4296      58.2341
    4297      65.9463
    4298      62.0987
    4299      58.7867
    4300      62.5130
    4301      63.6532
    4302      56.2881
    4303      61.4296
    4304      63.8265
    4305      63.7700
    4306      60.8115
    4307      60.8469
    4308      66.4217
    4309      66.5220
    4310      66.3950
    4311      66.4394
    4312      64.8997
    4313      71.2595
    4314      74.9913
    4315      70.1520
    4316      71.3919
    4317      67.2839
    4318      61.2346
    4319      52.3321
    4320      50.1056
    4321      48.7583
    4322      52.2356
    4323      49.0729
    4324      48.0200
    4325      45.1639
    4326      45.9539
    4327      45.7288
    4328      51.3566
    4329      51.1647
    4330      52.6784
    4331      47.9035
    4332      50.9009
    4333      46.1987
    4334      47.8334
    4335      43.7106
    4336      46.1986
    4337      48.9901
    4338      43.7492
    4339      42.7220
    4340      44.0223
    4341      49.0312
    4342      45.1653
    4343      48.6002
    4344      47.9683
    4345      44.5516
    4346      43.1157
    4347      46.4759
    4348      54.5005
    4349      57.1733
    4350      58.9834
    4351      56.0562
    4352      53.1242
    4353      58.9567
    4354      60.0305
    4355      55.6868
    4356      62.6732
    4357      55.7076
    4358      50.3402
    4359      48.0328
    4360      52.6463
    4361      53.3229
    4362      52.2662
    4363      51.3680
    4364      48.6938
    4365      51.0113
    4366      51.5960
    4367      50.4678
    4368      46.8925
    4369      47.9925
    4370      49.0232
    4371      46.7750
    4372      47.9797
    4373      47.6011
    4374      44.1095
    4375      44.2492
    4376      47.4684
    4377      44.8733
    4378      48.7939
    4379      50.4549
    4380      53.1304
    4381      52.9554
    4382      50.9174
    4383      48.6207
    4384      48.8811
    4385      51.2493
    4386      50.8104
    4387      50.5612
    4388      48.4057
    4389      53.3232
    4390      54.8890
    4391      53.8471
    4392      56.8803
    4393      50.2825
    4394      52.0981
    4395      51.8796
    4396      52.1040
    4397      46.8207
    4398      47.6600
    4399      46.9946
    4400      47.0458
    4401      44.4077
    4402      44.1601
    4403      42.1080
    4404      40.5152
    4405      42.7346
    4406      40.4040
    4407      43.1409
    4408      41.9694
    4409      46.7455
    4410      47.9425
    4411      45.5468
    4412      45.9341
    4413      46.2817
    4414      47.9868
    4415      50.5239
    4416      48.1790
    4417      50.6838
    4418      53.1776
    4419      49.2549
    4420      52.5688
    4421      54.3185
    4422      53.5903
    4423      50.8049
    4424      50.4769
    4425      51.8247
    4426      47.9009
    4427      43.2034
    4428      41.4961
    4429      47.3283
    4430      47.3974
    4431      50.0573
    4432      51.3937
    4433      51.4193
    4434      45.2359
    4435      45.3034
    4436      49.5499
    4437      52.6224
    4438      47.8527
    4439      46.4467
    4440      46.3460
    4441      52.5464
    4442      51.8402
    4443      46.0205
    4444      47.5326
    4445      42.3554
    4446      44.3778
    4447      41.8912
    4448      43.5441
    4449      49.2015
    4450      53.9997
    4451      50.9902
    4452      55.5051
    4453      52.4014
    4454      48.4398
    4455      58.1140
    4456      52.6080
    4457      52.6941
    4458      55.9589
    4459      52.5574
    4460      51.6366
    4461      52.1375
    4462      51.4588
    4463      54.2422
    4464      55.5637
    4465      51.1769
    4466      50.3832
    4467      51.5087
    4468      46.1660
    4469      53.7541
    4470      54.1389
    4471      53.0887
    4472      50.4028
    4473      48.2195
    4474      48.1900
    4475      51.7819
    4476      56.7998
    4477      49.3923
    4478      50.0567
    4479      49.6275
    4480      49.8565
    4481      51.0280
    4482      55.0971
    4483      57.0742
    4484      57.8136
    4485      53.5086
    4486      60.0618
    4487      59.6100
    4488      61.1846
    4489      59.9414
    4490      66.4341
    4491      66.1932
    4492      66.6053
    4493      63.2209
    4494      60.2261
    4495      60.5344
    4496      57.3894
    4497      54.1425
    4498      54.7749
    4499      57.4267
    4500      57.7573
    4501      58.3541
    4502      55.2838
    4503      52.4726
    4504      58.2724
    4505      55.2557
    4506      51.3138
    4507      52.4393
    4508      53.5085
    4509      55.3549
    4510      53.5744
    4511      53.0200
    4512      54.1175
    4513      47.7749
    4514      52.8398
    4515      52.5277
    4516      55.1138
    4517      52.2772
    4518      45.8591
    4519      46.8426
    4520      41.7734
    4521      52.3930
    4522      50.2083
    4523      48.3154
    4524      49.8693
    4525      50.0053
    4526      49.1839
    4527      47.1168
    4528      48.8689
    4529      50.2561
    4530      50.5592
    4531      47.2259
    4532      50.1167
    4533      46.1820
    4534      47.6638
    4535      52.2077
    4536      51.9531
    4537      56.5492
    4538      64.8662
    4539      62.7817
    4540      61.3089
    4541      59.3442
    4542      58.4901
    4543      54.4475
    4544      52.6668
    4545      48.5470
    4546      45.0607
    4547      38.1254
    4548      38.9282
    4549      39.7450
    4550      35.4558
    4551      31.5156
    4552      35.2896
    4553      38.2525
    4554      36.4796
    4555      38.7647
    4556      42.2718
    4557      43.6583
    4558      44.7503
    4559      44.2989
    4560      44.6957
    4561      43.1025
    4562      41.7118
    4563      45.3618
    4564      53.0294
    4565      51.3386
    4566      51.5672
    4567      51.3560
    4568      52.6509
    4569      56.5012
    4570      55.6068
    4571      50.6442
    4572      49.6042
    4573      48.1645
    4574      46.3411
    4575      51.8334
    4576      53.5895
    4577      47.6438
    4578      48.0567
    4579      47.3561
    4580      50.1599
    4581      49.9405
    4582      49.6358
    4583      51.2360
    4584      56.0555
    4585      50.9133
    4586      49.7422
    4587      46.2893
    4588      45.0538
    4589      45.9573
    4590      51.7548
    4591      50.5414
    4592      49.1378
    4593      47.1340
    4594      48.6181
    4595      49.1285
    4596      56.3066
    4597      54.7573
    4598      50.5870
    4599      57.2369
    4600      53.7234
    4601      50.2166
    4602      49.6586
    4603      49.7469
    4604      52.0103
    4605      47.3263
    4606      50.0799
    4607      48.0608
    4608      49.7924
    4609      50.6512
    4610      49.8161
    4611      51.3042
    4612      51.7179
    4613      50.0421
    4614      57.2696
    4615      53.0224
    4616      49.1244
    4617      50.3043
    4618      54.5752
    4619      48.0304
    4620      43.3236
    4621      46.3502
    4622      51.4370
    4623      52.3736
    4624      51.5864
    4625      48.3401
    4626      47.7014
    4627      49.5980
    4628      48.6115
    4629      44.4289
    4630      48.2978
    4631      48.9474
    4632      51.1562
    4633      48.1756
    4634      48.6858
    4635      46.2582
    4636      52.3007
    4637      48.1558
    4638      50.0721
    4639      58.2861
    4640      63.9289
    4641      59.3330
    4642      57.8388
    4643      59.5536
    4644      59.2905
    4645      51.7616
    4646      51.7503
    4647      48.0837
    4648      46.9531
    4649      52.7936
    4650      53.0108
    4651      55.6569
    4652      60.2005
    4653      60.4442
    4654      57.3369
    4655      55.0329
    4656      55.0606
    4657      55.6889
    4658      51.0448
    4659      48.9305
    4660      54.3992
    4661      55.3116
    4662      56.1573
    4663      52.0069
    4664      48.6502
    4665      52.2231
    4666      55.6646
    4667      50.4929
    4668      49.5674
    4669      49.5280
    4670      48.8962
    4671      54.2339
    4672      62.0703
    4673      57.4994
    4674      56.3924
    4675      55.6373
    4676      53.8589
    4677      48.6508
    4678      51.2162
    4679      51.9968
    4680      50.3466
    4681      51.7176
    4682      51.8886
    4683      49.9403
    4684      51.5845
    4685      44.6778
    4686      48.9519
    4687      47.1211
    4688      48.4883
    4689      51.4378
    4690      56.6707
    4691      53.8300
    4692      50.7916
    4693      43.8422
    4694      47.4837
    4695      39.9695
    4696      42.5871
    4697      45.4563
    4698      40.8843
    4699      38.8905
    4700      40.4342
    4701      47.4410
    4702      45.8947
    4703      47.7811
    4704      46.5701
    4705      50.0968
    4706      48.8680
    4707      49.7427
    4708      47.7729
    4709      47.5313
    4710      44.3629
    4711      42.5356
    4712      46.6562
    4713      46.8957
    4714      47.8533
    4715      49.1966
    4716      48.5543
    4717      49.0673
    4718      51.2564
    4719      54.6354
    4720      54.8715
    4721      50.7597
    4722      48.3594
    4723      49.8408
    4724      50.0500
    4725      53.3858
    4726      47.4534
    4727      49.4399
    4728      54.3311
    4729      51.6130
    4730      50.6071
    4731      51.6610
    4732      51.1282
    4733      47.4560
    4734      46.4829
    4735      43.1527
    4736      47.9399
    4737      48.4819
    4738      50.9387
    4739      47.4818
    4740      47.8110
    4741      48.1217
    4742      46.3114
    4743      49.0543
    4744      44.6332
    4745      45.5432
    4746      43.1850
    4747      45.4514
    4748      46.3067
    4749      43.2923
    4750      42.8033
    4751      42.2444
    4752      40.7498
    4753      39.2912
    4754      43.9456
    4755      48.2645
    4756      52.1728
    4757      55.9948
    4758      53.1405
    4759      51.1762
    4760      51.5471
    4761      46.6188
    4762      45.1945
    4763      51.5239
    4764      47.2094
    4765      46.8218
    4766      47.4024
    4767      48.1125
    4768      45.0601
    4769      44.4891
    4770      42.5947
    4771      43.3808
    4772      42.8092
    4773      41.2628
    4774      45.3857
    4775      43.0483
    4776      45.6546
    4777      44.2789
    4778      45.8286
    4779      44.7786
    4780      45.7967
    4781      49.5697
    4782      49.2279
    4783      45.5574
    4784      46.2121
    4785      47.7356
    4786      49.7702
    4787      53.8727
    4788      52.6075
    4789      53.2839
    4790      51.0797
    4791      44.5346
    4792      48.7709
    4793      52.0163
    4794      54.4951
    4795      52.5010
    4796      52.1171
    4797      48.0662
    4798      46.7716
    4799      47.1042
    4800      53.7212
    4801      53.5387
    4802      50.0778
    4803      55.0853
    4804      57.6871
    4805      54.2741
    4806      51.5003
    4807      53.3460
    4808      49.6725
    4809      49.6650
    4810      44.8569
    4811      51.0383
    4812      48.2332
    4813      46.0915
    4814      47.1183
    4815      48.1008
    4816      50.9118
    4817      46.4880
    4818      43.8072
    4819      48.7373
    4820      55.2431
    4821      50.6834
    4822      56.7288
    4823      51.8137
    4824      50.3215
    4825      47.4590
    4826      47.7044
    4827      47.7147
    4828      45.9057
    4829      42.3240
    4830      47.7862
    4831      48.3765
    4832      49.9715
    4833      44.2422
    4834      48.6604
    4835      52.0413
    4836      52.2411
    4837      46.3327
    4838      54.5510
    4839      50.6605
    4840      50.6955
    4841      51.3391
    4842      54.2612
    4843      54.3929
    4844      45.4173
    4845      39.5090
    4846      43.4353
    4847      45.3889
    4848      49.1340
    4849      42.2187
    4850      42.5547
    4851      42.2536
    4852      45.0607
    4853      43.2180
    4854      41.4542
    4855      38.8286
    4856      40.9168
    4857      40.4301
    4858      42.8940
    4859      45.8796
    4860      48.3541
    4861      46.2224
    4862      42.1408
    4863      47.3117
    4864      55.0630
    4865      52.0561
    4866      47.1887
    4867      43.5519
    4868      44.9162
    4869      44.6475
    4870      44.1839
    4871      48.5871
    4872      46.3636
    4873      46.4564
    4874      48.2069
    4875      45.4390
    4876      47.5713
    4877      47.9629
    4878      44.7989
    4879      44.4195
    4880      42.6032
    4881      36.9330
    4882      39.5644
    4883      45.5681
    4884      47.9172
    4885      51.5840
    4886      56.0702
    4887      55.4430
    4888      55.6525
    4889      53.8679
    4890      55.2352
    4891      57.1506
    4892      58.4343
    4893      64.5234
    4894      58.9745
    4895      60.8499
    4896      55.9010
    4897      52.3937
    4898      54.5238
    4899      55.6517
    4900      51.5609
    4901      44.0516
    4902      48.6478
    4903      54.4134
    4904      50.4947
    4905      51.6600
    4906      56.4864
    4907      55.1446
    4908      54.4532
    4909      49.7218
    4910      49.5516
    4911      56.0257
    4912      54.9641
    4913      51.5540
    4914      56.0338
    4915      60.8921
    4916      59.8624
    4917      56.5716
    4918      60.4044
    4919      58.4679
    4920      53.5168
    4921      49.4277
    4922      50.7448
    4923      54.1579
    4924      53.1708
    4925      46.0107
    4926      46.1965
    4927      48.9532
    4928      46.6366
    4929      48.1183
    4930      45.8695
    4931      40.4578
    4932      45.9137
    4933      46.1033
    4934      49.6861
    4935      45.7666
    4936      47.5823
    4937      47.1052
    4938      47.4146
    4939      42.1468
    4940      44.6535
    4941      46.6371
    4942      50.0288
    4943      50.8178
    4944      49.4846
    4945      47.4709
    4946      47.7558
    4947      48.3808
    4948      46.0082
    4949      43.0544
    4950      43.2272
    4951      42.4557
    4952      41.3540
    4953      47.8336
    4954      46.6026
    4955      43.1409
    4956      45.5238
    4957      44.7478
    4958      49.6830
    4959      50.4990
    4960      48.5319
    4961      46.6895
    4962      48.7737
    4963      49.7778
    4964      48.2445
    4965      41.4806
    4966      43.8093
    4967      48.0936
    4968      46.7624
    4969      45.0291
    4970      44.5748
    4971      46.2448
    4972      43.4476
    4973      43.2575
    4974      43.7039
    4975      41.1694
    4976      46.7188
    4977      44.8749
    4978      47.2399
    4979      48.3538
    4980      43.5130
    4981      38.3190
    4982      36.4122
    4983      41.5247
    4984      40.2639
    4985      41.5848
    4986      42.4876
    4987      41.9331
    4988      43.6113
    4989      44.6723
    4990      44.4800
    4991      37.8767
    4992      35.1463
    4993      41.4679
    4994      45.2685
    4995      42.4610
    4996      41.5547
    4997      45.6618
    4998      45.8872
    4999      42.2221
    5000      44.3409
    5001      42.2577
    5002      40.7238
    5003      38.2873
    5004      42.1618
    5005      44.4726
    5006      43.7014
    5007      49.3848
    5008      47.7475
    5009      46.8020
    5010      54.0555
    5011      54.0951
    5012      55.1498
    5013      50.9603
    5014      46.1622
    5015      42.4969
    5016      41.6344
    5017      44.5743
    5018      47.0540
    5019      52.9657
    5020      45.9729
    5021      47.6193
    5022      44.7539
    5023      44.5140
    5024      47.8672
    5025      45.2823
    5026      44.7892
    5027      42.1405
    5028      47.2292
    5029      46.2740
    5030      43.5596
    5031      44.5727
    5032      53.2223
    5033      51.5474
    5034      51.3425
    5035      44.0207
    5036      43.9219
    5037      50.3281
    5038      53.9546
    5039      51.7131
    5040      50.4619
    5041      48.2207
    5042      45.1754
    5043      46.6965
    5044      49.0771
    5045      50.1473
    5046      53.8153
    5047      50.6711
    5048      48.5064
    5049      45.6146
    5050      46.5289
    5051      50.7960
    5052      55.6757
    5053      59.5347
    5054      58.0979
    5055      54.4858
    5056      55.4780
    5057      58.6959
    5058      62.8458
    5059      62.3019
    5060      61.8676
    5061      64.0541
    5062      69.2932
    5063      65.3260
    5064      56.9183
    5065      59.3418
    5066      60.0748
    5067      59.3773
    5068      52.5779
    5069      54.5614
    5070      50.8688
    5071      48.9502
    5072      47.1678
    5073      45.2972
    5074      51.0261
    5075      52.9659
    5076      49.4871
    5077      49.4572
    5078      44.7152
    5079      40.1541
    5080      45.1203
    5081      48.4612
    5082      47.5707
    5083      42.3352
    5084      45.4491
    5085      44.9859
    5086      41.8629
    5087      43.9767
    5088      41.6502
    5089      45.2110
    5090      39.5965
    5091      42.4190
    5092      42.3795
    5093      40.2947
    5094      42.1136
    5095      46.3625
    5096      45.0720
    5097      49.7006
    5098      47.3181
    5099      46.3617
    5100      45.6520
    5101      43.9553
    5102      48.5346
    5103      52.0327
    5104      50.7543
    5105      52.7131
    5106      50.9087
    5107      51.1832
    5108      55.5932
    5109      55.6565
    5110      59.6467
    5111      58.2845
    5112      58.6665
    5113      51.8723
    5114      46.3432
    5115      47.8709
    5116      47.7323
    5117      50.4183
    5118      46.8627
    5119      47.8264
    5120      48.4656
    5121      44.1776
    5122      45.3607
    5123      47.5715
    5124      53.2181
    5125      55.1137
    5126      53.4183
    5127      53.1977
    5128      52.2521
    5129      57.1002
    5130      52.4512
    5131      53.4785
    5132      50.4361
    5133      49.1087
    5134      48.9888
    5135      53.6594
    5136      48.9089
    5137      54.8703
    5138      57.6620
    5139      55.3897
    5140      55.6270
    5141      56.6937
    5142      49.8271
    5143      52.8751
    5144      55.6261
    5145      54.2990
    5146      52.2089
    5147      53.4931
    5148      53.7581
    5149      57.7607
    5150      56.1556
    5151      55.4735
    5152      61.4047
    5153      66.1069
    5154      65.2699
    5155      65.0450
    5156      61.9502
    5157      63.1607
    5158      64.6980
    5159      65.6179
    5160      71.4336
    5161      75.3620
    5162      79.8547
    5163      76.8869
    5164      70.1441
    5165      69.2641
    5166      72.5621
    5167      70.6681
    5168      71.6044
    5169      70.6567
    5170      71.6551
    5171      65.4552
    5172      71.7154
    5173      66.2726
    5174      58.5539
    5175      62.7053
    5176      57.0535
    5177      56.2945
    5178      52.4014
    5179      50.4305
    5180      48.7709
    5181      48.1745
    5182      50.8796
    5183      50.5538
    5184      51.8498
    5185      53.0595
    5186      45.5255
    5187      47.7009
    5188      47.5735
    5189      51.1125
    5190      51.1826
    5191      53.9693
    5192      52.2415
    5193      55.6433
    5194      54.7801
    5195      52.8998
    5196      47.7458
    5197      50.6725
    5198      53.5868
    5199      60.3794
    5200      57.4298
    5201      57.5863
    5202      51.9782
    5203      51.9858
    5204      52.2368
    5205      48.9112
    5206      43.1352
    5207      37.4824
    5208      37.9548
    5209      40.8171
    5210      42.7724
    5211      48.6066
    5212      48.7137
    5213      52.8843
    5214      56.0981
    5215      53.9833
    5216      57.6246
    5217      59.0955
    5218      65.3829
    5219      59.4860
    5220      56.2805
    5221      49.7907
    5222      51.0266
    5223      49.4498
    5224      49.8545
    5225      58.9956
    5226      54.6185
    5227      55.3056
    5228      55.5060
    5229      56.9428
    5230      54.2595
    5231      55.3222
    5232      48.3974
    5233      51.3140
    5234      44.4048
    5235      44.7350
    5236      53.8076
    5237      51.7693
    5238      54.3533
    5239      51.1127
    5240      48.6769
    5241      40.8383
    5242      46.3605
    5243      47.7223
    5244      42.0727
    5245      39.9927
    5246      38.4725
    5247      36.7445
    5248      33.4699
    5249      35.0698
    5250      40.4806
    5251      49.4474
    5252      45.3343
    5253      46.3738
    5254      45.1153
    5255      42.8600
    5256      47.5768
    5257      46.7328
    5258      49.4445
    5259      46.8354
    5260      46.4510
    5261      44.9522
    5262      46.2058
    5263      50.9778
    5264      49.6845
    5265      56.2671
    5266      59.3309
    5267      56.0855
    5268      55.4049
    5269      55.1812
    5270      52.1311
    5271      49.7420
    5272      48.9883
    5273      47.8785
    5274      52.1958
    5275      48.3641
    5276      51.9565
    5277      53.7426
    5278      51.8817
    5279      48.6379
    5280      46.8607
    5281      44.5792
    5282      42.8882
    5283      47.3384
    5284      50.4181
    5285      43.5746
    5286      45.6221
    5287      47.6113
    5288      44.4268
    5289      43.4879
    5290      48.3466
    5291      48.3337
    5292      46.6065
    5293      46.8927
    5294      47.2211
    5295      55.2824
    5296      52.9288
    5297      51.9040
    5298      49.8923
    5299      46.3374
    5300      46.2385
    5301      46.9293
    5302      46.5538
    5303      47.4035
    5304      52.1279
    5305      51.8743
    5306      47.8278
    5307      47.5362
    5308      47.3333
    5309      48.0887
    5310      51.9689
    5311      47.5774
    5312      46.6995
    5313      49.4487
    5314      45.6100
    5315      47.5831
    5316      47.3919
    5317      54.1375
    5318      52.8136
    5319      51.3389
    5320      52.2525
    5321      52.0354
    5322      51.3506
    5323      52.8383
    5324      47.3295
    5325      49.6836
    5326      49.5221
    5327      49.8513
    5328      49.5768
    5329      49.6898
    5330      47.3183
    5331      48.6557
    5332      48.8420
    5333      46.0272
    5334      47.8721
    5335      49.4888
    5336      56.4020
    5337      49.0163
    5338      42.4752
    5339      41.4518
    5340      45.8931
    5341      47.0532
    5342      49.9435
    5343      50.5899
    5344      55.3993
    5345      54.7114
    5346      48.5594
    5347      54.5980
    5348      49.0375
    5349      48.5102
    5350      48.2777
    5351      52.0238
    5352      50.4672
    5353      47.8192
    5354      54.8848
    5355      51.6092
    5356      54.1641
    5357      53.6815
    5358      53.6465
    5359      56.7708
    5360      55.9165
    5361      56.7535
    5362      57.0396
    5363      51.3612
    5364      49.7653
    5365      48.9178
    5366      51.6240
    5367      48.0123
    5368      50.1129
    5369      50.8574
    5370      47.2212
    5371      53.1167
    5372      54.3011
    5373      59.6400
    5374      61.1546
    5375      51.7964
    5376      48.5473
    5377      49.0848
    5378      50.7387
    5379      48.6090
    5380      51.3897
    5381      52.6983
    5382      45.9389
    5383      48.6242
    5384      46.2921
    5385      49.3620
    5386      52.8507
    5387      45.2361
    5388      46.4002
    5389      43.7546
    5390      46.6002
    5391      52.3254
    5392      52.9384
    5393      55.6888
    5394      54.0277
    5395      50.8528
    5396      54.2260
    5397      52.3724
    5398      48.8854
    5399      51.5053
    5400      47.2533
    5401      47.3948
    5402      43.6654
    5403      42.7367
    5404      43.9707
    5405      48.3554
    5406      49.4857
    5407      44.7147
    5408      48.4237
    5409      47.1492
    5410      46.3444
    5411      46.5849
    5412      47.1765
    5413      45.7088
    5414      45.7509
    5415      45.5477
    5416      44.0092
    5417      48.5610
    5418      47.8338
    5419      47.9359
    5420      49.4226
    5421      52.0816
    5422      52.8615
    5423      48.3413
    5424      52.4398
    5425      52.1457
    5426      54.9656
    5427      55.9572
    5428      55.6683
    5429      53.4124
    5430      50.7047
    5431      54.5913
    5432      50.8092
    5433      48.7255
    5434      49.2037
    5435      50.1517
    5436      48.2875
    5437      47.3807
    5438      46.8498
    5439      45.1139
    5440      44.8990
    5441      43.1969
    5442      47.0153
    5443      43.5519
    5444      43.1585
    5445      44.7852
    5446      48.9763
    5447      46.4935
    5448      47.0851
    5449      46.2687
    5450      45.8969
    5451      48.2128
    5452      45.9546
    5453      44.0430
    5454      42.7499
    5455      46.4470
    5456      47.4555
    5457      52.3348
    5458      53.9972
    5459      55.1936
    5460      48.3818
    5461      46.5721
    5462      45.1430
    5463      54.3039
    5464      54.5124
    5465      53.5289
    5466      47.5470
    5467      46.9035
    5468      50.3563
    5469      45.5369
    5470      46.8141
    5471      49.4184
    5472      47.9077
    5473      45.6291
    5474      43.8349
    5475      48.6656
    5476      50.6115
    5477      48.2948
    5478      48.4021
    5479      47.8011
    5480      47.4792
    5481      43.5001
    5482      41.3823
    5483      43.6041
    5484      37.7861
    5485      43.2832
    5486      51.2456
    5487      50.6505
    5488      53.9999
    5489      53.3297
    5490      50.7514
    5491      44.4045
    5492      49.7548
    5493      50.7201
    5494      46.8978
    5495      47.1544
    5496      48.9170
    5497      50.2768
    5498      48.9316
    5499      56.2478
    5500      59.1016
    5501      59.4305
    5502      57.8208
    5503      54.8173
    5504      54.0009
    5505      49.9096
    5506      47.0859
    5507      50.9049
    5508      56.8942
    5509      54.3800
    5510      51.3983
    5511      52.1681
    5512      55.7028
    5513      53.5534
    5514      49.6998
    5515      50.1357
    5516      44.8051
    5517      43.1615
    5518      50.8649
    5519      56.1460
    5520      53.9190
    5521      48.6815
    5522      49.7391
    5523      48.2192
    5524      47.0468
    5525      48.3442
    5526      53.9106
    5527      47.8286
    5528      50.4902
    5529      46.7069
    5530      43.9176
    5531      41.7312
    5532      32.7310
    5533      42.9419
    5534      45.2587
    5535      44.6577
    5536      43.9541
    5537      42.8143
    5538      45.3884
    5539      45.6875
    5540      41.5060
    5541      41.2876
    5542      39.4154
    5543      42.2672
    5544      45.4175
    5545      42.1986
    5546      42.7745
    5547      42.6736
    5548      42.2182
    5549      42.2974
    5550      38.4712
    5551      40.4907
    5552      39.0474
    5553      39.9691
    5554      39.6523
    5555      32.9221
    5556      32.5115
    5557      37.2724
    5558      36.7697
    5559      40.5866
    5560      41.1116
    5561      42.0628
    5562      46.5371
    5563      42.3364
    5564      34.6028
    5565      39.7435
    5566      44.5274
    5567      38.5910
    5568      35.7432
    5569      34.2163
    5570      36.9042
    5571      35.8982
    5572      41.0407
    5573      37.8775
    5574      36.9461
    5575      34.8370
    5576      34.5137
    5577      31.4722
    5578      31.7882
    5579      38.1521
    5580      38.9382
    5581      42.4453
    5582      41.9705
    5583      43.0376
    5584      42.8965
    5585      40.6279
    5586      43.9502
    5587      38.7731
    5588      39.0669
    5589      39.9148
    5590      38.6549
    5591      36.5895
    5592      39.7448
    5593      38.0795
    5594      35.8374
    5595      38.5057
    5596      39.5349
    5597      40.4169
    5598      40.0734
    5599      40.4641
    5600      44.8388
    5601      47.3920
    5602      51.2048
    5603      51.5540
    5604      54.7511
    5605      57.9993
    5606      57.3332
    5607      54.3594
    5608      56.3092
    5609      60.2404
    5610      62.7624
    5611      59.7177
    5612      56.2467
    5613      48.8530
    5614      46.1235
    5615      51.8654
    5616      52.2531
    5617      56.4689
    5618      58.1870
    5619      62.1778
    5620      58.9838
    5621      59.2463
    5622      61.9220
    5623      59.4832
    5624      60.3917
    5625      55.6848
    5626      54.1993
    5627      55.9702
    5628      54.0294
    5629      53.1083
    5630      53.8931
    5631      54.4526
    5632      55.8800
    5633      60.2706
    5634      61.3141
    5635      62.4120
    5636      64.2649
    5637      64.8640
    5638      68.6275
    5639      63.8494
    5640      65.7760
    5641      62.7880
    5642      62.2883
    5643      63.7818
    5644      70.4704
    5645      70.0344
    5646      70.0126
    5647      69.7346
    5648      66.5965
    5649      70.5968
    5650      72.5125
    5651      70.5706
    5652      68.6829
    5653      63.5069
    5654      66.7487
    5655      69.1818
    5656      69.5812
    5657      71.5847
    5658      73.3231
    5659      72.6430
    5660      69.2364
    5661      65.8966
    5662      67.0663
    5663      70.0821
    5664      63.6065
    5665      67.8554
    5666      63.8884
    5667      65.5505
    5668      63.3036
    5669      59.4285
    5670      56.9117
    5671      53.4249
    5672      55.2275
    5673      55.4443
    5674      52.2084
    5675      55.8764
    5676      51.8353
    5677      58.3187
    5678      60.0140
    5679      57.2051
    5680      56.2885
    5681      54.5317
    5682      55.8367
    5683      57.3435
    5684      60.0191
    5685      50.9972
    5686      52.8104
    5687      53.3847
    5688      48.7631
    5689      47.9026
    5690      48.6440
    5691      46.4240
    5692      48.1967
    5693      50.2683
    5694      47.2720
    5695      47.4249
    5696      45.0240
    5697      46.8246
    5698      46.7933
    5699      46.5743
    5700      42.3798
    5701      36.6178
    5702      41.9256
    5703      45.1432
    5704      45.5599
    5705      44.5454
    5706      40.9488
    5707      42.7541
    5708      45.3769
    5709      47.5818
    5710      46.4698
    5711      46.8282
    5712      40.9883
    5713      46.6400
    5714      50.5578
    5715      51.8830
    5716      42.7164
    5717      44.1510
    5718      45.2021
    5719      46.6521
    5720      38.9499
    5721      39.9881
    5722      43.0965
    5723      45.1302
    5724      48.4930
    5725      51.6257
    5726      52.2267
    5727      47.3531
    5728      50.8609
    5729      47.2741
    5730      43.6030
    5731      41.5038
    5732      45.1223
    5733      40.9426
    5734      41.0017
    5735      41.4410
    5736      39.4110
    5737      40.9151
    5738      41.5928
    5739      44.2628
    5740      44.2822
    5741      40.4813
    5742      35.9373
    5743      38.9294
    5744      37.0881
    5745      43.1515
    5746      52.1862
    5747      52.0156
    5748      51.0422
    5749      51.0432
    5750      46.8153
    5751      41.9142
    5752      51.2150
    5753      50.1452
    5754      54.7888
    5755      46.5146
    5756      46.5251
    5757      41.7715
    5758      45.6716
    5759      50.7240
    5760      47.9403
    5761      49.3168
    5762      49.2994
    5763      49.9711
    5764      48.9781
    5765      46.1265
    5766      46.1469
    5767      47.8123
    5768      45.4226
    5769      50.4652
    5770      53.2166
    5771      51.4322
    5772      51.3535
    5773      55.3185
    5774      56.0079
    5775      54.7482
    5776      52.4811
    5777      42.5887
    5778      44.6144
    5779      44.6756
    5780      40.9265
    5781      42.1458
    5782      40.7510
    5783      35.4366
    5784      44.5358
    5785      44.3842
    5786      45.9843
    5787      44.5143
    5788      45.4938
    5789      48.2963
    5790      52.0751
    5791      48.6787
    5792      43.9148
    5793      48.5038
    5794      55.2554
    5795      51.9459
    5796      46.5185
    5797      50.2443
    5798      52.7313
    5799      56.5803
    5800      49.9779
    5801      50.8344
    5802      46.7032
    5803      43.2491
    5804      46.5591
    5805      46.6123
    5806      45.6158
    5807      47.4023
    5808      50.0063
    5809      45.5143
    5810      46.4878
    5811      44.6059
    5812      43.5140
    5813      42.6106
    5814      42.8751
    5815      43.4502
    5816      44.2575
    5817      42.7879
    5818      41.4400
    5819      43.0460
    5820      45.7027
    5821      39.4173
    5822      39.1569
    5823      46.9971
    5824      52.6775
    5825      50.1095
    5826      49.3871
    5827      48.9918
    5828      50.6568
    5829      51.8283
    5830      44.5787
    5831      46.9608
    5832      48.5078
    5833      48.3007
    5834      46.3113
    5835      48.3137
    5836      48.7474
    5837      48.0393
    5838      46.2871
    5839      45.9481
    5840      48.7682
    5841      51.0052
    5842      47.6448
    5843      46.2328
    5844      45.0133
    5845      46.2625
    5846      46.5030
    5847      48.7048
    5848      45.8955
    5849      47.8367
    5850      47.4453
    5851      52.6273
    5852      52.7460
    5853      54.8188
    5854      54.3420
    5855      49.3703
    5856      47.8300
    5857      42.1979
    5858      45.2373
    5859      50.9102
    5860      49.5379
    5861      46.0455
    5862      44.2619
    5863      44.3873
    5864      48.0429
    5865      44.3733
    5866      45.3833
    5867      46.0257
    5868      45.2415
    5869      43.9464
    5870      44.8503
    5871      45.5020
    5872      48.5150
    5873      49.5863
    5874      46.1718
    5875      43.9083
    5876      43.8980
    5877      46.8483
    5878      47.2680
    5879      43.4835
    5880      47.5126
    5881      52.3233
    5882      48.5357
    5883      46.5501
    5884      47.6191
    5885      42.8564
    5886      38.7607
    5887      41.7387
    5888      44.0504
    5889      51.3541
    5890      53.7909
    5891      55.8981
    5892      55.8759
    5893      57.1921
    5894      56.0154
    5895      60.8650
    5896      59.2923
    5897      58.2983
    5898      57.0977
    5899      53.6957
    5900      50.1999
    5901      52.5092
    5902      54.0641
    5903      49.9606
    5904      52.2299
    5905      49.4825
    5906      52.9963
    5907      49.9418
    5908      52.9879
    5909      50.4908
    5910      51.7829
    5911      49.0606
    5912      58.5388
    5913      57.6903
    5914      51.3301
    5915      51.5087
    5916      48.5063
    5917      48.2358
    5918      47.0649
    5919      47.7347
    5920      47.0959
    5921      45.5426
    5922      49.7144
    5923      48.2980
    5924      57.3484
    5925      55.3117
    5926      58.7882
    5927      54.7525
    5928      56.6150
    5929      59.7210
    5930      53.2456
    5931      58.3251
    5932      58.8263
    5933      56.6147
    5934      55.8274
    5935      52.5364
    5936      54.1034
    5937      57.1524
    5938      57.2660
    5939      60.5264
    5940      59.0599
    5941      57.9612
    5942      56.9642
    5943      62.6805
    5944      59.3793
    5945      54.3558
    5946      54.1334
    5947      50.6715
    5948      48.8990
    5949      47.9532
    5950      47.7711
    5951      46.7602
    5952      47.0275
    5953      47.6550
    5954      48.9154
    5955      44.1955
    5956      45.8414
    5957      48.6095
    5958      45.6199
    5959      49.7194
    5960      47.0158
    5961      47.2891
    5962      49.0205
    5963      45.6166
    5964      46.1026
    5965      48.9839
    5966      49.7442
    5967      54.0127
    5968      45.6661
    5969      47.7704
    5970      46.7167
    5971      51.6445
    5972      50.5005
    5973      49.3559
    5974      48.3859
    5975      48.7607
    5976      51.6317
    5977      50.0241
    5978      53.4780
    5979      50.7571
    5980      52.0561
    5981      56.0474
    5982      54.2886
    5983      57.6017
    5984      55.2461
    5985      55.9632
    5986      55.8537
    5987      54.8677
    5988      54.3212
    5989      54.1288
    5990      58.0118
    5991      58.1259
    5992      57.8224
    5993      62.5250
    5994      61.0432
    5995      56.0050
    5996      56.8165
    5997      56.7471
    5998      54.2273
    5999      57.6484
    6000      55.6453
    6001      51.4405
    6002      54.3606
    6003      56.4862
    6004      55.5487
    6005      50.4898
    6006      52.3695
    6007      49.0918
    6008      50.6715
    6009      52.5806
    6010      55.3921
    6011      54.3034
    6012      58.8210
    6013      59.8309
    6014      54.0945
    6015      56.7762
    6016      54.2011
    6017      54.3442
    6018      59.4827
    6019      55.0348
    6020      52.7284
    6021      54.4040
    6022      57.1119
    6023      52.4872
    6024      56.8650
    6025      53.0989
    6026      56.4471
    6027      51.7366
    6028      51.4479
    6029      50.9533
    6030      53.6868
    6031      52.2743
    6032      51.0295
    6033      55.5387
    6034      55.2017
    6035      53.0513
    6036      51.1011
    6037      52.9767
    6038      53.8399
    6039      52.7975
    6040      51.5187
    6041      53.0043
    6042      45.8100
    6043      47.1795
    6044      43.7090
    6045      42.1646
    6046      43.7712
    6047      45.3068
    6048      48.9394
    6049      45.3411
    6050      44.0655
    6051      47.7869
    6052      51.4876
    6053      51.6465
    6054      51.6117
    6055      52.5578
    6056      50.3447
    6057      49.5800
    6058      48.1359
    6059      52.3137
    6060      58.7541
    6061      57.2419
    6062      55.3144
    6063      54.7131
    6064      51.4534
    6065      46.7481
    6066      45.4466
    6067      50.8300
    6068      53.7820
    6069      56.0644
    6070      50.2730
    6071      48.1060
    6072      45.2047
    6073      52.0448
    6074      48.0825
    6075      44.1525
    6076      46.1221
    6077      46.1075
    6078      50.5199
    6079      48.5619
    6080      48.8615
    6081      49.7639
    6082      52.0460
    6083      56.4309
    6084      53.0721
    6085      51.1567
    6086      49.0109
    6087      49.3720
    6088      51.5262
    6089      50.9864
    6090      51.3742
    6091      51.4539
    6092      43.6076
    6093      42.4623
    6094      51.5642
    6095      50.3335
    6096      53.1103
    6097      56.4392
    6098      60.4998
    6099      60.0157
    6100      56.2993
    6101      55.6714
    6102      51.6814
    6103      56.3221
    6104      57.7680
    6105      52.1217
    6106      51.4652
    6107      51.0533
    6108      42.0272
    6109      45.4559
    6110      50.1917
    6111      43.3701
    6112      44.3765
    6113      45.1001
    6114      44.8194
    6115      47.9474
    6116      49.2900
    6117      45.3325
    6118      52.3901
    6119      49.4399
    6120      47.7493
    6121      48.6003
    6122      41.1757
    6123      44.5542
    6124      45.1830
    6125      47.3720
    6126      49.7678
    6127      46.2365
    6128      47.1687
    6129      47.6214
    6130      51.6348
    6131      49.3217
    6132      50.1980
    6133      49.8172
    6134      51.8183
    6135      54.8500
    6136      48.3996
    6137      50.4774
    6138      45.3731
    6139      48.1248
    6140      46.7786
    6141      50.7049
    6142      48.0137
    6143      44.7084
    6144      45.0908
    6145      47.8115
    6146      45.7679
    6147      50.4719
    6148      49.1882
    6149      45.3905
    6150      53.5035
    6151      50.3686
    6152      47.5982
    6153      49.0534
    6154      45.4581
    6155      53.3980
    6156      50.5991
    6157      49.4659
    6158      50.4956
    6159      49.5909
    6160      49.9849
    6161      45.2207
    6162      46.8029
    6163      50.4845
    6164      55.1110
    6165      57.0320
    6166      53.4357
    6167      57.6751
    6168      54.6807
    6169      47.7428
    6170      42.9704
    6171      41.7669
    6172      39.4914
    6173      43.4710
    6174      50.0169
    6175      54.7712
    6176      49.7866
    6177      48.6161
    6178      51.7177
    6179      58.1782
    6180      57.8875
    6181      53.5410
    6182      57.3398
    6183      54.5867
    6184      51.7040
    6185      52.8123
    6186      53.7095
    6187      51.7646
    6188      49.4750
    6189      51.9208
    6190      51.7754
    6191      54.2356
    6192      59.2144
    6193      58.8357
    6194      58.9541
    6195      61.4842
    6196      61.4066
    6197      58.1787
    6198      57.9977
    6199      60.2856
    6200      58.9031
    6201      55.9244
    6202      56.8516
    6203      52.7997
    6204      54.3641
    6205      48.8282
    6206      51.6916
    6207      55.1776
    6208      59.5020
    6209      58.2848
    6210      57.6087
    6211      58.6138
    6212      54.0318
    6213      49.8009
    6214      50.6185
    6215      52.8224
    6216      58.3853
    6217      52.1739
    6218      55.6699
    6219      53.4871
    6220      53.5000
    6221      50.2916
    6222      54.8489
    6223      51.1355
    6224      54.6475
    6225      52.8682
    6226      48.2426
    6227      50.3595
    6228      54.7743
    6229      49.6857
    6230      49.0287
    6231      49.3350
    6232      51.5132
    6233      59.1685
    6234      54.9618
    6235      50.1837
    6236      49.7104
    6237      49.8863
    6238      48.2529
    6239      45.6687
    6240      47.6024
    6241      47.9872
    6242      50.4551
    6243      48.6658
    6244      48.9536
    6245      52.7982
    6246      52.7317
    6247      54.0631
    6248      48.1048
    6249      48.5147
    6250      45.2564
    6251      44.6411
    6252      46.8283
    6253      49.7385
    6254      50.9428
    6255      51.5860
    6256      52.5934
    6257      53.0762
    6258      52.8907
    6259      55.6053
    6260      54.8025
    6261      49.1289
    6262      52.3900
    6263      54.2672
    6264      47.4332
    6265      46.1009
    6266      47.6043
    6267      47.8292
    6268      50.9303
    6269      50.4620
    6270      51.8051
    6271      50.1690
    6272      50.8167
    6273      48.7530
    6274      49.3419
    6275      48.1437
    6276      51.1923
    6277      48.9978
    6278      49.4601
    6279      49.3010
    6280      54.4247
    6281      53.8770
    6282      54.5875
    6283      55.9432
    6284      50.4199
    6285      52.2748
    6286      49.6623
    6287      52.1581
    6288      51.6494
    6289      48.9197
    6290      53.9604
    6291      50.6025
    6292      53.6425
    6293      52.4571
    6294      49.3459
    6295      45.1783
    6296      47.8360
    6297      51.0935
    6298      48.1039
    6299      51.1799
    6300      47.7896
    6301      48.7612
    6302      47.2455
    6303      42.3897
    6304      41.0304
    6305      43.2295
    6306      44.7826
    6307      41.7272
    6308      43.6003
    6309      49.1616
    6310      49.8618
    6311      50.6962
    6312      44.9211
    6313      45.7374
    6314      44.5476
    6315      46.7001
    6316      46.0588
    6317      45.0611
    6318      45.4351
    6319      44.1423
    6320      46.4158
    6321      43.2750
    6322      44.5652
    6323      49.7726
    6324      43.7882
    6325      47.7693
    6326      45.6337
    6327      50.5220
    6328      50.3409
    6329      45.1929
    6330      42.7883
    6331      40.8583
    6332      43.1018
    6333      49.1506
    6334      46.6025
    6335      46.1259
    6336      38.8516
    6337      35.9831
    6338      43.3159
    6339      42.9870
    6340      44.2370
    6341      46.0424
    6342      42.7226
    6343      43.9382
    6344      46.1645
    6345      54.5201
    6346      56.0207
    6347      55.2367
    6348      54.1083
    6349      49.9491
    6350      48.7770
    6351      49.3036
    6352      54.1624
    6353      54.6142
    6354      50.4766
    6355      45.5381
    6356      48.5128
    6357      47.8752
    6358      46.0701
    6359      45.4995
    6360      49.1854
    6361      47.9069
    6362      48.2160
    6363      50.7919
    6364      50.4872
    6365      49.4078
    6366      50.3156
    6367      48.0766
    6368      49.4580
    6369      49.2336
    6370      44.7982
    6371      40.8162
    6372      42.3274
    6373      46.2074
    6374      41.3124
    6375      42.3835
    6376      46.1679
    6377      44.6914
    6378      41.9332
    6379      45.6110
    6380      40.9361
    6381      42.7824
    6382      45.1047
    6383      49.2120
    6384      50.8611
    6385      49.0309
    6386      45.2966
    6387      50.2681
    6388      44.8421
    6389      48.3941
    6390      49.1310
    6391      45.5751
    6392      48.2041
    6393      49.3211
    6394      52.9197
    6395      51.3849
    6396      45.5176
    6397      52.0790
    6398      47.1841
    6399      45.3742
    6400      42.0061
    6401      40.7689
    6402      40.1162
    6403      40.2869
    6404      43.1402
    6405      51.4106
    6406      51.6305
    6407      45.7159
    6408      38.9146
    6409      38.4920
    6410      44.2875
    6411      44.6119
    6412      45.9465
    6413      47.1801
    6414      45.3049
    6415      46.8556
    6416      46.6983
    6417      52.0005
    6418      52.6084
    6419      53.5303
    6420      47.4816
    6421      45.8886
    6422      43.9691
    6423      42.9969
    6424      46.2138
    6425      48.9320
    6426      49.2641
    6427      47.6308
    6428      41.2576
    6429      42.6104
    6430      38.2197
    6431      41.7375
    6432      42.8401
    6433      37.3648
    6434      40.2358
    6435      42.7546
    6436      42.3297
    6437      42.3270
    6438      41.4044
    6439      45.1093
    6440      50.9495
    6441      50.0355
    6442      49.3902
    6443      52.2009
    6444      49.9380
    6445      48.2976
    6446      48.9866
    6447      46.2363
    6448      43.7965
    6449      44.1110
    6450      43.3855
    6451      45.7514
    6452      52.1847
    6453      52.2459
    6454      55.3769
    6455      53.4483
    6456      47.3671
    6457      50.4119
    6458      52.1617
    6459      54.6754
    6460      54.6146
    6461      54.2714
    6462      56.3070
    6463      57.0855
    6464      60.0238
    6465      60.0978
    6466      58.7969
    6467      56.7869
    6468      54.9995
    6469      53.4759
    6470      56.4562
    6471      52.6143
    6472      55.8683
    6473      61.9100
    6474      62.5452
    6475      66.3740
    6476      69.2192
    6477      72.5725
    6478      72.2996
    6479      69.9043
    6480      73.0090
    6481      71.8870
    6482      70.3251
    6483      67.1484
    6484      67.9419
    6485      70.5916
    6486      67.1311
    6487      65.1113
    6488      67.1831
    6489      69.1935
    6490      61.3998
    6491      59.2260
    6492      56.2732
    6493      58.0677
    6494      57.5582
    6495      51.3598
    6496      53.1333
    6497      47.1999
    6498      47.9973
    6499      47.1042
    6500      50.1300
    6501      51.4134
    6502      53.8136
    6503      50.7318
    6504      51.4119
    6505      56.6843
    6506      52.7001
    6507      55.7623
    6508      52.1609
    6509      54.4783
    6510      56.8519
    6511      60.7208
    6512      59.0457
    6513      55.0975
    6514      54.9172
    6515      54.9738
    6516      51.2013
    6517      49.2905
    6518      47.4579
    6519      51.5835
    6520      47.5050
    6521      41.3262
    6522      38.2517
    6523      39.6291
    6524      45.6020
    6525      52.6832
    6526      55.4483
    6527      50.3098
    6528      47.0963
    6529      47.7189
    6530      50.6094
    6531      54.9839
    6532      53.7199
    6533      62.0673
    6534      60.3579
    6535      56.2796
    6536      54.9279
    6537      52.6095
    6538      46.9388
    6539      42.3679
    6540      45.1852
    6541      45.3117
    6542      51.3940
    6543      55.5032
    6544      54.0405
    6545      56.4541
    6546      52.0252
    6547      46.4311
    6548      55.8947
    6549      55.9575
    6550      46.4703
    6551      47.3383
    6552      48.3148
    6553      48.5703
    6554      47.7014
    6555      50.5721
    6556      55.9872
    6557      54.4376
    6558      56.3982
    6559      55.5608
    6560      55.4251
    6561      55.2347
    6562      53.8793
    6563      52.2674
    6564      55.5074
    6565      53.0879
    6566      51.8552
    6567      49.4147
    6568      44.9264
    6569      46.2503
    6570      49.4223
    6571      48.8674
    6572      41.8556
    6573      48.2168
    6574      48.7377
    6575      48.6935
    6576      51.2357
    6577      51.2651
    6578      51.7280
    6579      50.3255
    6580      43.1448
    6581      46.6881
    6582      50.8188
    6583      56.3959
    6584      55.9871
    6585      56.8489
    6586      54.5458
    6587      55.8775
    6588      48.6161
    6589      45.4041
    6590      47.5060
    6591      46.9071
    6592      44.7689
    6593      45.2743
    6594      46.6846
    6595      51.1489
    6596      53.7234
    6597      50.3219
    6598      45.5449
    6599      45.5023
    6600      49.1165
    6601      47.0407
    6602      47.9646
    6603      44.1548
    6604      40.6640
    6605      41.2547
    6606      44.0340
    6607      44.9223
    6608      50.0722
    6609      49.8937
    6610      48.1624
    6611      46.0490
    6612      48.1813
    6613      48.2551
    6614      48.1145
    6615      54.4916
    6616      54.0276
    6617      57.5494
    6618      57.4929
    6619      54.6057
    6620      57.8639
    6621      57.1878
    6622      52.1279
    6623      56.3322
    6624      53.3235
    6625      48.2025
    6626      48.3092
    6627      45.4602
    6628      48.2871
    6629      48.4187
    6630      50.6135
    6631      49.8492
    6632      51.5034
    6633      49.6719
    6634      46.2659
    6635      47.5187
    6636      46.8878
    6637      42.7045
    6638      41.3638
    6639      41.8590
    6640      40.6094
    6641      42.6489
    6642      43.3065
    6643      44.8325
    6644      46.0205
    6645      44.3795
    6646      48.8877
    6647      47.0104
    6648      47.1315
    6649      46.3694
    6650      45.6773
    6651      49.5876
    6652      51.5410
    6653      50.7414
    6654      47.7524
    6655      47.7529
    6656      50.1248
    6657      47.9844
    6658      45.5953
    6659      49.5652
    6660      49.2544
    6661      46.4342
    6662      48.5557
    6663      51.7935
    6664      53.3742
    6665      51.8470
    6666      52.2514
    6667      47.8380
    6668      44.8430
    6669      41.1374
    6670      38.4926
    6671      42.6553
    6672      46.3301
    6673      38.4479
    6674      39.5537
    6675      44.3810
    6676      50.9730
    6677      42.0664
    6678      40.5675
    6679      41.0767
    6680      42.7388
    6681      44.4024
    6682      46.9150
    6683      48.6814
    6684      52.9749
    6685      53.7493
    6686      47.2938
    6687      44.0013
    6688      44.9352
    6689      46.4640
    6690      45.5132
    6691      40.8971
    6692      46.6919
    6693      41.2181
    6694      40.4064
    6695      39.4963
    6696      46.3530
    6697      48.0818
    6698      45.4767
    6699      48.8618
    6700      51.6769
    6701      45.4444
    6702      46.3919
    6703      47.9249
    6704      47.1821
    6705      46.5377
    6706      51.1973
    6707      58.2891
    6708      56.4740
    6709      48.9664
    6710      47.9340
    6711      50.9633
    6712      55.0812
    6713      56.4903
    6714      57.5573
    6715      58.6780
    6716      58.6777
    6717      57.0403
    6718      59.7231
    6719      52.2069
    6720      52.8259
    6721      49.5807
    6722      44.9071
    6723      43.0874
    6724      39.4381
    6725      40.2223
    6726      40.8461
    6727      40.1877
    6728      43.8458
    6729      47.2522
    6730      40.0551
    6731      40.7470
    6732      42.0522
    6733      51.6367
    6734      50.2851
    6735      49.3637
    6736      54.6751
    6737      54.3771
    6738      51.2658
    6739      53.3053
    6740      54.7333
    6741      57.6179
    6742      59.0162
    6743      57.0816
    6744      65.2553
    6745      64.9091
    6746      69.9601
    6747      69.7785
    6748      70.2928
    6749      72.0157
    6750      82.2020
    6751      81.3056
    6752      83.0659
    6753      80.0968
    6754      80.1913
    6755      76.8644
    6756      78.7117
    6757      83.7657
    6758      81.8282
    6759      79.0028
    6760      77.3952
    6761      70.6147
    6762      65.4076
    6763      63.5683
    6764      67.6811
    6765      67.9629
    6766      63.9180
    6767      61.7948
    6768      59.8783
    6769      55.2484
    6770      53.8669
    6771      54.8752
    6772      53.0138
    6773      54.7326
    6774      52.4854
    6775      51.3197
    6776      52.0615
    6777      50.5328
    6778      49.5212
    6779      48.7162
    6780      50.1996
    6781      45.1641
    6782      49.5042
    6783      49.9201
    6784      49.2911
    6785      50.7496
    6786      53.2419
    6787      52.8867
    6788      54.8868
    6789      57.2425
    6790      47.1969
    6791      47.4537
    6792      43.5528
    6793      43.9707
    6794      44.2913
    6795      47.9839
    6796      50.6236
    6797      55.4883
    6798      51.2204
    6799      52.8341
    6800      48.0961
    6801      47.9175
    6802      47.3358
    6803      53.0936
    6804      54.6735
    6805      52.2720
    6806      54.9288
    6807      56.1202
    6808      57.2299
    6809      56.0435
    6810      50.3141
    6811      50.4315
    6812      49.8011
    6813      54.9456
    6814      62.4620
    6815      59.0783
    6816      59.9285
    6817      62.6225
    6818      60.9515
    6819      56.6656
    6820      58.0151
    6821      56.6286
    6822      57.2077
    6823      54.3402
    6824      48.2514
    6825      49.1944
    6826      50.6721
    6827      52.4344
    6828      47.6813
    6829      49.2928
    6830      51.1641
    6831      50.4683
    6832      54.1286
    6833      54.5742
    6834      55.2421
    6835      57.6546
    6836      54.9639
    6837      54.9286
    6838      52.6348
    6839      55.5653
    6840      54.7191
    6841      56.4751
    6842      57.8210
    6843      57.9892
    6844      52.4841
    6845      55.6710
    6846      57.5408
    6847      57.4132
    6848      53.6101
    6849      52.1616
    6850      51.5458
    6851      47.3557
    6852      42.6740
    6853      46.4575
    6854      50.1456
    6855      50.8356
    6856      46.1056
    6857      48.0357
    6858      43.5038
    6859      46.1824
    6860      45.2286
    6861      50.6611
    6862      48.4920
    6863      44.6642
    6864      51.3624
    6865      51.7675
    6866      57.1549
    6867      52.7424
    6868      49.0405
    6869      49.2720
    6870      49.5074
    6871      46.2039
    6872      39.8310
    6873      41.5352
    6874      36.4859
    6875      41.1991
    6876      42.5767
    6877      47.9674
    6878      47.3999
    6879      44.3032
    6880      46.9110
    6881      53.4069
    6882      50.4766
    6883      50.7470
    6884      50.6866
    6885      49.1823
    6886      48.5518
    6887      55.8687
    6888      56.1339
    6889      48.2027
    6890      52.3714
    6891      54.4981
    6892      57.6591
    6893      56.2094
    6894      50.7032
    6895      47.3499
    6896      50.5181
    6897      49.9739
    6898      52.9047
    6899      55.2597
    6900      58.7831
    6901      57.2622
    6902      56.4931
    6903      52.3465
    6904      54.0686
    6905      59.1438
    6906      56.9908
    6907      54.4504
    6908      56.5816
    6909      59.1241
    6910      54.7036
    6911      63.0066
    6912      66.2180
    6913      65.1844
    6914      66.5058
    6915      64.9191
    6916      63.5637
    6917      60.8844
    6918      57.7986
    6919      55.0539
    6920      56.3458
    6921      55.3708
    6922      61.6748
    6923      58.1486
    6924      55.8579
    6925      62.9376
    6926      56.3543
    6927      50.6437
    6928      54.7042
    6929      51.3195
    6930      56.4102
    6931      55.0381
    6932      57.6476
    6933      56.8890
    6934      57.5215
    6935      54.8133
    6936      60.2093
    6937      57.5179
    6938      58.3493
    6939      59.8773
    6940      63.3255
    6941      62.6652
    6942      54.1612
    6943      52.9081
    6944      57.4748
    6945      54.1897
    6946      55.2395
    6947      54.7060
    6948      57.0500
    6949      54.5625
    6950      50.4794
    6951      41.0723
    6952      41.0155
    6953      49.5174
    6954      48.3169
    6955      53.8159
    6956      48.1824
    6957      49.0932
    6958      46.1875
    6959      43.2152
    6960      45.2571
    6961      48.6843
    6962      43.4454
    6963      45.5509
    6964      43.1994
    6965      43.2978
    6966      44.8265
    6967      42.9220
    6968      41.3745
    6969      44.3909
    6970      46.4278
    6971      49.2968
    6972      51.9806
    6973      49.0021
    6974      54.8383
    6975      51.3553
    6976      45.8699
    6977      46.1893
    6978      44.3825
    6979      43.7016
    6980      47.6570
    6981      45.8836
    6982      50.0898
    6983      50.7925
    6984      52.5112
    6985      54.8790
    6986      53.3129
    6987      55.2512
    6988      47.8774
    6989      50.6103
    6990      53.1246
    6991      46.7793
    6992      45.9686
    6993      45.5031
    6994      46.7510
    6995      49.9282
    6996      49.9509
    6997      49.2026
    6998      47.5404
    6999      46.8393
    7000      49.1251
    7001      43.7714
    7002      43.2130
    7003      46.9323
    7004      50.4968
    7005      43.8799
    7006      43.0866
    7007      43.5598
    7008      46.2221
    7009      50.5552
    7010      47.3674
    7011      48.8299
    7012      45.9465
    7013      44.4992
    7014      43.7939
    7015      45.3846
    7016      39.3691
    7017      46.1462
    7018      47.3287
    7019      47.2343
    7020      47.6157
    7021      49.1562
    7022      57.3765
    7023      59.5007
    7024      55.8393
    7025      52.5104
    7026      54.1275
    7027      55.5292
    7028      58.0130
    7029      59.9028
    7030      53.8890
    7031      47.1097
    7032      46.7027
    7033      49.1965
    7034      50.5369
    7035      47.0280
    7036      48.0455
    7037      47.4918
    7038      48.8580
    7039      51.5169
    7040      55.6806
    7041      55.5246
    7042      57.2100
    7043      54.1315
    7044      56.7066
    7045      52.8137
    7046      54.1486
    7047      49.8283
    7048      47.8333
    7049      43.2953
    7050      43.7435
    7051      40.7116
    7052      40.2009
    7053      44.0815
    7054      39.2714
    7055      45.0122
    7056      50.3607
    7057      48.4754
    7058      45.2231
    7059      41.4050
    7060      41.4595
    7061      42.2051
    7062      44.9236
    7063      49.9166
    7064      46.0990
    7065      48.9313
    7066      48.0694
    7067      45.4043
    7068      45.9317
    7069      45.8110
    7070      40.8267
    7071      39.3958
    7072      40.7538
    7073      41.6078
    7074      42.0458
    7075      42.6148
    7076      46.3066
    7077      44.0990
    7078      47.0185
    7079      47.3836
    7080      47.1911
    7081      46.2519
    7082      51.5252
    7083      50.8623
    7084      48.6557
    7085      43.9899
    7086      46.4354
    7087      48.9729
    7088      51.6443
    7089      55.6907
    7090      51.7916
    7091      45.8285
    7092      49.6286
    7093      51.7083
    7094      54.8007
    7095      52.9474
    7096      53.3771
    7097      52.8027
    7098      55.2097
    7099      54.2187
    7100      54.5317
    7101      55.7969
    7102      55.0752
    7103      54.0242
    7104      52.2821
    7105      53.0304
    7106      54.5171
    7107      55.0102
    7108      53.2325
    7109      52.5225
    7110      52.3909
    7111      50.6144
    7112      51.4767
    7113      49.0632
    7114      51.3724
    7115      52.9951
    7116      52.2029
    7117      50.4329
    7118      48.0464
    7119      47.8727
    7120      46.2562
    7121      46.5800
    7122      44.4849
    7123      48.9219
    7124      52.4568
    7125      51.1354
    7126      47.6831
    7127      44.5559
    7128      44.5984
    7129      44.4179
    7130      46.7054
    7131      48.9619
    7132      43.8096
    7133      43.0442
    7134      45.7713
    7135      52.8252
    7136      51.0056
    7137      46.0780
    7138      47.0115
    7139      45.5379
    7140      50.1858
    7141      56.6645
    7142      59.6623
    7143      56.5851
    7144      58.3406
    7145      56.8838
    7146      59.1883
    7147      50.5984
    7148      51.3659
    7149      49.6901
    7150      51.6593
    7151      52.1289
    7152      52.3919
    7153      53.0129
    7154      55.7218
    7155      53.5224
    7156      53.6354
    7157      48.3594
    7158      52.4648
    7159      49.9671
    7160      47.7669
    7161      53.6788
    7162      48.2057
    7163      47.8824
    7164      43.5978
    7165      46.6278
    7166      46.3823
    7167      51.8463
    7168      50.0668
    7169      55.4097
    7170      51.7166
    7171      55.9347
    7172      56.4894
    7173      49.9712
    7174      55.6238
    7175      66.3435
    7176      64.5685
    7177      70.8298
    7178      69.5491
    7179      70.7696
    7180      58.5857
    7181      56.7764
    7182      64.5726
    7183      64.9395
    7184      62.9110
    7185      58.7940
    7186      61.4362
    7187      60.6155
    7188      56.1005
    7189      54.0754
    7190      54.6881
    7191      54.7461
    7192      53.3505
    7193      45.8952
    7194      49.6738
    7195      42.9874
    7196      45.0999
    7197      48.4798
    7198      48.7898
    7199      51.9100
    7200      56.6250
    7201      56.1954
    7202      51.6948
    7203      56.3507
    7204      53.9169
    7205      57.6802
    7206      61.3974
    7207      59.1440
    7208      56.9619
    7209      54.5775
    7210      57.8663
    7211      51.0467
    7212      48.1651
    7213      52.7813
    7214      54.8150
    7215      56.7969
    7216      55.7878
    7217      52.9376
    7218      50.3772
    7219      50.4339
    7220      52.6276
    7221      57.2803
    7222      54.2132
    7223      55.2908
    7224      62.4293
    7225      56.0459
    7226      54.4922
    7227      49.9793
    7228      47.7392
    7229      46.2521
    7230      46.1766
    7231      50.7480
    7232      49.8723
    7233      49.5460
    7234      42.6325
    7235      43.0359
    7236      42.5568
    7237      48.0991
    7238      44.9987
    7239      50.3606
    7240      54.7697
    7241      49.4950
    7242      48.5042
    7243      46.2661
    7244      46.2369
    7245      41.8097
    7246      42.9071
    7247      44.4594
    7248      41.5069
    7249      38.6154
    7250      41.9468
    7251      34.1340
    7252      38.4503
    7253      44.8393
    7254      42.9951
    7255      42.8521
    7256      40.1912
    7257      37.8347
    7258      40.4855
    7259      42.1479
    7260      48.1423
    7261      47.3033
    7262      45.9082
    7263      47.9451
    7264      46.4017
    7265      49.7756
    7266      53.5778
    7267      47.4359
    7268      45.3524
    7269      48.7826
    7270      50.2049
    7271      50.8571
    7272      52.6396
    7273      51.9787
    7274      52.9686
    7275      50.5361
    7276      58.0004
    7277      60.7156
    7278      57.7904
    7279      57.1899
    7280      51.7311
    7281      52.4232
    7282      48.8793
    7283      47.3356
    7284      45.4828
    7285      47.6731
    7286      46.3210
    7287      49.3234
    7288      49.5560
    7289      51.8621
    7290      47.6030
    7291      49.3411
    7292      50.0453
    7293      44.5428
    7294      45.2681
    7295      39.7250
    7296      38.7258
    7297      41.1917
    7298      46.6344
    7299      49.7493
    7300      48.8822
    7301      48.1988
    7302      47.0461
    7303      49.9226
    7304      46.9819
    7305      53.6178
    7306      53.9345
    7307      48.6958
    7308      42.8275
    7309      46.5645
    7310      50.4791
    7311      51.1613
    7312      47.7711
    7313      45.8001
    7314      43.5983
    7315      53.9654
    7316      54.5503
    7317      54.9632
    7318      58.3392
    7319      58.5621
    7320      56.5845
    7321      50.6064
    7322      53.9597
    7323      53.3642
    7324      49.0750
    7325      49.2794
    7326      45.8624
    7327      44.3752
    7328      47.3745
    7329      54.3182
    7330      52.3065
    7331      48.7436
    7332      51.3069
    7333      46.1690
    7334      48.8958
    7335      51.0334
    7336      51.1200
    7337      55.4407
    7338      59.8942
    7339      58.0487
    7340      61.2274
    7341      60.1656
    7342      62.4445
    7343      57.2399
    7344      60.3905
    7345      61.1064
    7346      61.5471
    7347      61.1298
    7348      63.9844
    7349      60.5651
    7350      56.2049
    7351      52.1356
    7352      55.2635
    7353      56.4747
    7354      58.9054
    7355      56.9832
    7356      59.0448
    7357      48.2287
    7358      47.3526
    7359      40.8259
    7360      43.6624
    7361      43.2900
    7362      41.0095
    7363      44.9422
    7364      45.9055
    7365      46.0829
    7366      45.6412
    7367      46.9748
    7368      42.3422
    7369      43.3225
    7370      46.2339
    7371      50.6133
    7372      53.7032
    7373      57.8157
    7374      53.6074
    7375      49.2090
    7376      50.9323
    7377      57.4329
    7378      56.1814
    7379      53.1227
    7380      46.0319
    7381      45.8768
    7382      46.9378
    7383      47.4593
    7384      47.1321
    7385      50.7263
    7386      46.9330
    7387      52.8256
    7388      52.7298
    7389      47.7979
    7390      43.9970
    7391      44.9625
    7392      45.4683
    7393      49.0420
    7394      48.9823
    7395      49.9446
    7396      43.3068
    7397      40.2508
    7398      34.5437
    7399      41.7568
    7400      45.0300
    7401      48.9166
    7402      51.0033
    7403      47.5276
    7404      46.2189
    7405      47.2734
    7406      43.6217
    7407      46.0100
    7408      52.7230
    7409      54.5252
    7410      53.1174
    7411      52.9528
    7412      56.8607
    7413      49.5963
    7414      48.3621
    7415      46.3524
    7416      45.2695
    7417      36.6685
    7418      39.5685
    7419      45.9931
    7420      43.6974
    7421      45.3407
    7422      49.9308
    7423      54.2674
    7424      54.0028
    7425      48.0860
    7426      48.0321
    7427      49.7058
    7428      48.9597
    7429      43.3968
    7430      47.5143
    7431      42.2651
    7432      45.5966
    7433      46.0339
    7434      45.7742
    7435      46.6489
    7436      46.7907
    7437      46.4170
    7438      45.0010
    7439      48.4376
    7440      45.6354
    7441      49.8394
    7442      44.9796
    7443      45.0914
    7444      43.9617
    7445      36.7851
    7446      37.4297
    7447      42.0732
    7448      45.4079
    7449      47.5730
    7450      54.9814
    7451      52.7758
    7452      50.7105
    7453      50.5483
    7454      49.5725
    7455      50.3671
    7456      48.3137
    7457      47.3524
    7458      50.0050
    7459      49.2412
    7460      51.6252
    7461      54.5126
    7462      48.4249
    7463      49.6811
    7464      46.3523
    7465      46.4899
    7466      47.9567
    7467      53.4130
    7468      55.2450
    7469      52.0217
    7470      49.4123
    7471      44.8903
    7472      46.0460
    7473      55.3200
    7474      53.0532
    7475      53.2146
    7476      52.5800
    7477      55.2635
    7478      52.1013
    7479      54.4040
    7480      56.8262
    7481      54.7971
    7482      52.1976
    7483      48.1922
    7484      49.4461
    7485      50.2942
    7486      50.3372
    7487      47.8826
    7488      50.7989
    7489      55.1761
    7490      60.8654
    7491      54.0118
    7492      54.1093
    7493      50.6458
    7494      50.1806
    7495      49.0420
    7496      48.7605
    7497      48.0195
    7498      47.7685
    7499      44.9251
    7500      47.7055
    7501      52.7192
    7502      56.6585
    7503      51.0454
    7504      48.7571
    7505      46.4961
    7506      44.4975
    7507      44.1151
    7508      42.1702
    7509      39.0301
    7510      47.1061
    7511      47.0595
    7512      52.4305
    7513      53.5735
    7514      53.1968
    7515      47.9944
    7516      51.4256
    7517      44.7590
    7518      51.7726
    7519      53.0071
    7520      51.2504
    7521      42.3481
    7522      48.0636
    7523      43.8328
    7524      44.1233
    7525      46.2391
    7526      42.2690
    7527      42.9109
    7528      40.3207
    7529      40.1354
    7530      42.1154
    7531      41.8329
    7532      49.2300
    7533      47.0380
    7534      51.7305
    7535      52.0655
    7536      49.5505
    7537      48.8027
    7538      50.6410
    7539      54.7185
    7540      54.1296
    7541      47.4021
    7542      47.3112
    7543      50.1154
    7544      54.3876
    7545      52.1028
    7546      51.5683
    7547      47.5339
    7548      47.3134
    7549      43.4540
    7550      44.0682
    7551      44.9980
    7552      52.3516
    7553      48.7421
    7554      54.6972
    7555      51.2609
    7556      49.1981
    7557      48.6355
    7558      53.3498
    7559      49.4852
    7560      49.8320
    7561      48.4949
    7562      46.2657
    7563      46.7663
    7564      44.8570
    7565      48.0721
    7566      50.2678
    7567      50.7977
    7568      58.7222
    7569      57.7264
    7570      50.7404
    7571      51.6618
    7572      52.1720
    7573      54.5846
    7574      52.3485
    7575      53.1179
    7576      52.0206
    7577      48.0090
    7578      44.4457
    7579      46.8000
    7580      49.6692
    7581      47.1422
    7582      47.9774
    7583      44.6339
    7584      42.4486
    7585      48.0611
    7586      52.0345
    7587      52.3728
    7588      50.7679
    7589      45.1410
    7590      45.5799
    7591      46.3625
    7592      46.9151
    7593      42.7812
    7594      42.4102
    7595      48.7695
    7596      44.1134
    7597      39.8791
    7598      40.9856
    7599      36.9541
    7600      33.4055
    7601      38.3736
    7602      41.4864
    7603      45.9954
    7604      44.8449
    7605      41.8983
    7606      38.8543
    7607      45.7991
    7608      39.6884
    7609      41.8591
    7610      49.3985
    7611      55.9124
    7612      56.0025
    7613      53.0045
    7614      48.0715
    7615      50.2351
    7616      50.6078
    7617      50.7056
    7618      57.6774
    7619      56.1349
    7620      57.6181
    7621      59.8681
    7622      57.6321
    7623      55.0184
    7624      49.7257
    7625      48.9800
    7626      52.0270
    7627      48.3401
    7628      47.5947
    7629      47.8154
    7630      46.1971
    7631      45.1178
    7632      46.9420
    7633      48.2513
    7634      45.2342
    7635      48.8984
    7636      44.8143
    7637      47.4030
    7638      44.0343
    7639      43.6921
    7640      48.7596
    7641      53.6223
    7642      56.8906
    7643      59.7381
    7644      63.4164
    7645      59.8160
    7646      56.9121
    7647      52.0177
    7648      56.5184
    7649      56.4240
    7650      54.7518
    7651      53.8074
    7652      52.9390
    7653      51.5863
    7654      53.5989
    7655      51.3292
    7656      53.1774
    7657      50.9584
    7658      55.0554
    7659      55.7473
    7660      52.5786
    7661      50.2286
    7662      55.7941
    7663      55.2473
    7664      56.6974
    7665      55.3646
    7666      56.1863
    7667      53.2715
    7668      55.7412
    7669      51.6300
    7670      54.6773
    7671      52.4575
    7672      50.7371
    7673      51.5235
    7674      46.1781
    7675      44.2617
    7676      48.0218
    7677      48.2342
    7678      50.2573
    7679      52.8613
    7680      48.7993
    7681      46.8396
    7682      46.8981
    7683      47.0106
    7684      52.9028
    7685      55.7157
    7686      56.9193
    7687      58.1829
    7688      63.3459
    7689      66.6318
    7690      59.8031
    7691      60.7786
    7692      61.0841
    7693      53.6357
    7694      51.7840
    7695      53.8550
    7696      46.9264
    7697      47.0141
    7698      50.9714
    7699      48.5906
    7700      50.9556
    7701      49.5524
    7702      55.7351
    7703      53.5571
    7704      43.4754
    7705      48.8014
    7706      53.7090
    7707      49.9382
    7708      53.2758
    7709      58.8235
    7710      56.5908
    7711      57.7430
    7712      57.7215
    7713      58.1621
    7714      55.9016
    7715      53.9131
    7716      54.0732
    7717      53.1372
    7718      53.9793
    7719      53.3411
    7720      54.2593
    7721      55.5902
    7722      50.3048
    7723      46.9550
    7724      45.8668
    7725      46.5060
    7726      45.5289
    7727      48.0463
    7728      50.1173
    7729      53.0732
    7730      53.9672
    7731      50.7491
    7732      52.8608
    7733      54.8674
    7734      52.6311
    7735      51.7226
    7736      48.9045
    7737      55.0725
    7738      56.7952
    7739      57.3721
    7740      57.5969
    7741      58.0960
    7742      53.0431
    7743      43.4917
    7744      47.4855
    7745      55.3617
    7746      52.9334
    7747      56.2658
    7748      54.5367
    7749      56.6729
    7750      54.6674
    7751      59.6617
    7752      55.8728
    7753      53.4161
    7754      53.0895
    7755      52.7234
    7756      58.9593
    7757      53.2002
    7758      54.0857
    7759      52.3553
    7760      54.6045
    7761      53.3665
    7762      49.2495
    7763      53.4296
    7764      54.8136
    7765      48.9965
    7766      49.3564
    7767      55.6055
    7768      59.9408
    7769      60.2433
    7770      59.9702
    7771      59.7732
    7772      53.8800
    7773      54.4095
    7774      52.5560
    7775      53.7405
    7776      56.7504
    7777      55.7833
    7778      55.5288
    7779      54.5885
    7780      55.9069
    7781      53.3026
    7782      47.3100
    7783      49.4452
    7784      46.8328
    7785      49.5788
    7786      51.6495
    7787      48.7621
    7788      49.3709
    7789      53.4756
    7790      51.6092
    7791      54.4003
    7792      53.8851
    7793      50.2513
    7794      47.8626
    7795      48.9999
    7796      47.5526
    7797      47.1149
    7798      49.9391
    7799      48.2398
    7800      52.7437
    7801      51.5922
    7802      47.4066
    7803      47.5728
    7804      54.8292
    7805      55.9508
    7806      51.1578
    7807      54.6500
    7808      50.8493
    7809      47.4190
    7810      51.3410
    7811      51.9035
    7812      50.4974
    7813      52.7332
    7814      54.5285
    7815      52.5429
    7816      48.4124
    7817      57.4304
    7818      54.0086
    7819      54.3476
    7820      54.1683
    7821      50.2606
    7822      56.6544
    7823      57.1987
    7824      54.5271
    7825      55.0629
    7826      54.6291
    7827      57.4283
    7828      53.8213
    7829      53.3464
    7830      49.9226
    7831      50.2088
    7832      49.7181
    7833      43.9568
    7834      39.9924
    7835      44.6808
    7836      45.2118
    7837      47.1788
    7838      40.5939
    7839      42.1491
    7840      47.6610
    7841      46.4183
    7842      44.7957
    7843      39.0151
    7844      44.0321
    7845      49.0892
    7846      51.9674
    7847      47.4133
    7848      44.9652
    7849      50.9539
    7850      50.6031
    7851      47.5807
    7852      49.2191
    7853      48.8493
    7854      48.7938
    7855      50.9746
    7856      48.3048
    7857      49.2511
    7858      49.8865
    7859      49.4275
    7860      50.2399
    7861      50.1493
    7862      50.9659
    7863      48.9905
    7864      56.8836
    7865      54.9906
    7866      56.6286
    7867      56.4096
    7868      51.8886
    7869      52.1347
    7870      55.4968
    7871      52.3902
    7872      55.3721
    7873      55.4844
    7874      53.5374
    7875      51.5682
    7876      50.8498
    7877      50.6445
    7878      54.3523
    7879      56.9621
    7880      52.6199
    7881      56.9501
    7882      57.8833
    7883      57.6121
    7884      59.5018
    7885      59.2177
    7886      60.6098
    7887      61.4405
    7888      59.4747
    7889      58.0695
    7890      58.4456
    7891      56.5237
    7892      60.8366
    7893      62.3545
    7894      59.3838
    7895      60.7751
    7896      57.6215
    7897      53.0719
    7898      49.4075
    7899      50.8923
    7900      51.8310
    7901      48.4513
    7902      46.8078
    7903      49.9286
    7904      46.4890
    7905      47.9831
    7906      46.1756
    7907      49.5237
    7908      45.5270
    7909      43.0797
    7910      42.7214
    7911      48.2223
    7912      51.5076
    7913      54.1512
    7914      51.2221
    7915      46.7157
    7916      44.9139
    7917      44.8469
    7918      52.7092
    7919      51.2050
    7920      53.3174
    7921      53.5486
    7922      48.2911
    7923      49.6928
    7924      52.2860
    7925      55.8503
    7926      52.2522
    7927      55.0784
    7928      57.8072
    7929      55.1721
    7930      50.4553
    7931      50.7944
    7932      51.7990
    7933      47.6417
    7934      46.2250
    7935      46.2168
    7936      47.0647
    7937      41.1175
    7938      40.1040
    7939      39.5923
    7940      40.7380
    7941      43.7128
    7942      43.5332
    7943      47.6843
    7944      52.7491
    7945      56.8678
    7946      55.1314
    7947      55.2965
    7948      55.7422
    7949      51.4319
    7950      53.1733
    7951      56.4573
    7952      55.6570
    7953      56.1680
    7954      55.2750
    7955      55.7839
    7956      54.7312
    7957      54.8643
    7958      54.3372
    7959      47.5895
    7960      43.8323
    7961      46.2850
    7962      45.0344
    7963      41.6251
    7964      42.0166
    7965      45.0833
    7966      45.1596
    7967      52.8700
    7968      51.5855
    7969      51.1316
    7970      52.8034
    7971      56.9958
    7972      58.1155
    7973      61.9892
    7974      62.4724
    7975      56.8939
    7976      52.5112
    7977      50.6120
    7978      51.1762
    7979      48.8861
    7980      47.6406
    7981      47.5409
    7982      45.0586
    7983      51.1312
    7984      53.3453
    7985      56.5261
    7986      56.3321
    7987      58.7773
    7988      57.4401
    7989      55.9181
    7990      54.0105
    7991      57.7733
    7992      51.5699
    7993      55.1050
    7994      54.6347
    7995      54.1551
    7996      51.3499
    7997      47.8690
    7998      53.0948
    7999      49.4264
    8000      53.6259
    8001      55.1331
    8002      50.4675
    8003      53.5003
    8004      54.8657
    8005      57.2552
    8006      52.6766
    8007      51.1982
    8008      53.4152
    8009      53.3479
    8010      53.6211
    8011      50.3851
    8012      51.4725
    8013      50.6088
    8014      55.0021
    8015      57.0034
    8016      56.4308
    8017      51.0335
    8018      49.4517
    8019      53.3914
    8020      50.1337
    8021      50.8439
    8022      55.5347
    8023      53.5389
    8024      55.2605
    8025      54.1973
    8026      49.8524
    8027      53.8281
    8028      51.9662
    8029      51.6959
    8030      57.9449
    8031      56.7908
    8032      58.0129
    8033      53.2210
    8034      54.1286
    8035      55.0916
    8036      55.0787
    8037      57.8467
    8038      57.4765
    8039      52.5518
    8040      55.7187
    8041      52.9686
    8042      56.2274
    8043      50.8157
    8044      45.6631
    8045      49.7258
    8046      44.6254
    8047      46.5274
    8048      45.9641
    8049      47.3278
    8050      45.7789
    8051      45.4274
    8052      49.5450
    8053      50.8045
    8054      51.7427
    8055      52.2490
    8056      55.8100
    8057      49.6114
    8058      51.4807
    8059      53.2453
    8060      54.2808
    8061      49.7525
    8062      51.3822
    8063      50.7964
    8064      51.1663
    8065      51.3669
    8066      48.8749
    8067      46.1159
    8068      51.4169
    8069      54.7307
    8070      50.7271
    8071      43.0184
    8072      44.5805
    8073      48.2257
    8074      51.1158
    8075      57.2789
    8076      53.8604
    8077      49.8334
    8078      55.8241
    8079      49.1969
    8080      54.7288
    8081      49.4466
    8082      52.1259
    8083      58.4504
    8084      57.6907
    8085      56.7653
    8086      54.4412
    8087      52.1700
    8088      54.2587
    8089      52.9066
    8090      49.0757
    8091      46.2046
    8092      51.1492
    8093      55.3737
    8094      61.9832
    8095      66.3806
    8096      72.9699
    8097      70.7316
    8098      65.3195
    8099      61.7400
    8100      57.3337
    8101      56.3364
    8102      58.7595
    8103      60.3619
    8104      61.8615
    8105      55.0774
    8106      51.8649
    8107      52.1192
    8108      54.8392
    8109      56.9238
    8110      53.0135
    8111      46.0141
    8112      48.8079
    8113      50.6989
    8114      52.0053
    8115      51.0354
    8116      44.0261
    8117      46.2050
    8118      53.4055
    8119      52.2240
    8120      58.5102
    8121      58.6996
    8122      55.7966
    8123      49.4541
    8124      48.6219
    8125      48.3500
    8126      49.7436
    8127      53.0656
    8128      51.5660
    8129      51.6910
    8130      49.9223
    8131      43.7582
    8132      49.3577
    8133      52.2926
    8134      50.9052
    8135      45.2059
    8136      50.0556
    8137      49.9517
    8138      51.1104
    8139      47.4617
    8140      49.3031
    8141      43.7737
    8142      45.3040
    8143      44.9608
    8144      39.0762
    8145      46.4311
    8146      50.7796
    8147      46.1376
    8148      37.7144
    8149      40.8460
    8150      43.9008
    8151      47.2270
    8152      52.4702
    8153      56.9232
    8154      54.2182
    8155      52.8614
    8156      48.9377
    8157      49.5156
    8158      49.0453
    8159      54.3672
    8160      52.0074
    8161      53.2581
    8162      48.6159
    8163      50.6500
    8164      50.2264
    8165      50.8260
    8166      50.0658
    8167      52.7355
    8168      56.4011
    8169      55.4916
    8170      57.8941
    8171      53.2753
    8172      46.4435
    8173      51.0072
    8174      50.3591
    8175      45.7560
    8176      47.2145
    8177      47.8053
    8178      50.6556
    8179      50.7951
    8180      50.4444
    8181      55.4351
    8182      51.4125
    8183      49.4666
    8184      47.6577
    8185      49.1660
    8186      48.4794
    8187      45.1532
    8188      48.8528
    8189      53.1460
    8190      53.8334
    8191      51.2218
    8192      50.3284
    8193      46.1407
    8194      45.6723
    8195      45.5315
    8196      49.4844
    8197      47.0191
    8198      51.6848
    8199      47.4726
    8200      52.0350
    8201      49.5787
    8202      50.8263
    8203      51.6717
    8204      43.9671
    8205      42.7961
    8206      50.4935
    8207      52.9208
    8208      50.4521
    8209      50.6458
    8210      47.7255
    8211      51.2563
    8212      48.0950
    8213      47.8308
    8214      51.1817
    8215      52.0520
    8216      44.9973
    8217      49.5837
    8218      52.2906
    8219      50.2480
    8220      51.5144
    8221      54.8170
    8222      50.0652
    8223      52.2998
    8224      51.4439
    8225      49.5014
    8226      56.0576
    8227      52.8176
    8228      49.6545
    8229      45.5331
    8230      46.1206
    8231      50.6693
    8232      52.3975
    8233      55.0127
    8234      55.3711
    8235      52.7883
    8236      49.5951
    8237      56.6947
    8238      60.3315
    8239      58.3191
    8240      57.8071
    8241      55.7506
    8242      56.2593
    8243      55.0603
    8244      55.7269
    8245      49.9377
    8246      43.6009
    8247      44.7539
    8248      45.4976
    8249      46.4739
    8250      43.0150
    8251      47.0767
    8252      45.2217
    8253      42.9132
    8254      38.1584
    8255      39.1222
    8256      46.7996
    8257      41.8940
    8258      39.7552
    8259      46.9174
    8260      51.9597
    8261      52.8596
    8262      49.4441
    8263      49.4468
    8264      54.9392
    8265      53.0341
    8266      52.5326
    8267      53.3024
    8268      47.2488
    8269      46.1262
    8270      49.7652
    8271      46.4144
    8272      48.2768
    8273      47.7228
    8274      50.4779
    8275      50.2038
    8276      51.0992
    8277      48.3149
    8278      51.3400
    8279      46.3441
    8280      48.6781
    8281      49.7133
    8282      49.0440
    8283      56.0035
    8284      60.5920
    8285      60.1703
    8286      57.9615
    8287      52.2777
    8288      40.9122
    8289      47.1438
    8290      49.4223
    8291      48.7891
    8292      47.7611
    8293      43.3225
    8294      49.3125
    8295      55.0481
    8296      52.1622
    8297      48.3916
    8298      49.2290
    8299      48.6140
    8300      50.2804
    8301      49.4013
    8302      52.1969
    8303      53.1042
    8304      51.8007
    8305      54.5718
    8306      54.1992
    8307      49.0873
    8308      56.1746
    8309      59.4738
    8310      53.1202
    8311      52.7538
    8312      49.5064
    8313      55.0280
    8314      54.2450
    8315      57.4454
    8316      54.3069
    8317      54.7642
    8318      50.2887
    8319      50.8154
    8320      51.2238
    8321      52.2807
    8322      53.7398
    8323      49.8922
    8324      49.0104
    8325      50.2749
    8326      50.2775
    8327      46.9514
    8328      44.0151
    8329      43.1098
    8330      44.2251
    8331      46.4755
    8332      43.5943
    8333      43.7904
    8334      44.0246
    8335      45.9718
    8336      46.5692
    8337      53.1404
    8338      51.7630
    8339      47.6003
    8340      45.4867
    8341      44.7384
    8342      50.8326
    8343      51.6576
    8344      51.9266
    8345      53.7413
    8346      50.8507
    8347      49.3213
    8348      51.4853
    8349      54.8173
    8350      55.2566
    8351      58.3875
    8352      59.9385
    8353      57.5335
    8354      55.7644
    8355      51.2424
    8356      57.8649
    8357      55.5229
    8358      50.0383
    8359      48.6989
    8360      46.5669
    8361      43.9266
    8362      50.8106
    8363      49.3736
    8364      52.3023
    8365      51.6235
    8366      48.3309
    8367      50.6923
    8368      50.2259
    8369      50.9054
    8370      48.9765
    8371      47.5342
    8372      47.4682
    8373      54.4483
    8374      51.2769
    8375      47.4563
    8376      46.8367
    8377      42.8065
    8378      45.8783
    8379      47.8837
    8380      43.1932
    8381      44.3142
    8382      42.7529
    8383      49.7655
    8384      47.2208
    8385      45.3201
    8386      42.7306
    8387      39.7121
    8388      42.7892
    8389      42.7461
    8390      41.7015
    8391      41.7425
    8392      44.1530
    8393      45.1138
    8394      42.2118
    8395      43.8530
    8396      45.2452
    8397      46.3979
    8398      44.7689
    8399      43.4324
    8400      43.9167
    8401      40.9221
    8402      45.3151
    8403      46.7158
    8404      43.4839
    8405      47.7254
    8406      47.1975
    8407      49.7610
    8408      50.3998
    8409      49.1272
    8410      48.7025
    8411      50.7866
    8412      49.0592
    8413      52.4748
    8414      50.8640
    8415      56.4929
    8416      55.0213
    8417      51.8173
    8418      52.2858
    8419      47.7712
    8420      49.0899
    8421      50.2854
    8422      51.8123
    8423      50.2284
    8424      40.8754
    8425      40.8805
    8426      41.7620
    8427      43.4835
    8428      42.3494
    8429      43.3721
    8430      47.8272
    8431      45.6764
    8432      42.5218
    8433      43.2665
    8434      48.3905
    8435      45.0144
    8436      46.7981
    8437      49.7017
    8438      44.0776
    8439      43.1892
    8440      42.8145
    8441      49.3238
    8442      41.6958
    8443      48.1596
    8444      49.0281
    8445      52.2422
    8446      53.6451
    8447      60.4705
    8448      63.7081
    8449      55.5683
    8450      50.8328
    8451      55.3269
    8452      49.4237
    8453      51.5958
    8454      56.6454
    8455      49.7812
    8456      48.4309
    8457      50.4804
    8458      55.1506
    8459      58.3861
    8460      54.8933
    8461      52.7645
    8462      52.1139
    8463      49.0341
    8464      52.8215
    8465      52.2404
    8466      51.6547
    8467      47.7313
    8468      44.9610
    8469      44.8722
    8470      43.1457
    8471      46.6783
    8472      48.8079
    8473      51.2228
    8474      47.5906
    8475      47.7473
    8476      47.7263
    8477      46.2297
    8478      49.0116
    8479      49.5784
    8480      51.8557
    8481      51.5542
    8482      55.3909
    8483      58.0528
    8484      54.1669
    8485      52.5231
    8486      46.0544
    8487      40.7537
    8488      43.3944
    8489      44.6221
    8490      44.9068
    8491      44.9586
    8492      45.1719
    8493      50.9897
    8494      52.3499
    8495      49.8632
    8496      46.6810
    8497      42.9848
    8498      41.0868
    8499      43.2013
    8500      43.5370
    8501      46.0860
    8502      48.0421
    8503      46.1634
    8504      45.5167
    8505      44.8281
    8506      45.7472
    8507      50.2157
    8508      51.9592
    8509      53.8343
    8510      51.5082
    8511      48.7299
    8512      51.7098
    8513      51.2777
    8514      44.9078
    8515      44.9266
    8516      47.8496
    8517      44.9670
    8518      44.3588
    8519      39.1782
    8520      45.5627
    8521      47.7381
    8522      42.6256
    8523      50.3932
    8524      49.5868
    8525      49.1935
    8526      52.4839
    8527      53.0185
    8528      50.7508
    8529      46.3582
    8530      50.3017
    8531      48.0378
    8532      50.4308
    8533      52.4065
    8534      52.1067
    8535      53.1365
    8536      54.5335
    8537      54.8308
    8538      46.5073
    8539      40.6293
    8540      39.0547
    8541      40.4863
    8542      43.9115
    8543      43.8163
    8544      46.2890
    8545      50.8587
    8546      45.9358
    8547      46.9193
    8548      48.2144
    8549      51.0234
    8550      52.1989
    8551      49.5611
    8552      48.8578
    8553      49.3101
    8554      51.2808
    8555      53.5435
    8556      57.2839
    8557      58.4552
    8558      53.0185
    8559      49.9059
    8560      49.8866
    8561      51.8850
    8562      47.1117
    8563      45.8473
    8564      49.1108
    8565      51.5375
    8566      55.9742
    8567      55.1796
    8568      53.1963
    8569      52.4872
    8570      54.6447
    8571      55.6071
    8572      53.5970
    8573      54.9514
    8574      55.0926
    8575      55.8185
    8576      53.4767
    8577      57.2593
    8578      54.6835
    8579      51.7797
    8580      47.6415
    8581      48.1959
    8582      47.4116
    8583      47.5490
    8584      50.2649
    8585      55.5678
    8586      56.6822
    8587      52.1168
    8588      52.8163
    8589      51.9085
    8590      50.6901
    8591      52.7931
    8592      53.7487
    8593      53.5880
    8594      57.4521
    8595      56.7863
    8596      53.3591
    8597      52.3710
    8598      53.0461
    8599      48.2884
    8600      52.8105
    8601      52.9713
    8602      55.9812
    8603      55.0766
    8604      55.2365
    8605      50.9579
    8606      53.3593
    8607      51.3323
    8608      49.9820
    8609      55.5689
    8610      56.1017
    8611      57.6281
    8612      56.9931
    8613      54.6329
    8614      53.7510
    8615      57.5913
    8616      51.4308
    8617      49.1822
    8618      46.2214
    8619      41.5684
    8620      42.7921
    8621      41.5695
    8622      47.8873
    8623      53.2654
    8624      51.8956
    8625      50.2608
    8626      47.7713
    8627      42.2607
    8628      44.1298
    8629      49.2550
    8630      48.6851
    8631      50.9223
    8632      53.1993
    8633      52.1268
    8634      53.2288
    8635      46.7388
    8636      48.1180
    8637      45.4763
    8638      48.9099
    8639      46.6116
    8640      45.6699
    8641      50.9178
    8642      52.9763
    8643      51.4589
    8644      48.4382
    8645      54.8248
    8646      59.1936
    8647      54.0745
    8648      49.5275
    8649      44.2237
    8650      52.4110
    8651      51.6812
    8652      49.2428
    8653      53.2121
    8654      52.7371
    8655      47.7095
    8656      45.3812
    8657      41.1702
    8658      41.6973
    8659      44.0709
    8660      43.7026
    8661      49.5957
    8662      47.9456
    8663      42.4851
    8664      46.3759
    8665      45.8049
    8666      43.7293
    8667      42.7003
    8668      42.3272
    8669      44.6273
    8670      45.7005
    8671      47.1389
    8672      50.6313
    8673      48.6707
    8674      49.5866
    8675      47.2680
    8676      48.6903
    8677      50.3948
    8678      51.9473
    8679      51.6587
    8680      48.3714
    8681      50.8829
    8682      46.3924
    8683      42.9353
    8684      48.5156
    8685      51.2342
    8686      47.1179
    8687      51.6775
    8688      43.7041
    8689      42.7688
    8690      44.6050
    8691      45.7742
    8692      50.6177
    8693      47.6892
    8694      47.8446
    8695      51.0480
    8696      49.1049
    8697      50.5610
    8698      49.8578
    8699      50.8854
    8700      50.0485
    8701      48.6865
    8702      51.0782
    8703      46.8203
    8704      47.0827
    8705      46.7504
    8706      48.2569
    8707      50.7233
    8708      53.7567
    8709      56.8161
    8710      59.6280
    8711      60.4936
    8712      62.9587
    8713      61.0319
    8714      57.8828
    8715      52.9308
    8716      54.2093
    8717      48.6202
    8718      46.9570
    8719      47.6149
    8720      46.7524
    8721      52.7393
    8722      55.1077
    8723      55.2016
    8724      54.6308
    8725      53.0030
    8726      52.4380
    8727      49.7797
    8728      45.2611
    8729      40.4905
    8730      42.6399
    8731      41.5062
    8732      46.0634
    8733      45.4808
    8734      41.7839
    8735      49.0098
    8736      50.4031
    8737      50.3741
    8738      51.6327
    8739      46.5268
    8740      46.8372
    8741      48.3784
    8742      50.9502
    8743      50.1396
    8744      44.1772
    8745      44.9252
    8746      46.4024
    8747      49.4636
    8748      53.2538
    8749      58.1023
    8750      56.9537
    8751      58.1086
    8752      55.4545
    8753      49.8621
    8754      47.5228
    8755      44.2298
    8756      43.9881
    8757      40.1702
    8758      42.2608
    8759      45.9300
    8760      47.9734
    8761      52.3199
    8762      55.6035
    8763      53.6919
    8764      51.1566
    8765      46.1845
    8766      47.1951
    8767      47.6835
    8768      43.5250
    8769      46.3377
    8770      48.4450
    8771      49.2120
    8772      46.3468
    8773      44.0667
    8774      48.5430
    8775      44.3687
    8776      45.0616
    8777      48.3722
    8778      49.4667
    8779      51.0818
    8780      52.1292
    8781      49.9679
    8782      49.0003
    8783      50.0873
    8784      53.7167
    8785      47.1750
    8786      53.7947
    8787      51.7630
    8788      51.2139
    8789      46.7704
    8790      52.3707
    8791      53.7215
    8792      53.1613
    8793      49.0417
    8794      52.6535
    8795      54.8830
    8796      55.7646
    8797      58.1473
    8798      57.0636
    8799      46.8364
    8800      51.9743
    8801      50.9434
    8802      49.5633
    8803      45.8396
    8804      51.0873
    8805      48.9133
    8806      46.5169
    8807      46.9704
    8808      46.8874
    8809      46.6806
    8810      46.9693
    8811      54.3832
    8812      56.7669
    8813      55.9758
    8814      56.4455
    8815      54.3815
    8816      53.0383
    8817      58.3452
    8818      62.2223
    8819      54.1151
    8820      50.5952
    8821      47.7326
    8822      48.0151
    8823      56.7598
    8824      57.3504
    8825      54.6784
    8826      61.9253
    8827      52.1121
    8828      47.7328
    8829      46.1597
    8830      49.5736
    8831      53.2241
    8832      54.1032
    8833      50.9476
    8834      51.5872
    8835      50.4160
    8836      52.9716
    8837      54.7270
    8838      52.1447
    8839      51.3291
    8840      55.4727
    8841      55.4925
    8842      56.1376
    8843      54.1579
    8844      47.5859
    8845      53.9718
    8846      53.8037
    8847      53.4399
    8848      48.9712
    8849      49.8714
    8850      50.6421
    8851      50.8129
    8852      56.2392
    8853      57.2904
    8854      51.8858
    8855      49.9975
    8856      50.8614
    8857      55.3365
    8858      54.1253
    8859      55.8214
    8860      55.3386
    8861      50.0926
    8862      49.2102
    8863      53.0409
    8864      55.6038
    8865      55.4555
    8866      59.1421
    8867      62.0058
    8868      60.5417
    8869      60.6677
    8870      56.7117
    8871      56.5227
    8872      55.7559
    8873      55.8699
    8874      48.9035
    8875      50.1305
    8876      53.3077
    8877      55.1410
    8878      53.1328
    8879      47.2480
    8880      45.7606
    8881      47.1777
    8882      50.9244
    8883      48.5342
    8884      53.9736
    8885      50.3860
    8886      51.1431
    8887      53.8653
    8888      52.4057
    8889      49.7387
    8890      52.0307
    8891      54.3833
    8892      52.0323
    8893      55.7459
    8894      54.3467
    8895      51.5150
    8896      44.1741
    8897      48.8303
    8898      49.7794
    8899      52.8471
    8900      53.0546
    8901      52.2955
    8902      55.0501
    8903      59.2695
    8904      56.6813
    8905      56.1774
    8906      55.4033
    8907      56.7956
    8908      54.6090
    8909      53.4514
    8910      60.0188
    8911      55.8007
    8912      55.5247
    8913      58.5568
    8914      58.1527
    8915      58.3434
    8916      56.4170
    8917      54.9929
    8918      51.2470
    8919      54.6435
    8920      53.3239
    8921      53.4980
    8922      56.9490
    8923      56.5538
    8924      57.7907
    8925      57.6534
    8926      53.1262
    8927      47.6509
    8928      45.2741
    8929      45.9738
    8930      44.1001
    8931      48.1283
    8932      46.4088
    8933      48.9976
    8934      49.7812
    8935      50.6865
    8936      53.5895
    8937      55.4515
    8938      53.5823
    8939      50.7983
    8940      54.1229
    8941      54.4453
    8942      53.8152
    8943      59.4360
    8944      61.5588
    8945      55.5307
    8946      55.2864
    8947      58.3987
    8948      56.2215
    8949      56.0211
    8950      55.7428
    8951      62.9426
    8952      67.6838
    8953      69.1835
    8954      65.4168
    8955      62.4626
    8956      59.4150
    8957      61.1627
    8958      60.4276
    8959      59.8146
    8960      63.4651
    8961      63.6304
    8962      64.2497
    8963      59.2294
    8964      56.9373
    8965      55.1401
    8966      55.4838
    8967      59.0754
    8968      59.9577
    8969      57.7541
    8970      52.2402
    8971      56.4703
    8972      53.9779
    8973      58.4112
    8974      62.5546
    8975      56.8661
    8976      51.2667
    8977      51.0159
    8978      52.3181
    8979      49.9362
    8980      52.3219
    8981      49.8170
    8982      51.7933
    8983      49.5183
    8984      51.4388
    8985      54.5705
    8986      51.6403
    8987      50.9638
    8988      53.7106
    8989      50.3167
    8990      54.5533
    8991      56.7259
    8992      56.6282
    8993      54.2698
    8994      50.1913
    8995      55.7531
    8996      50.7121
    8997      48.2920
    8998      50.1539
    8999      53.3707
    9000      54.6642
    9001      50.5818
    9002      45.2167
    9003      43.6037
    9004      40.5835
    9005      41.5652
    9006      43.1740
    9007      41.8868
    9008      43.5119
    9009      46.2633
    9010      47.0301
    9011      43.2717
    9012      43.2273
    9013      38.6463
    9014      39.8380
    9015      42.3887
    9016      44.6307
    9017      43.2733
    9018      42.8512
    9019      41.3151
    9020      36.7014
    9021      37.6891
    9022      37.0160
    9023      38.1815
    9024      39.7774
    9025      37.9194
    9026      38.3813
    9027      42.6836
    9028      42.0572
    9029      43.9416
    9030      43.7604
    9031      42.9959
    9032      39.5840
    9033      41.1332
    9034      36.5805
    9035      33.4163
    9036      33.7543
    9037      35.6268
    9038      35.5899
    9039      37.8696
    9040      39.8236
    9041      42.8094
    9042      39.4633
    9043      39.3361
    9044      39.8114
    9045      37.8752
    9046      39.1640
    9047      41.5590
    9048      41.9957
    9049      43.7000
    9050      44.3296
    9051      45.5225
    9052      43.5486
    9053      46.4138
    9054      45.4576
    9055      42.6659
    9056      45.5335
    9057      44.5110
    9058      47.2654
    9059      45.5171
    9060      45.9177
    9061      42.9238
    9062      46.2395
    9063      45.1750
    9064      42.0329
    9065      48.2875
    9066      45.3225
    9067      41.8575
    9068      46.0788
    9069      41.3377
    9070      42.7817
    9071      44.2773
    9072      46.4382
    9073      47.4826
    9074      49.7714
    9075      55.4701
    9076      50.8098
    9077      45.8951
    9078      53.8372
    9079      47.1925
    9080      44.6679
    9081      49.5755
    9082      50.1762
    9083      49.7187
    9084      49.4646
    9085      49.4760
    9086      47.6367
    9087      44.6002
    9088      42.3825
    9089      39.1136
    9090      39.4777
    9091      39.7374
    9092      42.8635
    9093      40.8858
    9094      41.4418
    9095      42.7518
    9096      45.2965
    9097      44.9894
    9098      47.4057
    9099      47.6118
    9100      47.6356
    9101      54.0518
    9102      55.0266
    9103      51.3937
    9104      46.7964
    9105      52.7677
    9106      53.5027
    9107      48.7483
    9108      48.9624
    9109      50.4931
    9110      48.8087
    9111      46.7308
    9112      48.1939
    9113      48.6293
    9114      48.7740
    9115      50.6489
    9116      57.0794
    9117      60.6196
    9118      60.7565
    9119      60.1430
    9120      52.5398
    9121      48.3383
    9122      51.7009
    9123      56.2560
    9124      54.1084
    9125      51.4706
    9126      51.3549
    9127      51.1714
    9128      55.4988
    9129      58.6032
    9130      62.9164
    9131      58.7539
    9132      55.0580
    9133      52.7838
    9134      53.0423
    9135      49.1866
    9136      47.1595
    9137      47.6695
    9138      45.7019
    9139      44.8807
    9140      45.2443
    9141      45.6586
    9142      42.5480
    9143      45.7560
    9144      43.9079
    9145      46.1860
    9146      50.1716
    9147      49.8082
    9148      48.1703
    9149      47.0487
    9150      51.9235
    9151      51.4909
    9152      53.9304
    9153      57.9284
    9154      53.2589
    9155      50.3793
    9156      45.9398
    9157      53.3043
    9158      52.4172
    9159      53.3928
    9160      49.5157
    9161      50.0637
    9162      54.7036
    9163      58.8838
    9164      57.4782
    9165      53.7481
    9166      57.5830
    9167      53.3442
    9168      53.3894
    9169      52.2235
    9170      56.2182
    9171      58.2587
    9172      46.4916
    9173      44.7522
    9174      49.1474
    9175      48.0020
    9176      49.2837
    9177      57.2083
    9178      48.2219
    9179      54.3027
    9180      57.1265
    9181      56.1950
    9182      49.2367
    9183      46.5431
    9184      47.9150
    9185      47.1492
    9186      45.2740
    9187      45.8359
    9188      52.2305
    9189      55.9964
    9190      60.0492
    9191      56.0800
    9192      54.2899
    9193      50.6621
    9194      57.2437
    9195      56.8513
    9196      50.5325
    9197      54.1076
    9198      53.2176
    9199      52.7001
    9200      54.8004
    9201      56.5437
    9202      54.2299
    9203      51.8002
    9204      49.1879
    9205      46.3400
    9206      48.5518
    9207      48.4599
    9208      50.1064
    9209      48.7499
    9210      46.9757
    9211      43.2048
    9212      46.1958
    9213      42.5273
    9214      42.5877
    9215      48.6203
    9216      54.0435
    9217      46.7434
    9218      43.8243
    9219      51.6027
    9220      53.4712
    9221      56.5001
    9222      55.3314
    9223      52.7766
    9224      52.7073
    9225      50.4149
    9226      52.2215
    9227      49.7485
    9228      51.3734
    9229      51.8686
    9230      44.8900
    9231      42.6773
    9232      43.9939
    9233      44.7867
    9234      44.8698
    9235      45.5532
    9236      42.9076
    9237      46.7894
    9238      46.3141
    9239      45.9825
    9240      47.2343
    9241      48.2270
    9242      48.4286
    9243      42.5123
    9244      41.7069
    9245      45.0734
    9246      44.5609
    9247      40.1530
    9248      37.6324
    9249      45.3060
    9250      39.2287
    9251      36.4644
    9252      41.3639
    9253      38.8261
    9254      36.6877
    9255      40.9689
    9256      39.9235
    9257      41.6670
    9258      44.0232
    9259      42.8704
    9260      42.4215
    9261      42.7669
    9262      47.0247
    9263      45.7477
    9264      41.7798
    9265      42.4998
    9266      45.7711
    9267      42.0769
    9268      43.7309
    9269      39.4592
    9270      41.6252
    9271      40.5459
    9272      42.4016
    9273      39.6072
    9274      39.6803
    9275      44.1040
    9276      47.2450
    9277      47.1820
    9278      51.7969
    9279      51.0002
    9280      45.0043
    9281      45.7422
    9282      47.2286
    9283      46.8992
    9284      45.0316
    9285      46.1875
    9286      51.6049
    9287      46.8572
    9288      45.6927
    9289      43.9576
    9290      44.2008
    9291      44.1217
    9292      44.3834
    9293      43.4351
    9294      43.5769
    9295      45.0968
    9296      48.5608
    9297      50.3388
    9298      52.9331
    9299      45.0111
    9300      47.8435
    9301      48.9426
    9302      49.6135
    9303      46.4647
    9304      46.9652
    9305      44.8816
    9306      47.3073
    9307      46.0238
    9308      46.9039
    9309      48.5771
    9310      50.3329
    9311      53.4773
    9312      48.4567
    9313      48.5541
    9314      51.8994
    9315      44.7951
    9316      49.9068
    9317      46.6987
    9318      49.6036
    9319      54.0559
    9320      52.0342
    9321      51.9986
    9322      49.2470
    9323      52.0341
    9324      56.0202
    9325      56.3858
    9326      53.1078
    9327      54.7471
    9328      46.8412
    9329      46.6348
    9330      45.8668
    9331      42.1080
    9332      43.1750
    9333      42.4817
    9334      46.0078
    9335      44.1658
    9336      44.2177
    9337      41.8600
    9338      42.5938
    9339      45.3602
    9340      42.4446
    9341      41.6432
    9342      38.4374
    9343      39.5283
    9344      39.9036
    9345      41.9894
    9346      42.8006
    9347      43.5916
    9348      39.6972
    9349      40.6197
    9350      38.6765
    9351      40.0609
    9352      40.2366
    9353      40.9717
    9354      40.4137
    9355      43.9142
    9356      48.4199
    9357      48.8482
    9358      49.9203
    9359      51.9672
    9360      54.2831
    9361      50.0227
    9362      47.2441
    9363      54.9034
    9364      55.3073
    9365      54.1798
    9366      51.3541
    9367      47.7109
    9368      49.4779
    9369      45.8811
    9370      51.3190
    9371      53.7690
    9372      60.3404
    9373      55.4618
    9374      50.2385
    9375      45.4232
    9376      46.5375
    9377      48.2102
    9378      48.4681
    9379      52.4406
    9380      49.0763
    9381      50.6290
    9382      49.9095
    9383      52.1113
    9384      44.2995
    9385      47.4209
    9386      49.8167
    9387      49.1365
    9388      54.8782
    9389      55.9576
    9390      48.4907
    9391      49.4958
    9392      52.7305
    9393      53.3902
    9394      52.9001
    9395      49.5170
    9396      50.8432
    9397      51.7289
    9398      51.8958
    9399      51.8114
    9400      44.4374
    9401      45.9116
    9402      46.3367
    9403      53.1551
    9404      54.5118
    9405      56.2648
    9406      54.6800
    9407      50.6284
    9408      47.5275
    9409      48.2713
    9410      49.5638
    9411      53.3505
    9412      53.8926
    9413      52.8073
    9414      51.9071
    9415      53.3085
    9416      52.4005
    9417      48.9554
    9418      51.9688
    9419      49.3902
    9420      49.8517
    9421      52.3124
    9422      55.4465
    9423      53.2031
    9424      56.7970
    9425      56.6654
    9426      57.1751
    9427      49.4165
    9428      52.6710
    9429      53.3836
    9430      58.7243
    9431      55.0585
    9432      56.7776
    9433      52.5656
    9434      57.2034
    9435      52.8770
    9436      49.6061
    9437      48.5776
    9438      48.6294
    9439      49.3786
    9440      46.1914
    9441      51.4510
    9442      53.7009
    9443      46.4196
    9444      52.8029
    9445      49.7820
    9446      50.7888
    9447      53.7270
    9448      54.1945
    9449      56.4426
    9450      59.3832
    9451      63.3109
    9452      54.0422
    9453      53.4517
    9454      50.8732
    9455      53.7070
    9456      48.5370
    9457      53.7316
    9458      54.4466
    9459      53.2345
    9460      50.9883
    9461      55.0264
    9462      55.4671
    9463      54.5696
    9464      54.5899
    9465      54.9366
    9466      51.9519
    9467      57.7530
    9468      47.7896
    9469      46.8717
    9470      53.8627
    9471      49.3207
    9472      50.0527
    9473      49.0402
    9474      54.4959
    9475      58.8267
    9476      60.4319
    9477      59.8921
    9478      57.0525
    9479      57.9346
    9480      62.6033
    9481      60.3418
    9482      59.0518
    9483      60.1033
    9484      61.2513
    9485      57.8661
    9486      58.8202
    9487      58.8770
    9488      59.0999
    9489      57.0752
    9490      55.7545
    9491      51.2580
    9492      54.2897
    9493      49.7099
    9494      51.3286
    9495      47.5577
    9496      48.4460
    9497      45.2921
    9498      45.4639
    9499      44.6746
    9500      46.1410
    9501      45.4638
    9502      49.0845
    9503      50.9787
    9504      53.2093
    9505      55.0113
    9506      50.6685
    9507      49.4204
    9508      49.8115
    9509      51.5295
    9510      56.5055
    9511      53.0148
    9512      55.9251
    9513      61.5253
    9514      62.1523
    9515      60.9332
    9516      67.1539
    9517      65.0944
    9518      65.3090
    9519      61.5551
    9520      53.4586
    9521      56.3456
    9522      56.5028
    9523      53.6804
    9524      51.6068
    9525      52.7149
    9526      56.7195
    9527      55.4966
    9528      51.7069
    9529      46.3566
    9530      45.0660
    9531      42.0138
    9532      38.3462
    9533      36.3484
    9534      42.4817
    9535      46.8720
    9536      44.1788
    9537      43.4331
    9538      43.2532
    9539      45.0132
    9540      48.4162
    9541      43.4172
    9542      45.8453
    9543      46.7401
    9544      45.6440
    9545      43.5162
    9546      44.7230
    9547      43.8107
    9548      47.6564
    9549      48.1079
    9550      41.3162
    9551      46.5241
    9552      48.5484
    9553      51.8793
    9554      48.2533
    9555      53.0149
    9556      47.7995
    9557      50.2003
    9558      53.9494
    9559      52.9989
    9560      48.1633
    9561      49.4542
    9562      49.5485
    9563      49.4328
    9564      48.7186
    9565      48.4874
    9566      50.3145
    9567      49.6202
    9568      52.8130
    9569      57.6596
    9570      52.8089
    9571      54.0894
    9572      53.7776
    9573      55.1171
    9574      54.6222
    9575      56.0667
    9576      53.6779
    9577      54.8191
    9578      51.0941
    9579      50.0625
    9580      52.9132
    9581      59.9140
    9582      57.0973
    9583      53.1092
    9584      51.0096
    9585      58.9876
    9586      54.9918
    9587      53.1589
    9588      45.3215
    9589      44.2209
    9590      49.4828
    9591      55.7543
    9592      50.7431
    9593      45.1799
    9594      45.0236
    9595      46.1435
    9596      45.8287
    9597      49.2661
    9598      49.5305
    9599      53.3282
    9600      55.1736
    9601      48.7396
    9602      51.8369
    9603      51.9147
    9604      49.0746
    9605      43.8344
    9606      50.2341
    9607      49.5872
    9608      51.1860
    9609      49.6261
    9610      49.9575
    9611      44.9489
    9612      41.6130
    9613      47.1819
    9614      44.7852
    9615      47.6948
    9616      50.3534
    9617      46.1254
    9618      48.5188
    9619      45.7555
    9620      46.0735
    9621      49.4829
    9622      52.0444
    9623      52.4607
    9624      47.5992
    9625      48.1967
    9626      40.5510
    9627      44.4585
    9628      48.4258
    9629      46.0148
    9630      46.5944
    9631      42.9412
    9632      48.1787
    9633      42.7087
    9634      46.6723
    9635      48.2837
    9636      47.6847
    9637      45.1154
    9638      38.1056
    9639      36.9419
    9640      37.7420
    9641      39.0127
    9642      45.1031
    9643      42.6073
    9644      43.3810
    9645      42.0753
    9646      45.9495
    9647      42.4703
    9648      45.3653
    9649      46.5071
    9650      45.1467
    9651      47.6662
    9652      46.5895
    9653      44.4342
    9654      49.8206
    9655      51.7936
    9656      50.3816
    9657      50.5776
    9658      48.5835
    9659      48.5122
    9660      48.5380
    9661      47.7995
    9662      46.8052
    9663      44.5337
    9664      42.1586
    9665      45.8052
    9666      47.8096
    9667      51.2159
    9668      52.1784
    9669      50.2390
    9670      48.8822
    9671      47.7691
    9672      46.6131
    9673      48.2289
    9674      54.1842
    9675      58.9893
    9676      62.1018
    9677      61.4248
    9678      58.0067
    9679      61.1979
    9680      60.3932
    9681      52.9892
    9682      50.5983
    9683      50.1639
    9684      49.9624
    9685      49.3565
    9686      45.3343
    9687      47.7618
    9688      49.0911
    9689      47.5280
    9690      52.0136
    9691      48.7096
    9692      48.4181
    9693      46.3525
    9694      46.8337
    9695      47.7211
    9696      48.3751
    9697      49.8778
    9698      55.4411
    9699      47.4213
    9700      50.7161
    9701      53.6036
    9702      55.0142
    9703      56.3842
    9704      54.7042
    9705      55.1173
    9706      52.1503
    9707      55.5959
    9708      57.6694
    9709      63.3869
    9710      66.5469
    9711      67.5297
    9712      59.4984
    9713      59.0486
    9714      56.3292
    9715      59.6743
    9716      56.3212
    9717      52.3994
    9718      49.4631
    9719      54.4403
    9720      54.8224
    9721      47.8345
    9722      50.6183
    9723      53.2257
    9724      57.6418
    9725      55.9103
    9726      51.9581
    9727      53.6800
    9728      61.4029
    9729      64.0669
    9730      61.0656
    9731      66.5520
    9732      63.1872
    9733      57.8561
    9734      54.7054
    9735      48.0424
    9736      50.0640
    9737      54.6185
    9738      55.4813
    9739      51.2449
    9740      52.4855
    9741      52.7906
    9742      50.8233
    9743      62.4444
    9744      57.9841
    9745      53.2782
    9746      59.0362
    9747      60.0346
    9748      54.0787
    9749      52.6358
    9750      50.7641
    9751      51.8179
    9752      52.7801
    9753      54.2582
    9754      50.9487
    9755      53.1542
    9756      52.1769
    9757      57.9787
    9758      57.5397
    9759      57.0883
    9760      58.1478
    9761      53.5503
    9762      56.0370
    9763      50.6215
    9764      54.8023
    9765      52.8166
    9766      55.3844
    9767      54.6312
    9768      53.7880
    9769      50.3715
    9770      50.9626
    9771      50.5463
    9772      48.0840
    9773      54.8311
    9774      54.7292
    9775      58.5521
    9776      58.0884
    9777      59.8924
    9778      57.0375
    9779      56.2186
    9780      57.9695
    9781      56.7044
    9782      53.8517
    9783      54.2866
    9784      57.7354
    9785      59.9549
    9786      58.2188
    9787      57.3814
    9788      55.0316
    9789      52.9713
    9790      54.2634
    9791      53.6070
    9792      57.6996
    9793      52.9987
    9794      56.3395
    9795      57.8715
    9796      51.8948
    9797      53.7385
    9798      55.8761
    9799      61.1852
    9800      57.6656
    9801      57.1606
    9802      49.8892
    9803      54.6926
    9804      54.7133
    9805      56.5459
    9806      54.1746
    9807      53.6326
    9808      50.3946
    9809      54.8421
    9810      53.4403
    9811      50.7513
    9812      48.4776
    9813      41.4991
    9814      54.4901
    9815      53.8865
    9816      58.8608
    9817      56.7738
    9818      54.2271
    9819      49.0565
    9820      47.9924
    9821      44.5511
    9822      39.8098
    9823      43.8662
    9824      40.7478
    9825      39.1671
    9826      42.4266
    9827      43.6447
    9828      48.3438
    9829      48.6260
    9830      50.4246
    9831      47.5637
    9832      49.8936
    9833      50.4771
    9834      47.6180
    9835      51.7774
    9836      49.8443
    9837      57.6786
    9838      54.3797
    9839      57.7481
    9840      52.8640
    9841      53.4646
    9842      51.6821
    9843      55.4973
    9844      52.4820
    9845      53.6417
    9846      52.1403
    9847      54.4163
    9848      61.2970
    9849      56.4444
    9850      54.8367
    9851      58.3716
    9852      60.4953
    9853      63.3379
    9854      59.7205
    9855      53.9622
    9856      55.7404
    9857      52.3816
    9858      48.2546
    9859      45.4681
    9860      48.1419
    9861      49.9308
    9862      46.3177
    9863      51.3626
    9864      49.3299
    9865      43.2774
    9866      40.4786
    9867      41.1870
    9868      44.5610
    9869      47.3189
    9870      46.0059
    9871      49.8748
    9872      46.9074
    9873      41.7070
    9874      42.0696
    9875      42.4814
    9876      43.4179
    9877      42.7313
    9878      47.0591
    9879      50.6005
    9880      57.7698
    9881      57.5268
    9882      54.6552
    9883      54.6954
    9884      50.8947
    9885      50.8964
    9886      52.8316
    9887      52.5404
    9888      52.9648
    9889      52.0546
    9890      52.7639
    9891      51.3885
    9892      45.2578
    9893      47.8133
    9894      47.7092
    9895      49.5148
    9896      51.3964
    9897      50.0004
    9898      48.6686
    9899      48.8874
    9900      53.3965
    9901      50.1099
    9902      49.6066
    9903      44.7739
    9904      41.1973
    9905      44.1253
    9906      51.2820
    9907      47.0103
    9908      48.0429
    9909      48.5084
    9910      46.4942
    9911      47.9974
    9912      46.7802
    9913      48.2426
    9914      46.9209
    9915      50.3594
    9916      48.0517
    9917      49.5408
    9918      41.6220
    9919      43.3685
    9920      48.4398
    9921      48.4506
    9922      51.2438
    9923      53.0098
    9924      50.3173
    9925      50.8199
    9926      52.2436
    9927      56.8765
    9928      55.6247
    9929      58.9095
    9930      58.9612
    9931      59.3200
    9932      59.4496
    9933      59.7615
    9934      56.2441
    9935      56.0324
    9936      54.3991
    9937      51.1153
    9938      54.9825
    9939      50.9903
    9940      48.6046
    9941      51.7999
    9942      48.0361
    9943      44.8050
    9944      49.9407
    9945      49.0738
    9946      48.8297
    9947      47.3446
    9948      46.8525
    9949      47.5501
    9950      53.0489
    9951      53.1058
    9952      50.4181
    9953      53.3357
    9954      47.0985
    9955      48.9493
    9956      55.0246
    9957      48.2387
    9958      50.9943
    9959      61.7035
    9960      62.6294
    9961      60.0500
    9962      59.8182
    9963      59.5037
    9964      62.0274
    9965      63.1214
    9966      63.6911
    9967      62.2690
    9968      63.0035
    9969      59.9100
    9970      56.8714
    9971      56.9721
    9972      53.2785
    9973      53.1972
    9974      49.7910
    9975      51.9462
    9976      50.2850
    9977      52.0560
    9978      53.2991
    9979      52.9846
    9980      50.1174
    9981      47.0618
    9982      47.5546
    9983      45.6847
    9984      46.9443
    9985      49.9221
    9986      48.0586
    9987      49.2332
    9988      47.6259
    9989      50.5224
    9990      56.1468
    9991      51.2883
    9992      47.9630
    9993      49.6575
    9994      49.8329
    9995      49.3392
    9996      52.9022
    9997      56.3472
    9998      52.0003
    9999      49.4132
   10000      47.9912
   10001      48.9428
   10002      52.2928
   10003      56.5323
   10004      55.2107
   10005      55.8641
   10006      50.6927
   10007      53.0910
   10008      51.9634
   10009      55.1118
   10010      50.7494
   10011      53.7311
   10012      52.1331
   10013      56.3449
   10014      53.9332
   10015      54.8338
   10016      50.8175
   10017      46.6115
   10018      46.0801
   10019      51.0131
   10020      50.4562
   10021      48.0468
   10022      48.4557
   10023      46.4733
   10024      45.8484
   10025      52.0965
   10026      52.6654
   10027      50.8269
   10028      48.4482
   10029      49.6532
   10030      52.8383
   10031      57.6296
   10032      52.5132
   10033      53.7033
   10034      52.8048
   10035      52.1241
   10036      53.6126
   10037      54.7281
   10038      54.3749
   10039      55.2745
   10040      52.5826
   10041      51.2227
   10042      52.1676
   10043      47.7510
   10044      50.7036
   10045      49.3705
   10046      49.6829
   10047      50.1088
   10048      53.9563
   10049      48.5265
   10050      49.1639
   10051      44.1586
   10052      46.4370
   10053      43.9666
   10054      44.2325
   10055      46.3590
   10056      46.8855
   10057      44.0804
   10058      47.0554
   10059      43.4893
   10060      46.9167
   10061      47.0715
   10062      45.6087
   10063      42.7197
   10064      41.8791
   10065      44.6774
   10066      49.1087
   10067      51.7596
   10068      47.3773
   10069      44.7333
   10070      50.6423
   10071      51.7970
   10072      49.1447
   10073      49.0030
   10074      49.8870
   10075      47.2725
   10076      46.9908
   10077      47.2173
   10078      48.2272
   10079      50.5952
   10080      49.5960
   10081      48.8559
   10082      49.7623
   10083      49.6990
   10084      47.9010
   10085      48.6307
   10086      50.2891
   10087      44.5841
   10088      47.4960
   10089      50.4985
   10090      47.5362
   10091      45.6984
   10092      46.1906
   10093      49.3952
   10094      47.8055
   10095      51.2633
   10096      48.0839
   10097      51.3823
   10098      52.9575
   10099      51.9238
   10100      49.7945
   10101      52.8002
   10102      55.8199
   10103      52.0830
   10104      54.7062
   10105      50.1005
   10106      51.8031
   10107      49.2348
   10108      49.2377
   10109      52.8131
   10110      49.9132
   10111      48.3455
   10112      49.2685
   10113      44.9456
   10114      48.1484
   10115      46.9570
   10116      53.7385
   10117      60.2956
   10118      59.5954
   10119      53.6109
   10120      51.5580
   10121      50.6304
   10122      54.3397
   10123      56.0869
   10124      54.3657
   10125      46.6953
   10126      51.4013
   10127      56.0246
   10128      55.0194
   10129      51.7384
   10130      49.7971
   10131      51.4720
   10132      55.2521
   10133      57.8916
   10134      52.2738
   10135      55.6217
   10136      47.6746
   10137      48.7172
   10138      54.8255
   10139      52.9756
   10140      52.5432
   10141      50.4896
   10142      50.6261
   10143      50.1358
   10144      56.1799
   10145      60.8531
   10146      66.5294
   10147      57.0420
   10148      53.0244
   10149      55.2962
   10150      57.5120
   10151      54.6883
   10152      54.5801
   10153      50.8153
   10154      52.4646
   10155      48.2944
   10156      45.8402
   10157      51.0996
   10158      48.4075
   10159      50.4708
   10160      52.3084
   10161      54.5809
   10162      48.0448
   10163      46.3421
   10164      42.5661
   10165      42.3414
   10166      43.0746
   10167      42.8854
   10168      48.2018
   10169      49.0641
   10170      47.1272
   10171      49.2466
   10172      52.7087
   10173      54.3422
   10174      56.4419
   10175      49.1314
   10176      51.2238
   10177      48.3727
   10178      50.2228
   10179      47.1731
   10180      52.4072
   10181      52.0186
   10182      46.8208
   10183      42.3756
   10184      50.9400
   10185      54.3518
   10186      53.6568
   10187      49.5938
   10188      47.4446
   10189      51.4834
   10190      53.1938
   10191      56.3089
   10192      54.9279
   10193      52.8873
   10194      49.6368
   10195      39.4949
   10196      44.3735
   10197      43.6693
   10198      41.0732
   10199      44.5455
   10200      50.1026
   10201      46.3284
   10202      44.2764
   10203      41.0737
   10204      46.4508
   10205      45.6612
   10206      49.5441
   10207      55.2669
   10208      57.4096
   10209      57.8373
   10210      57.4097
   10211      49.9593
   10212      53.3495
   10213      56.9271
   10214      56.8994
   10215      48.6843
   10216      50.2740
   10217      53.9574
   10218      52.3818
   10219      51.2858
   10220      46.6268
   10221      46.2959
   10222      45.9768
   10223      48.3999
   10224      46.3855
   10225      43.5373
   10226      43.6024
   10227      50.9535
   10228      49.3490
   10229      53.4866
   10230      55.0014
   10231      51.8412
   10232      49.6697
   10233      49.6792
   10234      48.7596
   10235      48.9541
   10236      50.0156
   10237      50.8600
   10238      50.1553
   10239      51.8322
   10240      55.1226
   10241      49.2518
   10242      49.5771
   10243      54.8731
   10244      50.8369
   10245      44.1441
   10246      47.1410
   10247      46.8262
   10248      44.4625
   10249      40.2811
   10250      37.9094
   10251      35.9563
   10252      35.8049
   10253      39.0940
   10254      35.9242
   10255      42.0783
   10256      42.9341
   10257      45.7458
   10258      49.8508
   10259      56.6576
   10260      51.4859
   10261      50.6036
   10262      41.5557
   10263      40.4067
   10264      43.3964
   10265      44.6778
   10266      49.9074
   10267      54.9947
   10268      53.9675
   10269      51.4086
   10270      53.1975
   10271      49.9538
   10272      46.3305
   10273      50.1562
   10274      44.1986
   10275      44.0456
   10276      47.5290
   10277      51.1722
   10278      50.5576
   10279      47.7368
   10280      47.4720
   10281      45.4305
   10282      56.1125
   10283      57.6330
   10284      59.8613
   10285      55.4690
   10286      55.7922
   10287      49.8628
   10288      48.7279
   10289      44.9026
   10290      44.6112
   10291      39.6954
   10292      51.4655
   10293      51.9045
   10294      46.7752
   10295      45.1951
   10296      40.4378
   10297      45.4800
   10298      41.5574
   10299      38.6425
   10300      41.9185
   10301      47.8301
   10302      51.2931
   10303      52.6663
   10304      49.5697
   10305      54.0320
   10306      51.0301
   10307      55.0700
   10308      56.5378
   10309      47.8821
   10310      39.7482
   10311      46.1686
   10312      43.0301
   10313      44.6262
   10314      47.8465
   10315      45.2668
   10316      48.4201
   10317      47.6847
   10318      47.4092
   10319      50.3715
   10320      51.7250
   10321      51.7919
   10322      56.0651
   10323      52.2568
   10324      53.2495
   10325      54.1951
   10326      54.4263
   10327      57.0486
   10328      52.8881
   10329      53.0366
   10330      54.7108
   10331      51.2281
   10332      51.3595
   10333      48.6692
   10334      48.5132
   10335      47.3484
   10336      46.6050
   10337      45.9496
   10338      43.4214
   10339      48.8664
   10340      50.3302
   10341      52.8963
   10342      52.0906
   10343      51.3029
   10344      56.2710
   10345      52.4438
   10346      50.3456
   10347      54.7113
   10348      46.3183
   10349      47.8854
   10350      48.3902
   10351      52.4826
   10352      53.6309
   10353      48.3547
   10354      50.7938
   10355      55.2496
   10356      59.6705
   10357      58.0388
   10358      55.8373
   10359      56.3537
   10360      55.5361
   10361      53.4056
   10362      55.9508
   10363      55.2234
   10364      55.2543
   10365      52.0576
   10366      53.3510
   10367      57.7793
   10368      57.8974
   10369      57.2881
   10370      53.9364
   10371      55.5266
   10372      55.8402
   10373      53.8906
   10374      50.5146
   10375      50.9720
   10376      51.1502
   10377      55.8349
   10378      52.3917
   10379      45.0434
   10380      45.2005
   10381      42.9363
   10382      51.0726
   10383      48.2567
   10384      51.8874
   10385      55.5975
   10386      53.2617
   10387      50.5039
   10388      55.0160
   10389      53.6323
   10390      51.7535
   10391      54.3154
   10392      56.8597
   10393      52.1616
   10394      50.6873
   10395      48.7917
   10396      50.5278
   10397      56.6338
   10398      57.1146
   10399      66.2600
   10400      62.8189
   10401      62.6640
   10402      64.6158
   10403      67.8808
   10404      66.8263
   10405      66.8897
   10406      65.0930
   10407      64.9266
   10408      60.8696
   10409      54.8712
   10410      55.9566
   10411      57.0990
   10412      57.6213
   10413      57.5574
   10414      63.5391
   10415      65.7766
   10416      61.7623
   10417      58.8218
   10418      61.4788
   10419      61.4922
   10420      59.9929
   10421      59.1548
   10422      56.1733
   10423      53.3506
   10424      50.2864
   10425      53.9674
   10426      49.2389
   10427      49.7040
   10428      54.0314
   10429      50.7390
   10430      48.9593
   10431      48.5354
   10432      45.0137
   10433      49.2012
   10434      50.6838
   10435      51.7118
   10436      53.1589
   10437      57.5548
   10438      54.9867
   10439      57.3886
   10440      55.0391
   10441      58.6228
   10442      54.4076
   10443      51.6907
   10444      48.2227
   10445      52.5623
   10446      50.4381
   10447      51.1534
   10448      48.4732
   10449      51.4099
   10450      54.2780
   10451      52.0884
   10452      48.5634
   10453      48.0098
   10454      50.9617
   10455      50.8993
   10456      46.8245
   10457      45.3399
   10458      49.0281
   10459      53.7045
   10460      56.5681
   10461      56.0384
   10462      54.0618
   10463      51.6322
   10464      47.9395
   10465      52.7077
   10466      50.0942
   10467      50.1371
   10468      51.5386
   10469      50.8762
   10470      47.5349
   10471      48.8429
   10472      46.4207
   10473      49.3736
   10474      46.0959
   10475      44.9418
   10476      44.7662
   10477      45.9420
   10478      49.6318
   10479      49.2165
   10480      46.8861
   10481      49.1693
   10482      53.4753
   10483      54.0532
   10484      53.0020
   10485      57.8905
   10486      55.8454
   10487      56.2121
   10488      53.2333
   10489      52.4068
   10490      48.8353
   10491      49.4965
   10492      54.8824
   10493      52.3545
   10494      58.3320
   10495      62.1425
   10496      66.0255
   10497      64.2407
   10498      63.8971
   10499      63.1493
   10500      61.3791
   10501      63.5307
   10502      65.0952
   10503      61.5307
   10504      61.9711
   10505      63.0854
   10506      58.2720
   10507      60.9958
   10508      54.6045
   10509      54.2138
   10510      54.6305
   10511      57.5517
   10512      49.6434
   10513      53.0662
   10514      51.8379
   10515      55.6138
   10516      53.0954
   10517      48.7328
   10518      45.2054
   10519      45.0201
   10520      44.3321
   10521      45.9119
   10522      42.7448
   10523      44.2816
   10524      49.1334
   10525      48.1431
   10526      44.8634
   10527      47.6265
   10528      44.5939
   10529      42.3094
   10530      39.4219
   10531      36.3877
   10532      40.2632
   10533      47.3947
   10534      48.7236
   10535      46.5961
   10536      49.5357
   10537      51.9461
   10538      51.3594
   10539      55.4903
   10540      55.0691
   10541      58.3198
   10542      60.2528
   10543      59.7034
   10544      54.5447
   10545      45.6639
   10546      46.7394
   10547      50.3179
   10548      44.6105
   10549      50.5108
   10550      50.7908
   10551      50.7748
   10552      51.3051
   10553      56.3355
   10554      53.3034
   10555      53.6448
   10556      51.7129
   10557      59.1625
   10558      56.5942
   10559      55.9543
   10560      51.6735
   10561      53.2481
   10562      57.4665
   10563      57.1950
   10564      52.4127
   10565      45.6778
   10566      46.4742
   10567      51.1821
   10568      47.7125
   10569      52.0338
   10570      55.0113
   10571      49.9699
   10572      45.7369
   10573      48.6730
   10574      47.0617
   10575      46.1712
   10576      51.0701
   10577      51.7275
   10578      54.8587
   10579      53.6541
   10580      52.0210
   10581      53.6216
   10582      52.9695
   10583      55.2858
   10584      53.2795
   10585      50.0494
   10586      48.3224
   10587      52.3576
   10588      53.3908
   10589      53.9601
   10590      55.5531
   10591      49.4452
   10592      49.0454
   10593      52.0660
   10594      50.7920
   10595      47.2080
   10596      49.4415
   10597      55.8552
   10598      58.4180
   10599      50.9722
   10600      44.7994
   10601      50.4108
   10602      56.1430
   10603      54.4316
   10604      55.5665
   10605      54.6583
   10606      50.6075
   10607      53.7655
   10608      53.6041
   10609      52.1881
   10610      53.6053
   10611      53.5482
   10612      54.9784
   10613      55.7181
   10614      50.0097
   10615      48.3126
   10616      49.7740
   10617      48.8831
   10618      54.3196
   10619      51.6455
   10620      56.2730
   10621      50.2693
   10622      53.7359
   10623      54.7470
   10624      54.6112
   10625      50.7509
   10626      55.9921
   10627      52.9819
   10628      53.9219
   10629      46.8302
   10630      43.4506
   10631      44.9618
   10632      45.2782
   10633      45.5294
   10634      47.4858
   10635      44.5252
   10636      44.3655
   10637      53.7988
   10638      45.9349
   10639      46.0818
   10640      50.0357
   10641      53.0277
   10642      54.2792
   10643      52.6363
   10644      53.5857
   10645      56.2130
   10646      53.2358
   10647      52.0816
   10648      51.9039
   10649      48.7898
   10650      43.7529
   10651      49.2323
   10652      52.7060
   10653      55.8607
   10654      55.0761
   10655      54.7449
   10656      55.7216
   10657      50.8316
   10658      50.6034
   10659      50.1792
   10660      48.1763
   10661      49.4863
   10662      52.3617
   10663      51.6020
   10664      51.4246
   10665      50.5674
   10666      53.2328
   10667      50.5146
   10668      49.7541
   10669      50.2004
   10670      53.7629
   10671      51.6491
   10672      50.1231
   10673      48.4825
   10674      53.1864
   10675      47.8787
   10676      55.4773
   10677      59.8027
   10678      58.7906
   10679      56.9399
   10680      58.4100
   10681      57.0404
   10682      52.5205
   10683      55.9943
   10684      59.9196
   10685      61.3987
   10686      61.9578
   10687      64.5594
   10688      60.9669
   10689      53.6666
   10690      51.1053
   10691      50.2127
   10692      54.3317
   10693      56.7371
   10694      55.5540
   10695      59.5780
   10696      58.5909
   10697      56.2009
   10698      51.5783
   10699      48.3224
   10700      50.9804
   10701      55.9214
   10702      57.7815
   10703      52.5932
   10704      52.1577
   10705      44.7132
   10706      44.3439
   10707      41.9093
   10708      39.7304
   10709      46.7379
   10710      49.2676
   10711      50.8699
   10712      53.0313
   10713      44.8998
   10714      41.9719
   10715      46.4266
   10716      48.0952
   10717      50.6354
   10718      50.8962
   10719      51.4034
   10720      48.9867
   10721      46.7019
   10722      47.6177
   10723      46.0334
   10724      44.8616
   10725      47.1203
   10726      45.2162
   10727      44.4426
   10728      48.7045
   10729      42.8460
   10730      42.6855
   10731      45.0633
   10732      42.0043
   10733      47.9911
   10734      45.9365
   10735      39.9865
   10736      40.2992
   10737      38.1172
   10738      43.9246
   10739      47.9515
   10740      43.5304
   10741      40.0032
   10742      43.5652
   10743      39.5329
   10744      41.6297
   10745      43.0911
   10746      42.2263
   10747      39.7527
   10748      39.1804
   10749      35.3431
   10750      37.0521
   10751      39.3076
   10752      41.2646
   10753      43.9328
   10754      42.5907
   10755      45.2151
   10756      49.3585
   10757      53.1733
   10758      50.1132
   10759      52.9902
   10760      56.5947
   10761      59.0842
   10762      57.5156
   10763      57.1206
   10764      58.7601
   10765      54.9374
   10766      54.3907
   10767      48.4620
   10768      47.7652
   10769      52.3605
   10770      48.8445
   10771      49.6098
   10772      45.6425
   10773      53.7831
   10774      51.5078
   10775      49.0741
   10776      50.7108
   10777      47.5263
   10778      46.3108
   10779      44.7177
   10780      46.0494
   10781      45.0754
   10782      48.8814
   10783      43.9465
   10784      46.5830
   10785      51.2185
   10786      49.4580
   10787      49.0390
   10788      53.7336
   10789      54.7783
   10790      60.9353
   10791      58.7658
   10792      59.0071
   10793      57.5854
   10794      60.2801
   10795      61.3347
   10796      62.4225
   10797      57.4408
   10798      53.6931
   10799      52.0673
   10800      52.8140
   10801      55.2550
   10802      54.0321
   10803      56.5162
   10804      55.9283
   10805      57.0612
   10806      56.8023
   10807      55.4793
   10808      57.4889
   10809      55.5409
   10810      56.1763
   10811      56.7846
   10812      52.8233
   10813      52.0363
   10814      50.4711
   10815      50.7110
   10816      48.3529
   10817      49.7650
   10818      45.9340
   10819      48.9731
   10820      47.4738
   10821      50.1854
   10822      53.7122
   10823      53.0844
   10824      54.2703
   10825      50.1961
   10826      50.8162
   10827      47.6097
   10828      49.9819
   10829      47.1474
   10830      46.7117
   10831      50.4481
   10832      59.3274
   10833      59.7217
   10834      55.1510
   10835      57.5904
   10836      58.0553
   10837      54.3148
   10838      60.2040
   10839      54.1306
   10840      52.5051
   10841      51.4490
   10842      52.7813
   10843      51.4902
   10844      50.7487
   10845      48.4138
   10846      44.5207
   10847      46.1324
   10848      47.7420
   10849      46.9302
   10850      43.6430
   10851      43.5520
   10852      48.5154
   10853      49.2671
   10854      50.6430
   10855      53.3934
   10856      53.9211
   10857      51.5583
   10858      50.3688
   10859      47.6635
   10860      48.4184
   10861      47.6929
   10862      46.9547
   10863      48.2393
   10864      51.0001
   10865      52.2448
   10866      50.1088
   10867      51.3269
   10868      48.8600
   10869      54.3487
   10870      48.3135
   10871      51.0707
   10872      54.1199
   10873      54.8974
   10874      52.3061
   10875      54.4956
   10876      53.9722
   10877      55.0994
   10878      55.0937
   10879      55.5829
   10880      54.5634
   10881      53.3527
   10882      51.8235
   10883      51.7103
   10884      52.8908
   10885      51.2676
   10886      52.3763
   10887      49.8559
   10888      49.2091
   10889      50.4190
   10890      55.2878
   10891      56.2020
   10892      55.3882
   10893      59.6308
   10894      61.4841
   10895      63.7065
   10896      65.2112
   10897      64.8335
   10898      62.1196
   10899      60.8461
   10900      56.9041
   10901      54.2842
   10902      53.4879
   10903      57.3083
   10904      51.3743
   10905      58.2245
   10906      55.6555
   10907      57.6049
   10908      56.9445
   10909      52.6708
   10910      54.7150
   10911      51.9519
   10912      57.0624
   10913      52.3578
   10914      51.9236
   10915      53.2691
   10916      55.0407
   10917      55.4066
   10918      58.7000
   10919      57.7759
   10920      54.6270
   10921      62.6450
   10922      59.6804
   10923      57.4396
   10924      52.8628
   10925      45.9162
   10926      48.4163
   10927      53.7420
   10928      52.2507
   10929      53.2856
   10930      53.6369
   10931      55.0386
   10932      58.6900
   10933      53.5979
   10934      53.0523
   10935      55.4750
   10936      51.2542
   10937      47.3123
   10938      47.0095
   10939      40.4295
   10940      41.5501
   10941      44.7605
   10942      42.2663
   10943      41.5904
   10944      42.3421
   10945      42.5650
   10946      45.7561
   10947      49.8318
   10948      50.2867
   10949      46.4574
   10950      43.4411
   10951      46.8310
   10952      49.1527
   10953      49.1424
   10954      54.3854
   10955      53.5312
   10956      49.3361
   10957      46.0561
   10958      47.0767
   10959      49.4626
   10960      47.3484
   10961      51.2264
   10962      52.7317
   10963      51.2235
   10964      51.5699
   10965      50.1789
   10966      48.5173
   10967      53.3874
   10968      50.6780
   10969      51.9516
   10970      56.9300
   10971      55.0990
   10972      51.4275
   10973      51.9104
   10974      55.8287
   10975      56.1294
   10976      59.3959
   10977      57.7252
   10978      57.6577
   10979      55.4014
   10980      53.9623
   10981      52.1845
   10982      54.7258
   10983      55.7555
   10984      58.7177
   10985      55.2783
   10986      54.8973
   10987      53.7305
   10988      56.8788
   10989      57.1264
   10990      55.6899
   10991      52.6851
   10992      51.2094
   10993      53.2525
   10994      58.0870
   10995      57.6217
   10996      57.4492
   10997      55.3621
   10998      55.7746
   10999      60.8093
   11000      54.8100
   11001      55.6526
   11002      51.6401
   11003      52.8580
   11004      49.1000
   11005      49.9821
   11006      50.9457
   11007      45.4547
   11008      42.7226
   11009      49.2076
   11010      51.9225
   11011      51.7948
   11012      56.4931
   11013      62.4089
   11014      62.0655
   11015      58.0758
   11016      50.8436
   11017      48.6936
   11018      51.2209
   11019      44.7925
   11020      44.6352
   11021      51.5706
   11022      51.0643
   11023      41.3345
   11024      45.6373
   11025      46.2614
   11026      46.7725
   11027      49.7379
   11028      50.1546
   11029      51.9944
   11030      51.2874
   11031      49.1589
   11032      47.4901
   11033      43.8580
   11034      46.6525
   11035      48.8837
   11036      46.2706
   11037      45.3149
   11038      41.4675
   11039      40.0630
   11040      43.1503
   11041      46.9228
   11042      43.8712
   11043      44.6298
   11044      46.1262
   11045      46.5186
   11046      47.8239
   11047      52.1719
   11048      48.4737
   11049      49.3428
   11050      49.2747
   11051      53.6642
   11052      49.8168
   11053      52.3947
   11054      54.8886
   11055      54.6574
   11056      47.5725
   11057      50.3042
   11058      50.4830
   11059      50.6376
   11060      50.8622
   11061      50.0789
   11062      51.1756
   11063      56.2934
   11064      54.6038
   11065      56.2899
   11066      58.2010
   11067      56.1279
   11068      59.8551
   11069      57.5689
   11070      53.8748
   11071      47.0249
   11072      52.6213
   11073      49.8303
   11074      57.0577
   11075      51.2643
   11076      53.6126
   11077      44.9391
   11078      46.9606
   11079      47.4570
   11080      48.2736
   11081      47.5445
   11082      51.5263
   11083      55.7548
   11084      52.9540
   11085      57.0617
   11086      56.7452
   11087      57.8657
   11088      51.6138
   11089      57.2373
   11090      52.8527
   11091      54.9826
   11092      54.4777
   11093      53.8309
   11094      50.2029
   11095      51.1769
   11096      51.6293
   11097      55.8256
   11098      54.8613
   11099      52.7799
   11100      49.7540
   11101      43.2290
   11102      46.8073
   11103      49.6889
   11104      53.9157
   11105      51.5909
   11106      50.3302
   11107      48.1549
   11108      45.9724
   11109      49.0157
   11110      52.3365
   11111      52.4539
   11112      48.7041
   11113      50.2856
   11114      55.2098
   11115      51.6199
   11116      47.9981
   11117      48.6289
   11118      53.1654
   11119      51.6326
   11120      49.8922
   11121      53.4899
   11122      53.9810
   11123      58.6160
   11124      59.1968
   11125      56.9039
   11126      48.7818
   11127      48.7117
   11128      46.9152
   11129      41.5083
   11130      42.5048
   11131      39.3232
   11132      46.3347
   11133      48.2354
   11134      51.1154
   11135      51.7843
   11136      55.4164
   11137      47.1123
   11138      49.2163
   11139      53.1598
   11140      52.3188
   11141      45.6325
   11142      46.2326
   11143      50.6297
   11144      48.8037
   11145      49.2726
   11146      45.3772
   11147      41.4486
   11148      45.3766
   11149      38.4505
   11150      40.0991
   11151      47.1196
   11152      52.9461
   11153      53.6661
   11154      47.4140
   11155      45.4977
   11156      45.4904
   11157      50.5230
   11158      55.2626
   11159      50.6892
   11160      48.3985
   11161      42.0235
   11162      41.7133
   11163      44.6627
   11164      46.8136
   11165      48.2619
   11166      48.4924
   11167      50.0686
   11168      50.7065
   11169      47.3751
   11170      50.4590
   11171      53.0603
   11172      54.3409
   11173      51.0364
   11174      50.5761
   11175      47.4865
   11176      50.0657
   11177      55.9989
   11178      55.6464
   11179      55.3188
   11180      52.5904
   11181      56.6943
   11182      50.4003
   11183      47.5683
   11184      46.9400
   11185      47.7971
   11186      49.3762
   11187      49.5601
   11188      49.1096
   11189      44.5280
   11190      42.0920
   11191      46.6886
   11192      44.1273
   11193      42.0205
   11194      51.2876
   11195      56.2760
   11196      57.7809
   11197      58.6145
   11198      58.6863
   11199      63.6246
   11200      61.3153
   11201      59.5127
   11202      62.3605
   11203      61.0433
   11204      56.9610
   11205      55.9627
   11206      57.8158
   11207      50.7415
   11208      53.3002
   11209      55.1515
   11210      54.3736
   11211      52.9836
   11212      58.5107
   11213      57.4097
   11214      49.2556
   11215      54.4353
   11216      55.7653
   11217      54.2917
   11218      53.2342
   11219      54.0025
   11220      58.1038
   11221      55.3614
   11222      55.4161
   11223      52.4337
   11224      50.1492
   11225      53.3841
   11226      51.5615
   11227      52.2198
   11228      51.3216
   11229      52.8150
   11230      56.3645
   11231      58.4332
   11232      55.7323
   11233      50.6581
   11234      49.1926
   11235      47.1671
   11236      53.7081
   11237      53.1733
   11238      51.5503
   11239      51.9327
   11240      52.2876
   11241      51.7285
   11242      49.1399
   11243      53.8221
   11244      50.6891
   11245      47.9428
   11246      48.4883
   11247      49.3646
   11248      47.9729
   11249      49.9708
   11250      48.9741
   11251      53.3815
   11252      53.5729
   11253      54.8442
   11254      55.0770
   11255      53.1765
   11256      49.6040
   11257      55.0448
   11258      49.3705
   11259      45.7305
   11260      45.2926
   11261      51.8363
   11262      48.7113
   11263      49.0385
   11264      49.7750
   11265      49.4546
   11266      48.2051
   11267      45.0603
   11268      50.5621
   11269      48.8659
   11270      48.8161
   11271      50.0988
   11272      51.4325
   11273      49.6053
   11274      51.2249
   11275      59.6529
   11276      60.9385
   11277      60.2214
   11278      58.1853
   11279      54.9020
   11280      49.7232
   11281      46.8526
   11282      52.5878
   11283      55.5213
   11284      58.7991
   11285      55.5134
   11286      52.9457
   11287      52.0155
   11288      48.4672
   11289      51.8720
   11290      58.7624
   11291      56.5886
   11292      57.3337
   11293      55.4077
   11294      63.2131
   11295      59.8456
   11296      52.7761
   11297      54.7675
   11298      55.0087
   11299      52.0000
   11300      46.2303
   11301      50.3767
   11302      49.8243
   11303      51.4186
   11304      50.4997
   11305      48.0796
   11306      44.6085
   11307      50.4032
   11308      52.1285
   11309      49.9070
   11310      50.5737
   11311      49.5362
   11312      51.7940
   11313      52.8554
   11314      54.9352
   11315      50.4186
   11316      47.3465
   11317      44.5895
   11318      42.3117
   11319      43.6800
   11320      44.8896
   11321      43.7044
   11322      44.6257
   11323      42.9749
   11324      47.4409
   11325      50.7253
   11326      45.3272
   11327      45.2767
   11328      42.3852
   11329      46.4344
   11330      50.5951
   11331      53.5313
   11332      62.4386
   11333      62.1622
   11334      58.4114
   11335      57.8172
   11336      57.2691
   11337      57.4825
   11338      60.0520
   11339      63.5429
   11340      64.2167
   11341      63.4102
   11342      63.0591
   11343      57.8340
   11344      52.7428
   11345      57.0047
   11346      57.1818
   11347      49.7711
   11348      46.8212
   11349      38.5587
   11350      41.0892
   11351      45.2584
   11352      48.3179
   11353      47.9515
   11354      48.4697
   11355      45.0734
   11356      45.5873
   11357      46.0716
   11358      47.4478
   11359      46.1339
   11360      45.7164
   11361      42.8745
   11362      43.0867
   11363      36.6190
   11364      36.5068
   11365      42.3305
   11366      41.2201
   11367      40.7589
   11368      39.4190
   11369      43.7895
   11370      49.5004
   11371      47.1480
   11372      46.8627
   11373      53.7491
   11374      51.8733
   11375      48.4320
   11376      52.0459
   11377      47.8567
   11378      46.3149
   11379      50.9374
   11380      50.5655
   11381      49.0109
   11382      54.5142
   11383      53.0150
   11384      50.6671
   11385      52.6948
   11386      59.6357
   11387      54.2832
   11388      59.8514
   11389      57.7182
   11390      57.2825
   11391      57.5758
   11392      55.5741
   11393      53.0256
   11394      51.6350
   11395      48.4763
   11396      53.1749
   11397      51.1784
   11398      46.2953
   11399      47.5348
   11400      47.5939
   11401      44.3003
   11402      49.0980
   11403      49.9614
   11404      48.7444
   11405      50.4064
   11406      49.8378
   11407      46.9089
   11408      51.7526
   11409      48.3642
   11410      42.2205
   11411      44.4166
   11412      43.8645
   11413      46.8341
   11414      44.2094
   11415      39.5055
   11416      46.3413
   11417      48.9517
   11418      44.6150
   11419      43.8668
   11420      46.4107
   11421      53.8338
   11422      59.2362
   11423      57.9246
   11424      56.7145
   11425      45.8898
   11426      42.5534
   11427      43.2045
   11428      42.4936
   11429      46.3146
   11430      49.6071
   11431      50.2228
   11432      45.0439
   11433      49.3671
   11434      43.7720
   11435      45.0041
   11436      43.9526
   11437      44.3349
   11438      50.4454
   11439      53.8413
   11440      54.7510
   11441      54.3022
   11442      54.9760
   11443      52.6251
   11444      51.0784
   11445      51.9119
   11446      43.9815
   11447      45.8938
   11448      54.0930
   11449      52.9444
   11450      53.3380
   11451      52.8803
   11452      48.9030
   11453      51.8369
   11454      54.2978
   11455      52.3319
   11456      49.9805
   11457      50.0789
   11458      44.5277
   11459      47.7002
   11460      46.7316
   11461      48.6353
   11462      50.0816
   11463      44.7127
   11464      45.6465
   11465      46.2985
   11466      44.7399
   11467      44.9867
   11468      50.0950
   11469      51.2783
   11470      50.7684
   11471      46.4563
   11472      41.0656
   11473      38.2147
   11474      40.3988
   11475      40.8141
   11476      42.1008
   11477      42.7089
   11478      42.9735
   11479      38.3957
   11480      35.4769
   11481      34.8692
   11482      34.0687
   11483      31.8357
   11484      34.3018
   11485      40.8521
   11486      46.1197
   11487      41.3842
   11488      43.2039
   11489      42.2846
   11490      42.5779
   11491      38.9999
   11492      39.8127
   11493      42.5935
   11494      37.2492
   11495      35.4006
   11496      38.7028
   11497      37.1791
   11498      37.3393
   11499      42.6448
   11500      40.0418
   11501      40.4570
   11502      40.6029
   11503      46.6034
   11504      49.2038
   11505      46.3811
   11506      50.0199
   11507      52.9343
   11508      52.7769
   11509      56.5788
   11510      54.2060
   11511      53.8604
   11512      50.4115
   11513      50.6006
   11514      51.4170
   11515      50.4139
   11516      46.7258
   11517      44.6462
   11518      41.3896
   11519      41.2392
   11520      44.9049
   11521      46.8892
   11522      50.7364
   11523      52.8697
   11524      55.3709
   11525      54.1040
   11526      54.9504
   11527      50.1969
   11528      49.7434
   11529      59.8179
   11530      59.4913
   11531      58.8737
   11532      56.4495
   11533      52.8268
   11534      52.1852
   11535      46.4784
   11536      41.4604
   11537      42.9607
   11538      47.5213
   11539      52.7305
   11540      52.4661
   11541      49.8632
   11542      51.6314
   11543      54.6179
   11544      51.9870
   11545      51.0069
   11546      48.4449
   11547      47.5679
   11548      47.0276
   11549      53.6587
   11550      54.5204
   11551      58.0647
   11552      53.2884
   11553      59.6466
   11554      59.0136
   11555      59.6324
   11556      57.7880
   11557      60.8624
   11558      58.0071
   11559      54.1068
   11560      55.3983
   11561      47.1725
   11562      35.2255
   11563      38.7244
   11564      47.7610
   11565      50.4146
   11566      52.3561
   11567      50.9917
   11568      49.4117
   11569      48.2665
   11570      47.0263
   11571      45.7691
   11572      49.0525
   11573      53.2936
   11574      53.5618
   11575      56.0833
   11576      53.5799
   11577      55.5068
   11578      55.3905
   11579      57.1109
   11580      61.0023
   11581      57.8967
   11582      53.4542
   11583      53.5642
   11584      55.0137
   11585      49.3835
   11586      49.7833
   11587      50.8063
   11588      53.4904
   11589      56.8566
   11590      51.7870
   11591      49.8575
   11592      51.4392
   11593      50.9549
   11594      56.2372
   11595      59.6442
   11596      57.5623
   11597      54.2605
   11598      52.3694
   11599      53.7757
   11600      54.0572
   11601      50.6667
   11602      52.3921
   11603      47.5806
   11604      50.5910
   11605      52.3321
   11606      50.4682
   11607      50.6879
   11608      47.7206
   11609      50.0915
   11610      52.0878
   11611      52.0839
   11612      52.2745
   11613      51.7661
   11614      46.7306
   11615      42.2847
   11616      41.3406
   11617      36.3290
   11618      41.7887
   11619      39.0210
   11620      37.8970
   11621      41.0610
   11622      40.6749
   11623      46.3292
   11624      47.1589
   11625      44.1981
   11626      44.2545
   11627      44.3678
   11628      46.8520
   11629      42.0829
   11630      42.4919
   11631      45.5983
   11632      49.7205
   11633      50.3478
   11634      46.3278
   11635      42.3342
   11636      42.0123
   11637      50.3699
   11638      47.4263
   11639      51.1407
   11640      45.7387
   11641      45.5751
   11642      48.5850
   11643      45.0720
   11644      45.7665
   11645      43.9727
   11646      44.5677
   11647      50.9488
   11648      49.1076
   11649      43.5434
   11650      48.0208
   11651      43.2786
   11652      46.7010
   11653      44.5406
   11654      44.7928
   11655      39.7065
   11656      42.5103
   11657      44.3544
   11658      45.3850
   11659      42.6560
   11660      43.0592
   11661      39.9839
   11662      46.4802
   11663      44.4478
   11664      43.6042
   11665      41.4708
   11666      42.0301
   11667      49.9070
   11668      52.0879
   11669      46.3467
   11670      42.8523
   11671      41.3734
   11672      37.2926
   11673      44.0425
   11674      47.1006
   11675      40.9331
   11676      37.9392
   11677      34.9366
   11678      37.1829
   11679      39.5732
   11680      46.0644
   11681      50.4830
   11682      48.1310
   11683      46.3194
   11684      43.8907
   11685      42.0710
   11686      46.6074
   11687      41.2371
   11688      45.3346
   11689      45.1331
   11690      40.6544
   11691      43.2590
   11692      44.4492
   11693      45.3960
   11694      47.5134
   11695      43.1852
   11696      40.3455
   11697      38.4274
   11698      38.9700
   11699      36.8865
   11700      36.3336
   11701      39.2584
   11702      43.3243
   11703      45.0335
   11704      47.3850
   11705      40.1624
   11706      40.7934
   11707      40.9812
   11708      42.3523
   11709      43.5972
   11710      47.6593
   11711      48.6384
   11712      46.5984
   11713      42.4507
   11714      46.2538
   11715      43.4939
   11716      44.2034
   11717      45.4351
   11718      42.1745
   11719      42.4485
   11720      38.8914
   11721      40.4328
   11722      41.6759
   11723      41.6544
   11724      42.8266
   11725      45.7682
   11726      39.8279
   11727      38.7234
   11728      40.3221
   11729      39.4027
   11730      47.5721
   11731      45.2590
   11732      49.0960
   11733      49.5716
   11734      53.2312
   11735      53.6162
   11736      48.5784
   11737      46.8647
   11738      42.0224
   11739      39.6596
   11740      40.4543
   11741      39.5048
   11742      40.0631
   11743      29.8921
   11744      34.8413
   11745      40.2823
   11746      38.1152
   11747      34.8066
   11748      34.7746
   11749      37.3485
   11750      35.6062
   11751      38.4419
   11752      39.3097
   11753      35.9670
   11754      35.1008
   11755      40.8338
   11756      40.3403
   11757      41.6320
   11758      42.0578
   11759      40.8852
   11760      40.0983
   11761      40.6607
   11762      39.2720
   11763      41.1291
   11764      46.3858
   11765      50.5678
   11766      50.8550
   11767      53.5488
   11768      53.3508
   11769      52.3998
   11770      47.1275
   11771      40.9065
   11772      38.8704
   11773      40.8411
   11774      44.3209
   11775      38.7302
   11776      41.0654
   11777      41.4485
   11778      39.3426
   11779      42.9942
   11780      41.4698
   11781      45.5438
   11782      46.0218
   11783      42.5000
   11784      37.6029
   11785      39.9282
   11786      41.4528
   11787      42.6042
   11788      45.2291
   11789      45.1810
   11790      41.7718
   11791      42.7684
   11792      44.3978
   11793      49.7100
   11794      46.8796
   11795      48.8763
   11796      46.0719
   11797      46.1585
   11798      47.7490
   11799      47.1457
   11800      44.6320
   11801      42.5090
   11802      39.6922
   11803      41.8952
   11804      40.6625
   11805      38.9244
   11806      35.0551
   11807      35.3784
   11808      38.1000
   11809      33.1772
   11810      36.4899
   11811      36.9007
   11812      34.1341
   11813      34.1570
   11814      39.2097
   11815      39.7530
   11816      42.6791
   11817      43.5765
   11818      43.9693
   11819      42.3069
   11820      42.3476
   11821      44.6867
   11822      42.0346
   11823      38.3756
   11824      41.5764
   11825      39.2187
   11826      38.5524
   11827      43.3948
   11828      45.4774
   11829      44.9325
   11830      41.5765
   11831      40.2704
   11832      38.2364
   11833      39.0732
   11834      37.9396
   11835      39.0491
   11836      37.7575
   11837      39.9907
   11838      39.3321
   11839      39.4019
   11840      36.1965
   11841      39.3419
   11842      44.9248
   11843      50.3283
   11844      51.4302
   11845      50.4842
   11846      48.8940
   11847      53.3586
   11848      51.2131
   11849      52.0424
   11850      51.5140
   11851      49.8538
   11852      56.7324
   11853      51.3955
   11854      47.4951
   11855      50.5875
   11856      45.5132
   11857      45.1409
   11858      48.4047
   11859      47.5188
   11860      50.7040
   11861      53.5747
   11862      47.6603
   11863      51.2916
   11864      51.3440
   11865      53.4701
   11866      54.0599
   11867      59.3946
   11868      63.1099
   11869      59.7826
   11870      59.5231
   11871      55.1509
   11872      52.4201
   11873      56.3961
   11874      56.9157
   11875      58.2144
   11876      60.4711
   11877      56.7679
   11878      53.0617
   11879      47.6952
   11880      51.9713
   11881      54.2880
   11882      55.5345
   11883      60.9854
   11884      62.1283
   11885      60.7412
   11886      57.3212
   11887      58.7925
   11888      48.7422
   11889      46.7521
   11890      53.4637
   11891      55.2502
   11892      51.5204
   11893      52.1943
   11894      49.9407
   11895      46.8729
   11896      49.1183
   11897      39.5902
   11898      39.1212
   11899      39.3497
   11900      40.4501
   11901      38.5740
   11902      44.5040
   11903      43.5597
   11904      44.9357
   11905      45.9318
   11906      43.0125
   11907      42.4581
   11908      36.9169
   11909      40.6458
   11910      40.0990
   11911      40.1757
   11912      33.7347
   11913      37.2912
   11914      42.0434
   11915      42.1033
   11916      45.0035
   11917      41.6639
   11918      44.4628
   11919      45.1890
   11920      39.9004
   11921      36.7010
   11922      43.5225
   11923      42.3430
   11924      44.4157
   11925      42.6311
   11926      47.9642
   11927      43.5394
   11928      44.2398
   11929      41.6983
   11930      46.5802
   11931      43.0061
   11932      44.2012
   11933      47.0016
   11934      48.2179
   11935      44.1476
   11936      48.7364
   11937      52.3020
   11938      50.0087
   11939      46.5623
   11940      44.7051
   11941      43.5212
   11942      43.9356
   11943      40.3679
   11944      42.2285
   11945      45.1163
   11946      44.5185
   11947      47.4203
   11948      44.8411
   11949      45.0516
   11950      43.3014
   11951      48.5247
   11952      49.4310
   11953      50.5141
   11954      45.6498
   11955      41.7749
   11956      37.3878
   11957      39.2073
   11958      43.2905
   11959      42.3836
   11960      42.4787
   11961      44.0913
   11962      43.9538
   11963      50.1936
   11964      56.4532
   11965      53.3986
   11966      53.9070
   11967      52.5058
   11968      47.6366
   11969      46.6335
   11970      51.6593
   11971      51.7583
   11972      52.2180
   11973      55.8532
   11974      56.7130
   11975      49.9941
   11976      45.8805
   11977      52.1039
   11978      53.7667
   11979      46.6565
   11980      48.7069
   11981      49.0598
   11982      49.4737
   11983      40.7018
   11984      41.6780
   11985      42.6352
   11986      45.6726
   11987      46.9022
   11988      46.7400
   11989      45.3120
   11990      40.5165
   11991      38.9334
   11992      40.2602
   11993      41.5742
   11994      43.0660
   11995      42.2447
   11996      40.5094
   11997      38.7287
   11998      41.4593
   11999      42.1655
   12000      42.2942
   12001      42.0791
   12002      47.4548
   12003      45.4032
   12004      45.6637
   12005      39.1912
   12006      43.7412
   12007      37.9618
   12008      38.5216
   12009      40.2141
   12010      37.2023
   12011      38.9700
   12012      37.8252
   12013      42.2919
   12014      48.4345
   12015      54.3529
   12016      54.4376
   12017      55.3797
   12018      52.1210
   12019      46.9096
   12020      44.5404
   12021      46.6253
   12022      41.9768
   12023      43.9472
   12024      41.4349
   12025      38.0641
   12026      37.2375
   12027      42.0644
   12028      43.1530
   12029      45.1422
   12030      43.8874
   12031      46.8534
   12032      47.9967
   12033      50.7152
   12034      53.9900
   12035      53.8662
   12036      56.1328
   12037      53.7951
   12038      59.2529
   12039      58.8506
   12040      50.3293
   12041      58.7857
   12042      58.2565
   12043      56.0590
   12044      52.5476
   12045      47.2245
   12046      45.2947
   12047      43.1580
   12048      48.6086
   12049      50.7434
   12050      59.3597
   12051      60.1246
   12052      58.1870
   12053      59.4215
   12054      53.7003
   12055      54.8031
   12056      55.7902
   12057      51.0995
   12058      50.8312
   12059      46.1186
   12060      49.2100
   12061      48.4831
   12062      48.0844
   12063      45.1414
   12064      46.5326
   12065      52.9047
   12066      46.3116
   12067      41.7241
   12068      49.0994
   12069      50.3186
   12070      48.7696
   12071      45.7653
   12072      51.7417
   12073      54.2478
   12074      49.8504
   12075      52.9268
   12076      52.3478
   12077      53.4886
   12078      49.7646
   12079      51.9686
   12080      52.9020
   12081      58.2249
   12082      59.7682
   12083      61.3604
   12084      57.0351
   12085      57.8821
   12086      58.4102
   12087      54.9421
   12088      57.5953
   12089      61.6939
   12090      58.1604
   12091      51.4622
   12092      46.4097
   12093      47.7529
   12094      51.0628
   12095      51.7785
   12096      49.8981
   12097      53.3259
   12098      58.8986
   12099      60.2660
   12100      61.5538
   12101      57.0094
   12102      48.8306
   12103      51.2149
   12104      50.5437
   12105      53.4803
   12106      50.9956
   12107      50.2199
   12108      51.7028
   12109      54.8639
   12110      52.0442
   12111      52.1192
   12112      51.2083
   12113      45.7965
   12114      49.5074
   12115      48.3102
   12116      43.4772
   12117      44.9152
   12118      47.6312
   12119      50.8924
   12120      50.0350
   12121      49.3092
   12122      45.4642
   12123      41.9188
   12124      38.4440
   12125      38.8507
   12126      39.5102
   12127      42.6169
   12128      44.3120
   12129      48.9132
   12130      48.3279
   12131      50.4377
   12132      51.1289
   12133      46.3776
   12134      46.2294
   12135      49.1484
   12136      46.0511
   12137      50.8353
   12138      53.0536
   12139      53.4498
   12140      50.7909
   12141      54.7984
   12142      54.6352
   12143      54.8073
   12144      63.8571
   12145      59.2546
   12146      55.5295
   12147      50.8295
   12148      53.1623
   12149      57.2688
   12150      54.0017
   12151      54.3400
   12152      51.7073
   12153      49.0715
   12154      54.1257
   12155      52.9313
   12156      48.2806
   12157      49.0147
   12158      52.9289
   12159      52.8646
   12160      47.7336
   12161      49.6962
   12162      48.2666
   12163      44.6169
   12164      43.8141
   12165      45.7717
   12166      50.9248
   12167      45.3406
   12168      40.4669
   12169      42.4759
   12170      42.8942
   12171      42.2904
   12172      47.4818
   12173      49.3430
   12174      46.1642
   12175      53.3104
   12176      54.9379
   12177      57.9165
   12178      52.0044
   12179      50.3514
   12180      47.4292
   12181      49.4567
   12182      47.9636
   12183      48.9245
   12184      50.0501
   12185      50.3450
   12186      51.8493
   12187      49.2990
   12188      53.6242
   12189      58.8284
   12190      56.3373
   12191      61.3494
   12192      58.6966
   12193      55.8864
   12194      50.6828
   12195      52.0532
   12196      50.1357
   12197      51.9649
   12198      50.2397
   12199      54.1608
   12200      56.6330
   12201      59.1248
   12202      57.4274
   12203      56.0766
   12204      51.0149
   12205      54.3907
   12206      57.5773
   12207      53.5168
   12208      55.7943
   12209      53.7770
   12210      55.3990
   12211      46.9308
   12212      43.8186
   12213      45.0314
   12214      50.0471
   12215      54.2739
   12216      54.8832
   12217      49.0511
   12218      58.3190
   12219      51.3697
   12220      52.7635
   12221      54.2620
   12222      53.0180
   12223      61.2832
   12224      61.7680
   12225      61.2643
   12226      61.2941
   12227      59.3042
   12228      60.1848
   12229      50.9881
   12230      49.6365
   12231      51.6556
   12232      47.3754
   12233      49.0651
   12234      50.0471
   12235      45.7784
   12236      44.5044
   12237      47.8080
   12238      51.0416
   12239      54.1275
   12240      54.9865
   12241      51.6306
   12242      54.7620
   12243      54.3921
   12244      47.4949
   12245      49.9275
   12246      49.5745
   12247      47.6837
   12248      50.0787
   12249      48.5446
   12250      54.0825
   12251      55.6834
   12252      48.2519
   12253      49.8094
   12254      52.7188
   12255      55.5271
   12256      53.9237
   12257      58.9177
   12258      55.7873
   12259      54.5039
   12260      55.2875
   12261      51.8405
   12262      49.8877
   12263      52.0272
   12264      53.9949
   12265      47.9890
   12266      49.6087
   12267      49.8421
   12268      43.0503
   12269      47.8574
   12270      42.0329
   12271      42.5980
   12272      45.3236
   12273      44.0013
   12274      38.0121
   12275      38.7424
   12276      42.4244
   12277      42.1377
   12278      42.5504
   12279      43.5276
   12280      44.3622
   12281      44.9103
   12282      45.8969
   12283      48.8364
   12284      51.5829
   12285      53.0219
   12286      49.6089
   12287      53.5235
   12288      50.7392
   12289      48.3120
   12290      55.1905
   12291      57.4916
   12292      58.5314
   12293      52.5336
   12294      47.5236
   12295      49.5181
   12296      51.4199
   12297      53.7381
   12298      53.3139
   12299      53.6203
   12300      55.6654
   12301      51.3508
   12302      47.7171
   12303      47.9416
   12304      48.4881
   12305      55.9828
   12306      63.4676
   12307      56.5049
   12308      59.8304
   12309      52.7824
   12310      48.7549
   12311      49.1745
   12312      47.9480
   12313      44.9626
   12314      42.9489
   12315      45.1135
   12316      50.0368
   12317      43.7009
   12318      47.2309
   12319      48.0492
   12320      47.8061
   12321      47.6923
   12322      45.5418
   12323      50.6315
   12324      50.8905
   12325      55.9274
   12326      50.7143
   12327      55.5317
   12328      50.9533
   12329      53.7144
   12330      55.7654
   12331      54.5908
   12332      52.3963
   12333      52.9932
   12334      51.7851
   12335      44.0543
   12336      48.3848
   12337      51.7775
   12338      58.3532
   12339      58.1621
   12340      56.7949
   12341      55.6715
   12342      59.2032
   12343      60.3068
   12344      52.7472
   12345      53.4475
   12346      58.7851
   12347      58.2261
   12348      59.8846
   12349      62.9238
   12350      59.8961
   12351      58.1975
   12352      51.8621
   12353      49.1700
   12354      51.3296
   12355      49.1299
   12356      45.8913
   12357      42.8630
   12358      47.4291
   12359      45.7689
   12360      50.4280
   12361      52.7107
   12362      51.0420
   12363      52.5601
   12364      55.9577
   12365      55.8860
   12366      54.7413
   12367      55.2341
   12368      64.9323
   12369      64.2678
   12370      57.5654
   12371      64.1627
   12372      61.3122
   12373      56.3437
   12374      56.6838
   12375      55.4539
   12376      57.8540
   12377      47.4681
   12378      47.1113
   12379      49.0286
   12380      50.9676
   12381      48.3522
   12382      45.8829
   12383      43.7132
   12384      43.8464
   12385      43.8839
   12386      52.5041
   12387      49.8218
   12388      46.4607
   12389      51.4630
   12390      56.4328
   12391      50.0257
   12392      47.2603
   12393      51.2312
   12394      48.4378
   12395      49.5919
   12396      48.6232
   12397      46.0913
   12398      46.4405
   12399      49.1979
   12400      46.4113
   12401      47.9423
   12402      52.9535
   12403      53.6841
   12404      46.9228
   12405      48.1650
   12406      46.0168
   12407      48.7057
   12408      45.5783
   12409      50.2507
   12410      50.8354
   12411      49.5715
   12412      50.0395
   12413      50.1490
   12414      58.0146
   12415      57.8140
   12416      57.1787
   12417      51.1394
   12418      51.9314
   12419      48.8048
   12420      48.3210
   12421      48.0760
   12422      46.5690
   12423      53.2680
   12424      54.6631
   12425      57.0618
   12426      60.1539
   12427      58.6988
   12428      51.4727
   12429      46.1006
   12430      46.8524
   12431      49.6228
   12432      51.7735
   12433      49.9641
   12434      47.7808
   12435      43.5205
   12436      45.1861
   12437      46.1256
   12438      48.7106
   12439      48.9759
   12440      49.3487
   12441      46.9335
   12442      50.3372
   12443      51.8253
   12444      51.0842
   12445      54.7112
   12446      51.6196
   12447      54.0907
   12448      57.7493
   12449      49.9975
   12450      49.2406
   12451      49.6179
   12452      50.5109
   12453      53.7848
   12454      60.0661
   12455      61.5777
   12456      55.8660
   12457      45.9121
   12458      47.9858
   12459      54.3038
   12460      48.7281
   12461      58.6083
   12462      59.4834
   12463      59.2618
   12464      58.8918
   12465      56.7087
   12466      54.1609
   12467      50.5750
   12468      54.7584
   12469      53.5237
   12470      52.8196
   12471      53.6092
   12472      50.3503
   12473      53.5448
   12474      52.1714
   12475      50.0834
   12476      47.0969
   12477      49.4225
   12478      48.1530
   12479      46.0791
   12480      47.0199
   12481      48.0682
   12482      56.5820
   12483      57.5107
   12484      56.5722
   12485      51.9686
   12486      52.1402
   12487      51.6429
   12488      50.2689
   12489      51.5206
   12490      40.5692
   12491      42.8632
   12492      48.5539
   12493      50.7674
   12494      49.3927
   12495      48.7169
   12496      51.9409
   12497      51.6109
   12498      45.0624
   12499      42.1710
   12500      40.9264
   12501      38.5052
   12502      48.4414
   12503      48.3483
   12504      52.9721
   12505      53.4196
   12506      53.7843
   12507      55.1006
   12508      54.9955
   12509      53.3600
   12510      55.3941
   12511      56.9423
   12512      52.0513
   12513      50.4826
   12514      49.1713
   12515      52.7949
   12516      57.8478
   12517      62.5179
   12518      57.8830
   12519      54.7317
   12520      52.4471
   12521      59.0153
   12522      58.2526
   12523      60.6652
   12524      60.3033
   12525      62.4508
   12526      55.7076
   12527      56.5824
   12528      54.3647
   12529      54.5577
   12530      61.1856
   12531      58.9238
   12532      53.2497
   12533      50.0199
   12534      48.0378
   12535      47.9225
   12536      46.4758
   12537      50.6878
   12538      48.4434
   12539      49.2880
   12540      52.1275
   12541      49.6867
   12542      50.0883
   12543      48.2463
   12544      56.0642
   12545      52.0025
   12546      50.2474
   12547      51.7614
   12548      48.7946
   12549      46.8733
   12550      43.1771
   12551      40.4811
   12552      45.0210
   12553      46.8083
   12554      50.4679
   12555      49.8039
   12556      47.1316
   12557      46.4328
   12558      50.5659
   12559      49.2100
   12560      51.3219
   12561      47.3775
   12562      48.7196
   12563      43.0932
   12564      38.3467
   12565      36.6150
   12566      40.5970
   12567      42.2762
   12568      47.3174
   12569      49.4686
   12570      54.9003
   12571      52.6276
   12572      57.1274
   12573      53.7494
   12574      57.8843
   12575      58.8725
   12576      58.5391
   12577      56.1591
   12578      53.1648
   12579      50.4433
   12580      49.7644
   12581      47.8548
   12582      49.4222
   12583      47.9368
   12584      48.8373
   12585      52.1407
   12586      48.5326
   12587      41.8573
   12588      38.4464
   12589      36.0807
   12590      40.9687
   12591      47.6619
   12592      50.9529
   12593      52.9565
   12594      51.8482
   12595      52.8568
   12596      51.7752
   12597      45.5876
   12598      48.3514
   12599      52.5495
   12600      51.5365
   12601      48.5396
   12602      49.5142
   12603      48.0261
   12604      53.7148
   12605      52.2242
   12606      49.5155
   12607      45.5339
   12608      49.2929
   12609      48.8148
   12610      47.2505
   12611      47.1441
   12612      48.2757
   12613      47.5056
   12614      45.5343
   12615      48.0887
   12616      52.1188
   12617      55.3467
   12618      54.9610
   12619      51.4079
   12620      51.7994
   12621      49.0479
   12622      45.3045
   12623      51.8065
   12624      50.4396
   12625      52.1886
   12626      52.8806
   12627      53.6045
   12628      52.5500
   12629      53.7164
   12630      57.8014
   12631      58.5562
   12632      55.0258
   12633      54.8074
   12634      54.4134
   12635      58.0429
   12636      54.2411
   12637      51.1318
   12638      49.5797
   12639      53.0878
   12640      54.7709
   12641      53.6890
   12642      53.5963
   12643      44.1933
   12644      45.5347
   12645      49.4416
   12646      45.0362
   12647      50.2115
   12648      53.6213
   12649      59.1511
   12650      54.4259
   12651      52.1882
   12652      55.4564
   12653      54.7678
   12654      51.8953
   12655      46.1468
   12656      46.2916
   12657      46.6370
   12658      51.3464
   12659      46.5646
   12660      48.8408
   12661      46.0895
   12662      45.3275
   12663      45.2573
   12664      42.0184
   12665      35.8630
   12666      42.6917
   12667      37.3440
   12668      40.9196
   12669      43.8500
   12670      41.2667
   12671      47.8129
   12672      47.7563
   12673      43.3902
   12674      44.4138
   12675      42.4347
   12676      49.4566
   12677      50.2350
   12678      52.0250
   12679      52.9134
   12680      50.8423
   12681      56.6295
   12682      58.1984
   12683      51.2009
   12684      50.1383
   12685      53.0393
   12686      55.6295
   12687      52.3015
   12688      56.7264
   12689      54.6409
   12690      52.7533
   12691      54.8477
   12692      48.0274
   12693      42.0256
   12694      41.7596
   12695      41.1335
   12696      45.8225
   12697      45.5803
   12698      48.2635
   12699      46.8394
   12700      48.4537
   12701      46.0098
   12702      47.2240
   12703      46.9601
   12704      44.7661
   12705      44.4590
   12706      46.9677
   12707      46.4116
   12708      46.2980
   12709      50.6784
   12710      49.6373
   12711      52.5795
   12712      48.1519
   12713      44.8367
   12714      51.1272
   12715      55.3863
   12716      59.8694
   12717      61.6356
   12718      55.7376
   12719      47.7908
   12720      45.8406
   12721      44.5900
   12722      40.6475
   12723      44.4483
   12724      43.4002
   12725      47.6384
   12726      49.9006
   12727      49.8246
   12728      49.2191
   12729      50.8333
   12730      50.3133
   12731      50.4390
   12732      46.8178
   12733      48.2581
   12734      53.9350
   12735      54.9547
   12736      53.8986
   12737      52.1307
   12738      54.2887
   12739      55.7438
   12740      50.0615
   12741      46.9817
   12742      49.1935
   12743      51.8614
   12744      50.4527
   12745      48.5666
   12746      45.0585
   12747      46.4116
   12748      45.7833
   12749      49.0864
   12750      49.3787
   12751      46.9033
   12752      53.1790
   12753      48.1357
   12754      45.6446
   12755      45.3459
   12756      51.8637
   12757      45.9106
   12758      49.0808
   12759      46.5586
   12760      48.7204
   12761      47.4379
   12762      50.9979
   12763      48.6973
   12764      53.7094
   12765      55.8382
   12766      52.8433
   12767      48.8992
   12768      51.0493
   12769      52.1773
   12770      49.8530
   12771      51.6328
   12772      46.6057
   12773      44.9243
   12774      43.6912
   12775      44.5440
   12776      46.6825
   12777      39.2559
   12778      40.3739
   12779      44.4642
   12780      41.7993
   12781      44.1330
   12782      43.3425
   12783      43.7736
   12784      50.7399
   12785      47.6328
   12786      47.1904
   12787      48.3620
   12788      47.4379
   12789      50.3994
   12790      49.4019
   12791      47.2345
   12792      46.2514
   12793      47.3365
   12794      50.6160
   12795      51.0772
   12796      48.7202
   12797      51.6630
   12798      48.9589
   12799      48.9318
   12800      49.6307
   12801      52.8590
   12802      47.9325
   12803      50.0831
   12804      53.5942
   12805      48.3761
   12806      44.7825
   12807      48.1583
   12808      47.8459
   12809      42.2795
   12810      43.1578
   12811      40.8666
   12812      38.3836
   12813      45.3815
   12814      46.2813
   12815      39.1732
   12816      44.5100
   12817      47.3373
   12818      53.3496
   12819      52.2468
   12820      56.1299
   12821      58.7853
   12822      59.1727
   12823      59.4892
   12824      61.0157
   12825      65.3593
   12826      64.2240
   12827      59.6866
   12828      62.1238
   12829      56.7632
   12830      56.6894
   12831      60.4205
   12832      55.1730
   12833      50.1902
   12834      54.0959
   12835      55.9232
   12836      55.4427
   12837      53.4470
   12838      47.3930
   12839      47.5034
   12840      44.6191
   12841      45.9370
   12842      50.4532
   12843      47.3444
   12844      46.6181
   12845      41.8863
   12846      50.6998
   12847      49.5169
   12848      50.4223
   12849      56.8347
   12850      55.8379
   12851      57.9142
   12852      54.8481
   12853      53.6598
   12854      51.8001
   12855      54.3810
   12856      54.3991
   12857      53.1694
   12858      55.0142
   12859      56.3101
   12860      53.8483
   12861      46.0175
   12862      47.7146
   12863      50.8006
   12864      46.6269
   12865      47.0934
   12866      48.9590
   12867      44.9234
   12868      47.8027
   12869      49.1674
   12870      45.9617
   12871      42.2306
   12872      43.3054
   12873      44.3238
   12874      46.9266
   12875      41.7701
   12876      51.3457
   12877      50.6827
   12878      49.1713
   12879      47.6388
   12880      41.1904
   12881      45.0896
   12882      49.1332
   12883      48.1759
   12884      50.0187
   12885      49.4352
   12886      45.7387
   12887      46.9451
   12888      47.4079
   12889      50.4688
   12890      43.0370
   12891      42.6643
   12892      46.0938
   12893      48.1307
   12894      52.9344
   12895      50.1850
   12896      51.9161
   12897      52.6633
   12898      62.2117
   12899      62.2254
   12900      59.4119
   12901      56.0424
   12902      55.5516
   12903      55.5660
   12904      49.7904
   12905      49.6650
   12906      50.4414
   12907      48.4314
   12908      52.4987
   12909      58.6580
   12910      59.1138
   12911      55.3728
   12912      53.7006
   12913      55.5753
   12914      56.0218
   12915      55.9558
   12916      53.7253
   12917      50.0860
   12918      53.1217
   12919      49.8106
   12920      54.4765
   12921      54.4251
   12922      51.0797
   12923      57.2436
   12924      56.3475
   12925      55.9163
   12926      55.8632
   12927      53.4306
   12928      50.2712
   12929      60.1919
   12930      56.8749
   12931      53.0899
   12932      55.4201
   12933      55.0838
   12934      54.7861
   12935      55.9670
   12936      48.8464
   12937      48.8971
   12938      48.1461
   12939      49.9021
   12940      47.6935
   12941      48.1010
   12942      43.6438
   12943      46.9469
   12944      44.3804
   12945      45.3712
   12946      45.7479
   12947      45.8744
   12948      46.8968
   12949      50.1229
   12950      48.3321
   12951      48.6560
   12952      50.0264
   12953      52.0555
   12954      51.8067
   12955      51.0365
   12956      52.3274
   12957      48.4266
   12958      50.8210
   12959      50.0026
   12960      47.6572
   12961      49.1967
   12962      57.9863
   12963      56.7977
   12964      52.1923
   12965      54.3686
   12966      53.4776
   12967      52.5774
   12968      51.7102
   12969      54.1035
   12970      57.4492
   12971      55.5504
   12972      50.8132
   12973      51.2304
   12974      55.2908
   12975      49.8572
   12976      49.4614
   12977      47.0897
   12978      49.4714
   12979      46.2779
   12980      45.2472
   12981      52.0369
   12982      54.2831
   12983      54.4174
   12984      54.4998
   12985      54.7139
   12986      58.2687
   12987      60.8284
   12988      57.8434
   12989      56.5342
   12990      57.8378
   12991      51.1510
   12992      52.5357
   12993      49.2621
   12994      43.3106
   12995      44.7659
   12996      51.6085
   12997      51.5280
   12998      46.4682
   12999      48.0822
   13000      49.3555
   13001      45.1669
   13002      48.3478
   13003      52.3244
   13004      51.4056
   13005      52.0648
   13006      53.4369
   13007      52.9965
   13008      52.8603
   13009      53.6077
   13010      54.6433
   13011      60.0820
   13012      55.3528
   13013      58.7327
   13014      56.4823
   13015      49.2233
   13016      54.4110
   13017      53.0831
   13018      52.4740
   13019      54.7363
   13020      54.2102
   13021      52.1364
   13022      52.3316
   13023      55.6079
   13024      60.5166
   13025      58.1141
   13026      55.0205
   13027      57.6236
   13028      54.8473
   13029      55.7857
   13030      58.4652
   13031      57.3437
   13032      56.1219
   13033      62.0347
   13034      58.1259
   13035      53.5108
   13036      57.1367
   13037      55.7974
   13038      51.6762
   13039      52.4740
   13040      48.8102
   13041      50.3663
   13042      52.1707
   13043      53.3082
   13044      50.9377
   13045      49.1964
   13046      54.4890
   13047      49.9839
   13048      49.8346
   13049      58.2660
   13050      57.6172
   13051      56.0357
   13052      56.6093
   13053      50.8404
   13054      50.9072
   13055      53.5364
   13056      50.1970
   13057      48.1808
   13058      52.2047
   13059      50.1793
   13060      46.1467
   13061      50.7107
   13062      46.3118
   13063      44.2708
   13064      41.4832
   13065      46.7208
   13066      50.0765
   13067      55.6648
   13068      56.9525
   13069      48.8786
   13070      51.0688
   13071      55.5319
   13072      54.8995
   13073      59.6021
   13074      58.4161
   13075      55.1049
   13076      53.1239
   13077      53.4789
   13078      49.6024
   13079      52.5096
   13080      52.8523
   13081      49.5415
   13082      49.2630
   13083      43.6886
   13084      46.2800
   13085      50.3791
   13086      59.8750
   13087      54.9513
   13088      57.3956
   13089      61.0519
   13090      52.5463
   13091      54.7982
   13092      54.0098
   13093      49.9369
   13094      54.9580
   13095      51.6253
   13096      49.5885
   13097      49.5599
   13098      50.2096
   13099      53.0800
   13100      49.0754
   13101      47.6544
   13102      47.8361
   13103      49.7080
   13104      52.1725
   13105      53.0457
   13106      47.1186
   13107      53.2109
   13108      49.6456
   13109      46.0757
   13110      41.9439
   13111      45.0544
   13112      50.9311
   13113      48.9453
   13114      46.7264
   13115      51.8925
   13116      55.4683
   13117      54.9230
   13118      52.8015
   13119      50.4514
   13120      44.7037
   13121      43.7278
   13122      48.1900
   13123      44.9413
   13124      44.9402
   13125      51.4620
   13126      50.5458
   13127      47.6319
   13128      45.1153
   13129      50.9858
   13130      49.6228
   13131      47.7136
   13132      54.8612
   13133      55.9365
   13134      54.0327
   13135      53.4194
   13136      56.1596
   13137      56.4154
   13138      54.3571
   13139      54.0944
   13140      50.6085
   13141      48.4230
   13142      47.0692
   13143      45.2362
   13144      45.7020
   13145      51.3060
   13146      59.4654
   13147      55.9843
   13148      58.5720
   13149      58.0160
   13150      59.4026
   13151      59.2766
   13152      58.7430
   13153      62.9310
   13154      58.2945
   13155      54.7355
   13156      54.5728
   13157      54.3971
   13158      51.7511
   13159      55.2038
   13160      61.3695
   13161      60.7712
   13162      57.4644
   13163      52.3348
   13164      52.2619
   13165      54.8986
   13166      58.0310
   13167      55.4347
   13168      54.7651
   13169      50.6332
   13170      50.7928
   13171      51.8427
   13172      48.9008
   13173      48.5051
   13174      52.7669
   13175      49.1948
   13176      48.4197
   13177      50.6511
   13178      47.8957
   13179      51.2440
   13180      50.7943
   13181      51.2803
   13182      54.4827
   13183      52.7186
   13184      52.4676
   13185      51.7337
   13186      47.9551
   13187      47.5527
   13188      50.4856
   13189      48.2060
   13190      47.7309
   13191      52.1327
   13192      47.5736
   13193      49.9463
   13194      49.0107
   13195      51.0372
   13196      49.4546
   13197      47.2695
   13198      46.4569
   13199      50.1265
   13200      51.7603
   13201      49.5798
   13202      50.1069
   13203      49.5274
   13204      53.0137
   13205      54.5003
   13206      48.6269
   13207      53.1414
   13208      52.0745
   13209      50.9605
   13210      50.8654
   13211      50.9616
   13212      52.2951
   13213      53.4073
   13214      46.7408
   13215      50.7321
   13216      54.9896
   13217      55.7289
   13218      54.9546
   13219      53.6952
   13220      58.6157
   13221      57.6230
   13222      52.0466
   13223      49.4204
   13224      49.0668
   13225      49.5075
   13226      46.0184
   13227      48.8696
   13228      51.3164
   13229      50.7046
   13230      51.7455
   13231      51.9554
   13232      49.3483
   13233      51.7528
   13234      53.9736
   13235      54.4844
   13236      56.4765
   13237      60.4052
   13238      56.4752
   13239      56.4268
   13240      55.1119
   13241      52.5091
   13242      52.5631
   13243      53.0274
   13244      51.8379
   13245      50.8381
   13246      47.0186
   13247      55.5518
   13248      58.4101
   13249      59.8029
   13250      57.6652
   13251      56.3791
   13252      57.7306
   13253      59.3207
   13254      56.1383
   13255      58.1220
   13256      57.7322
   13257      56.3613
   13258      55.0112
   13259      57.6152
   13260      53.7215
   13261      52.8696
   13262      54.8671
   13263      53.9855
   13264      55.0934
   13265      57.2436
   13266      55.1667
   13267      54.2069
   13268      50.4119
   13269      50.5208
   13270      51.4902
   13271      47.8062
   13272      51.4620
   13273      50.9945
   13274      53.2793
   13275      51.1975
   13276      54.8851
   13277      54.7685
   13278      51.1370
   13279      56.3582
   13280      57.3763
   13281      46.5264
   13282      46.1911
   13283      55.5790
   13284      55.5533
   13285      53.5588
   13286      57.1167
   13287      52.6263
   13288      47.9066
   13289      49.1623
   13290      49.1233
   13291      49.3499
   13292      45.1826
   13293      49.1167
   13294      46.2845
   13295      48.7327
   13296      49.9231
   13297      56.8224
   13298      53.6643
   13299      55.9510
   13300      58.9071
   13301      55.1008
   13302      56.9358
   13303      54.2559
   13304      48.6547
   13305      52.1922
   13306      54.8323
   13307      52.0763
   13308      54.1699
   13309      52.7070
   13310      55.0054
   13311      51.9496
   13312      52.7075
   13313      49.1600
   13314      49.4014
   13315      49.3740
   13316      48.6568
   13317      50.0499
   13318      53.6965
   13319      52.0710
   13320      54.5034
   13321      51.2795
   13322      45.4821
   13323      44.1300
   13324      46.3642
   13325      41.9186
   13326      42.2272
   13327      40.9886
   13328      45.7159
   13329      47.6740
   13330      49.3149
   13331      49.9797
   13332      52.2801
   13333      48.6332
   13334      44.0297
   13335      45.8823
   13336      44.8722
   13337      44.2445
   13338      45.7805
   13339      43.9595
   13340      44.1904
   13341      45.0830
   13342      49.6117
   13343      53.4971
   13344      52.5019
   13345      45.4553
   13346      48.2332
   13347      45.7821
   13348      49.3680
   13349      48.6605
   13350      55.1915
   13351      51.5284
   13352      52.7355
   13353      49.2428
   13354      50.2767
   13355      48.8478
   13356      48.2150
   13357      51.7551
   13358      53.5212
   13359      54.5309
   13360      55.6554
   13361      58.0729
   13362      52.3750
   13363      54.0916
   13364      53.0497
   13365      53.7021
   13366      56.6718
   13367      55.8668
   13368      53.8528
   13369      55.5120
   13370      51.8613
   13371      53.0463
   13372      52.3449
   13373      49.5461
   13374      48.9021
   13375      45.8271
   13376      46.4559
   13377      46.3566
   13378      47.2058
   13379      45.5785
   13380      47.6342
   13381      46.5157
   13382      48.6906
   13383      50.8379
   13384      52.3763
   13385      53.4688
   13386      53.9361
   13387      53.7330
   13388      53.0801
   13389      57.9398
   13390      57.4257
   13391      55.2137
   13392      53.4285
   13393      49.8130
   13394      52.7076
   13395      54.3309
   13396      52.4125
   13397      53.3290
   13398      56.4771
   13399      51.9821
   13400      52.2953
   13401      50.1747
   13402      49.1131
   13403      50.8370
   13404      51.7635
   13405      55.4602
   13406      51.3848
   13407      58.2351
   13408      57.7784
   13409      57.7972
   13410      57.9273
   13411      58.8642
   13412      63.2270
   13413      63.3877
   13414      60.5581
   13415      58.5114
   13416      56.2785
   13417      52.6128
   13418      59.2972
   13419      66.2046
   13420      58.7071
   13421      60.8443
   13422      55.2730
   13423      58.3370
   13424      58.6323
   13425      59.0254
   13426      60.3618
   13427      62.1023
   13428      58.4190
   13429      62.5383
   13430      60.6932
   13431      61.4233
   13432      58.5844
   13433      60.1013
   13434      56.3409
   13435      53.3122
   13436      47.3653
   13437      50.3990
   13438      47.3659
   13439      55.3987
   13440      54.8273
   13441      54.7252
   13442      52.5664
   13443      53.1286
   13444      51.2822
   13445      49.0710
   13446      49.9253
   13447      53.1693
   13448      53.4874
   13449      49.1451
   13450      54.7552
   13451      55.1761
   13452      56.8428
   13453      54.9990
   13454      55.2739
   13455      53.0650
   13456      56.0674
   13457      55.1241
   13458      54.5812
   13459      56.6815
   13460      61.0517
   13461      61.7853
   13462      58.9713
   13463      62.3951
   13464      60.9640
   13465      60.6082
   13466      57.6031
   13467      55.0753
   13468      61.3709
   13469      61.8601
   13470      60.8048
   13471      55.6726
   13472      56.2838
   13473      52.2904
   13474      58.2602
   13475      56.8281
   13476      56.6241
   13477      55.2697
   13478      60.4821
   13479      60.0387
   13480      60.2355
   13481      55.1303
   13482      58.0703
   13483      64.0207
   13484      58.1629
   13485      54.4103
   13486      51.0312
   13487      47.8059
   13488      51.1050
   13489      50.9401
   13490      44.1371
   13491      46.6630
   13492      45.8335
   13493      46.7594
   13494      47.1859
   13495      50.8509
   13496      47.2666
   13497      47.5362
   13498      45.4681
   13499      49.1955
   13500      52.8563
   13501      53.1096
   13502      55.2836
   13503      60.7731
   13504      58.7594
   13505      61.9051
   13506      53.3850
   13507      55.4503
   13508      54.1747
   13509      52.5476
   13510      47.1718
   13511      52.5521
   13512      57.9579
   13513      54.7033
   13514      57.4642
   13515      57.6045
   13516      58.7623
   13517      51.8879
   13518      51.4955
   13519      53.3156
   13520      50.5768
   13521      47.0890
   13522      41.4754
   13523      43.0285
   13524      50.3282
   13525      53.4823
   13526      55.2301
   13527      53.1094
   13528      52.3940
   13529      52.3500
   13530      52.5070
   13531      51.0009
   13532      51.3050
   13533      57.3104
   13534      56.5806
   13535      60.5495
   13536      59.6886
   13537      63.6256
   13538      63.9456
   13539      58.8086
   13540      58.7322
   13541      57.5613
   13542      58.9712
   13543      65.0875
   13544      63.5200
   13545      61.2539
   13546      55.9405
   13547      59.5525
   13548      61.0992
   13549      58.3121
   13550      57.2902
   13551      56.0904
   13552      51.6418
   13553      55.7500
   13554      55.0562
   13555      55.4366
   13556      54.6736
   13557      58.0477
   13558      52.1020
   13559      54.7128
   13560      51.5736
   13561      53.5846
   13562      57.2386
   13563      55.9934
   13564      54.8629
   13565      54.1964
   13566      47.6088
   13567      47.2915
   13568      45.2394
   13569      44.6831
   13570      45.5019
   13571      40.4895
   13572      42.3125
   13573      42.7885
   13574      43.5410
   13575      47.5762
   13576      50.1427
   13577      47.9708
   13578      49.7009
   13579      48.5267
   13580      50.1864
   13581      47.8831
   13582      47.3321
   13583      49.2663
   13584      54.4642
   13585      55.5231
   13586      52.1770
   13587      57.7304
   13588      60.0900
   13589      52.4983
   13590      51.1687
   13591      53.2438
   13592      47.4611
   13593      48.7265
   13594      49.2677
   13595      50.0146
   13596      54.7492
   13597      56.7184
   13598      51.7551
   13599      50.8579
   13600      52.9056
   13601      47.6102
   13602      41.9599
   13603      51.7729
   13604      44.9511
   13605      36.8089
   13606      38.4714
   13607      43.7537
   13608      38.3276
   13609      38.3023
   13610      38.0949
   13611      41.2423
   13612      38.9972
   13613      47.8312
   13614      49.9232
   13615      45.8146
   13616      46.6626
   13617      45.8081
   13618      45.2664
   13619      44.6617
   13620      46.0392
   13621      40.7758
   13622      45.6951
   13623      39.7061
   13624      42.7056
   13625      43.7765
   13626      35.5337
   13627      37.8408
   13628      42.5824
   13629      41.4904
   13630      43.4744
   13631      54.5453
   13632      55.2256
   13633      52.7261
   13634      52.1749
   13635      51.0933
   13636      51.4398
   13637      49.4569
   13638      47.7196
   13639      44.9590
   13640      48.8470
   13641      45.8491
   13642      43.3345
   13643      42.0186
   13644      41.3861
   13645      46.2469
   13646      50.6442
   13647      52.7710
   13648      51.8109
   13649      47.8485
   13650      42.9268
   13651      39.4307
   13652      47.4765
   13653      52.3678
   13654      48.3664
   13655      48.6256
   13656      47.5444
   13657      42.7195
   13658      41.4271
   13659      36.6454
   13660      34.9366
   13661      38.8590
   13662      40.4442
   13663      44.9678
   13664      45.5809
   13665      49.2100
   13666      46.3569
   13667      45.9911
   13668      53.4838
   13669      55.4115
   13670      56.2865
   13671      57.9975
   13672      56.4031
   13673      59.2618
   13674      59.0635
   13675      57.5548
   13676      56.7000
   13677      54.7744
   13678      48.7701
   13679      46.1264
   13680      50.5611
   13681      50.0604
   13682      52.5637
   13683      51.9579
   13684      48.9003
   13685      47.1076
   13686      46.6530
   13687      48.3436
   13688      54.0792
   13689      51.4302
   13690      47.5191
   13691      43.6215
   13692      39.7637
   13693      42.6377
   13694      41.5742
   13695      41.8804
   13696      43.5141
   13697      43.4873
   13698      45.0907
   13699      49.3206
   13700      51.2605
   13701      50.1578
   13702      52.9386
   13703      53.0379
   13704      47.0109
   13705      42.9222
   13706      46.0043
   13707      47.0014
   13708      43.5261
   13709      45.9208
   13710      52.9303
   13711      49.2636
   13712      51.0122
   13713      54.6874
   13714      50.1112
   13715      50.6189
   13716      51.0812
   13717      50.4133
   13718      49.6374
   13719      44.6772
   13720      47.5598
   13721      52.0492
   13722      52.4021
   13723      45.6386
   13724      46.6055
   13725      47.3766
   13726      42.0164
   13727      40.5898
   13728      40.1803
   13729      43.2366
   13730      46.5970
   13731      44.8211
   13732      42.3418
   13733      47.7109
   13734      48.9451
   13735      45.8003
   13736      45.6515
   13737      46.6919
   13738      46.1465
   13739      46.2092
   13740      50.6379
   13741      45.4585
   13742      49.9495
   13743      46.8333
   13744      46.3784
   13745      46.7778
   13746      47.5420
   13747      48.5341
   13748      48.7333
   13749      50.1660
   13750      52.5645
   13751      50.8179
   13752      51.7235
   13753      52.2047
   13754      52.6825
   13755      49.4350
   13756      48.4892
   13757      49.3672
   13758      47.7103
   13759      41.6277
   13760      42.3271
   13761      39.1025
   13762      41.0473
   13763      47.9206
   13764      47.9839
   13765      48.9108
   13766      47.1817
   13767      44.0816
   13768      46.2976
   13769      50.7618
   13770      44.9661
   13771      51.4147
   13772      49.1094
   13773      49.6380
   13774      47.5991
   13775      52.5000
   13776      52.2984
   13777      52.3729
   13778      57.6375
   13779      59.5051
   13780      52.1117
   13781      47.7670
   13782      45.8399
   13783      49.0298
   13784      45.3512
   13785      50.2332
   13786      50.6673
   13787      53.0240
   13788      44.8992
   13789      48.0688
   13790      50.0687
   13791      44.3383
   13792      44.8670
   13793      48.6753
   13794      50.1285
   13795      50.6253
   13796      50.3866
   13797      47.8951
   13798      45.7251
   13799      48.4896
   13800      49.6038
   13801      48.5842
   13802      52.7364
   13803      51.6305
   13804      46.8221
   13805      47.9831
   13806      49.0863
   13807      51.0351
   13808      51.9979
   13809      48.6774
   13810      48.1242
   13811      53.2122
   13812      54.1140
   13813      52.6930
   13814      48.1039
   13815      49.2142
   13816      48.8727
   13817      48.4129
   13818      43.1474
   13819      44.9530
   13820      44.3707
   13821      40.2572
   13822      41.3854
   13823      44.5494
   13824      50.2942
   13825      46.5480
   13826      47.4175
   13827      50.3711
   13828      47.0826
   13829      44.3335
   13830      47.6175
   13831      48.9403
   13832      48.9607
   13833      45.7159
   13834      48.8126
   13835      50.8317
   13836      50.4165
   13837      51.6943
   13838      52.0382
   13839      48.3004
   13840      50.2840
   13841      48.5133
   13842      56.9427
   13843      56.5536
   13844      56.9440
   13845      55.9009
   13846      61.3453
   13847      58.8854
   13848      62.2986
   13849      60.6928
   13850      51.8168
   13851      51.8838
   13852      50.8511
   13853      48.4174
   13854      50.6637
   13855      45.5858
   13856      45.0423
   13857      49.4001
   13858      47.1453
   13859      48.8245
   13860      50.0057
   13861      54.2028
   13862      49.6110
   13863      48.6491
   13864      49.9697
   13865      47.0723
   13866      53.4375
   13867      55.0236
   13868      54.9740
   13869      57.8497
   13870      59.9152
   13871      58.0415
   13872      52.8738
   13873      49.9080
   13874      48.9290
   13875      52.4220
   13876      49.7368
   13877      48.5191
   13878      47.8266
   13879      49.0935
   13880      54.7825
   13881      57.5266
   13882      55.8989
   13883      50.3728
   13884      50.7139
   13885      49.3147
   13886      51.1785
   13887      49.0590
   13888      50.9111
   13889      49.7974
   13890      50.0660
   13891      56.6398
   13892      59.6807
   13893      56.7546
   13894      56.2811
   13895      58.1135
   13896      59.3700
   13897      56.7351
   13898      53.1375
   13899      53.8078
   13900      52.6731
   13901      47.4838
   13902      49.3214
   13903      54.5135
   13904      50.5641
   13905      51.4777
   13906      54.0486
   13907      48.5448
   13908      47.6996
   13909      46.1522
   13910      45.5579
   13911      44.8945
   13912      53.2332
   13913      49.0285
   13914      49.5132
   13915      55.0393
   13916      56.6368
   13917      53.8843
   13918      51.2114
   13919      53.6503
   13920      51.2161
   13921      56.4314
   13922      54.7304
   13923      52.8639
   13924      55.5531
   13925      61.8582
   13926      58.1833
   13927      57.8914
   13928      61.7600
   13929      57.9718
   13930      51.7132
   13931      51.8891
   13932      50.9865
   13933      52.0242
   13934      53.9434
   13935      52.3716
   13936      56.9209
   13937      52.7220
   13938      49.0619
   13939      50.3475
   13940      52.7792
   13941      51.5073
   13942      52.9499
   13943      57.5737
   13944      55.8756
   13945      53.3898
   13946      52.0855
   13947      51.5924
   13948      47.2724
   13949      49.8897
   13950      47.6512
   13951      50.4749
   13952      46.3232
   13953      47.1906
   13954      45.8474
   13955      43.5686
   13956      45.7759
   13957      42.1701
   13958      42.4799
   13959      44.4896
   13960      45.7633
   13961      46.4501
   13962      50.5661
   13963      46.4183
   13964      44.5554
   13965      45.2657
   13966      45.7271
   13967      39.6772
   13968      38.0887
   13969      46.6190
   13970      46.9648
   13971      47.1752
   13972      44.5017
   13973      46.7799
   13974      50.8360
   13975      47.7048
   13976      47.9552
   13977      51.6493
   13978      56.5722
   13979      51.7813
   13980      51.5958
   13981      50.4328
   13982      51.6006
   13983      53.4603
   13984      55.5349
   13985      56.7003
   13986      52.0562
   13987      45.8453
   13988      42.9031
   13989      43.3971
   13990      47.6911
   13991      47.0774
   13992      48.0100
   13993      46.7968
   13994      50.0920
   13995      55.8486
   13996      57.1097
   13997      57.6195
   13998      52.9754
   13999      47.3904
   14000      48.4785
   14001      45.4814
   14002      49.9785
   14003      50.2531
   14004      48.2420
   14005      45.4695
   14006      45.5020
   14007      45.6716
   14008      43.5380
   14009      46.6049
   14010      46.7720
   14011      50.5946
   14012      46.6539
   14013      51.1509
   14014      52.7969
   14015      48.5019
   14016      46.6804
   14017      47.3505
   14018      46.8284
   14019      51.7247
   14020      51.8664
   14021      59.4484
   14022      58.0736
   14023      61.0812
   14024      57.5655
   14025      53.0097
   14026      57.9406
   14027      56.7679
   14028      56.0005
   14029      53.2895
   14030      50.3877
   14031      53.9483
   14032      54.5420
   14033      49.1529
   14034      50.8744
   14035      50.7231
   14036      47.0973
   14037      47.7650
   14038      46.3945
   14039      50.4872
   14040      48.0886
   14041      49.6101
   14042      49.5781
   14043      50.4169
   14044      54.5752
   14045      53.3917
   14046      51.9763
   14047      51.3567
   14048      46.6344
   14049      47.5751
   14050      51.8464
   14051      51.3769
   14052      43.3156
   14053      51.8701
   14054      52.8423
   14055      52.3422
   14056      50.8885
   14057      47.1213
   14058      45.2788
   14059      47.3423
   14060      47.4603
   14061      50.4949
   14062      46.9649
   14063      47.3262
   14064      43.2983
   14065      42.5668
   14066      43.2915
   14067      44.3043
   14068      43.5347
   14069      41.3526
   14070      44.3241
   14071      45.5520
   14072      48.5133
   14073      51.8085
   14074      54.0058
   14075      53.2729
   14076      48.3218
   14077      45.8114
   14078      50.2114
   14079      50.4919
   14080      55.6058
   14081      56.5873
   14082      54.4187
   14083      52.3983
   14084      46.7136
   14085      43.7860
   14086      42.7591
   14087      46.1343
   14088      48.0186
   14089      53.3429
   14090      46.5614
   14091      46.2039
   14092      52.0231
   14093      54.3023
   14094      56.3391
   14095      54.9019
   14096      49.6278
   14097      50.1205
   14098      51.9945
   14099      49.2957
   14100      50.3708
   14101      50.4052
   14102      46.5753
   14103      48.0604
   14104      50.7489
   14105      51.1446
   14106      51.7907
   14107      55.1439
   14108      58.3447
   14109      56.6819
   14110      50.8707
   14111      46.9948
   14112      46.8450
   14113      47.5855
   14114      49.1793
   14115      47.6653
   14116      47.2602
   14117      46.9501
   14118      44.6425
   14119      45.3521
   14120      51.2524
   14121      53.1033
   14122      53.7622
   14123      53.3348
   14124      53.2515
   14125      50.2276
   14126      51.2746
   14127      49.3639
   14128      47.5250
   14129      46.7390
   14130      49.8367
   14131      52.8024
   14132      50.7208
   14133      55.1138
   14134      55.2534
   14135      56.4031
   14136      59.8542
   14137      57.1599
   14138      54.6864
   14139      52.8620
   14140      48.4143
   14141      52.2924
   14142      48.7071
   14143      50.2653
   14144      52.3435
   14145      51.0339
   14146      48.9464
   14147      53.3282
   14148      56.9018
   14149      56.6337
   14150      60.2909
   14151      53.0634
   14152      49.4710
   14153      60.3211
   14154      55.5563
   14155      53.4709
   14156      57.0466
   14157      52.9418
   14158      56.8330
   14159      59.7348
   14160      56.4636
   14161      59.1860
   14162      55.6216
   14163      57.4918
   14164      55.5040
   14165      53.8142
   14166      57.1729
   14167      55.0795
   14168      59.6842
   14169      55.6089
   14170      55.5039
   14171      50.3869
   14172      49.7392
   14173      56.3455
   14174      51.4619
   14175      49.4752
   14176      48.9239
   14177      47.7316
   14178      48.7349
   14179      48.3758
   14180      52.2122
   14181      52.6429
   14182      48.2657
   14183      46.9252
   14184      50.5952
   14185      48.4236
   14186      46.8388
   14187      48.0054
   14188      50.9833
   14189      47.3981
   14190      50.6781
   14191      51.0403
   14192      52.1081
   14193      55.2991
   14194      54.6939
   14195      60.7795
   14196      63.1122
   14197      61.2744
   14198      51.6628
   14199      53.0908
   14200      53.5575
   14201      52.0718
   14202      52.0495
   14203      52.1178
   14204      52.4909
   14205      50.9780
   14206      50.9927
   14207      45.9811
   14208      49.3455
   14209      46.7764
   14210      46.0569
   14211      48.7321
   14212      45.3046
   14213      48.8769
   14214      48.3670
   14215      46.2275
   14216      45.4786
   14217      42.9451
   14218      42.2321
   14219      44.1141
   14220      35.3917
   14221      36.7645
   14222      41.4817
   14223      42.4128
   14224      39.2038
   14225      41.5523
   14226      41.7930
   14227      41.2257
   14228      39.7190
   14229      43.7190
   14230      41.6966
   14231      39.8443
   14232      39.0144
   14233      37.6028
   14234      35.6111
   14235      37.3894
   14236      35.0644
   14237      45.9762
   14238      46.1570
   14239      38.5345
   14240      38.2115
   14241      38.3235
   14242      45.1860
   14243      46.2322
   14244      44.4215
   14245      42.1776
   14246      46.4731
   14247      48.0991
   14248      46.8247
   14249      44.4216
   14250      46.3242
   14251      47.6122
   14252      53.8572
   14253      54.0390
   14254      51.6443
   14255      57.6409
   14256      58.0343
   14257      56.3306
   14258      55.5175
   14259      50.4551
   14260      45.0511
   14261      44.2764
   14262      47.0243
   14263      43.1480
   14264      46.5014
   14265      44.4685
   14266      42.5970
   14267      43.3504
   14268      44.7335
   14269      45.0364
   14270      46.7681
   14271      48.8787
   14272      50.4030
   14273      50.1535
   14274      52.8451
   14275      52.9821
   14276      57.9453
   14277      55.4539
   14278      47.5643
   14279      49.7860
   14280      53.6421
   14281      51.6431
   14282      49.6383
   14283      50.4822
   14284      50.7507
   14285      51.0446
   14286      51.6866
   14287      44.6593
   14288      44.3385
   14289      50.4931
   14290      50.1425
   14291      50.3820
   14292      52.8304
   14293      60.7845
   14294      57.7316
   14295      56.6591
   14296      49.6754
   14297      51.3182
   14298      46.5975
   14299      51.6167
   14300      56.6577
   14301      54.2400
   14302      49.1985
   14303      47.7555
   14304      43.8702
   14305      44.8169
   14306      46.0639
   14307      50.1182
   14308      49.3914
   14309      47.1005
   14310      46.9244
   14311      46.2521
   14312      42.4639
   14313      41.4532
   14314      39.5353
   14315      37.2675
   14316      35.3307
   14317      33.3430
   14318      35.1142
   14319      40.7656
   14320      38.6351
   14321      36.6178
   14322      35.9538
   14323      42.9914
   14324      43.7381
   14325      43.7654
   14326      41.0275
   14327      40.4700
   14328      41.5132
   14329      39.3607
   14330      40.6675
   14331      45.1466
   14332      47.3402
   14333      51.4117
   14334      46.4399
   14335      45.9010
   14336      47.4729
   14337      45.9759
   14338      48.0219
   14339      52.0654
   14340      58.7395
   14341      53.5921
   14342      50.4750
   14343      59.8549
   14344      55.1780
   14345      53.0706
   14346      48.0477
   14347      47.9181
   14348      49.4210
   14349      49.9426
   14350      39.6476
   14351      38.1449
   14352      39.7486
   14353      38.4608
   14354      42.8956
   14355      49.5041
   14356      53.5869
   14357      54.8667
   14358      51.3185
   14359      52.0426
   14360      52.8703
   14361      57.8354
   14362      56.7601
   14363      54.9970
   14364      54.2412
   14365      50.7360
   14366      50.0303
   14367      52.8453
   14368      53.4066
   14369      54.9637
   14370      53.5583
   14371      54.4350
   14372      52.1877
   14373      49.1247
   14374      48.7029
   14375      49.3681
   14376      47.7541
   14377      50.9126
   14378      46.1165
   14379      46.5553
   14380      49.9454
   14381      52.0081
   14382      43.6218
   14383      45.9113
   14384      42.1861
   14385      42.0118
   14386      44.9460
   14387      49.5929
   14388      49.5213
   14389      45.7132
   14390      49.2383
   14391      47.4303
   14392      50.8142
   14393      51.3113
   14394      50.7028
   14395      51.1948
   14396      48.9852
   14397      42.4222
   14398      42.6721
   14399      47.9545
   14400      48.3261
   14401      52.3817
   14402      54.2496
   14403      52.6417
   14404      48.0363
   14405      54.1123
   14406      56.2657
   14407      50.8470
   14408      49.8123
   14409      52.8136
   14410      56.3402
   14411      52.3683
   14412      50.5621
   14413      49.2111
   14414      56.5169
   14415      51.9353
   14416      48.5924
   14417      53.3204
   14418      47.4213
   14419      48.6274
   14420      50.3869
   14421      47.9145
   14422      50.4938
   14423      56.2512
   14424      58.5529
   14425      55.4497
   14426      55.2416
   14427      51.4935
   14428      51.7625
   14429      46.0289
   14430      45.2313
   14431      49.4310
   14432      51.2728
   14433      46.8529
   14434      49.3556
   14435      53.5506
   14436      50.0375
   14437      57.4868
   14438      56.1683
   14439      53.0210
   14440      57.6162
   14441      56.4133
   14442      56.1606
   14443      57.6070
   14444      54.9429
   14445      52.0862
   14446      49.2629
   14447      46.6197
   14448      50.8944
   14449      48.0022
   14450      45.8338
   14451      47.8537
   14452      50.3784
   14453      56.9109
   14454      55.3645
   14455      49.3697
   14456      50.6746
   14457      51.9492
   14458      53.1814
   14459      52.2534
   14460      56.5364
   14461      54.7993
   14462      55.6958
   14463      55.3886
   14464      51.9210
   14465      49.7199
   14466      49.8457
   14467      60.7837
   14468      58.8036
   14469      59.6338
   14470      61.3876
   14471      59.0905
   14472      66.8142
   14473      71.3137
   14474      69.0399
   14475      65.7493
   14476      64.9123
   14477      64.4828
   14478      55.0342
   14479      56.8577
   14480      50.5218
   14481      50.9460
   14482      57.4154
   14483      60.0235
   14484      58.2460
   14485      59.3149
   14486      59.1871
   14487      64.0841
   14488      56.4147
   14489      53.6336
   14490      43.8015
   14491      49.7791
   14492      44.1987
   14493      42.4086
   14494      37.1045
   14495      47.1220
   14496      53.9085
   14497      53.0167
   14498      54.8409
   14499      52.1857
   14500      50.4667
   14501      52.3318
   14502      50.6078
   14503      52.9708
   14504      53.1040
   14505      49.6375
   14506      49.0749
   14507      55.0828
   14508      52.9325
   14509      52.6155
   14510      55.3125
   14511      58.6683
   14512      53.7396
   14513      49.3441
   14514      50.2085
   14515      51.4612
   14516      51.2318
   14517      51.5585
   14518      50.1541
   14519      49.2407
   14520      52.1934
   14521      45.9313
   14522      45.9897
   14523      44.4102
   14524      40.6747
   14525      44.3940
   14526      46.7039
   14527      48.9523
   14528      50.0599
   14529      46.9641
   14530      41.6777
   14531      42.3226
   14532      43.2823
   14533      40.9821
   14534      45.3826
   14535      46.4583
   14536      47.0535
   14537      48.6000
   14538      50.0876
   14539      41.2132
   14540      43.5703
   14541      48.3942
   14542      43.1904
   14543      47.2062
   14544      47.7802
   14545      51.5432
   14546      43.6999
   14547      44.2863
   14548      40.5960
   14549      40.1156
   14550      35.1353
   14551      42.0899
   14552      47.4140
   14553      39.7132
   14554      42.7123
   14555      49.5916
   14556      49.4891
   14557      55.7878
   14558      52.0296
   14559      46.3490
   14560      44.6001
   14561      50.9904
   14562      45.6057
   14563      45.8630
   14564      49.0679
   14565      47.7519
   14566      43.9202
   14567      43.9007
   14568      42.7553
   14569      41.3660
   14570      43.2551
   14571      44.2653
   14572      43.8355
   14573      43.1609
   14574      40.7560
   14575      44.1029
   14576      40.1130
   14577      45.0116
   14578      46.4239
   14579      45.2355
   14580      39.8998
   14581      43.1635
   14582      43.0048
   14583      39.2796
   14584      43.6063
   14585      42.7738
   14586      44.7400
   14587      50.1584
   14588      45.9075
   14589      52.9743
   14590      52.5431
   14591      48.4806
   14592      46.6657
   14593      45.4669
   14594      38.4413
   14595      37.1019
   14596      44.9889
   14597      50.3497
   14598      50.5185
   14599      51.5734
   14600      51.8756
   14601      51.8155
   14602      50.8445
   14603      48.7363
   14604      49.6243
   14605      53.2289
   14606      46.3617
   14607      48.2624
   14608      47.2958
   14609      51.4153
   14610      51.7025
   14611      51.3902
   14612      60.0188
   14613      58.3574
   14614      57.0325
   14615      55.1266
   14616      51.4833
   14617      53.7967
   14618      54.5932
   14619      51.3585
   14620      49.6309
   14621      51.0847
   14622      48.1075
   14623      50.0208
   14624      53.9587
   14625      51.3293
   14626      50.7832
   14627      44.5958
   14628      45.4377
   14629      50.4583
   14630      50.5332
   14631      51.9114
   14632      54.5430
   14633      48.5286
   14634      50.6727
   14635      50.5049
   14636      49.7943
   14637      46.0283
   14638      45.7079
   14639      45.2519
   14640      47.6831
   14641      48.9765
   14642      48.7294
   14643      54.8841
   14644      51.6628
   14645      57.1053
   14646      53.7397
   14647      50.8582
   14648      49.1191
   14649      52.3231
   14650      55.8600
   14651      55.3375
   14652      60.1328
   14653      55.3860
   14654      57.1740
   14655      52.0149
   14656      48.9447
   14657      51.2592
   14658      49.6697
   14659      45.9390
   14660      49.2140
   14661      51.9343
   14662      50.0383
   14663      50.8369
   14664      50.0947
   14665      48.9998
   14666      51.7133
   14667      48.4466
   14668      47.8925
   14669      47.6116
   14670      45.4112
   14671      51.6391
   14672      57.7649
   14673      53.3734
   14674      49.7524
   14675      49.8659
   14676      51.2754
   14677      48.3009
   14678      49.6358
   14679      49.3063
   14680      54.4843
   14681      48.3030
   14682      48.5658
   14683      48.7478
   14684      48.7927
   14685      47.2363
   14686      48.5705
   14687      48.8602
   14688      44.8830
   14689      43.0648
   14690      50.2745
   14691      49.3595
   14692      44.6492
   14693      41.2247
   14694      42.4678
   14695      43.8176
   14696      48.4952
   14697      52.6134
   14698      57.7021
   14699      59.4711
   14700      55.1379
   14701      52.8463
   14702      47.8451
   14703      51.6035
   14704      51.4797
   14705      52.1349
   14706      50.9860
   14707      54.2631
   14708      49.5906
   14709      52.2030
   14710      51.2660
   14711      50.8729
   14712      47.2677
   14713      48.6546
   14714      49.1854
   14715      46.1006
   14716      49.0786
   14717      45.9705
   14718      47.5456
   14719      52.2399
   14720      51.7429
   14721      55.1123
   14722      52.4932
   14723      51.6275
   14724      52.3146
   14725      51.5901
   14726      49.4335
   14727      49.5916
   14728      45.2861
   14729      40.8748
   14730      39.8752
   14731      42.8218
   14732      41.0439
   14733      42.0852
   14734      44.6672
   14735      46.0234
   14736      45.5935
   14737      41.9800
   14738      44.4569
   14739      44.2580
   14740      45.8792
   14741      48.2541
   14742      42.6020
   14743      40.5509
   14744      46.3832
   14745      47.1616
   14746      48.0202
   14747      43.9371
   14748      45.0475
   14749      48.2202
   14750      50.6220
   14751      50.1466
   14752      48.6807
   14753      46.8047
   14754      43.0721
   14755      41.2676
   14756      43.5170
   14757      46.4182
   14758      49.3818
   14759      44.1093
   14760      38.7026
   14761      45.7483
   14762      48.1278
   14763      48.0018
   14764      44.7879
   14765      43.9697
   14766      48.2187
   14767      54.1303
   14768      48.1016
   14769      45.7417
   14770      43.5992
   14771      45.0950
   14772      46.9958
   14773      49.4953
   14774      45.6538
   14775      47.6914
   14776      46.7256
   14777      48.2684
   14778      45.6834
   14779      49.6695
   14780      57.8629
   14781      57.5883
   14782      50.0240
   14783      53.5673
   14784      52.3108
   14785      51.8411
   14786      52.4311
   14787      56.1009
   14788      54.9207
   14789      51.0641
   14790      55.8360
   14791      58.1225
   14792      59.1832
   14793      59.0009
   14794      59.0403
   14795      53.6411
   14796      54.0001
   14797      58.9729
   14798      58.0550
   14799      60.4713
   14800      58.3351
   14801      59.9057
   14802      59.1556
   14803      63.9340
   14804      63.2259
   14805      56.0258
   14806      58.7777
   14807      58.1410
   14808      54.0709
   14809      51.4951
   14810      48.4326
   14811      52.1780
   14812      58.9799
   14813      56.4272
   14814      49.7415
   14815      51.1695
   14816      52.3116
   14817      47.7082
   14818      47.8003
   14819      52.1145
   14820      50.2832
   14821      48.9472
   14822      53.6528
   14823      54.5897
   14824      52.6899
   14825      49.1631
   14826      49.4143
   14827      47.0350
   14828      47.5181
   14829      45.9781
   14830      50.1505
   14831      55.2314
   14832      49.4735
   14833      52.9661
   14834      50.6315
   14835      51.1501
   14836      50.6861
   14837      53.9083
   14838      55.0632
   14839      55.4032
   14840      58.2841
   14841      54.0519
   14842      55.7525
   14843      54.1316
   14844      47.6448
   14845      46.7952
   14846      49.2077
   14847      49.9520
   14848      52.9862
   14849      49.3440
   14850      50.5936
   14851      50.2711
   14852      58.6036
   14853      58.0914
   14854      57.7266
   14855      52.5505
   14856      58.1266
   14857      55.2946
   14858      54.6528
   14859      54.5252
   14860      56.8057
   14861      56.9042
   14862      58.7191
   14863      54.9216
   14864      48.3765
   14865      42.8252
   14866      44.7028
   14867      44.1319
   14868      48.7400
   14869      51.7055
   14870      46.0052
   14871      47.9489
   14872      45.9263
   14873      45.0378
   14874      47.5494
   14875      48.3411
   14876      49.2386
   14877      49.2181
   14878      51.5934
   14879      48.7746
   14880      49.4685
   14881      47.3249
   14882      46.9706
   14883      52.7046
   14884      52.7054
   14885      48.4542
   14886      43.6944
   14887      40.5471
   14888      45.0607
   14889      45.1030
   14890      48.4089
   14891      44.1471
   14892      46.0389
   14893      45.4885
   14894      45.5865
   14895      49.2921
   14896      48.9947
   14897      51.2848
   14898      56.4183
   14899      55.5100
   14900      52.6726
   14901      52.2843
   14902      52.5600
   14903      51.0371
   14904      50.6531
   14905      45.8477
   14906      51.1633
   14907      50.8284
   14908      53.9135
   14909      50.1756
   14910      54.2071
   14911      54.6617
   14912      58.1550
   14913      50.7085
   14914      54.9238
   14915      52.5878
   14916      47.4934
   14917      48.8082
   14918      49.1873
   14919      47.8611
   14920      41.8774
   14921      43.1970
   14922      45.9769
   14923      50.3345
   14924      53.3864
   14925      56.2862
   14926      56.8721
   14927      56.7010
   14928      52.1027
   14929      52.6146
   14930      52.5292
   14931      53.0104
   14932      53.7707
   14933      49.2799
   14934      50.0448
   14935      48.8651
   14936      50.0056
   14937      47.0115
   14938      45.2197
   14939      46.9791
   14940      50.1925
   14941      48.0656
   14942      45.7812
   14943      49.5040
   14944      48.8747
   14945      50.5898
   14946      48.5677
   14947      52.6013
   14948      49.9470
   14949      51.3502
   14950      49.5134
   14951      49.8689
   14952      49.4358
   14953      43.8189
   14954      41.8149
   14955      43.4386
   14956      45.7212
   14957      44.0957
   14958      42.6020
   14959      46.2815
   14960      50.1309
   14961      46.7813
   14962      52.9708
   14963      54.9949
   14964      52.0942
   14965      53.2829
   14966      50.8663
   14967      51.5485
   14968      54.2831
   14969      54.7298
   14970      55.9237
   14971      55.9502
   14972      56.1132
   14973      54.5871
   14974      52.6865
   14975      55.1313
   14976      51.0659
   14977      54.3924
   14978      53.6234
   14979      58.0556
   14980      62.7726
   14981      60.7930
   14982      58.5794
   14983      56.4560
   14984      54.5079
   14985      51.4413
   14986      49.9704
   14987      56.2843
   14988      61.9370
   14989      59.8015
   14990      54.6549
   14991      51.4958
   14992      50.8013
   14993      49.5124
   14994      55.3744
   14995      56.5098
   14996      51.4038
   14997      45.7548
   14998      45.8833
   14999      53.5641
   15000      51.8129
   15001      47.8061
   15002      49.1854
   15003      49.9569
   15004      47.5329
   15005      42.2144
   15006      48.8864
   15007      47.0405
   15008      48.1177
   15009      44.2104
   15010      42.6687
   15011      45.1739
   15012      43.4106
   15013      41.8651
   15014      44.9310
   15015      43.6714
   15016      41.4984
   15017      46.8538
   15018      49.3315
   15019      46.3095
   15020      44.3692
   15021      41.8114
   15022      43.7439
   15023      47.4516
   15024      41.1059
   15025      40.7085
   15026      41.7448
   15027      42.7338
   15028      42.5958
   15029      46.0635
   15030      43.7190
   15031      45.9428
   15032      46.0091
   15033      45.2636
   15034      43.0466
   15035      45.1978
   15036      48.7227
   15037      53.7781
   15038      52.9551
   15039      48.3605
   15040      50.2426
   15041      49.4530
   15042      48.9255
   15043      50.4816
   15044      44.5644
   15045      46.2910
   15046      48.3556
   15047      46.8266
   15048      44.3064
   15049      48.0258
   15050      47.6503
   15051      44.2718
   15052      40.8879
   15053      40.8709
   15054      44.4039
   15055      38.9962
   15056      47.1975
   15057      50.8480
   15058      50.1568
   15059      49.3197
   15060      47.0022
   15061      45.9503
   15062      43.2515
   15063      46.7795
   15064      47.5731
   15065      50.4604
   15066      50.0312
   15067      49.7318
   15068      47.7981
   15069      44.4970
   15070      40.7969
   15071      38.3436
   15072      43.3842
   15073      50.0581
   15074      47.6169
   15075      51.0985
   15076      56.2686
   15077      56.6941
   15078      52.0633
   15079      52.3725
   15080      51.2855
   15081      48.6469
   15082      50.8421
   15083      50.4476
   15084      54.3496
   15085      55.8902
   15086      55.6135
   15087      57.1925
   15088      51.1711
   15089      50.3635
   15090      48.5031
   15091      54.4459
   15092      51.9616
   15093      50.4103
   15094      49.2604
   15095      53.1747
   15096      49.3974
   15097      46.2478
   15098      47.1062
   15099      45.6103
   15100      50.1315
   15101      51.9648
   15102      48.8935
   15103      47.4363
   15104      52.8656
   15105      55.4458
   15106      51.1014
   15107      48.5805
   15108      41.7682
   15109      49.7453
   15110      51.9414
   15111      52.1737
   15112      49.9393
   15113      53.5583
   15114      55.1260
   15115      48.5258
   15116      47.9202
   15117      44.4550
   15118      48.7106
   15119      49.4656
   15120      46.6816
   15121      48.2263
   15122      45.5003
   15123      48.0037
   15124      44.6560
   15125      43.6188
   15126      41.9101
   15127      43.4566
   15128      46.9819
   15129      50.6606
   15130      58.2319
   15131      57.8107
   15132      46.0628
   15133      46.6524
   15134      43.6937
   15135      46.3524
   15136      48.5616
   15137      46.8315
   15138      56.6622
   15139      57.0135
   15140      51.5812
   15141      54.8362
   15142      51.8290
   15143      53.1888
   15144      52.3046
   15145      55.9429
   15146      54.8275
   15147      55.4464
   15148      56.3896
   15149      53.5556
   15150      51.5055
   15151      56.9677
   15152      58.0996
   15153      58.4382
   15154      56.9686
   15155      55.5745
   15156      54.9165
   15157      55.1503
   15158      52.2645
   15159      54.5446
   15160      52.1478
   15161      55.1122
   15162      61.9698
   15163      63.7920
   15164      60.0587
   15165      55.3155
   15166      55.6267
   15167      48.2040
   15168      45.5830
   15169      45.9022
   15170      45.8170
   15171      50.3778
   15172      54.3395
   15173      55.7517
   15174      53.5024
   15175      53.8679
   15176      51.4770
   15177      49.4561
   15178      52.2000
   15179      56.0212
   15180      60.2432
   15181      61.2971
   15182      59.5959
   15183      57.5560
   15184      57.4334
   15185      53.4941
   15186      44.9396
   15187      44.7249
   15188      48.2383
   15189      50.1037
   15190      52.3401
   15191      56.3768
   15192      55.2810
   15193      59.2464
   15194      60.0940
   15195      49.2401
   15196      46.5215
   15197      42.2789
   15198      49.2121
   15199      47.1993
   15200      42.4565
   15201      37.2958
   15202      41.1458
   15203      40.0952
   15204      43.1959
   15205      47.9316
   15206      51.3711
   15207      55.7784
   15208      51.7959
   15209      45.9913
   15210      43.0356
   15211      42.0962
   15212      43.7772
   15213      45.6280
   15214      45.5630
   15215      43.7699
   15216      39.3502
   15217      39.4046
   15218      45.7930
   15219      47.9490
   15220      53.4946
   15221      58.4809
   15222      60.3517
   15223      55.5158
   15224      54.5774
   15225      56.3646
   15226      57.0034
   15227      56.3152
   15228      55.3607
   15229      59.4834
   15230      59.3769
   15231      58.7687
   15232      54.4666
   15233      49.3347
   15234      52.8582
   15235      55.6751
   15236      58.5234
   15237      57.0131
   15238      55.6947
   15239      52.9631
   15240      54.4500
   15241      55.1440
   15242      48.8904
   15243      45.0808
   15244      50.1643
   15245      44.5510
   15246      50.4758
   15247      48.6958
   15248      49.7522
   15249      50.4191
   15250      53.1889
   15251      57.0379
   15252      56.1702
   15253      54.3197
   15254      53.5397
   15255      52.7662
   15256      56.1162
   15257      48.5687
   15258      46.1733
   15259      48.1948
   15260      52.8814
   15261      53.8607
   15262      52.1771
   15263      56.1120
   15264      57.5397
   15265      62.7188
   15266      64.8014
   15267      69.1812
   15268      66.2592
   15269      59.1868
   15270      53.0992
   15271      51.8779
   15272      49.2782
   15273      47.9942
   15274      54.0777
   15275      50.1893
   15276      51.6094
   15277      51.8888
   15278      50.3522
   15279      48.9595
   15280      45.2998
   15281      49.6491
   15282      51.8178
   15283      55.9808
   15284      56.6241
   15285      56.3701
   15286      51.4933
   15287      54.9939
   15288      52.2882
   15289      50.8949
   15290      52.1792
   15291      42.0112
   15292      45.4962
   15293      41.1319
   15294      50.0294
   15295      49.0978
   15296      44.0727
   15297      41.0772
   15298      41.9311
   15299      44.6621
   15300      45.4473
   15301      47.5421
   15302      47.4513
   15303      48.1015
   15304      45.4509
   15305      45.3395
   15306      41.7447
   15307      47.4573
   15308      44.7961
   15309      40.4135
   15310      41.7487
   15311      47.6064
   15312      45.4807
   15313      43.3886
   15314      45.3566
   15315      44.9340
   15316      43.0278
   15317      37.5650
   15318      39.9188
   15319      44.0401
   15320      48.3947
   15321      49.9511
   15322      49.1424
   15323      54.8826
   15324      50.6213
   15325      51.2720
   15326      52.2845
   15327      46.6809
   15328      50.4746
   15329      57.4720
   15330      47.1122
   15331      46.3585
   15332      47.2670
   15333      47.3406
   15334      44.7115
   15335      54.5256
   15336      51.0156
   15337      53.5747
   15338      53.1075
   15339      51.4366
   15340      52.2624
   15341      49.0165
   15342      46.4093
   15343      42.4952
   15344      48.8231
   15345      46.1340
   15346      51.5055
   15347      54.6788
   15348      50.6292
   15349      48.9024
   15350      50.2161
   15351      51.7985
   15352      49.8621
   15353      54.4975
   15354      52.8211
   15355      49.1557
   15356      52.5837
   15357      52.1898
   15358      47.4253
   15359      51.7105
   15360      51.6379
   15361      53.9352
   15362      48.2981
   15363      52.8095
   15364      50.9626
   15365      55.0638
   15366      55.5593
   15367      55.5826
   15368      61.0696
   15369      57.9940
   15370      51.7107
   15371      50.9155
   15372      50.3156
   15373      48.6765
   15374      51.4609
   15375      53.7494
   15376      53.2161
   15377      49.5028
   15378      45.9653
   15379      49.8378
   15380      49.0820
   15381      49.8049
   15382      55.6517
   15383      57.1509
   15384      52.1684
   15385      49.2734
   15386      50.6147
   15387      47.1064
   15388      50.1494
   15389      47.3658
   15390      49.5801
   15391      50.8116
   15392      48.5659
   15393      49.5860
   15394      47.4119
   15395      48.2546
   15396      45.3927
   15397      45.3947
   15398      49.8898
   15399      44.2757
   15400      41.3387
   15401      39.8167
   15402      39.1864
   15403      43.1807
   15404      46.2667
   15405      48.8700
   15406      49.1526
   15407      47.8366
   15408      49.5145
   15409      49.9446
   15410      51.4309
   15411      52.1969
   15412      54.6974
   15413      51.9321
   15414      50.4283
   15415      50.5823
   15416      50.1094
   15417      49.8309
   15418      48.5389
   15419      54.0032
   15420      53.2847
   15421      56.4774
   15422      56.9132
   15423      60.9653
   15424      61.1474
   15425      61.0478
   15426      59.0532
   15427      61.9977
   15428      55.0930
   15429      56.6074
   15430      58.8021
   15431      51.2841
   15432      53.4466
   15433      49.6552
   15434      48.5525
   15435      46.4631
   15436      53.3187
   15437      56.5467
   15438      54.2744
   15439      53.9987
   15440      45.4962
   15441      51.4213
   15442      51.3382
   15443      52.0278
   15444      45.1794
   15445      48.3703
   15446      48.8298
   15447      50.6816
   15448      49.8670
   15449      50.2548
   15450      49.8357
   15451      48.7370
   15452      51.3824
   15453      55.3350
   15454      56.3791
   15455      56.9856
   15456      57.4078
   15457      54.0652
   15458      56.4080
   15459      52.2534
   15460      50.9587
   15461      55.0423
   15462      52.4220
   15463      52.7966
   15464      54.6406
   15465      54.5505
   15466      56.1897
   15467      58.0458
   15468      51.9230
   15469      50.6436
   15470      49.4542
   15471      47.7564
   15472      49.0574
   15473      46.6214
   15474      41.1632
   15475      45.2192
   15476      46.8421
   15477      49.5935
   15478      50.3906
   15479      51.1641
   15480      49.9263
   15481      50.1729
   15482      52.5322
   15483      53.6909
   15484      49.0787
   15485      52.0381
   15486      58.8542
   15487      59.9268
   15488      54.2949
   15489      54.0990
   15490      48.5935
   15491      49.6460
   15492      47.0486
   15493      51.4635
   15494      52.6806
   15495      56.7971
   15496      58.4756
   15497      54.2474
   15498      54.1334
   15499      58.7527
   15500      56.9082
   15501      56.8486
   15502      57.9936
   15503      54.6434
   15504      57.1443
   15505      59.6205
   15506      54.9385
   15507      54.4092
   15508      56.9034
   15509      49.9889
   15510      48.8546
   15511      52.8578
   15512      49.5495
   15513      49.9195
   15514      52.3137
   15515      54.7225
   15516      57.2634
   15517      55.5196
   15518      53.8343
   15519      51.8357
   15520      48.2820
   15521      49.1117
   15522      45.2638
   15523      51.7084
   15524      55.7602
   15525      52.5049
   15526      54.7519
   15527      57.3303
   15528      58.9645
   15529      59.9714
   15530      56.3403
   15531      63.1326
   15532      64.5650
   15533      66.8161
   15534      66.2267
   15535      61.9638
   15536      66.3824
   15537      61.4333
   15538      59.1872
   15539      58.3037
   15540      60.2609
   15541      60.4288
   15542      59.4326
   15543      58.3616
   15544      67.0816
   15545      68.2735
   15546      71.9710
   15547      69.3353
   15548      69.5559
   15549      67.2088
   15550      69.5154
   15551      70.2930
   15552      75.7000
   15553      76.2559
   15554      74.8679
   15555      71.8080
   15556      73.8901
   15557      77.4404
   15558      76.6423
   15559      70.2115
   15560      69.6257
   15561      72.9959
   15562      72.0622
   15563      70.8420
   15564      68.0001
   15565      65.0118
   15566      63.3768
   15567      57.8877
   15568      61.5505
   15569      65.3330
   15570      68.9561
   15571      69.2848
   15572      67.0506
   15573      67.1088
   15574      66.6237
   15575      70.4426
   15576      64.6953
   15577      58.4876
   15578      49.6203
   15579      48.1403
   15580      52.6158
   15581      52.1990
   15582      48.8830
   15583      43.6890
   15584      51.0809
   15585      55.2196
   15586      53.6393
   15587      54.9765
   15588      52.2581
   15589      58.8233
   15590      59.3500
   15591      57.0910
   15592      53.7114
   15593      52.8182
   15594      49.6069
   15595      47.8576
   15596      50.8349
   15597      46.5602
   15598      50.0974
   15599      52.2605
   15600      50.0538
   15601      47.8801
   15602      47.7741
   15603      47.0931
   15604      46.6169
   15605      47.1803
   15606      47.5680
   15607      48.4971
   15608      51.4013
   15609      47.1696
   15610      49.1535
   15611      49.0541
   15612      48.5360
   15613      51.0904
   15614      55.1386
   15615      56.0860
   15616      55.4337
   15617      52.7299
   15618      47.0230
   15619      48.0520
   15620      45.5261
   15621      44.6677
   15622      47.0115
   15623      40.6433
   15624      46.2884
   15625      50.6337
   15626      53.9307
   15627      50.9677
   15628      52.7508
   15629      54.0394
   15630      53.5376
   15631      56.4060
   15632      50.3593
   15633      54.7062
   15634      44.5447
   15635      45.1188
   15636      43.1634
   15637      42.3165
   15638      43.6880
   15639      49.5076
   15640      50.5060
   15641      49.1873
   15642      51.0544
   15643      47.8622
   15644      47.8387
   15645      43.4677
   15646      49.9153
   15647      52.4436
   15648      49.0132
   15649      50.5236
   15650      52.8100
   15651      53.0508
   15652      50.2080
   15653      49.3973
   15654      52.1969
   15655      51.2162
   15656      46.2608
   15657      43.6669
   15658      44.3655
   15659      46.3348
   15660      47.3183
   15661      40.4370
   15662      46.0588
   15663      43.7247
   15664      44.5827
   15665      48.6557
   15666      45.4289
   15667      45.2399
   15668      42.3821
   15669      47.6450
   15670      50.7526
   15671      51.6084
   15672      51.6050
   15673      51.7195
   15674      44.9238
   15675      42.4824
   15676      42.5319
   15677      42.0399
   15678      44.7334
   15679      53.3595
   15680      48.3257
   15681      42.2545
   15682      42.7853
   15683      43.9112
   15684      40.3992
   15685      44.5937
   15686      46.9550
   15687      49.3606
   15688      46.9583
   15689      44.2175
   15690      46.5522
   15691      50.8456
   15692      53.2711
   15693      50.2114
   15694      46.2034
   15695      39.8352
   15696      38.5471
   15697      40.9777
   15698      43.5052
   15699      40.7169
   15700      43.0869
   15701      41.5167
   15702      40.5080
   15703      44.3405
   15704      47.7141
   15705      49.6182
   15706      49.8418
   15707      50.0056
   15708      47.8392
   15709      49.9518
   15710      48.9250
   15711      55.9647
   15712      58.8348
   15713      58.4698
   15714      54.9039
   15715      54.8095
   15716      52.7953
   15717      53.9327
   15718      57.8560
   15719      58.8911
   15720      57.6958
   15721      57.2759
   15722      55.1629
   15723      57.2580
   15724      52.6512
   15725      49.1215
   15726      50.2301
   15727      54.4230
   15728      59.2349
   15729      59.9821
   15730      55.9908
   15731      56.0009
   15732      50.6763
   15733      44.0666
   15734      37.4394
   15735      40.9146
   15736      46.7979
   15737      45.7107
   15738      40.3926
   15739      40.2888
   15740      41.2338
   15741      39.4439
   15742      44.1994
   15743      45.6747
   15744      48.0722
   15745      44.9765
   15746      43.6377
   15747      46.5030
   15748      48.1152
   15749      46.8509
   15750      46.1719
   15751      48.4403
   15752      49.2232
   15753      49.9946
   15754      51.4750
   15755      54.5018
   15756      45.1284
   15757      39.5710
   15758      38.3851
   15759      41.2325
   15760      43.5440
   15761      45.5462
   15762      40.0211
   15763      37.1714
   15764      35.0619
   15765      39.6815
   15766      39.0767
   15767      38.1821
   15768      39.5680
   15769      41.8012
   15770      37.7551
   15771      34.3019
   15772      38.4915
   15773      42.1828
   15774      40.7873
   15775      39.8485
   15776      46.7645
   15777      47.7249
   15778      46.3898
   15779      46.3263
   15780      45.1077
   15781      41.5976
   15782      38.6082
   15783      36.7642
   15784      35.9271
   15785      33.6456
   15786      36.6188
   15787      37.6519
   15788      41.3622
   15789      44.2812
   15790      49.7706
   15791      49.1818
   15792      46.9488
   15793      50.4073
   15794      51.4157
   15795      53.2837
   15796      54.7546
   15797      52.4989
   15798      50.3576
   15799      54.8843
   15800      56.3175
   15801      52.8383
   15802      49.3370
   15803      47.5208
   15804      43.9582
   15805      43.7948
   15806      42.2234
   15807      48.2107
   15808      53.4217
   15809      50.9416
   15810      48.8405
   15811      41.9004
   15812      41.4474
   15813      43.5259
   15814      48.4959
   15815      48.6954
   15816      50.6688
   15817      53.5716
   15818      46.8627
   15819      46.7489
   15820      44.3770
   15821      43.9675
   15822      41.4024
   15823      41.6801
   15824      39.0127
   15825      41.2052
   15826      49.8708
   15827      49.3535
   15828      53.4773
   15829      60.5520
   15830      53.5335
   15831      52.3170
   15832      51.5239
   15833      51.2838
   15834      50.5358
   15835      50.8513
   15836      50.4688
   15837      44.1043
   15838      44.2678
   15839      44.6091
   15840      52.4571
   15841      50.0036
   15842      51.3001
   15843      53.8964
   15844      56.5227
   15845      57.9129
   15846      57.9147
   15847      56.3639
   15848      59.0951
   15849      60.5927
   15850      58.3152
   15851      59.4184
   15852      57.6966
   15853      54.5686
   15854      55.1828
   15855      52.6782
   15856      54.1281
   15857      49.8821
   15858      54.2880
   15859      56.5341
   15860      55.9800
   15861      57.9066
   15862      55.9226
   15863      50.7000
   15864      52.0257
   15865      53.2830
   15866      57.8585
   15867      57.9511
   15868      57.1613
   15869      47.7043
   15870      46.0259
   15871      39.7487
   15872      36.4425
   15873      39.4770
   15874      41.4497
   15875      40.3450
   15876      39.5910
   15877      42.9522
   15878      44.5460
   15879      49.5573
   15880      54.0863
   15881      49.8282
   15882      49.1318
   15883      44.2049
   15884      38.8545
   15885      48.5743
   15886      49.5751
   15887      47.6689
   15888      46.9485
   15889      41.6519
   15890      48.4437
   15891      45.9436
   15892      46.0014
   15893      43.3596
   15894      44.0741
   15895      47.4644
   15896      41.4053
   15897      44.0583
   15898      45.9048
   15899      46.3482
   15900      46.9995
   15901      44.6974
   15902      48.3163
   15903      44.8486
   15904      41.6436
   15905      44.5725
   15906      46.4032
   15907      51.0267
   15908      46.7287
   15909      48.1826
   15910      50.8957
   15911      48.6032
   15912      52.9592
   15913      49.0200
   15914      46.8226
   15915      44.3028
   15916      44.3675
   15917      46.1867
   15918      48.6172
   15919      51.0966
   15920      48.8029
   15921      47.1710
   15922      43.7675
   15923      45.5999
   15924      47.0604
   15925      45.4429
   15926      42.4301
   15927      44.0356
   15928      49.2002
   15929      48.6465
   15930      49.7752
   15931      47.9444
   15932      47.9969
   15933      56.0374
   15934      54.1143
   15935      52.8138
   15936      51.2151
   15937      48.8790
   15938      49.8994
   15939      46.4399
   15940      44.1396
   15941      46.5546
   15942      44.5289
   15943      42.8974
   15944      45.4796
   15945      49.3674
   15946      53.2269
   15947      51.3679
   15948      50.9432
   15949      49.6873
   15950      50.5858
   15951      53.7809
   15952      55.7003
   15953      55.4471
   15954      54.3932
   15955      54.9557
   15956      48.1796
   15957      51.8006
   15958      48.7724
   15959      47.3537
   15960      50.1898
   15961      57.0730
   15962      58.5585
   15963      53.5778
   15964      55.3870
   15965      52.4338
   15966      55.9945
   15967      59.7353
   15968      57.9689
   15969      54.7714
   15970      55.9573
   15971      53.6701
   15972      44.9203
   15973      47.0936
   15974      45.0887
   15975      50.3621
   15976      50.0377
   15977      50.7291
   15978      50.2361
   15979      45.5366
   15980      39.6653
   15981      42.6054
   15982      50.8068
   15983      50.8857
   15984      54.1627
   15985      52.9598
   15986      53.9551
   15987      51.1022
   15988      52.2387
   15989      62.0973
   15990      64.8489
   15991      64.0368
   15992      62.4499
   15993      62.7545
   15994      62.4642
   15995      59.6266
   15996      55.0862
   15997      52.2747
   15998      53.2921
   15999      53.1083
   16000      50.8542
   16001      53.0409
   16002      50.1744
   16003      56.5093
   16004      50.8082
   16005      49.2748
   16006      54.6737
   16007      53.8945
   16008      52.1231
   16009      52.2763
   16010      47.0192
   16011      42.8977
   16012      44.8854
   16013      51.5103
   16014      54.4204
   16015      53.6547
   16016      51.9700
   16017      49.6183
   16018      49.7673
   16019      53.6766
   16020      55.0837
   16021      55.0485
   16022      51.7755
   16023      55.9266
   16024      52.0433
   16025      44.6314
   16026      44.3663
   16027      44.6589
   16028      42.7771
   16029      38.2347
   16030      38.4108
   16031      40.2884
   16032      44.3646
   16033      42.6486
   16034      40.3163
   16035      42.3215
   16036      43.7726
   16037      45.7991
   16038      45.2114
   16039      44.0278
   16040      45.6565
   16041      41.9492
   16042      43.4750
   16043      42.5257
   16044      41.7149
   16045      39.3751
   16046      34.7274
   16047      32.0460
   16048      33.0553
   16049      32.8187
   16050      31.8219
   16051      34.4353
   16052      36.5854
   16053      37.9502
   16054      39.8171
   16055      46.3123
   16056      42.5317
   16057      41.4820
   16058      40.6426
   16059      43.7875
   16060      40.8815
   16061      40.5076
   16062      43.2030
   16063      41.1037
   16064      45.6489
   16065      38.6995
   16066      38.9884
   16067      49.5773
   16068      47.2989
   16069      46.3867
   16070      47.7167
   16071      46.9645
   16072      51.2850
   16073      48.0342
   16074      46.9366
   16075      51.4804
   16076      49.9358
   16077      44.3871
   16078      42.8975
   16079      42.6704
   16080      36.8241
   16081      38.2407
   16082      41.5853
   16083      45.7341
   16084      51.0326
   16085      49.8832
   16086      50.8972
   16087      53.2409
   16088      53.2578
   16089      45.5824
   16090      44.5838
   16091      49.8170
   16092      47.5653
   16093      53.0243
   16094      48.7313
   16095      50.0537
   16096      49.2955
   16097      49.6564
   16098      50.9481
   16099      52.7997
   16100      58.3098
   16101      53.1061
   16102      52.1134
   16103      50.1324
   16104      46.4616
   16105      44.8595
   16106      46.7393
   16107      44.5915
   16108      48.6581
   16109      48.0236
   16110      50.8288
   16111      52.2995
   16112      54.6063
   16113      49.8857
   16114      50.8323
   16115      49.8477
   16116      50.1750
   16117      49.1427
   16118      46.7582
   16119      49.0580
   16120      49.0551
   16121      46.8758
   16122      41.5987
   16123      38.3617
   16124      44.6845
   16125      38.7399
   16126      42.1642
   16127      42.8774
   16128      40.0196
   16129      43.6841
   16130      43.7980
   16131      47.3361
   16132      52.3181
   16133      55.2567
   16134      54.0199
   16135      52.0213
   16136      49.1396
   16137      48.7422
   16138      48.5966
   16139      48.7438
   16140      47.7236
   16141      46.6512
   16142      49.2525
   16143      45.5848
   16144      45.7259
   16145      49.6439
   16146      47.9597
   16147      50.2542
   16148      47.2612
   16149      52.4465
   16150      49.6980
   16151      48.1487
   16152      47.2453
   16153      46.2055
   16154      46.2925
   16155      43.2344
   16156      46.6057
   16157      48.5742
   16158      45.9404
   16159      51.8380
   16160      48.8327
   16161      55.8204
   16162      53.6621
   16163      56.4714
   16164      57.5909
   16165      56.9532
   16166      51.7610
   16167      57.2616
   16168      56.2969
   16169      59.4243
   16170      59.7927
   16171      59.0637
   16172      60.3574
   16173      60.2664
   16174      55.0945
   16175      54.6773
   16176      55.9545
   16177      56.9975
   16178      56.4419
   16179      51.6523
   16180      54.9243
   16181      56.1450
   16182      57.4406
   16183      57.7154
   16184      54.6788
   16185      52.6822
   16186      56.8157
   16187      54.5707
   16188      55.9045
   16189      54.0255
   16190      51.8575
   16191      50.1768
   16192      48.3870
   16193      49.6386
   16194      50.1428
   16195      54.3836
   16196      56.4707
   16197      60.2409
   16198      60.7363
   16199      54.5459
   16200      51.1468
   16201      51.3324
   16202      53.8393
   16203      51.0908
   16204      52.8527
   16205      49.8271
   16206      51.2390
   16207      48.4882
   16208      52.3577
   16209      55.0458
   16210      50.6773
   16211      51.6502
   16212      53.0367
   16213      51.9930
   16214      47.2157
   16215      49.3196
   16216      49.8432
   16217      57.6725
   16218      56.7787
   16219      55.5657
   16220      49.3521
   16221      48.9324
   16222      59.0571
   16223      56.0433
   16224      54.3980
   16225      53.3446
   16226      53.9004
   16227      52.2469
   16228      53.0577
   16229      53.6994
   16230      52.5142
   16231      53.5985
   16232      61.2798
   16233      62.9076
   16234      63.8210
   16235      58.3887
   16236      56.7427
   16237      62.2174
   16238      60.9729
   16239      60.4842
   16240      53.8356
   16241      55.4439
   16242      55.1665
   16243      55.7617
   16244      55.5100
   16245      53.2041
   16246      49.9326
   16247      46.0991
   16248      48.3461
   16249      51.9289
   16250      56.9483
   16251      55.4489
   16252      51.7045
   16253      52.2501
   16254      52.4089
   16255      53.1521
   16256      53.6199
   16257      53.0174
   16258      56.0001
   16259      56.6306
   16260      61.1187
   16261      61.3657
   16262      57.6684
   16263      57.5373
   16264      57.1768
   16265      57.2735
   16266      54.1776
   16267      52.3397
   16268      54.6831
   16269      54.8576
   16270      53.8228
   16271      58.5029
   16272      56.8906
   16273      54.9562
   16274      53.0910
   16275      53.9710
   16276      47.0423
   16277      50.8826
   16278      50.7897
   16279      51.2064
   16280      52.0982
   16281      51.1943
   16282      50.2395
   16283      51.3928
   16284      53.2092
   16285      51.9529
   16286      50.9641
   16287      55.0627
   16288      58.7577
   16289      57.9454
   16290      52.6785
   16291      57.5112
   16292      59.5528
   16293      62.5791
   16294      60.3947
   16295      54.3932
   16296      56.2579
   16297      53.3878
   16298      52.6304
   16299      50.7675
   16300      44.2375
   16301      47.9591
   16302      46.2901
   16303      42.9115
   16304      52.3090
   16305      51.7699
   16306      54.9671
   16307      55.3345
   16308      59.9189
   16309      60.6185
   16310      64.0157
   16311      65.1296
   16312      61.9155
   16313      62.0354
   16314      62.4526
   16315      55.1430
   16316      53.6237
   16317      56.0697
   16318      56.3752
   16319      53.5593
   16320      52.4394
   16321      56.7468
   16322      58.2221
   16323      59.8440
   16324      58.3429
   16325      57.9110
   16326      52.6632
   16327      47.5056
   16328      48.8051
   16329      52.1681
   16330      53.8054
   16331      55.6461
   16332      54.2052
   16333      55.6509
   16334      53.9580
   16335      50.0907
   16336      52.1469
   16337      55.1158
   16338      55.4030
   16339      54.0215
   16340      55.0897
   16341      56.4785
   16342      51.8141
   16343      54.0582
   16344      58.2413
   16345      56.3014
   16346      49.3379
   16347      49.8835
   16348      54.2814
   16349      53.0677
   16350      51.1562
   16351      48.8327
   16352      52.9790
   16353      50.4710
   16354      49.1375
   16355      50.1462
   16356      48.5807
   16357      50.5982
   16358      53.0828
   16359      52.7810
   16360      49.0836
   16361      46.1158
   16362      51.1172
   16363      50.3720
   16364      46.0770
   16365      45.2847
   16366      44.4979
   16367      43.9772
   16368      48.8241
   16369      48.8372
   16370      46.7090
   16371      49.4621
   16372      48.0116
   16373      51.9162
   16374      49.4904
   16375      52.8385
   16376      56.2611
   16377      54.4937
   16378      52.4793
   16379      52.1486
   16380      55.8658
   16381      54.3573
   16382      57.6094
   16383      62.0670
   16384      52.8983
   16385      53.1530
   16386      52.3951
   16387      48.4309
   16388      46.2164
   16389      44.3416
   16390      43.6379
   16391      49.6195
   16392      45.8694
   16393      47.4224
   16394      47.1473
   16395      44.9840
   16396      41.8674
   16397      41.2160
   16398      37.4324
   16399      43.8844
   16400      41.2826
   16401      39.5318
   16402      37.0968
   16403      36.9065
   16404      37.7926
   16405      36.6776
   16406      40.5897
   16407      41.2728
   16408      34.8751
   16409      33.3859
   16410      38.1526
   16411      36.1032
   16412      37.5356
   16413      34.0851
   16414      37.7657
   16415      34.9749
   16416      37.9129
   16417      35.7552
   16418      37.9209
   16419      37.8994
   16420      34.8874
   16421      36.0571
   16422      36.4468
   16423      44.2234
   16424      47.7269
   16425      44.4856
   16426      49.1060
   16427      48.6285
   16428      46.8190
   16429      47.3872
   16430      47.6257
   16431      48.5905
   16432      49.8353
   16433      50.1103
   16434      49.4458
   16435      53.5769
   16436      55.4070
   16437      53.1412
   16438      45.0633
   16439      47.1647
   16440      45.1745
   16441      45.5920
   16442      45.4419
   16443      48.2652
   16444      45.3502
   16445      44.3970
   16446      43.9055
   16447      50.0694
   16448      50.5221
   16449      46.8753
   16450      49.9370
   16451      45.3872
   16452      48.3599
   16453      43.9519
   16454      45.5651
   16455      49.5561
   16456      49.5369
   16457      46.4653
   16458      45.6163
   16459      47.3887
   16460      46.9568
   16461      45.2302
   16462      50.1564
   16463      56.1256
   16464      57.4484
   16465      49.3626
   16466      51.6610
   16467      51.3851
   16468      51.8696
   16469      55.2327
   16470      49.4466
   16471      45.8460
   16472      47.0082
   16473      48.3241
   16474      51.7250
   16475      54.3804
   16476      51.5230
   16477      46.0175
   16478      48.7307
   16479      55.5863
   16480      52.1387
   16481      50.3773
   16482      44.4735
   16483      49.1293
   16484      50.9125
   16485      51.1800
   16486      53.9733
   16487      52.5146
   16488      46.8877
   16489      46.8158
   16490      46.8824
   16491      44.5137
   16492      43.6229
   16493      52.7316
   16494      50.2413
   16495      45.0548
   16496      47.6242
   16497      52.6779
   16498      56.1510
   16499      52.5401
   16500      48.4138
   16501      47.1594
   16502      55.1814
   16503      56.6439
   16504      52.4155
   16505      53.2966
   16506      54.2354
   16507      50.6903
   16508      47.2180
   16509      45.8849
   16510      46.8073
   16511      54.7985
   16512      48.7029
   16513      49.5146
   16514      49.4509
   16515      54.2853
   16516      49.8542
   16517      47.5015
   16518      44.8988
   16519      45.3052
   16520      46.7569
   16521      44.1348
   16522      50.8242
   16523      52.4003
   16524      54.6170
   16525      52.8049
   16526      50.5100
   16527      47.8411
   16528      48.6723
   16529      55.6851
   16530      59.3170
   16531      52.0190
   16532      48.8723
   16533      54.5759
   16534      51.8846
   16535      49.2761
   16536      49.6515
   16537      49.7154
   16538      45.4851
   16539      51.0491
   16540      46.4362
   16541      50.5763
   16542      48.6709
   16543      47.0672
   16544      49.7852
   16545      52.0053
   16546      54.2903
   16547      58.8409
   16548      55.8811
   16549      55.0992
   16550      55.5079
   16551      51.4371
   16552      55.7567
   16553      56.6583
   16554      56.4651
   16555      56.1782
   16556      58.3494
   16557      57.2249
   16558      56.7833
   16559      51.3845
   16560      50.7527
   16561      48.9496
   16562      46.6895
   16563      47.2497
   16564      47.7299
   16565      54.0039
   16566      52.1337
   16567      50.1013
   16568      56.3904
   16569      55.7925
   16570      52.9968
   16571      56.2055
   16572      54.8248
   16573      52.0277
   16574      47.4295
   16575      54.1269
   16576      56.7436
   16577      55.8362
   16578      51.7280
   16579      52.0298
   16580      52.7069
   16581      49.2576
   16582      51.8066
   16583      57.9901
   16584      60.0262
   16585      59.7440
   16586      53.4625
   16587      57.8926
   16588      55.8209
   16589      53.9091
   16590      53.8603
   16591      52.6393
   16592      50.6169
   16593      46.6596
   16594      51.3820
   16595      52.3876
   16596      53.0202
   16597      51.6912
   16598      51.7260
   16599      51.2133
   16600      52.7707
   16601      47.3616
   16602      48.6506
   16603      44.8615
   16604      48.3224
   16605      51.7864
   16606      51.1760
   16607      56.5015
   16608      55.3647
   16609      53.4640
   16610      52.1773
   16611      50.8435
   16612      54.8086
   16613      57.6487
   16614      57.3655
   16615      55.6917
   16616      57.5466
   16617      54.2280
   16618      53.5979
   16619      54.9481
   16620      54.3029
   16621      54.2361
   16622      52.7358
   16623      59.2633
   16624      56.7176
   16625      51.8153
   16626      53.8610
   16627      58.5617
   16628      57.9857
   16629      53.9585
   16630      52.3302
   16631      52.3411
   16632      52.1683
   16633      51.0977
   16634      51.6059
   16635      51.4020
   16636      49.7424
   16637      44.5906
   16638      46.7987
   16639      49.2761
   16640      53.9503
   16641      62.6566
   16642      57.5550
   16643      54.2068
   16644      51.8908
   16645      59.8010
   16646      57.7369
   16647      56.7379
   16648      57.3126
   16649      59.2954
   16650      56.2210
   16651      50.1846
   16652      48.8283
   16653      48.0732
   16654      47.0630
   16655      52.0366
   16656      56.3538
   16657      57.5932
   16658      54.7707
   16659      55.5814
   16660      47.7319
   16661      49.3713
   16662      51.6225
   16663      52.7758
   16664      56.7625
   16665      57.5135
   16666      57.0354
   16667      62.4047
   16668      61.1682
   16669      61.1314
   16670      61.6144
   16671      57.2048
   16672      54.1463
   16673      53.5746
   16674      52.7372
   16675      53.3266
   16676      52.9749
   16677      51.1439
   16678      47.9491
   16679      46.4308
   16680      50.0328
   16681      53.4434
   16682      51.3905
   16683      50.0232
   16684      47.7538
   16685      50.0436
   16686      47.1410
   16687      51.4073
   16688      52.8574
   16689      54.0838
   16690      49.3648
   16691      51.4186
   16692      52.5942
   16693      51.6364
   16694      50.6757
   16695      54.2977
   16696      49.5972
   16697      43.7860
   16698      45.5541
   16699      47.2610
   16700      47.0359
   16701      45.1302
   16702      43.6335
   16703      43.0489
   16704      47.2232
   16705      45.5827
   16706      47.4005
   16707      50.5893
   16708      50.6183
   16709      57.2763
   16710      55.4350
   16711      53.6053
   16712      54.2496
   16713      51.9667
   16714      50.1823
   16715      48.9723
   16716      48.1428
   16717      53.8375
   16718      58.0406
   16719      54.3940
   16720      58.3416
   16721      60.9594
   16722      64.1356
   16723      63.2797
   16724      65.0829
   16725      67.2093
   16726      63.9150
   16727      67.2745
   16728      69.2443
   16729      70.3675
   16730      74.6784
   16731      79.2053
   16732      77.6862
   16733      75.5882
   16734      68.6264
   16735      65.9402
   16736      63.4686
   16737      60.9456
   16738      53.5651
   16739      51.5560
   16740      53.6520
   16741      54.5603
   16742      57.9603
   16743      57.2758
   16744      56.9090
   16745      60.6892
   16746      65.1136
   16747      64.6108
   16748      61.7774
   16749      58.3550
   16750      59.4420
   16751      57.4327
   16752      55.1463
   16753      56.5322
   16754      53.1099
   16755      49.7217
   16756      55.1419
   16757      54.5047
   16758      47.6565
   16759      50.8878
   16760      48.7845
   16761      52.6408
   16762      49.6810
   16763      51.4929
   16764      52.9114
   16765      54.7411
   16766      57.0681
   16767      58.9923
   16768      54.1744
   16769      55.8727
   16770      58.4823
   16771      52.5096
   16772      51.8041
   16773      54.3305
   16774      53.3423
   16775      51.7128
   16776      47.7738
   16777      50.0271
   16778      53.5147
   16779      50.6859
   16780      52.1993
   16781      52.0798
   16782      49.8922
   16783      48.5632
   16784      43.4766
   16785      47.7726
   16786      45.5325
   16787      46.4912
   16788      51.9946
   16789      47.3138
   16790      47.5797
   16791      47.1028
   16792      48.9667
   16793      50.2199
   16794      51.3660
   16795      46.2010
   16796      49.5686
   16797      47.2947
   16798      48.4301
   16799      46.3953
   16800      52.3946
   16801      53.6661
   16802      55.7102
   16803      50.6033
   16804      54.3056
   16805      54.8699
   16806      49.9029
   16807      48.4764
   16808      47.1581
   16809      50.4682
   16810      45.3381
   16811      47.7075
   16812      56.2106
   16813      53.0567
   16814      54.5812
   16815      51.9942
   16816      54.6205
   16817      49.2492
   16818      53.8525
   16819      53.5961
   16820      50.4033
   16821      49.2630
   16822      48.4313
   16823      50.5507
   16824      52.4610
   16825      48.0351
   16826      49.1913
   16827      49.7035
   16828      50.2372
   16829      52.0761
   16830      51.3102
   16831      53.9478
   16832      58.3109
   16833      57.5142
   16834      56.8452
   16835      57.0239
   16836      54.0787
   16837      53.2765
   16838      49.9355
   16839      51.3582
   16840      55.9495
   16841      62.4279
   16842      59.7058
   16843      60.4172
   16844      61.0461
   16845      55.8106
   16846      53.6419
   16847      53.6587
   16848      55.7207
   16849      54.6743
   16850      56.2505
   16851      57.5084
   16852      60.5351
   16853      55.8379
   16854      49.9416
   16855      50.4610
   16856      47.9411
   16857      49.9064
   16858      54.0094
   16859      52.1371
   16860      49.9541
   16861      45.5043
   16862      49.3940
   16863      51.0339
   16864      50.0798
   16865      56.8872
   16866      55.9504
   16867      55.5497
   16868      50.8746
   16869      49.5297
   16870      48.9677
   16871      44.7037
   16872      46.5995
   16873      47.4184
   16874      49.7490
   16875      46.0246
   16876      40.4370
   16877      42.0307
   16878      44.0775
   16879      41.4947
   16880      42.9370
   16881      40.1844
   16882      40.7278
   16883      43.9414
   16884      46.1238
   16885      36.4408
   16886      39.9708
   16887      40.7539
   16888      40.9837
   16889      43.9679
   16890      43.4027
   16891      45.6878
   16892      44.7815
   16893      46.4944
   16894      43.3624
   16895      38.1420
   16896      44.4220
   16897      45.5672
   16898      38.9718
   16899      40.5602
   16900      39.4752
   16901      44.0468
   16902      43.9196
   16903      43.4509
   16904      40.3457
   16905      41.5228
   16906      46.6023
   16907      43.8436
   16908      50.0303
   16909      54.2691
   16910      49.4652
   16911      50.7656
   16912      50.3145
   16913      49.9461
   16914      46.9253
   16915      47.4208
   16916      43.6394
   16917      39.0153
   16918      42.6278
   16919      39.9539
   16920      41.3930
   16921      45.0250
   16922      45.8268
   16923      44.0849
   16924      49.5820
   16925      51.4038
   16926      53.5251
   16927      54.2303
   16928      45.9374
   16929      46.3769
   16930      42.9860
   16931      45.1112
   16932      47.4238
   16933      51.9465
   16934      52.2540
   16935      51.8223
   16936      54.0936
   16937      52.0826
   16938      50.0479
   16939      51.0865
   16940      51.9263
   16941      50.8281
   16942      50.1883
   16943      52.1779
   16944      59.2534
   16945      60.6311
   16946      54.8800
   16947      52.3503
   16948      53.7346
   16949      52.1984
   16950      56.6429
   16951      53.7661
   16952      56.6783
   16953      55.6190
   16954      54.9727
   16955      52.7370
   16956      52.8161
   16957      50.4429
   16958      50.8974
   16959      43.0202
   16960      48.0010
   16961      48.0861
   16962      44.8273
   16963      44.4046
   16964      44.0756
   16965      49.4034
   16966      51.7227
   16967      55.6916
   16968      55.6891
   16969      56.1520
   16970      57.0384
   16971      55.4022
   16972      55.1644
   16973      51.8555
   16974      49.5881
   16975      52.0105
   16976      48.9985
   16977      46.4544
   16978      55.7391
   16979      53.5114
   16980      56.0167
   16981      54.9538
   16982      53.5833
   16983      54.5624
   16984      54.9013
   16985      53.1960
   16986      54.4282
   16987      52.8559
   16988      56.0365
   16989      54.4269
   16990      52.5298
   16991      57.1979
   16992      49.4951
   16993      50.3111
   16994      45.9270
   16995      45.4136
   16996      51.7416
   16997      50.1508
   16998      51.1670
   16999      46.1432
   17000      45.8631
   17001      45.8847
   17002      47.0173
   17003      52.9606
   17004      54.6044
   17005      48.6383
   17006      50.1829
   17007      48.9924
   17008      46.6800
   17009      46.4068
   17010      46.7425
   17011      47.2492
   17012      45.9620
   17013      51.6419
   17014      57.0906
   17015      54.1550
   17016      49.1123
   17017      55.2915
   17018      51.8607
   17019      54.6572
   17020      52.0239
   17021      48.4846
   17022      55.6320
   17023      59.1596
   17024      57.9674
   17025      59.9112
   17026      59.2352
   17027      59.6042
   17028      58.8938
   17029      57.2887
   17030      56.6856
   17031      53.0813
   17032      54.8428
   17033      57.6848
   17034      56.2458
   17035      52.9841
   17036      52.7028
   17037      56.3272
   17038      57.9942
   17039      53.4350
   17040      53.4217
   17041      56.5278
   17042      57.3016
   17043      50.8230
   17044      49.6121
   17045      52.7314
   17046      51.5185
   17047      51.9790
   17048      52.4580
   17049      53.7287
   17050      48.4056
   17051      47.2437
   17052      43.6429
   17053      50.3294
   17054      49.6198
   17055      48.2411
   17056      49.7728
   17057      51.5234
   17058      46.1403
   17059      49.5991
   17060      48.3189
   17061      51.2640
   17062      51.0425
   17063      49.5159
   17064      50.4756
   17065      48.8388
   17066      51.2324
   17067      46.8607
   17068      48.7361
   17069      49.2855
   17070      52.5217
   17071      51.3617
   17072      52.3518
   17073      57.5233
   17074      57.8385
   17075      52.2272
   17076      51.4269
   17077      54.0168
   17078      54.1082
   17079      55.0630
   17080      53.1791
   17081      54.5213
   17082      58.6953
   17083      58.5521
   17084      54.8797
   17085      49.5240
   17086      49.7600
   17087      50.2644
   17088      51.2062
   17089      53.6261
   17090      53.8084
   17091      50.2524
   17092      49.5689
   17093      55.0258
   17094      52.3003
   17095      50.3747
   17096      51.3770
   17097      55.3508
   17098      51.7941
   17099      55.1949
   17100      54.2930
   17101      52.9970
   17102      54.5603
   17103      51.9679
   17104      51.5281
   17105      56.6863
   17106      54.5983
   17107      47.7174
   17108      50.6401
   17109      55.9918
   17110      55.7325
   17111      54.8836
   17112      49.8677
   17113      50.3839
   17114      50.8333
   17115      54.9017
   17116      55.6157
   17117      50.2673
   17118      44.1134
   17119      47.1644
   17120      50.0951
   17121      51.9717
   17122      47.6950
   17123      52.1600
   17124      55.1205
   17125      47.7960
   17126      51.1141
   17127      50.5208
   17128      52.6425
   17129      57.7029
   17130      61.6816
   17131      59.8170
   17132      55.4466
   17133      50.1927
   17134      52.7785
   17135      47.9540
   17136      51.1152
   17137      48.5324
   17138      44.9392
   17139      45.9483
   17140      48.2882
   17141      45.9081
   17142      50.4937
   17143      45.3173
   17144      50.1848
   17145      53.5427
   17146      49.3971
   17147      50.1788
   17148      49.1771
   17149      51.7510
   17150      45.0635
   17151      47.8287
   17152      47.3157
   17153      50.6140
   17154      51.1575
   17155      49.1958
   17156      49.7328
   17157      54.7741
   17158      55.1266
   17159      54.6346
   17160      47.8941
   17161      42.4463
   17162      51.2819
   17163      52.5555
   17164      52.4068
   17165      47.7696
   17166      44.7842
   17167      43.6656
   17168      47.5356
   17169      47.6866
   17170      51.4371
   17171      52.8601
   17172      52.6502
   17173      52.1868
   17174      57.7785
   17175      58.2667
   17176      59.0169
   17177      57.0093
   17178      52.8068
   17179      56.9359
   17180      55.4488
   17181      51.2396
   17182      55.1486
   17183      55.3075
   17184      56.2059
   17185      52.4428
   17186      52.3650
   17187      51.7137
   17188      54.7779
   17189      57.6706
   17190      62.0366
   17191      58.9247
   17192      58.6518
   17193      53.1056
   17194      54.0157
   17195      48.9688
   17196      51.9768
   17197      50.8864
   17198      48.2439
   17199      44.6851
   17200      40.6314
   17201      47.2348
   17202      52.5914
   17203      55.1109
   17204      51.9048
   17205      57.2185
   17206      50.9080
   17207      53.5498
   17208      49.5013
   17209      47.8733
   17210      49.3976
   17211      48.5014
   17212      51.8190
   17213      51.7975
   17214      48.9816
   17215      50.9074
   17216      51.7556
   17217      45.3588
   17218      48.7434
   17219      46.8798
   17220      47.3778
   17221      52.6337
   17222      50.3334
   17223      55.1898
   17224      57.1838
   17225      54.7640
   17226      53.4232
   17227      55.1904
   17228      59.6355
   17229      59.4494
   17230      61.0646
   17231      61.3374
   17232      59.6963
   17233      57.8071
   17234      53.7593
   17235      49.1941
   17236      51.6045
   17237      49.6985
   17238      48.1118
   17239      40.6579
   17240      43.0111
   17241      44.8751
   17242      41.7279
   17243      46.1366
   17244      50.0426
   17245      49.5431
   17246      47.3706
   17247      49.9258
   17248      47.5743
   17249      46.2192
   17250      50.8361
   17251      49.9332
   17252      52.8697
   17253      51.9395
   17254      46.6546
   17255      41.3330
   17256      46.8114
   17257      46.3383
   17258      47.7173
   17259      45.9528
   17260      46.5589
   17261      44.1922
   17262      46.1829
   17263      44.1629
   17264      42.6684
   17265      45.2828
   17266      44.3572
   17267      43.8453
   17268      46.9245
   17269      50.1792
   17270      49.3139
   17271      49.6373
   17272      48.2781
   17273      46.5971
   17274      39.4049
   17275      41.3705
   17276      43.8474
   17277      41.5645
   17278      46.1620
   17279      47.7330
   17280      48.3006
   17281      45.9001
   17282      45.5135
   17283      47.1288
   17284      41.0942
   17285      45.6781
   17286      45.9094
   17287      48.0723
   17288      50.4161
   17289      50.8057
   17290      46.8352
   17291      44.4519
   17292      42.1474
   17293      38.8278
   17294      42.1024
   17295      45.8662
   17296      39.9431
   17297      49.1618
   17298      49.0579
   17299      46.2832
   17300      43.3407
   17301      42.3788
   17302      43.9997
   17303      46.4413
   17304      49.3554
   17305      45.5576
   17306      43.1565
   17307      45.9457
   17308      47.1102
   17309      48.4046
   17310      49.7953
   17311      49.2261
   17312      44.0411
   17313      49.1303
   17314      51.9418
   17315      53.3196
   17316      52.8567
   17317      55.1076
   17318      50.4996
   17319      50.8741
   17320      51.5817
   17321      52.9884
   17322      52.9825
   17323      51.9502
   17324      46.1556
   17325      42.7272
   17326      48.2257
   17327      47.6944
   17328      50.2890
   17329      44.9179
   17330      46.2856
   17331      47.1944
   17332      46.0308
   17333      49.0600
   17334      47.7080
   17335      50.4426
   17336      50.1995
   17337      52.4123
   17338      51.2764
   17339      47.8713
   17340      50.5415
   17341      52.7840
   17342      51.6483
   17343      50.9801
   17344      50.9148
   17345      53.0472
   17346      54.9151
   17347      56.1207
   17348      58.4390
   17349      57.6383
   17350      55.1642
   17351      52.7804
   17352      53.4921
   17353      49.4621
   17354      49.3764
   17355      46.4940
   17356      48.6714
   17357      42.1078
   17358      39.1761
   17359      44.3562
   17360      41.2096
   17361      43.1699
   17362      45.1293
   17363      44.7160
   17364      44.6780
   17365      42.0364
   17366      41.8819
   17367      41.1098
   17368      48.0070
   17369      49.2737
   17370      49.1366
   17371      43.9658
   17372      47.1172
   17373      50.1890
   17374      49.4709
   17375      48.0971
   17376      48.3787
   17377      47.1710
   17378      52.3992
   17379      45.8021
   17380      48.5435
   17381      50.3221
   17382      48.9837
   17383      46.2175
   17384      46.3972
   17385      44.6454
   17386      43.4274
   17387      43.6318
   17388      49.8755
   17389      49.0132
   17390      44.5636
   17391      42.7460
   17392      39.2129
   17393      41.3172
   17394      38.0013
   17395      44.3408
   17396      45.2365
   17397      50.3987
   17398      47.3194
   17399      47.7610
   17400      47.6875
   17401      50.0776
   17402      46.0060
   17403      47.3331
   17404      49.7424
   17405      50.7486
   17406      50.7908
   17407      49.2056
   17408      47.2087
   17409      45.8069
   17410      42.9648
   17411      47.5592
   17412      44.8680
   17413      51.0065
   17414      45.1866
   17415      48.2664
   17416      51.1303
   17417      50.9941
   17418      53.5152
   17419      55.5649
   17420      55.0673
   17421      57.4235
   17422      57.6604
   17423      62.5113
   17424      57.5908
   17425      50.8939
   17426      50.5352
   17427      53.6196
   17428      56.7834
   17429      56.9893
   17430      52.9753
   17431      53.2540
   17432      54.2913
   17433      55.1462
   17434      58.5204
   17435      57.7207
   17436      59.9963
   17437      58.3008
   17438      57.1196
   17439      56.2467
   17440      59.3107
   17441      60.6721
   17442      58.0043
   17443      60.3570
   17444      62.8539
   17445      56.6729
   17446      53.5972
   17447      53.1779
   17448      53.7006
   17449      52.4204
   17450      50.4721
   17451      59.4243
   17452      58.7923
   17453      55.1368
   17454      48.1814
   17455      56.2437
   17456      55.6092
   17457      57.1625
   17458      54.0536
   17459      51.4432
   17460      49.2914
   17461      50.9830
   17462      54.3979
   17463      57.2713
   17464      62.1182
   17465      61.8600
   17466      60.0037
   17467      54.5726
   17468      55.6674
   17469      51.3200
   17470      46.2153
   17471      46.7153
   17472      44.8709
   17473      48.6765
   17474      40.9211
   17475      40.8339
   17476      42.2000
   17477      37.6019
   17478      41.3623
   17479      37.5700
   17480      35.5547
   17481      41.4012
   17482      51.0305
   17483      48.9561
   17484      53.1067
   17485      54.6025
   17486      48.7129
   17487      51.9441
   17488      52.3177
   17489      58.6184
   17490      55.5217
   17491      50.6531
   17492      42.1765
   17493      42.1322
   17494      38.7945
   17495      36.5157
   17496      35.7639
   17497      42.1424
   17498      42.3005
   17499      42.2615
   17500      43.4121
   17501      42.9802
   17502      52.1620
   17503      54.1643
   17504      53.3623
   17505      51.9566
   17506      53.8518
   17507      55.4665
   17508      53.5951
   17509      52.7126
   17510      50.0298
   17511      44.8543
   17512      46.7419
   17513      48.3018
   17514      48.3361
   17515      48.7542
   17516      47.4410
   17517      47.6762
   17518      48.4602
   17519      51.5889
   17520      47.5214
   17521      51.9298
   17522      51.8218
   17523      53.6750
   17524      51.3819
   17525      46.8365
   17526      48.1702
   17527      48.5498
   17528      47.8493
   17529      47.9427
   17530      50.7890
   17531      47.2341
   17532      55.2080
   17533      51.5423
   17534      56.4363
   17535      55.9963
   17536      57.6162
   17537      62.9593
   17538      54.2475
   17539      52.8773
   17540      49.4588
   17541      47.7052
   17542      46.3006
   17543      46.9185
   17544      47.7165
   17545      49.7292
   17546      43.4610
   17547      46.2621
   17548      49.8210
   17549      41.4586
   17550      44.0723
   17551      44.8700
   17552      43.4681
   17553      48.3417
   17554      49.8591
   17555      51.2204
   17556      53.8659
   17557      55.8535
   17558      55.3963
   17559      53.4725
   17560      51.9414
   17561      51.1291
   17562      52.6515
   17563      47.7467
   17564      50.6906
   17565      49.3707
   17566      51.2618
   17567      49.2078
   17568      48.4531
   17569      52.4333
   17570      53.9992
   17571      49.7273
   17572      49.1151
   17573      41.6350
   17574      41.6601
   17575      42.9624
   17576      39.7367
   17577      44.4682
   17578      47.4892
   17579      49.7795
   17580      50.2662
   17581      53.1534
   17582      54.9095
   17583      57.0903
   17584      52.0659
   17585      53.2617
   17586      57.2312
   17587      55.8098
   17588      52.1581
   17589      46.8153
   17590      53.9296
   17591      53.2535
   17592      50.9248
   17593      50.8798
   17594      52.9577
   17595      50.2755
   17596      51.9300
   17597      57.2917
   17598      58.8705
   17599      57.4403
   17600      60.8598
   17601      56.1978
   17602      56.4590
   17603      59.4338
   17604      62.6835
   17605      66.4326
   17606      64.8216
   17607      64.6213
   17608      67.2177
   17609      70.3249
   17610      64.1683
   17611      62.1960
   17612      62.6337
   17613      59.9133
   17614      61.9994
   17615      58.7215
   17616      54.9335
   17617      54.0731
   17618      52.1909
   17619      54.2095
   17620      57.5657
   17621      53.7748
   17622      54.5243
   17623      56.4511
   17624      53.1528
   17625      50.8388
   17626      48.2308
   17627      49.5005
   17628      48.5258
   17629      49.2105
   17630      52.5354
   17631      53.7025
   17632      50.4088
   17633      49.3691
   17634      51.3502
   17635      48.8143
   17636      48.6662
   17637      48.4848
   17638      47.8233
   17639      48.0497
   17640      47.1019
   17641      50.0300
   17642      52.1877
   17643      60.3693
   17644      51.0365
   17645      50.4876
   17646      51.9650
   17647      55.6059
   17648      50.2930
   17649      52.4725
   17650      52.5434
   17651      52.6688
   17652      48.5194
   17653      47.6544
   17654      54.0834
   17655      55.0529
   17656      52.6205
   17657      50.6383
   17658      49.3314
   17659      48.0908
   17660      46.4673
   17661      47.4888
   17662      49.8823
   17663      50.9936
   17664      52.2467
   17665      52.2329
   17666      52.6482
   17667      53.5141
   17668      46.5570
   17669      47.9591
   17670      53.1993
   17671      54.2477
   17672      52.6812
   17673      51.3193
   17674      48.5411
   17675      43.0240
   17676      47.8034
   17677      49.1976
   17678      51.0591
   17679      48.1705
   17680      48.6499
   17681      49.4925
   17682      52.5951
   17683      49.0724
   17684      45.6986
   17685      42.1758
   17686      45.8193
   17687      48.7568
   17688      44.9181
   17689      43.5245
   17690      42.3972
   17691      43.8043
   17692      50.6453
   17693      48.1989
   17694      40.9852
   17695      44.2632
   17696      41.2734
   17697      46.1413
   17698      38.7419
   17699      39.8510
   17700      46.3731
   17701      49.7985
   17702      44.3244
   17703      45.5418
   17704      48.7673
   17705      49.7054
   17706      49.5483
   17707      53.1500
   17708      49.3938
   17709      49.1810
   17710      51.0262
   17711      53.8776
   17712      50.3073
   17713      50.7185
   17714      50.5469
   17715      49.3832
   17716      47.6255
   17717      49.4194
   17718      51.3046
   17719      53.0311
   17720      48.9361
   17721      49.3735
   17722      55.7169
   17723      54.7123
   17724      55.6340
   17725      54.8469
   17726      52.1312
   17727      53.5778
   17728      54.4917
   17729      54.3357
   17730      54.7047
   17731      53.5650
   17732      47.3771
   17733      48.6563
   17734      49.4038
   17735      49.5858
   17736      49.8311
   17737      53.1983
   17738      57.4588
   17739      59.0337
   17740      57.0514
   17741      55.8900
   17742      53.3480
   17743      52.8636
   17744      55.6789
   17745      55.7972
   17746      53.0129
   17747      49.1166
   17748      47.6823
   17749      51.0740
   17750      50.7377
   17751      46.6480
   17752      49.7341
   17753      46.6500
   17754      47.8165
   17755      49.9585
   17756      54.7126
   17757      50.8694
   17758      51.6734
   17759      50.2896
   17760      52.4676
   17761      55.9193
   17762      56.7269
   17763      56.1504
   17764      52.0418
   17765      49.9499
   17766      48.3367
   17767      44.6301
   17768      46.5199
   17769      45.6065
   17770      48.5714
   17771      52.1728
   17772      52.0262
   17773      56.5441
   17774      48.9064
   17775      47.7808
   17776      52.4044
   17777      54.4708
   17778      53.1938
   17779      50.0762
   17780      49.3882
   17781      39.9523
   17782      46.8000
   17783      51.8347
   17784      52.3673
   17785      52.5650
   17786      51.2831
   17787      54.5734
   17788      49.2812
   17789      52.0847
   17790      52.4978
   17791      52.3729
   17792      48.2813
   17793      51.8804
   17794      55.8787
   17795      53.2948
   17796      51.2813
   17797      47.5349
   17798      46.7042
   17799      49.1590
   17800      51.2291
   17801      54.3175
   17802      53.0364
   17803      52.9701
   17804      53.4391
   17805      49.2791
   17806      50.4303
   17807      52.9011
   17808      56.8340
   17809      51.1040
   17810      51.6929
   17811      48.8067
   17812      48.3067
   17813      48.9475
   17814      45.3859
   17815      54.1922
   17816      52.4770
   17817      50.2801
   17818      45.4806
   17819      45.8205
   17820      47.9347
   17821      49.9700
   17822      50.8709
   17823      53.6546
   17824      54.2747
   17825      54.5258
   17826      49.6703
   17827      52.7441
   17828      49.4368
   17829      50.6880
   17830      53.0996
   17831      56.6786
   17832      57.7725
   17833      55.9772
   17834      46.6248
   17835      50.0001
   17836      47.5077
   17837      43.8232
   17838      46.1443
   17839      41.7315
   17840      44.7401
   17841      43.3743
   17842      50.2446
   17843      51.5501
   17844      46.2824
   17845      53.5552
   17846      46.5402
   17847      46.4520
   17848      49.3829
   17849      51.4295
   17850      48.5558
   17851      53.2997
   17852      47.9925
   17853      46.1000
   17854      46.6698
   17855      45.6635
   17856      45.7744
   17857      45.9208
   17858      47.8465
   17859      48.6891
   17860      49.8432
   17861      43.9158
   17862      47.0429
   17863      42.0929
   17864      43.9121
   17865      43.2199
   17866      50.3594
   17867      51.8734
   17868      54.6208
   17869      54.0172
   17870      54.5109
   17871      50.4568
   17872      49.6998
   17873      47.6321
   17874      53.2905
   17875      57.8719
   17876      52.0757
   17877      49.2199
   17878      51.7364
   17879      51.8149
   17880      51.9988
   17881      50.9791
   17882      57.3625
   17883      65.5833
   17884      61.7151
   17885      60.2459
   17886      55.2764
   17887      57.6670
   17888      55.1918
   17889      55.0776
   17890      54.0846
   17891      53.3923
   17892      57.4783
   17893      57.4687
   17894      57.5728
   17895      52.1026
   17896      46.4099
   17897      49.4774
   17898      44.3589
   17899      42.9885
   17900      44.4093
   17901      45.0311
   17902      47.4366
   17903      48.4991
   17904      48.1921
   17905      52.4931
   17906      50.1286
   17907      44.8411
   17908      44.9262
   17909      43.3409
   17910      44.2691
   17911      47.6768
   17912      44.4329
   17913      44.7067
   17914      49.3773
   17915      49.0163
   17916      53.8801
   17917      47.7774
   17918      43.6687
   17919      46.9155
   17920      48.4334
   17921      53.5122
   17922      56.0105
   17923      58.1204
   17924      53.9947
   17925      58.0230
   17926      54.8663
   17927      52.1572
   17928      58.7484
   17929      57.9592
   17930      49.5547
   17931      51.5352
   17932      44.0029
   17933      46.6950
   17934      51.4892
   17935      47.6285
   17936      48.0032
   17937      48.7817
   17938      49.9845
   17939      46.7281
   17940      45.4816
   17941      45.7582
   17942      42.8311
   17943      41.6388
   17944      42.5483
   17945      46.2648
   17946      49.3377
   17947      52.1760
   17948      52.3539
   17949      54.0731
   17950      51.4066
   17951      49.7309
   17952      48.7621
   17953      46.7941
   17954      46.7798
   17955      43.0314
   17956      44.6816
   17957      49.5206
   17958      46.0530
   17959      48.5366
   17960      51.3621
   17961      48.9627
   17962      45.4685
   17963      44.7227
   17964      53.8631
   17965      54.3154
   17966      50.2600
   17967      46.0174
   17968      41.4659
   17969      46.1605
   17970      48.5016
   17971      41.0002
   17972      40.6999
   17973      43.5636
   17974      46.1787
   17975      50.7925
   17976      48.7610
   17977      49.3953
   17978      48.3635
   17979      45.8296
   17980      41.6261
   17981      42.2653
   17982      50.2496
   17983      46.0510
   17984      40.2778
   17985      36.9687
   17986      40.3921
   17987      44.0496
   17988      42.0592
   17989      43.2114
   17990      50.8118
   17991      49.1351
   17992      42.8038
   17993      42.7929
   17994      48.2746
   17995      45.7735
   17996      41.6995
   17997      40.4872
   17998      40.3578
   17999      45.8124
   18000      47.1042
   18001      45.2593
   18002      45.7824
   18003      45.4617
   18004      50.4537
   18005      54.3274
   18006      50.5772
   18007      45.4372
   18008      41.9413
   18009      43.2392
   18010      45.8491
   18011      47.2206
   18012      48.3295
   18013      47.4222
   18014      47.9482
   18015      47.6104
   18016      47.7204
   18017      49.5405
   18018      47.7970
   18019      45.9910
   18020      53.4762
   18021      47.5621
   18022      53.9829
   18023      52.2998
   18024      49.3652
   18025      52.4031
   18026      49.4410
   18027      43.6518
   18028      42.6812
   18029      45.5825
   18030      45.8036
   18031      45.8947
   18032      49.5478
   18033      45.4865
   18034      41.9501
   18035      43.0974
   18036      44.1373
   18037      46.1609
   18038      52.8714
   18039      53.4886
   18040      53.1188
   18041      59.9541
   18042      53.3723
   18043      47.8580
   18044      46.8103
   18045      50.4348
   18046      47.8718
   18047      53.8278
   18048      51.6945
   18049      57.9157
   18050      60.4500
   18051      53.6442
   18052      49.6681
   18053      49.8549
   18054      49.0633
   18055      50.2713
   18056      46.9265
   18057      49.2167
   18058      47.6702
   18059      48.6404
   18060      49.7855
   18061      45.9427
   18062      45.5919
   18063      42.7594
   18064      45.7057
   18065      52.4265
   18066      50.2500
   18067      48.6930
   18068      45.9192
   18069      39.7908
   18070      36.3098
   18071      40.4567
   18072      47.9238
   18073      46.7556
   18074      46.7191
   18075      39.9154
   18076      44.4571
   18077      43.8035
   18078      41.5259
   18079      50.9188
   18080      46.1150
   18081      57.3753
   18082      55.5800
   18083      52.9799
   18084      50.3500
   18085      49.8687
   18086      53.0017
   18087      57.5559
   18088      57.7003
   18089      57.5643
   18090      52.4224
   18091      52.0900
   18092      50.4684
   18093      49.6602
   18094      47.6618
   18095      50.8228
   18096      54.4021
   18097      51.3872
   18098      47.8294
   18099      42.0292
   18100      47.3994
   18101      50.0407
   18102      55.2127
   18103      51.4432
   18104      47.2655
   18105      39.0987
   18106      45.1148
   18107      50.2145
   18108      49.3646
   18109      48.5042
   18110      45.9837
   18111      47.8172
   18112      50.7163
   18113      52.6394
   18114      50.9850
   18115      57.4045
   18116      53.8625
   18117      49.4890
   18118      46.8824
   18119      45.1605
   18120      48.4026
   18121      51.1593
   18122      51.2422
   18123      52.2082
   18124      50.0134
   18125      52.6961
   18126      50.1188
   18127      47.6725
   18128      51.5304
   18129      52.8894
   18130      51.3444
   18131      57.0512
   18132      59.4402
   18133      59.2098
   18134      55.9446
   18135      61.1870
   18136      59.5158
   18137      59.6392
   18138      57.4134
   18139      53.1461
   18140      52.8864
   18141      56.4579
   18142      52.7235
   18143      45.2313
   18144      43.2755
   18145      39.7534
   18146      47.5470
   18147      51.3814
   18148      57.5794
   18149      55.6687
   18150      51.7764
   18151      45.4724
   18152      41.6368
   18153      47.1845
   18154      52.9980
   18155      52.4491
   18156      53.1598
   18157      54.0192
   18158      48.4769
   18159      51.9869
   18160      50.2961
   18161      49.2177
   18162      54.0621
   18163      59.1061
   18164      56.5254
   18165      56.2918
   18166      57.2768
   18167      58.3060
   18168      55.5810
   18169      52.7940
   18170      55.8876
   18171      59.8661
   18172      60.2780
   18173      53.0347
   18174      53.1801
   18175      50.4243
   18176      53.1832
   18177      48.9087
   18178      49.9738
   18179      49.1236
   18180      50.6626
   18181      49.0677
   18182      57.4542
   18183      55.0757
   18184      54.9336
   18185      56.2567
   18186      57.0426
   18187      54.6532
   18188      53.8343
   18189      50.6604
   18190      48.6554
   18191      47.4057
   18192      40.8431
   18193      47.9037
   18194      44.5888
   18195      49.4056
   18196      46.3707
   18197      45.0598
   18198      48.7721
   18199      49.5128
   18200      51.7220
   18201      46.6739
   18202      42.5956
   18203      44.2683
   18204      43.8615
   18205      43.8538
   18206      47.3311
   18207      50.1308
   18208      47.5072
   18209      50.3716
   18210      57.4890
   18211      52.5665
   18212      50.7817
   18213      46.6859
   18214      52.5113
   18215      55.5370
   18216      50.6973
   18217      48.6692
   18218      44.1098
   18219      46.7391
   18220      46.6632
   18221      48.0622
   18222      45.1699
   18223      44.3308
   18224      40.3956
   18225      41.2952
   18226      41.0902
   18227      39.8012
   18228      42.7177
   18229      45.4567
   18230      44.5529
   18231      43.1396
   18232      43.2506
   18233      42.7243
   18234      44.8441
   18235      42.8616
   18236      49.5122
   18237      49.0485
   18238      51.1819
   18239      46.6157
   18240      49.1655
   18241      46.3318
   18242      47.1690
   18243      50.8261
   18244      50.6024
   18245      51.7413
   18246      52.2885
   18247      51.3938
   18248      52.6002
   18249      52.1439
   18250      53.8636
   18251      55.3619
   18252      57.8422
   18253      55.3935
   18254      50.7540
   18255      49.2632
   18256      51.0493
   18257      50.6571
   18258      50.8060
   18259      50.9241
   18260      46.5022
   18261      50.3580
   18262      49.5794
   18263      53.2614
   18264      51.7872
   18265      45.9296
   18266      50.0968
   18267      49.5863
   18268      44.4516
   18269      41.1502
   18270      42.3261
   18271      45.8951
   18272      44.7325
   18273      47.9704
   18274      48.3829
   18275      45.2475
   18276      44.2545
   18277      43.8201
   18278      40.8797
   18279      39.1651
   18280      38.5150
   18281      43.7022
   18282      42.8831
   18283      47.4054
   18284      48.1115
   18285      42.4705
   18286      47.8015
   18287      51.8399
   18288      47.3050
   18289      52.1355
   18290      52.9338
   18291      50.5597
   18292      52.4911
   18293      50.4848
   18294      54.2203
   18295      49.5204
   18296      49.9728
   18297      45.4617
   18298      43.5545
   18299      44.0324
   18300      46.6431
   18301      50.5519
   18302      52.0100
   18303      51.0229
   18304      46.2651
   18305      48.0624
   18306      54.8173
   18307      57.1757
   18308      57.7961
   18309      56.6508
   18310      53.6994
   18311      59.2428
   18312      61.3520
   18313      62.1009
   18314      65.1651
   18315      59.6858
   18316      57.3251
   18317      56.4811
   18318      56.4952
   18319      52.4659
   18320      56.6608
   18321      60.0257
   18322      60.7768
   18323      60.2852
   18324      55.7851
   18325      50.7194
   18326      53.6085
   18327      53.4871
   18328      55.9633
   18329      56.4232
   18330      59.0055
   18331      53.3205
   18332      53.8062
   18333      52.9091
   18334      56.0225
   18335      55.4745
   18336      51.6536
   18337      52.6925
   18338      48.4649
   18339      49.6308
   18340      54.6604
   18341      49.9207
   18342      47.9542
   18343      49.4763
   18344      49.3925
   18345      39.2532
   18346      40.1043
   18347      41.2396
   18348      49.2377
   18349      48.7596
   18350      45.3558
   18351      45.0356
   18352      50.6353
   18353      47.4744
   18354      49.0583
   18355      51.3883
   18356      48.9981
   18357      49.6394
   18358      48.1666
   18359      46.8055
   18360      49.2594
   18361      45.3778
   18362      47.3156
   18363      52.9602
   18364      49.8966
   18365      52.1388
   18366      55.6194
   18367      45.8461
   18368      45.5265
   18369      40.1836
   18370      47.0442
   18371      49.1087
   18372      45.1472
   18373      49.6246
   18374      48.2911
   18375      48.1979
   18376      47.1952
   18377      50.2764
   18378      55.5657
   18379      50.9396
   18380      54.7697
   18381      51.0834
   18382      51.3293
   18383      50.9864
   18384      52.1169
   18385      53.5561
   18386      55.3308
   18387      54.9973
   18388      53.8977
   18389      47.2270
   18390      47.2566
   18391      51.4031
   18392      46.6814
   18393      51.3563
   18394      49.9019
   18395      52.2593
   18396      45.8979
   18397      49.3745
   18398      50.5387
   18399      51.2531
   18400      47.6616
   18401      46.7292
   18402      47.0337
   18403      47.6324
   18404      50.3989
   18405      52.9654
   18406      56.2809
   18407      57.9855
   18408      55.9616
   18409      58.0570
   18410      59.6905
   18411      59.1628
   18412      58.1963
   18413      48.7513
   18414      52.4145
   18415      51.9255
   18416      50.7551
   18417      54.2630
   18418      55.2906
   18419      53.6866
   18420      54.8481
   18421      56.1210
   18422      54.4311
   18423      49.2907
   18424      56.3001
   18425      50.1050
   18426      45.7218
   18427      51.6472
   18428      53.6225
   18429      52.3138
   18430      51.1517
   18431      48.0535
   18432      49.7916
   18433      53.6709
   18434      54.0673
   18435      54.8674
   18436      53.7026
   18437      53.6910
   18438      51.7229
   18439      52.7520
   18440      53.4953
   18441      53.7054
   18442      54.6536
   18443      54.3346
   18444      52.7854
   18445      50.8367
   18446      50.4490
   18447      53.8858
   18448      55.2091
   18449      56.5040
   18450      49.9834
   18451      48.4469
   18452      46.1077
   18453      42.7002
   18454      41.4950
   18455      38.6747
   18456      38.8019
   18457      43.4956
   18458      50.0515
   18459      51.3508
   18460      50.5715
   18461      49.8680
   18462      51.8965
   18463      52.5612
   18464      49.7979
   18465      46.6525
   18466      47.6437
   18467      49.1077
   18468      49.2615
   18469      46.8196
   18470      47.3613
   18471      46.3720
   18472      49.3519
   18473      49.7671
   18474      45.3896
   18475      44.4089
   18476      42.2155
   18477      45.2300
   18478      49.8322
   18479      47.5492
   18480      43.7149
   18481      42.5918
   18482      38.3735
   18483      38.6144
   18484      41.7746
   18485      40.3656
   18486      36.8688
   18487      36.4410
   18488      33.4624
   18489      35.3868
   18490      35.3704
   18491      42.7386
   18492      49.6068
   18493      49.1577
   18494      49.8409
   18495      48.8825
   18496      48.4263
   18497      45.9122
   18498      46.3422
   18499      49.8722
   18500      51.7563
   18501      45.0526
   18502      47.3401
   18503      51.6610
   18504      52.8725
   18505      49.9833
   18506      48.5301
   18507      45.0246
   18508      39.0799
   18509      39.4495
   18510      49.1634
   18511      47.9052
   18512      45.1429
   18513      47.4160
   18514      43.3577
   18515      43.0681
   18516      48.1838
   18517      47.6497
   18518      50.6568
   18519      48.0217
   18520      55.4868
   18521      54.2930
   18522      50.5765
   18523      53.0073
   18524      55.9255
   18525      48.5111
   18526      45.6154
   18527      50.8851
   18528      55.3291
   18529      60.2197
   18530      59.7046
   18531      57.7098
   18532      60.5539
   18533      55.4537
   18534      50.3513
   18535      50.2298
   18536      47.0037
   18537      49.5177
   18538      49.0000
   18539      45.0538
   18540      44.1476
   18541      48.9387
   18542      50.9530
   18543      52.8004
   18544      51.1480
   18545      48.8005
   18546      49.7718
   18547      50.4421
   18548      46.9239
   18549      44.7039
   18550      51.7344
   18551      56.1806
   18552      57.2500
   18553      55.5250
   18554      54.8200
   18555      54.7025
   18556      55.1875
   18557      47.3571
   18558      46.0558
   18559      48.6869
   18560      48.8424
   18561      44.9864
   18562      46.3421
   18563      43.0479
   18564      46.6364
   18565      41.9282
   18566      40.6475
   18567      39.9911
   18568      45.2341
   18569      43.4233
   18570      44.0282
   18571      44.2218
   18572      35.7363
   18573      37.5898
   18574      42.0644
   18575      43.8728
   18576      49.0771
   18577      45.8691
   18578      46.9642
   18579      50.0470
   18580      47.6136
   18581      49.2982
   18582      48.7550
   18583      45.3069
   18584      48.7040
   18585      51.1490
   18586      46.5929
   18587      52.0389
   18588      49.5579
   18589      49.1535
   18590      41.1288
   18591      43.5694
   18592      44.8181
   18593      43.1744
   18594      41.7424
   18595      43.3167
   18596      46.2632
   18597      50.3217
   18598      48.3301
   18599      54.5402
   18600      53.7490
   18601      51.8070
   18602      58.1220
   18603      60.0534
   18604      54.2715
   18605      48.9360
   18606      53.4180
   18607      54.5395
   18608      51.6913
   18609      47.4069
   18610      49.2053
   18611      47.8513
   18612      47.7924
   18613      49.7067
   18614      54.4125
   18615      56.6068
   18616      56.3746
   18617      52.5389
   18618      54.2340
   18619      53.8958
   18620      54.2340
   18621      49.6625
   18622      52.2133
   18623      48.5552
   18624      53.0754
   18625      55.5170
   18626      55.0765
   18627      57.7968
   18628      58.8426
   18629      50.2910
   18630      56.4058
   18631      51.5735
   18632      51.8368
   18633      53.4098
   18634      52.7885
   18635      57.0804
   18636      53.5724
   18637      51.3028
   18638      53.9402
   18639      57.0998
   18640      58.5520
   18641      58.3962
   18642      57.2514
   18643      45.6851
   18644      46.4308
   18645      50.4373
   18646      49.0625
   18647      45.0252
   18648      48.5816
   18649      49.5421
   18650      51.8282
   18651      51.9637
   18652      51.2391
   18653      52.1428
   18654      48.6670
   18655      43.5268
   18656      46.8263
   18657      48.7742
   18658      54.5953
   18659      52.7566
   18660      50.2899
   18661      53.1106
   18662      55.5607
   18663      57.8237
   18664      58.8239
   18665      53.7894
   18666      52.9716
   18667      51.5230
   18668      49.7387
   18669      46.5847
   18670      47.3905
   18671      47.9702
   18672      43.6691
   18673      42.3541
   18674      42.6606
   18675      43.9032
   18676      43.6052
   18677      39.4058
   18678      39.4239
   18679      38.7794
   18680      40.9723
   18681      40.7728
   18682      40.3912
   18683      47.3664
   18684      39.0899
   18685      42.5157
   18686      43.3078
   18687      39.2949
   18688      41.0661
   18689      36.7682
   18690      45.1288
   18691      45.0127
   18692      46.4727
   18693      45.2645
   18694      50.0638
   18695      47.5629
   18696      48.1959
   18697      49.2209
   18698      43.6455
   18699      47.8766
   18700      39.3905
   18701      43.1257
   18702      47.2364
   18703      45.8258
   18704      45.3648
   18705      46.2067
   18706      43.2891
   18707      39.2784
   18708      41.2279
   18709      41.6517
   18710      45.8206
   18711      51.5079
   18712      55.2402
   18713      53.4706
   18714      51.6813
   18715      47.8474
   18716      45.1781
   18717      38.5295
   18718      43.6034
   18719      46.7386
   18720      49.8015
   18721      55.2163
   18722      51.6713
   18723      51.3943
   18724      52.2874
   18725      51.8244
   18726      46.2759
   18727      45.1907
   18728      42.2335
   18729      44.9371
   18730      50.2075
   18731      50.3287
   18732      49.5452
   18733      45.6687
   18734      44.4052
   18735      50.7130
   18736      46.8220
   18737      53.2203
   18738      53.2546
   18739      53.6806
   18740      52.9132
   18741      47.7394
   18742      47.3242
   18743      46.1893
   18744      47.7671
   18745      51.1790
   18746      48.0535
   18747      47.9773
   18748      53.3327
   18749      58.5835
   18750      54.3612
   18751      57.3785
   18752      58.3330
   18753      56.5689
   18754      55.2951
   18755      50.2130
   18756      47.8489
   18757      55.0096
   18758      57.1121
   18759      54.4061
   18760      52.0131
   18761      48.7586
   18762      55.3636
   18763      50.6447
   18764      48.4074
   18765      49.8352
   18766      52.8847
   18767      51.7017
   18768      53.7328
   18769      54.1342
   18770      52.5004
   18771      54.0264
   18772      57.9393
   18773      60.6370
   18774      57.3799
   18775      61.2047
   18776      57.0445
   18777      54.0562
   18778      51.5613
   18779      51.0043
   18780      56.1714
   18781      55.9408
   18782      53.4247
   18783      56.0555
   18784      55.9474
   18785      56.1411
   18786      50.5907
   18787      49.0375
   18788      47.6230
   18789      49.6519
   18790      49.6023
   18791      52.6961
   18792      53.7085
   18793      48.4515
   18794      43.8823
   18795      46.0542
   18796      47.6168
   18797      42.5635
   18798      41.9830
   18799      45.9159
   18800      41.3473
   18801      43.1612
   18802      53.6560
   18803      53.0196
   18804      49.3651
   18805      48.3052
   18806      46.2276
   18807      48.4492
   18808      43.2758
   18809      46.1028
   18810      46.3955
   18811      43.4960
   18812      38.0742
   18813      44.4232
   18814      45.2432
   18815      47.4298
   18816      46.8999
   18817      42.4200
   18818      39.2373
   18819      45.0921
   18820      44.7820
   18821      51.9316
   18822      54.8890
   18823      47.8739
   18824      46.4639
   18825      40.7267
   18826      40.4429
   18827      42.2007
   18828      44.4383
   18829      48.5589
   18830      44.9812
   18831      46.2721
   18832      47.0427
   18833      44.8168
   18834      43.0315
   18835      45.6917
   18836      40.7537
   18837      45.6281
   18838      51.7004
   18839      45.7121
   18840      40.4307
   18841      44.3094
   18842      43.6638
   18843      54.0965
   18844      53.1730
   18845      55.6666
   18846      56.9585
   18847      56.0465
   18848      53.8678
   18849      53.3001
   18850      52.8982
   18851      49.5755
   18852      51.8792
   18853      47.7557
   18854      50.9995
   18855      50.2289
   18856      48.8316
   18857      49.7888
   18858      48.7065
   18859      46.7879
   18860      47.9388
   18861      49.7586
   18862      48.8365
   18863      44.9792
   18864      50.4357
   18865      52.1282
   18866      48.6227
   18867      51.7589
   18868      51.2250
   18869      54.0652
   18870      57.1602
   18871      61.9740
   18872      64.5671
   18873      60.6143
   18874      58.5031
   18875      60.0480
   18876      55.6892
   18877      60.9123
   18878      63.6021
   18879      55.5697
   18880      50.5974
   18881      52.7473
   18882      59.8399
   18883      58.8031
   18884      59.8376
   18885      60.8612
   18886      62.5261
   18887      55.1314
   18888      51.3931
   18889      54.1160
   18890      51.9950
   18891      56.4081
   18892      55.2920
   18893      56.2831
   18894      66.6797
   18895      72.4743
   18896      68.1825
   18897      66.9464
   18898      62.1370
   18899      58.6646
   18900      59.4406
   18901      59.5841
   18902      56.8047
   18903      57.7624
   18904      62.6219
   18905      61.7691
   18906      60.5793
   18907      60.6052
   18908      63.1662
   18909      61.6079
   18910      66.2627
   18911      65.5176
   18912      68.2618
   18913      68.3285
   18914      69.4240
   18915      61.5980
   18916      61.3874
   18917      58.6141
   18918      55.9268
   18919      53.4958
   18920      55.7102
   18921      52.7465
   18922      51.0660
   18923      50.0258
   18924      45.3017
   18925      44.9444
   18926      46.9102
   18927      46.2346
   18928      44.4751
   18929      45.3755
   18930      46.5221
   18931      48.7091
   18932      49.1069
   18933      49.9121
   18934      48.2914
   18935      46.5646
   18936      54.3777
   18937      51.9299
   18938      54.8185
   18939      55.0766
   18940      56.5067
   18941      57.1017
   18942      58.5426
   18943      55.9175
   18944      59.5170
   18945      54.4022
   18946      56.0068
   18947      48.4146
   18948      43.8204
   18949      44.2932
   18950      43.0608
   18951      48.5448
   18952      50.0052
   18953      45.8275
   18954      46.6541
   18955      45.8431
   18956      43.1147
   18957      44.3088
   18958      40.8781
   18959      45.1489
   18960      41.8230
   18961      38.7214
   18962      38.3185
   18963      39.7985
   18964      39.7830
   18965      39.8975
   18966      41.9996
   18967      45.7365
   18968      43.5443
   18969      44.2660
   18970      45.7529
   18971      41.0912
   18972      43.3250
   18973      40.1313
   18974      45.2490
   18975      47.7077
   18976      50.1541
   18977      50.9037
   18978      51.3986
   18979      48.3361
   18980      56.0171
   18981      60.6465
   18982      63.0352
   18983      61.7432
   18984      64.3839
   18985      64.7683
   18986      65.1217
   18987      64.3139
   18988      64.0382
   18989      61.7440
   18990      56.1659
   18991      57.3279
   18992      57.2716
   18993      53.0504
   18994      49.7118
   18995      48.1733
   18996      46.5618
   18997      41.2717
   18998      44.0412
   18999      41.7813
   19000      51.1398
   19001      52.8487
   19002      48.7798
   19003      46.7140
   19004      45.2256
   19005      48.6835
   19006      48.6174
   19007      47.5987
   19008      49.2362
   19009      53.8332
   19010      53.8615
   19011      49.9407
   19012      47.6861
   19013      47.2445
   19014      49.6917
   19015      49.9275
   19016      51.2560
   19017      54.8421
   19018      48.5266
   19019      50.5259
   19020      46.5878
   19021      50.3866
   19022      47.6236
   19023      44.5829
   19024      47.0065
   19025      49.8993
   19026      50.1625
   19027      49.4265
   19028      48.9701
   19029      47.6733
   19030      50.9315
   19031      56.4591
   19032      56.8093
   19033      56.0978
   19034      55.9242
   19035      56.7630
   19036      59.8899
   19037      58.5959
   19038      56.5908
   19039      55.0729
   19040      54.8447
   19041      52.2851
   19042      52.3885
   19043      50.5574
   19044      52.4622
   19045      56.4608
   19046      56.6494
   19047      56.9695
   19048      53.3478
   19049      51.7384
   19050      54.1246
   19051      53.5139
   19052      53.1185
   19053      54.4216
   19054      47.1293
   19055      50.1538
   19056      47.7682
   19057      45.9806
   19058      48.9589
   19059      51.5038
   19060      45.7309
   19061      48.8718
   19062      52.9304
   19063      53.2926
   19064      46.8627
   19065      48.1900
   19066      45.5180
   19067      49.3790
   19068      49.5184
   19069      46.0263
   19070      53.6225
   19071      54.3690
   19072      58.3795
   19073      51.7653
   19074      55.8682
   19075      54.8147
   19076      57.4742
   19077      51.2855
   19078      46.9446
   19079      47.5720
   19080      44.9112
   19081      45.8222
   19082      43.0552
   19083      46.5074
   19084      52.4877
   19085      54.9400
   19086      51.6465
   19087      51.7722
   19088      49.4948
   19089      48.6510
   19090      47.1278
   19091      45.9916
   19092      47.2526
   19093      43.4552
   19094      44.9793
   19095      44.8714
   19096      47.2177
   19097      42.5950
   19098      41.8922
   19099      41.1827
   19100      42.1599
   19101      46.5456
   19102      43.3869
   19103      43.4806
   19104      40.9908
   19105      39.2837
   19106      42.3007
   19107      50.4442
   19108      51.4723
   19109      56.0111
   19110      56.2805
   19111      49.9407
   19112      50.4549
   19113      52.5353
   19114      43.5006
   19115      44.5683
   19116      43.5052
   19117      41.5986
   19118      45.8881
   19119      42.9313
   19120      41.9715
   19121      39.6718
   19122      48.4160
   19123      50.2875
   19124      45.9518
   19125      56.3623
   19126      54.5413
   19127      54.0028
   19128      50.8942
   19129      51.7828
   19130      51.7376
   19131      47.7365
   19132      45.5487
   19133      44.5400
   19134      47.3565
   19135      56.7105
   19136      54.8586
   19137      50.3955
   19138      44.1324
   19139      43.8345
   19140      52.0005
   19141      52.2252
   19142      58.0618
   19143      53.5326
   19144      53.5261
   19145      53.4030
   19146      54.9444
   19147      55.3732
   19148      55.7526
   19149      58.2302
   19150      54.3643
   19151      54.7616
   19152      54.7505
   19153      55.7594
   19154      53.5130
   19155      56.2153
   19156      53.4737
   19157      51.7384
   19158      53.5909
   19159      53.2055
   19160      53.2277
   19161      49.4207
   19162      47.3397
   19163      48.6212
   19164      52.5248
   19165      50.8171
   19166      48.5813
   19167      54.8721
   19168      51.1479
   19169      51.3441
   19170      47.4152
   19171      45.8025
   19172      49.0395
   19173      48.3689
   19174      47.7296
   19175      48.7874
   19176      48.5278
   19177      45.9676
   19178      49.3120
   19179      47.8458
   19180      46.4309
   19181      48.3329
   19182      50.7299
   19183      54.8009
   19184      54.4293
   19185      51.1279
   19186      48.9275
   19187      44.9794
   19188      44.5480
   19189      44.8904
   19190      55.3177
   19191      51.7028
   19192      46.0476
   19193      47.9191
   19194      48.5625
   19195      48.7972
   19196      50.0921
   19197      50.2956
   19198      52.8146
   19199      53.0406
   19200      52.8832
   19201      50.3387
   19202      47.1539
   19203      51.1334
   19204      47.5052
   19205      46.7101
   19206      43.7515
   19207      44.0308
   19208      42.2808
   19209      44.3191
   19210      46.7315
   19211      44.9027
   19212      44.2133
   19213      49.4825
   19214      46.8708
   19215      47.9105
   19216      45.2039
   19217      36.6600
   19218      36.4446
   19219      42.4648
   19220      36.9513
   19221      37.8662
   19222      38.6738
   19223      42.9024
   19224      43.0573
   19225      42.4957
   19226      37.8901
   19227      32.3020
   19228      38.1778
   19229      40.5337
   19230      41.9038
   19231      45.2867
   19232      48.1774
   19233      52.8848
   19234      51.2820
   19235      53.7695
   19236      52.4076
   19237      54.8319
   19238      50.1170
   19239      51.9476
   19240      49.8996
   19241      52.6707
   19242      59.2689
   19243      56.2691
   19244      53.6995
   19245      55.2052
   19246      60.4914
   19247      59.6166
   19248      58.8995
   19249      64.8060
   19250      67.6148
   19251      67.1494
   19252      64.0943
   19253      61.4496
   19254      52.9692
   19255      50.7420
   19256      52.0508
   19257      49.6766
   19258      51.9717
   19259      56.2266
   19260      58.2932
   19261      54.0207
   19262      56.6012
   19263      53.7918
   19264      55.2772
   19265      55.4209
   19266      55.6229
   19267      56.0893
   19268      59.3989
   19269      55.1794
   19270      53.0587
   19271      55.2541
   19272      51.8666
   19273      54.2785
   19274      55.4308
   19275      59.0884
   19276      59.0758
   19277      51.4382
   19278      50.8235
   19279      52.9607
   19280      57.6248
   19281      56.9145
   19282      57.1697
   19283      55.3563
   19284      60.8656
   19285      61.7204
   19286      60.4642
   19287      62.3961
   19288      67.4670
   19289      71.1358
   19290      67.5530
   19291      64.8679
   19292      59.9130
   19293      60.5581
   19294      57.8232
   19295      55.9996
   19296      51.6766
   19297      50.1397
   19298      52.0443
   19299      46.6427
   19300      45.6190
   19301      49.6618
   19302      53.8965
   19303      49.8285
   19304      52.1181
   19305      52.3056
   19306      50.3530
   19307      51.2462
   19308      58.3364
   19309      58.3531
   19310      58.7817
   19311      58.5621
   19312      56.4924
   19313      56.0357
   19314      54.3489
   19315      56.8324
   19316      60.7214
   19317      56.2679
   19318      54.9761
   19319      61.3817
   19320      56.8061
   19321      50.7130
   19322      53.4311
   19323      55.7258
   19324      50.1179
   19325      51.8596
   19326      50.6107
   19327      46.6760
   19328      42.5934
   19329      44.8502
   19330      50.5828
   19331      49.7356
   19332      53.2552
   19333      56.7584
   19334      52.8271
   19335      53.7439
   19336      54.0456
   19337      55.0469
   19338      51.7046
   19339      50.0644
   19340      45.1494
   19341      52.1442
   19342      57.5622
   19343      55.2592
   19344      49.1294
   19345      50.6254
   19346      49.9071
   19347      48.0834
   19348      48.8881
   19349      48.0319
   19350      50.4652
   19351      49.3374
   19352      48.1397
   19353      54.2161
   19354      51.8127
   19355      50.7598
   19356      47.9823
   19357      51.0812
   19358      48.6183
   19359      45.7944
   19360      48.6005
   19361      49.2792
   19362      52.4556
   19363      53.5256
   19364      52.5423
   19365      47.8209
   19366      53.6253
   19367      53.0292
   19368      57.3068
   19369      54.8796
   19370      51.0717
   19371      53.1984
   19372      54.0073
   19373      49.8995
   19374      48.7708
   19375      51.0372
   19376      49.0816
   19377      46.3515
   19378      43.8335
   19379      49.1022
   19380      52.1218
   19381      53.7032
   19382      58.6439
   19383      58.4710
   19384      56.2578
   19385      55.5587
   19386      55.8433
   19387      54.8626
   19388      51.3769
   19389      60.0720
   19390      61.4564
   19391      55.2479
   19392      51.0838
   19393      46.1597
   19394      47.5710
   19395      54.2537
   19396      55.2589
   19397      55.9303
   19398      58.2285
   19399      55.4695
   19400      52.7092
   19401      50.8553
   19402      43.6259
   19403      48.9725
   19404      48.5243
   19405      52.2757
   19406      53.1820
   19407      54.3402
   19408      55.0456
   19409      60.0038
   19410      57.9020
   19411      57.8836
   19412      59.6230
   19413      54.2926
   19414      48.3949
   19415      50.1903
   19416      48.7419
   19417      52.2263
   19418      49.1441
   19419      49.5898
   19420      48.9719
   19421      43.3160
   19422      49.8582
   19423      49.2771
   19424      53.0096
   19425      51.4020
   19426      56.1572
   19427      56.1878
   19428      57.6769
   19429      54.0298
   19430      55.8068
   19431      57.1487
   19432      55.9505
   19433      58.3962
   19434      55.0653
   19435      51.7649
   19436      50.7936
   19437      49.4342
   19438      52.2151
   19439      51.0140
   19440      52.5036
   19441      48.1442
   19442      49.6530
   19443      52.8989
   19444      57.2766
   19445      57.3956
   19446      59.4430
   19447      55.6804
   19448      54.9556
   19449      55.1805
   19450      53.7439
   19451      56.3899
   19452      51.1549
   19453      49.4042
   19454      47.0631
   19455      50.5995
   19456      47.7712
   19457      48.7753
   19458      46.9448
   19459      44.4455
   19460      51.2589
   19461      55.0211
   19462      56.8359
   19463      56.0138
   19464      50.1006
   19465      50.1581
   19466      52.5259
   19467      51.3516
   19468      51.8625
   19469      50.3656
   19470      47.8344
   19471      48.0610
   19472      52.0199
   19473      52.6909
   19474      53.4521
   19475      51.5973
   19476      50.5427
   19477      52.2878
   19478      54.8157
   19479      48.3712
   19480      41.3675
   19481      44.3943
   19482      45.1449
   19483      46.2916
   19484      44.4877
   19485      43.8052
   19486      42.2711
   19487      42.3620
   19488      41.6613
   19489      40.7959
   19490      43.9852
   19491      53.1438
   19492      56.1145
   19493      50.2888
   19494      51.8554
   19495      55.0791
   19496      50.4438
   19497      48.1602
   19498      46.7262
   19499      49.8528
   19500      48.8388
   19501      48.8693
   19502      51.5264
   19503      51.4985
   19504      49.9713
   19505      49.9127
   19506      50.1050
   19507      54.2984
   19508      57.9451
   19509      63.9653
   19510      59.1894
   19511      55.5607
   19512      48.9516
   19513      49.2560
   19514      54.8873
   19515      55.0474
   19516      56.0437
   19517      55.8855
   19518      51.9955
   19519      49.2953
   19520      51.4862
   19521      50.9402
   19522      51.6378
   19523      54.6475
   19524      52.4035
   19525      52.6739
   19526      55.7471
   19527      48.3518
   19528      51.1880
   19529      45.9181
   19530      47.3136
   19531      48.6057
   19532      51.8615
   19533      47.1286
   19534      50.7232
   19535      50.9141
   19536      55.0636
   19537      53.4903
   19538      51.7782
   19539      48.7178
   19540      50.7834
   19541      56.0952
   19542      54.2505
   19543      54.8072
   19544      57.3466
   19545      55.5103
   19546      52.2846
   19547      52.4080
   19548      59.5405
   19549      57.7411
   19550      54.4570
   19551      62.8713
   19552      60.1921
   19553      58.1617
   19554      58.3654
   19555      59.4934
   19556      53.9098
   19557      51.0189
   19558      56.3684
   19559      53.1166
   19560      47.8303
   19561      52.6923
   19562      53.4265
   19563      49.4794
   19564      40.6903
   19565      37.6161
   19566      37.4742
   19567      38.5924
   19568      44.8989
   19569      39.8197
   19570      44.5554
   19571      49.6475
   19572      48.3710
   19573      50.9045
   19574      52.9009
   19575      49.7997
   19576      51.1859
   19577      54.4401
   19578      53.6795
   19579      51.8215
   19580      48.1998
   19581      48.5979
   19582      53.0699
   19583      54.3995
   19584      49.9733
   19585      49.1480
   19586      48.5362
   19587      52.0033
   19588      49.5542
   19589      46.8983
   19590      47.8741
   19591      44.3338
   19592      46.5169
   19593      49.5287
   19594      46.3444
   19595      46.9393
   19596      48.5742
   19597      49.7010
   19598      49.8736
   19599      49.7239
   19600      42.8871
   19601      44.7008
   19602      48.6755
   19603      46.8887
   19604      50.3448
   19605      54.6272
   19606      56.2235
   19607      49.3811
   19608      47.2067
   19609      48.9785
   19610      49.4139
   19611      51.1116
   19612      51.4597
   19613      49.1414
   19614      45.3183
   19615      48.0550
   19616      46.5243
   19617      46.7410
   19618      53.7955
   19619      52.3073
   19620      50.3829
   19621      43.5028
   19622      46.1273
   19623      46.5495
   19624      44.4035
   19625      47.5537
   19626      43.5559
   19627      48.9846
   19628      51.2185
   19629      55.1143
   19630      59.5354
   19631      55.2648
   19632      55.5581
   19633      51.1082
   19634      50.7625
   19635      55.7018
   19636      52.1504
   19637      50.4806
   19638      50.8455
   19639      51.0241
   19640      58.7073
   19641      58.0818
   19642      57.6807
   19643      53.8968
   19644      53.6418
   19645      53.1395
   19646      49.6849
   19647      46.3366
   19648      44.9073
   19649      39.8317
   19650      38.3890
   19651      39.5834
   19652      41.9112
   19653      46.4783
   19654      46.9183
   19655      45.9226
   19656      46.6346
   19657      52.7921
   19658      50.9632
   19659      48.0734
   19660      43.1727
   19661      43.8747
   19662      47.2696
   19663      52.2357
   19664      51.2849
   19665      53.8303
   19666      52.5331
   19667      53.4679
   19668      47.2135
   19669      47.6905
   19670      51.8512
   19671      56.2323
   19672      57.5481
   19673      49.8388
   19674      48.5092
   19675      50.6102
   19676      49.6594
   19677      43.9114
   19678      49.2105
   19679      52.2785
   19680      51.8105
   19681      52.6861
   19682      54.2069
   19683      56.1101
   19684      56.6106
   19685      56.4385
   19686      57.5677
   19687      55.1619
   19688      47.7713
   19689      43.7663
   19690      47.0832
   19691      43.7987
   19692      43.8483
   19693      44.4723
   19694      43.3415
   19695      49.0279
   19696      52.8166
   19697      52.3695
   19698      47.9797
   19699      44.3949
   19700      40.1863
   19701      41.7369
   19702      40.7057
   19703      42.8448
   19704      44.7346
   19705      49.4761
   19706      46.5024
   19707      44.2540
   19708      48.2418
   19709      41.9956
   19710      39.5569
   19711      41.0360
   19712      39.1779
   19713      41.4454
   19714      43.3797
   19715      44.9222
   19716      47.6447
   19717      48.3557
   19718      52.2366
   19719      46.2097
   19720      43.6584
   19721      44.7497
   19722      44.7770
   19723      39.3544
   19724      37.9295
   19725      36.2863
   19726      38.0094
   19727      41.5710
   19728      39.1377
   19729      43.5170
   19730      40.2769
   19731      42.2239
   19732      42.2448
   19733      43.1791
   19734      37.8511
   19735      39.7665
   19736      39.3871
   19737      42.6230
   19738      44.8243
   19739      45.3851
   19740      41.1476
   19741      41.7044
   19742      44.6500
   19743      45.4793
   19744      41.1995
   19745      41.1604
   19746      46.3747
   19747      43.0816
   19748      41.6093
   19749      38.3866
   19750      36.3354
   19751      37.5736
   19752      37.5102
   19753      38.9939
   19754      41.9171
   19755      42.8769
   19756      48.8615
   19757      41.5740
   19758      39.6013
   19759      39.4785
   19760      45.4736
   19761      44.0663
   19762      46.6630
   19763      47.1915
   19764      45.9828
   19765      47.2112
   19766      50.8332
   19767      46.5005
   19768      43.5801
   19769      46.5642
   19770      50.5618
   19771      51.5392
   19772      52.3892
   19773      48.3515
   19774      49.0727
   19775      45.0876
   19776      47.4997
   19777      52.8795
   19778      46.1547
   19779      44.3552
   19780      48.0531
   19781      46.8489
   19782      49.5924
   19783      51.7949
   19784      50.3228
   19785      43.4153
   19786      39.7335
   19787      42.1650
   19788      45.3397
   19789      45.9422
   19790      48.0293
   19791      44.5679
   19792      42.2724
   19793      41.1358
   19794      37.8152
   19795      40.4400
   19796      37.6787
   19797      44.7713
   19798      43.9450
   19799      41.4900
   19800      44.0998
   19801      43.2650
   19802      47.1682
   19803      52.7695
   19804      51.4666
   19805      56.8105
   19806      60.6810
   19807      58.2238
   19808      59.3648
   19809      54.0546
   19810      55.4694
   19811      49.5004
   19812      51.1484
   19813      53.5355
   19814      52.5150
   19815      50.6027
   19816      48.2629
   19817      43.4013
   19818      47.4955
   19819      50.1917
   19820      50.4293
   19821      45.6663
   19822      47.3888
   19823      47.9792
   19824      49.1152
   19825      49.4097
   19826      48.8377
   19827      46.1036
   19828      46.1974
   19829      45.9622
   19830      46.7308
   19831      47.9220
   19832      50.8098
   19833      49.4790
   19834      44.0863
   19835      47.0583
   19836      46.5480
   19837      53.2121
   19838      54.9587
   19839      48.6072
   19840      43.2939
   19841      42.8914
   19842      43.2117
   19843      45.6331
   19844      44.0965
   19845      39.2861
   19846      41.3836
   19847      45.1104
   19848      42.6473
   19849      44.9522
   19850      43.9586
   19851      42.6186
   19852      40.8826
   19853      42.5584
   19854      43.4338
   19855      47.9373
   19856      48.6350
   19857      50.5933
   19858      48.8913
   19859      50.0548
   19860      49.4913
   19861      46.7049
   19862      51.2925
   19863      49.8897
   19864      47.3525
   19865      52.5083
   19866      48.0010
   19867      42.6882
   19868      48.1738
   19869      48.1782
   19870      53.7499
   19871      51.8328
   19872      50.8689
   19873      52.2761
   19874      54.3419
   19875      55.9471
   19876      61.3035
   19877      59.3178
   19878      53.5940
   19879      52.7680
   19880      56.3112
   19881      53.0782
   19882      45.3651
   19883      48.0571
   19884      46.7100
   19885      51.9661
   19886      56.3531
   19887      57.5807
   19888      56.9766
   19889      55.0174
   19890      57.0465
   19891      57.5069
   19892      50.5221
   19893      52.6694
   19894      52.4926
   19895      47.5788
   19896      42.8584
   19897      46.2391
   19898      46.5226
   19899      53.2426
   19900      51.4893
   19901      49.8500
   19902      57.3214
   19903      59.7405
   19904      58.2190
   19905      54.6201
   19906      49.3725
   19907      53.4960
   19908      47.9597
   19909      41.5004
   19910      40.3299
   19911      49.2055
   19912      45.7655
   19913      46.8767
   19914      47.8017
   19915      44.7019
   19916      50.2544
   19917      49.0193
   19918      48.1323
   19919      50.6571
   19920      53.8791
   19921      56.8808
   19922      52.8379
   19923      56.6432
   19924      59.3726
   19925      60.1613
   19926      58.8535
   19927      55.9540
   19928      52.7191
   19929      52.3384
   19930      53.1354
   19931      51.9615
   19932      55.2570
   19933      55.9727
   19934      56.7238
   19935      56.3262
   19936      57.2259
   19937      59.7707
   19938      58.7812
   19939      50.3756
   19940      55.5155
   19941      52.1221
   19942      56.0742
   19943      54.2251
   19944      55.8652
   19945      56.9453
   19946      55.8190
   19947      58.8723
   19948      53.7217
   19949      57.6414
   19950      63.7000
   19951      65.1848
   19952      61.5441
   19953      60.9196
   19954      59.6455
   19955      55.2022
   19956      50.5605
   19957      51.3588
   19958      50.9261
   19959      46.9093
   19960      48.9372
   19961      53.8612
   19962      57.0627
   19963      56.6004
   19964      55.5006
   19965      58.5864
   19966      63.0545
   19967      59.4984
   19968      55.2746
   19969      53.3647
   19970      57.6142
   19971      58.2582
   19972      60.2519
   19973      59.3703
   19974      62.4363
   19975      59.7166
   19976      59.3131
   19977      61.0980
   19978      65.1863
   19979      64.6233
   19980      59.5808
   19981      62.3342
   19982      66.6558
   19983      65.3090
   19984      65.5669
   19985      70.8840
   19986      75.0850
   19987      74.3394
   19988      73.8030
   19989      74.5075
   19990      73.2470
   19991      69.7006
   19992      70.5501
   19993      73.3703
   19994      72.2309
   19995      73.1396
   19996      76.5709
   19997      75.0522
   19998      72.3638
   19999      67.7457
   20000      67.8679
   20001      71.6934
