#Frame     end-to-end
       1      39.8554
       2      38.7440
       3      34.3487
       4      37.0136
       5      39.1104
       6      40.3816
       7      46.1080
       8      47.0343
       9      44.5827
      10      41.7968
      11      37.9898
      12      42.7867
      13      41.3975
      14      39.7116
      15      41.9913
      16      47.9482
      17      45.2574
      18      46.8774
      19      48.8863
      20      47.2297
      21      45.8838
      22      42.6141
      23      45.6617
      24      41.7454
      25      44.8471
      26      41.5621
      27      47.7694
      28      46.0307
      29      44.0632
      30      48.9190
      31      49.0855
      32      46.6520
      33      52.8364
      34      52.5104
      35      50.4147
      36      50.8824
      37      45.8835
      38      49.9842
      39      53.1940
      40      53.3718
      41      44.3718
      42      55.2365
      43      53.3204
      44      50.7711
      45      46.6625
      46      43.5310
      47      40.4671
      48      37.9554
      49      44.2729
      50      47.7651
      51      41.9759
      52      42.3389
      53      42.2810
      54      42.6819
      55      39.5700
      56      41.0068
      57      43.8964
      58      38.6208
      59      40.5477
      60      36.9552
      61      40.9474
      62      45.2989
      63      48.5065
      64      51.7616
      65      53.8851
      66      49.7862
      67      42.9915
      68      40.7609
      69      42.8684
      70      41.6523
      71      41.8647
      72      43.5747
      73      44.7771
      74      49.6442
      75      47.9335
      76      51.1014
      77      45.5941
      78      50.1001
      79      48.2973
      80      43.8750
      81      46.1833
      82      53.8035
      83      54.7544
      84      53.4012
      85      51.7597
      86      49.2896
      87      44.8116
      88      43.7742
      89      39.8967
      90      46.3766
      91      45.3004
      92      45.0373
      93      47.2884
      94      51.9247
      95      52.1547
      96      50.6345
      97      43.9267
      98      47.0702
      99      50.6930
     100      47.1457
     101      46.4973
     102      43.5911
     103      48.3031
     104      52.0831
     105      53.9960
     106      55.9592
     107      54.1430
     108      50.1052
     109      49.6678
     110      50.2811
     111      53.1362
     112      52.4351
     113      50.3725
     114      52.3297
     115      51.5952
     116      49.3528
     117      51.3771
     118      48.1009
     119      46.0502
     120      45.0006
     121      49.8390
     122      47.3493
     123      44.3173
     124      51.9950
     125      56.1791
     126      53.2575
     127      45.6274
     128      47.3479
     129      46.9104
     130      45.8804
     131      47.1542
     132      50.3395
     133      51.3514
     134      50.7996
     135      47.1651
     136      44.8006
     137      49.4589
     138      46.3073
     139      42.2408
     140      49.3531
     141      49.6331
     142      50.6481
     143      51.2467
     144      46.9534
     145      53.3012
     146      53.4805
     147      45.5271
     148      44.9693
     149      47.4271
     150      51.5525
     151      48.7233
     152      45.3491
     153      42.6054
     154      50.5830
     155      47.6021
     156      42.3271
     157      40.5233
     158      39.6308
     159      45.8313
     160      46.0062
     161      47.2048
     162      49.8836
     163      53.7135
     164      47.6049
     165      48.8037
     166      47.1124
     167      47.8197
     168      44.4759
     169      48.8106
     170      49.1142
     171      45.0189
     172      46.4124
     173      49.5804
     174      48.8748
     175      50.6563
     176      51.3509
     177      41.4564
     178      42.6192
     179      49.9949
     180      42.6958
     181      45.8143
     182      44.1356
     183      43.9432
     184      42.1588
     185      38.8393
     186      38.3962
     187      37.1196
     188      37.2007
     189      36.2738
     190      38.4361
     191      36.5322
     192      36.5532
     193      37.2776
     194      42.2486
     195      43.3865
     196      41.2235
     197      41.8873
     198      42.3960
     199      44.3716
     200      48.2499
     201      44.9677
     202      44.6084
     203      45.0532
     204      41.2530
     205      42.4545
     206      38.5777
     207      41.1268
     208      39.8554
     209      43.7195
     210      50.4869
     211      45.1821
     212      45.1317
     213      49.6375
     214      49.5272
     215      54.0461
     216      48.6894
     217      49.6252
     218      47.4826
     219      49.7073
     220      48.6822
     221      45.3013
     222      46.0167
     223      45.4828
     224      44.5076
     225      41.0834
     226      42.5524
     227      42.2227
     228      44.9537
     229      43.8739
     230      40.6031
     231      40.1067
     232      42.0314
     233      39.4655
     234      41.4419
     235      44.3695
     236      44.9950
     237      47.1141
     238      43.3992
     239      47.1678
     240      43.4494
     241      47.2018
     242      45.8300
     243      46.3709
     244      51.0836
     245      55.5562
     246      56.9897
     247      55.1824
     248      49.3613
     249      55.0053
     250      60.0093
     251      62.4312
     252      64.9153
     253      57.2573
     254      50.9901
     255      50.4027
     256      48.8090
     257      49.2214
     258      44.6802
     259      40.8170
     260      40.8756
     261      39.5432
     262      43.8424
     263      42.1819
     264      43.0152
     265      43.1341
     266      46.8575
     267      44.6244
     268      48.3560
     269      45.4429
     270      42.2385
     271      45.2309
     272      46.9415
     273      45.5981
     274      48.0040
     275      46.8305
     276      46.4116
     277      45.3205
     278      44.0207
     279      47.9128
     280      47.5103
     281      47.2385
     282      45.4020
     283      49.7912
     284      44.8105
     285      46.9065
     286      44.0926
     287      47.2645
     288      51.0149
     289      49.0213
     290      42.4174
     291      45.7275
     292      50.0072
     293      45.0690
     294      42.9744
     295      43.4036
     296      44.0813
     297      50.3987
     298      44.8419
     299      42.4420
     300      38.3509
     301      35.4465
     302      42.6718
     303      44.8479
     304      48.0258
     305      47.4061
     306      48.0897
     307      45.9980
     308      39.6512
     309      42.1904
     310      39.1704
     311      39.4513
     312      40.4225
     313      41.1290
     314      44.4963
     315      49.4862
     316      55.7061
     317      59.2343
     318      59.4353
     319      56.5196
     320      57.2010
     321      57.4405
     322      52.4184
     323      52.2949
     324      46.0899
     325      50.5099
     326      55.4379
     327      61.0305
     328      57.1531
     329      54.6466
     330      55.1949
     331      57.2029
     332      56.9615
     333      55.6665
     334      53.5950
     335      57.8041
     336      49.9053
     337      50.6087
     338      52.7387
     339      45.5887
     340      43.0127
     341      41.8120
     342      41.2212
     343      40.0996
     344      41.9683
     345      44.1705
     346      44.8992
     347      48.0621
     348      46.7817
     349      48.4353
     350      45.5851
     351      44.7837
     352      40.1652
     353      36.0586
     354      38.0413
     355      37.9510
     356      39.2835
     357      36.7524
     358      33.6887
     359      43.5961
     360      42.6679
     361      40.8816
     362      43.9848
     363      44.7161
     364      43.7320
     365      45.7327
     366      48.8865
     367      53.9309
     368      51.6987
     369      46.7277
     370      47.0336
     371      44.4894
     372      43.0388
     373      50.9324
     374      51.4765
     375      58.0833
     376      57.0767
     377      51.2600
     378      51.5454
     379      49.4535
     380      51.8893
     381      53.5036
     382      50.0947
     383      55.0478
     384      52.6235
     385      50.6744
     386      49.9158
     387      49.8216
     388      48.9931
     389      51.0295
     390      50.3440
     391      52.6295
     392      48.4477
     393      51.1208
     394      48.1728
     395      52.7822
     396      54.2081
     397      56.0195
     398      60.0837
     399      51.2327
     400      44.4447
     401      47.2714
     402      51.0915
     403      58.0866
     404      62.4719
     405      63.4158
     406      63.1555
     407      59.8541
     408      56.6024
     409      56.9758
     410      54.0874
     411      55.8806
     412      51.9850
     413      44.9833
     414      49.2354
     415      54.9097
     416      59.6926
     417      62.0946
     418      65.5385
     419      68.2035
     420      60.1433
     421      60.2370
     422      58.7689
     423      60.4894
     424      59.5797
     425      60.4920
     426      58.1020
     427      60.3272
     428      64.5552
     429      63.6444
     430      65.2213
     431      62.2656
     432      60.5353
     433      61.7681
     434      57.6703
     435      53.9326
     436      49.7846
     437      51.7133
     438      47.7861
     439      49.3069
     440      48.5241
     441      52.7851
     442      53.5842
     443      52.8149
     444      55.7241
     445      56.0853
     446      50.5796
     447      46.2383
     448      40.8498
     449      45.6625
     450      46.6038
     451      39.7551
     452      47.3448
     453      43.3805
     454      41.9860
     455      44.4598
     456      48.3502
     457      43.4803
     458      43.5918
     459      43.7930
     460      46.0532
     461      45.5696
     462      44.4694
     463      42.3768
     464      42.0179
     465      44.5808
     466      43.7600
     467      46.3577
     468      44.8399
     469      49.1057
     470      48.3319
     471      56.7093
     472      55.4108
     473      56.1189
     474      54.2355
     475      52.0196
     476      52.1738
     477      56.7890
     478      60.4878
     479      62.2473
     480      62.4957
     481      66.7032
     482      70.4720
     483      72.0179
     484      77.1923
     485      74.0042
     486      72.4531
     487      62.3984
     488      62.1492
     489      57.2043
     490      51.5776
     491      55.1900
     492      58.3065
     493      61.8067
     494      60.4399
     495      57.6378
     496      53.6705
     497      53.9727
     498      48.6251
     499      48.0048
     500      45.4600
     501      49.9422
     502      47.1091
     503      53.9908
     504      54.4277
     505      57.0861
     506      57.1308
     507      54.7090
     508      47.5947
     509      46.4596
     510      44.6282
     511      51.6954
     512      53.8082
     513      51.5046
     514      50.2312
     515      51.3513
     516      52.6908
     517      55.1231
     518      57.9359
     519      52.8428
     520      61.9282
     521      56.9864
     522      56.1894
     523      51.0231
     524      52.6187
     525      48.7336
     526      49.0731
     527      54.8392
     528      53.3868
     529      56.2749
     530      58.7002
     531      56.2576
     532      49.7298
     533      41.2413
     534      42.6804
     535      40.6921
     536      43.8702
     537      43.7136
     538      43.4796
     539      45.1657
     540      50.0926
     541      52.4612
     542      50.7141
     543      45.5238
     544      49.3819
     545      43.4776
     546      52.0066
     547      52.5630
     548      52.1223
     549      48.3346
     550      51.5826
     551      50.0722
     552      47.5927
     553      47.1693
     554      50.0090
     555      49.3499
     556      51.3980
     557      49.5309
     558      48.5817
     559      46.0612
     560      44.4042
     561      47.0269
     562      48.5606
     563      49.2976
     564      47.2340
     565      46.3948
     566      46.9012
     567      43.7245
     568      42.6934
     569      44.8421
     570      44.8941
     571      45.0570
     572      41.7169
     573      43.3546
     574      45.9548
     575      45.8731
     576      45.8136
     577      45.2866
     578      48.0731
     579      48.9213
     580      46.8755
     581      50.4850
     582      53.7276
     583      48.6271
     584      46.5751
     585      46.9736
     586      45.7126
     587      50.5557
     588      52.0134
     589      48.5632
     590      54.2469
     591      50.5996
     592      47.5602
     593      45.7390
     594      49.7274
     595      49.3954
     596      49.8857
     597      47.6351
     598      46.0961
     599      49.0244
     600      48.5966
     601      49.9252
     602      46.5629
     603      48.8848
     604      46.2883
     605      53.4925
     606      55.3324
     607      57.1100
     608      53.6267
     609      51.1575
     610      49.6481
     611      47.5204
     612      48.3495
     613      45.0894
     614      44.1758
     615      48.7178
     616      52.1643
     617      48.9851
     618      53.7484
     619      53.7367
     620      55.9380
     621      57.7404
     622      60.0938
     623      54.2403
     624      57.5123
     625      52.8256
     626      57.6262
     627      54.4820
     628      51.8964
     629      53.6956
     630      52.3103
     631      51.9266
     632      48.8813
     633      52.5232
     634      53.5368
     635      53.1681
     636      55.3782
     637      46.9973
     638      46.6160
     639      53.9447
     640      53.4400
     641      54.1789
     642      56.4212
     643      66.1268
     644      62.8633
     645      60.1653
     646      57.1943
     647      55.5865
     648      63.3167
     649      66.9995
     650      63.3491
     651      59.8281
     652      57.5876
     653      51.8553
     654      50.0042
     655      48.4435
     656      54.1991
     657      55.4667
     658      57.1164
     659      50.3033
     660      54.7258
     661      58.4655
     662      53.1904
     663      52.6614
     664      54.3165
     665      50.3623
     666      51.8523
     667      52.8820
     668      47.9994
     669      51.4549
     670      50.2041
     671      45.2173
     672      49.1928
     673      46.1906
     674      49.3055
     675      53.1180
     676      49.8299
     677      57.9918
     678      60.6592
     679      56.2501
     680      56.9672
     681      51.9798
     682      53.3035
     683      56.0391
     684      55.4554
     685      49.4126
     686      49.3076
     687      51.0339
     688      52.1344
     689      56.5236
     690      57.1271
     691      53.9131
     692      51.9404
     693      49.7485
     694      51.5227
     695      50.4075
     696      48.5188
     697      53.1332
     698      48.0021
     699      45.4709
     700      49.5434
     701      51.5867
     702      53.2274
     703      55.2743
     704      55.7373
     705      54.5814
     706      56.0286
     707      52.4338
     708      49.1113
     709      48.0384
     710      50.1605
     711      46.8156
     712      50.7723
     713      53.5053
     714      52.8537
     715      49.0718
     716      44.0661
     717      45.9567
     718      48.4831
     719      49.2124
     720      52.0259
     721      43.8811
     722      44.2748
     723      45.0198
     724      47.2651
     725      47.0470
     726      48.0922
     727      50.9049
     728      50.0489
     729      46.8671
     730      44.9145
     731      43.5813
     732      42.9911
     733      40.2359
     734      47.6861
     735      49.5336
     736      51.8857
     737      51.9865
     738      50.9655
     739      57.1918
     740      55.3999
     741      52.9987
     742      48.3397
     743      44.3775
     744      44.1014
     745      44.6344
     746      49.3129
     747      46.7906
     748      46.2100
     749      48.3452
     750      48.4153
     751      46.5168
     752      44.9586
     753      46.7438
     754      45.5084
     755      50.7477
     756      49.1748
     757      48.5924
     758      44.6441
     759      49.3872
     760      50.3640
     761      56.0333
     762      61.8015
     763      63.9283
     764      58.2508
     765      54.8500
     766      57.9062
     767      62.8685
     768      57.4872
     769      54.6265
     770      50.8294
     771      50.3638
     772      47.9291
     773      46.9372
     774      49.9841
     775      48.0022
     776      49.0246
     777      49.7322
     778      48.7385
     779      43.8269
     780      43.4071
     781      43.2525
     782      47.1545
     783      43.5279
     784      40.1746
     785      40.2950
     786      40.5775
     787      37.7388
     788      37.4352
     789      37.3677
     790      40.5068
     791      45.2401
     792      40.6192
     793      39.7226
     794      38.2528
     795      42.0478
     796      40.7382
     797      39.3752
     798      39.0655
     799      42.3203
     800      35.6975
     801      37.8468
     802      46.8846
     803      41.5470
     804      40.0074
     805      42.5675
     806      38.0940
     807      38.0089
     808      37.4594
     809      35.3203
     810      38.2911
     811      38.9373
     812      38.3810
     813      43.6396
     814      42.8008
     815      42.3994
     816      46.5740
     817      44.0525
     818      40.6526
     819      43.9961
     820      35.0322
     821      39.6488
     822      40.1774
     823      46.9274
     824      48.9382
     825      46.3933
     826      47.7113
     827      49.2841
     828      46.3111
     829      44.1031
     830      46.2958
     831      44.9886
     832      45.1164
     833      44.4037
     834      47.8566
     835      46.4188
     836      50.5280
     837      51.0973
     838      57.9610
     839      54.9820
     840      55.0464
     841      56.6586
     842      55.6793
     843      48.7880
     844      45.7349
     845      49.6251
     846      50.0319
     847      50.1976
     848      49.1109
     849      45.6032
     850      45.9366
     851      44.6434
     852      44.8240
     853      49.7606
     854      43.9430
     855      43.2441
     856      41.6899
     857      44.0098
     858      49.3803
     859      46.8758
     860      41.3552
     861      37.8842
     862      43.9036
     863      43.5974
     864      49.8582
     865      47.9507
     866      41.6644
     867      38.7827
     868      44.8414
     869      52.6701
     870      45.6602
     871      46.6588
     872      47.7324
     873      47.0438
     874      46.9867
     875      49.2490
     876      56.0195
     877      55.7498
     878      54.5385
     879      46.3795
     880      45.2562
     881      48.1984
     882      42.8524
     883      40.6720
     884      37.1390
     885      42.9404
     886      48.6462
     887      45.3692
     888      40.9606
     889      40.1269
     890      43.1518
     891      42.4583
     892      48.0476
     893      42.3255
     894      41.6279
     895      38.5503
     896      39.9440
     897      44.2161
     898      47.1729
     899      54.0197
     900      54.6761
     901      54.6715
     902      42.6902
     903      40.2299
     904      35.9444
     905      36.1163
     906      41.6832
     907      39.4117
     908      36.3214
     909      39.7225
     910      43.9344
     911      49.7436
     912      53.1519
     913      48.6115
     914      47.3369
     915      47.9222
     916      50.7464
     917      50.7904
     918      50.1165
     919      45.4496
     920      47.6917
     921      45.2745
     922      41.7448
     923      45.5655
     924      45.7167
     925      50.0670
     926      50.2093
     927      49.6238
     928      49.2084
     929      48.0808
     930      50.8395
     931      47.1109
     932      42.6158
     933      42.0672
     934      37.8977
     935      35.5550
     936      41.5949
     937      40.7245
     938      43.2666
     939      50.5107
     940      47.0151
     941      47.0130
     942      52.7147
     943      52.2106
     944      50.3636
     945      51.1525
     946      49.8667
     947      49.1650
     948      50.5889
     949      48.4054
     950      49.2561
     951      52.2734
     952      51.3300
     953      49.5977
     954      52.1958
     955      53.8173
     956      52.3166
     957      50.4242
     958      52.9302
     959      59.7445
     960      58.3552
     961      49.6445
     962      52.5978
     963      57.5645
     964      54.7673
     965      55.0685
     966      51.9525
     967      50.2012
     968      51.4201
     969      52.0242
     970      51.3654
     971      49.6417
     972      59.1497
     973      61.0304
     974      60.0667
     975      59.7232
     976      60.2323
     977      64.2204
     978      63.0769
     979      58.6239
     980      56.1203
     981      56.3900
     982      54.2257
     983      54.5579
     984      52.9679
     985      53.3710
     986      49.6200
     987      49.6099
     988      50.1178
     989      48.5522
     990      51.6614
     991      49.3048
     992      44.3766
     993      46.6137
     994      53.1814
     995      50.8914
     996      50.5252
     997      50.1244
     998      48.1980
     999      45.8787
    1000      45.6204
    1001      45.6049
    1002      52.0464
    1003      52.4980
    1004      56.7975
    1005      59.7136
    1006      54.8253
    1007      54.7454
    1008      59.4674
    1009      64.9483
    1010      65.5573
    1011      62.1476
    1012      68.3091
    1013      65.4737
    1014      64.3618
    1015      64.3652
    1016      58.1903
    1017      57.0391
    1018      53.4997
    1019      52.6919
    1020      49.6023
    1021      53.6736
    1022      55.0932
    1023      51.1516
    1024      53.1847
    1025      54.9775
    1026      55.7141
    1027      53.7296
    1028      50.8283
    1029      50.3529
    1030      47.6367
    1031      51.7211
    1032      46.6237
    1033      48.1020
    1034      51.5556
    1035      56.9792
    1036      51.2049
    1037      49.5209
    1038      46.2681
    1039      46.3380
    1040      47.2511
    1041      48.4723
    1042      52.3184
    1043      51.5282
    1044      53.9406
    1045      47.3133
    1046      46.4132
    1047      46.7240
    1048      48.8524
    1049      50.6607
    1050      50.5184
    1051      46.7250
    1052      45.1874
    1053      52.1806
    1054      45.7404
    1055      48.6147
    1056      52.8925
    1057      51.0873
    1058      46.5396
    1059      51.1562
    1060      51.3749
    1061      52.4950
    1062      47.3381
    1063      46.4623
    1064      51.1868
    1065      55.5498
    1066      52.8000
    1067      50.4903
    1068      50.6528
    1069      49.0964
    1070      52.7799
    1071      54.3005
    1072      52.1783
    1073      52.2770
    1074      54.9628
    1075      58.6887
    1076      56.7241
    1077      56.9263
    1078      47.8141
    1079      57.2209
    1080      59.8621
    1081      52.8383
    1082      50.9199
    1083      48.9054
    1084      48.1640
    1085      48.0759
    1086      48.1044
    1087      45.0779
    1088      46.3862
    1089      47.8028
    1090      50.2275
    1091      46.7149
    1092      42.2757
    1093      44.6688
    1094      49.7906
    1095      48.8049
    1096      51.8133
    1097      47.8818
    1098      42.6624
    1099      45.2442
    1100      49.1559
    1101      52.3006
    1102      50.1749
    1103      51.1133
    1104      54.7080
    1105      58.2226
    1106      56.2492
    1107      53.6969
    1108      49.6809
    1109      51.1089
    1110      53.4757
    1111      53.9269
    1112      51.4856
    1113      51.4410
    1114      50.9602
    1115      52.6919
    1116      53.4956
    1117      55.3801
    1118      55.1155
    1119      56.5261
    1120      58.4140
    1121      54.8939
    1122      55.0606
    1123      51.0630
    1124      57.2327
    1125      55.9216
    1126      61.0117
    1127      55.6040
    1128      48.2199
    1129      43.1227
    1130      40.8947
    1131      43.1624
    1132      43.5800
    1133      46.1215
    1134      49.5817
    1135      52.0005
    1136      53.4550
    1137      54.9936
    1138      57.7961
    1139      53.6808
    1140      56.6837
    1141      49.2197
    1142      43.0300
    1143      42.8843
    1144      48.5098
    1145      47.5365
    1146      46.9602
    1147      48.8379
    1148      48.1953
    1149      54.0323
    1150      56.0762
    1151      55.4143
    1152      51.5336
    1153      51.8880
    1154      45.1723
    1155      47.5726
    1156      46.0680
    1157      44.1732
    1158      46.1570
    1159      49.0995
    1160      50.2279
    1161      46.6178
    1162      44.9769
    1163      43.8772
    1164      44.5465
    1165      44.5466
    1166      40.7685
    1167      42.0188
    1168      42.9554
    1169      47.4119
    1170      45.9802
    1171      46.7832
    1172      49.2253
    1173      43.9326
    1174      45.2237
    1175      53.8064
    1176      50.7225
    1177      52.2404
    1178      55.3355
    1179      57.8012
    1180      54.6472
    1181      50.7429
    1182      49.8154
    1183      52.3047
    1184      49.5960
    1185      52.0387
    1186      53.5475
    1187      50.5016
    1188      52.1928
    1189      53.6272
    1190      50.3094
    1191      49.9912
    1192      52.3378
    1193      58.1273
    1194      56.5562
    1195      61.0390
    1196      59.8500
    1197      62.3315
    1198      59.0091
    1199      52.0534
    1200      51.1310
    1201      51.6476
    1202      55.2487
    1203      54.0559
    1204      50.2510
    1205      47.8148
    1206      49.4978
    1207      51.6886
    1208      49.2351
    1209      46.8790
    1210      49.2640
    1211      54.6532
    1212      53.6827
    1213      53.7015
    1214      46.4197
    1215      47.6423
    1216      48.0744
    1217      47.4769
    1218      43.2375
    1219      49.2211
    1220      49.3765
    1221      51.8928
    1222      46.2284
    1223      43.7477
    1224      43.7570
    1225      39.3039
    1226      48.8497
    1227      40.5902
    1228      45.0007
    1229      44.4048
    1230      42.3373
    1231      49.5912
    1232      47.0368
    1233      48.7798
    1234      45.1152
    1235      45.0571
    1236      48.3127
    1237      46.6003
    1238      47.2676
    1239      54.9437
    1240      49.2515
    1241      49.1533
    1242      49.3728
    1243      53.2358
    1244      55.9927
    1245      50.9556
    1246      47.0076
    1247      44.8456
    1248      48.2938
    1249      49.2527
    1250      53.7549
    1251      56.2058
    1252      50.0848
    1253      49.1498
    1254      47.8696
    1255      45.8593
    1256      50.7764
    1257      46.1919
    1258      42.7606
    1259      50.4357
    1260      52.2174
    1261      58.3970
    1262      60.5808
    1263      59.5778
    1264      48.9378
    1265      44.6080
    1266      51.2799
    1267      52.4524
    1268      51.7724
    1269      53.1911
    1270      54.3466
    1271      52.4504
    1272      48.6708
    1273      44.4558
    1274      44.5199
    1275      45.0530
    1276      42.8558
    1277      44.0555
    1278      45.3022
    1279      42.6542
    1280      38.2580
    1281      40.0638
    1282      38.7471
    1283      37.7387
    1284      39.0141
    1285      38.0396
    1286      38.0649
    1287      42.3962
    1288      45.2947
    1289      46.6785
    1290      50.5553
    1291      43.5669
    1292      47.1105
    1293      44.7186
    1294      41.2981
    1295      42.9151
    1296      45.1910
    1297      46.7696
    1298      46.3237
    1299      47.9538
    1300      52.9673
    1301      49.9234
    1302      48.1125
    1303      49.2649
    1304      48.6563
    1305      50.6211
    1306      46.4054
    1307      45.2954
    1308      47.5770
    1309      46.1365
    1310      42.0681
    1311      43.1212
    1312      41.1182
    1313      37.4584
    1314      38.4833
    1315      43.2121
    1316      43.5692
    1317      46.7948
    1318      47.4072
    1319      50.8925
    1320      51.6320
    1321      52.6510
    1322      54.7772
    1323      55.6924
    1324      55.8698
    1325      62.1424
    1326      51.7940
    1327      45.6470
    1328      44.3850
    1329      46.4709
    1330      42.7132
    1331      44.5059
    1332      46.5375
    1333      46.3306
    1334      43.4910
    1335      38.5274
    1336      40.7630
    1337      42.6433
    1338      45.2796
    1339      42.3746
    1340      41.7085
    1341      44.0669
    1342      45.7142
    1343      48.4339
    1344      52.8775
    1345      54.2121
    1346      62.7839
    1347      58.8525
    1348      54.4454
    1349      52.8801
    1350      49.3783
    1351      48.8757
    1352      45.3749
    1353      47.0303
    1354      50.3806
    1355      51.3901
    1356      49.2719
    1357      53.6390
    1358      52.3044
    1359      53.2312
    1360      51.4474
    1361      52.9213
    1362      54.3985
    1363      51.2754
    1364      55.1437
    1365      54.8524
    1366      60.1170
    1367      53.4131
    1368      55.8694
    1369      56.1337
    1370      51.4226
    1371      52.1214
    1372      55.7247
    1373      57.7224
    1374      55.2206
    1375      58.0164
    1376      58.6970
    1377      54.8351
    1378      54.2241
    1379      51.6864
    1380      52.1511
    1381      52.9924
    1382      54.1421
    1383      57.4783
    1384      53.1008
    1385      52.7640
    1386      45.7646
    1387      43.5912
    1388      43.8122
    1389      46.9485
    1390      47.0814
    1391      45.9569
    1392      48.7539
    1393      46.6737
    1394      48.3340
    1395      47.7342
    1396      43.6012
    1397      44.2077
    1398      47.8295
    1399      47.5289
    1400      47.1627
    1401      50.1614
    1402      46.8098
    1403      49.4847
    1404      49.6248
    1405      50.3942
    1406      47.6118
    1407      45.8406
    1408      45.6295
    1409      48.3997
    1410      51.3074
    1411      49.7675
    1412      50.5057
    1413      50.1422
    1414      45.1047
    1415      47.9027
    1416      50.0561
    1417      44.9002
    1418      45.5134
    1419      45.4531
    1420      47.9138
    1421      47.1660
    1422      46.7926
    1423      46.9641
    1424      48.6881
    1425      47.4722
    1426      47.8003
    1427      47.6478
    1428      50.7252
    1429      50.2168
    1430      50.0770
    1431      50.5636
    1432      54.4770
    1433      47.5464
    1434      56.7535
    1435      58.6263
    1436      57.8086
    1437      57.7120
    1438      55.0105
    1439      51.1275
    1440      51.7049
    1441      54.5235
    1442      53.5630
    1443      55.8299
    1444      54.3136
    1445      52.9834
    1446      50.9744
    1447      53.4033
    1448      53.2641
    1449      54.1575
    1450      48.6696
    1451      49.1765
    1452      52.0142
    1453      53.6378
    1454      50.3123
    1455      50.5738
    1456      60.0616
    1457      54.0619
    1458      60.2993
    1459      57.2937
    1460      53.4243
    1461      51.4943
    1462      46.4568
    1463      51.7908
    1464      49.3179
    1465      49.5291
    1466      52.0220
    1467      49.7724
    1468      50.8216
    1469      51.4806
    1470      49.6904
    1471      52.4923
    1472      52.2851
    1473      51.0274
    1474      53.1218
    1475      59.9084
    1476      63.2542
    1477      59.4911
    1478      57.1474
    1479      54.0114
    1480      49.8592
    1481      48.8393
    1482      46.2447
    1483      46.9955
    1484      46.6982
    1485      47.0382
    1486      49.0327
    1487      48.8929
    1488      47.5848
    1489      53.9201
    1490      58.1714
    1491      59.6878
    1492      57.4964
    1493      55.2393
    1494      54.5995
    1495      50.9555
    1496      52.9189
    1497      53.6475
    1498      51.0507
    1499      52.2981
    1500      51.6967
    1501      49.8091
    1502      51.5430
    1503      54.5307
    1504      57.3164
    1505      59.0914
    1506      58.7548
    1507      58.3582
    1508      58.1476
    1509      54.0462
    1510      53.5775
    1511      53.0892
    1512      52.6329
    1513      56.1187
    1514      55.8845
    1515      60.4630
    1516      56.1636
    1517      53.7620
    1518      51.7303
    1519      50.6075
    1520      51.0559
    1521      54.2585
    1522      56.9756
    1523      56.0324
    1524      60.6835
    1525      62.0544
    1526      65.4969
    1527      62.3432
    1528      60.1041
    1529      60.8878
    1530      59.3944
    1531      57.8185
    1532      56.4149
    1533      55.0860
    1534      54.4581
    1535      48.9194
    1536      51.6542
    1537      47.5088
    1538      45.1562
    1539      45.0362
    1540      45.7303
    1541      47.1642
    1542      48.4292
    1543      43.2428
    1544      50.4820
    1545      50.6749
    1546      49.1350
    1547      44.4768
    1548      42.4126
    1549      46.9329
    1550      45.6800
    1551      42.0849
    1552      40.2239
    1553      42.8845
    1554      42.4631
    1555      39.4790
    1556      47.5713
    1557      48.5274
    1558      52.5027
    1559      53.1771
    1560      51.4722
    1561      51.7920
    1562      51.8562
    1563      54.0684
    1564      58.6757
    1565      50.7432
    1566      47.8973
    1567      44.8799
    1568      46.8860
    1569      50.4573
    1570      45.9041
    1571      50.2467
    1572      49.6505
    1573      52.9082
    1574      52.7071
    1575      53.0158
    1576      53.5591
    1577      48.4586
    1578      51.8752
    1579      55.0812
    1580      50.6091
    1581      47.5271
    1582      45.5499
    1583      41.3935
    1584      43.5076
    1585      45.9698
    1586      48.7747
    1587      55.3817
    1588      53.9106
    1589      47.5418
    1590      40.5529
    1591      43.7801
    1592      46.3452
    1593      54.5410
    1594      57.1759
    1595      53.7205
    1596      55.9654
    1597      50.1358
    1598      49.2711
    1599      49.9562
    1600      45.5848
    1601      43.5388
    1602      45.8891
    1603      45.2118
    1604      45.5247
    1605      45.6531
    1606      49.1632
    1607      49.7651
    1608      48.9202
    1609      51.2983
    1610      58.8706
    1611      56.0982
    1612      57.9926
    1613      54.3142
    1614      50.8092
    1615      49.8110
    1616      50.1270
    1617      45.9313
    1618      44.0698
    1619      47.3649
    1620      49.7137
    1621      54.6927
    1622      51.7306
    1623      46.9786
    1624      48.8328
    1625      43.5489
    1626      47.6128
    1627      49.9777
    1628      53.8920
    1629      56.6641
    1630      57.5340
    1631      61.0372
    1632      65.0557
    1633      68.8391
    1634      60.2610
    1635      58.0752
    1636      51.9148
    1637      43.2093
    1638      45.3385
    1639      40.7096
    1640      47.9582
    1641      46.6539
    1642      50.9941
    1643      52.0193
    1644      55.3057
    1645      52.1565
    1646      48.6432
    1647      53.0462
    1648      50.1836
    1649      52.2963
    1650      49.1451
    1651      50.6086
    1652      46.4446
    1653      41.9002
    1654      42.6197
    1655      39.9873
    1656      45.8708
    1657      45.6294
    1658      44.2457
    1659      43.6436
    1660      49.4400
    1661      47.6121
    1662      43.4456
    1663      45.0929
    1664      48.3057
    1665      49.9815
    1666      48.4677
    1667      46.8072
    1668      46.1860
    1669      48.2689
    1670      45.2050
    1671      49.8020
    1672      49.3989
    1673      48.1685
    1674      49.3124
    1675      49.2950
    1676      50.5499
    1677      53.8839
    1678      51.1142
    1679      50.2464
    1680      53.4041
    1681      57.5265
    1682      49.5873
    1683      51.0083
    1684      48.2949
    1685      44.1832
    1686      48.0114
    1687      43.9638
    1688      45.1543
    1689      49.0651
    1690      48.1862
    1691      51.4121
    1692      50.8667
    1693      46.2975
    1694      45.7709
    1695      46.8273
    1696      44.1261
    1697      43.1212
    1698      49.3798
    1699      48.7755
    1700      42.7490
    1701      42.3020
    1702      45.6683
    1703      49.4095
    1704      43.7462
    1705      36.7929
    1706      40.7957
    1707      43.4443
    1708      40.1694
    1709      39.6690
    1710      39.7072
    1711      44.4608
    1712      44.1620
    1713      48.1664
    1714      49.2917
    1715      51.2851
    1716      53.6156
    1717      45.1376
    1718      50.1903
    1719      49.5001
    1720      53.4008
    1721      51.7824
    1722      47.4025
    1723      54.0639
    1724      55.7255
    1725      56.1661
    1726      57.3471
    1727      52.4751
    1728      51.0948
    1729      49.8313
    1730      46.9852
    1731      49.7988
    1732      50.4309
    1733      43.9198
    1734      44.9027
    1735      47.5949
    1736      44.4109
    1737      49.8368
    1738      56.0591
    1739      53.2241
    1740      55.8566
    1741      57.0609
    1742      56.9919
    1743      51.6074
    1744      51.2759
    1745      47.8367
    1746      46.8430
    1747      54.2655
    1748      57.3366
    1749      58.9019
    1750      55.3952
    1751      56.1917
    1752      48.2993
    1753      51.5069
    1754      56.5470
    1755      57.5016
    1756      58.2482
    1757      57.1090
    1758      52.8339
    1759      52.8638
    1760      51.2748
    1761      49.6052
    1762      49.2467
    1763      51.8613
    1764      46.6152
    1765      48.1525
    1766      52.4995
    1767      49.8443
    1768      49.4635
    1769      51.8010
    1770      52.0244
    1771      46.0763
    1772      46.7143
    1773      49.6305
    1774      41.5127
    1775      41.6247
    1776      41.8551
    1777      38.2259
    1778      43.0042
    1779      44.7379
    1780      48.0200
    1781      52.0280
    1782      45.7367
    1783      45.5275
    1784      49.5514
    1785      53.5091
    1786      54.0917
    1787      51.5595
    1788      51.6051
    1789      49.0411
    1790      39.7534
    1791      42.1986
    1792      49.0071
    1793      49.7217
    1794      47.6100
    1795      49.6017
    1796      44.4811
    1797      44.3522
    1798      42.9970
    1799      45.0711
    1800      46.6285
    1801      46.0291
    1802      53.4953
    1803      51.4392
    1804      53.6933
    1805      51.1376
    1806      52.3437
    1807      54.3475
    1808      48.5974
    1809      48.8714
    1810      52.9441
    1811      51.2860
    1812      51.0814
    1813      54.1052
    1814      54.7772
    1815      52.7630
    1816      57.7368
    1817      54.1970
    1818      53.0049
    1819      54.3998
    1820      55.2984
    1821      52.2679
    1822      53.6351
    1823      54.5702
    1824      50.3561
    1825      50.5965
    1826      49.4149
    1827      52.8294
    1828      47.6402
    1829      46.8404
    1830      52.9422
    1831      53.1064
    1832      56.0811
    1833      53.5034
    1834      51.4691
    1835      51.4918
    1836      46.8430
    1837      46.9213
    1838      52.7379
    1839      51.1232
    1840      50.8898
    1841      54.4891
    1842      50.5703
    1843      51.0843
    1844      52.4694
    1845      51.6754
    1846      57.0173
    1847      54.5980
    1848      51.6563
    1849      50.4441
    1850      54.1141
    1851      57.9161
    1852      53.5068
    1853      53.2679
    1854      51.7549
    1855      55.7631
    1856      56.8218
    1857      51.1472
    1858      48.9384
    1859      51.6052
    1860      53.2412
    1861      51.4658
    1862      54.0277
    1863      48.8471
    1864      52.1379
    1865      50.8143
    1866      46.1275
    1867      45.2561
    1868      46.1030
    1869      42.9607
    1870      46.3493
    1871      49.1636
    1872      48.3781
    1873      48.3384
    1874      52.7905
    1875      51.9816
    1876      44.4649
    1877      43.5986
    1878      47.4730
    1879      42.1208
    1880      45.8730
    1881      46.9977
    1882      48.3142
    1883      44.4030
    1884      46.3726
    1885      48.9388
    1886      44.3174
    1887      38.4522
    1888      38.2097
    1889      42.5249
    1890      39.2424
    1891      42.0808
    1892      46.9838
    1893      45.9917
    1894      45.2732
    1895      49.6061
    1896      43.3953
    1897      41.4426
    1898      42.4611
    1899      43.4662
    1900      39.3090
    1901      42.1176
    1902      44.8567
    1903      40.6766
    1904      39.0277
    1905      42.4333
    1906      46.7966
    1907      46.4023
    1908      43.5879
    1909      45.8293
    1910      42.9364
    1911      45.1907
    1912      49.1137
    1913      49.7077
    1914      48.8903
    1915      50.3917
    1916      51.1616
    1917      50.8459
    1918      49.2588
    1919      50.2022
    1920      49.1946
    1921      45.7787
    1922      47.5426
    1923      52.3075
    1924      49.6791
    1925      47.2172
    1926      49.8597
    1927      51.3839
    1928      45.6095
    1929      45.7867
    1930      42.7469
    1931      45.5074
    1932      48.2249
    1933      44.8135
    1934      48.6195
    1935      44.8079
    1936      47.8987
    1937      51.4907
    1938      49.2549
    1939      43.1229
    1940      49.0685
    1941      47.9278
    1942      45.6473
    1943      43.1363
    1944      47.2226
    1945      46.5460
    1946      49.3699
    1947      46.6520
    1948      43.8468
    1949      48.8717
    1950      54.6162
    1951      50.9459
    1952      47.0454
    1953      42.7928
    1954      45.0675
    1955      42.9451
    1956      50.8278
    1957      52.8284
    1958      51.8154
    1959      49.9938
    1960      44.1186
    1961      41.3644
    1962      40.0295
    1963      42.9474
    1964      44.8220
    1965      46.5110
    1966      48.7783
    1967      41.5040
    1968      42.9330
    1969      46.0043
    1970      50.7689
    1971      53.9823
    1972      52.1639
    1973      47.4210
    1974      52.5933
    1975      50.3760
    1976      50.2041
    1977      50.4353
    1978      47.1491
    1979      43.6873
    1980      42.1314
    1981      42.9914
    1982      45.4097
    1983      39.1453
    1984      39.8459
    1985      41.8759
    1986      44.4247
    1987      41.9417
    1988      41.0054
    1989      48.7349
    1990      48.9992
    1991      47.4876
    1992      52.9127
    1993      53.2375
    1994      49.7893
    1995      48.4392
    1996      51.3346
    1997      48.5558
    1998      45.6129
    1999      46.3760
    2000      45.0868
    2001      45.8138
    2002      49.0160
    2003      44.8074
    2004      42.4697
    2005      44.1626
    2006      41.5142
    2007      49.3231
    2008      47.3949
    2009      53.2631
    2010      51.3777
    2011      50.1743
    2012      47.0009
    2013      42.5675
    2014      39.1021
    2015      41.8204
    2016      44.2019
    2017      41.3546
    2018      42.4921
    2019      45.9574
    2020      48.5243
    2021      49.4105
    2022      51.4445
    2023      43.7794
    2024      43.0197
    2025      44.4224
    2026      43.8709
    2027      46.1920
    2028      46.3350
    2029      46.8309
    2030      47.9824
    2031      50.8608
    2032      44.3830
    2033      45.1970
    2034      49.4877
    2035      47.7189
    2036      47.2556
    2037      40.9475
    2038      45.9083
    2039      48.3373
    2040      50.0664
    2041      48.6692
    2042      47.2107
    2043      50.8747
    2044      54.5955
    2045      55.3525
    2046      52.1401
    2047      49.3865
    2048      48.8505
    2049      55.5406
    2050      60.5378
    2051      54.4840
    2052      55.2485
    2053      56.8161
    2054      61.4370
    2055      62.1204
    2056      60.1124
    2057      60.7197
    2058      60.4979
    2059      53.9110
    2060      57.0230
    2061      55.4274
    2062      50.2140
    2063      54.4757
    2064      59.9152
    2065      59.9897
    2066      51.8057
    2067      61.7996
    2068      56.2297
    2069      58.4559
    2070      57.2557
    2071      52.6294
    2072      50.0415
    2073      51.6013
    2074      52.5999
    2075      53.9655
    2076      57.1184
    2077      50.5652
    2078      50.9963
    2079      47.4718
    2080      45.8003
    2081      48.2661
    2082      50.5209
    2083      49.0114
    2084      43.5102
    2085      46.8566
    2086      46.5632
    2087      48.5436
    2088      46.3367
    2089      44.6459
    2090      51.6738
    2091      56.9305
    2092      53.5601
    2093      51.6235
    2094      48.8743
    2095      52.4125
    2096      53.6630
    2097      44.0496
    2098      45.8634
    2099      50.8964
    2100      53.6184
    2101      52.8760
    2102      53.2140
    2103      48.2111
    2104      43.4291
    2105      43.5145
    2106      47.6450
    2107      43.7236
    2108      45.9482
    2109      41.3759
    2110      50.1700
    2111      49.3541
    2112      47.3898
    2113      49.1145
    2114      50.9641
    2115      44.7810
    2116      46.0402
    2117      48.1434
    2118      48.4502
    2119      52.4133
    2120      53.3066
    2121      53.7365
    2122      55.4122
    2123      54.8068
    2124      52.8670
    2125      51.0881
    2126      49.9990
    2127      54.0102
    2128      53.7860
    2129      53.3945
    2130      50.2385
    2131      53.2853
    2132      51.6896
    2133      48.4731
    2134      48.4065
    2135      54.3678
    2136      47.0407
    2137      47.8915
    2138      49.3949
    2139      52.2059
    2140      51.4710
    2141      51.7505
    2142      55.7122
    2143      52.6983
    2144      48.4903
    2145      49.4565
    2146      48.0265
    2147      50.8352
    2148      49.0931
    2149      49.6978
    2150      50.1806
    2151      47.9456
    2152      48.6234
    2153      50.1547
    2154      49.9362
    2155      51.1489
    2156      53.5286
    2157      56.3715
    2158      52.3395
    2159      51.1463
    2160      55.3993
    2161      55.4110
    2162      54.2664
    2163      58.9295
    2164      57.3723
    2165      56.3662
    2166      56.7322
    2167      54.9241
    2168      58.9935
    2169      55.4221
    2170      55.9689
    2171      55.4701
    2172      53.5546
    2173      51.7768
    2174      51.6752
    2175      48.0919
    2176      47.7157
    2177      51.3619
    2178      52.0874
    2179      50.0098
    2180      50.7186
    2181      45.4663
    2182      48.4044
    2183      48.8009
    2184      48.9151
    2185      53.5609
    2186      53.8183
    2187      57.2072
    2188      59.1462
    2189      54.8161
    2190      53.2577
    2191      57.4724
    2192      56.9602
    2193      54.9498
    2194      54.7013
    2195      53.5090
    2196      51.6497
    2197      56.4497
    2198      55.6884
    2199      55.2440
    2200      58.7669
    2201      53.6592
    2202      53.4903
    2203      56.5820
    2204      60.5139
    2205      58.5351
    2206      66.0260
    2207      61.8266
    2208      61.7841
    2209      62.3128
    2210      57.5507
    2211      55.2623
    2212      53.2084
    2213      55.4327
    2214      56.3841
    2215      51.9386
    2216      50.6202
    2217      47.4415
    2218      48.1356
    2219      53.3097
    2220      53.8493
    2221      56.0071
    2222      53.4871
    2223      57.6997
    2224      63.4998
    2225      65.5699
    2226      64.0004
    2227      64.0727
    2228      58.8655
    2229      59.4921
    2230      60.4013
    2231      63.0763
    2232      63.9064
    2233      59.1199
    2234      59.7293
    2235      56.7346
    2236      61.4577
    2237      59.1310
    2238      58.5875
    2239      62.8810
    2240      64.4608
    2241      59.9685
    2242      60.9962
    2243      55.2140
    2244      53.5974
    2245      55.2891
    2246      55.0086
    2247      56.0519
    2248      52.3408
    2249      54.1480
    2250      49.0291
    2251      53.0492
    2252      56.0402
    2253      57.2229
    2254      54.5254
    2255      53.9766
    2256      53.5368
    2257      53.6362
    2258      52.0584
    2259      56.8675
    2260      54.7352
    2261      57.0206
    2262      53.6848
    2263      53.6195
    2264      50.0553
    2265      51.1060
    2266      47.2771
    2267      47.2130
    2268      50.5599
    2269      54.7693
    2270      58.4347
    2271      58.8891
    2272      56.8391
    2273      50.4466
    2274      47.9314
    2275      44.6675
    2276      41.7327
    2277      42.4192
    2278      43.9589
    2279      39.1917
    2280      39.9436
    2281      45.9115
    2282      49.0006
    2283      47.2837
    2284      41.4384
    2285      45.2571
    2286      48.4364
    2287      50.0506
    2288      48.0820
    2289      47.1286
    2290      44.7029
    2291      43.5009
    2292      44.4678
    2293      41.8778
    2294      46.8279
    2295      48.4182
    2296      48.0306
    2297      48.3556
    2298      45.4030
    2299      46.3771
    2300      49.8265
    2301      56.3674
    2302      56.8689
    2303      60.6747
    2304      61.4167
    2305      55.3157
    2306      54.0673
    2307      58.5661
    2308      58.1293
    2309      58.9122
    2310      56.9281
    2311      56.2229
    2312      57.9906
    2313      56.6070
    2314      58.8793
    2315      59.4397
    2316      57.8988
    2317      56.0097
    2318      54.3537
    2319      48.4746
    2320      45.6358
    2321      44.7738
    2322      41.0570
    2323      46.9857
    2324      46.0747
    2325      43.6088
    2326      43.6199
    2327      46.7890
    2328      45.9924
    2329      46.8289
    2330      47.9598
    2331      48.5343
    2332      48.2377
    2333      47.9834
    2334      46.3910
    2335      49.1070
    2336      46.5294
    2337      48.2458
    2338      50.8295
    2339      47.0880
    2340      45.6162
    2341      44.3132
    2342      49.8911
    2343      50.4569
    2344      55.5005
    2345      51.4810
    2346      46.2789
    2347      41.9225
    2348      42.9128
    2349      39.7775
    2350      44.7401
    2351      45.5168
    2352      47.9128
    2353      44.8029
    2354      45.4338
    2355      50.1131
    2356      49.2326
    2357      54.0001
    2358      51.0619
    2359      50.3650
    2360      49.8080
    2361      53.1697
    2362      58.6395
    2363      60.9287
    2364      53.7750
    2365      55.7142
    2366      49.5271
    2367      49.5249
    2368      47.3546
    2369      46.0911
    2370      45.2128
    2371      53.8045
    2372      46.6877
    2373      49.7139
    2374      55.7412
    2375      50.9803
    2376      48.6842
    2377      45.0203
    2378      46.9889
    2379      47.7074
    2380      48.6007
    2381      48.4776
    2382      46.5388
    2383      47.9888
    2384      41.8711
    2385      45.1933
    2386      46.2767
    2387      49.2912
    2388      50.0658
    2389      50.5548
    2390      47.8953
    2391      52.1257
    2392      52.9049
    2393      51.1925
    2394      53.1759
    2395      51.5120
    2396      45.0843
    2397      49.3341
    2398      48.5644
    2399      43.3841
    2400      39.1508
    2401      38.3799
    2402      39.5360
    2403      41.3818
    2404      41.4673
    2405      45.4842
    2406      50.9547
    2407      53.9367
    2408      43.3657
    2409      46.2047
    2410      46.7633
    2411      44.4627
    2412      43.4584
    2413      46.8957
    2414      46.2629
    2415      45.5350
    2416      47.8241
    2417      43.7250
    2418      43.9182
    2419      49.3527
    2420      52.0665
    2421      44.2470
    2422      45.7692
    2423      48.1153
    2424      48.8536
    2425      50.9459
    2426      53.3568
    2427      53.4379
    2428      51.1059
    2429      51.9148
    2430      53.6355
    2431      47.1224
    2432      46.4641
    2433      45.3403
    2434      51.0130
    2435      55.0638
    2436      52.8537
    2437      54.1095
    2438      53.6847
    2439      48.4197
    2440      52.3902
    2441      52.2139
    2442      49.0799
    2443      52.9174
    2444      58.3070
    2445      55.9905
    2446      53.4287
    2447      57.2607
    2448      59.1658
    2449      59.1379
    2450      56.6174
    2451      57.3935
    2452      63.6057
    2453      63.7997
    2454      60.1667
    2455      62.5332
    2456      62.6996
    2457      55.9911
    2458      53.3037
    2459      57.0190
    2460      57.4558
    2461      57.2481
    2462      60.7039
    2463      52.3232
    2464      47.4183
    2465      51.4823
    2466      52.4074
    2467      51.8042
    2468      52.1703
    2469      49.9238
    2470      46.2411
    2471      46.9589
    2472      49.6961
    2473      51.2648
    2474      50.4130
    2475      54.1817
    2476      50.4052
    2477      54.2414
    2478      54.5600
    2479      49.8066
    2480      51.1582
    2481      51.8917
    2482      50.4048
    2483      47.7050
    2484      43.7691
    2485      46.0321
    2486      47.4756
    2487      47.2576
    2488      46.5662
    2489      54.7687
    2490      54.2344
    2491      48.9225
    2492      45.6594
    2493      40.6941
    2494      44.9714
    2495      45.5151
    2496      46.8533
    2497      49.9903
    2498      46.1825
    2499      47.8060
    2500      50.5984
    2501      54.9020
    2502      49.3393
    2503      42.2770
    2504      42.6630
    2505      43.3632
    2506      43.0869
    2507      42.3946
    2508      45.4246
    2509      41.5810
    2510      40.2227
    2511      41.6577
    2512      40.0915
    2513      42.4781
    2514      39.2328
    2515      40.7109
    2516      38.1505
    2517      37.7467
    2518      45.7266
    2519      42.1795
    2520      41.3659
    2521      45.5708
    2522      47.5284
    2523      45.4603
    2524      46.8235
    2525      42.7490
    2526      42.8190
    2527      44.1162
    2528      44.5782
    2529      46.4179
    2530      50.2491
    2531      53.2814
    2532      53.2415
    2533      48.7942
    2534      52.4441
    2535      54.6806
    2536      46.2037
    2537      42.3765
    2538      47.7797
    2539      54.2775
    2540      57.3337
    2541      55.8643
    2542      50.0333
    2543      49.0888
    2544      47.9508
    2545      48.1200
    2546      50.1065
    2547      52.3589
    2548      47.7697
    2549      51.0813
    2550      51.4193
    2551      52.3488
    2552      47.7482
    2553      42.8667
    2554      42.4318
    2555      42.8680
    2556      41.5300
    2557      46.2162
    2558      49.4844
    2559      51.1262
    2560      49.9173
    2561      46.1856
    2562      48.6473
    2563      51.3371
    2564      53.1935
    2565      53.5318
    2566      55.4010
    2567      54.0226
    2568      53.0412
    2569      56.9771
    2570      56.2476
    2571      55.2996
    2572      55.5670
    2573      55.8344
    2574      55.8712
    2575      55.8809
    2576      56.1636
    2577      54.1161
    2578      51.6785
    2579      54.2039
    2580      55.4928
    2581      57.2465
    2582      60.1128
    2583      53.3940
    2584      48.3191
    2585      45.8213
    2586      47.6848
    2587      54.1334
    2588      58.8133
    2589      57.5509
    2590      57.4759
    2591      55.5977
    2592      53.9301
    2593      57.8224
    2594      57.4137
    2595      51.7210
    2596      47.7538
    2597      45.2520
    2598      45.9518
    2599      46.2843
    2600      49.4688
    2601      44.9033
    2602      48.1914
    2603      48.8574
    2604      47.3856
    2605      52.4174
    2606      47.2110
    2607      45.8871
    2608      46.3480
    2609      48.7869
    2610      45.6034
    2611      46.0962
    2612      46.0642
    2613      47.2121
    2614      44.4956
    2615      44.7671
    2616      39.4205
    2617      38.6968
    2618      38.8423
    2619      45.3872
    2620      47.7127
    2621      47.8326
    2622      50.1233
    2623      46.0125
    2624      49.8894
    2625      49.0929
    2626      50.6180
    2627      49.8191
    2628      45.8642
    2629      46.0634
    2630      44.2973
    2631      40.7439
    2632      43.8978
    2633      46.6481
    2634      47.2725
    2635      49.5199
    2636      44.0961
    2637      44.4674
    2638      45.4913
    2639      47.2821
    2640      55.7311
    2641      54.8639
    2642      49.9752
    2643      49.6157
    2644      50.5908
    2645      50.4473
    2646      53.0731
    2647      54.2207
    2648      52.0201
    2649      50.5195
    2650      51.8322
    2651      49.8278
    2652      55.7897
    2653      54.5713
    2654      51.3502
    2655      49.9295
    2656      43.1450
    2657      44.7824
    2658      49.2419
    2659      50.1229
    2660      47.9704
    2661      46.3620
    2662      50.2647
    2663      47.9073
    2664      48.5253
    2665      42.6524
    2666      43.0737
    2667      46.6408
    2668      44.0798
    2669      43.5049
    2670      49.5142
    2671      49.6774
    2672      48.1332
    2673      49.3154
    2674      48.1142
    2675      50.1664
    2676      50.5698
    2677      52.3490
    2678      50.9739
    2679      51.1295
    2680      49.4811
    2681      50.7489
    2682      47.4699
    2683      42.5352
    2684      45.2713
    2685      52.3096
    2686      49.5083
    2687      48.5887
    2688      55.4241
    2689      50.7460
    2690      51.1870
    2691      53.9084
    2692      50.0830
    2693      51.0480
    2694      47.1499
    2695      53.1612
    2696      50.7311
    2697      47.7290
    2698      48.8138
    2699      51.1378
    2700      51.5445
    2701      49.0416
    2702      51.5920
    2703      50.7906
    2704      46.3437
    2705      49.6678
    2706      44.6578
    2707      48.6084
    2708      45.0739
    2709      40.5722
    2710      43.2716
    2711      44.2461
    2712      49.9925
    2713      49.2966
    2714      47.2128
    2715      44.7407
    2716      49.1623
    2717      50.7086
    2718      49.3184
    2719      50.5799
    2720      48.1576
    2721      50.2914
    2722      51.5323
    2723      52.8523
    2724      57.9180
    2725      54.3121
    2726      52.5927
    2727      56.1516
    2728      52.2535
    2729      53.1382
    2730      55.9458
    2731      55.7895
    2732      54.2520
    2733      52.6837
    2734      47.5789
    2735      45.6732
    2736      48.6100
    2737      49.9158
    2738      51.9942
    2739      49.7583
    2740      49.1510
    2741      53.3002
    2742      52.1981
    2743      50.2728
    2744      50.3715
    2745      56.6010
    2746      53.4109
    2747      52.6594
    2748      53.5671
    2749      54.5882
    2750      53.4020
    2751      58.5958
    2752      55.1199
    2753      56.6135
    2754      47.7111
    2755      48.1419
    2756      53.0423
    2757      53.5157
    2758      52.1571
    2759      46.9494
    2760      52.0066
    2761      52.6348
    2762      52.3592
    2763      55.6332
    2764      57.1791
    2765      59.6705
    2766      54.8350
    2767      57.9363
    2768      50.3127
    2769      50.8609
    2770      50.3596
    2771      45.5011
    2772      40.2597
    2773      42.6970
    2774      44.8877
    2775      53.4559
    2776      53.4278
    2777      46.5443
    2778      50.2200
    2779      48.6486
    2780      47.5571
    2781      45.1365
    2782      46.9465
    2783      49.6750
    2784      49.5356
    2785      49.2120
    2786      45.9091
    2787      54.0111
    2788      51.8818
    2789      53.2746
    2790      54.4326
    2791      51.9555
    2792      53.0821
    2793      54.8234
    2794      53.6611
    2795      55.2481
    2796      60.2181
    2797      64.3210
    2798      62.1963
    2799      62.4524
    2800      55.1651
    2801      56.6476
    2802      54.4643
    2803      51.1125
    2804      53.1717
    2805      51.4767
    2806      49.6081
    2807      54.0097
    2808      55.2523
    2809      55.3649
    2810      51.9302
    2811      52.3585
    2812      54.1284
    2813      56.3522
    2814      54.5193
    2815      54.2805
    2816      56.0853
    2817      56.0688
    2818      51.0027
    2819      54.2142
    2820      54.4649
    2821      53.0897
    2822      57.1426
    2823      54.5821
    2824      55.3082
    2825      52.9268
    2826      57.0540
    2827      58.1215
    2828      55.0752
    2829      55.5224
    2830      56.7594
    2831      55.4001
    2832      52.0652
    2833      49.3699
    2834      55.0968
    2835      55.8433
    2836      53.0080
    2837      50.4699
    2838      51.0301
    2839      54.9345
    2840      57.9329
    2841      59.5847
    2842      61.7036
    2843      60.2337
    2844      56.1899
    2845      56.6066
    2846      54.1249
    2847      55.5403
    2848      55.9734
    2849      54.2027
    2850      49.3426
    2851      48.9922
    2852      43.8108
    2853      50.4662
    2854      50.2983
    2855      53.2640
    2856      50.3961
    2857      48.9440
    2858      51.8713
    2859      47.6620
    2860      49.2942
    2861      48.6769
    2862      49.0374
    2863      47.4521
    2864      49.4429
    2865      42.2458
    2866      45.4142
    2867      50.1458
    2868      56.1568
    2869      52.2058
    2870      48.7224
    2871      46.9417
    2872      42.9934
    2873      43.8140
    2874      46.1514
    2875      44.7247
    2876      37.0563
    2877      34.1291
    2878      45.8453
    2879      48.6689
    2880      51.7338
    2881      47.1046
    2882      48.6256
    2883      49.3610
    2884      50.9322
    2885      52.4948
    2886      53.1020
    2887      58.4321
    2888      53.8712
    2889      52.6989
    2890      54.4855
    2891      55.3893
    2892      55.4316
    2893      55.4067
    2894      62.0059
    2895      62.4031
    2896      58.8153
    2897      56.9613
    2898      53.6373
    2899      51.4146
    2900      51.9500
    2901      49.0929
    2902      45.2210
    2903      38.1761
    2904      40.0803
    2905      41.4034
    2906      49.1987
    2907      45.4573
    2908      48.7225
    2909      46.7178
    2910      46.6334
    2911      48.0998
    2912      44.5407
    2913      44.2888
    2914      48.5542
    2915      48.4836
    2916      41.3607
    2917      42.5793
    2918      44.6635
    2919      46.5940
    2920      44.0075
    2921      48.7684
    2922      43.3766
    2923      43.9190
    2924      46.8923
    2925      46.1016
    2926      47.7529
    2927      52.6638
    2928      51.1621
    2929      49.5067
    2930      46.9197
    2931      48.1980
    2932      48.1387
    2933      47.6479
    2934      50.8800
    2935      52.3450
    2936      47.7720
    2937      42.3626
    2938      40.8261
    2939      40.9615
    2940      40.3900
    2941      40.3673
    2942      44.6718
    2943      49.3096
    2944      52.1806
    2945      50.5750
    2946      52.3568
    2947      55.5018
    2948      57.0396
    2949      58.4989
    2950      57.7674
    2951      57.9197
    2952      55.8523
    2953      51.3675
    2954      57.0619
    2955      58.6683
    2956      59.2715
    2957      52.7504
    2958      52.1912
    2959      50.1151
    2960      54.0307
    2961      58.5250
    2962      56.1732
    2963      56.0823
    2964      49.2226
    2965      50.3433
    2966      48.7971
    2967      50.9162
    2968      51.8191
    2969      53.9888
    2970      53.0981
    2971      49.8508
    2972      51.9831
    2973      53.4581
    2974      59.8274
    2975      54.5148
    2976      54.6115
    2977      62.1584
    2978      61.0918
    2979      53.6170
    2980      52.7949
    2981      54.3906
    2982      55.4677
    2983      54.3166
    2984      52.3126
    2985      49.1386
    2986      50.8975
    2987      52.1369
    2988      56.0451
    2989      53.3258
    2990      53.7484
    2991      57.2235
    2992      56.4573
    2993      49.6834
    2994      57.6703
    2995      59.0750
    2996      57.1839
    2997      59.6735
    2998      63.6340
    2999      64.2776
    3000      66.2687
    3001      69.9326
    3002      66.5690
    3003      64.8632
    3004      62.8000
    3005      60.7402
    3006      57.5632
    3007      58.7714
    3008      61.7328
    3009      66.3010
    3010      65.9333
    3011      59.0998
    3012      56.6455
    3013      59.3347
    3014      59.1868
    3015      54.9339
    3016      50.1070
    3017      53.2051
    3018      53.6525
    3019      54.8622
    3020      59.4320
    3021      58.7332
    3022      62.8337
    3023      60.3759
    3024      58.8836
    3025      54.3085
    3026      54.4213
    3027      55.1125
    3028      55.3428
    3029      54.0814
    3030      54.9343
    3031      45.7632
    3032      43.4688
    3033      43.5485
    3034      45.6065
    3035      47.7075
    3036      49.9830
    3037      49.2338
    3038      47.1139
    3039      45.6137
    3040      41.1414
    3041      41.0906
    3042      46.6861
    3043      45.4227
    3044      43.9726
    3045      41.7323
    3046      39.5791
    3047      42.3762
    3048      48.3667
    3049      51.2500
    3050      47.6515
    3051      49.8703
    3052      45.2378
    3053      51.4591
    3054      50.5429
    3055      49.2318
    3056      49.2834
    3057      55.2315
    3058      59.6350
    3059      56.8979
    3060      56.1979
    3061      58.4313
    3062      59.7378
    3063      51.4966
    3064      49.0468
    3065      45.3003
    3066      48.0637
    3067      53.6371
    3068      55.9262
    3069      57.4345
    3070      53.7192
    3071      55.4213
    3072      53.7819
    3073      54.1885
    3074      56.1513
    3075      52.5907
    3076      52.2512
    3077      53.4506
    3078      51.4548
    3079      53.0071
    3080      55.5563
    3081      52.5551
    3082      53.8749
    3083      51.8264
    3084      49.5535
    3085      53.3398
    3086      55.6448
    3087      56.3675
    3088      59.8650
    3089      57.9234
    3090      60.0134
    3091      60.4699
    3092      55.7989
    3093      53.9546
    3094      49.4785
    3095      52.2550
    3096      55.0038
    3097      52.6031
    3098      51.8398
    3099      47.9408
    3100      49.4508
    3101      52.5825
    3102      53.6065
    3103      51.1259
    3104      53.6929
    3105      48.1480
    3106      50.6534
    3107      52.7331
    3108      60.8994
    3109      53.7303
    3110      51.2006
    3111      49.8029
    3112      48.0203
    3113      47.3406
    3114      50.2037
    3115      46.3204
    3116      48.8017
    3117      48.9824
    3118      51.0291
    3119      53.5746
    3120      54.1547
    3121      50.5837
    3122      54.0438
    3123      55.0127
    3124      52.3056
    3125      46.7828
    3126      42.6900
    3127      42.8154
    3128      43.1213
    3129      43.2107
    3130      51.1331
    3131      54.1400
    3132      57.2965
    3133      54.1884
    3134      49.0366
    3135      45.9519
    3136      44.3027
    3137      49.9561
    3138      52.5650
    3139      48.2550
    3140      48.7208
    3141      53.7699
    3142      53.0634
    3143      52.1436
    3144      47.8568
    3145      47.8704
    3146      48.7280
    3147      50.6466
    3148      48.7481
    3149      49.5865
    3150      48.7854
    3151      50.8298
    3152      50.7579
    3153      46.4276
    3154      46.2024
    3155      45.1589
    3156      40.1656
    3157      42.5559
    3158      47.9402
    3159      44.3959
    3160      44.7104
    3161      48.9172
    3162      45.7153
    3163      47.1126
    3164      46.1925
    3165      45.2374
    3166      41.7344
    3167      43.8527
    3168      45.3218
    3169      48.9660
    3170      49.0341
    3171      43.2414
    3172      40.0334
    3173      44.5343
    3174      44.1761
    3175      46.2664
    3176      43.7610
    3177      41.0382
    3178      34.2520
    3179      34.2131
    3180      34.4550
    3181      36.5313
    3182      40.5197
    3183      42.8074
    3184      47.4634
    3185      46.5129
    3186      51.1998
    3187      51.9480
    3188      51.4234
    3189      46.6650
    3190      49.2606
    3191      47.7606
    3192      50.4168
    3193      45.7092
    3194      45.0032
    3195      50.5478
    3196      53.7717
    3197      49.8596
    3198      54.4993
    3199      50.0388
    3200      52.6027
    3201      52.0456
    3202      56.1954
    3203      52.1138
    3204      49.7896
    3205      51.0508
    3206      56.2599
    3207      52.7462
    3208      52.6738
    3209      48.8102
    3210      51.1661
    3211      50.5069
    3212      47.6401
    3213      49.3780
    3214      56.7131
    3215      53.7782
    3216      47.0749
    3217      48.8107
    3218      48.1198
    3219      48.8149
    3220      51.3755
    3221      52.2133
    3222      52.9580
    3223      50.2136
    3224      53.2236
    3225      53.0433
    3226      46.2685
    3227      48.2834
    3228      48.0709
    3229      50.7990
    3230      50.6707
    3231      48.2050
    3232      41.4559
    3233      41.8883
    3234      46.1141
    3235      51.5560
    3236      49.2655
    3237      40.3031
    3238      45.5268
    3239      45.5572
    3240      43.3663
    3241      41.0760
    3242      38.6543
    3243      41.2725
    3244      45.1124
    3245      41.1119
    3246      41.9966
    3247      37.6295
    3248      41.3917
    3249      41.4324
    3250      46.0683
    3251      52.0970
    3252      50.7592
    3253      50.2480
    3254      47.0960
    3255      47.2578
    3256      46.0600
    3257      43.3929
    3258      46.5935
    3259      47.3443
    3260      45.0362
    3261      47.6571
    3262      49.8454
    3263      51.8382
    3264      52.1902
    3265      51.5850
    3266      48.5259
    3267      45.3077
    3268      49.7275
    3269      52.0199
    3270      51.1941
    3271      52.1462
    3272      50.7314
    3273      56.1093
    3274      43.5633
    3275      39.4403
    3276      38.9683
    3277      43.1498
    3278      44.1650
    3279      44.0352
    3280      44.8630
    3281      45.9655
    3282      47.8034
    3283      47.2598
    3284      44.6893
    3285      41.9667
    3286      44.8542
    3287      47.9411
    3288      44.4141
    3289      46.6811
    3290      49.5292
    3291      43.3495
    3292      45.7507
    3293      42.1417
    3294      38.4863
    3295      39.4471
    3296      45.1879
    3297      55.0181
    3298      53.6048
    3299      53.4213
    3300      50.3116
    3301      46.0110
    3302      46.1653
    3303      43.3064
    3304      41.7361
    3305      45.2431
    3306      44.4611
    3307      47.8927
    3308      43.7136
    3309      44.2801
    3310      49.1704
    3311      52.1227
    3312      50.1566
    3313      53.3112
    3314      54.0408
    3315      51.4070
    3316      48.5083
    3317      44.7875
    3318      44.7233
    3319      46.0937
    3320      44.3086
    3321      45.3998
    3322      41.3695
    3323      41.8033
    3324      41.7873
    3325      39.9320
    3326      41.1362
    3327      41.9558
    3328      45.2726
    3329      46.3196
    3330      40.7499
    3331      39.8938
    3332      44.4326
    3333      43.9555
    3334      45.6682
    3335      45.1536
    3336      36.2270
    3337      39.8931
    3338      40.1018
    3339      43.5697
    3340      40.2746
    3341      41.3948
    3342      42.8943
    3343      46.1670
    3344      38.0958
    3345      39.9649
    3346      36.7512
    3347      39.3893
    3348      39.1356
    3349      40.6267
    3350      41.0392
    3351      40.1374
    3352      41.2659
    3353      43.0283
    3354      42.8534
    3355      46.3172
    3356      49.8385
    3357      46.1409
    3358      43.6757
    3359      46.0256
    3360      41.8864
    3361      46.5580
    3362      46.1832
    3363      45.4622
    3364      45.4608
    3365      47.4532
    3366      45.5711
    3367      41.2068
    3368      46.0495
    3369      46.4157
    3370      45.1054
    3371      49.1792
    3372      47.6156
    3373      48.5364
    3374      47.8501
    3375      50.2512
    3376      46.0442
    3377      41.9748
    3378      42.6723
    3379      44.6398
    3380      47.4730
    3381      50.5970
    3382      49.8836
    3383      46.9640
    3384      44.4755
    3385      42.7983
    3386      44.6898
    3387      47.5966
    3388      47.5688
    3389      48.5622
    3390      46.0067
    3391      50.6218
    3392      48.4847
    3393      50.4938
    3394      43.9688
    3395      44.8616
    3396      44.4875
    3397      45.1672
    3398      48.3476
    3399      51.4335
    3400      51.5960
    3401      53.7673
    3402      47.5895
    3403      49.1518
    3404      45.1881
    3405      47.1145
    3406      48.0172
    3407      47.9166
    3408      46.6364
    3409      46.8695
    3410      41.7126
    3411      39.5480
    3412      36.5158
    3413      36.4681
    3414      40.2474
    3415      43.5419
    3416      40.4854
    3417      42.4940
    3418      39.0867
    3419      38.5293
    3420      46.5676
    3421      46.7899
    3422      48.4660
    3423      52.8455
    3424      53.1224
    3425      51.5440
    3426      52.3013
    3427      50.5475
    3428      48.6499
    3429      48.6652
    3430      46.1213
    3431      48.3634
    3432      49.3016
    3433      45.8300
    3434      42.3041
    3435      39.2803
    3436      40.2431
    3437      40.7433
    3438      38.2215
    3439      37.9948
    3440      43.3246
    3441      40.6585
    3442      43.8967
    3443      51.0370
    3444      47.8892
    3445      49.3637
    3446      54.1844
    3447      49.7586
    3448      53.0014
    3449      55.3668
    3450      49.1891
    3451      54.0144
    3452      56.8193
    3453      59.3199
    3454      60.0477
    3455      54.4208
    3456      51.0131
    3457      48.1129
    3458      46.8688
    3459      46.5488
    3460      49.4568
    3461      51.3980
    3462      51.1653
    3463      52.3244
    3464      53.8168
    3465      54.8037
    3466      57.5141
    3467      60.3986
    3468      54.2722
    3469      51.2125
    3470      56.9440
    3471      52.2571
    3472      49.7659
    3473      53.0395
    3474      58.1040
    3475      57.4168
    3476      53.3927
    3477      59.4265
    3478      52.9702
    3479      53.2124
    3480      58.1922
    3481      58.9424
    3482      55.4591
    3483      56.4890
    3484      57.2414
    3485      58.1493
    3486      56.9706
    3487      64.8522
    3488      64.0852
    3489      59.4386
    3490      58.5482
    3491      59.4682
    3492      57.9652
    3493      56.6008
    3494      51.9413
    3495      49.4463
    3496      50.4717
    3497      52.4280
    3498      54.5868
    3499      51.0217
    3500      49.5716
    3501      50.0478
    3502      46.7794
    3503      43.4480
    3504      50.0073
    3505      52.3502
    3506      55.4628
    3507      56.6501
    3508      59.6966
    3509      54.8425
    3510      50.3635
    3511      49.0195
    3512      48.9560
    3513      50.9927
    3514      50.9672
    3515      58.0731
    3516      61.8288
    3517      61.9477
    3518      58.6677
    3519      55.2408
    3520      48.8052
    3521      52.1863
    3522      51.8633
    3523      50.4643
    3524      51.9527
    3525      43.8031
    3526      43.7018
    3527      49.1469
    3528      51.6160
    3529      50.7876
    3530      51.7705
    3531      52.2105
    3532      48.6306
    3533      49.8631
    3534      44.6907
    3535      50.3782
    3536      51.2913
    3537      48.8177
    3538      50.5018
    3539      55.0627
    3540      53.5889
    3541      51.5580
    3542      54.1613
    3543      56.3293
    3544      52.7951
    3545      53.4532
    3546      49.1348
    3547      51.3486
    3548      46.9096
    3549      43.4772
    3550      47.7936
    3551      46.6413
    3552      50.5827
    3553      51.6102
    3554      49.1684
    3555      48.1778
    3556      45.2086
    3557      47.7600
    3558      49.7396
    3559      52.1861
    3560      53.9172
    3561      53.6123
    3562      54.8072
    3563      50.8267
    3564      51.4956
    3565      59.0242
    3566      53.6739
    3567      59.1232
    3568      62.2037
    3569      58.7932
    3570      60.5816
    3571      61.2696
    3572      58.2829
    3573      57.9900
    3574      62.2592
    3575      56.9208
    3576      50.9889
    3577      51.1125
    3578      52.3204
    3579      52.5229
    3580      53.1636
    3581      58.3114
    3582      51.2411
    3583      52.7042
    3584      47.7955
    3585      48.7989
    3586      53.2702
    3587      53.4905
    3588      52.0526
    3589      51.1618
    3590      50.1672
    3591      48.1614
    3592      48.7977
    3593      48.0959
    3594      44.4053
    3595      43.4443
    3596      38.8033
    3597      39.0305
    3598      43.9305
    3599      44.4905
    3600      48.9207
    3601      50.6696
    3602      51.0150
    3603      55.4754
    3604      53.0374
    3605      55.4806
    3606      48.4690
    3607      47.3562
    3608      48.3635
    3609      48.2126
    3610      43.5338
    3611      47.4616
    3612      48.8019
    3613      52.0559
    3614      52.4863
    3615      57.2717
    3616      52.9043
    3617      58.5011
    3618      63.3068
    3619      57.1447
    3620      60.1193
    3621      63.0580
    3622      61.1540
    3623      54.2327
    3624      53.4051
    3625      52.0587
    3626      58.0792
    3627      56.3162
    3628      56.6196
    3629      56.4582
    3630      57.7399
    3631      55.2294
    3632      51.5786
    3633      51.9373
    3634      52.6725
    3635      58.0041
    3636      60.9307
    3637      59.3356
    3638      55.2650
    3639      50.3741
    3640      55.7522
    3641      56.3373
    3642      53.8994
    3643      51.3523
    3644      49.6566
    3645      45.9822
    3646      44.1832
    3647      47.1440
    3648      45.2865
    3649      41.5509
    3650      47.1523
    3651      38.8291
    3652      40.1903
    3653      41.2183
    3654      42.9877
    3655      43.1289
    3656      47.6730
    3657      42.9210
    3658      46.7241
    3659      45.7806
    3660      50.7677
    3661      55.0401
    3662      52.1730
    3663      54.4139
    3664      57.5459
    3665      55.3561
    3666      56.7103
    3667      50.7568
    3668      50.4458
    3669      49.0201
    3670      51.5392
    3671      50.6816
    3672      50.7888
    3673      49.5480
    3674      49.4893
    3675      49.9663
    3676      48.4309
    3677      49.3165
    3678      46.1389
    3679      52.4566
    3680      49.2255
    3681      48.4798
    3682      45.7720
    3683      50.3877
    3684      51.4774
    3685      45.5459
    3686      52.6268
    3687      51.7891
    3688      51.6730
    3689      51.4776
    3690      46.3423
    3691      47.8598
    3692      52.3334
    3693      54.8011
    3694      52.3819
    3695      53.9519
    3696      53.7746
    3697      51.9156
    3698      56.0438
    3699      53.5151
    3700      54.2899
    3701      49.6785
    3702      50.3485
    3703      54.2372
    3704      51.2479
    3705      53.2512
    3706      52.7229
    3707      47.5593
    3708      53.1124
    3709      53.1874
    3710      51.7778
    3711      51.5548
    3712      51.6976
    3713      49.0970
    3714      47.8012
    3715      46.1319
    3716      45.8498
    3717      46.2820
    3718      48.7846
    3719      49.2037
    3720      54.2731
    3721      53.4569
    3722      56.1994
    3723      57.3498
    3724      55.8691
    3725      58.1964
    3726      60.8977
    3727      71.1030
    3728      70.4527
    3729      67.9815
    3730      69.7095
    3731      72.4960
    3732      76.1118
    3733      80.1341
    3734      79.3479
    3735      76.9214
    3736      75.4509
    3737      76.1145
    3738      74.8370
    3739      76.7711
    3740      78.1047
    3741      77.4586
    3742      75.9405
    3743      77.6208
    3744      73.3734
    3745      71.0055
    3746      70.5631
    3747      74.9097
    3748      75.2904
    3749      67.7204
    3750      62.0993
    3751      62.2044
    3752      59.1090
    3753      56.0675
    3754      56.0326
    3755      57.3388
    3756      57.9929
    3757      52.2112
    3758      51.4395
    3759      52.0778
    3760      52.8343
    3761      57.7676
    3762      55.7133
    3763      55.6479
    3764      51.8744
    3765      49.9451
    3766      55.2353
    3767      54.6669
    3768      55.6895
    3769      55.8303
    3770      59.7911
    3771      53.1914
    3772      50.3301
    3773      51.6468
    3774      50.6098
    3775      50.4485
    3776      52.2716
    3777      49.8868
    3778      44.7109
    3779      45.5523
    3780      51.1536
    3781      49.3430
    3782      52.3485
    3783      45.9555
    3784      48.9677
    3785      46.3361
    3786      53.2345
    3787      48.9153
    3788      45.2653
    3789      44.9708
    3790      48.9773
    3791      50.2763
    3792      50.3404
    3793      53.2968
    3794      47.2468
    3795      47.1138
    3796      47.5938
    3797      50.0519
    3798      47.3877
    3799      42.5844
    3800      40.7385
    3801      39.4287
    3802      43.5061
    3803      44.8428
    3804      46.8399
    3805      53.3235
    3806      55.1093
    3807      59.0338
    3808      55.2821
    3809      54.9548
    3810      51.6067
    3811      48.0721
    3812      44.5824
    3813      44.9265
    3814      45.6113
    3815      52.9053
    3816      49.2675
    3817      52.0923
    3818      51.0184
    3819      48.8681
    3820      46.6296
    3821      42.0463
    3822      39.0126
    3823      46.8598
    3824      54.1170
    3825      57.5990
    3826      53.8490
    3827      50.2587
    3828      49.3685
    3829      47.4410
    3830      48.1004
    3831      48.5481
    3832      54.2313
    3833      55.4048
    3834      54.3142
    3835      50.3391
    3836      52.7021
    3837      57.7841
    3838      54.3377
    3839      54.5210
    3840      55.8986
    3841      53.1933
    3842      49.2678
    3843      54.3632
    3844      54.5615
    3845      56.1089
    3846      58.8287
    3847      60.4096
    3848      55.2123
    3849      57.8015
    3850      56.6728
    3851      53.6652
    3852      50.5397
    3853      46.0253
    3854      42.4906
    3855      50.0306
    3856      58.6211
    3857      54.9937
    3858      51.6302
    3859      48.3719
    3860      46.2442
    3861      44.4731
    3862      44.1203
    3863      40.8237
    3864      41.6765
    3865      47.3923
    3866      44.9855
    3867      45.8961
    3868      49.3933
    3869      47.4906
    3870      49.9248
    3871      46.6338
    3872      44.3584
    3873      44.2574
    3874      48.5376
    3875      49.1551
    3876      49.2760
    3877      48.1698
    3878      44.3709
    3879      48.2662
    3880      53.3529
    3881      48.9913
    3882      46.2904
    3883      48.9558
    3884      46.1602
    3885      43.5571
    3886      42.4671
    3887      44.5671
    3888      42.8913
    3889      45.9045
    3890      48.0119
    3891      44.2098
    3892      43.7816
    3893      47.7991
    3894      42.9166
    3895      50.2707
    3896      50.5343
    3897      50.4333
    3898      54.6575
    3899      51.7737
    3900      51.8628
    3901      52.4645
    3902      52.9570
    3903      48.6475
    3904      42.0592
    3905      41.2169
    3906      42.2658
    3907      42.6752
    3908      45.5430
    3909      46.3936
    3910      50.0570
    3911      50.5457
    3912      52.4236
    3913      46.7300
    3914      47.8070
    3915      50.0694
    3916      59.2746
    3917      57.0058
    3918      54.5145
    3919      48.6953
    3920      49.3587
    3921      46.6209
    3922      45.6824
    3923      45.0406
    3924      47.4295
    3925      45.2184
    3926      44.4554
    3927      45.9949
    3928      45.6616
    3929      50.2801
    3930      48.8963
    3931      47.2824
    3932      45.0728
    3933      46.6347
    3934      48.1297
    3935      48.6626
    3936      47.7756
    3937      50.3292
    3938      56.6264
    3939      56.1492
    3940      53.0530
    3941      49.6156
    3942      52.8319
    3943      55.7809
    3944      56.4660
    3945      49.3609
    3946      48.6033
    3947      44.9585
    3948      46.0700
    3949      47.6857
    3950      52.2008
    3951      52.0660
    3952      55.7744
    3953      60.2742
    3954      58.9015
    3955      55.1395
    3956      56.5052
    3957      56.6167
    3958      56.4357
    3959      60.1918
    3960      54.0044
    3961      53.4229
    3962      51.3678
    3963      50.1219
    3964      55.5268
    3965      54.5942
    3966      48.3079
    3967      49.9888
    3968      56.9687
    3969      51.1581
    3970      51.0222
    3971      56.1404
    3972      58.6909
    3973      60.0951
    3974      58.5367
    3975      56.6327
    3976      53.3698
    3977      51.8258
    3978      57.8537
    3979      53.2327
    3980      52.7457
    3981      51.7947
    3982      53.5599
    3983      47.0997
    3984      47.2852
    3985      52.3913
    3986      53.1886
    3987      55.4122
    3988      52.4916
    3989      56.4801
    3990      61.2631
    3991      59.4727
    3992      63.3133
    3993      62.1972
    3994      55.8508
    3995      50.3232
    3996      44.7716
    3997      41.4824
    3998      46.1978
    3999      45.7377
    4000      50.1138
    4001      50.8987
    4002      51.2406
    4003      49.3336
    4004      48.0771
    4005      47.9973
    4006      46.3180
    4007      47.7127
    4008      48.1197
    4009      47.0098
    4010      45.1677
    4011      48.0455
    4012      50.1920
    4013      49.7568
    4014      48.0365
    4015      49.9610
    4016      48.1941
    4017      51.0146
    4018      51.2077
    4019      47.1379
    4020      47.3755
    4021      49.3510
    4022      52.9317
    4023      48.9258
    4024      46.5852
    4025      45.8354
    4026      48.6715
    4027      47.2647
    4028      46.7425
    4029      50.3987
    4030      50.3833
    4031      47.0803
    4032      44.0386
    4033      45.7662
    4034      42.9147
    4035      45.4301
    4036      51.1633
    4037      56.2661
    4038      53.7487
    4039      51.3812
    4040      55.0244
    4041      52.1239
    4042      51.6380
    4043      48.5938
    4044      47.4130
    4045      45.8452
    4046      44.0507
    4047      46.9246
    4048      45.2902
    4049      47.2530
    4050      44.6449
    4051      45.3696
    4052      47.1407
    4053      48.0033
    4054      47.3533
    4055      49.3214
    4056      52.6044
    4057      49.0791
    4058      50.7251
    4059      50.9688
    4060      46.5672
    4061      45.3740
    4062      44.5184
    4063      44.2190
    4064      46.8260
    4065      44.3526
    4066      49.0958
    4067      45.7415
    4068      47.6231
    4069      47.7677
    4070      41.7019
    4071      40.3783
    4072      41.6557
    4073      45.1827
    4074      46.0158
    4075      43.1501
    4076      46.6696
    4077      47.7797
    4078      51.0358
    4079      52.3327
    4080      49.3633
    4081      51.0114
    4082      49.3400
    4083      50.2776
    4084      43.6458
    4085      44.2856
    4086      53.8227
    4087      56.9246
    4088      54.1915
    4089      44.5242
    4090      45.9824
    4091      54.5130
    4092      55.6017
    4093      49.2780
    4094      37.2519
    4095      39.9067
    4096      42.5780
    4097      42.1528
    4098      41.0245
    4099      46.2476
    4100      47.3340
    4101      49.8692
    4102      48.7605
    4103      47.9147
    4104      51.3942
    4105      45.6583
    4106      46.1943
    4107      47.6678
    4108      43.3170
    4109      45.3768
    4110      49.4835
    4111      51.3297
    4112      51.3983
    4113      46.6784
    4114      44.2182
    4115      47.7707
    4116      48.5588
    4117      46.5606
    4118      52.6753
    4119      54.9709
    4120      55.0555
    4121      56.4645
    4122      54.6543
    4123      51.0251
    4124      51.3299
    4125      50.6569
    4126      47.2089
    4127      45.8059
    4128      54.1842
    4129      52.2482
    4130      52.3310
    4131      58.0146
    4132      56.4978
    4133      49.6045
    4134      50.8100
    4135      47.4851
    4136      50.9982
    4137      52.1034
    4138      54.8795
    4139      55.6465
    4140      56.4745
    4141      52.3420
    4142      54.2113
    4143      54.2876
    4144      52.7959
    4145      46.9947
    4146      46.1622
    4147      48.7653
    4148      54.7864
    4149      53.6418
    4150      53.1430
    4151      54.1827
    4152      56.6095
    4153      56.8582
    4154      52.1329
    4155      53.8368
    4156      55.4619
    4157      43.6627
    4158      47.7391
    4159      47.2846
    4160      49.1831
    4161      45.3922
    4162      41.6036
    4163      40.5890
    4164      45.4827
    4165      46.4078
    4166      46.7951
    4167      44.2529
    4168      41.3715
    4169      42.8110
    4170      46.0041
    4171      46.6298
    4172      44.3626
    4173      46.6284
    4174      52.3588
    4175      50.4422
    4176      48.9997
    4177      48.0456
    4178      47.5650
    4179      44.5984
    4180      44.9648
    4181      50.2166
    4182      48.3748
    4183      52.1390
    4184      52.8652
    4185      57.0365
    4186      59.6942
    4187      53.3077
    4188      53.6355
    4189      55.1518
    4190      52.0655
    4191      51.2030
    4192      53.7192
    4193      49.0938
    4194      47.7757
    4195      49.8878
    4196      44.2196
    4197      48.9192
    4198      51.7491
    4199      46.0509
    4200      47.2476
    4201      47.8458
    4202      54.3934
    4203      50.6304
    4204      52.5378
    4205      52.7380
    4206      51.2463
    4207      45.3588
    4208      49.5081
    4209      52.4702
    4210      52.3925
    4211      51.0988
    4212      49.4490
    4213      53.1253
    4214      53.4816
    4215      48.0864
    4216      48.5471
    4217      50.3082
    4218      58.0131
    4219      58.9839
    4220      53.3649
    4221      56.4098
    4222      56.1041
    4223      56.2930
    4224      52.9857
    4225      51.7890
    4226      50.0891
    4227      46.7282
    4228      52.0552
    4229      52.1073
    4230      52.2724
    4231      49.2779
    4232      51.6870
    4233      49.6967
    4234      52.7147
    4235      50.1471
    4236      52.8042
    4237      57.9760
    4238      51.4014
    4239      51.2195
    4240      52.5024
    4241      51.8497
    4242      52.1441
    4243      55.7866
    4244      55.1856
    4245      54.5119
    4246      56.5228
    4247      55.9378
    4248      54.4391
    4249      54.6198
    4250      48.5220
    4251      49.6092
    4252      50.9172
    4253      49.6314
    4254      47.7530
    4255      41.8068
    4256      40.0973
    4257      42.5494
    4258      39.4549
    4259      40.8454
    4260      42.2014
    4261      39.0738
    4262      40.4988
    4263      40.3887
    4264      45.2605
    4265      46.0112
    4266      47.3873
    4267      53.4822
    4268      49.8762
    4269      47.8853
    4270      43.6473
    4271      49.0562
    4272      57.9503
    4273      54.6385
    4274      50.2458
    4275      51.0881
    4276      56.3341
    4277      61.2197
    4278      62.0290
    4279      65.7758
    4280      68.8385
    4281      66.7044
    4282      65.0907
    4283      60.4414
    4284      58.9767
    4285      57.2246
    4286      57.1571
    4287      58.9630
    4288      60.7579
    4289      59.3895
    4290      61.6771
    4291      58.1336
    4292      61.0709
    4293      59.2577
    4294      62.0044
    4295      58.6555
    4296      57.9832
    4297      62.5900
    4298      59.5771
    4299      49.8772
    4300      51.1576
    4301      57.5755
    4302      55.7205
    4303      58.9126
    4304      59.0604
    4305      56.9362
    4306      51.3767
    4307      50.4256
    4308      50.4317
    4309      44.8139
    4310      46.9867
    4311      43.5871
    4312      47.4330
    4313      48.1423
    4314      48.4503
    4315      50.5375
    4316      51.3068
    4317      54.5815
    4318      47.7249
    4319      51.5326
    4320      51.3497
    4321      53.7086
    4322      55.1318
    4323      54.2407
    4324      57.5497
    4325      56.6289
    4326      58.6161
    4327      57.1785
    4328      53.8832
    4329      48.8227
    4330      50.1616
    4331      50.4646
    4332      47.8276
    4333      55.0782
    4334      53.7679
    4335      61.1863
    4336      56.4851
    4337      54.7662
    4338      51.4854
    4339      52.9459
    4340      54.5595
    4341      48.3944
    4342      48.4324
    4343      47.7472
    4344      42.6511
    4345      43.6310
    4346      39.7917
    4347      43.5600
    4348      45.0099
    4349      45.2746
    4350      50.4343
    4351      52.9578
    4352      43.9989
    4353      48.5421
    4354      46.2098
    4355      38.8554
    4356      41.8350
    4357      40.5281
    4358      39.7817
    4359      43.9439
    4360      45.6430
    4361      47.2578
    4362      45.7497
    4363      49.3272
    4364      46.7260
    4365      48.7225
    4366      48.4979
    4367      45.2146
    4368      48.3315
    4369      48.4656
    4370      46.9954
    4371      48.6045
    4372      48.9625
    4373      49.0182
    4374      51.4659
    4375      46.0537
    4376      43.0029
    4377      46.8738
    4378      46.7105
    4379      44.3048
    4380      46.3451
    4381      47.0145
    4382      53.8618
    4383      57.8049
    4384      58.5824
    4385      54.1961
    4386      57.4241
    4387      58.5451
    4388      57.5028
    4389      59.0013
    4390      58.8314
    4391      55.0900
    4392      61.5264
    4393      61.5038
    4394      60.8952
    4395      63.4704
    4396      69.0976
    4397      62.3010
    4398      64.5356
    4399      65.9570
    4400      65.7229
    4401      70.0319
    4402      67.5108
    4403      65.7554
    4404      65.2295
    4405      63.2618
    4406      56.8574
    4407      54.6749
    4408      50.6780
    4409      54.5250
    4410      54.8539
    4411      52.4044
    4412      53.4962
    4413      56.4286
    4414      53.7890
    4415      54.3126
    4416      52.8862
    4417      54.7875
    4418      55.6056
    4419      52.8506
    4420      55.4072
    4421      54.3995
    4422      52.3428
    4423      50.5314
    4424      45.1205
    4425      45.8024
    4426      50.0928
    4427      48.2172
    4428      50.5557
    4429      52.6532
    4430      50.2401
    4431      54.9342
    4432      63.0056
    4433      60.4592
    4434      58.9171
    4435      57.1317
    4436      56.3451
    4437      57.9657
    4438      59.3625
    4439      59.7582
    4440      50.8848
    4441      52.6956
    4442      53.9863
    4443      57.9103
    4444      61.5503
    4445      57.3763
    4446      52.6672
    4447      52.3806
    4448      44.6405
    4449      42.5485
    4450      41.9862
    4451      44.7065
    4452      45.6095
    4453      49.4045
    4454      51.1424
    4455      51.6660
    4456      58.2845
    4457      54.9627
    4458      58.9519
    4459      63.1779
    4460      59.1854
    4461      58.6913
    4462      59.8738
    4463      55.6879
    4464      58.7389
    4465      55.1726
    4466      52.8367
    4467      56.7105
    4468      59.2503
    4469      64.1939
    4470      65.6032
    4471      62.9607
    4472      59.4048
    4473      56.6795
    4474      54.0237
    4475      54.5828
    4476      51.0112
    4477      51.5944
    4478      51.2429
    4479      50.0545
    4480      48.5310
    4481      45.0379
    4482      43.9787
    4483      45.5196
    4484      44.8098
    4485      46.8208
    4486      49.1453
    4487      45.0280
    4488      47.4171
    4489      44.1798
    4490      43.2251
    4491      43.7465
    4492      46.9526
    4493      45.5508
    4494      44.8474
    4495      41.1752
    4496      41.6575
    4497      45.9582
    4498      51.1240
    4499      51.8671
    4500      49.5521
    4501      46.2432
    4502      49.6711
    4503      51.3521
    4504      52.2172
    4505      53.8471
    4506      50.3121
    4507      47.3756
    4508      49.7484
    4509      49.9050
    4510      57.5242
    4511      53.8873
    4512      50.3307
    4513      52.0236
    4514      54.8003
    4515      53.4099
    4516      54.1262
    4517      53.4069
    4518      48.6904
    4519      51.3787
    4520      46.2759
    4521      51.5263
    4522      51.8954
    4523      58.3554
    4524      59.1972
    4525      62.2808
    4526      60.2167
    4527      61.0896
    4528      55.7429
    4529      54.7242
    4530      52.1454
    4531      53.8819
    4532      58.8770
    4533      48.9685
    4534      45.2549
    4535      50.2753
    4536      50.0456
    4537      56.1813
    4538      52.8192
    4539      49.3128
    4540      47.7966
    4541      54.0203
    4542      55.2391
    4543      56.4023
    4544      59.3583
    4545      55.7713
    4546      57.9633
    4547      55.5061
    4548      52.0244
    4549      53.1294
    4550      51.9895
    4551      50.8288
    4552      48.3534
    4553      51.9329
    4554      49.5480
    4555      53.2432
    4556      57.9714
    4557      57.5072
    4558      52.1178
    4559      53.8560
    4560      51.1659
    4561      48.1980
    4562      45.8363
    4563      46.0555
    4564      53.6073
    4565      51.1538
    4566      50.4427
    4567      51.8963
    4568      53.7667
    4569      58.3057
    4570      54.8821
    4571      55.2938
    4572      54.9799
    4573      50.1664
    4574      49.5160
    4575      51.1893
    4576      53.8328
    4577      56.0613
    4578      53.6662
    4579      53.0136
    4580      54.3677
    4581      52.7714
    4582      55.7283
    4583      60.0902
    4584      61.1859
    4585      61.9897
    4586      63.1042
    4587      63.0872
    4588      58.8649
    4589      62.2561
    4590      56.2947
    4591      50.4625
    4592      48.8165
    4593      49.7988
    4594      54.4841
    4595      52.3276
    4596      54.1933
    4597      52.9211
    4598      53.3462
    4599      53.5716
    4600      51.6593
    4601      49.1448
    4602      53.6477
    4603      48.5797
    4604      45.6496
    4605      52.6072
    4606      54.2945
    4607      53.3847
    4608      52.0638
    4609      49.2361
    4610      48.9953
    4611      45.6014
    4612      50.0222
    4613      48.3656
    4614      51.3037
    4615      54.3607
    4616      54.0670
    4617      54.5395
    4618      57.6959
    4619      53.0472
    4620      50.7774
    4621      50.2812
    4622      47.0386
    4623      50.9744
    4624      51.5409
    4625      49.9729
    4626      43.3672
    4627      43.0806
    4628      43.2049
    4629      46.9813
    4630      47.2389
    4631      52.3314
    4632      52.8770
    4633      47.3635
    4634      44.6685
    4635      52.0916
    4636      50.4496
    4637      48.7185
    4638      50.3444
    4639      51.9078
    4640      56.3998
    4641      52.4715
    4642      51.6223
    4643      58.5854
    4644      50.3458
    4645      51.7840
    4646      48.8872
    4647      49.0566
    4648      51.3696
    4649      52.9434
    4650      51.6784
    4651      52.8769
    4652      53.3754
    4653      49.0577
    4654      45.6712
    4655      46.7302
    4656      45.6113
    4657      44.8523
    4658      43.0439
    4659      40.9202
    4660      46.3322
    4661      46.7580
    4662      43.3318
    4663      43.5756
    4664      42.2508
    4665      43.4930
    4666      39.8405
    4667      39.4991
    4668      41.8441
    4669      48.7663
    4670      47.7843
    4671      44.7794
    4672      41.6664
    4673      40.8219
    4674      41.9277
    4675      40.7333
    4676      40.3672
    4677      42.4344
    4678      41.4091
    4679      41.9822
    4680      47.0941
    4681      44.0438
    4682      45.9564
    4683      45.8000
    4684      47.3886
    4685      46.7348
    4686      49.3777
    4687      50.5724
    4688      47.6966
    4689      48.1011
    4690      48.5531
    4691      44.6841
    4692      45.5543
    4693      45.4518
    4694      45.6338
    4695      51.0328
    4696      49.6121
    4697      48.4752
    4698      51.2750
    4699      48.3212
    4700      43.8970
    4701      39.7227
    4702      36.9267
    4703      40.4567
    4704      43.3690
    4705      40.5824
    4706      42.9078
    4707      42.1593
    4708      45.5177
    4709      42.1365
    4710      41.3916
    4711      37.2116
    4712      43.0498
    4713      44.6971
    4714      43.4996
    4715      46.8467
    4716      45.8187
    4717      43.0375
    4718      44.5607
    4719      49.9477
    4720      49.6755
    4721      49.2068
    4722      48.7356
    4723      44.5385
    4724      43.7020
    4725      46.5919
    4726      44.4676
    4727      45.1144
    4728      43.8064
    4729      40.7857
    4730      44.7470
    4731      45.1917
    4732      47.5020
    4733      47.2526
    4734      44.5356
    4735      41.3118
    4736      47.6862
    4737      43.3922
    4738      39.2500
    4739      42.9483
    4740      43.1716
    4741      44.1146
    4742      44.0594
    4743      44.8588
    4744      47.1150
    4745      47.6388
    4746      50.2745
    4747      45.2804
    4748      47.2233
    4749      52.0540
    4750      57.3556
    4751      58.6139
    4752      54.5702
    4753      48.3316
    4754      58.7055
    4755      60.1559
    4756      59.1733
    4757      59.2861
    4758      58.6411
    4759      62.2282
    4760      56.1338
    4761      51.4138
    4762      52.4760
    4763      53.4936
    4764      56.1742
    4765      54.0740
    4766      50.9135
    4767      50.7092
    4768      44.3170
    4769      48.7560
    4770      57.2577
    4771      55.6802
    4772      60.2228
    4773      56.3650
    4774      56.3290
    4775      57.1100
    4776      57.4369
    4777      57.6634
    4778      52.9158
    4779      48.7443
    4780      46.5008
    4781      47.6010
    4782      50.5762
    4783      49.6480
    4784      54.2071
    4785      56.7813
    4786      62.4468
    4787      62.9174
    4788      56.8926
    4789      54.8727
    4790      53.9860
    4791      51.9356
    4792      52.4864
    4793      47.9136
    4794      52.1275
    4795      47.9198
    4796      50.5885
    4797      48.6116
    4798      46.5785
    4799      46.5139
    4800      52.4490
    4801      53.8332
    4802      55.4107
    4803      56.2242
    4804      48.7415
    4805      47.5650
    4806      48.8955
    4807      45.6018
    4808      42.7011
    4809      47.5815
    4810      46.4365
    4811      56.4390
    4812      60.8362
    4813      56.0136
    4814      47.9687
    4815      52.8143
    4816      52.7227
    4817      48.8852
    4818      48.1336
    4819      52.6484
    4820      49.2424
    4821      47.7275
    4822      52.5711
    4823      57.5413
    4824      51.2146
    4825      46.1573
    4826      47.7672
    4827      46.6023
    4828      47.0546
    4829      54.3881
    4830      53.5855
    4831      49.9810
    4832      49.3512
    4833      51.8663
    4834      48.8421
    4835      51.8592
    4836      50.1234
    4837      60.0884
    4838      58.5935
    4839      54.5988
    4840      55.2880
    4841      59.3036
    4842      61.4855
    4843      59.1884
    4844      54.1140
    4845      54.9766
    4846      52.7724
    4847      51.5362
    4848      51.8202
    4849      53.2164
    4850      52.6439
    4851      57.7163
    4852      51.8561
    4853      50.0457
    4854      54.8631
    4855      55.3400
    4856      53.6266
    4857      50.4280
    4858      50.6585
    4859      50.5850
    4860      48.4985
    4861      49.4847
    4862      51.1679
    4863      54.7771
    4864      49.6134
    4865      51.5774
    4866      54.5974
    4867      54.0991
    4868      56.5218
    4869      62.0679
    4870      60.8714
    4871      59.7613
    4872      58.0633
    4873      56.0734
    4874      54.1340
    4875      47.8710
    4876      48.1491
    4877      47.7097
    4878      47.8963
    4879      50.4363
    4880      56.8821
    4881      57.3401
    4882      52.8910
    4883      54.2343
    4884      58.4483
    4885      59.6181
    4886      65.6017
    4887      67.6027
    4888      69.5684
    4889      68.3681
    4890      68.0448
    4891      62.0854
    4892      59.8710
    4893      61.6685
    4894      63.3023
    4895      58.9583
    4896      65.0107
    4897      67.9050
    4898      60.5762
    4899      61.1551
    4900      61.5044
    4901      60.0095
    4902      59.1120
    4903      53.6698
    4904      57.2461
    4905      61.6709
    4906      59.2799
    4907      52.7746
    4908      59.7933
    4909      60.7438
    4910      62.3795
    4911      59.0648
    4912      57.3061
    4913      56.6077
    4914      55.7228
    4915      58.0193
    4916      60.6549
    4917      57.0588
    4918      50.2812
    4919      51.3306
    4920      51.4641
    4921      50.9843
    4922      52.4100
    4923      52.9332
    4924      52.2746
    4925      50.3195
    4926      47.2057
    4927      50.3224
    4928      51.1543
    4929      55.6334
    4930      60.1696
    4931      57.6665
    4932      50.7123
    4933      47.6216
    4934      50.0317
    4935      50.0839
    4936      54.8979
    4937      55.9191
    4938      59.0338
    4939      52.5227
    4940      48.5381
    4941      49.4745
    4942      53.5911
    4943      53.9482
    4944      54.3066
    4945      52.2804
    4946      53.0002
    4947      52.5095
    4948      52.3964
    4949      49.8150
    4950      54.3015
    4951      54.8557
    4952      48.2874
    4953      49.8220
    4954      49.6806
    4955      56.2242
    4956      53.5681
    4957      52.2166
    4958      57.2066
    4959      56.5781
    4960      55.6620
    4961      56.2893
    4962      58.9985
    4963      56.4433
    4964      56.2753
    4965      52.9401
    4966      61.4468
    4967      55.7448
    4968      55.7779
    4969      55.1830
    4970      51.6681
    4971      45.7661
    4972      49.6131
    4973      47.8301
    4974      52.3562
    4975      58.4729
    4976      56.8185
    4977      56.3189
    4978      52.6047
    4979      49.8487
    4980      48.1345
    4981      46.3234
    4982      49.8002
    4983      51.7288
    4984      46.1100
    4985      41.8901
    4986      43.8351
    4987      48.0882
    4988      57.3212
    4989      52.9205
    4990      51.1042
    4991      55.3074
    4992      49.7770
    4993      50.4586
    4994      58.8314
    4995      57.9962
    4996      62.4095
    4997      54.6166
    4998      53.2714
    4999      53.6021
    5000      53.9917
    5001      50.4941
    5002      52.3155
    5003      47.8509
    5004      49.8903
    5005      51.8138
    5006      54.0542
    5007      50.6956
    5008      50.5667
    5009      49.2511
    5010      45.5180
    5011      49.5959
    5012      51.2562
    5013      54.9943
    5014      59.3413
    5015      55.1113
    5016      53.6580
    5017      53.9652
    5018      54.5052
    5019      53.3735
    5020      55.1197
    5021      56.2707
    5022      57.0064
    5023      54.2127
    5024      55.2093
    5025      52.7586
    5026      53.1275
    5027      51.5240
    5028      46.3401
    5029      51.7577
    5030      54.9530
    5031      56.7266
    5032      55.1718
    5033      55.2708
    5034      56.1224
    5035      51.3151
    5036      53.3326
    5037      54.9995
    5038      55.1504
    5039      54.1507
    5040      46.6712
    5041      47.3443
    5042      47.3705
    5043      44.9622
    5044      46.0566
    5045      48.6480
    5046      53.9320
    5047      54.9364
    5048      56.4443
    5049      50.3746
    5050      53.6502
    5051      52.3127
    5052      54.7279
    5053      56.7503
    5054      52.2548
    5055      53.3987
    5056      48.5216
    5057      49.2641
    5058      51.5533
    5059      53.2614
    5060      55.9245
    5061      59.2213
    5062      64.1486
    5063      63.1465
    5064      60.1728
    5065      54.7597
    5066      53.3277
    5067      52.2631
    5068      46.9910
    5069      52.7773
    5070      53.7267
    5071      54.2491
    5072      57.9604
    5073      51.9217
    5074      49.0814
    5075      47.2595
    5076      44.2213
    5077      39.8892
    5078      47.3194
    5079      45.5362
    5080      44.8359
    5081      42.9576
    5082      46.5048
    5083      44.9553
    5084      46.8571
    5085      44.1923
    5086      44.4312
    5087      47.1221
    5088      45.1456
    5089      48.3062
    5090      49.4823
    5091      52.5653
    5092      51.3995
    5093      49.3669
    5094      49.2680
    5095      48.3392
    5096      50.5989
    5097      53.6123
    5098      52.0433
    5099      43.4966
    5100      46.8927
    5101      50.5258
    5102      51.1099
    5103      48.0784
    5104      45.1463
    5105      51.8322
    5106      51.7996
    5107      49.8854
    5108      47.1425
    5109      48.2758
    5110      43.1491
    5111      47.5195
    5112      48.8300
    5113      52.5807
    5114      50.8757
    5115      47.7508
    5116      48.4471
    5117      50.2892
    5118      52.4288
    5119      54.8434
    5120      54.5910
    5121      53.7802
    5122      49.9387
    5123      54.4028
    5124      56.5997
    5125      59.9424
    5126      56.2152
    5127      60.0480
    5128      63.7984
    5129      62.0334
    5130      62.3912
    5131      60.8115
    5132      60.5377
    5133      60.1281
    5134      53.8634
    5135      53.2299
    5136      54.4601
    5137      48.6041
    5138      48.4019
    5139      44.7652
    5140      51.9359
    5141      50.4560
    5142      49.1057
    5143      50.9579
    5144      45.9375
    5145      52.0678
    5146      49.7928
    5147      51.3152
    5148      45.9545
    5149      49.7665
    5150      51.3302
    5151      42.6201
    5152      39.3026
    5153      32.6551
    5154      39.8653
    5155      35.1754
    5156      38.5482
    5157      40.4056
    5158      38.4771
    5159      38.8779
    5160      34.7401
    5161      40.1581
    5162      37.0947
    5163      36.5256
    5164      41.1767
    5165      42.7593
    5166      48.6706
    5167      48.7902
    5168      47.7783
    5169      45.0216
    5170      50.7583
    5171      52.3710
    5172      51.5919
    5173      51.1526
    5174      47.9826
    5175      44.8175
    5176      52.5644
    5177      52.0391
    5178      52.7527
    5179      55.6746
    5180      47.3703
    5181      52.1221
    5182      53.8817
    5183      44.0585
    5184      45.8629
    5185      44.4488
    5186      44.8750
    5187      42.9140
    5188      48.1292
    5189      47.9266
    5190      48.2390
    5191      50.3653
    5192      50.5279
    5193      49.0363
    5194      43.2969
    5195      45.8704
    5196      47.2787
    5197      48.9754
    5198      48.6253
    5199      45.7560
    5200      47.8735
    5201      48.6249
    5202      50.3953
    5203      55.2828
    5204      54.6422
    5205      52.5245
    5206      45.8531
    5207      41.7176
    5208      43.4413
    5209      46.3806
    5210      48.8035
    5211      51.9232
    5212      51.5260
    5213      51.1456
    5214      54.2492
    5215      48.9528
    5216      48.9523
    5217      47.6091
    5218      45.5978
    5219      50.6590
    5220      48.3213
    5221      48.9521
    5222      46.3054
    5223      47.0193
    5224      41.8696
    5225      37.0781
    5226      36.7205
    5227      41.1084
    5228      45.0151
    5229      50.7028
    5230      48.6693
    5231      44.6953
    5232      42.3633
    5233      45.9057
    5234      44.0038
    5235      46.6436
    5236      51.2984
    5237      49.2884
    5238      47.1618
    5239      42.7787
    5240      42.7162
    5241      42.7651
    5242      44.7312
    5243      46.3627
    5244      51.3795
    5245      53.5736
    5246      53.9865
    5247      57.6568
    5248      56.4624
    5249      53.8823
    5250      52.0131
    5251      50.7303
    5252      49.3266
    5253      47.8415
    5254      47.1295
    5255      49.1572
    5256      52.7536
    5257      54.4353
    5258      52.7065
    5259      51.1542
    5260      52.5946
    5261      52.9662
    5262      49.8378
    5263      53.7865
    5264      51.7849
    5265      50.3278
    5266      49.8455
    5267      46.2021
    5268      45.0429
    5269      40.6906
    5270      44.3657
    5271      45.7674
    5272      49.5022
    5273      43.9397
    5274      44.8356
    5275      44.3129
    5276      48.2876
    5277      43.6285
    5278      48.8182
    5279      46.8954
    5280      48.2098
    5281      46.7195
    5282      49.0865
    5283      45.9768
    5284      51.8239
    5285      51.8383
    5286      51.8709
    5287      46.2728
    5288      48.4125
    5289      49.8659
    5290      47.4298
    5291      46.2182
    5292      47.8785
    5293      41.8785
    5294      37.2140
    5295      45.3463
    5296      46.8020
    5297      49.1302
    5298      53.2989
    5299      53.9783
    5300      60.3456
    5301      60.9789
    5302      59.2650
    5303      58.6629
    5304      57.9869
    5305      54.6362
    5306      53.7690
    5307      53.4154
    5308      51.0211
    5309      48.6509
    5310      51.4466
    5311      49.5533
    5312      45.3378
    5313      43.6691
    5314      42.4125
    5315      42.9390
    5316      42.5129
    5317      42.2472
    5318      46.9844
    5319      45.6447
    5320      39.5908
    5321      41.9782
    5322      44.9355
    5323      45.1034
    5324      45.4202
    5325      48.0104
    5326      44.0541
    5327      44.2811
    5328      52.0503
    5329      49.2645
    5330      49.7202
    5331      49.0884
    5332      53.9483
    5333      51.9063
    5334      49.3002
    5335      54.3840
    5336      48.6593
    5337      46.9432
    5338      50.3640
    5339      50.0712
    5340      48.1052
    5341      47.7770
    5342      41.6833
    5343      43.5738
    5344      42.7380
    5345      41.2709
    5346      44.1117
    5347      44.6208
    5348      43.3632
    5349      47.4590
    5350      47.5628
    5351      43.8937
    5352      53.1697
    5353      54.3191
    5354      55.1846
    5355      54.6934
    5356      48.8317
    5357      45.4425
    5358      51.3475
    5359      56.7924
    5360      55.4050
    5361      54.1323
    5362      49.8035
    5363      49.9550
    5364      53.4922
    5365      54.0263
    5366      52.5282
    5367      50.3803
    5368      43.1054
    5369      43.6271
    5370      46.1050
    5371      48.2963
    5372      47.9446
    5373      44.7971
    5374      43.2799
    5375      46.4424
    5376      45.9644
    5377      44.0422
    5378      36.3492
    5379      41.7259
    5380      44.0105
    5381      47.3647
    5382      45.5265
    5383      44.5995
    5384      45.2438
    5385      43.3912
    5386      47.0903
    5387      47.7060
    5388      45.2097
    5389      47.0451
    5390      45.4593
    5391      48.4782
    5392      53.2132
    5393      52.6143
    5394      57.3961
    5395      61.6780
    5396      62.1863
    5397      55.7074
    5398      54.5254
    5399      48.5677
    5400      50.8068
    5401      48.8675
    5402      47.7029
    5403      49.0258
    5404      47.4783
    5405      52.4694
    5406      52.2746
    5407      49.9588
    5408      51.3034
    5409      50.0876
    5410      55.7258
    5411      50.9330
    5412      52.6212
    5413      52.3812
    5414      48.9632
    5415      49.8812
    5416      48.2957
    5417      55.6216
    5418      57.7509
    5419      58.3322
    5420      56.5705
    5421      52.2016
    5422      50.7561
    5423      48.3837
    5424      51.0098
    5425      52.2667
    5426      54.3495
    5427      51.2628
    5428      51.3017
    5429      52.4686
    5430      56.3693
    5431      53.5831
    5432      50.9513
    5433      53.1670
    5434      47.4926
    5435      41.6834
    5436      43.6206
    5437      43.1065
    5438      46.5859
    5439      51.1349
    5440      52.1547
    5441      43.7965
    5442      46.5621
    5443      49.6388
    5444      47.8597
    5445      46.2531
    5446      49.9778
    5447      55.5703
    5448      54.3992
    5449      52.8797
    5450      50.4925
    5451      54.6661
    5452      49.6992
    5453      39.8557
    5454      42.7168
    5455      49.1416
    5456      50.7853
    5457      53.1738
    5458      49.6520
    5459      46.2338
    5460      49.7015
    5461      48.5797
    5462      49.4172
    5463      49.8100
    5464      55.2428
    5465      53.8229
    5466      51.9360
    5467      51.3911
    5468      49.9417
    5469      47.6912
    5470      49.4855
    5471      52.5932
    5472      49.8601
    5473      49.3852
    5474      49.9785
    5475      49.7858
    5476      49.3110
    5477      46.0231
    5478      48.9199
    5479      48.7355
    5480      51.6598
    5481      49.8450
    5482      52.2726
    5483      51.0935
    5484      54.5850
    5485      56.5626
    5486      57.1065
    5487      55.5416
    5488      56.5292
    5489      56.3511
    5490      49.3769
    5491      50.1689
    5492      45.1784
    5493      46.9886
    5494      49.3423
    5495      50.7509
    5496      48.5774
    5497      50.2012
    5498      48.1589
    5499      46.9922
    5500      44.8961
    5501      42.3908
    5502      46.0404
    5503      55.0845
    5504      58.6771
    5505      52.1266
    5506      49.9501
    5507      48.8967
    5508      53.6020
    5509      50.7513
    5510      49.2578
    5511      52.0549
    5512      52.8339
    5513      56.2136
    5514      48.8761
    5515      47.9829
    5516      45.7680
    5517      45.6083
    5518      47.5617
    5519      51.5138
    5520      47.6012
    5521      51.5755
    5522      50.2417
    5523      49.4052
    5524      51.3575
    5525      49.6596
    5526      48.7230
    5527      48.2481
    5528      51.2500
    5529      57.0546
    5530      56.7772
    5531      57.3412
    5532      53.4495
    5533      55.3983
    5534      55.4016
    5535      50.6340
    5536      59.6467
    5537      57.6566
    5538      48.9896
    5539      49.7150
    5540      50.4230
    5541      48.2944
    5542      50.4783
    5543      52.4420
    5544      52.1300
    5545      45.2690
    5546      42.7721
    5547      40.3191
    5548      35.5644
    5549      43.1430
    5550      45.5329
    5551      45.7060
    5552      43.1219
    5553      47.2093
    5554      49.0630
    5555      47.2100
    5556      48.8083
    5557      44.6214
    5558      42.6053
    5559      47.2516
    5560      46.8735
    5561      47.0871
    5562      46.2336
    5563      47.5202
    5564      48.0089
    5565      48.0169
    5566      45.6448
    5567      42.6624
    5568      44.2472
    5569      49.1127
    5570      43.5243
    5571      45.7860
    5572      45.5136
    5573      39.7963
    5574      39.2708
    5575      41.0556
    5576      42.1442
    5577      45.3552
    5578      45.3138
    5579      43.2675
    5580      43.2878
    5581      42.6397
    5582      40.2681
    5583      41.3699
    5584      46.2835
    5585      49.2226
    5586      50.0271
    5587      47.6616
    5588      51.2701
    5589      44.3398
    5590      38.9168
    5591      44.2850
    5592      45.4929
    5593      50.3169
    5594      47.7988
    5595      42.9907
    5596      44.2689
    5597      42.7825
    5598      48.8159
    5599      44.3970
    5600      45.8534
    5601      49.5378
    5602      50.4642
    5603      47.2912
    5604      50.9797
    5605      50.6140
    5606      51.8455
    5607      47.8947
    5608      45.3341
    5609      47.6155
    5610      46.1854
    5611      39.6983
    5612      41.8028
    5613      42.5553
    5614      45.6536
    5615      44.8655
    5616      40.7804
    5617      39.0260
    5618      41.4160
    5619      40.9355
    5620      43.8485
    5621      44.2859
    5622      45.4428
    5623      45.5574
    5624      42.9965
    5625      43.9752
    5626      44.9303
    5627      44.7219
    5628      50.1006
    5629      50.1122
    5630      47.9167
    5631      46.5346
    5632      47.1708
    5633      47.2493
    5634      47.4476
    5635      49.5646
    5636      49.3074
    5637      47.5367
    5638      51.2663
    5639      45.0311
    5640      49.0539
    5641      47.4302
    5642      44.6997
    5643      41.8534
    5644      44.2139
    5645      45.4601
    5646      44.9096
    5647      44.0106
    5648      50.0311
    5649      53.6429
    5650      46.5703
    5651      48.4926
    5652      47.6334
    5653      41.7661
    5654      38.6046
    5655      41.4053
    5656      44.4445
    5657      47.4053
    5658      44.7848
    5659      41.9883
    5660      39.4099
    5661      38.8976
    5662      33.2991
    5663      35.4191
    5664      44.0165
    5665      41.6496
    5666      40.9336
    5667      43.4859
    5668      46.7023
    5669      46.3956
    5670      44.9427
    5671      48.1461
    5672      49.5499
    5673      43.7610
    5674      43.8741
    5675      42.0271
    5676      42.9747
    5677      40.9206
    5678      46.1054
    5679      42.7489
    5680      48.2881
    5681      47.6045
    5682      49.3665
    5683      49.2448
    5684      56.1701
    5685      51.2702
    5686      53.6590
    5687      60.0012
    5688      61.4518
    5689      54.8655
    5690      54.5143
    5691      49.7545
    5692      46.6996
    5693      48.6921
    5694      46.2294
    5695      45.5581
    5696      50.6079
    5697      50.1971
    5698      49.0950
    5699      50.9552
    5700      50.9607
    5701      48.9219
    5702      50.2524
    5703      44.4670
    5704      51.4480
    5705      60.4926
    5706      60.6098
    5707      58.3710
    5708      50.6860
    5709      52.7472
    5710      55.7411
    5711      58.4864
    5712      60.8488
    5713      60.0956
    5714      56.8625
    5715      54.6930
    5716      55.9383
    5717      60.4053
    5718      59.0200
    5719      57.4499
    5720      56.4098
    5721      51.2110
    5722      49.2158
    5723      54.8325
    5724      51.3641
    5725      52.4251
    5726      56.7627
    5727      58.9139
    5728      59.6956
    5729      55.6856
    5730      56.9532
    5731      57.9598
    5732      57.4424
    5733      55.3129
    5734      55.4326
    5735      47.2473
    5736      50.8918
    5737      51.4456
    5738      40.1507
    5739      48.0399
    5740      46.8494
    5741      45.0302
    5742      47.2802
    5743      38.0240
    5744      35.3522
    5745      39.6832
    5746      37.9686
    5747      39.9578
    5748      43.4497
    5749      47.8513
    5750      49.2326
    5751      45.1931
    5752      42.9185
    5753      38.0798
    5754      38.4692
    5755      40.3740
    5756      40.4520
    5757      42.4446
    5758      37.4611
    5759      44.6859
    5760      40.8068
    5761      41.1886
    5762      42.2262
    5763      41.6885
    5764      47.1976
    5765      49.5224
    5766      53.9355
    5767      60.5768
    5768      55.4975
    5769      58.5070
    5770      54.7096
    5771      54.4869
    5772      57.1573
    5773      56.3226
    5774      58.6233
    5775      56.0296
    5776      58.5858
    5777      55.6728
    5778      54.1802
    5779      46.8863
    5780      54.4102
    5781      52.6321
    5782      60.8880
    5783      58.1162
    5784      52.3428
    5785      54.9919
    5786      57.0722
    5787      54.4350
    5788      58.7675
    5789      61.7924
    5790      57.7462
    5791      59.9667
    5792      56.6803
    5793      47.6283
    5794      46.4859
    5795      47.9553
    5796      44.3205
    5797      40.0766
    5798      46.6303
    5799      43.6571
    5800      44.2984
    5801      47.3068
    5802      45.7907
    5803      45.3706
    5804      45.4129
    5805      50.2961
    5806      45.8192
    5807      48.9198
    5808      49.2549
    5809      50.9934
    5810      52.3452
    5811      52.3257
    5812      56.1749
    5813      50.6950
    5814      46.3973
    5815      43.9620
    5816      46.7304
    5817      51.2324
    5818      52.4003
    5819      49.1875
    5820      50.2895
    5821      51.3877
    5822      53.6886
    5823      56.5914
    5824      54.4034
    5825      51.9204
    5826      58.3856
    5827      53.4740
    5828      54.9548
    5829      50.5605
    5830      51.6324
    5831      56.3320
    5832      58.7805
    5833      53.8116
    5834      53.5685
    5835      54.6686
    5836      53.7650
    5837      49.8775
    5838      52.2801
    5839      50.5984
    5840      49.7896
    5841      51.0816
    5842      49.0081
    5843      51.0978
    5844      53.2802
    5845      59.1538
    5846      58.1442
    5847      57.3713
    5848      60.3366
    5849      57.4431
    5850      54.2857
    5851      53.2247
    5852      51.0845
    5853      52.3190
    5854      50.8506
    5855      44.7733
    5856      45.8536
    5857      47.8524
    5858      43.2345
    5859      36.1701
    5860      33.9678
    5861      37.3100
    5862      41.4553
    5863      43.7379
    5864      38.0005
    5865      43.0687
    5866      38.4712
    5867      44.0816
    5868      40.5660
    5869      41.0772
    5870      45.6258
    5871      39.6645
    5872      43.0417
    5873      41.7272
    5874      43.0236
    5875      40.1275
    5876      40.2690
    5877      44.7999
    5878      45.0893
    5879      50.8486
    5880      54.3128
    5881      52.2496
    5882      56.1014
    5883      57.3956
    5884      53.1540
    5885      50.3312
    5886      51.0797
    5887      47.9110
    5888      54.5559
    5889      48.4110
    5890      47.6326
    5891      45.3793
    5892      48.1648
    5893      43.3060
    5894      49.8828
    5895      49.0085
    5896      44.6456
    5897      47.3455
    5898      51.8519
    5899      48.3939
    5900      50.4693
    5901      53.0973
    5902      54.2608
    5903      52.7211
    5904      54.4030
    5905      50.0459
    5906      49.7557
    5907      53.2692
    5908      53.8349
    5909      51.2605
    5910      53.7356
    5911      54.6295
    5912      53.2630
    5913      57.6605
    5914      55.2184
    5915      57.8821
    5916      59.1988
    5917      59.8774
    5918      62.7587
    5919      61.6604
    5920      57.1351
    5921      57.4296
    5922      53.1281
    5923      50.0963
    5924      53.9760
    5925      47.9510
    5926      46.7914
    5927      46.9629
    5928      38.8021
    5929      43.8926
    5930      41.5456
    5931      43.2385
    5932      49.6593
    5933      50.6664
    5934      51.7933
    5935      53.6905
    5936      54.9519
    5937      56.2169
    5938      53.6177
    5939      55.3155
    5940      53.9815
    5941      54.8364
    5942      60.0887
    5943      58.2366
    5944      61.0285
    5945      66.6705
    5946      69.3911
    5947      68.5446
    5948      67.9446
    5949      66.2371
    5950      65.2447
    5951      59.8163
    5952      60.9922
    5953      58.5366
    5954      54.4895
    5955      50.7305
    5956      47.2187
    5957      49.9010
    5958      52.4275
    5959      51.9931
    5960      52.4820
    5961      47.7120
    5962      43.5300
    5963      46.9923
    5964      48.5142
    5965      45.6860
    5966      42.8195
    5967      48.2638
    5968      43.2798
    5969      51.3749
    5970      51.4252
    5971      52.8918
    5972      55.0978
    5973      53.4424
    5974      55.0895
    5975      56.0807
    5976      54.9250
    5977      49.5684
    5978      48.7651
    5979      47.6549
    5980      46.8642
    5981      47.6429
    5982      49.0398
    5983      50.2710
    5984      50.9849
    5985      55.7348
    5986      53.8772
    5987      49.9229
    5988      55.0747
    5989      54.8284
    5990      54.9601
    5991      50.5202
    5992      50.9599
    5993      46.8342
    5994      44.8230
    5995      51.0343
    5996      52.6145
    5997      48.4849
    5998      47.0725
    5999      45.4482
    6000      47.6389
    6001      50.8541
    6002      54.2416
    6003      52.3478
    6004      54.5462
    6005      54.4967
    6006      56.1012
    6007      58.2245
    6008      55.9357
    6009      55.6405
    6010      55.7402
    6011      60.3403
    6012      55.9890
    6013      50.4495
    6014      51.1997
    6015      54.9287
    6016      53.5492
    6017      52.0577
    6018      53.4206
    6019      52.9300
    6020      51.2397
    6021      55.6188
    6022      53.2203
    6023      49.8128
    6024      49.0111
    6025      44.9430
    6026      47.2203
    6027      51.0070
    6028      49.2187
    6029      48.2659
    6030      47.4402
    6031      51.1406
    6032      51.4491
    6033      54.1469
    6034      56.4520
    6035      54.5725
    6036      52.8491
    6037      47.3654
    6038      45.2415
    6039      44.0233
    6040      42.7770
    6041      43.7720
    6042      49.0722
    6043      55.2261
    6044      54.1329
    6045      55.5022
    6046      55.8542
    6047      56.0108
    6048      53.1759
    6049      55.9673
    6050      55.3321
    6051      53.8198
    6052      47.8916
    6053      53.8010
    6054      53.7290
    6055      54.2150
    6056      55.7303
    6057      53.7380
    6058      59.1447
    6059      59.6775
    6060      60.5042
    6061      55.7859
    6062      57.8260
    6063      56.1937
    6064      55.4594
    6065      54.9288
    6066      54.5236
    6067      49.1634
    6068      45.0071
    6069      49.2567
    6070      48.6222
    6071      50.0625
    6072      47.0966
    6073      44.7090
    6074      43.4876
    6075      45.7756
    6076      45.5877
    6077      44.4831
    6078      49.9872
    6079      49.7772
    6080      46.2116
    6081      50.7277
    6082      47.6925
    6083      43.6869
    6084      53.9747
    6085      51.8785
    6086      54.1422
    6087      52.3663
    6088      54.0287
    6089      52.4898
    6090      50.7899
    6091      56.5467
    6092      64.0851
    6093      63.3299
    6094      60.8860
    6095      63.3257
    6096      58.1828
    6097      54.3983
    6098      52.6709
    6099      54.6516
    6100      49.7204
    6101      52.5321
    6102      55.6823
    6103      59.0409
    6104      61.3594
    6105      60.9474
    6106      53.4823
    6107      51.7969
    6108      56.6936
    6109      51.9740
    6110      49.2672
    6111      44.4345
    6112      48.5241
    6113      53.2245
    6114      50.4500
    6115      54.0178
    6116      56.7285
    6117      52.4550
    6118      52.7904
    6119      52.8325
    6120      50.9460
    6121      52.0425
    6122      51.1407
    6123      51.9621
    6124      58.2935
    6125      60.9811
    6126      56.9339
    6127      57.9456
    6128      54.6408
    6129      56.1105
    6130      50.2389
    6131      46.1818
    6132      40.5524
    6133      41.1754
    6134      42.2888
    6135      43.6176
    6136      46.1096
    6137      45.6044
    6138      45.9171
    6139      48.8926
    6140      55.7178
    6141      52.9718
    6142      50.7838
    6143      49.8873
    6144      47.3860
    6145      43.0428
    6146      43.6204
    6147      42.3312
    6148      46.7514
    6149      47.1392
    6150      45.0557
    6151      43.2215
    6152      45.7288
    6153      43.0166
    6154      42.9820
    6155      45.6862
    6156      49.1055
    6157      49.0508
    6158      50.5130
    6159      54.6432
    6160      58.1041
    6161      54.5023
    6162      53.0730
    6163      49.8840
    6164      45.8943
    6165      43.7797
    6166      48.1409
    6167      47.6377
    6168      50.9165
    6169      48.3518
    6170      54.8851
    6171      58.4149
    6172      57.8867
    6173      52.6724
    6174      47.5865
    6175      48.3500
    6176      51.2976
    6177      45.0240
    6178      43.1353
    6179      49.4302
    6180      51.6573
    6181      52.7907
    6182      50.8583
    6183      49.5980
    6184      52.7596
    6185      53.3671
    6186      54.3341
    6187      53.6677
    6188      52.7896
    6189      53.1536
    6190      50.7662
    6191      45.9054
    6192      48.0231
    6193      44.7243
    6194      47.4933
    6195      51.1207
    6196      49.5813
    6197      50.7831
    6198      50.7606
    6199      52.9229
    6200      60.5626
    6201      56.4415
    6202      55.8738
    6203      55.1128
    6204      52.5172
    6205      49.7226
    6206      49.1679
    6207      49.7836
    6208      49.0075
    6209      45.8128
    6210      48.5649
    6211      49.9632
    6212      52.8899
    6213      49.8682
    6214      46.9703
    6215      47.7938
    6216      47.6906
    6217      47.1042
    6218      50.1475
    6219      51.7766
    6220      55.1840
    6221      59.0305
    6222      57.6056
    6223      58.5651
    6224      57.8212
    6225      56.5643
    6226      54.7372
    6227      58.8059
    6228      59.4205
    6229      52.0551
    6230      53.4017
    6231      56.5161
    6232      54.4269
    6233      49.8766
    6234      50.9788
    6235      55.3707
    6236      53.8193
    6237      50.3362
    6238      48.2300
    6239      46.7254
    6240      52.7392
    6241      52.4132
    6242      54.7321
    6243      55.6524
    6244      53.5610
    6245      55.2538
    6246      56.3193
    6247      57.2765
    6248      53.9566
    6249      57.1769
    6250      58.3105
    6251      54.2196
    6252      52.2585
    6253      47.1092
    6254      48.0804
    6255      50.4177
    6256      47.0626
    6257      51.6996
    6258      51.0326
    6259      49.7786
    6260      53.3531
    6261      44.0886
    6262      49.0280
    6263      52.8522
    6264      49.2673
    6265      43.4195
    6266      49.7220
    6267      51.5143
    6268      49.0687
    6269      47.5756
    6270      51.4000
    6271      48.4947
    6272      50.8558
    6273      50.2845
    6274      49.3837
    6275      52.5916
    6276      53.2586
    6277      51.3343
    6278      55.7687
    6279      55.3562
    6280      53.9087
    6281      56.5825
    6282      53.6736
    6283      55.9892
    6284      61.2781
    6285      59.6063
    6286      56.8154
    6287      53.5874
    6288      47.7532
    6289      45.5301
    6290      45.2130
    6291      44.8570
    6292      54.0541
    6293      51.5673
    6294      53.2751
    6295      54.1088
    6296      53.4718
    6297      52.1551
    6298      53.2943
    6299      46.1897
    6300      45.1929
    6301      44.4255
    6302      47.3712
    6303      48.6203
    6304      46.3303
    6305      46.7288
    6306      50.4489
    6307      55.5218
    6308      57.1980
    6309      62.2692
    6310      57.1035
    6311      55.4682
    6312      54.4825
    6313      56.0071
    6314      52.3593
    6315      55.2260
    6316      50.3635
    6317      54.4825
    6318      54.9722
    6319      54.4160
    6320      57.2230
    6321      58.7395
    6322      55.2397
    6323      52.1729
    6324      52.7603
    6325      51.6644
    6326      54.4298
    6327      54.0619
    6328      54.3451
    6329      54.1283
    6330      54.4752
    6331      53.9080
    6332      55.5301
    6333      54.3034
    6334      58.9711
    6335      58.2748
    6336      57.3505
    6337      57.8964
    6338      64.4367
    6339      68.2552
    6340      63.2408
    6341      62.3380
    6342      63.9607
    6343      58.5232
    6344      57.6956
    6345      53.3221
    6346      56.7310
    6347      53.6816
    6348      54.9858
    6349      54.8575
    6350      52.7788
    6351      57.8482
    6352      63.1033
    6353      63.2054
    6354      64.4341
    6355      66.5791
    6356      65.1543
    6357      65.8853
    6358      55.5727
    6359      54.5091
    6360      58.7286
    6361      59.3525
    6362      55.6122
    6363      52.5920
    6364      54.3800
    6365      49.2520
    6366      43.8303
    6367      49.6646
    6368      49.3151
    6369      52.2135
    6370      54.2129
    6371      52.3502
    6372      54.2952
    6373      50.1579
    6374      48.7199
    6375      42.2571
    6376      47.5202
    6377      48.2058
    6378      45.8622
    6379      51.7929
    6380      49.7861
    6381      46.7851
    6382      45.1423
    6383      43.9663
    6384      39.7973
    6385      44.4939
    6386      44.0706
    6387      48.0394
    6388      47.2067
    6389      45.1193
    6390      40.4344
    6391      42.8386
    6392      43.9993
    6393      50.9305
    6394      54.4011
    6395      48.7202
    6396      47.2354
    6397      48.3374
    6398      48.8978
    6399      50.6038
    6400      57.1945
    6401      52.1632
    6402      47.8531
    6403      45.7774
    6404      44.0355
    6405      41.6267
    6406      43.0134
    6407      44.3742
    6408      43.9008
    6409      40.8641
    6410      43.9826
    6411      44.8463
    6412      45.6313
    6413      42.8995
    6414      41.6176
    6415      40.1931
    6416      41.8339
    6417      46.1555
    6418      50.4015
    6419      52.4359
    6420      53.6377
    6421      51.0323
    6422      45.9043
    6423      43.5310
    6424      51.0467
    6425      46.8840
    6426      37.2770
    6427      40.5122
    6428      36.2462
    6429      37.8599
    6430      43.1805
    6431      42.9443
    6432      40.0698
    6433      44.2668
    6434      48.4350
    6435      51.6756
    6436      50.3602
    6437      52.9972
    6438      53.7169
    6439      57.6252
    6440      59.5908
    6441      58.5916
    6442      55.9557
    6443      49.6527
    6444      51.4187
    6445      55.3888
    6446      57.5103
    6447      55.7622
    6448      57.4939
    6449      56.4814
    6450      56.9694
    6451      58.2553
    6452      53.2914
    6453      49.0468
    6454      46.1755
    6455      51.0422
    6456      51.8961
    6457      52.3614
    6458      46.3562
    6459      46.1263
    6460      48.6939
    6461      48.9211
    6462      51.7256
    6463      54.0078
    6464      49.8173
    6465      51.5160
    6466      49.0715
    6467      46.6929
    6468      44.4362
    6469      51.1791
    6470      48.4015
    6471      47.8319
    6472      45.0680
    6473      45.2462
    6474      48.9006
    6475      48.4925
    6476      51.1656
    6477      50.9524
    6478      54.1010
    6479      47.4195
    6480      41.9431
    6481      45.4240
    6482      44.6190
    6483      43.8317
    6484      37.5124
    6485      39.5464
    6486      42.3083
    6487      41.0832
    6488      43.3145
    6489      42.6653
    6490      41.0195
    6491      42.3674
    6492      51.1732
    6493      48.0334
    6494      45.2518
    6495      43.9823
    6496      43.2008
    6497      48.9102
    6498      47.0831
    6499      45.1468
    6500      45.8795
    6501      49.9738
    6502      45.9853
    6503      43.3112
    6504      43.2968
    6505      43.1055
    6506      43.8631
    6507      42.9732
    6508      43.0191
    6509      48.0982
    6510      48.6641
    6511      48.4239
    6512      48.1728
    6513      51.9799
    6514      52.2978
    6515      53.1603
    6516      45.6743
    6517      46.6975
    6518      51.2568
    6519      50.1056
    6520      51.6509
    6521      58.5260
    6522      56.5018
    6523      49.7096
    6524      46.9286
    6525      46.4392
    6526      49.1354
    6527      47.2087
    6528      41.3466
    6529      42.3598
    6530      37.5407
    6531      35.1474
    6532      38.4922
    6533      37.1478
    6534      40.6214
    6535      42.4329
    6536      42.2440
    6537      44.2551
    6538      47.0182
    6539      45.0860
    6540      40.8489
    6541      43.7936
    6542      40.8967
    6543      43.1116
    6544      44.0519
    6545      40.2143
    6546      45.8495
    6547      51.3757
    6548      53.4708
    6549      51.5377
    6550      47.9239
    6551      56.0416
    6552      49.5531
    6553      45.9484
    6554      46.0886
    6555      42.7300
    6556      42.3536
    6557      43.6490
    6558      43.8974
    6559      45.7383
    6560      50.6810
    6561      51.7079
    6562      48.5413
    6563      49.0593
    6564      46.6327
    6565      48.5931
    6566      49.0746
    6567      41.8777
    6568      42.7664
    6569      47.3323
    6570      47.3880
    6571      48.4042
    6572      43.7979
    6573      46.4675
    6574      47.6049
    6575      49.3268
    6576      52.2165
    6577      53.6385
    6578      56.6156
    6579      50.3321
    6580      54.5338
    6581      52.8661
    6582      50.3772
    6583      49.5400
    6584      53.9099
    6585      55.6359
    6586      56.5427
    6587      49.4784
    6588      45.7535
    6589      50.0453
    6590      49.6130
    6591      49.7910
    6592      50.0500
    6593      48.0695
    6594      48.6465
    6595      49.7607
    6596      51.4022
    6597      49.8671
    6598      44.0954
    6599      44.0679
    6600      48.3725
    6601      46.1878
    6602      40.3629
    6603      43.7926
    6604      46.5748
    6605      43.0988
    6606      45.4362
    6607      43.3634
    6608      41.8651
    6609      37.9662
    6610      39.2859
    6611      49.1752
    6612      48.7409
    6613      47.7433
    6614      47.3297
    6615      50.2745
    6616      51.9168
    6617      52.5013
    6618      52.1840
    6619      50.7260
    6620      50.4545
    6621      53.4382
    6622      50.2707
    6623      51.2112
    6624      50.3279
    6625      49.8194
    6626      43.9424
    6627      44.8547
    6628      45.6607
    6629      43.3876
    6630      47.9735
    6631      48.3870
    6632      48.3126
    6633      46.9161
    6634      45.1174
    6635      44.6917
    6636      49.7573
    6637      55.2838
    6638      58.6609
    6639      51.4349
    6640      50.5141
    6641      50.0849
    6642      51.3486
    6643      46.6157
    6644      50.0714
    6645      49.6451
    6646      48.9125
    6647      50.2712
    6648      48.6028
    6649      42.9178
    6650      43.0013
    6651      41.8708
    6652      40.4045
    6653      44.8559
    6654      51.8169
    6655      47.6892
    6656      48.6651
    6657      48.6279
    6658      44.1317
    6659      43.3475
    6660      38.2670
    6661      33.8945
    6662      34.1102
    6663      36.1907
    6664      37.5191
    6665      43.7833
    6666      45.4839
    6667      41.5807
    6668      40.1054
    6669      40.4008
    6670      44.3920
    6671      47.0305
    6672      48.3616
    6673      44.7944
    6674      45.8194
    6675      44.1523
    6676      49.0604
    6677      49.9966
    6678      44.8584
    6679      38.8195
    6680      39.4446
    6681      41.8627
    6682      42.6793
    6683      46.2824
    6684      51.8952
    6685      54.0599
    6686      50.2158
    6687      50.0491
    6688      48.0389
    6689      45.0744
    6690      44.3727
    6691      42.0724
    6692      41.8582
    6693      46.2667
    6694      43.8214
    6695      45.1372
    6696      45.3740
    6697      44.2920
    6698      48.4201
    6699      44.8497
    6700      44.6717
    6701      47.6358
    6702      51.3422
    6703      50.0273
    6704      51.8303
    6705      51.4429
    6706      57.4052
    6707      53.9350
    6708      48.6930
    6709      48.7226
    6710      47.2925
    6711      52.7914
    6712      49.5046
    6713      54.2797
    6714      55.5456
    6715      56.7259
    6716      57.7614
    6717      57.7579
    6718      53.1816
    6719      53.8019
    6720      53.2241
    6721      51.1592
    6722      47.3932
    6723      50.6180
    6724      48.9585
    6725      43.1206
    6726      53.0317
    6727      51.9820
    6728      52.2379
    6729      44.5484
    6730      48.8252
    6731      52.4880
    6732      50.7194
    6733      50.1815
    6734      45.3944
    6735      47.4097
    6736      51.7337
    6737      47.8396
    6738      43.6753
    6739      40.1937
    6740      50.7531
    6741      54.0320
    6742      50.1634
    6743      49.3643
    6744      47.0820
    6745      49.9297
    6746      51.1074
    6747      44.9601
    6748      45.4481
    6749      52.3084
    6750      48.2008
    6751      51.5363
    6752      55.5862
    6753      56.2851
    6754      59.2179
    6755      58.1947
    6756      55.5119
    6757      57.5925
    6758      61.9355
    6759      60.5343
    6760      56.2979
    6761      60.3038
    6762      59.4238
    6763      57.0344
    6764      60.6524
    6765      61.0005
    6766      66.0513
    6767      62.1207
    6768      59.5096
    6769      60.0793
    6770      60.0283
    6771      61.7056
    6772      58.6239
    6773      50.7584
    6774      53.6021
    6775      51.9314
    6776      58.8839
    6777      62.9036
    6778      59.0102
    6779      60.6911
    6780      65.8604
    6781      62.0739
    6782      57.4021
    6783      54.9493
    6784      60.0356
    6785      63.1068
    6786      59.9795
    6787      52.5328
    6788      51.6059
    6789      51.5095
    6790      53.3401
    6791      54.3138
    6792      56.2810
    6793      55.9103
    6794      52.6393
    6795      54.0203
    6796      54.5887
    6797      61.4226
    6798      64.2128
    6799      57.4474
    6800      63.5377
    6801      63.3381
    6802      58.9903
    6803      58.8149
    6804      56.6660
    6805      52.3952
    6806      55.6131
    6807      63.7461
    6808      62.2222
    6809      62.0558
    6810      60.6289
    6811      56.0776
    6812      55.3285
    6813      51.9332
    6814      52.7309
    6815      51.7366
    6816      56.5118
    6817      55.9178
    6818      53.7704
    6819      50.5158
    6820      55.9435
    6821      59.2967
    6822      57.9460
    6823      55.9524
    6824      56.7587
    6825      63.8420
    6826      60.6206
    6827      60.2355
    6828      63.2211
    6829      64.4250
    6830      59.8640
    6831      60.2028
    6832      60.6891
    6833      63.3347
    6834      65.0178
    6835      63.6619
    6836      65.9514
    6837      63.4662
    6838      61.4888
    6839      58.2803
    6840      56.6634
    6841      61.7099
    6842      55.8009
    6843      50.3746
    6844      51.1183
    6845      52.1825
    6846      47.3933
    6847      52.5707
    6848      53.5653
    6849      50.7205
    6850      51.5992
    6851      48.6566
    6852      52.5176
    6853      55.0495
    6854      58.3035
    6855      57.3091
    6856      59.7347
    6857      61.2864
    6858      64.0900
    6859      61.9387
    6860      51.7853
    6861      43.6296
    6862      45.2395
    6863      49.3451
    6864      46.3161
    6865      45.3125
    6866      46.6649
    6867      47.3911
    6868      44.4093
    6869      42.1241
    6870      42.6710
    6871      51.1603
    6872      48.6566
    6873      49.7897
    6874      48.0706
    6875      51.2208
    6876      48.1437
    6877      46.1883
    6878      49.6950
    6879      46.6521
    6880      45.8273
    6881      47.2161
    6882      45.0315
    6883      47.0525
    6884      46.3560
    6885      44.2501
    6886      45.7985
    6887      42.5239
    6888      41.3536
    6889      41.8814
    6890      42.2668
    6891      42.9489
    6892      46.7459
    6893      42.7748
    6894      44.5780
    6895      47.9004
    6896      50.6693
    6897      51.1992
    6898      51.9944
    6899      53.3077
    6900      55.5736
    6901      52.2568
    6902      47.5266
    6903      47.8986
    6904      47.8840
    6905      49.9587
    6906      49.8340
    6907      47.5432
    6908      44.7057
    6909      46.0134
    6910      43.4292
    6911      50.2061
    6912      47.0574
    6913      46.9089
    6914      46.8396
    6915      49.2573
    6916      45.3477
    6917      42.8740
    6918      38.9007
    6919      36.2230
    6920      39.8546
    6921      43.0188
    6922      43.4738
    6923      40.7686
    6924      41.5064
    6925      43.7312
    6926      49.1452
    6927      45.7772
    6928      45.8214
    6929      47.6236
    6930      47.4724
    6931      46.3279
    6932      46.3590
    6933      47.3020
    6934      52.3179
    6935      52.8690
    6936      53.9268
    6937      54.3836
    6938      48.7958
    6939      48.1036
    6940      45.5842
    6941      42.5985
    6942      44.9460
    6943      44.9040
    6944      47.8885
    6945      41.5929
    6946      40.8536
    6947      40.3475
    6948      42.4150
    6949      46.4393
    6950      44.1389
    6951      40.0465
    6952      37.7505
    6953      35.5062
    6954      35.4309
    6955      41.6927
    6956      44.9753
    6957      41.3296
    6958      40.0443
    6959      40.9107
    6960      42.1473
    6961      46.7936
    6962      49.9959
    6963      52.7109
    6964      55.3511
    6965      50.4257
    6966      45.3264
    6967      49.5285
    6968      47.6725
    6969      44.2841
    6970      47.3985
    6971      45.4488
    6972      44.8375
    6973      51.3453
    6974      48.9850
    6975      46.7022
    6976      46.6211
    6977      51.4561
    6978      54.0592
    6979      53.0837
    6980      55.1503
    6981      50.5932
    6982      54.6586
    6983      60.9247
    6984      57.4701
    6985      58.4785
    6986      58.8327
    6987      56.1825
    6988      59.6671
    6989      59.7959
    6990      59.4625
    6991      63.1993
    6992      60.2183
    6993      62.1915
    6994      60.7663
    6995      63.9866
    6996      61.7153
    6997      53.9485
    6998      52.1189
    6999      52.2796
    7000      55.6739
    7001      49.1808
    7002      45.3574
    7003      47.6352
    7004      48.8876
    7005      49.2842
    7006      44.6223
    7007      42.2375
    7008      44.7529
    7009      45.9278
    7010      47.6158
    7011      46.0158
    7012      48.1360
    7013      42.8216
    7014      46.5383
    7015      49.6314
    7016      53.0457
    7017      51.3605
    7018      46.3836
    7019      41.5185
    7020      45.7144
    7021      53.7229
    7022      55.1569
    7023      50.4995
    7024      51.6335
    7025      57.8006
    7026      57.0805
    7027      50.8975
    7028      50.3314
    7029      51.6588
    7030      50.8062
    7031      51.0313
    7032      53.6806
    7033      54.0106
    7034      51.9254
    7035      46.7348
    7036      44.8995
    7037      42.2128
    7038      46.8223
    7039      44.7474
    7040      50.1985
    7041      50.8711
    7042      48.0270
    7043      50.0893
    7044      51.2778
    7045      49.1313
    7046      53.4951
    7047      52.6867
    7048      50.9000
    7049      54.5956
    7050      51.7936
    7051      53.2383
    7052      51.4975
    7053      52.8705
    7054      55.4896
    7055      54.7675
    7056      54.1724
    7057      54.9069
    7058      60.2362
    7059      53.6280
    7060      48.9648
    7061      51.0507
    7062      51.2398
    7063      53.1728
    7064      54.4197
    7065      52.1248
    7066      43.6819
    7067      42.0506
    7068      46.4745
    7069      47.9421
    7070      49.1113
    7071      43.9905
    7072      39.7540
    7073      44.7423
    7074      48.2059
    7075      42.7809
    7076      39.7826
    7077      38.3978
    7078      40.8623
    7079      41.1846
    7080      40.1058
    7081      39.0747
    7082      39.3558
    7083      36.0295
    7084      35.9242
    7085      39.0562
    7086      40.2409
    7087      39.6456
    7088      41.5138
    7089      41.8312
    7090      42.0312
    7091      43.9566
    7092      45.0854
    7093      46.6400
    7094      51.3149
    7095      47.7444
    7096      44.5000
    7097      40.6669
    7098      46.1601
    7099      43.8048
    7100      41.5115
    7101      44.4973
    7102      44.4821
    7103      43.1265
    7104      43.8083
    7105      47.1345
    7106      49.1350
    7107      45.6847
    7108      49.8890
    7109      46.2904
    7110      44.0443
    7111      45.6750
    7112      52.3852
    7113      50.1566
    7114      48.7193
    7115      49.5800
    7116      44.4088
    7117      42.3500
    7118      44.5126
    7119      44.6967
    7120      43.7082
    7121      45.8751
    7122      44.8262
    7123      47.8360
    7124      44.6042
    7125      46.0852
    7126      48.3430
    7127      49.4207
    7128      43.3220
    7129      41.4003
    7130      46.9062
    7131      46.1709
    7132      44.0288
    7133      49.3356
    7134      51.6424
    7135      56.9692
    7136      55.6009
    7137      59.1878
    7138      54.5929
    7139      52.6400
    7140      49.9549
    7141      52.9088
    7142      54.4755
    7143      54.0032
    7144      50.5925
    7145      51.3406
    7146      53.8317
    7147      52.2875
    7148      53.4874
    7149      51.6328
    7150      53.1752
    7151      42.9371
    7152      40.7625
    7153      48.7395
    7154      46.8173
    7155      51.6771
    7156      50.6272
    7157      55.2870
    7158      58.0625
    7159      55.1056
    7160      53.7391
    7161      54.3891
    7162      55.2512
    7163      49.7190
    7164      52.8757
    7165      55.9004
    7166      54.4692
    7167      50.0622
    7168      52.2592
    7169      48.3717
    7170      44.9147
    7171      42.7653
    7172      40.7231
    7173      40.5534
    7174      42.9657
    7175      43.9403
    7176      43.8597
    7177      50.2351
    7178      50.1987
    7179      49.1576
    7180      46.9435
    7181      48.9344
    7182      51.0803
    7183      56.9709
    7184      55.8653
    7185      59.0100
    7186      54.0294
    7187      55.1290
    7188      57.1236
    7189      50.5890
    7190      51.6597
    7191      47.8966
    7192      46.6696
    7193      46.3847
    7194      43.7692
    7195      48.8537
    7196      45.0909
    7197      43.2824
    7198      49.5674
    7199      53.9173
    7200      50.2048
    7201      45.6108
    7202      46.9794
    7203      45.2050
    7204      47.1218
    7205      54.4506
    7206      54.2256
    7207      54.1079
    7208      52.1848
    7209      51.3228
    7210      52.4020
    7211      54.6753
    7212      51.3921
    7213      53.2297
    7214      51.1184
    7215      43.5084
    7216      44.7162
    7217      46.8458
    7218      42.6600
    7219      40.9903
    7220      45.1961
    7221      50.9022
    7222      49.0691
    7223      52.7057
    7224      51.3120
    7225      50.5309
    7226      46.2598
    7227      44.7060
    7228      51.4812
    7229      53.6950
    7230      48.5637
    7231      43.1404
    7232      47.9034
    7233      48.6119
    7234      43.6436
    7235      44.1607
    7236      50.7406
    7237      52.2445
    7238      50.6628
    7239      49.5355
    7240      51.0465
    7241      54.8101
    7242      51.0260
    7243      42.5048
    7244      42.0674
    7245      43.7616
    7246      46.5193
    7247      44.3561
    7248      47.6606
    7249      45.5098
    7250      42.8392
    7251      46.9799
    7252      50.0263
    7253      51.2052
    7254      47.1666
    7255      45.9248
    7256      42.0429
    7257      52.5571
    7258      52.1456
    7259      53.9348
    7260      54.5737
    7261      56.2735
    7262      56.0234
    7263      49.4282
    7264      47.0324
    7265      48.1622
    7266      52.8657
    7267      49.3751
    7268      48.7372
    7269      49.0215
    7270      48.6835
    7271      51.8098
    7272      52.0894
    7273      52.4315
    7274      53.4539
    7275      54.6171
    7276      48.8954
    7277      47.7686
    7278      50.0476
    7279      43.9382
    7280      44.1920
    7281      46.2519
    7282      44.9993
    7283      50.2921
    7284      51.2366
    7285      50.5502
    7286      46.2176
    7287      45.9773
    7288      54.4152
    7289      52.9236
    7290      48.7100
    7291      48.5095
    7292      51.8072
    7293      52.1474
    7294      44.4784
    7295      39.6894
    7296      39.7414
    7297      44.3310
    7298      41.8723
    7299      43.2844
    7300      43.7393
    7301      49.7919
    7302      55.2588
    7303      54.0325
    7304      51.8045
    7305      53.4267
    7306      51.7483
    7307      44.4869
    7308      47.0310
    7309      42.2115
    7310      42.0193
    7311      41.4947
    7312      43.7901
    7313      44.1292
    7314      43.8541
    7315      41.7632
    7316      45.1228
    7317      43.7951
    7318      45.9853
    7319      43.3271
    7320      42.9150
    7321      46.2529
    7322      48.6325
    7323      53.1582
    7324      50.4764
    7325      50.2339
    7326      54.5376
    7327      54.3008
    7328      50.7078
    7329      48.3456
    7330      45.9171
    7331      45.0626
    7332      49.5202
    7333      53.0245
    7334      55.3924
    7335      58.9924
    7336      56.9345
    7337      60.4918
    7338      58.2678
    7339      55.2741
    7340      53.1392
    7341      51.6028
    7342      51.2178
    7343      52.0992
    7344      53.5377
    7345      50.2526
    7346      51.5482
    7347      49.9144
    7348      49.2136
    7349      45.9702
    7350      50.8401
    7351      51.5559
    7352      49.6813
    7353      47.6133
    7354      52.7593
    7355      57.7849
    7356      55.0644
    7357      54.0710
    7358      51.6713
    7359      55.0398
    7360      52.7661
    7361      51.4656
    7362      53.5428
    7363      54.9975
    7364      56.0434
    7365      56.9353
    7366      55.0955
    7367      55.5508
    7368      51.7076
    7369      53.4372
    7370      50.2457
    7371      50.9655
    7372      55.2403
    7373      54.1763
    7374      55.8181
    7375      57.0702
    7376      55.4211
    7377      58.9888
    7378      58.1973
    7379      50.8556
    7380      51.5721
    7381      47.9483
    7382      52.7082
    7383      45.4324
    7384      43.7624
    7385      46.2401
    7386      52.6147
    7387      52.3005
    7388      49.7656
    7389      48.9485
    7390      52.9538
    7391      53.4563
    7392      52.7930
    7393      50.9351
    7394      50.9120
    7395      50.6734
    7396      48.0007
    7397      46.5237
    7398      45.4579
    7399      45.0700
    7400      49.5527
    7401      50.0091
    7402      53.0554
    7403      51.6545
    7404      50.1824
    7405      52.2372
    7406      52.1137
    7407      50.0770
    7408      53.4096
    7409      52.6147
    7410      52.9365
    7411      54.0535
    7412      49.4372
    7413      47.7894
    7414      57.1081
    7415      53.8129
    7416      48.8766
    7417      47.5179
    7418      55.7703
    7419      51.1498
    7420      55.1977
    7421      48.9277
    7422      51.2373
    7423      50.3643
    7424      50.2539
    7425      50.7892
    7426      51.9965
    7427      51.5504
    7428      54.3110
    7429      47.6165
    7430      50.0564
    7431      47.6106
    7432      48.0619
    7433      48.5958
    7434      55.1712
    7435      60.6921
    7436      58.1702
    7437      63.8980
    7438      65.9540
    7439      64.8464
    7440      60.5758
    7441      58.3751
    7442      60.4320
    7443      63.6545
    7444      58.0825
    7445      58.5617
    7446      56.9963
    7447      53.9538
    7448      45.4081
    7449      42.7558
    7450      48.9237
    7451      46.8137
    7452      51.7879
    7453      56.4335
    7454      56.2045
    7455      55.4588
    7456      51.0699
    7457      49.8625
    7458      48.7657
    7459      51.9832
    7460      51.3862
    7461      52.1490
    7462      50.7446
    7463      48.7861
    7464      50.4682
    7465      50.1482
    7466      46.7616
    7467      47.8001
    7468      54.7218
    7469      56.6938
    7470      54.1312
    7471      56.1673
    7472      57.8399
    7473      55.7724
    7474      55.8578
    7475      58.8244
    7476      63.8817
    7477      60.7490
    7478      58.5736
    7479      54.9908
    7480      50.1096
    7481      57.8066
    7482      53.8716
    7483      51.9000
    7484      50.9824
    7485      51.1561
    7486      50.2626
    7487      47.0264
    7488      41.9471
    7489      44.5003
    7490      43.0372
    7491      48.7795
    7492      50.0645
    7493      47.1826
    7494      50.8259
    7495      53.6343
    7496      51.4183
    7497      54.9725
    7498      49.6340
    7499      46.0947
    7500      55.6221
    7501      56.4548
    7502      55.5696
    7503      56.8205
    7504      53.5093
    7505      52.3786
    7506      50.7510
    7507      49.2415
    7508      56.7630
    7509      59.6073
    7510      60.1713
    7511      59.8910
    7512      59.7099
    7513      56.7714
    7514      53.9154
    7515      55.3818
    7516      56.5801
    7517      54.7221
    7518      51.7797
    7519      50.3716
    7520      48.4399
    7521      49.2839
    7522      45.1237
    7523      48.6575
    7524      50.8109
    7525      51.9137
    7526      43.0782
    7527      44.1944
    7528      44.1798
    7529      45.6574
    7530      47.4810
    7531      44.2853
    7532      48.7442
    7533      46.8738
    7534      52.9356
    7535      52.7500
    7536      44.1042
    7537      44.2023
    7538      43.3421
    7539      45.5588
    7540      42.2301
    7541      42.2673
    7542      41.6517
    7543      42.6082
    7544      40.4568
    7545      41.9006
    7546      49.5160
    7547      47.1711
    7548      46.8584
    7549      47.8337
    7550      46.7165
    7551      43.6526
    7552      46.5667
    7553      50.2258
    7554      52.2807
    7555      48.8789
    7556      44.9372
    7557      45.2408
    7558      39.9797
    7559      47.0854
    7560      47.7559
    7561      49.4132
    7562      50.3591
    7563      45.9684
    7564      46.1618
    7565      45.7176
    7566      47.6374
    7567      46.6217
    7568      45.2137
    7569      49.1980
    7570      48.7357
    7571      47.1420
    7572      48.0442
    7573      49.4103
    7574      49.5130
    7575      49.5043
    7576      48.3234
    7577      43.5961
    7578      41.9202
    7579      43.0444
    7580      43.9160
    7581      48.0222
    7582      51.4956
    7583      52.0902
    7584      51.5147
    7585      50.6579
    7586      49.2958
    7587      49.4887
    7588      50.8987
    7589      48.0768
    7590      50.3253
    7591      48.8752
    7592      46.1364
    7593      46.7041
    7594      50.3760
    7595      52.8732
    7596      51.3324
    7597      56.7014
    7598      55.0278
    7599      51.0992
    7600      50.1969
    7601      48.2285
    7602      47.2482
    7603      39.9500
    7604      39.2747
    7605      39.8412
    7606      35.3816
    7607      41.2597
    7608      37.9588
    7609      40.9611
    7610      42.1209
    7611      51.0764
    7612      46.6596
    7613      40.4374
    7614      41.5608
    7615      40.7774
    7616      42.2391
    7617      41.2253
    7618      45.9150
    7619      40.5234
    7620      44.5940
    7621      47.4991
    7622      44.6401
    7623      47.7734
    7624      51.1943
    7625      50.4476
    7626      50.5137
    7627      49.6006
    7628      49.0450
    7629      52.3921
    7630      47.0485
    7631      45.3530
    7632      50.3707
    7633      47.6741
    7634      50.6078
    7635      54.9079
    7636      49.0308
    7637      55.4251
    7638      48.7070
    7639      52.7021
    7640      47.6875
    7641      47.3112
    7642      47.8431
    7643      49.2333
    7644      50.2242
    7645      55.9465
    7646      57.4388
    7647      59.7447
    7648      63.5956
    7649      67.7240
    7650      67.4074
    7651      63.5092
    7652      60.3712
    7653      57.2517
    7654      58.8594
    7655      57.6600
    7656      55.5863
    7657      53.7381
    7658      58.3220
    7659      58.4501
    7660      49.9318
    7661      53.9558
    7662      53.3567
    7663      50.1503
    7664      54.0806
    7665      56.5665
    7666      60.0917
    7667      54.2176
    7668      54.9588
    7669      51.6294
    7670      53.6853
    7671      49.3073
    7672      51.7337
    7673      52.2077
    7674      52.0787
    7675      50.5583
    7676      52.3949
    7677      50.8463
    7678      54.9325
    7679      50.6131
    7680      50.0991
    7681      46.3924
    7682      51.6673
    7683      49.6037
    7684      49.8657
    7685      49.9243
    7686      55.6820
    7687      48.1810
    7688      50.7486
    7689      50.4467
    7690      50.4093
    7691      44.1336
    7692      40.3559
    7693      42.6428
    7694      43.3787
    7695      45.0427
    7696      50.8945
    7697      46.6813
    7698      46.9124
    7699      54.6946
    7700      52.5719
    7701      49.6254
    7702      54.1075
    7703      55.5753
    7704      48.8367
    7705      50.1809
    7706      49.7690
    7707      42.8327
    7708      44.1319
    7709      47.7691
    7710      48.3921
    7711      49.4621
    7712      48.8779
    7713      43.9648
    7714      46.1069
    7715      42.8889
    7716      42.0870
    7717      42.0816
    7718      46.9956
    7719      48.0544
    7720      47.0835
    7721      49.1871
    7722      46.2660
    7723      43.8899
    7724      46.9951
    7725      45.1935
    7726      49.4814
    7727      52.2361
    7728      49.8406
    7729      47.9369
    7730      45.4585
    7731      49.6007
    7732      48.6506
    7733      49.4015
    7734      49.8754
    7735      50.0567
    7736      48.9063
    7737      54.2660
    7738      50.8564
    7739      56.9447
    7740      51.7480
    7741      56.5787
    7742      59.6849
    7743      61.0533
    7744      55.2416
    7745      57.2498
    7746      60.0815
    7747      56.7904
    7748      56.7584
    7749      62.6645
    7750      65.1421
    7751      58.1259
    7752      56.9280
    7753      59.3356
    7754      54.4066
    7755      52.6408
    7756      50.9303
    7757      55.4132
    7758      53.7303
    7759      55.9070
    7760      51.5453
    7761      49.0937
    7762      55.8266
    7763      61.9240
    7764      58.5746
    7765      57.2944
    7766      54.5923
    7767      53.9878
    7768      52.7232
    7769      46.0678
    7770      47.6911
    7771      47.8466
    7772      49.9970
    7773      48.8406
    7774      50.1097
    7775      54.0660
    7776      52.1843
    7777      50.6301
    7778      46.5577
    7779      45.4989
    7780      52.2108
    7781      50.2109
    7782      53.3508
    7783      57.4129
    7784      56.7920
    7785      53.2795
    7786      48.0254
    7787      43.1233
    7788      45.5349
    7789      43.2510
    7790      43.8365
    7791      45.9529
    7792      45.5343
    7793      43.4143
    7794      48.6133
    7795      47.6912
    7796      52.1835
    7797      51.6535
    7798      57.9368
    7799      57.3002
    7800      56.6651
    7801      57.0922
    7802      53.3108
    7803      52.8095
    7804      51.5207
    7805      53.3167
    7806      47.9993
    7807      46.8099
    7808      51.0139
    7809      49.8622
    7810      47.0775
    7811      48.7126
    7812      50.1238
    7813      48.4503
    7814      50.0167
    7815      54.6698
    7816      51.6993
    7817      49.8085
    7818      51.7206
    7819      55.7542
    7820      54.3448
    7821      54.0716
    7822      50.7385
    7823      49.4540
    7824      47.6328
    7825      52.0649
    7826      47.0849
    7827      48.4243
    7828      44.6573
    7829      42.4516
    7830      42.6656
    7831      35.5209
    7832      40.1034
    7833      43.8820
    7834      41.8068
    7835      43.8821
    7836      41.9480
    7837      39.5741
    7838      42.9031
    7839      48.8711
    7840      45.5267
    7841      47.5597
    7842      46.7692
    7843      42.6552
    7844      44.3618
    7845      46.0207
    7846      46.7496
    7847      41.1798
    7848      42.7827
    7849      44.3694
    7850      43.8575
    7851      42.0684
    7852      46.0444
    7853      46.2726
    7854      42.4903
    7855      43.4906
    7856      47.4758
    7857      49.9898
    7858      54.0834
    7859      56.0633
    7860      54.9751
    7861      50.1332
    7862      52.4035
    7863      50.1391
    7864      50.3101
    7865      51.3817
    7866      53.8337
    7867      46.1338
    7868      42.5812
    7869      44.1359
    7870      45.1683
    7871      50.4254
    7872      50.8677
    7873      50.7361
    7874      50.6344
    7875      48.9188
    7876      52.2752
    7877      56.2317
    7878      60.2463
    7879      55.9434
    7880      53.9699
    7881      55.6675
    7882      58.5927
    7883      58.0032
    7884      61.1444
    7885      66.8693
    7886      60.5421
    7887      54.6522
    7888      56.8118
    7889      57.8502
    7890      56.3799
    7891      54.3306
    7892      52.6124
    7893      53.2680
    7894      51.0144
    7895      47.8995
    7896      50.8376
    7897      51.1950
    7898      50.9312
    7899      44.7227
    7900      48.8284
    7901      49.7246
    7902      50.3712
    7903      50.9364
    7904      53.3131
    7905      44.8023
    7906      47.1947
    7907      48.6168
    7908      51.3019
    7909      51.1926
    7910      45.2664
    7911      40.6100
    7912      43.3921
    7913      41.4076
    7914      42.2144
    7915      43.9248
    7916      47.0485
    7917      44.8735
    7918      46.1047
    7919      52.9394
    7920      53.4360
    7921      52.0570
    7922      47.4567
    7923      49.9894
    7924      54.0100
    7925      53.4998
    7926      55.9416
    7927      63.0886
    7928      61.8652
    7929      51.2735
    7930      48.3267
    7931      46.1965
    7932      47.9881
    7933      51.2896
    7934      51.4538
    7935      47.3284
    7936      50.5708
    7937      48.5252
    7938      49.3630
    7939      47.5491
    7940      45.5381
    7941      46.9814
    7942      49.8091
    7943      48.9296
    7944      47.8563
    7945      46.6048
    7946      39.3877
    7947      37.3141
    7948      39.2137
    7949      39.5269
    7950      36.2917
    7951      35.0464
    7952      41.4133
    7953      41.0478
    7954      43.7419
    7955      41.3318
    7956      46.2871
    7957      45.8060
    7958      46.9939
    7959      42.2128
    7960      42.5703
    7961      37.6503
    7962      34.5216
    7963      39.0610
    7964      38.5991
    7965      38.0297
    7966      40.4206
    7967      42.7937
    7968      40.4517
    7969      44.2108
    7970      48.6730
    7971      46.4240
    7972      39.2286
    7973      39.1248
    7974      41.6558
    7975      41.9307
    7976      38.5305
    7977      37.8495
    7978      40.5391
    7979      39.8648
    7980      39.6138
    7981      42.2017
    7982      42.7446
    7983      42.8903
    7984      41.7404
    7985      39.2859
    7986      40.4782
    7987      40.5672
    7988      41.7557
    7989      40.4873
    7990      38.6032
    7991      38.9745
    7992      41.3259
    7993      45.7887
    7994      47.9626
    7995      51.2471
    7996      46.6851
    7997      46.8191
    7998      48.3937
    7999      51.3542
    8000      51.8131
    8001      55.2515
    8002      52.7351
    8003      59.1041
    8004      59.3248
    8005      54.4459
    8006      54.2849
    8007      48.5199
    8008      45.1449
    8009      48.5989
    8010      47.6440
    8011      52.8461
    8012      48.1468
    8013      51.1521
    8014      48.8437
    8015      47.1213
    8016      48.9923
    8017      50.4051
    8018      51.5704
    8019      48.9783
    8020      50.8673
    8021      51.5807
    8022      55.4421
    8023      54.8160
    8024      52.3187
    8025      52.4836
    8026      49.8437
    8027      46.1113
    8028      48.6556
    8029      51.3829
    8030      51.7294
    8031      46.6259
    8032      49.5493
    8033      48.2702
    8034      54.6684
    8035      53.5368
    8036      52.2141
    8037      51.2469
    8038      51.5612
    8039      44.4592
    8040      45.6812
    8041      50.6802
    8042      49.7664
    8043      51.3379
    8044      51.7423
    8045      47.6856
    8046      50.3761
    8047      48.8701
    8048      52.9155
    8049      45.5233
    8050      43.0475
    8051      42.8275
    8052      48.4398
    8053      45.9580
    8054      48.6079
    8055      45.9062
    8056      47.9794
    8057      50.0380
    8058      52.8550
    8059      54.8489
    8060      52.6180
    8061      53.3219
    8062      52.0641
    8063      51.5136
    8064      53.6118
    8065      50.0307
    8066      51.5351
    8067      47.1494
    8068      50.6111
    8069      54.5332
    8070      54.8018
    8071      52.7132
    8072      55.9060
    8073      58.6712
    8074      61.9847
    8075      61.5124
    8076      59.4775
    8077      63.0889
    8078      64.7030
    8079      64.9389
    8080      62.3683
    8081      70.8143
    8082      64.1222
    8083      62.9033
    8084      64.5907
    8085      63.5119
    8086      59.5378
    8087      56.3547
    8088      55.3768
    8089      58.2965
    8090      56.0558
    8091      54.8525
    8092      54.8347
    8093      54.6490
    8094      57.3040
    8095      51.6571
    8096      52.2090
    8097      50.0533
    8098      50.5852
    8099      51.2139
    8100      56.3419
    8101      59.9460
    8102      55.8645
    8103      49.3863
    8104      49.0474
    8105      53.3728
    8106      52.5171
    8107      54.0778
    8108      50.1991
    8109      48.6893
    8110      53.9784
    8111      52.8791
    8112      54.3023
    8113      53.2442
    8114      53.4797
    8115      54.7415
    8116      53.9251
    8117      54.0372
    8118      50.4728
    8119      56.6473
    8120      58.9959
    8121      58.8075
    8122      56.8586
    8123      58.4533
    8124      50.5659
    8125      60.6026
    8126      58.3317
    8127      57.2605
    8128      53.1397
    8129      51.4409
    8130      50.1987
    8131      49.2593
    8132      49.0728
    8133      52.9600
    8134      53.4399
    8135      50.6925
    8136      52.2630
    8137      47.9972
    8138      46.0471
    8139      42.8264
    8140      46.1585
    8141      40.3646
    8142      45.0456
    8143      46.9406
    8144      52.6291
    8145      59.6697
    8146      58.5425
    8147      56.2501
    8148      57.4626
    8149      58.3466
    8150      54.8243
    8151      50.4521
    8152      51.1549
    8153      44.9758
    8154      45.9441
    8155      49.3392
    8156      47.5871
    8157      42.0592
    8158      41.7403
    8159      35.2590
    8160      39.6393
    8161      45.3399
    8162      42.5788
    8163      43.3449
    8164      42.8086
    8165      46.7516
    8166      45.8957
    8167      46.9808
    8168      49.9737
    8169      50.1906
    8170      51.3477
    8171      52.2793
    8172      47.3867
    8173      52.5604
    8174      46.7279
    8175      49.1489
    8176      50.7129
    8177      49.0323
    8178      49.2788
    8179      44.2391
    8180      45.1598
    8181      47.6120
    8182      50.0848
    8183      58.0832
    8184      62.2883
    8185      60.0001
    8186      56.6280
    8187      54.3526
    8188      49.8951
    8189      51.3838
    8190      51.2644
    8191      47.5601
    8192      46.9823
    8193      42.0627
    8194      45.3140
    8195      53.2241
    8196      60.4080
    8197      56.8581
    8198      53.2516
    8199      50.3357
    8200      45.8033
    8201      46.0943
    8202      45.2238
    8203      45.6136
    8204      51.0078
    8205      48.4432
    8206      42.9674
    8207      39.0786
    8208      48.1047
    8209      52.7274
    8210      49.8980
    8211      50.1260
    8212      53.5821
    8213      48.3867
    8214      54.8554
    8215      50.8959
    8216      54.0623
    8217      55.1574
    8218      58.1520
    8219      60.2911
    8220      57.6241
    8221      48.0016
    8222      46.7372
    8223      44.1133
    8224      42.7978
    8225      46.7504
    8226      53.5060
    8227      53.8813
    8228      52.2021
    8229      49.2566
    8230      57.5137
    8231      57.6876
    8232      53.3407
    8233      51.3282
    8234      45.4285
    8235      54.8793
    8236      50.6622
    8237      44.1130
    8238      44.3080
    8239      46.7521
    8240      49.1032
    8241      50.1361
    8242      46.4148
    8243      44.1654
    8244      43.1992
    8245      41.7406
    8246      40.7265
    8247      44.1434
    8248      46.7207
    8249      50.7191
    8250      51.1393
    8251      45.5978
    8252      50.7854
    8253      50.2016
    8254      48.9159
    8255      47.9814
    8256      47.3594
    8257      43.0754
    8258      45.1247
    8259      46.9053
    8260      43.6062
    8261      49.5597
    8262      54.4348
    8263      54.5109
    8264      57.0178
    8265      57.2617
    8266      51.1519
    8267      54.7291
    8268      53.8982
    8269      51.7158
    8270      55.0902
    8271      52.6001
    8272      58.1438
    8273      56.8787
    8274      57.3189
    8275      53.2505
    8276      52.9676
    8277      51.5919
    8278      52.0098
    8279      55.7027
    8280      57.5661
    8281      55.9871
    8282      50.6788
    8283      52.0515
    8284      53.8131
    8285      55.1784
    8286      57.1011
    8287      52.7985
    8288      53.7183
    8289      50.7536
    8290      54.4694
    8291      52.4395
    8292      52.7917
    8293      50.5428
    8294      46.5724
    8295      46.1652
    8296      48.6112
    8297      51.8254
    8298      47.4779
    8299      49.4537
    8300      45.8186
    8301      46.0035
    8302      47.9066
    8303      43.3938
    8304      44.5244
    8305      49.8436
    8306      52.6336
    8307      48.5512
    8308      44.7031
    8309      45.2302
    8310      47.7810
    8311      56.3981
    8312      57.0575
    8313      58.3674
    8314      54.4655
    8315      52.0096
    8316      53.3547
    8317      48.8045
    8318      50.4577
    8319      48.1413
    8320      51.5971
    8321      51.6153
    8322      54.2646
    8323      56.6763
    8324      54.7281
    8325      54.8845
    8326      58.6735
    8327      54.7284
    8328      54.7947
    8329      55.6361
    8330      56.4967
    8331      52.3692
    8332      52.3184
    8333      52.0536
    8334      51.8609
    8335      57.3691
    8336      54.6396
    8337      50.7490
    8338      54.3309
    8339      54.0272
    8340      56.0868
    8341      55.1016
    8342      53.4420
    8343      55.1887
    8344      57.2834
    8345      57.6311
    8346      57.2412
    8347      61.3398
    8348      62.8499
    8349      61.6528
    8350      60.2763
    8351      57.0249
    8352      61.7081
    8353      63.2003
    8354      60.1819
    8355      56.0715
    8356      53.3052
    8357      50.0082
    8358      54.1204
    8359      51.8684
    8360      43.4565
    8361      49.4153
    8362      55.9945
    8363      56.0562
    8364      50.2371
    8365      53.4164
    8366      52.8348
    8367      52.6856
    8368      51.5277
    8369      52.7586
    8370      58.0520
    8371      58.8573
    8372      53.8075
    8373      55.8981
    8374      58.9388
    8375      54.7424
    8376      53.3847
    8377      51.5004
    8378      50.7973
    8379      50.3599
    8380      44.8618
    8381      45.5934
    8382      42.3985
    8383      43.6376
    8384      43.8796
    8385      42.9181
    8386      46.8171
    8387      49.4468
    8388      54.7832
    8389      52.2345
    8390      53.9810
    8391      50.7229
    8392      47.3396
    8393      44.3661
    8394      44.2429
    8395      44.7405
    8396      47.8625
    8397      47.5628
    8398      52.4777
    8399      55.9922
    8400      58.1392
    8401      53.2629
    8402      51.1473
    8403      49.0728
    8404      48.8733
    8405      47.1254
    8406      47.4659
    8407      51.3524
    8408      50.9293
    8409      48.7340
    8410      44.9336
    8411      42.1059
    8412      37.9677
    8413      40.7903
    8414      39.5505
    8415      44.3179
    8416      47.1099
    8417      50.9791
    8418      49.2094
    8419      49.5176
    8420      49.8917
    8421      47.4328
    8422      43.9621
    8423      50.2492
    8424      47.6771
    8425      49.6472
    8426      58.8024
    8427      54.4817
    8428      53.8562
    8429      51.1976
    8430      46.0383
    8431      48.0364
    8432      51.6486
    8433      51.9436
    8434      58.9442
    8435      60.7721
    8436      64.3561
    8437      59.5918
    8438      54.1878
    8439      53.3633
    8440      54.2985
    8441      50.8523
    8442      48.8985
    8443      47.6891
    8444      48.4293
    8445      46.7619
    8446      47.9743
    8447      48.2894
    8448      50.6069
    8449      52.6931
    8450      58.0923
    8451      56.7422
    8452      51.9829
    8453      54.0430
    8454      45.9112
    8455      41.1395
    8456      45.4239
    8457      45.5307
    8458      48.5291
    8459      46.6898
    8460      45.6761
    8461      41.7974
    8462      40.6858
    8463      48.7095
    8464      48.7626
    8465      53.2650
    8466      50.6782
    8467      51.0862
    8468      47.4367
    8469      45.4855
    8470      47.1951
    8471      49.2347
    8472      50.8189
    8473      52.4705
    8474      50.6836
    8475      51.7047
    8476      52.4165
    8477      54.7691
    8478      51.7411
    8479      48.9287
    8480      52.3323
    8481      48.8015
    8482      49.5380
    8483      49.2906
    8484      48.8915
    8485      47.9848
    8486      50.4790
    8487      55.7422
    8488      59.1827
    8489      57.5964
    8490      54.8746
    8491      57.0676
    8492      56.6364
    8493      54.2970
    8494      53.4464
    8495      45.5845
    8496      50.1451
    8497      46.1388
    8498      49.2981
    8499      51.8292
    8500      50.6338
    8501      52.1847
    8502      51.3616
    8503      55.3372
    8504      56.4304
    8505      55.7164
    8506      56.6811
    8507      54.9245
    8508      54.8179
    8509      59.9505
    8510      56.8625
    8511      57.4429
    8512      54.8128
    8513      54.9944
    8514      54.6944
    8515      53.1593
    8516      59.4540
    8517      59.9089
    8518      57.1923
    8519      57.0113
    8520      59.1281
    8521      62.2609
    8522      65.9293
    8523      70.3339
    8524      72.0898
    8525      69.3539
    8526      64.8610
    8527      69.5581
    8528      74.8961
    8529      79.1619
    8530      85.1191
    8531      92.6247
    8532      88.0027
    8533      87.2174
    8534      88.6628
    8535      85.5442
    8536      85.0467
    8537      84.9514
    8538      84.2098
    8539      82.4026
    8540      85.0532
    8541      88.2416
    8542      84.5963
    8543      81.5669
    8544      85.4631
    8545      87.3639
    8546      84.4505
    8547      84.4362
    8548      87.4815
    8549      84.8113
    8550      81.8299
    8551      81.1164
    8552      81.3599
    8553      80.9567
    8554      84.4862
    8555      86.3815
    8556      84.2776
    8557      79.9709
    8558      75.2944
    8559      67.8981
    8560      66.2326
    8561      65.6065
    8562      70.2965
    8563      71.5236
    8564      71.5313
    8565      73.6218
    8566      75.5784
    8567      78.5912
    8568      83.0927
    8569      87.8081
    8570      87.2380
    8571      84.8698
    8572      86.4731
    8573      82.1703
    8574      73.3474
    8575      65.6690
    8576      62.1783
    8577      58.5384
    8578      63.4114
    8579      63.5293
    8580      64.4110
    8581      63.5216
    8582      60.1168
    8583      59.3359
    8584      58.7083
    8585      57.7392
    8586      56.5483
    8587      57.5234
    8588      58.2761
    8589      56.5568
    8590      58.2690
    8591      50.0067
    8592      45.9702
    8593      45.6597
    8594      41.6598
    8595      40.7040
    8596      39.1868
    8597      40.9855
    8598      46.7964
    8599      38.9931
    8600      48.3691
    8601      49.1474
    8602      53.0665
    8603      51.9262
    8604      54.5254
    8605      48.9435
    8606      45.4640
    8607      40.2867
    8608      48.8621
    8609      47.4996
    8610      45.9621
    8611      48.4906
    8612      53.4683
    8613      51.1404
    8614      52.5123
    8615      44.9023
    8616      45.9716
    8617      52.1801
    8618      57.6546
    8619      56.7619
    8620      55.1646
    8621      54.8951
    8622      53.2624
    8623      48.5473
    8624      53.1711
    8625      60.5129
    8626      61.6799
    8627      64.8184
    8628      67.3527
    8629      63.7764
    8630      55.2963
    8631      57.7827
    8632      55.0321
    8633      49.1792
    8634      53.6304
    8635      54.7408
    8636      52.0589
    8637      54.7444
    8638      49.4993
    8639      48.3203
    8640      53.2664
    8641      49.4047
    8642      47.1101
    8643      52.6281
    8644      54.4604
    8645      56.3931
    8646      58.0791
    8647      55.3064
    8648      49.7508
    8649      55.1015
    8650      57.4895
    8651      51.9734
    8652      51.6630
    8653      56.8318
    8654      59.2215
    8655      58.5327
    8656      58.6456
    8657      58.2721
    8658      60.1056
    8659      58.3941
    8660      61.6847
    8661      60.5785
    8662      59.9384
    8663      63.6370
    8664      60.7845
    8665      60.0427
    8666      63.6054
    8667      56.8733
    8668      58.9436
    8669      59.0075
    8670      55.0325
    8671      61.8310
    8672      57.9705
    8673      59.3302
    8674      58.4617
    8675      57.7076
    8676      56.6786
    8677      57.5561
    8678      58.4339
    8679      62.8359
    8680      61.1773
    8681      65.3032
    8682      64.4300
    8683      58.9073
    8684      56.8280
    8685      50.8894
    8686      56.6798
    8687      53.6015
    8688      57.4638
    8689      60.7004
    8690      58.9909
    8691      56.3477
    8692      49.2254
    8693      53.9063
    8694      55.6324
    8695      53.6936
    8696      51.6472
    8697      48.0538
    8698      49.8030
    8699      52.4290
    8700      48.4134
    8701      46.3100
    8702      50.8762
    8703      50.3084
    8704      50.3391
    8705      51.6395
    8706      51.6849
    8707      52.8579
    8708      51.9041
    8709      51.7433
    8710      56.5371
    8711      56.5358
    8712      59.7465
    8713      55.1410
    8714      55.5234
    8715      58.1585
    8716      63.1220
    8717      64.7436
    8718      59.3420
    8719      56.6927
    8720      58.6813
    8721      56.3400
    8722      53.9467
    8723      53.2870
    8724      55.0875
    8725      52.4966
    8726      51.7775
    8727      49.1748
    8728      54.1085
    8729      56.1035
    8730      51.9878
    8731      51.5227
    8732      53.1758
    8733      54.1336
    8734      57.1190
    8735      49.8835
    8736      48.1439
    8737      47.6504
    8738      45.8401
    8739      49.5312
    8740      51.7639
    8741      49.1081
    8742      52.7634
    8743      53.1017
    8744      50.9345
    8745      54.9395
    8746      54.5888
    8747      52.3112
    8748      52.5118
    8749      50.4957
    8750      51.5193
    8751      53.1559
    8752      52.0278
    8753      47.1198
    8754      42.4842
    8755      42.5175
    8756      39.0992
    8757      43.9239
    8758      47.3896
    8759      47.6108
    8760      45.9950
    8761      49.9496
    8762      45.5696
    8763      44.9335
    8764      42.7964
    8765      41.0438
    8766      41.9704
    8767      52.1339
    8768      45.6639
    8769      45.9442
    8770      43.0465
    8771      42.8850
    8772      46.9912
    8773      44.5220
    8774      45.2219
    8775      46.4605
    8776      42.4925
    8777      41.5696
    8778      36.5868
    8779      38.1996
    8780      34.8538
    8781      35.6954
    8782      35.7448
    8783      35.1057
    8784      34.8334
    8785      37.0205
    8786      39.1511
    8787      40.6033
    8788      41.6129
    8789      41.8485
    8790      39.4374
    8791      34.6726
    8792      37.8919
    8793      42.6134
    8794      44.7995
    8795      41.2804
    8796      40.9365
    8797      38.1690
    8798      44.9224
    8799      45.6963
    8800      43.6093
    8801      43.1092
    8802      44.4483
    8803      47.8313
    8804      39.3218
    8805      41.2951
    8806      45.2755
    8807      50.9863
    8808      48.3725
    8809      44.5861
    8810      45.4262
    8811      45.6060
    8812      49.7617
    8813      48.4211
    8814      50.7519
    8815      50.0286
    8816      47.7890
    8817      52.4381
    8818      49.4233
    8819      45.2265
    8820      45.0539
    8821      43.3948
    8822      44.9425
    8823      40.9619
    8824      45.2102
    8825      49.7882
    8826      47.1666
    8827      47.0660
    8828      47.5201
    8829      53.5968
    8830      50.6811
    8831      55.4328
    8832      56.0818
    8833      54.7721
    8834      51.9127
    8835      52.9202
    8836      54.2359
    8837      55.3649
    8838      54.9587
    8839      56.8771
    8840      59.4730
    8841      56.4423
    8842      54.3878
    8843      57.9023
    8844      57.2981
    8845      52.6243
    8846      52.0288
    8847      48.1641
    8848      49.2097
    8849      42.2122
    8850      49.7886
    8851      54.4607
    8852      54.6704
    8853      54.2796
    8854      51.4118
    8855      46.8724
    8856      47.3093
    8857      47.8206
    8858      48.2538
    8859      44.5772
    8860      47.8709
    8861      45.5386
    8862      42.1179
    8863      42.4082
    8864      42.0171
    8865      46.4122
    8866      49.3365
    8867      53.2334
    8868      50.0451
    8869      49.2755
    8870      48.8216
    8871      46.3820
    8872      52.5105
    8873      55.7642
    8874      55.1843
    8875      52.4321
    8876      56.4265
    8877      50.6048
    8878      52.0538
    8879      55.1466
    8880      51.9011
    8881      50.3798
    8882      52.1765
    8883      48.2415
    8884      48.4581
    8885      46.9258
    8886      48.6974
    8887      51.7228
    8888      53.7795
    8889      58.3776
    8890      55.6095
    8891      53.7003
    8892      49.0258
    8893      53.7979
    8894      56.8535
    8895      51.5563
    8896      56.3094
    8897      58.2064
    8898      55.5157
    8899      54.7768
    8900      52.2390
    8901      50.2122
    8902      48.8311
    8903      48.2049
    8904      47.9682
    8905      51.0204
    8906      52.6285
    8907      50.4455
    8908      52.0444
    8909      54.1432
    8910      53.1868
    8911      54.1462
    8912      51.4152
    8913      50.6198
    8914      48.9870
    8915      49.8157
    8916      46.7992
    8917      46.9624
    8918      51.3142
    8919      52.6925
    8920      50.6545
    8921      54.5726
    8922      54.6126
    8923      53.1650
    8924      52.5116
    8925      50.0830
    8926      46.1402
    8927      46.4089
    8928      42.5795
    8929      40.2248
    8930      44.5681
    8931      47.8480
    8932      52.5370
    8933      51.2551
    8934      52.7550
    8935      53.0203
    8936      52.9020
    8937      47.5025
    8938      45.2443
    8939      48.6617
    8940      44.7221
    8941      50.1471
    8942      54.5115
    8943      58.1801
    8944      52.4946
    8945      44.5865
    8946      49.8156
    8947      50.3896
    8948      49.4450
    8949      42.5712
    8950      49.2297
    8951      47.9502
    8952      48.2083
    8953      43.4500
    8954      49.3555
    8955      54.4729
    8956      50.7825
    8957      47.2652
    8958      46.8841
    8959      46.8614
    8960      44.6137
    8961      44.5599
    8962      49.0098
    8963      48.3693
    8964      45.0649
    8965      37.8995
    8966      41.2901
    8967      38.5893
    8968      39.0994
    8969      42.3376
    8970      41.2723
    8971      36.0251
    8972      35.3753
    8973      35.2988
    8974      36.6841
    8975      35.6665
    8976      37.8456
    8977      40.5368
    8978      40.9024
    8979      38.8029
    8980      35.9468
    8981      35.7438
    8982      38.7910
    8983      39.4233
    8984      37.5769
    8985      39.9786
    8986      43.1172
    8987      45.2589
    8988      45.0715
    8989      42.4657
    8990      45.3417
    8991      44.7361
    8992      43.1311
    8993      42.8380
    8994      41.6860
    8995      41.6771
    8996      42.1307
    8997      43.6252
    8998      47.3799
    8999      43.0541
    9000      44.5863
    9001      45.6367
    9002      42.9307
    9003      45.2298
    9004      45.6883
    9005      42.4133
    9006      45.4216
    9007      45.0055
    9008      47.1827
    9009      44.8193
    9010      44.4817
    9011      44.4910
    9012      44.6526
    9013      43.8614
    9014      42.5326
    9015      42.4631
    9016      43.0188
    9017      42.8036
    9018      43.5032
    9019      40.4518
    9020      45.3549
    9021      44.3558
    9022      49.2784
    9023      48.2462
    9024      45.1950
    9025      39.6302
    9026      42.3718
    9027      45.1794
    9028      42.0889
    9029      45.6978
    9030      42.3465
    9031      41.0064
    9032      43.8892
    9033      45.5026
    9034      48.5307
    9035      55.2764
    9036      60.0701
    9037      65.8031
    9038      63.2704
    9039      61.5012
    9040      64.4942
    9041      57.0609
    9042      49.3921
    9043      48.7527
    9044      52.9494
    9045      54.7581
    9046      56.1984
    9047      54.9840
    9048      49.2074
    9049      45.4975
    9050      45.1738
    9051      48.4701
    9052      48.0250
    9053      46.4586
    9054      49.0517
    9055      44.6274
    9056      48.4328
    9057      50.6614
    9058      51.2541
    9059      50.3272
    9060      52.2704
    9061      51.6398
    9062      53.6869
    9063      51.1371
    9064      49.7100
    9065      50.6116
    9066      50.5027
    9067      48.1032
    9068      50.0289
    9069      50.4132
    9070      51.2948
    9071      50.6362
    9072      44.8711
    9073      42.6773
    9074      41.6697
    9075      44.1265
    9076      47.8915
    9077      48.6250
    9078      48.8689
    9079      48.3975
    9080      46.8444
    9081      47.5263
    9082      51.0285
    9083      48.2116
    9084      43.2325
    9085      51.3236
    9086      48.1807
    9087      52.8421
    9088      43.6423
    9089      45.1400
    9090      40.7986
    9091      39.9445
    9092      45.2153
    9093      49.3357
    9094      47.8626
    9095      46.7523
    9096      45.9205
    9097      48.2467
    9098      43.3374
    9099      43.2168
    9100      42.1313
    9101      45.8569
    9102      47.0296
    9103      45.5806
    9104      46.9790
    9105      47.0986
    9106      47.2928
    9107      42.8887
    9108      43.7559
    9109      44.0672
    9110      40.5244
    9111      44.6742
    9112      46.3690
    9113      44.7439
    9114      43.9873
    9115      39.5455
    9116      42.9244
    9117      43.5948
    9118      41.9212
    9119      41.4100
    9120      38.8317
    9121      40.3438
    9122      45.5235
    9123      49.0019
    9124      55.5357
    9125      53.0263
    9126      51.2232
    9127      51.2068
    9128      50.4165
    9129      52.3499
    9130      50.8952
    9131      52.1767
    9132      48.9701
    9133      48.4503
    9134      49.4251
    9135      52.5454
    9136      51.7093
    9137      52.3455
    9138      53.1769
    9139      49.5557
    9140      48.4458
    9141      43.7949
    9142      43.6599
    9143      49.6874
    9144      56.9445
    9145      59.7673
    9146      59.0520
    9147      66.1026
    9148      66.3086
    9149      64.8047
    9150      57.5880
    9151      62.4651
    9152      63.4152
    9153      57.2701
    9154      53.4752
    9155      54.0178
    9156      53.0193
    9157      55.3079
    9158      59.4973
    9159      60.7480
    9160      55.1292
    9161      63.0583
    9162      63.7385
    9163      56.9020
    9164      57.8740
    9165      51.7237
    9166      51.9684
    9167      45.4930
    9168      48.7445
    9169      50.4460
    9170      58.2030
    9171      58.9992
    9172      59.2075
    9173      55.0840
    9174      54.9344
    9175      55.0971
    9176      52.9167
    9177      50.7342
    9178      52.8165
    9179      53.5611
    9180      50.8850
    9181      50.3453
    9182      49.9762
    9183      43.8254
    9184      42.8818
    9185      47.7966
    9186      47.5345
    9187      42.9963
    9188      40.9791
    9189      42.7712
    9190      44.1842
    9191      42.8165
    9192      41.8764
    9193      43.0848
    9194      42.1570
    9195      43.7822
    9196      43.6491
    9197      43.9272
    9198      42.8100
    9199      42.2585
    9200      38.1540
    9201      42.8474
    9202      45.7249
    9203      51.3736
    9204      55.7132
    9205      54.6534
    9206      52.9758
    9207      47.4541
    9208      42.6723
    9209      44.0212
    9210      42.8867
    9211      47.3843
    9212      39.9491
    9213      44.7759
    9214      47.9451
    9215      48.5812
    9216      45.9156
    9217      42.4459
    9218      41.7350
    9219      41.8596
    9220      39.6387
    9221      45.9389
    9222      49.0323
    9223      50.2881
    9224      51.2116
    9225      49.7628
    9226      50.6625
    9227      52.9466
    9228      49.0509
    9229      50.9540
    9230      48.0141
    9231      42.7548
    9232      43.0696
    9233      43.8062
    9234      44.8204
    9235      46.1068
    9236      51.3027
    9237      47.7338
    9238      45.5826
    9239      47.3571
    9240      51.2522
    9241      51.5042
    9242      51.4407
    9243      47.2324
    9244      47.3706
    9245      45.4685
    9246      49.2536
    9247      50.3117
    9248      48.2836
    9249      52.5799
    9250      51.2710
    9251      54.0186
    9252      53.0599
    9253      55.2857
    9254      52.2435
    9255      48.3254
    9256      53.1162
    9257      57.5456
    9258      57.5453
    9259      52.4868
    9260      58.8216
    9261      55.0228
    9262      50.8217
    9263      47.0621
    9264      46.9212
    9265      50.6486
    9266      48.7443
    9267      48.4930
    9268      50.8419
    9269      52.9014
    9270      53.5539
    9271      48.5847
    9272      47.5450
    9273      45.6541
    9274      48.4736
    9275      49.3143
    9276      46.7171
    9277      48.9315
    9278      48.1872
    9279      53.4913
    9280      54.1032
    9281      53.1661
    9282      53.5678
    9283      51.6787
    9284      46.6613
    9285      45.3637
    9286      49.7317
    9287      56.1618
    9288      55.8216
    9289      50.6024
    9290      54.1924
    9291      50.9051
    9292      49.2832
    9293      51.7142
    9294      54.2036
    9295      54.5604
    9296      56.9284
    9297      51.2503
    9298      48.4546
    9299      48.1875
    9300      45.5409
    9301      47.3181
    9302      47.8545
    9303      51.1474
    9304      52.2144
    9305      52.6716
    9306      56.4430
    9307      51.8746
    9308      48.2433
    9309      50.7875
    9310      48.1700
    9311      48.6768
    9312      47.3939
    9313      45.5885
    9314      47.3935
    9315      48.4264
    9316      44.4550
    9317      43.8749
    9318      44.6634
    9319      50.2226
    9320      48.0034
    9321      44.1422
    9322      48.7818
    9323      46.9844
    9324      46.5381
    9325      52.9277
    9326      53.6335
    9327      46.1332
    9328      47.2816
    9329      45.8818
    9330      44.4514
    9331      46.7626
    9332      50.4261
    9333      56.1247
    9334      46.8497
    9335      41.8182
    9336      45.1434
    9337      44.6517
    9338      46.7382
    9339      44.1387
    9340      47.0531
    9341      45.6699
    9342      45.8721
    9343      50.4767
    9344      46.6374
    9345      42.8553
    9346      49.7582
    9347      40.4816
    9348      43.6613
    9349      39.9658
    9350      39.0860
    9351      43.4020
    9352      44.0759
    9353      45.4164
    9354      47.9915
    9355      41.8790
    9356      39.3920
    9357      40.3303
    9358      42.5951
    9359      47.1206
    9360      50.5281
    9361      53.2864
    9362      48.1454
    9363      46.8856
    9364      51.5055
    9365      47.2287
    9366      43.8645
    9367      43.8721
    9368      46.9921
    9369      49.0327
    9370      45.9563
    9371      45.3975
    9372      46.2882
    9373      47.7335
    9374      43.7516
    9375      52.0827
    9376      54.4768
    9377      57.1326
    9378      51.7379
    9379      51.9658
    9380      52.1335
    9381      46.7758
    9382      48.8534
    9383      49.9057
    9384      50.3993
    9385      49.5650
    9386      45.5387
    9387      45.9219
    9388      51.5486
    9389      51.0872
    9390      49.9317
    9391      51.5288
    9392      52.6111
    9393      49.2285
    9394      49.8712
    9395      46.5721
    9396      47.1160
    9397      50.6391
    9398      51.0579
    9399      48.9613
    9400      48.9125
    9401      50.0198
    9402      50.5060
    9403      52.1829
    9404      48.2585
    9405      49.8942
    9406      47.4058
    9407      42.2627
    9408      39.9293
    9409      41.9572
    9410      40.7333
    9411      49.2603
    9412      47.8143
    9413      48.2117
    9414      45.6652
    9415      40.3153
    9416      39.6430
    9417      37.8556
    9418      38.4794
    9419      39.8839
    9420      40.5534
    9421      39.7785
    9422      43.0079
    9423      45.9016
    9424      48.6325
    9425      48.1297
    9426      49.5268
    9427      51.6555
    9428      51.4366
    9429      52.1296
    9430      48.2638
    9431      42.2227
    9432      47.0447
    9433      47.4388
    9434      50.6009
    9435      47.2984
    9436      50.9076
    9437      49.9970
    9438      51.9928
    9439      49.0949
    9440      50.8225
    9441      52.6531
    9442      51.9033
    9443      49.7292
    9444      41.7945
    9445      49.6007
    9446      54.3229
    9447      52.0951
    9448      51.8744
    9449      54.7455
    9450      50.8133
    9451      52.7112
    9452      48.1507
    9453      49.6159
    9454      53.3956
    9455      58.6549
    9456      56.4265
    9457      58.4998
    9458      52.0880
    9459      51.1852
    9460      47.2071
    9461      47.1749
    9462      44.4310
    9463      52.9683
    9464      52.4527
    9465      54.5276
    9466      56.3012
    9467      48.3278
    9468      52.8157
    9469      49.2215
    9470      47.9015
    9471      48.2243
    9472      54.2922
    9473      54.9479
    9474      54.3423
    9475      55.4896
    9476      56.4025
    9477      61.2104
    9478      57.7053
    9479      61.9934
    9480      62.4585
    9481      58.3727
    9482      59.8425
    9483      54.5219
    9484      56.0934
    9485      60.6074
    9486      60.1058
    9487      54.3190
    9488      58.0317
    9489      58.9660
    9490      57.3652
    9491      59.4480
    9492      58.8577
    9493      49.1541
    9494      43.2377
    9495      39.2945
    9496      39.0878
    9497      40.0803
    9498      42.7383
    9499      49.9339
    9500      42.9635
    9501      44.6989
    9502      46.7128
    9503      46.4464
    9504      45.3321
    9505      43.2849
    9506      40.2793
    9507      54.6015
    9508      53.1506
    9509      48.6886
    9510      53.3124
    9511      51.7100
    9512      49.8640
    9513      51.8564
    9514      51.9490
    9515      48.8539
    9516      57.8370
    9517      55.7639
    9518      49.6755
    9519      53.5643
    9520      54.5515
    9521      48.5780
    9522      48.0112
    9523      47.2217
    9524      49.5284
    9525      50.9463
    9526      47.7538
    9527      45.2090
    9528      44.1626
    9529      47.1994
    9530      50.1255
    9531      47.6068
    9532      49.2063
    9533      49.0180
    9534      50.2520
    9535      49.2211
    9536      49.2763
    9537      48.2411
    9538      48.0046
    9539      45.8036
    9540      43.8586
    9541      48.2412
    9542      45.6520
    9543      44.1448
    9544      51.1717
    9545      48.2611
    9546      44.4641
    9547      48.6818
    9548      48.4737
    9549      50.3313
    9550      43.9161
    9551      44.9424
    9552      44.6731
    9553      40.5311
    9554      42.4410
    9555      45.7549
    9556      40.4394
    9557      45.2212
    9558      49.6251
    9559      43.1702
    9560      50.6785
    9561      54.9778
    9562      51.7629
    9563      55.9569
    9564      50.4124
    9565      46.4901
    9566      46.4965
    9567      47.0661
    9568      47.7749
    9569      50.0745
    9570      54.1318
    9571      54.2945
    9572      55.7799
    9573      48.3390
    9574      50.7092
    9575      52.3096
    9576      43.7208
    9577      45.8461
    9578      49.1627
    9579      53.5551
    9580      52.5943
    9581      50.4818
    9582      51.0746
    9583      48.7466
    9584      50.5522
    9585      50.7604
    9586      46.6835
    9587      49.8992
    9588      49.4957
    9589      55.7401
    9590      48.4096
    9591      46.5728
    9592      47.6367
    9593      47.8869
    9594      55.1477
    9595      49.6458
    9596      52.7384
    9597      50.0044
    9598      47.9864
    9599      47.8315
    9600      52.1536
    9601      52.8182
    9602      50.6822
    9603      45.7885
    9604      46.7430
    9605      45.7200
    9606      47.2200
    9607      41.9127
    9608      42.3999
    9609      41.5992
    9610      49.1577
    9611      49.2853
    9612      45.3133
    9613      44.4855
    9614      44.2153
    9615      46.6379
    9616      42.0083
    9617      43.9839
    9618      43.1014
    9619      42.1204
    9620      43.6076
    9621      40.6663
    9622      42.6038
    9623      47.9584
    9624      45.5428
    9625      50.5306
    9626      50.8558
    9627      50.5233
    9628      49.7703
    9629      54.7399
    9630      50.7906
    9631      50.9806
    9632      55.4448
    9633      52.6384
    9634      49.6216
    9635      46.2053
    9636      50.1399
    9637      44.5229
    9638      48.9450
    9639      47.1248
    9640      49.2390
    9641      46.9307
    9642      48.2339
    9643      51.0839
    9644      51.5688
    9645      59.5724
    9646      59.9226
    9647      58.7549
    9648      59.3817
    9649      59.4169
    9650      57.3656
    9651      55.1924
    9652      49.7081
    9653      48.0739
    9654      52.3403
    9655      50.4618
    9656      50.5389
    9657      47.1128
    9658      44.5807
    9659      38.6800
    9660      44.1110
    9661      49.2369
    9662      54.0901
    9663      59.7487
    9664      54.3202
    9665      52.5811
    9666      52.0607
    9667      48.4460
    9668      44.3197
    9669      45.0645
    9670      44.7256
    9671      44.9394
    9672      46.6314
    9673      42.3591
    9674      49.3466
    9675      52.7659
    9676      53.9251
    9677      58.7072
    9678      61.1591
    9679      63.0424
    9680      59.7638
    9681      50.9312
    9682      52.4422
    9683      53.6744
    9684      54.1308
    9685      56.8503
    9686      53.0200
    9687      53.3122
    9688      46.8295
    9689      45.9990
    9690      51.0960
    9691      45.9376
    9692      43.5866
    9693      47.8404
    9694      51.9282
    9695      56.5959
    9696      49.2445
    9697      51.7170
    9698      52.5596
    9699      50.0993
    9700      47.3473
    9701      49.9294
    9702      48.6239
    9703      51.6674
    9704      55.0165
    9705      60.0856
    9706      58.8110
    9707      63.0633
    9708      63.1932
    9709      61.5144
    9710      61.3718
    9711      60.7349
    9712      55.5169
    9713      52.5329
    9714      57.0384
    9715      57.1875
    9716      51.7614
    9717      54.3239
    9718      55.1484
    9719      50.2448
    9720      47.5067
    9721      48.0885
    9722      48.4873
    9723      48.1602
    9724      46.2195
    9725      46.6141
    9726      45.7214
    9727      45.7541
    9728      54.4173
    9729      54.2014
    9730      59.1734
    9731      58.1655
    9732      52.6885
    9733      50.6537
    9734      51.5884
    9735      49.7791
    9736      49.4092
    9737      51.4993
    9738      48.3903
    9739      44.2400
    9740      44.4134
    9741      47.3254
    9742      44.3944
    9743      45.5430
    9744      50.3012
    9745      48.2609
    9746      50.8435
    9747      49.1693
    9748      47.1172
    9749      46.4176
    9750      44.0347
    9751      38.4867
    9752      39.3447
    9753      36.0157
    9754      44.2208
    9755      41.7495
    9756      39.4307
    9757      40.0000
    9758      43.8306
    9759      47.9603
    9760      48.3177
    9761      50.9542
    9762      57.6501
    9763      52.0540
    9764      49.9690
    9765      46.4582
    9766      48.3383
    9767      51.5965
    9768      50.4309
    9769      49.2440
    9770      43.0223
    9771      51.7200
    9772      56.3461
    9773      57.5993
    9774      54.8840
    9775      47.5817
    9776      44.6715
    9777      46.7064
    9778      49.4346
    9779      48.0924
    9780      47.9418
    9781      47.1769
    9782      38.5081
    9783      41.9808
    9784      38.8428
    9785      42.1744
    9786      46.2367
    9787      46.0090
    9788      51.8408
    9789      54.5671
    9790      58.0151
    9791      53.3464
    9792      51.7559
    9793      44.3779
    9794      48.6036
    9795      49.8809
    9796      47.1543
    9797      43.4075
    9798      43.3144
    9799      44.4537
    9800      47.5779
    9801      47.0843
    9802      43.4485
    9803      41.8866
    9804      41.0142
    9805      44.2572
    9806      45.4763
    9807      41.0455
    9808      47.2971
    9809      44.4127
    9810      43.4655
    9811      40.1906
    9812      39.6395
    9813      38.2513
    9814      40.9501
    9815      43.6562
    9816      44.0471
    9817      46.9261
    9818      47.9523
    9819      50.1852
    9820      51.3068
    9821      49.8694
    9822      50.8918
    9823      49.0998
    9824      41.4618
    9825      46.5642
    9826      42.4631
    9827      44.5382
    9828      42.7512
    9829      40.4630
    9830      41.5275
    9831      41.6554
    9832      43.1621
    9833      37.2237
    9834      40.0684
    9835      36.8777
    9836      36.5487
    9837      35.5277
    9838      35.8465
    9839      37.3435
    9840      36.1274
    9841      35.6580
    9842      36.2150
    9843      35.1020
    9844      34.4942
    9845      34.4737
    9846      38.3624
    9847      40.9047
    9848      40.5550
    9849      38.9687
    9850      46.4154
    9851      41.8184
    9852      43.5064
    9853      40.8379
    9854      39.8704
    9855      40.2223
    9856      36.3511
    9857      33.0831
    9858      37.9367
    9859      36.1075
    9860      38.3724
    9861      36.9627
    9862      39.4439
    9863      39.4660
    9864      45.2827
    9865      48.3510
    9866      48.0523
    9867      47.3970
    9868      44.3875
    9869      47.4768
    9870      44.5021
    9871      42.6393
    9872      47.6609
    9873      49.6813
    9874      50.2397
    9875      52.7397
    9876      48.3123
    9877      48.3978
    9878      54.8993
    9879      49.4502
    9880      49.0194
    9881      51.3951
    9882      51.6806
    9883      51.5572
    9884      51.9235
    9885      53.5692
    9886      53.4587
    9887      50.1343
    9888      47.6284
    9889      48.6214
    9890      45.6895
    9891      50.3650
    9892      44.2480
    9893      43.7326
    9894      43.8049
    9895      48.0668
    9896      46.4265
    9897      47.1766
    9898      48.3364
    9899      44.6158
    9900      40.7612
    9901      38.5092
    9902      36.8329
    9903      45.7493
    9904      50.7485
    9905      54.1330
    9906      55.6735
    9907      57.3730
    9908      51.9925
    9909      53.4161
    9910      53.6435
    9911      54.7732
    9912      51.7250
    9913      50.9287
    9914      50.6079
    9915      54.4476
    9916      55.4644
    9917      59.2520
    9918      55.5605
    9919      51.3103
    9920      56.3080
    9921      53.8738
    9922      50.2790
    9923      55.1428
    9924      52.4753
    9925      47.2736
    9926      47.5733
    9927      46.6775
    9928      50.0831
    9929      53.3739
    9930      50.3902
    9931      46.4826
    9932      49.5939
    9933      48.5219
    9934      45.5969
    9935      48.0666
    9936      47.8553
    9937      46.4924
    9938      44.8618
    9939      44.9041
    9940      44.3737
    9941      44.3390
    9942      45.1346
    9943      45.2103
    9944      47.2233
    9945      47.5086
    9946      47.4620
    9947      48.9805
    9948      40.4140
    9949      39.7622
    9950      39.3954
    9951      39.9894
    9952      43.6898
    9953      44.0198
    9954      42.4382
    9955      38.4549
    9956      41.3344
    9957      44.9426
    9958      42.7060
    9959      47.7824
    9960      53.0768
    9961      47.5687
    9962      46.2470
    9963      45.3145
    9964      48.7803
    9965      46.8428
    9966      42.7154
    9967      43.5918
    9968      45.7897
    9969      48.4275
    9970      44.1169
    9971      42.2746
    9972      43.7119
    9973      40.9857
    9974      46.4587
    9975      47.1367
    9976      49.9729
    9977      49.0629
    9978      48.8267
    9979      45.9336
    9980      42.4770
    9981      39.8297
    9982      39.1462
    9983      40.7226
    9984      41.1798
    9985      41.3407
    9986      40.1705
    9987      41.6857
    9988      45.3428
    9989      49.3812
    9990      44.3123
    9991      47.2545
    9992      44.4771
    9993      39.2874
    9994      43.8567
    9995      43.3460
    9996      41.6449
    9997      43.2830
    9998      49.8824
    9999      47.7614
   10000      45.2053
   10001      50.3963
   10002      52.9826
   10003      45.7322
   10004      44.2163
   10005      47.4001
   10006      48.6108
   10007      48.1559
   10008      49.0662
   10009      50.1682
   10010      52.5335
   10011      53.2466
   10012      52.9300
   10013      54.0442
   10014      55.7432
   10015      57.0866
   10016      53.7307
   10017      49.4000
   10018      48.9733
   10019      46.3520
   10020      49.6109
   10021      51.3883
   10022      48.1746
   10023      47.4302
   10024      50.3696
   10025      56.1118
   10026      54.7953
   10027      49.4434
   10028      48.9201
   10029      50.7908
   10030      55.9102
   10031      56.5751
   10032      53.3168
   10033      50.9012
   10034      51.1036
   10035      48.9377
   10036      46.0487
   10037      49.5151
   10038      53.5203
   10039      48.1726
   10040      46.7252
   10041      50.6231
   10042      46.1741
   10043      47.0520
   10044      51.0734
   10045      53.7987
   10046      55.7422
   10047      54.6948
   10048      56.0766
   10049      53.9797
   10050      56.1453
   10051      56.6401
   10052      54.5311
   10053      53.8045
   10054      52.1670
   10055      50.0748
   10056      45.6290
   10057      49.7750
   10058      54.4954
   10059      50.2042
   10060      51.5159
   10061      47.3298
   10062      46.1165
   10063      44.2421
   10064      46.8813
   10065      44.8400
   10066      46.6457
   10067      49.9495
   10068      51.0747
   10069      53.1380
   10070      48.0257
   10071      46.1503
   10072      47.0270
   10073      48.4589
   10074      44.6093
   10075      40.8802
   10076      41.6255
   10077      42.4421
   10078      42.1279
   10079      45.6295
   10080      43.5931
   10081      41.0831
   10082      49.0946
   10083      48.9244
   10084      48.6370
   10085      51.8819
   10086      54.3548
   10087      53.0919
   10088      52.4196
   10089      52.1375
   10090      56.1007
   10091      48.6496
   10092      44.3841
   10093      48.5186
   10094      48.5331
   10095      44.4713
   10096      45.0876
   10097      47.7582
   10098      45.9117
   10099      47.6500
   10100      43.8546
   10101      40.2025
   10102      43.3000
   10103      47.0156
   10104      46.7677
   10105      55.9434
   10106      54.8207
   10107      50.2255
   10108      53.7376
   10109      51.5315
   10110      48.7671
   10111      49.2874
   10112      49.0358
   10113      54.1424
   10114      56.3175
   10115      58.1675
   10116      57.5146
   10117      53.7070
   10118      55.5317
   10119      57.4899
   10120      56.4901
   10121      58.3370
   10122      56.3034
   10123      57.6775
   10124      54.9203
   10125      54.4940
   10126      53.3785
   10127      49.2280
   10128      49.7008
   10129      52.1031
   10130      52.6327
   10131      50.8772
   10132      45.6823
   10133      46.6581
   10134      49.5460
   10135      47.4659
   10136      46.4539
   10137      43.5014
   10138      42.3674
   10139      43.8941
   10140      45.6272
   10141      44.5393
   10142      45.0311
   10143      46.0314
   10144      44.0900
   10145      47.0106
   10146      45.6417
   10147      41.7974
   10148      39.2332
   10149      46.3502
   10150      49.9873
   10151      50.3607
   10152      50.8894
   10153      52.9553
   10154      55.3866
   10155      50.8596
   10156      51.7050
   10157      51.0081
   10158      46.1682
   10159      46.7347
   10160      53.6258
   10161      49.0699
   10162      51.0603
   10163      45.1612
   10164      53.8071
   10165      57.4967
   10166      59.7099
   10167      57.5045
   10168      55.5274
   10169      49.6142
   10170      46.2614
   10171      49.1029
   10172      47.9920
   10173      49.0347
   10174      52.8566
   10175      52.9054
   10176      54.1924
   10177      54.0028
   10178      51.5699
   10179      57.2064
   10180      55.0277
   10181      51.7691
   10182      54.9719
   10183      50.0218
   10184      51.1955
   10185      57.4727
   10186      59.1174
   10187      55.2294
   10188      54.9140
   10189      55.6087
   10190      53.1243
   10191      56.0408
   10192      56.6356
   10193      53.8739
   10194      55.1406
   10195      56.7672
   10196      56.6094
   10197      56.1150
   10198      52.3862
   10199      50.5380
   10200      52.0380
   10201      52.1220
   10202      54.8467
   10203      51.6987
   10204      52.7833
   10205      52.6616
   10206      49.4505
   10207      46.0507
   10208      50.4654
   10209      50.6454
   10210      51.1560
   10211      49.8142
   10212      50.8995
   10213      53.2232
   10214      52.5085
   10215      57.0975
   10216      56.0290
   10217      50.9988
   10218      50.6184
   10219      47.2245
   10220      48.8714
   10221      47.6366
   10222      48.7049
   10223      49.9766
   10224      53.4312
   10225      52.9896
   10226      53.3223
   10227      56.1056
   10228      53.0765
   10229      52.5867
   10230      55.2159
   10231      52.9510
   10232      57.8487
   10233      65.6493
   10234      67.4608
   10235      70.8097
   10236      71.3520
   10237      74.1174
   10238      76.2635
   10239      77.0823
   10240      70.2575
   10241      66.2184
   10242      69.1900
   10243      70.6819
   10244      67.3601
   10245      68.4761
   10246      71.4473
   10247      75.8595
   10248      74.2839
   10249      75.1651
   10250      71.9830
   10251      71.7564
   10252      73.3369
   10253      74.1451
   10254      75.6660
   10255      73.9963
   10256      68.9439
   10257      64.9040
   10258      72.5603
   10259      69.1066
   10260      67.8070
   10261      64.9939
   10262      66.0523
   10263      66.4328
   10264      64.7151
   10265      67.4521
   10266      67.4766
   10267      64.9793
   10268      64.0444
   10269      62.2734
   10270      64.7266
   10271      63.2490
   10272      54.3995
   10273      54.0944
   10274      56.0930
   10275      53.0372
   10276      50.1138
   10277      45.7781
   10278      47.5410
   10279      45.7555
   10280      50.1756
   10281      58.2746
   10282      58.4261
   10283      58.4505
   10284      65.4474
   10285      62.2889
   10286      58.3748
   10287      58.2331
   10288      54.3355
   10289      54.7215
   10290      52.3402
   10291      49.2229
   10292      51.2503
   10293      48.9578
   10294      48.0121
   10295      46.4146
   10296      44.4279
   10297      48.3089
   10298      48.5458
   10299      50.1977
   10300      45.8259
   10301      49.7774
   10302      45.3048
   10303      45.2097
   10304      45.4175
   10305      50.6475
   10306      44.3544
   10307      44.3726
   10308      53.1657
   10309      56.6031
   10310      52.7884
   10311      50.5408
   10312      54.7102
   10313      55.1856
   10314      52.7604
   10315      49.7531
   10316      47.1706
   10317      48.0909
   10318      46.8008
   10319      53.3349
   10320      53.1653
   10321      51.7250
   10322      58.1266
   10323      53.8709
   10324      49.1471
   10325      50.6425
   10326      49.9924
   10327      43.1313
   10328      50.9863
   10329      49.4420
   10330      48.6541
   10331      49.0708
   10332      50.7798
   10333      57.0473
   10334      55.0905
   10335      52.9097
   10336      53.8289
   10337      51.1470
   10338      54.9313
   10339      57.6789
   10340      55.4351
   10341      53.6569
   10342      56.6839
   10343      52.4868
   10344      49.9404
   10345      52.8841
   10346      50.3596
   10347      52.2841
   10348      52.5894
   10349      51.4167
   10350      50.7026
   10351      47.7261
   10352      50.8694
   10353      51.8928
   10354      50.2652
   10355      49.6106
   10356      46.6913
   10357      38.3013
   10358      36.4906
   10359      41.0970
   10360      45.6790
   10361      46.9189
   10362      46.9883
   10363      45.0363
   10364      42.8400
   10365      42.8214
   10366      48.2415
   10367      43.2884
   10368      44.9348
   10369      42.2533
   10370      46.3657
   10371      45.6614
   10372      48.6105
   10373      51.7559
   10374      53.3385
   10375      49.9199
   10376      46.2336
   10377      45.8656
   10378      48.8319
   10379      47.2421
   10380      42.1539
   10381      42.8598
   10382      39.0390
   10383      42.8539
   10384      42.4953
   10385      40.8554
   10386      43.6995
   10387      44.5395
   10388      39.2121
   10389      45.8699
   10390      46.0404
   10391      46.4659
   10392      53.0810
   10393      52.3717
   10394      50.6316
   10395      48.3758
   10396      48.6062
   10397      44.8974
   10398      47.3853
   10399      48.4459
   10400      46.3074
   10401      43.9610
   10402      42.8322
   10403      42.1474
   10404      42.2960
   10405      42.1367
   10406      41.8521
   10407      41.7774
   10408      44.2102
   10409      42.0764
   10410      42.5062
   10411      47.7143
   10412      46.5063
   10413      48.7760
   10414      50.8036
   10415      46.2998
   10416      44.3064
   10417      43.6032
   10418      40.6411
   10419      44.3786
   10420      44.0846
   10421      43.9144
   10422      46.2760
   10423      46.0128
   10424      49.7151
   10425      49.2001
   10426      44.5489
   10427      49.4206
   10428      49.6886
   10429      45.7886
   10430      43.9460
   10431      43.7404
   10432      43.1078
   10433      43.0406
   10434      45.9480
   10435      40.6220
   10436      49.7373
   10437      48.7838
   10438      47.3850
   10439      47.2817
   10440      42.5109
   10441      45.9329
   10442      48.8610
   10443      48.8197
   10444      45.0634
   10445      45.9969
   10446      47.6725
   10447      49.1540
   10448      44.9172
   10449      49.7397
   10450      45.6711
   10451      46.6382
   10452      50.3961
   10453      50.2474
   10454      49.3755
   10455      53.2494
   10456      48.6283
   10457      48.8523
   10458      46.9762
   10459      46.7628
   10460      42.7379
   10461      49.7290
   10462      46.1719
   10463      51.3511
   10464      49.3156
   10465      52.9803
   10466      46.4530
   10467      44.6263
   10468      49.5321
   10469      44.9364
   10470      45.8011
   10471      45.8903
   10472      49.3654
   10473      45.8549
   10474      43.0237
   10475      47.8335
   10476      52.9274
   10477      54.3301
   10478      64.3411
   10479      67.6422
   10480      65.6424
   10481      59.8955
   10482      56.3999
   10483      56.1843
   10484      51.7085
   10485      49.9504
   10486      48.6820
   10487      47.4303
   10488      47.9763
   10489      51.3461
   10490      47.0529
   10491      50.8060
   10492      47.0300
   10493      50.6552
   10494      54.5508
   10495      48.2681
   10496      47.2126
   10497      46.4479
   10498      47.6013
   10499      45.9941
   10500      44.5925
   10501      45.0187
   10502      47.1827
   10503      51.5985
   10504      52.0025
   10505      51.9810
   10506      50.3385
   10507      52.3165
   10508      57.0390
   10509      51.2054
   10510      51.3488
   10511      48.0429
   10512      51.6822
   10513      53.9000
   10514      55.7590
   10515      49.7253
   10516      53.9552
   10517      54.5379
   10518      53.7147
   10519      52.1528
   10520      49.7589
   10521      52.2176
   10522      51.3241
   10523      49.5826
   10524      49.3918
   10525      54.3000
   10526      53.9856
   10527      53.0027
   10528      48.2255
   10529      46.3566
   10530      52.0558
   10531      48.4746
   10532      47.4781
   10533      43.8966
   10534      46.8286
   10535      48.9743
   10536      52.9689
   10537      50.1825
   10538      50.2890
   10539      49.2963
   10540      49.8001
   10541      51.5078
   10542      47.3689
   10543      48.1100
   10544      56.5440
   10545      53.5474
   10546      52.2477
   10547      53.8357
   10548      50.3568
   10549      48.8949
   10550      47.4934
   10551      41.3619
   10552      41.7832
   10553      41.7047
   10554      46.9792
   10555      47.5823
   10556      48.4979
   10557      48.3556
   10558      44.5815
   10559      51.5019
   10560      48.5008
   10561      47.6483
   10562      44.8960
   10563      47.0889
   10564      56.2414
   10565      51.8067
   10566      49.8152
   10567      51.1451
   10568      48.3655
   10569      52.1274
   10570      54.5139
   10571      50.1527
   10572      49.3324
   10573      51.4290
   10574      54.1054
   10575      51.1311
   10576      49.9122
   10577      52.1948
   10578      57.5451
   10579      59.7382
   10580      58.0790
   10581      58.3033
   10582      54.1567
   10583      53.4990
   10584      54.3664
   10585      52.1114
   10586      52.9969
   10587      49.8536
   10588      48.9575
   10589      55.0854
   10590      53.2801
   10591      53.8793
   10592      52.5698
   10593      53.4149
   10594      53.2812
   10595      54.9126
   10596      56.2820
   10597      52.0810
   10598      53.5558
   10599      56.8034
   10600      55.0073
   10601      56.5475
   10602      52.2255
   10603      45.6381
   10604      45.0311
   10605      46.8898
   10606      51.0856
   10607      48.9540
   10608      44.7963
   10609      47.0800
   10610      43.7147
   10611      49.1902
   10612      47.3125
   10613      43.3929
   10614      45.4931
   10615      52.4137
   10616      53.4141
   10617      54.3755
   10618      54.8865
   10619      54.1280
   10620      54.9110
   10621      54.2988
   10622      52.8544
   10623      52.9165
   10624      55.3925
   10625      51.3355
   10626      52.5864
   10627      51.4176
   10628      54.5780
   10629      49.8418
   10630      50.7358
   10631      52.1717
   10632      48.3664
   10633      51.6143
   10634      49.3582
   10635      48.3403
   10636      46.0351
   10637      42.6711
   10638      46.0037
   10639      46.7171
   10640      43.5195
   10641      44.2507
   10642      50.2762
   10643      46.8623
   10644      50.7048
   10645      53.0488
   10646      46.7224
   10647      50.5580
   10648      49.6413
   10649      52.1961
   10650      59.4562
   10651      56.9213
   10652      57.9312
   10653      48.0381
   10654      53.6003
   10655      52.1201
   10656      52.6726
   10657      55.2875
   10658      50.6951
   10659      49.0186
   10660      50.4482
   10661      50.9970
   10662      47.7821
   10663      50.3656
   10664      49.6432
   10665      49.9816
   10666      54.4444
   10667      57.4032
   10668      55.8392
   10669      51.2156
   10670      50.6753
   10671      46.6257
   10672      46.7932
   10673      42.6642
   10674      40.8540
   10675      41.9615
   10676      37.5004
   10677      41.3386
   10678      42.3975
   10679      42.0651
   10680      43.0083
   10681      47.0133
   10682      46.0830
   10683      47.0152
   10684      50.8057
   10685      48.6522
   10686      53.2440
   10687      49.8315
   10688      52.0453
   10689      47.5612
   10690      47.6960
   10691      42.5924
   10692      36.2525
   10693      40.8741
   10694      40.8457
   10695      39.3445
   10696      46.4853
   10697      48.1378
   10698      53.9451
   10699      55.0755
   10700      48.4868
   10701      53.4282
   10702      52.2245
   10703      47.1489
   10704      47.6086
   10705      48.9266
   10706      52.4313
   10707      52.6635
   10708      52.8255
   10709      48.3494
   10710      44.7577
   10711      41.0375
   10712      40.8858
   10713      42.2936
   10714      47.3464
   10715      46.3735
   10716      47.7929
   10717      46.5930
   10718      46.9340
   10719      48.8455
   10720      50.1047
   10721      39.8190
   10722      40.5035
   10723      40.0003
   10724      39.2453
   10725      42.0122
   10726      43.4853
   10727      43.5160
   10728      44.6469
   10729      44.9497
   10730      43.6261
   10731      39.8764
   10732      41.5439
   10733      42.1384
   10734      44.0761
   10735      46.6523
   10736      50.9016
   10737      50.2836
   10738      49.5909
   10739      47.6060
   10740      46.3877
   10741      50.1353
   10742      53.7343
   10743      50.0715
   10744      48.5830
   10745      49.1943
   10746      45.7480
   10747      48.2676
   10748      47.2718
   10749      47.8844
   10750      41.3776
   10751      46.1237
   10752      44.8559
   10753      45.7671
   10754      51.8434
   10755      57.1532
   10756      55.6989
   10757      54.1928
   10758      61.0882
   10759      57.2970
   10760      47.4215
   10761      52.2034
   10762      52.4139
   10763      55.3656
   10764      46.7718
   10765      51.5107
   10766      49.1524
   10767      46.3719
   10768      43.6448
   10769      45.6784
   10770      41.8935
   10771      44.2254
   10772      40.5409
   10773      47.0198
   10774      51.7190
   10775      53.3722
   10776      54.3401
   10777      53.3965
   10778      48.6190
   10779      50.0823
   10780      52.7177
   10781      50.3292
   10782      47.6322
   10783      47.8290
   10784      47.6521
   10785      44.4413
   10786      42.3735
   10787      51.1734
   10788      51.2536
   10789      51.3185
   10790      49.0627
   10791      43.9579
   10792      43.8208
   10793      44.1901
   10794      45.6558
   10795      47.5042
   10796      47.6358
   10797      50.5712
   10798      51.5208
   10799      48.2270
   10800      50.4005
   10801      46.0368
   10802      44.0576
   10803      42.2368
   10804      47.1602
   10805      49.9872
   10806      49.4068
   10807      51.4367
   10808      52.1460
   10809      52.0864
   10810      50.8832
   10811      51.5557
   10812      50.1056
   10813      47.9204
   10814      47.6827
   10815      51.3207
   10816      55.6646
   10817      53.0854
   10818      50.1896
   10819      45.1271
   10820      38.5543
   10821      44.8834
   10822      48.7802
   10823      48.7696
   10824      44.5996
   10825      43.9378
   10826      45.1985
   10827      52.1412
   10828      51.0202
   10829      46.5128
   10830      46.8238
   10831      49.6355
   10832      50.9188
   10833      52.3715
   10834      56.0335
   10835      56.6782
   10836      53.1701
   10837      54.0378
   10838      52.7138
   10839      45.3599
   10840      47.3754
   10841      49.1804
   10842      49.4174
   10843      48.1362
   10844      49.7763
   10845      55.3666
   10846      57.1331
   10847      55.1702
   10848      50.3203
   10849      46.8033
   10850      56.9212
   10851      49.9962
   10852      51.6563
   10853      54.1802
   10854      57.3508
   10855      59.0731
   10856      55.4933
   10857      54.8310
   10858      53.7151
   10859      54.7922
   10860      55.6429
   10861      54.3854
   10862      53.4245
   10863      50.7316
   10864      51.7137
   10865      49.7072
   10866      55.9669
   10867      53.1908
   10868      48.5605
   10869      46.1575
   10870      47.6330
   10871      44.8886
   10872      44.6465
   10873      45.1163
   10874      43.8689
   10875      44.9266
   10876      47.7681
   10877      44.8280
   10878      47.3204
   10879      52.2980
   10880      47.1760
   10881      45.8416
   10882      47.6340
   10883      51.4586
   10884      54.3169
   10885      53.8996
   10886      52.1166
   10887      47.6612
   10888      42.9242
   10889      40.6682
   10890      42.9268
   10891      48.1255
   10892      52.4318
   10893      51.1307
   10894      51.4453
   10895      52.6113
   10896      54.8319
   10897      57.9665
   10898      57.2119
   10899      59.8047
   10900      61.1654
   10901      59.0013
   10902      61.5287
   10903      56.6547
   10904      55.6134
   10905      53.1733
   10906      50.8331
   10907      50.7635
   10908      48.4583
   10909      45.5750
   10910      52.7468
   10911      55.5961
   10912      55.8500
   10913      55.5773
   10914      53.7311
   10915      54.5975
   10916      51.7795
   10917      53.7652
   10918      57.9202
   10919      56.8925
   10920      53.3067
   10921      50.6462
   10922      50.0930
   10923      54.3254
   10924      57.2821
   10925      55.4621
   10926      52.4800
   10927      52.8963
   10928      51.8242
   10929      47.7251
   10930      46.1325
   10931      42.6906
   10932      47.6544
   10933      49.6425
   10934      50.6901
   10935      46.9455
   10936      47.5794
   10937      50.0599
   10938      47.1995
   10939      49.6209
   10940      47.9982
   10941      51.2955
   10942      56.5096
   10943      50.7787
   10944      45.9440
   10945      44.9972
   10946      46.3683
   10947      47.9861
   10948      43.5352
   10949      42.5341
   10950      41.4397
   10951      47.8060
   10952      48.4703
   10953      47.6766
   10954      47.0813
   10955      55.2057
   10956      53.7921
   10957      48.6724
   10958      49.6205
   10959      54.1186
   10960      51.9742
   10961      46.2273
   10962      44.3333
   10963      45.7209
   10964      49.0700
   10965      46.7035
   10966      47.2092
   10967      48.7776
   10968      55.1701
   10969      53.9353
   10970      50.9429
   10971      47.5605
   10972      44.2351
   10973      45.9047
   10974      43.9165
   10975      46.4383
   10976      46.8069
   10977      47.2021
   10978      47.4071
   10979      45.0003
   10980      48.3591
   10981      45.4978
   10982      42.3342
   10983      40.2437
   10984      39.9565
   10985      38.6944
   10986      43.4174
   10987      41.6570
   10988      43.8114
   10989      52.5854
   10990      45.5967
   10991      45.9167
   10992      48.9391
   10993      50.2930
   10994      53.6045
   10995      48.4045
   10996      56.2142
   10997      54.2388
   10998      52.9802
   10999      56.0158
   11000      52.6271
   11001      49.1848
   11002      50.5350
   11003      55.4775
   11004      54.6538
   11005      53.2783
   11006      50.6307
   11007      49.2005
   11008      50.1875
   11009      48.7095
   11010      51.8976
   11011      52.5282
   11012      48.0850
   11013      52.3785
   11014      54.3162
   11015      55.5429
   11016      48.2392
   11017      47.3365
   11018      53.1688
   11019      51.5231
   11020      52.4574
   11021      56.4973
   11022      51.7951
   11023      49.3044
   11024      43.6265
   11025      45.7479
   11026      49.4672
   11027      53.4163
   11028      51.8457
   11029      52.3888
   11030      51.7536
   11031      49.5903
   11032      55.8257
   11033      59.1872
   11034      63.0735
   11035      62.8638
   11036      60.6378
   11037      62.1699
   11038      63.0351
   11039      54.3841
   11040      49.8931
   11041      53.9979
   11042      51.9925
   11043      58.6661
   11044      55.3499
   11045      52.1061
   11046      50.8858
   11047      47.9058
   11048      47.3623
   11049      45.2869
   11050      48.8309
   11051      48.0239
   11052      49.7192
   11053      43.5873
   11054      49.7695
   11055      48.0763
   11056      44.6221
   11057      42.6743
   11058      37.3000
   11059      41.1716
   11060      44.6812
   11061      41.4742
   11062      43.7440
   11063      50.7801
   11064      50.8772
   11065      48.2350
   11066      48.8392
   11067      44.5162
   11068      47.3695
   11069      45.7655
   11070      49.1278
   11071      49.9206
   11072      48.3966
   11073      45.2277
   11074      48.8208
   11075      49.9766
   11076      52.5665
   11077      46.9393
   11078      47.5722
   11079      48.7368
   11080      45.0650
   11081      37.9976
   11082      38.4517
   11083      41.3602
   11084      49.1522
   11085      48.8865
   11086      55.5722
   11087      57.6665
   11088      67.7080
   11089      68.4806
   11090      66.6964
   11091      69.7244
   11092      64.0766
   11093      65.0728
   11094      67.3510
   11095      67.9464
   11096      61.5268
   11097      67.2366
   11098      67.8115
   11099      68.0223
   11100      70.5103
   11101      69.6217
   11102      70.1114
   11103      70.4224
   11104      65.1367
   11105      68.7448
   11106      68.4789
   11107      71.2807
   11108      73.3776
   11109      73.9465
   11110      73.5249
   11111      74.7318
   11112      68.1432
   11113      64.0039
   11114      57.9838
   11115      59.8183
   11116      65.0829
   11117      69.7712
   11118      71.4484
   11119      68.6420
   11120      66.4115
   11121      56.4632
   11122      59.4023
   11123      56.9879
   11124      62.5476
   11125      62.2198
   11126      58.9544
   11127      56.7057
   11128      56.0532
   11129      53.3646
   11130      50.0894
   11131      49.5115
   11132      47.6552
   11133      53.0622
   11134      54.1268
   11135      55.9267
   11136      52.2583
   11137      51.8577
   11138      54.5732
   11139      56.7252
   11140      56.2427
   11141      53.7923
   11142      52.2086
   11143      51.9700
   11144      50.4031
   11145      51.0422
   11146      52.6068
   11147      49.3206
   11148      51.9515
   11149      54.2261
   11150      52.4688
   11151      52.9401
   11152      47.4590
   11153      48.4466
   11154      46.2443
   11155      48.3878
   11156      47.6010
   11157      41.9934
   11158      42.9959
   11159      41.9814
   11160      46.6933
   11161      49.3119
   11162      50.9119
   11163      53.5273
   11164      54.9412
   11165      53.4159
   11166      49.6519
   11167      44.6793
   11168      45.2476
   11169      41.9982
   11170      43.6106
   11171      41.8808
   11172      42.3871
   11173      46.7157
   11174      48.9014
   11175      47.6943
   11176      45.4526
   11177      43.8155
   11178      47.2696
   11179      47.8104
   11180      50.0608
   11181      57.1610
   11182      52.2150
   11183      50.6462
   11184      53.4423
   11185      49.9227
   11186      52.3749
   11187      59.6542
   11188      59.9516
   11189      63.0755
   11190      61.6172
   11191      60.8422
   11192      59.9394
   11193      56.6432
   11194      55.7129
   11195      61.1969
   11196      55.3451
   11197      56.5617
   11198      51.1580
   11199      48.9590
   11200      49.4110
   11201      48.2814
   11202      51.3089
   11203      50.4715
   11204      49.4218
   11205      53.7478
   11206      53.9416
   11207      51.6585
   11208      49.1080
   11209      49.3061
   11210      51.0590
   11211      51.9260
   11212      49.3818
   11213      49.8620
   11214      51.2782
   11215      51.2872
   11216      48.3400
   11217      50.8553
   11218      51.2615
   11219      50.6020
   11220      54.9742
   11221      56.6007
   11222      61.0135
   11223      62.5149
   11224      62.9481
   11225      66.1544
   11226      65.1613
   11227      65.0651
   11228      60.0154
   11229      59.5719
   11230      62.2365
   11231      63.9803
   11232      65.3570
   11233      63.2098
   11234      58.3497
   11235      58.2225
   11236      64.2917
   11237      64.8165
   11238      60.0486
   11239      59.4227
   11240      56.3209
   11241      52.3289
   11242      54.8625
   11243      54.1265
   11244      50.9882
   11245      49.3034
   11246      49.7364
   11247      49.4209
   11248      53.8015
   11249      63.6411
   11250      60.2391
   11251      55.3458
   11252      59.9901
   11253      59.9155
   11254      53.1238
   11255      52.9696
   11256      48.6488
   11257      51.1905
   11258      53.9674
   11259      52.4105
   11260      54.4971
   11261      56.6421
   11262      56.0595
   11263      50.9754
   11264      49.8368
   11265      45.8087
   11266      51.6641
   11267      56.5395
   11268      54.5081
   11269      51.0550
   11270      55.9674
   11271      57.8454
   11272      57.1762
   11273      58.4847
   11274      60.7695
   11275      61.1036
   11276      55.1560
   11277      52.7382
   11278      51.9065
   11279      52.7545
   11280      52.4148
   11281      52.0620
   11282      54.4080
   11283      54.6275
   11284      52.5778
   11285      46.6836
   11286      47.3595
   11287      43.6921
   11288      47.3830
   11289      52.8530
   11290      48.3589
   11291      50.1079
   11292      50.8515
   11293      49.3066
   11294      52.2153
   11295      52.2133
   11296      49.1767
   11297      57.5390
   11298      56.9134
   11299      58.1599
   11300      57.5640
   11301      58.7967
   11302      56.8564
   11303      53.7952
   11304      53.8282
   11305      57.2968
   11306      60.2032
   11307      62.2005
   11308      58.4008
   11309      56.2166
   11310      58.5389
   11311      58.0917
   11312      58.5024
   11313      53.2762
   11314      57.6199
   11315      56.3331
   11316      52.0435
   11317      50.5029
   11318      48.9682
   11319      48.3252
   11320      43.6088
   11321      43.1304
   11322      43.2593
   11323      41.6733
   11324      42.1873
   11325      45.6982
   11326      41.0032
   11327      45.2120
   11328      47.5789
   11329      46.3883
   11330      49.4752
   11331      53.8614
   11332      53.3292
   11333      51.9651
   11334      53.3890
   11335      58.4497
   11336      57.9509
   11337      49.5798
   11338      45.0585
   11339      44.6638
   11340      46.3058
   11341      46.6437
   11342      49.6354
   11343      50.6988
   11344      50.0980
   11345      53.7887
   11346      51.7867
   11347      50.6831
   11348      48.7243
   11349      45.8801
   11350      45.5698
   11351      48.9739
   11352      51.1530
   11353      47.8496
   11354      47.5380
   11355      51.7765
   11356      47.4527
   11357      46.7084
   11358      45.9299
   11359      44.0800
   11360      46.5880
   11361      47.5601
   11362      48.6959
   11363      52.0308
   11364      49.0282
   11365      44.4240
   11366      48.9331
   11367      54.2869
   11368      62.9882
   11369      64.8521
   11370      63.9499
   11371      60.4369
   11372      54.8100
   11373      57.3549
   11374      55.3258
   11375      55.2382
   11376      58.8542
   11377      56.1097
   11378      54.6004
   11379      48.8988
   11380      44.4301
   11381      49.0350
   11382      50.7344
   11383      49.1324
   11384      50.1391
   11385      46.7131
   11386      49.1981
   11387      50.8495
   11388      49.8821
   11389      47.1988
   11390      45.3225
   11391      45.1572
   11392      48.4677
   11393      48.7572
   11394      50.4645
   11395      48.0421
   11396      49.4335
   11397      47.1576
   11398      50.0646
   11399      51.8155
   11400      50.4611
   11401      49.9285
   11402      55.7876
   11403      55.6953
   11404      59.9030
   11405      58.5655
   11406      50.3032
   11407      52.3263
   11408      52.9007
   11409      48.6474
   11410      49.1323
   11411      55.1224
   11412      49.3248
   11413      49.8418
   11414      51.9870
   11415      49.5683
   11416      50.5841
   11417      50.8996
   11418      53.1332
   11419      50.4556
   11420      49.6672
   11421      50.4858
   11422      59.0503
   11423      57.4401
   11424      59.6307
   11425      52.7868
   11426      49.1619
   11427      52.8089
   11428      53.3027
   11429      54.3581
   11430      57.0820
   11431      54.5658
   11432      52.0020
   11433      57.1059
   11434      54.2153
   11435      57.2014
   11436      55.0922
   11437      50.6122
   11438      49.4803
   11439      49.0701
   11440      50.9910
   11441      53.2026
   11442      52.6438
   11443      56.0446
   11444      52.4006
   11445      49.5258
   11446      50.3882
   11447      52.0295
   11448      54.9864
   11449      52.2036
   11450      55.7089
   11451      52.5383
   11452      55.9681
   11453      54.4614
   11454      55.2084
   11455      56.5708
   11456      54.1229
   11457      54.2716
   11458      55.4420
   11459      52.3486
   11460      56.0154
   11461      57.2659
   11462      54.1670
   11463      52.6815
   11464      49.3101
   11465      50.0470
   11466      53.0939
   11467      53.5519
   11468      55.1424
   11469      52.2717
   11470      49.8998
   11471      49.6460
   11472      44.3296
   11473      46.7225
   11474      47.7710
   11475      55.0344
   11476      54.8895
   11477      52.8870
   11478      54.7104
   11479      54.9395
   11480      55.0892
   11481      52.4845
   11482      49.5055
   11483      53.3405
   11484      54.9595
   11485      52.3411
   11486      49.2126
   11487      49.2060
   11488      54.1191
   11489      53.4993
   11490      51.2297
   11491      48.6138
   11492      50.8969
   11493      50.6427
   11494      53.0978
   11495      48.2402
   11496      44.8095
   11497      45.9477
   11498      50.5290
   11499      55.7268
   11500      55.0269
   11501      51.2901
   11502      48.5363
   11503      48.7451
   11504      51.0392
   11505      52.6979
   11506      53.9849
   11507      56.3919
   11508      53.2271
   11509      53.0309
   11510      48.7980
   11511      49.4429
   11512      48.0868
   11513      49.5477
   11514      51.3707
   11515      53.8071
   11516      55.4439
   11517      61.3135
   11518      62.7240
   11519      60.8234
   11520      57.9740
   11521      55.0633
   11522      56.8972
   11523      56.4390
   11524      59.9194
   11525      57.4734
   11526      52.4540
   11527      54.7687
   11528      58.7912
   11529      53.1736
   11530      50.9766
   11531      49.8893
   11532      47.5885
   11533      46.4920
   11534      49.9257
   11535      47.4786
   11536      47.1501
   11537      48.5114
   11538      53.8064
   11539      48.7299
   11540      45.1018
   11541      42.8934
   11542      44.1628
   11543      46.0829
   11544      45.6371
   11545      39.9377
   11546      48.6564
   11547      51.9688
   11548      54.8764
   11549      54.7368
   11550      52.4076
   11551      46.7592
   11552      43.9352
   11553      45.5663
   11554      47.6455
   11555      52.1657
   11556      47.1819
   11557      51.8881
   11558      49.8595
   11559      53.5914
   11560      52.2492
   11561      50.5068
   11562      50.6851
   11563      49.4661
   11564      48.2072
   11565      51.3591
   11566      53.3040
   11567      53.3126
   11568      57.5364
   11569      53.0880
   11570      55.3134
   11571      49.6412
   11572      54.9384
   11573      56.0989
   11574      51.3105
   11575      54.9248
   11576      57.1885
   11577      51.0614
   11578      46.8946
   11579      44.5028
   11580      46.7759
   11581      53.1212
   11582      52.8150
   11583      55.4404
   11584      51.7463
   11585      52.8839
   11586      54.2139
   11587      53.4230
   11588      55.0329
   11589      54.3572
   11590      54.1265
   11591      51.7061
   11592      51.6150
   11593      52.7597
   11594      51.4074
   11595      48.2819
   11596      48.1083
   11597      43.6162
   11598      45.3367
   11599      45.1886
   11600      47.9865
   11601      50.4422
   11602      51.7579
   11603      53.0430
   11604      48.2226
   11605      49.5681
   11606      51.2939
   11607      52.2811
   11608      49.4899
   11609      48.8534
   11610      44.2249
   11611      45.5741
   11612      42.4859
   11613      39.3214
   11614      40.1440
   11615      39.2044
   11616      45.0801
   11617      46.7743
   11618      46.7152
   11619      43.9853
   11620      42.7247
   11621      45.8062
   11622      49.4501
   11623      41.9961
   11624      42.5358
   11625      45.0469
   11626      46.3131
   11627      41.0094
   11628      40.0027
   11629      41.0098
   11630      43.2654
   11631      46.5490
   11632      46.2196
   11633      44.4593
   11634      42.2263
   11635      44.7569
   11636      48.7976
   11637      51.3019
   11638      52.0972
   11639      53.2583
   11640      58.4875
   11641      51.0707
   11642      50.9657
   11643      52.8561
   11644      51.9760
   11645      51.3454
   11646      54.0395
   11647      52.9472
   11648      54.5924
   11649      57.7043
   11650      56.6360
   11651      59.8705
   11652      54.7892
   11653      53.2438
   11654      46.0818
   11655      45.8210
   11656      42.2312
   11657      45.1202
   11658      52.3068
   11659      50.4816
   11660      50.2556
   11661      43.6571
   11662      37.9177
   11663      42.9055
   11664      44.9736
   11665      49.3199
   11666      46.7316
   11667      45.8676
   11668      45.3007
   11669      50.5114
   11670      46.2893
   11671      40.0373
   11672      42.0657
   11673      44.2072
   11674      45.7615
   11675      40.0505
   11676      45.7804
   11677      46.7349
   11678      45.2611
   11679      42.3149
   11680      44.3760
   11681      44.3522
   11682      39.5357
   11683      42.7165
   11684      40.1040
   11685      42.5345
   11686      44.3226
   11687      45.4298
   11688      42.5388
   11689      38.8493
   11690      45.9748
   11691      49.6507
   11692      47.9707
   11693      47.5381
   11694      45.5732
   11695      48.7693
   11696      49.8764
   11697      50.3307
   11698      50.2669
   11699      51.8813
   11700      46.2078
   11701      48.7517
   11702      43.1193
   11703      43.5028
   11704      39.5632
   11705      40.9935
   11706      46.9520
   11707      45.6500
   11708      48.0090
   11709      44.4555
   11710      46.0773
   11711      43.8576
   11712      42.9959
   11713      44.6006
   11714      48.8693
   11715      44.2714
   11716      50.7448
   11717      45.8279
   11718      41.8857
   11719      46.7270
   11720      51.1322
   11721      52.9618
   11722      49.8104
   11723      48.1818
   11724      49.7715
   11725      46.4073
   11726      46.6177
   11727      52.7017
   11728      50.4317
   11729      53.0271
   11730      55.5176
   11731      55.0248
   11732      53.0338
   11733      57.0742
   11734      54.7225
   11735      50.7042
   11736      55.2329
   11737      54.6837
   11738      50.2981
   11739      48.8738
   11740      47.3540
   11741      48.9244
   11742      51.8906
   11743      50.7726
   11744      54.9486
   11745      55.7114
   11746      53.2309
   11747      46.1498
   11748      41.9817
   11749      48.0902
   11750      45.1034
   11751      45.7355
   11752      48.0574
   11753      51.1011
   11754      49.5550
   11755      50.9124
   11756      50.5911
   11757      47.0050
   11758      50.5687
   11759      46.6631
   11760      51.6075
   11761      50.1782
   11762      47.3207
   11763      50.1449
   11764      51.6527
   11765      55.6406
   11766      55.2312
   11767      54.5058
   11768      52.2282
   11769      48.4800
   11770      49.4390
   11771      62.0688
   11772      54.5470
   11773      51.5001
   11774      51.7620
   11775      50.0847
   11776      45.2488
   11777      46.9201
   11778      42.6189
   11779      42.7848
   11780      43.3290
   11781      48.2464
   11782      56.1459
   11783      61.3221
   11784      58.2399
   11785      53.3499
   11786      51.4418
   11787      46.4242
   11788      51.9135
   11789      48.9366
   11790      50.8090
   11791      52.5880
   11792      47.7201
   11793      43.1141
   11794      40.9856
   11795      43.2511
   11796      40.1024
   11797      39.7948
   11798      39.2980
   11799      41.5577
   11800      48.1436
   11801      48.9715
   11802      40.6190
   11803      39.9562
   11804      44.9827
   11805      50.6497
   11806      54.2302
   11807      53.0916
   11808      56.6985
   11809      55.2915
   11810      57.3063
   11811      52.9065
   11812      55.6171
   11813      56.1794
   11814      55.3274
   11815      54.8452
   11816      56.1798
   11817      52.1351
   11818      53.1238
   11819      50.6569
   11820      48.9381
   11821      48.6113
   11822      46.4906
   11823      47.4080
   11824      50.2252
   11825      47.6365
   11826      52.4647
   11827      48.1788
   11828      45.2422
   11829      47.9679
   11830      51.5104
   11831      48.2544
   11832      51.0224
   11833      57.8860
   11834      49.3404
   11835      52.2309
   11836      50.1751
   11837      50.8204
   11838      45.2084
   11839      43.0512
   11840      44.5441
   11841      50.5204
   11842      47.6932
   11843      46.2704
   11844      46.3258
   11845      50.1610
   11846      54.2435
   11847      52.7853
   11848      51.5985
   11849      49.2213
   11850      53.6919
   11851      54.4317
   11852      52.3719
   11853      55.4931
   11854      53.3686
   11855      55.2028
   11856      47.5214
   11857      45.3216
   11858      46.6733
   11859      48.9936
   11860      53.2040
   11861      56.8032
   11862      52.1001
   11863      48.3282
   11864      47.9230
   11865      49.0233
   11866      44.4588
   11867      44.8085
   11868      48.1342
   11869      47.4718
   11870      50.5308
   11871      52.7143
   11872      51.6426
   11873      52.0753
   11874      49.8027
   11875      52.8648
   11876      52.3461
   11877      53.1581
   11878      47.1519
   11879      47.0182
   11880      44.8292
   11881      46.9210
   11882      44.3595
   11883      44.4707
   11884      46.8340
   11885      44.6140
   11886      48.0889
   11887      44.5584
   11888      45.7335
   11889      55.3417
   11890      55.6680
   11891      58.5774
   11892      59.3630
   11893      57.4657
   11894      54.2171
   11895      49.8022
   11896      50.3770
   11897      49.1269
   11898      54.1363
   11899      53.7504
   11900      42.5940
   11901      47.0456
   11902      46.9388
   11903      52.7078
   11904      56.7751
   11905      47.9009
   11906      42.8472
   11907      49.2745
   11908      45.5547
   11909      49.3978
   11910      48.2156
   11911      48.0450
   11912      44.9345
   11913      48.8787
   11914      54.0231
   11915      53.5997
   11916      56.7335
   11917      61.0193
   11918      62.7244
   11919      67.0673
   11920      66.2548
   11921      56.8780
   11922      57.2619
   11923      56.7846
   11924      57.0644
   11925      56.9556
   11926      53.4573
   11927      55.2879
   11928      53.4970
   11929      50.0127
   11930      53.7638
   11931      53.0618
   11932      50.2435
   11933      50.0709
   11934      45.1073
   11935      51.2815
   11936      51.5407
   11937      49.8144
   11938      54.8304
   11939      56.0185
   11940      59.6364
   11941      58.5577
   11942      55.8228
   11943      55.5103
   11944      53.7911
   11945      54.3536
   11946      56.5054
   11947      54.3462
   11948      56.9343
   11949      57.9711
   11950      61.1341
   11951      60.5102
   11952      55.9949
   11953      52.0333
   11954      51.7897
   11955      46.6567
   11956      48.5015
   11957      47.0085
   11958      47.8291
   11959      51.2462
   11960      51.2808
   11961      56.5528
   11962      53.7152
   11963      54.0292
   11964      53.5801
   11965      48.9928
   11966      45.5335
   11967      49.3140
   11968      52.0371
   11969      56.4790
   11970      58.8524
   11971      59.6918
   11972      54.4457
   11973      58.1043
   11974      58.2084
   11975      61.7050
   11976      63.2221
   11977      58.5677
   11978      52.0789
   11979      50.7179
   11980      51.6410
   11981      51.2006
   11982      49.4696
   11983      46.0767
   11984      50.5586
   11985      49.0042
   11986      50.1823
   11987      53.8713
   11988      49.2559
   11989      47.9199
   11990      42.2527
   11991      41.7885
   11992      43.5188
   11993      52.1245
   11994      52.5794
   11995      53.3627
   11996      53.8590
   11997      53.6306
   11998      49.4411
   11999      53.0259
   12000      51.3646
   12001      51.4121
   12002      49.6700
   12003      46.6518
   12004      50.7020
   12005      51.6712
   12006      50.0617
   12007      47.9621
   12008      48.3568
   12009      48.6644
   12010      51.4031
   12011      50.4780
   12012      48.6304
   12013      45.4070
   12014      48.7521
   12015      46.4991
   12016      50.0503
   12017      47.9125
   12018      49.4874
   12019      48.9681
   12020      51.0595
   12021      52.0717
   12022      50.0919
   12023      53.0052
   12024      52.2953
   12025      54.5922
   12026      54.7592
   12027      50.9795
   12028      56.8272
   12029      51.8975
   12030      55.2434
   12031      54.1462
   12032      55.0871
   12033      52.9824
   12034      51.8228
   12035      54.5810
   12036      60.2129
   12037      55.9294
   12038      56.2303
   12039      57.2939
   12040      60.3791
   12041      59.8350
   12042      60.7820
   12043      54.9526
   12044      55.4331
   12045      53.2588
   12046      52.8922
   12047      50.2307
   12048      46.3117
   12049      49.2792
   12050      47.4930
   12051      51.1344
   12052      48.1019
   12053      46.5049
   12054      46.4110
   12055      47.3134
   12056      50.1191
   12057      50.2638
   12058      46.4690
   12059      45.9065
   12060      50.9728
   12061      48.8196
   12062      46.6388
   12063      47.8575
   12064      49.0057
   12065      53.3073
   12066      54.1753
   12067      53.3452
   12068      55.9201
   12069      50.3462
   12070      47.9142
   12071      46.9208
   12072      45.5617
   12073      42.8683
   12074      40.1879
   12075      40.7550
   12076      44.0501
   12077      40.1478
   12078      40.7418
   12079      39.4948
   12080      40.6731
   12081      42.1130
   12082      40.9016
   12083      41.5223
   12084      44.1597
   12085      39.9079
   12086      41.3439
   12087      41.6896
   12088      42.9096
   12089      44.6139
   12090      47.2783
   12091      46.2488
   12092      43.2388
   12093      46.7693
   12094      45.3427
   12095      46.7273
   12096      45.3053
   12097      42.4883
   12098      41.3376
   12099      44.0877
   12100      48.0694
   12101      49.1171
   12102      53.5308
   12103      48.7046
   12104      51.7176
   12105      51.0774
   12106      45.5692
   12107      39.8480
   12108      51.0308
   12109      53.5455
   12110      49.3580
   12111      46.6613
   12112      45.6768
   12113      50.4351
   12114      47.3257
   12115      50.9381
   12116      48.1630
   12117      52.5775
   12118      51.4143
   12119      50.6340
   12120      50.7321
   12121      49.9727
   12122      58.7337
   12123      62.1983
   12124      58.1120
   12125      54.5959
   12126      58.3058
   12127      55.8797
   12128      55.2970
   12129      54.1875
   12130      54.7986
   12131      57.2068
   12132      54.7352
   12133      51.6362
   12134      49.6063
   12135      53.5703
   12136      56.8412
   12137      58.6907
   12138      51.6194
   12139      52.9568
   12140      52.5302
   12141      57.9713
   12142      51.8883
   12143      55.1490
   12144      55.9208
   12145      48.0619
   12146      52.0751
   12147      48.4581
   12148      47.7980
   12149      44.6362
   12150      50.2808
   12151      51.0273
   12152      48.7829
   12153      46.1326
   12154      43.4880
   12155      49.1525
   12156      51.5605
   12157      51.4231
   12158      52.7053
   12159      49.8491
   12160      51.2400
   12161      52.8942
   12162      52.3566
   12163      50.8769
   12164      55.9030
   12165      55.3071
   12166      56.7405
   12167      52.1493
   12168      48.3048
   12169      46.9175
   12170      47.7429
   12171      51.0054
   12172      48.1045
   12173      46.7779
   12174      47.2622
   12175      41.0211
   12176      45.7933
   12177      49.1396
   12178      47.4650
   12179      45.0316
   12180      43.3946
   12181      44.8122
   12182      43.4923
   12183      46.5299
   12184      43.4355
   12185      46.1761
   12186      48.2274
   12187      41.2506
   12188      41.5995
   12189      47.7175
   12190      44.4593
   12191      43.8383
   12192      43.2791
   12193      43.4608
   12194      48.1037
   12195      46.9382
   12196      51.2930
   12197      52.7945
   12198      49.4627
   12199      47.9563
   12200      48.0188
   12201      49.2463
   12202      48.6389
   12203      51.8807
   12204      46.3222
   12205      46.7265
   12206      49.8329
   12207      51.0081
   12208      45.6990
   12209      43.1461
   12210      46.1020
   12211      46.7050
   12212      45.1313
   12213      42.6807
   12214      42.4396
   12215      48.2682
   12216      43.8299
   12217      45.2070
   12218      48.2435
   12219      46.3350
   12220      48.4885
   12221      48.0676
   12222      50.8572
   12223      44.8383
   12224      46.5951
   12225      42.9758
   12226      46.5337
   12227      50.2693
   12228      49.3871
   12229      49.3924
   12230      48.6868
   12231      49.6977
   12232      50.5356
   12233      53.7612
   12234      55.0884
   12235      48.0235
   12236      48.0572
   12237      46.1822
   12238      45.1825
   12239      46.2042
   12240      50.2270
   12241      44.9365
   12242      41.2664
   12243      46.7524
   12244      48.7398
   12245      47.7396
   12246      53.4820
   12247      47.9130
   12248      36.6995
   12249      39.0588
   12250      40.4696
   12251      40.0703
   12252      45.3096
   12253      45.9969
   12254      52.2679
   12255      52.6554
   12256      53.7438
   12257      50.8777
   12258      48.8014
   12259      48.6156
   12260      52.4861
   12261      48.4593
   12262      51.6201
   12263      50.0120
   12264      43.9437
   12265      44.4548
   12266      41.3444
   12267      37.4549
   12268      43.7535
   12269      47.9651
   12270      51.8163
   12271      55.0816
   12272      50.0887
   12273      48.4356
   12274      45.8623
   12275      48.8267
   12276      51.0548
   12277      51.5647
   12278      52.9542
   12279      48.8494
   12280      47.0839
   12281      46.5206
   12282      48.8564
   12283      42.1140
   12284      46.7812
   12285      50.0301
   12286      48.0153
   12287      47.1398
   12288      47.1913
   12289      50.2544
   12290      48.2122
   12291      48.6312
   12292      45.8852
   12293      45.6157
   12294      45.0583
   12295      43.2269
   12296      42.2544
   12297      45.2312
   12298      53.1463
   12299      51.5828
   12300      48.7934
   12301      48.5443
   12302      53.2879
   12303      54.3053
   12304      51.5295
   12305      54.5371
   12306      50.2468
   12307      51.4941
   12308      44.1509
   12309      44.2681
   12310      50.8235
   12311      53.3325
   12312      57.5049
   12313      59.0253
   12314      60.7165
   12315      50.4107
   12316      54.5995
   12317      54.2619
   12318      49.9707
   12319      48.3250
   12320      53.3831
   12321      55.5827
   12322      53.2830
   12323      55.7554
   12324      51.6392
   12325      49.3079
   12326      49.3038
   12327      49.2291
   12328      49.6049
   12329      46.7112
   12330      48.9484
   12331      51.7088
   12332      47.9537
   12333      46.9804
   12334      50.1236
   12335      45.8920
   12336      45.8797
   12337      45.5708
   12338      46.1052
   12339      47.9059
   12340      48.5249
   12341      50.2769
   12342      45.1742
   12343      52.3187
   12344      57.5074
   12345      56.1809
   12346      58.4801
   12347      53.3565
   12348      48.7447
   12349      50.0082
   12350      52.4828
   12351      46.7313
   12352      41.9612
   12353      42.7430
   12354      38.4634
   12355      33.9316
   12356      40.2856
   12357      51.3268
   12358      47.7079
   12359      48.3948
   12360      42.9388
   12361      46.4170
   12362      43.7171
   12363      39.2046
   12364      45.2184
   12365      49.4879
   12366      48.9004
   12367      43.9257
   12368      43.2934
   12369      45.3938
   12370      52.0164
   12371      51.6229
   12372      53.5709
   12373      55.6940
   12374      50.3251
   12375      54.0203
   12376      47.4985
   12377      47.7591
   12378      46.2293
   12379      45.6076
   12380      47.4210
   12381      50.9783
   12382      44.6463
   12383      45.4806
   12384      51.8266
   12385      48.7223
   12386      43.1983
   12387      44.3796
   12388      44.2136
   12389      41.6807
   12390      39.8775
   12391      38.5044
   12392      36.9108
   12393      40.1843
   12394      42.8895
   12395      42.2681
   12396      39.8270
   12397      51.8758
   12398      53.6313
   12399      53.8721
   12400      53.9015
   12401      53.8497
   12402      50.2393
   12403      52.5069
   12404      54.0379
   12405      48.0500
   12406      40.5653
   12407      39.9897
   12408      45.1767
   12409      40.6649
   12410      40.4401
   12411      44.9526
   12412      51.1567
   12413      53.3614
   12414      54.3775
   12415      49.3163
   12416      48.4619
   12417      50.4595
   12418      51.2537
   12419      53.2546
   12420      53.1853
   12421      56.7430
   12422      58.0746
   12423      58.6258
   12424      58.7615
   12425      61.0929
   12426      58.2679
   12427      58.2283
   12428      55.5708
   12429      48.8786
   12430      46.6424
   12431      48.2546
   12432      45.1888
   12433      43.7224
   12434      50.2656
   12435      52.3901
   12436      47.6303
   12437      51.6546
   12438      49.8607
   12439      47.8219
   12440      49.7869
   12441      43.1995
   12442      49.1584
   12443      46.4823
   12444      44.5872
   12445      46.6362
   12446      48.9545
   12447      48.2833
   12448      51.3330
   12449      56.3630
   12450      57.4829
   12451      54.9371
   12452      51.1962
   12453      48.9226
   12454      50.3867
   12455      47.6052
   12456      44.3583
   12457      50.4911
   12458      53.7303
   12459      53.7820
   12460      51.0326
   12461      52.1265
   12462      50.2680
   12463      48.9990
   12464      50.2430
   12465      48.4476
   12466      45.2568
   12467      46.1613
   12468      46.9404
   12469      46.5308
   12470      47.2729
   12471      45.5974
   12472      44.9538
   12473      46.1021
   12474      44.3659
   12475      42.6691
   12476      45.7685
   12477      50.3726
   12478      42.7567
   12479      41.7695
   12480      47.0756
   12481      43.6641
   12482      49.2336
   12483      45.0755
   12484      42.6664
   12485      46.1588
   12486      44.4779
   12487      39.2855
   12488      42.8686
   12489      40.4187
   12490      37.0436
   12491      36.7677
   12492      38.0047
   12493      44.0456
   12494      42.1968
   12495      44.8552
   12496      41.5933
   12497      46.9467
   12498      44.8802
   12499      45.5834
   12500      49.4827
   12501      50.9541
   12502      52.2082
   12503      49.0548
   12504      51.1737
   12505      49.6866
   12506      50.2386
   12507      46.4818
   12508      49.0433
   12509      43.8545
   12510      46.6368
   12511      48.9339
   12512      53.7368
   12513      53.9192
   12514      50.5998
   12515      52.5574
   12516      49.1360
   12517      44.7875
   12518      44.3918
   12519      45.4985
   12520      43.6590
   12521      48.8006
   12522      51.8477
   12523      49.7718
   12524      47.0896
   12525      47.0264
   12526      48.4756
   12527      43.0144
   12528      41.7699
   12529      46.0568
   12530      51.3081
   12531      53.1998
   12532      54.8775
   12533      50.7195
   12534      48.6772
   12535      47.7034
   12536      50.7587
   12537      49.0209
   12538      48.2318
   12539      46.2577
   12540      50.0985
   12541      58.5580
   12542      53.3474
   12543      49.0859
   12544      51.4955
   12545      51.1861
   12546      54.2055
   12547      56.4139
   12548      54.3884
   12549      54.8186
   12550      50.8504
   12551      52.6432
   12552      52.9211
   12553      52.3971
   12554      46.9217
   12555      46.3494
   12556      45.4990
   12557      44.2649
   12558      49.2528
   12559      44.8363
   12560      47.4563
   12561      57.1638
   12562      57.9780
   12563      57.9610
   12564      54.9856
   12565      50.7762
   12566      55.0422
   12567      50.3586
   12568      50.7661
   12569      51.6688
   12570      54.0307
   12571      61.3524
   12572      56.7202
   12573      55.1351
   12574      58.2524
   12575      58.8667
   12576      56.0957
   12577      58.8068
   12578      54.5789
   12579      54.6084
   12580      54.9697
   12581      45.4723
   12582      51.9135
   12583      52.3592
   12584      53.3876
   12585      53.4817
   12586      56.4070
   12587      51.5491
   12588      47.2113
   12589      51.9809
   12590      50.0420
   12591      54.1152
   12592      52.6014
   12593      52.5354
   12594      52.8744
   12595      57.1297
   12596      58.6283
   12597      60.5530
   12598      61.6346
   12599      57.8600
   12600      60.4094
   12601      57.3904
   12602      62.1147
   12603      61.1723
   12604      59.9502
   12605      58.2849
   12606      51.2794
   12607      52.5660
   12608      51.3235
   12609      54.1698
   12610      52.2215
   12611      49.4044
   12612      51.0066
   12613      52.7458
   12614      54.8645
   12615      56.0206
   12616      53.7826
   12617      53.0038
   12618      47.9841
   12619      45.7831
   12620      46.4659
   12621      44.1188
   12622      43.5232
   12623      41.6050
   12624      38.3665
   12625      38.2345
   12626      46.7060
   12627      44.8948
   12628      49.1792
   12629      49.7928
   12630      49.3359
   12631      47.6683
   12632      49.9510
   12633      41.3684
   12634      48.9371
   12635      49.6707
   12636      45.8504
   12637      48.0417
   12638      50.8525
   12639      51.2092
   12640      50.0498
   12641      52.2071
   12642      50.2252
   12643      49.4601
   12644      50.9057
   12645      53.9504
   12646      51.6639
   12647      54.0211
   12648      50.0620
   12649      50.1751
   12650      50.5431
   12651      50.7990
   12652      47.9671
   12653      52.0998
   12654      51.7525
   12655      55.7702
   12656      50.3317
   12657      56.1740
   12658      53.8467
   12659      55.1266
   12660      55.5238
   12661      59.6315
   12662      59.1921
   12663      56.5155
   12664      61.8046
   12665      59.0829
   12666      62.3833
   12667      62.5888
   12668      57.8682
   12669      58.7962
   12670      56.4238
   12671      59.5762
   12672      56.9787
   12673      56.3048
   12674      56.6956
   12675      52.7196
   12676      51.5282
   12677      51.8806
   12678      51.3484
   12679      49.3460
   12680      46.0272
   12681      47.0383
   12682      47.8353
   12683      41.0559
   12684      41.1224
   12685      44.9337
   12686      45.1642
   12687      43.3750
   12688      45.7520
   12689      43.9196
   12690      41.8002
   12691      39.3645
   12692      46.3083
   12693      46.2286
   12694      42.4994
   12695      48.8390
   12696      51.9730
   12697      48.7996
   12698      51.6319
   12699      52.9329
   12700      50.7711
   12701      44.4816
   12702      50.2416
   12703      44.3419
   12704      43.2590
   12705      42.2237
   12706      45.5949
   12707      42.1166
   12708      41.8410
   12709      44.3390
   12710      46.5831
   12711      46.0726
   12712      48.4282
   12713      49.3866
   12714      44.2279
   12715      48.3292
   12716      47.3022
   12717      46.3063
   12718      43.7840
   12719      46.8613
   12720      49.1869
   12721      46.8834
   12722      44.7794
   12723      43.7912
   12724      41.3633
   12725      43.4204
   12726      44.7089
   12727      47.5877
   12728      48.1198
   12729      50.2531
   12730      50.4240
   12731      49.8985
   12732      51.7609
   12733      50.4099
   12734      49.3143
   12735      48.5821
   12736      53.7530
   12737      51.5375
   12738      51.2652
   12739      50.4437
   12740      49.1608
   12741      47.1130
   12742      47.5674
   12743      48.4286
   12744      45.7083
   12745      37.8704
   12746      44.8928
   12747      51.8526
   12748      51.4939
   12749      51.2965
   12750      52.8102
   12751      58.0766
   12752      55.0265
   12753      48.6132
   12754      50.1349
   12755      51.0536
   12756      49.7726
   12757      50.7771
   12758      52.5489
   12759      54.4078
   12760      48.7884
   12761      50.0176
   12762      48.4391
   12763      48.7876
   12764      43.9416
   12765      41.8635
   12766      40.5911
   12767      42.5625
   12768      41.9878
   12769      39.1152
   12770      36.7519
   12771      42.6379
   12772      45.7765
   12773      49.9165
   12774      50.0855
   12775      46.4541
   12776      44.6116
   12777      42.1719
   12778      42.7112
   12779      42.2164
   12780      51.1668
   12781      48.7134
   12782      52.0838
   12783      51.6556
   12784      48.3774
   12785      49.6146
   12786      53.3555
   12787      56.4624
   12788      52.0877
   12789      51.4290
   12790      46.9286
   12791      49.0932
   12792      46.5324
   12793      50.0805
   12794      47.7060
   12795      44.9313
   12796      43.9475
   12797      40.0946
   12798      44.5380
   12799      44.1299
   12800      44.6304
   12801      44.5973
   12802      50.0743
   12803      44.8551
   12804      46.7828
   12805      47.4900
   12806      46.1667
   12807      47.3756
   12808      48.8499
   12809      43.7461
   12810      44.9300
   12811      45.2089
   12812      48.8799
   12813      44.7654
   12814      42.3186
   12815      41.3617
   12816      43.6615
   12817      43.7199
   12818      42.0698
   12819      46.5078
   12820      44.3323
   12821      46.4710
   12822      48.6093
   12823      52.0193
   12824      53.2683
   12825      51.1871
   12826      47.5946
   12827      47.7834
   12828      48.1494
   12829      47.4289
   12830      46.1157
   12831      48.1506
   12832      50.7963
   12833      54.7521
   12834      50.5863
   12835      45.5008
   12836      49.0871
   12837      51.2071
   12838      51.0472
   12839      54.2286
   12840      54.6471
   12841      53.4404
   12842      52.8049
   12843      47.3779
   12844      46.0823
   12845      49.4259
   12846      52.0639
   12847      51.7355
   12848      52.2714
   12849      56.3872
   12850      58.0644
   12851      56.9945
   12852      53.5859
   12853      50.3284
   12854      49.9962
   12855      44.6634
   12856      45.5466
   12857      44.8790
   12858      44.2966
   12859      48.9248
   12860      55.9697
   12861      53.5722
   12862      53.5073
   12863      53.5327
   12864      56.3432
   12865      58.8134
   12866      57.3207
   12867      52.6428
   12868      52.4960
   12869      52.2762
   12870      48.1285
   12871      50.3062
   12872      53.3452
   12873      57.3681
   12874      56.3499
   12875      58.3394
   12876      52.3714
   12877      49.4255
   12878      49.6218
   12879      48.8088
   12880      49.7749
   12881      48.5678
   12882      48.4522
   12883      51.5559
   12884      51.4211
   12885      53.9435
   12886      53.1167
   12887      49.4261
   12888      48.2273
   12889      50.3944
   12890      51.2357
   12891      51.8455
   12892      52.4208
   12893      55.1624
   12894      50.3955
   12895      47.4858
   12896      49.9733
   12897      53.6522
   12898      58.9967
   12899      57.4721
   12900      55.5279
   12901      55.6131
   12902      56.4473
   12903      53.6161
   12904      49.1288
   12905      50.8936
   12906      50.5636
   12907      48.4681
   12908      52.7268
   12909      51.9449
   12910      52.4198
   12911      50.3537
   12912      52.0248
   12913      46.0012
   12914      51.1979
   12915      48.1305
   12916      40.1790
   12917      49.0545
   12918      49.4041
   12919      50.3792
   12920      51.6637
   12921      48.2722
   12922      51.6347
   12923      46.7392
   12924      43.4868
   12925      43.5277
   12926      47.1903
   12927      52.7856
   12928      50.0954
   12929      53.4457
   12930      52.3456
   12931      55.9514
   12932      54.6203
   12933      50.0653
   12934      49.2305
   12935      49.8088
   12936      52.0820
   12937      51.5552
   12938      56.3397
   12939      53.2270
   12940      52.6769
   12941      56.7643
   12942      58.3977
   12943      51.8431
   12944      53.6651
   12945      60.9740
   12946      57.2023
   12947      54.1861
   12948      54.3433
   12949      53.0944
   12950      57.2371
   12951      56.1447
   12952      54.5686
   12953      51.5740
   12954      54.2878
   12955      54.0771
   12956      52.3834
   12957      51.1834
   12958      50.2033
   12959      49.6246
   12960      47.9042
   12961      45.6029
   12962      49.0721
   12963      52.0667
   12964      50.8006
   12965      46.1156
   12966      45.5589
   12967      47.2403
   12968      48.0830
   12969      47.4799
   12970      48.5842
   12971      50.0763
   12972      45.0707
   12973      47.4364
   12974      51.8800
   12975      46.2953
   12976      50.7625
   12977      55.7848
   12978      54.5689
   12979      49.7610
   12980      46.3419
   12981      45.4627
   12982      52.6143
   12983      53.8600
   12984      55.2203
   12985      46.0205
   12986      51.6822
   12987      48.1847
   12988      48.0437
   12989      42.2586
   12990      44.2175
   12991      43.3590
   12992      40.4493
   12993      43.7421
   12994      49.4745
   12995      53.0494
   12996      55.9970
   12997      58.7085
   12998      62.5849
   12999      59.4925
   13000      59.8143
   13001      56.9924
   13002      58.0945
   13003      56.4470
   13004      61.3821
   13005      59.2555
   13006      60.6765
   13007      58.0341
   13008      54.9378
   13009      46.7792
   13010      54.3907
   13011      55.3152
   13012      57.3413
   13013      55.3171
   13014      52.8104
   13015      50.1216
   13016      48.3950
   13017      50.2868
   13018      48.6676
   13019      53.3491
   13020      53.2090
   13021      52.7128
   13022      53.7473
   13023      53.8627
   13024      49.1813
   13025      46.0628
   13026      50.0501
   13027      51.0271
   13028      52.5047
   13029      51.3778
   13030      55.0335
   13031      60.7510
   13032      61.7114
   13033      58.9526
   13034      57.1267
   13035      51.8899
   13036      53.7797
   13037      59.6504
   13038      58.6945
   13039      54.5907
   13040      52.1271
   13041      53.3732
   13042      51.1830
   13043      55.3467
   13044      54.3668
   13045      50.4605
   13046      50.8961
   13047      53.7976
   13048      60.5965
   13049      58.1637
   13050      56.6089
   13051      55.0757
   13052      56.1935
   13053      56.8872
   13054      52.6740
   13055      53.0447
   13056      48.0363
   13057      49.8560
   13058      49.7537
   13059      52.1805
   13060      52.9546
   13061      52.1329
   13062      55.2064
   13063      57.8134
   13064      58.1700
   13065      57.1864
   13066      49.6675
   13067      46.4789
   13068      52.5147
   13069      45.9315
   13070      47.7896
   13071      47.6689
   13072      48.7646
   13073      49.9816
   13074      49.9359
   13075      48.5852
   13076      47.3548
   13077      44.7402
   13078      45.8098
   13079      45.1764
   13080      49.7522
   13081      48.7880
   13082      46.3838
   13083      49.9433
   13084      49.9346
   13085      47.4602
   13086      48.5417
   13087      49.7827
   13088      50.9414
   13089      54.2859
   13090      54.5664
   13091      52.1371
   13092      54.1140
   13093      50.3872
   13094      51.4926
   13095      54.2173
   13096      55.2771
   13097      55.3102
   13098      53.3258
   13099      54.7825
   13100      55.6403
   13101      50.5216
   13102      52.5761
   13103      51.5735
   13104      55.6789
   13105      54.3571
   13106      51.6558
   13107      53.7481
   13108      52.7383
   13109      56.9002
   13110      54.1100
   13111      50.1405
   13112      49.7945
   13113      52.1726
   13114      51.6421
   13115      47.6091
   13116      46.9887
   13117      47.4948
   13118      43.8511
   13119      44.5554
   13120      49.7094
   13121      48.0411
   13122      45.3915
   13123      46.5689
   13124      49.0173
   13125      45.5006
   13126      44.1973
   13127      46.3901
   13128      47.2168
   13129      47.4364
   13130      45.8187
   13131      50.0906
   13132      52.9748
   13133      49.5817
   13134      42.0049
   13135      46.8988
   13136      52.4830
   13137      51.4797
   13138      46.0510
   13139      47.1193
   13140      48.7690
   13141      45.2366
   13142      51.1574
   13143      48.8832
   13144      49.1919
   13145      46.9256
   13146      50.0978
   13147      52.0159
   13148      51.2924
   13149      46.1253
   13150      50.8399
   13151      56.5931
   13152      57.2113
   13153      54.6281
   13154      48.6314
   13155      47.4356
   13156      48.2201
   13157      48.7366
   13158      48.3931
   13159      48.1355
   13160      54.8229
   13161      49.4944
   13162      48.6335
   13163      53.0150
   13164      52.7720
   13165      47.9175
   13166      47.3498
   13167      48.6804
   13168      48.3073
   13169      43.1067
   13170      46.4200
   13171      43.6100
   13172      42.7528
   13173      44.3013
   13174      47.7296
   13175      41.8423
   13176      41.8816
   13177      40.0162
   13178      45.0162
   13179      52.2698
   13180      51.2746
   13181      50.2953
   13182      50.1339
   13183      50.6212
   13184      49.7290
   13185      49.1991
   13186      57.2694
   13187      57.5678
   13188      57.8205
   13189      54.8701
   13190      51.7058
   13191      53.2383
   13192      48.3114
   13193      45.3697
   13194      40.7288
   13195      43.7745
   13196      46.7479
   13197      44.1579
   13198      46.9316
   13199      42.7525
   13200      44.9378
   13201      47.1505
   13202      44.2849
   13203      43.4619
   13204      44.3822
   13205      43.3995
   13206      44.0418
   13207      48.9497
   13208      43.8322
   13209      46.1373
   13210      51.9707
   13211      53.4021
   13212      54.8691
   13213      51.5525
   13214      47.8985
   13215      41.2836
   13216      43.7801
   13217      48.0606
   13218      47.5589
   13219      45.7258
   13220      42.7373
   13221      41.6156
   13222      46.7027
   13223      50.9460
   13224      49.1169
   13225      45.3367
   13226      49.2793
   13227      53.4644
   13228      50.5829
   13229      48.0443
   13230      43.9366
   13231      51.7576
   13232      50.4728
   13233      54.7355
   13234      54.8531
   13235      50.5733
   13236      56.4574
   13237      62.8050
   13238      59.4981
   13239      53.8084
   13240      57.5634
   13241      56.1910
   13242      54.2609
   13243      55.2789
   13244      53.9697
   13245      48.5399
   13246      52.2971
   13247      52.5827
   13248      46.1165
   13249      46.7233
   13250      46.0760
   13251      45.3497
   13252      44.7285
   13253      46.3934
   13254      45.6218
   13255      39.9973
   13256      40.1281
   13257      43.6239
   13258      39.2448
   13259      44.7545
   13260      44.2063
   13261      51.6557
   13262      52.4406
   13263      51.8469
   13264      57.3003
   13265      54.5803
   13266      54.0613
   13267      50.5339
   13268      51.9248
   13269      45.2124
   13270      44.8618
   13271      42.8272
   13272      46.8941
   13273      46.7137
   13274      47.3293
   13275      42.2331
   13276      45.5560
   13277      54.3414
   13278      50.9741
   13279      50.5748
   13280      48.4492
   13281      49.6860
   13282      52.9294
   13283      53.0856
   13284      51.3541
   13285      42.4550
   13286      38.2402
   13287      43.0864
   13288      43.2016
   13289      38.6935
   13290      41.1389
   13291      45.6510
   13292      46.2877
   13293      45.5872
   13294      44.6660
   13295      43.2365
   13296      33.5131
   13297      34.3928
   13298      38.2086
   13299      41.6625
   13300      47.6132
   13301      50.1113
   13302      53.2969
   13303      49.0358
   13304      49.2777
   13305      51.3766
   13306      49.0188
   13307      46.7569
   13308      47.0659
   13309      44.6107
   13310      51.4098
   13311      54.5633
   13312      55.0141
   13313      47.9672
   13314      50.6152
   13315      52.3978
   13316      49.5700
   13317      52.5081
   13318      47.1464
   13319      49.2502
   13320      47.5460
   13321      40.8222
   13322      46.1670
   13323      49.8276
   13324      52.8416
   13325      53.5989
   13326      54.6568
   13327      55.8540
   13328      57.4311
   13329      55.6993
   13330      54.3959
   13331      53.9794
   13332      53.9985
   13333      55.8170
   13334      57.8073
   13335      56.5292
   13336      53.2484
   13337      52.3483
   13338      50.6997
   13339      47.4273
   13340      52.7065
   13341      50.7059
   13342      56.3510
   13343      54.0385
   13344      57.3182
   13345      53.4978
   13346      54.9866
   13347      57.2139
   13348      54.5266
   13349      52.0354
   13350      45.1449
   13351      47.8297
   13352      47.2409
   13353      52.8387
   13354      55.0086
   13355      50.2191
   13356      56.0095
   13357      50.0480
   13358      53.2216
   13359      51.1784
   13360      48.8232
   13361      46.9795
   13362      49.2784
   13363      48.8088
   13364      49.1508
   13365      53.9304
   13366      53.6293
   13367      54.5098
   13368      53.9391
   13369      52.1692
   13370      49.6503
   13371      49.7194
   13372      46.0457
   13373      50.4469
   13374      49.8538
   13375      50.9686
   13376      48.8863
   13377      48.3401
   13378      49.1283
   13379      53.2389
   13380      55.6442
   13381      53.6573
   13382      49.3495
   13383      48.8663
   13384      49.3200
   13385      50.7424
   13386      43.5335
   13387      49.1178
   13388      44.7398
   13389      38.2045
   13390      39.9568
   13391      40.3803
   13392      41.0251
   13393      41.0582
   13394      42.3069
   13395      41.9639
   13396      42.5801
   13397      44.3670
   13398      49.9922
   13399      52.7644
   13400      53.5027
   13401      57.0799
   13402      55.3831
   13403      51.9118
   13404      52.5028
   13405      56.2218
   13406      57.6218
   13407      55.6183
   13408      57.4956
   13409      57.7613
   13410      53.7507
   13411      55.8952
   13412      56.1491
   13413      61.8926
   13414      57.0114
   13415      52.6945
   13416      55.7844
   13417      52.5454
   13418      53.8603
   13419      52.0234
   13420      48.9008
   13421      46.3311
   13422      42.3676
   13423      48.5737
   13424      44.8665
   13425      50.4350
   13426      51.4714
   13427      51.5796
   13428      58.6197
   13429      60.7945
   13430      54.2255
   13431      52.9208
   13432      47.9120
   13433      46.7037
   13434      49.7209
   13435      51.7982
   13436      52.7345
   13437      47.6465
   13438      44.5453
   13439      46.3947
   13440      45.4388
   13441      51.0294
   13442      51.4791
   13443      50.3865
   13444      48.4699
   13445      49.4323
   13446      52.0626
   13447      45.6318
   13448      43.9645
   13449      40.9811
   13450      42.1016
   13451      39.5653
   13452      45.6529
   13453      46.9664
   13454      49.6065
   13455      51.7167
   13456      54.0564
   13457      49.3643
   13458      49.8788
   13459      46.8511
   13460      43.7970
   13461      41.5880
   13462      41.3996
   13463      45.9489
   13464      44.2158
   13465      45.7843
   13466      51.7615
   13467      49.2784
   13468      42.8904
   13469      48.4892
   13470      45.6961
   13471      46.5386
   13472      48.4573
   13473      52.9847
   13474      54.4676
   13475      55.0864
   13476      52.6502
   13477      51.0199
   13478      53.1472
   13479      56.7208
   13480      54.7400
   13481      49.3983
   13482      48.0081
   13483      47.2208
   13484      45.9334
   13485      48.9202
   13486      49.2225
   13487      51.2543
   13488      46.4693
   13489      42.7652
   13490      43.3809
   13491      46.8652
   13492      48.0650
   13493      52.6147
   13494      56.1817
   13495      56.2032
   13496      56.6268
   13497      56.4291
   13498      55.0334
   13499      47.0931
   13500      51.0594
   13501      51.5365
   13502      51.5323
   13503      47.7445
   13504      43.0275
   13505      36.9013
   13506      36.4272
   13507      41.1495
   13508      41.6309
   13509      41.2562
   13510      40.2335
   13511      41.7423
   13512      37.2031
   13513      41.5420
   13514      38.7409
   13515      37.7031
   13516      39.8396
   13517      46.1149
   13518      43.8669
   13519      40.0608
   13520      37.2646
   13521      38.7544
   13522      44.2215
   13523      45.6049
   13524      44.7753
   13525      45.7819
   13526      45.4423
   13527      43.6999
   13528      40.0117
   13529      41.1049
   13530      39.8636
   13531      37.9739
   13532      43.0513
   13533      45.0141
   13534      41.2223
   13535      41.9041
   13536      43.1573
   13537      43.4733
   13538      41.7593
   13539      53.3430
   13540      53.9537
   13541      49.9395
   13542      54.5712
   13543      57.6277
   13544      58.3130
   13545      60.3706
   13546      58.4549
   13547      52.3812
   13548      50.3073
   13549      47.0038
   13550      48.7708
   13551      52.9124
   13552      53.4889
   13553      49.6772
   13554      45.9092
   13555      46.0817
   13556      46.6042
   13557      44.8324
   13558      40.8737
   13559      40.1231
   13560      42.7507
   13561      43.8143
   13562      40.8302
   13563      40.3184
   13564      42.6291
   13565      46.1721
   13566      46.7169
   13567      54.0570
   13568      53.4740
   13569      55.1246
   13570      54.2361
   13571      52.6671
   13572      45.4073
   13573      50.6233
   13574      51.3865
   13575      47.4182
   13576      45.8708
   13577      48.1538
   13578      48.0287
   13579      50.9256
   13580      49.0673
   13581      46.9512
   13582      46.3470
   13583      50.4556
   13584      47.8069
   13585      53.6069
   13586      54.5195
   13587      57.1187
   13588      52.8408
   13589      48.3194
   13590      46.7513
   13591      46.7640
   13592      51.2967
   13593      58.2895
   13594      53.1470
   13595      55.3963
   13596      54.9545
   13597      53.2701
   13598      47.2597
   13599      49.1383
   13600      46.8109
   13601      49.7515
   13602      50.6789
   13603      51.6943
   13604      51.8802
   13605      53.7528
   13606      50.5354
   13607      51.1872
   13608      48.8334
   13609      45.8326
   13610      50.5046
   13611      47.3806
   13612      44.7458
   13613      43.4634
   13614      44.8255
   13615      48.0232
   13616      51.1073
   13617      58.2272
   13618      57.8561
   13619      58.1586
   13620      63.4431
   13621      56.5631
   13622      55.4709
   13623      55.6232
   13624      50.9642
   13625      47.9033
   13626      47.9864
   13627      53.1557
   13628      48.5873
   13629      45.7479
   13630      43.5167
   13631      43.9544
   13632      43.8963
   13633      48.8592
   13634      50.4518
   13635      50.8070
   13636      49.5589
   13637      45.2615
   13638      49.3930
   13639      45.7107
   13640      45.4594
   13641      42.1428
   13642      46.4131
   13643      44.3829
   13644      47.4841
   13645      51.6289
   13646      56.2091
   13647      53.3334
   13648      55.4651
   13649      54.8798
   13650      52.8250
   13651      53.3711
   13652      51.4821
   13653      52.4662
   13654      49.3610
   13655      52.3419
   13656      54.5146
   13657      55.0610
   13658      53.9813
   13659      50.7363
   13660      56.5587
   13661      54.4595
   13662      56.0281
   13663      58.5706
   13664      53.4601
   13665      53.7617
   13666      54.8608
   13667      52.7485
   13668      51.4545
   13669      51.2920
   13670      52.5667
   13671      53.7885
   13672      56.4542
   13673      61.4333
   13674      58.1761
   13675      59.7788
   13676      53.0268
   13677      58.9538
   13678      56.4924
   13679      58.3807
   13680      59.9530
   13681      56.8132
   13682      55.5239
   13683      59.6719
   13684      53.1102
   13685      53.4398
   13686      51.5427
   13687      47.5125
   13688      44.9671
   13689      44.7287
   13690      46.5334
   13691      48.4691
   13692      54.3949
   13693      55.6525
   13694      53.3222
   13695      53.0804
   13696      50.0942
   13697      44.3036
   13698      40.1569
   13699      44.5321
   13700      45.7120
   13701      43.4467
   13702      45.2936
   13703      50.7603
   13704      47.5048
   13705      48.8019
   13706      47.7068
   13707      44.8312
   13708      46.6947
   13709      49.0336
   13710      46.7886
   13711      42.3063
   13712      42.0880
   13713      45.6358
   13714      49.1182
   13715      53.4360
   13716      52.3492
   13717      51.4257
   13718      48.9781
   13719      52.7170
   13720      52.2989
   13721      52.3605
   13722      52.1405
   13723      50.1465
   13724      55.8641
   13725      53.5572
   13726      54.7105
   13727      57.7241
   13728      56.3426
   13729      55.4879
   13730      54.8467
   13731      50.0793
   13732      50.2581
   13733      52.0429
   13734      49.9986
   13735      51.6348
   13736      52.4291
   13737      52.5586
   13738      51.0892
   13739      50.9710
   13740      52.9740
   13741      48.5188
   13742      47.3780
   13743      51.6083
   13744      47.8704
   13745      51.3909
   13746      52.7827
   13747      50.1993
   13748      50.3711
   13749      50.3182
   13750      52.7352
   13751      52.9577
   13752      54.5609
   13753      55.2136
   13754      50.7882
   13755      47.4412
   13756      41.7152
   13757      50.6381
   13758      51.0925
   13759      49.8527
   13760      48.0661
   13761      50.4675
   13762      55.0854
   13763      52.5897
   13764      49.7773
   13765      54.5702
   13766      62.4351
   13767      60.6321
   13768      57.6868
   13769      51.3789
   13770      43.9236
   13771      43.7736
   13772      47.6065
   13773      56.8897
   13774      61.2958
   13775      57.2991
   13776      57.1931
   13777      55.7339
   13778      51.6693
   13779      53.4598
   13780      56.6191
   13781      49.1550
   13782      47.9004
   13783      48.1858
   13784      47.8988
   13785      49.4237
   13786      51.2954
   13787      52.9166
   13788      51.2184
   13789      54.3379
   13790      56.8631
   13791      51.7002
   13792      48.4948
   13793      51.4833
   13794      52.0156
   13795      50.3839
   13796      50.9247
   13797      50.9862
   13798      52.5368
   13799      52.4072
   13800      49.7133
   13801      41.4710
   13802      39.8186
   13803      42.2772
   13804      44.7324
   13805      48.7117
   13806      50.2261
   13807      53.0584
   13808      53.7895
   13809      51.7436
   13810      47.6053
   13811      49.4236
   13812      53.7355
   13813      56.0742
   13814      53.2209
   13815      48.3601
   13816      43.7358
   13817      37.8569
   13818      39.8137
   13819      45.2937
   13820      46.2259
   13821      45.9009
   13822      46.6343
   13823      48.2484
   13824      46.8155
   13825      47.7401
   13826      48.7764
   13827      48.1250
   13828      53.7398
   13829      52.5137
   13830      47.3723
   13831      45.7249
   13832      43.0850
   13833      47.5811
   13834      53.6200
   13835      53.4145
   13836      60.4164
   13837      56.6499
   13838      52.0963
   13839      50.3803
   13840      54.0577
   13841      54.5072
   13842      58.1365
   13843      57.4964
   13844      59.1021
   13845      59.6576
   13846      57.5418
   13847      58.9140
   13848      60.5745
   13849      59.7695
   13850      59.4921
   13851      53.9679
   13852      58.4599
   13853      65.2735
   13854      68.9346
   13855      64.9333
   13856      67.5055
   13857      63.6757
   13858      65.9484
   13859      70.9415
   13860      68.6216
   13861      67.7049
   13862      73.6111
   13863      69.5657
   13864      72.1323
   13865      70.4762
   13866      62.5792
   13867      67.3985
   13868      65.5737
   13869      60.5174
   13870      55.8885
   13871      53.4830
   13872      52.6120
   13873      52.3115
   13874      47.7393
   13875      52.4501
   13876      46.6357
   13877      47.0872
   13878      45.3231
   13879      43.2774
   13880      45.1529
   13881      41.6701
   13882      44.1607
   13883      48.1446
   13884      50.3509
   13885      57.2460
   13886      58.1546
   13887      57.4856
   13888      57.9341
   13889      60.6529
   13890      54.9895
   13891      53.6010
   13892      53.4402
   13893      54.4614
   13894      56.3099
   13895      51.7988
   13896      48.4748
   13897      49.0405
   13898      55.4322
   13899      48.5950
   13900      56.9711
   13901      54.3648
   13902      56.0963
   13903      50.0131
   13904      46.4901
   13905      53.1464
   13906      48.1816
   13907      49.3331
   13908      51.7338
   13909      51.0226
   13910      50.0051
   13911      49.4211
   13912      51.7944
   13913      55.4999
   13914      59.1715
   13915      60.5884
   13916      58.6266
   13917      55.0129
   13918      58.1177
   13919      57.2200
   13920      54.3142
   13921      54.0663
   13922      52.5451
   13923      50.1364
   13924      48.7108
   13925      51.0281
   13926      57.1645
   13927      56.3558
   13928      56.0596
   13929      62.6157
   13930      56.8339
   13931      50.7521
   13932      50.2927
   13933      52.9289
   13934      52.3173
   13935      50.0128
   13936      49.0752
   13937      55.1218
   13938      58.1190
   13939      62.1642
   13940      59.0941
   13941      54.2431
   13942      54.4894
   13943      56.6795
   13944      54.9023
   13945      51.7228
   13946      47.6639
   13947      51.1075
   13948      53.7518
   13949      50.2607
   13950      46.5367
   13951      45.7722
   13952      52.2350
   13953      47.7049
   13954      46.0760
   13955      48.9798
   13956      44.2300
   13957      50.8763
   13958      49.6018
   13959      47.8620
   13960      49.5742
   13961      47.4095
   13962      53.8376
   13963      53.0580
   13964      51.2562
   13965      51.3852
   13966      50.0316
   13967      48.6472
   13968      46.7049
   13969      44.7494
   13970      45.2817
   13971      48.9107
   13972      48.2278
   13973      51.7099
   13974      50.5014
   13975      52.6639
   13976      52.5965
   13977      52.1160
   13978      55.8908
   13979      56.9787
   13980      61.5019
   13981      58.4803
   13982      50.8419
   13983      50.4862
   13984      49.1889
   13985      48.8994
   13986      47.2980
   13987      44.7950
   13988      47.1991
   13989      44.1826
   13990      38.5542
   13991      40.6371
   13992      40.9566
   13993      45.7145
   13994      43.5015
   13995      44.9930
   13996      38.6518
   13997      38.8218
   13998      41.6143
   13999      44.5213
   14000      45.6029
   14001      48.4821
   14002      46.1480
   14003      43.6682
   14004      43.0601
   14005      40.8964
   14006      40.0943
   14007      42.6606
   14008      43.9913
   14009      41.9203
   14010      44.0910
   14011      46.5498
   14012      50.5400
   14013      48.3806
   14014      43.9716
   14015      49.0821
   14016      47.1746
   14017      46.3469
   14018      45.7564
   14019      43.3374
   14020      45.3747
   14021      50.1300
   14022      46.8618
   14023      54.6074
   14024      52.7402
   14025      50.9578
   14026      57.1562
   14027      51.0269
   14028      53.6350
   14029      52.3984
   14030      51.1164
   14031      55.3872
   14032      54.3715
   14033      47.7452
   14034      46.0902
   14035      47.2675
   14036      45.4790
   14037      46.4802
   14038      43.1563
   14039      43.8502
   14040      42.0245
   14041      46.8045
   14042      45.2657
   14043      50.8200
   14044      48.7725
   14045      50.4043
   14046      54.8047
   14047      56.0800
   14048      53.7428
   14049      59.0355
   14050      55.0308
   14051      51.4632
   14052      53.4878
   14053      57.4367
   14054      53.8389
   14055      51.4347
   14056      48.7681
   14057      52.3519
   14058      47.4482
   14059      46.4006
   14060      52.6547
   14061      52.6129
   14062      48.4020
   14063      47.0606
   14064      50.0621
   14065      47.2054
   14066      44.6413
   14067      43.9933
   14068      43.8822
   14069      48.5605
   14070      47.9755
   14071      46.7367
   14072      41.1440
   14073      47.3571
   14074      46.3227
   14075      54.6383
   14076      51.5726
   14077      49.3987
   14078      50.0780
   14079      50.0985
   14080      54.5859
   14081      54.6993
   14082      60.6699
   14083      60.5520
   14084      59.0386
   14085      59.1895
   14086      64.1482
   14087      61.9522
   14088      50.2300
   14089      51.5684
   14090      49.0281
   14091      49.3994
   14092      48.4357
   14093      47.2065
   14094      48.7869
   14095      56.4530
   14096      52.8228
   14097      57.1606
   14098      53.1872
   14099      51.4504
   14100      52.0565
   14101      50.1084
   14102      51.1094
   14103      48.3239
   14104      47.2738
   14105      49.8866
   14106      50.5952
   14107      50.3122
   14108      39.6860
   14109      45.7756
   14110      49.9622
   14111      51.2888
   14112      54.2312
   14113      54.0249
   14114      53.8533
   14115      50.6524
   14116      48.7611
   14117      51.2926
   14118      46.3088
   14119      52.1028
   14120      55.8555
   14121      55.4500
   14122      52.9537
   14123      47.0699
   14124      46.0269
   14125      45.8007
   14126      44.6727
   14127      46.7324
   14128      42.4007
   14129      44.2799
   14130      44.2811
   14131      46.5012
   14132      50.8124
   14133      48.7421
   14134      48.1110
   14135      48.5255
   14136      46.8230
   14137      46.2266
   14138      50.3015
   14139      50.5572
   14140      49.9177
   14141      46.6395
   14142      45.1064
   14143      45.6751
   14144      44.9913
   14145      44.7713
   14146      49.7847
   14147      48.5431
   14148      48.7579
   14149      45.2808
   14150      47.3246
   14151      44.1857
   14152      36.7873
   14153      43.3845
   14154      43.8426
   14155      41.4762
   14156      42.7055
   14157      46.6919
   14158      43.6542
   14159      45.6943
   14160      47.1603
   14161      42.5781
   14162      39.7587
   14163      41.7592
   14164      45.4976
   14165      49.9897
   14166      49.2278
   14167      50.0359
   14168      45.7881
   14169      48.8228
   14170      49.3397
   14171      47.1116
   14172      40.5644
   14173      45.9331
   14174      41.3108
   14175      45.1508
   14176      44.4391
   14177      38.4221
   14178      41.9388
   14179      47.5841
   14180      47.3893
   14181      49.3018
   14182      50.8409
   14183      50.5060
   14184      50.1036
   14185      52.6086
   14186      42.4467
   14187      39.9262
   14188      39.5721
   14189      40.2540
   14190      42.9780
   14191      39.4966
   14192      42.2897
   14193      39.5598
   14194      43.2348
   14195      45.7235
   14196      50.3912
   14197      46.4980
   14198      36.2982
   14199      35.9748
   14200      50.3783
   14201      49.2269
   14202      43.4617
   14203      44.4593
   14204      39.7211
   14205      38.3939
   14206      41.7918
   14207      44.0683
   14208      51.9916
   14209      51.0437
   14210      50.3318
   14211      51.6890
   14212      49.0004
   14213      49.3562
   14214      47.7622
   14215      51.3896
   14216      54.7465
   14217      54.7630
   14218      51.1100
   14219      53.9066
   14220      56.1784
   14221      58.7609
   14222      59.1493
   14223      60.0226
   14224      54.0216
   14225      53.6187
   14226      54.9615
   14227      49.6294
   14228      47.3665
   14229      52.9977
   14230      53.3309
   14231      52.2190
   14232      46.0292
   14233      51.5634
   14234      51.4649
   14235      49.1070
   14236      53.1085
   14237      50.5277
   14238      56.3476
   14239      59.4006
   14240      53.1093
   14241      52.0820
   14242      48.4461
   14243      49.2453
   14244      48.3191
   14245      44.6388
   14246      47.1997
   14247      51.0916
   14248      49.3199
   14249      48.3779
   14250      47.5948
   14251      48.1466
   14252      43.0561
   14253      45.8423
   14254      47.3711
   14255      51.6427
   14256      41.2549
   14257      40.8874
   14258      45.5413
   14259      44.3525
   14260      46.8959
   14261      50.9901
   14262      52.4471
   14263      56.1747
   14264      51.7547
   14265      48.9216
   14266      43.5191
   14267      39.5057
   14268      45.0038
   14269      40.8626
   14270      43.3469
   14271      46.3326
   14272      46.8980
   14273      50.0332
   14274      55.1874
   14275      55.1741
   14276      52.8142
   14277      52.1599
   14278      48.1385
   14279      54.4184
   14280      52.3791
   14281      51.0911
   14282      52.7940
   14283      49.0958
   14284      44.5577
   14285      48.1156
   14286      52.7742
   14287      52.9977
   14288      55.4514
   14289      53.8792
   14290      48.9194
   14291      44.4664
   14292      44.1776
   14293      44.3541
   14294      44.0288
   14295      42.5298
   14296      45.9962
   14297      43.4863
   14298      46.1136
   14299      46.0915
   14300      44.3221
   14301      48.9276
   14302      50.8191
   14303      49.8727
   14304      49.1699
   14305      49.0347
   14306      44.4532
   14307      45.1065
   14308      50.0272
   14309      45.1962
   14310      42.3608
   14311      43.4880
   14312      42.6066
   14313      38.4694
   14314      43.0747
   14315      43.4433
   14316      41.9462
   14317      44.7408
   14318      43.4479
   14319      42.2436
   14320      40.7299
   14321      44.2473
   14322      45.4468
   14323      51.2177
   14324      53.3218
   14325      48.0478
   14326      50.9197
   14327      52.2286
   14328      58.4859
   14329      58.6221
   14330      58.2542
   14331      54.5674
   14332      51.0224
   14333      47.4487
   14334      50.4852
   14335      51.4053
   14336      47.2326
   14337      48.5586
   14338      46.9934
   14339      50.2711
   14340      53.6425
   14341      55.3383
   14342      55.6053
   14343      63.7701
   14344      61.6851
   14345      63.6032
   14346      66.8117
   14347      66.4811
   14348      68.7037
   14349      61.8348
   14350      59.2347
   14351      49.9674
   14352      47.8574
   14353      46.4917
   14354      47.6544
   14355      50.6709
   14356      49.2690
   14357      51.1120
   14358      54.0740
   14359      54.3702
   14360      53.2725
   14361      48.9221
   14362      44.7190
   14363      42.4250
   14364      48.4399
   14365      47.2008
   14366      45.5039
   14367      46.3695
   14368      47.8305
   14369      46.9091
   14370      50.4870
   14371      47.2216
   14372      50.4281
   14373      50.0552
   14374      45.8653
   14375      50.5312
   14376      55.9022
   14377      51.8981
   14378      57.0639
   14379      55.3623
   14380      54.5200
   14381      48.3395
   14382      51.5003
   14383      51.3908
   14384      60.0647
   14385      60.1742
   14386      56.5547
   14387      51.5462
   14388      53.1424
   14389      52.1847
   14390      51.5911
   14391      48.0828
   14392      45.1506
   14393      48.7330
   14394      49.2402
   14395      45.1675
   14396      50.7903
   14397      49.4548
   14398      49.8583
   14399      48.5702
   14400      49.6952
   14401      45.6731
   14402      46.2015
   14403      47.5345
   14404      46.5305
   14405      46.3876
   14406      48.2387
   14407      47.3191
   14408      45.2610
   14409      44.1878
   14410      45.1940
   14411      47.5421
   14412      49.0609
   14413      50.9808
   14414      53.3580
   14415      53.1442
   14416      55.9957
   14417      57.7673
   14418      56.0022
   14419      54.3131
   14420      51.4324
   14421      50.6374
   14422      43.4814
   14423      44.7965
   14424      47.2929
   14425      48.8735
   14426      48.0648
   14427      54.6575
   14428      54.6122
   14429      51.4540
   14430      48.7634
   14431      50.2433
   14432      52.0509
   14433      53.8656
   14434      57.4967
   14435      56.8267
   14436      52.6800
   14437      51.1447
   14438      55.7588
   14439      56.7372
   14440      57.3285
   14441      57.7685
   14442      53.5335
   14443      53.6137
   14444      49.3335
   14445      50.6523
   14446      55.4503
   14447      54.2600
   14448      51.8242
   14449      55.8804
   14450      66.2141
   14451      67.8900
   14452      61.9692
   14453      60.3818
   14454      62.8356
   14455      61.3814
   14456      64.8874
   14457      67.2548
   14458      64.2091
   14459      60.3644
   14460      57.0494
   14461      57.6932
   14462      48.5442
   14463      55.6964
   14464      53.4987
   14465      54.0201
   14466      55.6641
   14467      51.5708
   14468      54.9163
   14469      55.5505
   14470      54.8543
   14471      53.9363
   14472      51.3325
   14473      53.3472
   14474      51.1382
   14475      50.4892
   14476      54.6463
   14477      54.5862
   14478      53.7038
   14479      54.4854
   14480      51.7233
   14481      51.5494
   14482      50.1145
   14483      51.9464
   14484      53.4440
   14485      54.1666
   14486      53.6088
   14487      53.0385
   14488      53.7843
   14489      48.0713
   14490      51.5305
   14491      52.1586
   14492      52.6719
   14493      53.2131
   14494      52.6217
   14495      52.6579
   14496      52.1355
   14497      52.2805
   14498      50.9959
   14499      53.0245
   14500      48.6033
   14501      50.4638
   14502      51.8990
   14503      50.5117
   14504      49.7258
   14505      47.6786
   14506      49.8859
   14507      55.3175
   14508      55.0748
   14509      55.3131
   14510      50.4992
   14511      47.7071
   14512      50.3337
   14513      51.0121
   14514      47.2274
   14515      46.5853
   14516      49.6604
   14517      48.8831
   14518      51.0802
   14519      49.9735
   14520      50.6968
   14521      53.0167
   14522      52.9819
   14523      48.1306
   14524      49.1986
   14525      44.9672
   14526      44.3691
   14527      50.6303
   14528      50.9367
   14529      52.1864
   14530      51.4240
   14531      54.7883
   14532      57.5457
   14533      57.5418
   14534      59.4101
   14535      57.4625
   14536      57.1171
   14537      58.0560
   14538      58.0576
   14539      60.4073
   14540      61.1282
   14541      57.6494
   14542      55.2992
   14543      52.2823
   14544      55.5114
   14545      57.4047
   14546      54.9809
   14547      49.6654
   14548      46.4611
   14549      49.3873
   14550      50.7642
   14551      50.7583
   14552      52.8945
   14553      55.3958
   14554      46.0947
   14555      48.1498
   14556      52.5018
   14557      55.7414
   14558      54.6876
   14559      56.2080
   14560      55.2691
   14561      58.4297
   14562      59.4650
   14563      57.5238
   14564      56.1805
   14565      60.4606
   14566      59.2977
   14567      56.9562
   14568      55.8935
   14569      55.4209
   14570      52.0552
   14571      50.7778
   14572      48.4044
   14573      45.7216
   14574      45.1654
   14575      52.3634
   14576      53.1052
   14577      53.1984
   14578      49.6676
   14579      49.1508
   14580      53.9829
   14581      50.5891
   14582      48.4819
   14583      49.1953
   14584      45.6433
   14585      44.5430
   14586      41.2683
   14587      40.7134
   14588      43.4055
   14589      45.0147
   14590      47.1382
   14591      51.6877
   14592      49.3114
   14593      45.8669
   14594      43.0700
   14595      43.5301
   14596      50.9078
   14597      48.5729
   14598      50.0337
   14599      52.8432
   14600      52.3838
   14601      52.7756
   14602      49.4426
   14603      53.2585
   14604      54.9521
   14605      50.8957
   14606      50.5983
   14607      46.0739
   14608      50.7922
   14609      50.9093
   14610      49.6380
   14611      46.5997
   14612      49.3929
   14613      40.9071
   14614      40.0008
   14615      45.5491
   14616      42.4969
   14617      47.0092
   14618      51.9580
   14619      48.3160
   14620      51.0534
   14621      50.6114
   14622      51.0131
   14623      55.7089
   14624      58.4624
   14625      63.0679
   14626      62.9842
   14627      62.9306
   14628      57.3318
   14629      55.0381
   14630      50.7661
   14631      52.1496
   14632      52.3971
   14633      47.6448
   14634      49.6514
   14635      45.7249
   14636      50.6569
   14637      51.6867
   14638      51.9285
   14639      46.4531
   14640      48.0957
   14641      53.2877
   14642      51.0603
   14643      48.6430
   14644      49.5165
   14645      45.4739
   14646      43.9913
   14647      50.9491
   14648      54.7296
   14649      54.5147
   14650      57.5039
   14651      51.4778
   14652      49.9185
   14653      49.6557
   14654      46.5948
   14655      47.7125
   14656      49.1572
   14657      47.5147
   14658      44.1188
   14659      46.4435
   14660      49.9392
   14661      51.2225
   14662      50.7792
   14663      47.9723
   14664      48.8816
   14665      51.2331
   14666      54.0059
   14667      48.2318
   14668      45.6566
   14669      44.3484
   14670      44.4359
   14671      46.7386
   14672      45.9873
   14673      49.1557
   14674      47.0293
   14675      51.7392
   14676      60.2099
   14677      59.1509
   14678      60.8879
   14679      58.0780
   14680      53.3100
   14681      47.5627
   14682      49.8463
   14683      46.8212
   14684      45.8419
   14685      51.5319
   14686      49.2267
   14687      49.3669
   14688      47.2984
   14689      46.3414
   14690      42.3745
   14691      42.2575
   14692      41.7056
   14693      40.3059
   14694      39.0652
   14695      43.0596
   14696      41.8341
   14697      45.4150
   14698      41.6149
   14699      46.2027
   14700      47.1949
   14701      50.6095
   14702      46.0168
   14703      44.8988
   14704      41.4688
   14705      43.7485
   14706      46.0295
   14707      46.3406
   14708      47.6718
   14709      48.3561
   14710      50.7829
   14711      48.2894
   14712      51.4910
   14713      46.3678
   14714      50.4482
   14715      48.5439
   14716      46.8648
   14717      48.5081
   14718      48.6941
   14719      44.0991
   14720      47.3994
   14721      44.8136
   14722      43.4157
   14723      42.8854
   14724      42.6558
   14725      38.7775
   14726      42.0644
   14727      36.5425
   14728      40.4498
   14729      45.3072
   14730      47.4599
   14731      47.8955
   14732      48.7211
   14733      50.4595
   14734      47.6833
   14735      53.8316
   14736      51.4897
   14737      44.3600
   14738      46.5803
   14739      53.3470
   14740      53.9700
   14741      49.7467
   14742      52.9184
   14743      52.1658
   14744      56.7323
   14745      58.2980
   14746      55.1267
   14747      52.8244
   14748      50.6890
   14749      50.6317
   14750      51.2397
   14751      52.0144
   14752      47.1025
   14753      46.6047
   14754      44.7432
   14755      47.6652
   14756      50.8789
   14757      46.4040
   14758      46.1799
   14759      43.7864
   14760      47.4709
   14761      46.1779
   14762      44.2200
   14763      48.2911
   14764      45.5748
   14765      39.7998
   14766      45.0521
   14767      46.4816
   14768      42.4807
   14769      41.3332
   14770      43.4391
   14771      45.6947
   14772      45.3760
   14773      46.2827
   14774      44.8685
   14775      48.3852
   14776      48.1069
   14777      48.1777
   14778      52.0256
   14779      53.2040
   14780      53.2433
   14781      54.7045
   14782      54.2990
   14783      55.4052
   14784      61.5293
   14785      61.5269
   14786      62.0283
   14787      65.7263
   14788      67.5680
   14789      71.5708
   14790      68.6241
   14791      65.8826
   14792      64.8660
   14793      62.8815
   14794      61.9360
   14795      61.8613
   14796      62.1447
   14797      57.0374
   14798      50.4821
   14799      51.2466
   14800      56.4318
   14801      63.4543
   14802      66.7201
   14803      62.2941
   14804      57.0606
   14805      55.7283
   14806      54.8817
   14807      54.5739
   14808      53.0358
   14809      49.4953
   14810      47.9370
   14811      55.1982
   14812      56.5650
   14813      52.7242
   14814      58.9080
   14815      53.5423
   14816      55.2653
   14817      51.1307
   14818      54.6127
   14819      56.4713
   14820      54.8777
   14821      49.0829
   14822      47.3372
   14823      53.9851
   14824      50.5736
   14825      56.5279
   14826      58.6120
   14827      55.7800
   14828      52.9491
   14829      55.6062
   14830      51.3386
   14831      56.6849
   14832      53.6816
   14833      50.2215
   14834      52.3560
   14835      54.1577
   14836      53.7110
   14837      58.6042
   14838      55.7226
   14839      58.0777
   14840      57.9822
   14841      57.0269
   14842      56.6714
   14843      52.8049
   14844      59.4889
   14845      61.6107
   14846      60.1809
   14847      55.4528
   14848      54.8014
   14849      54.5052
   14850      50.3790
   14851      50.1890
   14852      50.2271
   14853      50.5087
   14854      53.7565
   14855      50.2288
   14856      49.4139
   14857      51.0519
   14858      53.3748
   14859      51.1402
   14860      55.5855
   14861      56.4748
   14862      57.7912
   14863      56.8932
   14864      52.7402
   14865      57.1506
   14866      52.5706
   14867      52.0367
   14868      47.0324
   14869      43.4725
   14870      41.9551
   14871      50.6119
   14872      51.0336
   14873      54.8047
   14874      52.3107
   14875      52.2734
   14876      51.2498
   14877      53.8090
   14878      49.8445
   14879      49.7242
   14880      51.7808
   14881      50.6182
   14882      58.0376
   14883      55.3087
   14884      55.1930
   14885      50.4463
   14886      53.4668
   14887      51.9315
   14888      51.3568
   14889      47.6892
   14890      47.2695
   14891      46.2698
   14892      43.2935
   14893      46.0296
   14894      44.3809
   14895      46.7031
   14896      45.1025
   14897      47.4071
   14898      49.8551
   14899      50.2936
   14900      47.5345
   14901      47.8611
   14902      46.4882
   14903      51.6522
   14904      51.8489
   14905      52.6623
   14906      47.4241
   14907      47.7447
   14908      47.1565
   14909      39.6448
   14910      39.3572
   14911      35.5061
   14912      39.9062
   14913      40.1342
   14914      41.4218
   14915      44.1226
   14916      47.8241
   14917      41.5520
   14918      45.0317
   14919      42.3530
   14920      38.0935
   14921      36.7578
   14922      41.5133
   14923      42.1622
   14924      45.4789
   14925      53.5604
   14926      58.6353
   14927      51.7074
   14928      49.6382
   14929      48.5484
   14930      42.2395
   14931      48.1294
   14932      44.9378
   14933      42.8318
   14934      45.7774
   14935      45.9622
   14936      46.6442
   14937      52.5174
   14938      56.8800
   14939      60.0548
   14940      54.7151
   14941      52.1015
   14942      49.2562
   14943      44.0505
   14944      42.5402
   14945      47.6952
   14946      49.5674
   14947      48.1604
   14948      48.8674
   14949      47.2700
   14950      46.8189
   14951      47.3376
   14952      48.0156
   14953      48.9455
   14954      51.6407
   14955      53.9269
   14956      57.1740
   14957      60.5331
   14958      54.2202
   14959      56.8233
   14960      57.1355
   14961      55.0756
   14962      54.6113
   14963      53.5781
   14964      53.5370
   14965      53.9524
   14966      49.9487
   14967      47.0824
   14968      43.9983
   14969      46.2433
   14970      49.3704
   14971      47.8835
   14972      52.0012
   14973      48.5357
   14974      53.8667
   14975      51.9579
   14976      53.1508
   14977      55.9813
   14978      53.2387
   14979      49.8875
   14980      52.9072
   14981      47.2629
   14982      45.6536
   14983      45.4805
   14984      45.2261
   14985      43.8876
   14986      46.4150
   14987      45.9121
   14988      38.7945
   14989      43.2696
   14990      49.4336
   14991      51.5391
   14992      52.6466
   14993      47.7960
   14994      47.0285
   14995      47.1107
   14996      49.6313
   14997      56.7428
   14998      54.1063
   14999      48.8182
   15000      49.8878
   15001      45.2447
   15002      43.3217
   15003      48.3953
   15004      48.2553
   15005      43.8968
   15006      52.0418
   15007      48.2737
   15008      51.5856
   15009      47.9425
   15010      55.4351
   15011      60.3036
   15012      55.2072
   15013      57.7156
   15014      56.3336
   15015      49.2555
   15016      51.8189
   15017      51.4113
   15018      52.8473
   15019      53.2557
   15020      45.8834
   15021      42.1780
   15022      45.4633
   15023      49.0943
   15024      51.9984
   15025      55.7065
   15026      55.0176
   15027      50.8274
   15028      52.4464
   15029      50.3555
   15030      47.6477
   15031      44.2428
   15032      46.2471
   15033      46.2123
   15034      46.0059
   15035      43.1576
   15036      42.7901
   15037      41.8617
   15038      44.0792
   15039      41.5997
   15040      44.0561
   15041      45.9199
   15042      45.7123
   15043      46.9140
   15044      50.2267
   15045      52.3511
   15046      52.8691
   15047      52.6364
   15048      46.1708
   15049      44.2524
   15050      45.3808
   15051      45.5863
   15052      45.2877
   15053      43.1357
   15054      47.6280
   15055      40.2063
   15056      40.2863
   15057      46.8921
   15058      45.7477
   15059      46.1982
   15060      44.8968
   15061      49.3205
   15062      48.9651
   15063      47.8192
   15064      49.4205
   15065      48.2201
   15066      48.3864
   15067      47.9957
   15068      51.8962
   15069      51.4303
   15070      51.1663
   15071      47.0006
   15072      42.2853
   15073      38.0999
   15074      37.1294
   15075      41.6055
   15076      43.9809
   15077      35.4445
   15078      39.0427
   15079      42.3611
   15080      40.3439
   15081      41.9767
   15082      40.8405
   15083      37.7433
   15084      47.1661
   15085      45.9241
   15086      42.9713
   15087      44.4959
   15088      40.8518
   15089      37.5564
   15090      36.8003
   15091      38.5986
   15092      43.9762
   15093      49.7499
   15094      46.3737
   15095      53.1674
   15096      55.1862
   15097      50.1091
   15098      55.3605
   15099      57.8576
   15100      54.2189
   15101      52.1029
   15102      45.4580
   15103      51.5539
   15104      47.3669
   15105      44.6027
   15106      50.9095
   15107      49.4371
   15108      51.9422
   15109      52.0424
   15110      47.8504
   15111      50.7207
   15112      49.6446
   15113      48.7463
   15114      43.3500
   15115      44.4420
   15116      41.0201
   15117      41.1988
   15118      41.2265
   15119      41.9450
   15120      43.0704
   15121      48.0933
   15122      42.0317
   15123      40.8082
   15124      36.8533
   15125      38.5889
   15126      40.4155
   15127      46.0761
   15128      43.9257
   15129      38.9244
   15130      39.9499
   15131      37.8898
   15132      39.7262
   15133      39.1941
   15134      39.5581
   15135      42.6745
   15136      44.5066
   15137      45.0872
   15138      48.2310
   15139      48.0289
   15140      50.8723
   15141      49.2518
   15142      46.5556
   15143      46.1320
   15144      49.1641
   15145      51.3731
   15146      44.1642
   15147      45.1702
   15148      46.1483
   15149      43.1806
   15150      45.0390
   15151      45.8405
   15152      46.0071
   15153      50.8410
   15154      54.4736
   15155      54.1970
   15156      45.4372
   15157      43.4330
   15158      44.4073
   15159      48.8455
   15160      48.8394
   15161      55.1604
   15162      56.4398
   15163      56.4140
   15164      54.1272
   15165      47.8042
   15166      40.5559
   15167      37.6529
   15168      38.9001
   15169      43.5859
   15170      50.8105
   15171      48.0753
   15172      51.8832
   15173      48.5442
   15174      49.6786
   15175      49.5324
   15176      45.7707
   15177      44.0362
   15178      47.1986
   15179      47.9274
   15180      44.8787
   15181      43.6439
   15182      49.2888
   15183      50.8003
   15184      52.0335
   15185      54.4815
   15186      49.7358
   15187      47.5602
   15188      48.0514
   15189      44.9931
   15190      40.0853
   15191      39.2231
   15192      41.2278
   15193      38.1459
   15194      39.9037
   15195      38.1521
   15196      39.3249
   15197      39.0979
   15198      40.3778
   15199      35.2954
   15200      37.9636
   15201      35.7165
   15202      43.7317
   15203      43.7306
   15204      45.5749
   15205      50.2545
   15206      49.3884
   15207      52.8038
   15208      55.7949
   15209      56.8281
   15210      51.5758
   15211      54.7864
   15212      56.8372
   15213      54.2764
   15214      54.6370
   15215      56.3908
   15216      56.9634
   15217      54.8685
   15218      55.2351
   15219      59.1739
   15220      53.6924
   15221      52.5235
   15222      57.4279
   15223      53.2260
   15224      52.4768
   15225      52.2788
   15226      50.2875
   15227      55.5877
   15228      52.5136
   15229      53.5132
   15230      50.1366
   15231      50.0124
   15232      54.4265
   15233      50.8641
   15234      49.9592
   15235      52.1973
   15236      54.1597
   15237      53.7409
   15238      50.8085
   15239      54.4248
   15240      50.4768
   15241      52.8374
   15242      50.6649
   15243      57.0235
   15244      52.1978
   15245      55.0764
   15246      55.6079
   15247      51.0783
   15248      53.1308
   15249      55.9819
   15250      59.9000
   15251      60.3988
   15252      60.0322
   15253      62.6253
   15254      55.7136
   15255      55.1667
   15256      53.0699
   15257      50.1903
   15258      52.2654
   15259      58.2280
   15260      57.3946
   15261      48.3032
   15262      47.3694
   15263      48.3225
   15264      53.3936
   15265      50.2645
   15266      50.4421
   15267      57.2551
   15268      56.0172
   15269      51.4341
   15270      49.1296
   15271      52.6983
   15272      60.3877
   15273      55.9962
   15274      53.2821
   15275      56.1661
   15276      53.8112
   15277      49.6791
   15278      50.4461
   15279      48.5451
   15280      52.5590
   15281      50.0308
   15282      47.5664
   15283      51.8835
   15284      49.5279
   15285      42.5909
   15286      47.5915
   15287      48.0506
   15288      51.4805
   15289      49.9707
   15290      42.4473
   15291      47.4774
   15292      45.1033
   15293      47.4296
   15294      45.6742
   15295      44.0110
   15296      42.3884
   15297      43.5241
   15298      40.7064
   15299      42.6183
   15300      45.7776
   15301      43.0882
   15302      43.1552
   15303      46.6150
   15304      48.1387
   15305      48.5685
   15306      49.5188
   15307      49.4009
   15308      47.2811
   15309      46.5463
   15310      48.0965
   15311      48.9215
   15312      49.4006
   15313      48.1937
   15314      45.4309
   15315      49.2051
   15316      48.8090
   15317      46.2177
   15318      47.0152
   15319      45.3144
   15320      46.1383
   15321      51.5263
   15322      56.3429
   15323      51.7123
   15324      49.5987
   15325      54.7336
   15326      50.7998
   15327      50.4830
   15328      53.5467
   15329      58.3504
   15330      56.0132
   15331      55.8155
   15332      52.6262
   15333      52.7879
   15334      52.1177
   15335      47.5133
   15336      41.5651
   15337      39.7649
   15338      44.6010
   15339      49.0977
   15340      50.6631
   15341      50.3968
   15342      50.8927
   15343      48.7272
   15344      42.0366
   15345      40.6765
   15346      45.4164
   15347      45.5818
   15348      44.5320
   15349      44.3491
   15350      38.4201
   15351      38.0752
   15352      38.9016
   15353      43.0425
   15354      43.7769
   15355      51.8908
   15356      50.1058
   15357      52.3786
   15358      53.9281
   15359      55.1601
   15360      53.6081
   15361      52.8984
   15362      53.6362
   15363      55.9816
   15364      56.5253
   15365      51.7488
   15366      52.6797
   15367      48.7271
   15368      51.6000
   15369      47.1841
   15370      46.9758
   15371      46.4887
   15372      48.3294
   15373      49.1890
   15374      53.1919
   15375      54.7431
   15376      45.5931
   15377      44.2879
   15378      43.6901
   15379      41.4148
   15380      41.2656
   15381      42.0081
   15382      45.0292
   15383      49.6349
   15384      46.8644
   15385      47.6771
   15386      49.2277
   15387      46.0704
   15388      44.1429
   15389      48.3681
   15390      50.7233
   15391      47.8302
   15392      45.5489
   15393      39.8989
   15394      41.9558
   15395      43.0908
   15396      43.9968
   15397      40.6393
   15398      41.5439
   15399      44.6926
   15400      43.0961
   15401      44.2616
   15402      42.9634
   15403      42.2417
   15404      43.6943
   15405      41.8035
   15406      37.7191
   15407      42.9105
   15408      42.7180
   15409      41.8352
   15410      48.1182
   15411      46.6553
   15412      47.9861
   15413      45.0198
   15414      47.4872
   15415      46.6027
   15416      48.0758
   15417      43.6459
   15418      42.3730
   15419      42.9411
   15420      51.4604
   15421      47.9301
   15422      56.4057
   15423      56.4217
   15424      50.4609
   15425      49.1536
   15426      44.6651
   15427      48.9866
   15428      49.6537
   15429      51.1925
   15430      51.4135
   15431      44.2840
   15432      49.0284
   15433      48.2167
   15434      49.3076
   15435      49.8859
   15436      47.6799
   15437      47.9507
   15438      50.9617
   15439      44.2293
   15440      43.3252
   15441      43.4385
   15442      43.3314
   15443      44.1326
   15444      44.2024
   15445      45.3244
   15446      42.2507
   15447      43.8582
   15448      46.9950
   15449      44.1874
   15450      47.2168
   15451      47.4434
   15452      48.2034
   15453      44.5313
   15454      48.7407
   15455      49.3237
   15456      46.3140
   15457      44.0215
   15458      39.0176
   15459      37.5368
   15460      44.5773
   15461      40.6240
   15462      39.2487
   15463      44.3156
   15464      43.8928
   15465      43.0500
   15466      39.6759
   15467      38.1712
   15468      37.9200
   15469      38.8620
   15470      37.8537
   15471      39.0928
   15472      38.7411
   15473      33.1293
   15474      36.1117
   15475      43.2976
   15476      41.9033
   15477      44.5634
   15478      42.3929
   15479      43.1458
   15480      48.1681
   15481      54.3497
   15482      52.1634
   15483      57.6931
   15484      56.2616
   15485      56.9784
   15486      58.0800
   15487      56.6625
   15488      58.8150
   15489      55.5031
   15490      54.1043
   15491      51.0209
   15492      48.9183
   15493      43.9557
   15494      46.7567
   15495      49.4126
   15496      45.8136
   15497      51.1974
   15498      54.7519
   15499      51.9811
   15500      46.8333
   15501      41.6821
   15502      48.5862
   15503      51.3508
   15504      48.2817
   15505      51.1839
   15506      51.7298
   15507      49.5178
   15508      49.2824
   15509      41.0202
   15510      45.3832
   15511      47.2764
   15512      50.2741
   15513      49.4265
   15514      45.1774
   15515      45.0385
   15516      52.9123
   15517      49.6609
   15518      51.4069
   15519      50.2118
   15520      49.0454
   15521      43.5723
   15522      44.5918
   15523      42.5265
   15524      41.6939
   15525      44.9287
   15526      47.5228
   15527      51.5517
   15528      55.5114
   15529      63.3057
   15530      59.5103
   15531      53.5143
   15532      49.6438
   15533      47.1177
   15534      47.1678
   15535      51.6257
   15536      49.8541
   15537      50.1620
   15538      49.2981
   15539      41.7690
   15540      38.3620
   15541      42.9783
   15542      42.7014
   15543      41.7044
   15544      40.6596
   15545      44.8558
   15546      42.5397
   15547      41.6551
   15548      44.5631
   15549      42.7563
   15550      46.1983
   15551      41.2514
   15552      33.7740
   15553      39.4230
   15554      34.8963
   15555      34.9437
   15556      38.0468
   15557      34.8259
   15558      34.9457
   15559      34.4313
   15560      30.7610
   15561      34.8026
   15562      40.1636
   15563      45.1732
   15564      42.0222
   15565      38.2171
   15566      40.7148
   15567      38.2405
   15568      39.6726
   15569      41.8099
   15570      43.2043
   15571      49.3518
   15572      56.2786
   15573      57.3222
   15574      48.6854
   15575      43.2884
   15576      42.3438
   15577      44.5408
   15578      43.8769
   15579      44.4464
   15580      42.3569
   15581      46.7476
   15582      49.0010
   15583      49.8391
   15584      52.9851
   15585      49.9188
   15586      54.4742
   15587      52.3294
   15588      47.5820
   15589      50.8094
   15590      52.1812
   15591      50.3832
   15592      53.9039
   15593      51.5013
   15594      53.1760
   15595      57.7973
   15596      53.6519
   15597      57.3593
   15598      58.4791
   15599      55.0826
   15600      57.8875
   15601      52.6178
   15602      52.0449
   15603      52.0160
   15604      49.8944
   15605      46.5550
   15606      45.2600
   15607      47.4604
   15608      47.2626
   15609      48.0003
   15610      42.6322
   15611      46.0623
   15612      46.6318
   15613      49.6591
   15614      49.8051
   15615      45.7948
   15616      45.3140
   15617      49.8957
   15618      57.9227
   15619      55.8418
   15620      51.3193
   15621      51.8437
   15622      47.3091
   15623      50.7293
   15624      47.2696
   15625      46.5869
   15626      51.5404
   15627      52.8060
   15628      45.5538
   15629      45.6392
   15630      45.7585
   15631      40.5080
   15632      40.9307
   15633      48.9283
   15634      47.9072
   15635      48.0322
   15636      45.0255
   15637      49.5584
   15638      51.4492
   15639      48.4687
   15640      53.1991
   15641      51.1844
   15642      48.4924
   15643      45.1395
   15644      46.2557
   15645      45.1645
   15646      46.2342
   15647      48.7730
   15648      47.0185
   15649      49.3282
   15650      41.0011
   15651      35.0259
   15652      37.4997
   15653      36.8785
   15654      36.7809
   15655      39.4659
   15656      46.2297
   15657      47.3421
   15658      48.1545
   15659      45.5289
   15660      42.5744
   15661      41.8488
   15662      42.3444
   15663      49.4369
   15664      51.8672
   15665      50.1983
   15666      45.5828
   15667      46.2770
   15668      45.4721
   15669      49.6213
   15670      44.5855
   15671      43.8835
   15672      40.5021
   15673      37.4416
   15674      41.2167
   15675      39.4386
   15676      42.2642
   15677      46.8086
   15678      46.7919
   15679      51.4973
   15680      53.6154
   15681      53.0806
   15682      53.2028
   15683      48.0241
   15684      47.0213
   15685      51.4668
   15686      52.1091
   15687      53.9313
   15688      50.0180
   15689      54.9494
   15690      48.1208
   15691      53.8463
   15692      57.5800
   15693      61.0172
   15694      56.8805
   15695      59.6136
   15696      57.0646
   15697      52.0305
   15698      49.8769
   15699      53.3733
   15700      53.8028
   15701      52.9674
   15702      54.6977
   15703      49.3370
   15704      54.5657
   15705      51.9047
   15706      58.9309
   15707      61.3665
   15708      61.9788
   15709      63.4471
   15710      65.6708
   15711      62.6755
   15712      66.7569
   15713      59.1926
   15714      58.7417
   15715      54.5001
   15716      53.5214
   15717      56.3906
   15718      61.1835
   15719      57.8556
   15720      60.7933
   15721      62.2229
   15722      68.3261
   15723      66.4440
   15724      63.1110
   15725      63.7691
   15726      58.5117
   15727      55.1343
   15728      58.0556
   15729      57.6093
   15730      54.9862
   15731      56.3141
   15732      57.4036
   15733      52.0546
   15734      48.6613
   15735      51.4034
   15736      54.7812
   15737      53.2061
   15738      52.1264
   15739      53.2129
   15740      57.9041
   15741      57.7374
   15742      50.5042
   15743      48.6257
   15744      48.7034
   15745      52.1229
   15746      53.6315
   15747      55.1052
   15748      57.6534
   15749      55.0438
   15750      43.8134
   15751      51.2715
   15752      51.8528
   15753      49.9596
   15754      51.8720
   15755      43.7848
   15756      45.6180
   15757      50.1589
   15758      48.1038
   15759      43.8528
   15760      44.1480
   15761      44.9143
   15762      43.9780
   15763      45.1486
   15764      48.2705
   15765      46.9068
   15766      40.9282
   15767      40.2018
   15768      37.8612
   15769      42.0425
   15770      45.0241
   15771      44.4395
   15772      44.4820
   15773      43.8989
   15774      41.0380
   15775      43.0144
   15776      48.1013
   15777      50.1727
   15778      49.4081
   15779      47.8694
   15780      41.8967
   15781      44.7053
   15782      42.6808
   15783      42.5320
   15784      46.8777
   15785      51.9833
   15786      52.9392
   15787      54.5321
   15788      54.7378
   15789      55.7200
   15790      52.3407
   15791      47.2387
   15792      52.0001
   15793      53.3946
   15794      52.5152
   15795      48.7466
   15796      49.4273
   15797      46.7505
   15798      51.2824
   15799      46.9346
   15800      45.0961
   15801      43.6181
   15802      44.5777
   15803      40.5442
   15804      37.9456
   15805      39.1657
   15806      43.0732
   15807      41.3237
   15808      44.4959
   15809      42.0421
   15810      44.9994
   15811      45.8266
   15812      46.2499
   15813      47.9111
   15814      55.0380
   15815      57.2609
   15816      53.9779
   15817      50.0732
   15818      47.6272
   15819      46.5075
   15820      46.5436
   15821      47.9630
   15822      40.9417
   15823      40.7357
   15824      43.3908
   15825      40.1581
   15826      33.5735
   15827      35.7288
   15828      33.5655
   15829      41.5572
   15830      50.7290
   15831      54.8713
   15832      46.0096
   15833      41.2693
   15834      39.4055
   15835      39.3329
   15836      44.3472
   15837      47.7533
   15838      55.3529
   15839      46.0449
   15840      48.3202
   15841      46.8321
   15842      46.3064
   15843      45.2437
   15844      43.5810
   15845      41.5366
   15846      46.1920
   15847      48.5870
   15848      47.1034
   15849      46.0832
   15850      46.1128
   15851      56.3689
   15852      49.7965
   15853      47.7286
   15854      52.2815
   15855      51.0078
   15856      51.5526
   15857      54.2178
   15858      51.9774
   15859      55.1838
   15860      57.2406
   15861      53.8996
   15862      56.5517
   15863      54.4250
   15864      54.8113
   15865      53.6143
   15866      50.5945
   15867      56.0630
   15868      51.8034
   15869      55.7150
   15870      54.9147
   15871      56.5570
   15872      61.4954
   15873      58.1815
   15874      56.0756
   15875      56.7019
   15876      55.3718
   15877      50.4367
   15878      52.8619
   15879      49.1781
   15880      50.4853
   15881      53.6230
   15882      54.1956
   15883      51.4517
   15884      51.2073
   15885      53.7407
   15886      51.6059
   15887      51.5208
   15888      53.1656
   15889      52.1480
   15890      52.4333
   15891      47.0751
   15892      51.7492
   15893      48.9785
   15894      46.1790
   15895      49.0848
   15896      56.3317
   15897      50.7666
   15898      48.0124
   15899      48.7937
   15900      47.4148
   15901      43.1795
   15902      45.3623
   15903      46.2173
   15904      46.3752
   15905      49.5926
   15906      51.7040
   15907      48.7734
   15908      47.7145
   15909      50.8479
   15910      55.6941
   15911      53.9769
   15912      54.6855
   15913      49.6530
   15914      45.9957
   15915      45.1572
   15916      50.0339
   15917      46.6828
   15918      45.4117
   15919      54.2902
   15920      51.0037
   15921      53.3187
   15922      51.0360
   15923      48.5143
   15924      55.6928
   15925      56.0445
   15926      55.4823
   15927      56.4498
   15928      59.3179
   15929      57.1512
   15930      56.9453
   15931      54.0763
   15932      57.2754
   15933      59.3948
   15934      58.1069
   15935      57.2254
   15936      55.1389
   15937      52.2370
   15938      55.7817
   15939      54.1990
   15940      53.6009
   15941      56.7528
   15942      52.4967
   15943      52.4860
   15944      49.3147
   15945      46.4641
   15946      41.7633
   15947      47.9484
   15948      42.3994
   15949      43.7307
   15950      47.1513
   15951      49.4416
   15952      50.5902
   15953      50.9422
   15954      54.4215
   15955      55.7251
   15956      56.4260
   15957      52.5919
   15958      50.2215
   15959      42.7709
   15960      46.4998
   15961      42.9070
   15962      42.6023
   15963      44.1390
   15964      40.0692
   15965      42.1658
   15966      39.5166
   15967      40.0652
   15968      45.5084
   15969      44.6386
   15970      42.2234
   15971      46.4122
   15972      46.1892
   15973      47.2572
   15974      50.1600
   15975      54.3708
   15976      52.4056
   15977      46.0228
   15978      50.1765
   15979      47.0672
   15980      47.4874
   15981      47.3746
   15982      51.5802
   15983      49.6464
   15984      48.5661
   15985      52.7018
   15986      48.9909
   15987      46.7749
   15988      47.9864
   15989      49.3805
   15990      55.5816
   15991      57.9186
   15992      52.2770
   15993      51.3807
   15994      46.8738
   15995      47.6675
   15996      48.4699
   15997      49.6695
   15998      49.3240
   15999      47.5098
   16000      53.7288
   16001      54.2701
   16002      58.1145
   16003      60.1526
   16004      57.2035
   16005      48.9135
   16006      51.6836
   16007      54.3029
   16008      53.4819
   16009      53.9644
   16010      50.0244
   16011      46.5489
   16012      38.8992
   16013      43.6616
   16014      47.8340
   16015      52.7496
   16016      50.1867
   16017      51.2120
   16018      50.7776
   16019      56.5405
   16020      57.6650
   16021      54.0557
   16022      59.6725
   16023      64.4940
   16024      61.2297
   16025      55.4166
   16026      49.1236
   16027      45.6806
   16028      48.6245
   16029      47.8646
   16030      50.5025
   16031      48.5649
   16032      52.2695
   16033      50.6544
   16034      53.0581
   16035      56.3667
   16036      54.7158
   16037      55.9885
   16038      57.3146
   16039      52.2509
   16040      51.6967
   16041      52.0261
   16042      47.0949
   16043      45.5285
   16044      49.0049
   16045      45.2218
   16046      46.9459
   16047      40.1697
   16048      46.7343
   16049      52.4476
   16050      52.1393
   16051      61.9470
   16052      60.0568
   16053      63.5905
   16054      60.3649
   16055      53.6047
   16056      52.2573
   16057      47.8863
   16058      48.9525
   16059      56.4355
   16060      60.6977
   16061      62.5365
   16062      61.5941
   16063      53.9263
   16064      50.2747
   16065      51.1180
   16066      55.0302
   16067      51.9705
   16068      52.6158
   16069      53.1712
   16070      54.5935
   16071      46.9931
   16072      49.0041
   16073      52.2108
   16074      49.2688
   16075      50.1990
   16076      47.5678
   16077      46.7553
   16078      49.1310
   16079      47.3289
   16080      48.7704
   16081      48.5365
   16082      49.8327
   16083      54.0811
   16084      54.1651
   16085      49.5736
   16086      49.3666
   16087      45.6682
   16088      46.2767
   16089      48.2079
   16090      49.0935
   16091      53.4515
   16092      55.7461
   16093      51.7529
   16094      51.2988
   16095      53.6339
   16096      46.8510
   16097      49.0411
   16098      48.9333
   16099      54.2566
   16100      49.7001
   16101      46.6753
   16102      42.9009
   16103      41.9044
   16104      44.4747
   16105      45.2724
   16106      47.8971
   16107      46.2642
   16108      46.6440
   16109      45.3956
   16110      41.9632
   16111      48.9676
   16112      51.7872
   16113      52.3876
   16114      49.7165
   16115      47.8592
   16116      49.2031
   16117      53.6019
   16118      55.0853
   16119      50.5263
   16120      50.5804
   16121      50.6954
   16122      52.6574
   16123      55.5528
   16124      54.2783
   16125      54.7339
   16126      54.7437
   16127      54.8200
   16128      56.0861
   16129      56.7157
   16130      56.6557
   16131      60.4440
   16132      56.9879
   16133      54.3622
   16134      55.2741
   16135      51.7604
   16136      48.0998
   16137      47.8603
   16138      46.8011
   16139      44.1546
   16140      48.4197
   16141      47.4941
   16142      43.7877
   16143      49.4996
   16144      51.5246
   16145      47.7512
   16146      46.8351
   16147      52.0174
   16148      45.9916
   16149      42.1613
   16150      37.7440
   16151      41.1853
   16152      41.7301
   16153      42.9547
   16154      41.4639
   16155      45.8209
   16156      49.6387
   16157      50.0812
   16158      46.2243
   16159      42.5814
   16160      46.4217
   16161      43.3255
   16162      46.5852
   16163      49.8780
   16164      42.2367
   16165      39.6943
   16166      42.8964
   16167      40.0651
   16168      42.0098
   16169      50.7983
   16170      52.1015
   16171      52.5093
   16172      56.9868
   16173      54.7160
   16174      53.9185
   16175      53.0770
   16176      54.0100
   16177      56.4836
   16178      53.9227
   16179      48.7723
   16180      46.0945
   16181      47.0564
   16182      55.1534
   16183      51.3220
   16184      52.5162
   16185      57.4513
   16186      56.0176
   16187      55.2025
   16188      53.5527
   16189      51.3883
   16190      51.3774
   16191      54.3678
   16192      52.1405
   16193      54.1889
   16194      53.5854
   16195      47.7314
   16196      49.0800
   16197      54.4370
   16198      54.8329
   16199      57.2535
   16200      55.1111
   16201      53.3148
   16202      45.0873
   16203      42.1741
   16204      46.6125
   16205      46.1245
   16206      48.8554
   16207      45.8772
   16208      42.7045
   16209      48.3450
   16210      49.1610
   16211      52.5191
   16212      52.2161
   16213      53.1360
   16214      49.7973
   16215      47.2771
   16216      46.4390
   16217      46.5207
   16218      47.3559
   16219      49.5282
   16220      50.0090
   16221      46.2180
   16222      48.0944
   16223      41.7465
   16224      44.8112
   16225      52.7499
   16226      57.1562
   16227      60.8233
   16228      61.7077
   16229      61.2985
   16230      52.8929
   16231      50.9659
   16232      51.4979
   16233      52.1292
   16234      52.8285
   16235      50.3529
   16236      52.3113
   16237      56.8377
   16238      59.7382
   16239      60.5000
   16240      58.7965
   16241      56.6519
   16242      54.4039
   16243      48.6234
   16244      51.4218
   16245      45.4557
   16246      51.2351
   16247      51.4335
   16248      50.6464
   16249      48.7194
   16250      47.9353
   16251      50.0986
   16252      50.3584
   16253      49.6968
   16254      50.2642
   16255      54.1793
   16256      49.9871
   16257      51.8669
   16258      53.7401
   16259      54.2713
   16260      52.4512
   16261      51.6471
   16262      51.8480
   16263      52.6666
   16264      50.6555
   16265      54.1460
   16266      56.3761
   16267      54.1487
   16268      53.7069
   16269      53.9621
   16270      56.1273
   16271      56.8570
   16272      59.2143
   16273      52.1045
   16274      51.7846
   16275      45.1956
   16276      44.4060
   16277      41.3197
   16278      41.9533
   16279      43.6483
   16280      49.0487
   16281      46.4967
   16282      47.5361
   16283      50.5903
   16284      50.2354
   16285      51.1326
   16286      53.3193
   16287      53.0510
   16288      51.3658
   16289      55.6122
   16290      56.7330
   16291      55.8640
   16292      53.7640
   16293      55.4374
   16294      50.4332
   16295      52.8301
   16296      51.7422
   16297      50.8446
   16298      58.5474
   16299      57.7844
   16300      58.6093
   16301      60.9847
   16302      58.1154
   16303      52.9608
   16304      53.3966
   16305      54.6965
   16306      57.9269
   16307      61.8480
   16308      59.1099
   16309      59.0391
   16310      57.4486
   16311      60.0465
   16312      52.6476
   16313      56.4328
   16314      54.4700
   16315      58.6198
   16316      52.0917
   16317      48.7959
   16318      50.5993
   16319      44.8542
   16320      44.6229
   16321      46.5995
   16322      46.3155
   16323      42.6311
   16324      42.3152
   16325      44.9469
   16326      51.4237
   16327      51.3894
   16328      47.0503
   16329      48.3800
   16330      51.2400
   16331      48.4245
   16332      47.3071
   16333      47.8815
   16334      49.8194
   16335      46.7668
   16336      51.5270
   16337      46.6578
   16338      41.0795
   16339      46.0946
   16340      51.5551
   16341      53.1632
   16342      50.9373
   16343      50.1402
   16344      50.0015
   16345      50.2814
   16346      45.5022
   16347      40.2994
   16348      43.5002
   16349      42.7852
   16350      47.9042
   16351      46.9076
   16352      41.6829
   16353      42.5365
   16354      40.7612
   16355      40.8716
   16356      43.0086
   16357      46.0102
   16358      46.2522
   16359      45.0920
   16360      47.7447
   16361      45.9547
   16362      48.8562
   16363      50.1612
   16364      50.5534
   16365      44.0768
   16366      44.1373
   16367      47.1010
   16368      49.1761
   16369      55.3368
   16370      55.7378
   16371      54.0782
   16372      54.1871
   16373      53.2020
   16374      49.4998
   16375      49.2043
   16376      43.6340
   16377      44.2824
   16378      47.1465
   16379      45.0756
   16380      41.4353
   16381      46.4879
   16382      45.0369
   16383      45.1887
   16384      43.2865
   16385      44.8866
   16386      47.0103
   16387      42.6255
   16388      45.8699
   16389      50.5795
   16390      50.1459
   16391      51.9893
   16392      48.5675
   16393      52.0168
   16394      51.8348
   16395      44.4724
   16396      45.7481
   16397      48.0067
   16398      48.2371
   16399      49.1963
   16400      52.1530
   16401      46.6803
   16402      49.6602
   16403      51.3844
   16404      57.9764
   16405      54.8063
   16406      52.4369
   16407      60.4017
   16408      62.2273
   16409      60.8257
   16410      56.2181
   16411      53.7380
   16412      55.1684
   16413      53.2333
   16414      52.1828
   16415      56.5424
   16416      61.2065
   16417      55.5770
   16418      57.1659
   16419      58.7744
   16420      58.2120
   16421      63.9202
   16422      62.9183
   16423      59.6523
   16424      59.3125
   16425      56.3107
   16426      54.7967
   16427      51.9897
   16428      53.1128
   16429      51.9622
   16430      48.9793
   16431      53.3015
   16432      50.1447
   16433      47.6114
   16434      46.9776
   16435      51.9109
   16436      54.0636
   16437      48.8015
   16438      43.9602
   16439      40.7762
   16440      36.3824
   16441      38.6103
   16442      35.9639
   16443      36.0678
   16444      36.3674
   16445      42.5880
   16446      43.7792
   16447      46.5222
   16448      50.6134
   16449      48.4656
   16450      44.9463
   16451      41.7961
   16452      42.4444
   16453      37.1102
   16454      40.7453
   16455      43.1889
   16456      39.3582
   16457      39.1062
   16458      39.6969
   16459      39.7999
   16460      43.9348
   16461      40.4853
   16462      42.0469
   16463      43.4273
   16464      38.9642
   16465      38.7477
   16466      40.9034
   16467      41.4312
   16468      40.4301
   16469      43.7632
   16470      47.5503
   16471      46.5160
   16472      50.4138
   16473      45.3237
   16474      44.1525
   16475      47.5781
   16476      48.7237
   16477      50.6081
   16478      52.5168
   16479      52.8901
   16480      55.8060
   16481      59.4329
   16482      51.4391
   16483      49.5633
   16484      49.7763
   16485      54.6317
   16486      54.8472
   16487      54.8331
   16488      55.3378
   16489      53.4161
   16490      50.8360
   16491      51.0554
   16492      47.6071
   16493      49.8234
   16494      50.9934
   16495      53.3003
   16496      56.1559
   16497      49.2864
   16498      55.2472
   16499      49.5673
   16500      50.2374
   16501      50.9789
   16502      47.0798
   16503      44.3492
   16504      48.5378
   16505      52.8237
   16506      50.4727
   16507      48.2057
   16508      47.6171
   16509      46.9229
   16510      47.7813
   16511      48.3944
   16512      49.4788
   16513      51.6476
   16514      57.1062
   16515      57.4067
   16516      54.4543
   16517      52.8915
   16518      57.0507
   16519      54.0779
   16520      53.9259
   16521      53.2057
   16522      52.8168
   16523      47.8537
   16524      47.7475
   16525      49.6155
   16526      45.4586
   16527      48.6332
   16528      49.4439
   16529      48.7012
   16530      50.7429
   16531      46.4437
   16532      47.2668
   16533      47.8434
   16534      47.4549
   16535      42.8329
   16536      43.4870
   16537      43.0897
   16538      43.6150
   16539      42.8199
   16540      47.1189
   16541      46.9254
   16542      42.9245
   16543      44.0322
   16544      41.7848
   16545      47.4544
   16546      48.3009
   16547      51.6611
   16548      55.3220
   16549      49.5183
   16550      45.4960
   16551      51.0019
   16552      50.9322
   16553      52.6436
   16554      51.5298
   16555      53.6631
   16556      52.5983
   16557      56.0811
   16558      53.3724
   16559      49.1368
   16560      43.6601
   16561      44.9721
   16562      45.3569
   16563      44.0636
   16564      38.9925
   16565      43.1888
   16566      43.5318
   16567      42.1425
   16568      43.2455
   16569      46.8208
   16570      48.8559
   16571      47.1144
   16572      44.5993
   16573      46.2438
   16574      49.6041
   16575      43.4148
   16576      41.7210
   16577      47.3753
   16578      44.1441
   16579      45.8527
   16580      51.2801
   16581      45.8142
   16582      43.3108
   16583      42.1743
   16584      40.3745
   16585      40.6352
   16586      42.3747
   16587      40.0939
   16588      44.9128
   16589      48.2168
   16590      50.1221
   16591      46.1257
   16592      43.9531
   16593      42.1564
   16594      45.8412
   16595      44.4239
   16596      39.0329
   16597      40.4805
   16598      45.4911
   16599      48.1331
   16600      48.4828
   16601      50.3784
   16602      45.6152
   16603      49.8663
   16604      49.3217
   16605      52.1651
   16606      47.1396
   16607      45.4826
   16608      46.7759
   16609      49.2699
   16610      51.2037
   16611      50.8079
   16612      49.2678
   16613      46.8213
   16614      46.8532
   16615      48.9115
   16616      47.5544
   16617      49.6447
   16618      39.7644
   16619      47.2869
   16620      46.2544
   16621      42.3787
   16622      40.1312
   16623      45.0772
   16624      50.7549
   16625      50.7869
   16626      48.8612
   16627      52.6925
   16628      46.9486
   16629      48.1506
   16630      54.0773
   16631      55.2150
   16632      57.7119
   16633      59.9175
   16634      61.1809
   16635      60.9468
   16636      68.6966
   16637      63.6743
   16638      61.9925
   16639      61.4931
   16640      58.1759
   16641      56.3730
   16642      54.0432
   16643      46.5267
   16644      48.5502
   16645      45.6907
   16646      50.7045
   16647      49.8217
   16648      48.8581
   16649      42.9033
   16650      47.5587
   16651      46.4194
   16652      49.4389
   16653      51.2314
   16654      51.1132
   16655      49.2006
   16656      45.6353
   16657      43.1587
   16658      47.1351
   16659      42.7100
   16660      46.5088
   16661      51.1190
   16662      49.3172
   16663      51.5499
   16664      51.1073
   16665      45.6533
   16666      48.2069
   16667      49.5619
   16668      45.8474
   16669      49.9398
   16670      50.4525
   16671      57.3208
   16672      56.4258
   16673      52.6433
   16674      58.6025
   16675      53.3010
   16676      54.0708
   16677      52.1244
   16678      51.2125
   16679      53.3791
   16680      54.8506
   16681      53.7195
   16682      54.0281
   16683      53.6832
   16684      51.6057
   16685      58.2622
   16686      55.1778
   16687      51.8128
   16688      49.5481
   16689      49.3517
   16690      50.4463
   16691      53.5859
   16692      52.1023
   16693      51.0040
   16694      51.0433
   16695      51.8306
   16696      50.5521
   16697      49.5087
   16698      55.3265
   16699      54.6661
   16700      51.5332
   16701      48.6122
   16702      44.8384
   16703      47.3704
   16704      46.3895
   16705      49.9433
   16706      56.7064
   16707      51.5803
   16708      55.4420
   16709      51.7915
   16710      60.8334
   16711      60.6665
   16712      59.3747
   16713      58.7700
   16714      64.7258
   16715      62.8432
   16716      58.5328
   16717      57.9311
   16718      56.0461
   16719      52.2488
   16720      57.0887
   16721      53.1025
   16722      54.7312
   16723      56.5590
   16724      57.5614
   16725      55.5519
   16726      53.8511
   16727      52.7421
   16728      54.1322
   16729      49.2220
   16730      55.6021
   16731      53.4574
   16732      50.5764
   16733      51.6635
   16734      51.7355
   16735      54.9222
   16736      50.8749
   16737      47.4557
   16738      54.0339
   16739      48.3702
   16740      46.6680
   16741      44.5152
   16742      42.5758
   16743      47.7506
   16744      44.7887
   16745      46.5161
   16746      47.5885
   16747      44.9774
   16748      47.0525
   16749      51.2476
   16750      50.3876
   16751      51.3168
   16752      49.3946
   16753      53.9454
   16754      52.5501
   16755      52.5752
   16756      53.6124
   16757      59.9759
   16758      55.3563
   16759      56.4797
   16760      55.7381
   16761      53.7867
   16762      49.1210
   16763      47.3443
   16764      45.6935
   16765      46.1544
   16766      46.7292
   16767      48.1291
   16768      46.3409
   16769      53.5377
   16770      54.7143
   16771      57.0690
   16772      55.5428
   16773      52.1767
   16774      48.7784
   16775      54.5033
   16776      52.2059
   16777      50.2630
   16778      48.9796
   16779      49.3481
   16780      52.9695
   16781      54.9130
   16782      53.4647
   16783      53.2930
   16784      52.9729
   16785      44.8517
   16786      45.0494
   16787      48.4470
   16788      55.7827
   16789      60.8956
   16790      57.4373
   16791      60.7387
   16792      53.1985
   16793      50.6814
   16794      45.6491
   16795      43.7677
   16796      45.0254
   16797      48.6977
   16798      50.8606
   16799      48.0343
   16800      43.9514
   16801      42.1506
   16802      45.9342
   16803      42.5981
   16804      41.7384
   16805      44.3466
   16806      49.5789
   16807      46.3450
   16808      51.1401
   16809      47.3223
   16810      42.9870
   16811      43.6097
   16812      43.1681
   16813      45.5214
   16814      44.8795
   16815      45.6479
   16816      42.8701
   16817      46.6746
   16818      47.9999
   16819      48.8218
   16820      45.7726
   16821      48.9762
   16822      54.0574
   16823      53.6167
   16824      57.5673
   16825      58.2807
   16826      59.2373
   16827      59.1096
   16828      59.3607
   16829      57.3254
   16830      55.0862
   16831      55.3308
   16832      53.9914
   16833      56.8855
   16834      46.8013
   16835      51.1384
   16836      53.4333
   16837      48.4878
   16838      53.4689
   16839      56.6154
   16840      59.3321
   16841      57.9848
   16842      58.7128
   16843      58.8902
   16844      54.9154
   16845      52.8764
   16846      52.6490
   16847      54.8588
   16848      55.5534
   16849      60.1658
   16850      58.1795
   16851      49.5153
   16852      47.7093
   16853      54.9997
   16854      56.8042
   16855      52.8099
   16856      43.8673
   16857      44.2374
   16858      45.1758
   16859      51.7225
   16860      52.0972
   16861      54.8039
   16862      61.1509
   16863      59.5788
   16864      57.4567
   16865      59.4705
   16866      50.1923
   16867      52.8946
   16868      55.8486
   16869      56.6392
   16870      50.0624
   16871      48.0402
   16872      43.2764
   16873      44.0687
   16874      44.9652
   16875      40.2748
   16876      38.3938
   16877      44.8910
   16878      43.8083
   16879      45.3897
   16880      45.8653
   16881      50.3378
   16882      51.0938
   16883      51.4692
   16884      50.0506
   16885      56.2480
   16886      56.0907
   16887      53.4006
   16888      50.9378
   16889      54.4734
   16890      57.0224
   16891      59.2877
   16892      56.1085
   16893      53.3473
   16894      53.3018
   16895      57.5586
   16896      60.4757
   16897      57.7728
   16898      63.3387
   16899      64.9505
   16900      63.9799
   16901      73.4209
   16902      75.2793
   16903      69.5739
   16904      68.8656
   16905      64.4764
   16906      60.0292
   16907      56.7342
   16908      56.2800
   16909      57.1694
   16910      51.9381
   16911      53.4015
   16912      52.2943
   16913      43.6384
   16914      44.9897
   16915      49.1767
   16916      50.4177
   16917      52.6498
   16918      51.9277
   16919      56.1429
   16920      53.1296
   16921      52.4179
   16922      55.1889
   16923      50.0022
   16924      53.6809
   16925      51.1644
   16926      51.0689
   16927      48.6704
   16928      47.4577
   16929      44.8705
   16930      47.5783
   16931      48.3937
   16932      52.3512
   16933      50.8069
   16934      50.2152
   16935      46.3593
   16936      37.8685
   16937      41.8793
   16938      45.7131
   16939      47.3979
   16940      45.0280
   16941      46.9121
   16942      47.2480
   16943      49.3891
   16944      47.6499
   16945      48.2423
   16946      50.0722
   16947      47.5858
   16948      46.8092
   16949      46.5577
   16950      40.3519
   16951      43.5696
   16952      48.2312
   16953      43.4283
   16954      50.9359
   16955      53.8947
   16956      56.7204
   16957      54.6973
   16958      50.7186
   16959      52.1700
   16960      52.5696
   16961      48.9351
   16962      47.1834
   16963      53.7350
   16964      58.3126
   16965      57.5222
   16966      57.7672
   16967      56.8582
   16968      54.3325
   16969      61.1302
   16970      64.2199
   16971      66.9162
   16972      66.3935
   16973      65.1851
   16974      59.6570
   16975      56.7644
   16976      55.0715
   16977      62.4252
   16978      54.3852
   16979      52.4945
   16980      50.6158
   16981      55.2325
   16982      54.7494
   16983      50.7306
   16984      49.0164
   16985      53.3033
   16986      53.1863
   16987      51.7961
   16988      56.1441
   16989      52.8525
   16990      54.5847
   16991      52.4400
   16992      49.0492
   16993      42.4992
   16994      42.6064
   16995      41.6468
   16996      42.2379
   16997      40.5178
   16998      40.1704
   16999      44.2666
   17000      51.6805
   17001      50.2784
   17002      46.4009
   17003      52.2328
   17004      50.4728
   17005      49.4512
   17006      47.7787
   17007      46.2669
   17008      45.0142
   17009      46.0232
   17010      46.5045
   17011      45.3776
   17012      50.3685
   17013      45.4809
   17014      44.0793
   17015      46.1190
   17016      46.6772
   17017      42.9672
   17018      53.9462
   17019      52.6147
   17020      47.6517
   17021      50.6824
   17022      51.3715
   17023      54.8398
   17024      49.5178
   17025      46.3096
   17026      48.4129
   17027      46.8271
   17028      48.4682
   17029      49.7417
   17030      47.4152
   17031      50.5994
   17032      50.6815
   17033      42.5043
   17034      41.6359
   17035      42.1878
   17036      42.6836
   17037      41.3649
   17038      39.7577
   17039      44.1278
   17040      42.2831
   17041      39.0266
   17042      39.5342
   17043      40.1272
   17044      38.9780
   17045      43.6045
   17046      47.1339
   17047      47.9134
   17048      52.7182
   17049      52.4877
   17050      48.3960
   17051      46.0734
   17052      51.4560
   17053      50.6915
   17054      43.7909
   17055      43.6595
   17056      44.6286
   17057      42.4748
   17058      45.3156
   17059      45.1417
   17060      42.4943
   17061      38.6813
   17062      36.1891
   17063      45.3435
   17064      48.7158
   17065      42.8987
   17066      47.1333
   17067      43.8432
   17068      48.0026
   17069      51.7080
   17070      50.8445
   17071      51.2747
   17072      50.2007
   17073      48.8988
   17074      44.4958
   17075      43.9023
   17076      41.2833
   17077      43.7682
   17078      46.7655
   17079      52.8113
   17080      47.9084
   17081      41.2514
   17082      35.7065
   17083      39.0062
   17084      39.7078
   17085      35.4621
   17086      38.2153
   17087      45.6365
   17088      48.0880
   17089      42.3247
   17090      34.8946
   17091      38.7209
   17092      34.8116
   17093      39.7199
   17094      45.4028
   17095      42.4623
   17096      40.4144
   17097      43.4667
   17098      41.3239
   17099      39.2180
   17100      43.3160
   17101      46.6058
   17102      44.7210
   17103      45.4658
   17104      42.9484
   17105      40.4818
   17106      44.2456
   17107      40.3207
   17108      45.9336
   17109      45.4997
   17110      46.4218
   17111      44.4030
   17112      42.7011
   17113      45.3707
   17114      45.6694
   17115      50.6569
   17116      55.5515
   17117      55.6199
   17118      53.5107
   17119      54.8882
   17120      55.0566
   17121      59.4985
   17122      60.4122
   17123      61.1519
   17124      62.1623
   17125      57.3756
   17126      53.5609
   17127      49.5066
   17128      51.3391
   17129      53.4715
   17130      45.7130
   17131      45.9233
   17132      45.7553
   17133      45.4261
   17134      40.3012
   17135      37.1566
   17136      37.8369
   17137      41.0953
   17138      48.4727
   17139      47.5574
   17140      44.9729
   17141      46.6740
   17142      43.5860
   17143      43.7789
   17144      47.8918
   17145      48.8880
   17146      51.9673
   17147      47.8873
   17148      47.3415
   17149      45.1714
   17150      42.1393
   17151      41.3721
   17152      47.1559
   17153      49.2706
   17154      46.7311
   17155      48.3271
   17156      50.2280
   17157      52.8784
   17158      49.7939
   17159      52.0663
   17160      47.3542
   17161      49.8211
   17162      52.7162
   17163      57.0560
   17164      54.6090
   17165      54.6780
   17166      49.2911
   17167      47.6563
   17168      49.0585
   17169      43.4321
   17170      41.7851
   17171      43.8825
   17172      46.2179
   17173      51.6032
   17174      50.6661
   17175      48.1973
   17176      47.1185
   17177      43.8831
   17178      49.8318
   17179      49.9132
   17180      44.9734
   17181      47.0105
   17182      49.0372
   17183      51.5300
   17184      50.1832
   17185      52.6726
   17186      55.2878
   17187      56.0348
   17188      52.0109
   17189      47.6648
   17190      44.1241
   17191      39.1063
   17192      41.1013
   17193      36.8055
   17194      43.2360
   17195      43.5262
   17196      45.2079
   17197      47.3497
   17198      48.4213
   17199      47.0912
   17200      46.4220
   17201      43.0677
   17202      44.5765
   17203      49.3395
   17204      49.7352
   17205      43.1000
   17206      44.2209
   17207      45.8120
   17208      46.5133
   17209      47.3736
   17210      53.3440
   17211      55.4967
   17212      52.5785
   17213      52.9600
   17214      54.8099
   17215      50.5492
   17216      54.2761
   17217      48.9339
   17218      49.8309
   17219      49.7528
   17220      57.1378
   17221      54.7731
   17222      55.1663
   17223      56.4258
   17224      53.9442
   17225      50.1278
   17226      54.0878
   17227      53.1996
   17228      54.6190
   17229      45.8880
   17230      49.4022
   17231      54.0306
   17232      58.1355
   17233      58.3268
   17234      54.0956
   17235      51.1864
   17236      53.5017
   17237      51.9568
   17238      51.8447
   17239      47.7662
   17240      49.9327
   17241      48.3647
   17242      51.2200
   17243      51.8483
   17244      54.8474
   17245      55.9693
   17246      51.0679
   17247      50.6701
   17248      46.7574
   17249      52.0975
   17250      52.6386
   17251      54.6885
   17252      53.8421
   17253      48.8245
   17254      47.0428
   17255      46.7157
   17256      48.1717
   17257      47.0938
   17258      40.4558
   17259      43.5624
   17260      43.8762
   17261      41.8518
   17262      41.9864
   17263      48.7873
   17264      48.2565
   17265      48.4986
   17266      44.0485
   17267      39.9908
   17268      34.2087
   17269      39.3705
   17270      40.7001
   17271      36.5035
   17272      39.7764
   17273      41.0283
   17274      43.6674
   17275      48.8220
   17276      48.4155
   17277      52.4484
   17278      53.6910
   17279      50.4433
   17280      45.3543
   17281      46.4480
   17282      47.5613
   17283      44.5532
   17284      47.1122
   17285      47.5304
   17286      48.1884
   17287      46.0996
   17288      43.4372
   17289      49.2226
   17290      50.7802
   17291      49.2822
   17292      49.8226
   17293      54.4099
   17294      58.2333
   17295      56.5659
   17296      54.0412
   17297      49.4553
   17298      45.5455
   17299      45.0628
   17300      49.5364
   17301      48.4182
   17302      54.7468
   17303      49.0565
   17304      51.3094
   17305      46.9747
   17306      48.4510
   17307      48.4442
   17308      47.0789
   17309      45.1490
   17310      45.3224
   17311      41.4831
   17312      41.8425
   17313      39.1033
   17314      46.7009
   17315      47.8865
   17316      44.4070
   17317      46.7242
   17318      50.8660
   17319      49.0865
   17320      45.9290
   17321      43.5763
   17322      42.3649
   17323      47.1285
   17324      42.2677
   17325      42.8889
   17326      45.1675
   17327      44.6655
   17328      43.8410
   17329      50.3288
   17330      54.5441
   17331      55.1359
   17332      53.8051
   17333      49.3487
   17334      49.4625
   17335      52.9139
   17336      50.6098
   17337      52.3865
   17338      51.2012
   17339      53.7941
   17340      53.3989
   17341      52.3925
   17342      48.3822
   17343      45.4809
   17344      47.6644
   17345      51.3172
   17346      52.8572
   17347      49.4254
   17348      44.8316
   17349      48.8353
   17350      52.4794
   17351      53.3988
   17352      49.3154
   17353      45.7114
   17354      43.0327
   17355      43.2215
   17356      51.5165
   17357      54.1371
   17358      51.8308
   17359      52.9315
   17360      50.6204
   17361      52.1356
   17362      50.1783
   17363      58.2820
   17364      54.4983
   17365      49.3592
   17366      46.2281
   17367      46.0174
   17368      44.7701
   17369      49.2095
   17370      50.7810
   17371      51.0738
   17372      50.3926
   17373      50.0139
   17374      50.0384
   17375      44.3672
   17376      42.8659
   17377      44.1876
   17378      53.4492
   17379      48.1215
   17380      41.9615
   17381      37.1543
   17382      42.1380
   17383      45.1156
   17384      49.7411
   17385      49.1988
   17386      50.3275
   17387      50.1598
   17388      50.1804
   17389      51.0762
   17390      50.6731
   17391      50.8345
   17392      47.0439
   17393      49.7239
   17394      44.9861
   17395      46.0585
   17396      47.6653
   17397      43.0633
   17398      49.0686
   17399      48.4382
   17400      50.3860
   17401      47.6027
   17402      48.4244
   17403      47.3898
   17404      47.8393
   17405      48.9713
   17406      49.5087
   17407      52.5781
   17408      50.6536
   17409      56.4077
   17410      53.6680
   17411      57.0606
   17412      59.4121
   17413      54.8743
   17414      61.0774
   17415      58.4107
   17416      63.1646
   17417      66.0829
   17418      57.7337
   17419      53.6788
   17420      48.0877
   17421      43.2833
   17422      42.7724
   17423      43.4163
   17424      44.8243
   17425      53.4404
   17426      55.4425
   17427      52.0173
   17428      47.8009
   17429      52.3850
   17430      50.4394
   17431      52.0961
   17432      50.8946
   17433      51.2484
   17434      51.3401
   17435      52.5961
   17436      56.7393
   17437      54.2063
   17438      52.9169
   17439      49.3985
   17440      49.0508
   17441      49.4126
   17442      50.5051
   17443      56.9761
   17444      58.1026
   17445      53.8631
   17446      47.8775
   17447      48.3318
   17448      50.1686
   17449      46.9089
   17450      47.8471
   17451      44.3729
   17452      46.9230
   17453      51.7825
   17454      51.0250
   17455      51.2009
   17456      49.6933
   17457      47.3987
   17458      45.7335
   17459      44.7813
   17460      42.1590
   17461      41.3338
   17462      38.2617
   17463      41.3101
   17464      37.2842
   17465      42.7691
   17466      43.3401
   17467      40.2043
   17468      40.0034
   17469      41.5255
   17470      39.7855
   17471      39.5514
   17472      40.6752
   17473      36.7003
   17474      44.8534
   17475      53.0420
   17476      50.6513
   17477      49.5667
   17478      42.5748
   17479      45.6235
   17480      50.0971
   17481      55.4753
   17482      57.2635
   17483      53.4305
   17484      52.7525
   17485      44.7487
   17486      53.4473
   17487      53.5390
   17488      52.6521
   17489      49.4900
   17490      51.4253
   17491      52.9570
   17492      54.8200
   17493      50.4656
   17494      49.8376
   17495      51.2842
   17496      52.3769
   17497      54.7432
   17498      61.5262
   17499      55.3410
   17500      51.5188
   17501      55.2575
   17502      53.2975
   17503      50.1687
   17504      47.1063
   17505      46.4063
   17506      51.8579
   17507      54.9031
   17508      55.2276
   17509      52.8801
   17510      54.5186
   17511      56.1250
   17512      53.8504
   17513      59.1150
   17514      58.1093
   17515      57.0443
   17516      51.8278
   17517      48.7185
   17518      49.3637
   17519      51.2946
   17520      53.6474
   17521      60.2017
   17522      58.5622
   17523      53.0754
   17524      49.2668
   17525      50.8868
   17526      54.1976
   17527      55.5194
   17528      55.6835
   17529      51.3789
   17530      52.7264
   17531      49.2894
   17532      50.0893
   17533      50.8601
   17534      47.7922
   17535      47.6618
   17536      53.4804
   17537      55.1770
   17538      51.7767
   17539      56.6465
   17540      49.8585
   17541      58.5649
   17542      59.8562
   17543      52.7464
   17544      50.3931
   17545      52.0861
   17546      52.1710
   17547      51.8759
   17548      52.3312
   17549      51.2282
   17550      44.3464
   17551      45.5868
   17552      52.4247
   17553      53.2666
   17554      53.9791
   17555      50.6248
   17556      48.6828
   17557      45.6187
   17558      46.0333
   17559      48.3563
   17560      46.1473
   17561      51.1154
   17562      52.3516
   17563      49.1239
   17564      49.5420
   17565      49.0289
   17566      43.6431
   17567      43.8445
   17568      44.9267
   17569      39.1195
   17570      45.9552
   17571      48.9547
   17572      52.9341
   17573      53.1253
   17574      51.2264
   17575      49.2373
   17576      46.8537
   17577      48.6537
   17578      51.5656
   17579      50.0450
   17580      51.6000
   17581      50.0013
   17582      48.8121
   17583      51.2787
   17584      53.3433
   17585      56.0725
   17586      57.4212
   17587      57.9546
   17588      56.3966
   17589      58.5651
   17590      57.9827
   17591      58.0264
   17592      57.4249
   17593      54.3740
   17594      48.4295
   17595      41.2472
   17596      46.3923
   17597      45.6659
   17598      51.0083
   17599      51.3582
   17600      52.5974
   17601      51.4485
   17602      52.7117
   17603      50.9336
   17604      48.8822
   17605      44.2280
   17606      38.8122
   17607      38.0524
   17608      44.3582
   17609      48.4527
   17610      45.1990
   17611      43.9113
   17612      40.6245
   17613      45.5630
   17614      43.7334
   17615      49.5607
   17616      52.0791
   17617      56.2430
   17618      56.3396
   17619      51.6659
   17620      55.8674
   17621      48.2135
   17622      48.9090
   17623      54.1745
   17624      54.7554
   17625      51.6063
   17626      55.4371
   17627      58.0408
   17628      56.1188
   17629      56.0259
   17630      55.1206
   17631      55.9363
   17632      55.2404
   17633      55.6533
   17634      47.5537
   17635      48.4195
   17636      54.3709
   17637      52.3940
   17638      50.9178
   17639      52.0243
   17640      50.3145
   17641      50.5804
   17642      52.2792
   17643      52.1841
   17644      54.6350
   17645      54.7795
   17646      55.9931
   17647      58.1303
   17648      62.0262
   17649      62.4368
   17650      59.0992
   17651      56.6330
   17652      56.0695
   17653      55.6052
   17654      54.2820
   17655      54.5429
   17656      55.0249
   17657      56.3384
   17658      52.1071
   17659      48.8991
   17660      47.9266
   17661      51.2677
   17662      49.2102
   17663      51.4731
   17664      50.9436
   17665      52.9001
   17666      46.9763
   17667      51.6729
   17668      53.5237
   17669      52.1505
   17670      49.9804
   17671      50.0658
   17672      56.4540
   17673      54.4017
   17674      50.1573
   17675      44.3086
   17676      50.6514
   17677      48.8957
   17678      46.9616
   17679      51.4934
   17680      45.3914
   17681      48.3903
   17682      49.2309
   17683      44.9311
   17684      44.0732
   17685      46.2422
   17686      50.2538
   17687      46.3326
   17688      41.5561
   17689      42.1991
   17690      45.2640
   17691      47.7267
   17692      45.0096
   17693      45.8356
   17694      43.4331
   17695      48.8840
   17696      42.6059
   17697      35.5353
   17698      38.1410
   17699      42.8754
   17700      45.5047
   17701      45.2332
   17702      51.8302
   17703      47.4881
   17704      51.4000
   17705      46.9080
   17706      42.5894
   17707      42.5050
   17708      48.0151
   17709      51.3408
   17710      51.5697
   17711      52.2600
   17712      50.7770
   17713      49.4715
   17714      49.6244
   17715      49.6459
   17716      55.6372
   17717      55.6262
   17718      57.8883
   17719      63.7569
   17720      65.9976
   17721      68.6556
   17722      65.5090
   17723      60.8056
   17724      57.7990
   17725      57.3222
   17726      61.3461
   17727      61.7092
   17728      59.9803
   17729      61.8735
   17730      54.0748
   17731      50.0919
   17732      52.7121
   17733      49.5472
   17734      57.8522
   17735      56.7555
   17736      57.8286
   17737      49.8619
   17738      43.9076
   17739      46.5716
   17740      50.7121
   17741      48.9217
   17742      50.9337
   17743      56.9945
   17744      55.8402
   17745      58.9632
   17746      56.7408
   17747      57.0149
   17748      59.0317
   17749      57.8560
   17750      57.8843
   17751      63.8921
   17752      62.0231
   17753      56.3460
   17754      55.4184
   17755      56.8251
   17756      57.7116
   17757      55.2447
   17758      54.9390
   17759      49.4526
   17760      45.3993
   17761      50.2452
   17762      48.1348
   17763      45.8640
   17764      46.2294
   17765      47.7417
   17766      51.5751
   17767      49.7913
   17768      49.9491
   17769      50.8090
   17770      53.0403
   17771      53.2421
   17772      55.3615
   17773      55.8678
   17774      56.8468
   17775      57.3620
   17776      58.2370
   17777      52.5173
   17778      51.3166
   17779      51.8579
   17780      57.4502
   17781      54.3487
   17782      55.0510
   17783      55.2917
   17784      55.8141
   17785      52.7966
   17786      52.4096
   17787      50.9563
   17788      47.7273
   17789      53.5587
   17790      49.7994
   17791      49.7287
   17792      51.6991
   17793      56.1986
   17794      55.5581
   17795      54.9459
   17796      53.7549
   17797      55.0878
   17798      57.3559
   17799      57.6922
   17800      54.1035
   17801      49.7466
   17802      47.9872
   17803      47.5533
   17804      51.1161
   17805      49.6189
   17806      51.5743
   17807      51.8917
   17808      52.7048
   17809      54.9160
   17810      54.6470
   17811      52.4995
   17812      51.5567
   17813      52.8279
   17814      47.2128
   17815      47.2561
   17816      46.6450
   17817      44.7729
   17818      46.9855
   17819      46.2583
   17820      44.2285
   17821      49.8213
   17822      49.7870
   17823      49.2210
   17824      45.7166
   17825      42.6234
   17826      38.4936
   17827      40.0519
   17828      45.5297
   17829      46.1367
   17830      47.8816
   17831      48.0477
   17832      43.5552
   17833      47.3024
   17834      49.4178
   17835      50.8501
   17836      51.5142
   17837      47.5610
   17838      50.4603
   17839      48.7742
   17840      46.0618
   17841      44.3290
   17842      48.4630
   17843      49.1724
   17844      50.2332
   17845      49.2919
   17846      47.8740
   17847      45.1213
   17848      47.8013
   17849      48.7867
   17850      49.0383
   17851      45.7689
   17852      50.6766
   17853      54.8979
   17854      54.9055
   17855      52.2173
   17856      51.1220
   17857      55.2221
   17858      51.7914
   17859      52.1259
   17860      50.4882
   17861      50.2204
   17862      47.7400
   17863      48.0926
   17864      52.3103
   17865      50.2332
   17866      45.9615
   17867      47.0091
   17868      47.7752
   17869      47.7848
   17870      44.2053
   17871      45.0985
   17872      42.8039
   17873      43.5319
   17874      40.5705
   17875      40.8876
   17876      41.1410
   17877      41.5039
   17878      47.3087
   17879      41.6364
   17880      41.2359
   17881      40.0498
   17882      45.5845
   17883      43.4383
   17884      45.8542
   17885      49.1285
   17886      49.3899
   17887      50.1597
   17888      49.5087
   17889      46.8705
   17890      46.5574
   17891      42.9582
   17892      43.6569
   17893      41.0808
   17894      41.9221
   17895      44.9632
   17896      42.7689
   17897      38.5837
   17898      39.0744
   17899      38.0043
   17900      37.0648
   17901      38.0757
   17902      39.2719
   17903      36.9071
   17904      37.4847
   17905      43.4614
   17906      43.3430
   17907      48.5289
   17908      50.6587
   17909      51.5638
   17910      52.3744
   17911      50.5444
   17912      54.9077
   17913      56.5352
   17914      59.4128
   17915      60.4868
   17916      63.8152
   17917      65.5399
   17918      68.5954
   17919      72.4538
   17920      70.4893
   17921      69.3787
   17922      70.8057
   17923      70.9657
   17924      70.0050
   17925      68.4781
   17926      68.5586
   17927      69.1879
   17928      67.7920
   17929      60.1219
   17930      59.0967
   17931      60.1744
   17932      56.4958
   17933      56.1791
   17934      59.0527
   17935      61.5779
   17936      61.4507
   17937      62.0401
   17938      64.4845
   17939      63.7939
   17940      63.4363
   17941      60.8441
   17942      59.7475
   17943      55.2285
   17944      56.4071
   17945      47.5480
   17946      42.7949
   17947      39.4918
   17948      38.1451
   17949      43.2351
   17950      41.3545
   17951      48.7221
   17952      50.6638
   17953      50.6254
   17954      49.8242
   17955      48.2049
   17956      47.0726
   17957      47.2318
   17958      47.8579
   17959      44.8521
   17960      45.3248
   17961      40.1869
   17962      42.2761
   17963      47.5515
   17964      49.3910
   17965      45.4425
   17966      43.7319
   17967      47.6171
   17968      45.7802
   17969      46.1484
   17970      51.5804
   17971      49.8786
   17972      48.0065
   17973      44.0269
   17974      40.9898
   17975      36.3855
   17976      39.1137
   17977      42.6962
   17978      47.2474
   17979      48.0435
   17980      52.8351
   17981      53.6657
   17982      53.3684
   17983      56.5759
   17984      56.1908
   17985      53.9705
   17986      56.6868
   17987      55.7955
   17988      52.5869
   17989      50.7519
   17990      52.8290
   17991      46.6273
   17992      46.1922
   17993      46.9889
   17994      45.5115
   17995      48.7331
   17996      44.9451
   17997      45.2775
   17998      46.5797
   17999      50.6127
   18000      56.6335
   18001      55.5946
   18002      56.4300
   18003      49.9839
   18004      52.1230
   18005      54.8518
   18006      55.2901
   18007      53.8527
   18008      58.0334
   18009      58.5254
   18010      51.8285
   18011      50.3325
   18012      46.1239
   18013      47.4537
   18014      43.2938
   18015      50.9644
   18016      46.6687
   18017      51.1898
   18018      46.7920
   18019      49.4024
   18020      46.2870
   18021      52.3638
   18022      53.3504
   18023      50.8812
   18024      55.8869
   18025      56.0307
   18026      53.7231
   18027      53.1243
   18028      55.8902
   18029      57.9986
   18030      59.3218
   18031      52.7288
   18032      49.8310
   18033      57.5596
   18034      59.5291
   18035      62.1696
   18036      63.5825
   18037      67.0622
   18038      67.6635
   18039      66.2040
   18040      67.5540
   18041      63.2625
   18042      59.9244
   18043      58.7267
   18044      59.5165
   18045      60.1275
   18046      59.7400
   18047      54.4131
   18048      50.8713
   18049      48.2051
   18050      47.9079
   18051      50.6321
   18052      49.7528
   18053      49.6932
   18054      49.6331
   18055      50.3161
   18056      48.5915
   18057      45.5138
   18058      47.7684
   18059      43.8627
   18060      46.7861
   18061      49.9087
   18062      51.1391
   18063      53.4314
   18064      47.9772
   18065      44.1002
   18066      48.8982
   18067      53.5029
   18068      52.5474
   18069      51.9061
   18070      48.5125
   18071      45.8197
   18072      48.2171
   18073      54.9372
   18074      62.5757
   18075      66.4450
   18076      71.0403
   18077      72.8640
   18078      66.7869
   18079      62.1636
   18080      56.9030
   18081      49.8264
   18082      48.4536
   18083      50.4114
   18084      50.1075
   18085      58.0544
   18086      58.8339
   18087      54.3601
   18088      50.5132
   18089      52.5522
   18090      54.6577
   18091      53.9101
   18092      58.9817
   18093      59.8289
   18094      61.7777
   18095      64.6998
   18096      63.6723
   18097      57.7010
   18098      56.4028
   18099      49.9278
   18100      49.5412
   18101      45.1772
   18102      49.1378
   18103      51.8849
   18104      54.7997
   18105      51.4838
   18106      46.6348
   18107      47.5413
   18108      42.2964
   18109      42.0185
   18110      41.7613
   18111      45.4839
   18112      44.7456
   18113      46.3896
   18114      47.9869
   18115      47.6880
   18116      47.3409
   18117      43.6224
   18118      45.2469
   18119      44.1321
   18120      43.4802
   18121      45.2609
   18122      45.9409
   18123      51.0489
   18124      52.5213
   18125      55.3371
   18126      54.2510
   18127      49.1572
   18128      47.9404
   18129      47.0786
   18130      48.8682
   18131      52.2958
   18132      51.7600
   18133      51.6847
   18134      52.1948
   18135      51.6281
   18136      53.3174
   18137      54.8652
   18138      53.0818
   18139      52.1692
   18140      48.8540
   18141      41.7607
   18142      47.7625
   18143      48.9674
   18144      50.7154
   18145      52.6910
   18146      47.1592
   18147      48.8020
   18148      52.7715
   18149      53.0971
   18150      46.9407
   18151      47.4584
   18152      47.6869
   18153      48.1224
   18154      51.1694
   18155      48.9915
   18156      44.9398
   18157      49.8104
   18158      50.9281
   18159      47.5302
   18160      44.8194
   18161      46.9845
   18162      47.8441
   18163      51.6714
   18164      45.6530
   18165      53.3444
   18166      53.6263
   18167      53.2170
   18168      46.7033
   18169      49.0490
   18170      54.5886
   18171      48.7361
   18172      55.4361
   18173      50.7606
   18174      50.5333
   18175      51.5546
   18176      50.0649
   18177      47.6989
   18178      49.9289
   18179      51.9851
   18180      51.3517
   18181      49.5234
   18182      45.3077
   18183      39.6334
   18184      42.2555
   18185      46.4166
   18186      41.4055
   18187      46.1128
   18188      48.2429
   18189      50.4295
   18190      51.2581
   18191      52.8437
   18192      55.4473
   18193      49.3582
   18194      46.5261
   18195      50.1798
   18196      49.1807
   18197      44.3494
   18198      45.3962
   18199      43.7781
   18200      47.4217
   18201      48.4426
   18202      49.0247
   18203      48.5988
   18204      51.7379
   18205      53.6733
   18206      49.6649
   18207      53.9127
   18208      56.6674
   18209      59.2169
   18210      61.2728
   18211      57.7226
   18212      57.6584
   18213      60.7267
   18214      59.3376
   18215      57.7165
   18216      59.0902
   18217      57.2348
   18218      54.6479
   18219      51.8503
   18220      52.7246
   18221      52.3488
   18222      53.6078
   18223      47.3165
   18224      42.8975
   18225      48.2512
   18226      50.9275
   18227      45.7374
   18228      44.4873
   18229      52.3699
   18230      53.0828
   18231      51.2704
   18232      51.3951
   18233      53.7950
   18234      53.0344
   18235      54.1096
   18236      54.4851
   18237      49.6591
   18238      53.7117
   18239      49.8772
   18240      56.5004
   18241      56.4266
   18242      54.1106
   18243      51.2264
   18244      48.6664
   18245      47.0817
   18246      51.6938
   18247      51.1483
   18248      49.5837
   18249      46.9462
   18250      45.7029
   18251      47.8697
   18252      53.3945
   18253      58.6428
   18254      55.7693
   18255      57.7220
   18256      56.1693
   18257      56.4225
   18258      54.5129
   18259      55.0240
   18260      59.6265
   18261      59.1621
   18262      58.6008
   18263      58.9488
   18264      47.6027
   18265      50.8857
   18266      50.0713
   18267      49.0694
   18268      55.1292
   18269      49.1607
   18270      48.3252
   18271      51.1913
   18272      47.1656
   18273      48.5852
   18274      47.7908
   18275      50.4021
   18276      50.4328
   18277      50.3397
   18278      45.4770
   18279      50.1518
   18280      51.7127
   18281      47.5510
   18282      51.4349
   18283      52.8729
   18284      50.5066
   18285      48.0643
   18286      47.9288
   18287      52.6545
   18288      53.8816
   18289      58.7785
   18290      55.9405
   18291      57.8714
   18292      54.2274
   18293      56.4404
   18294      51.1012
   18295      49.0481
   18296      47.0694
   18297      52.9562
   18298      54.9525
   18299      50.3517
   18300      52.6670
   18301      53.7503
   18302      55.7723
   18303      51.7279
   18304      49.6493
   18305      52.3303
   18306      54.8890
   18307      54.0805
   18308      53.6540
   18309      53.8574
   18310      53.2008
   18311      57.6905
   18312      56.3066
   18313      53.0623
   18314      56.7360
   18315      54.6542
   18316      57.1856
   18317      59.4908
   18318      54.0067
   18319      50.4395
   18320      53.4637
   18321      48.9490
   18322      46.4200
   18323      47.6904
   18324      45.2237
   18325      44.3925
   18326      47.3322
   18327      47.0017
   18328      46.3708
   18329      45.8539
   18330      42.4136
   18331      41.3264
   18332      45.5840
   18333      46.3714
   18334      48.6141
   18335      48.8232
   18336      48.4883
   18337      48.6025
   18338      47.8322
   18339      47.5844
   18340      48.5473
   18341      52.2382
   18342      55.1357
   18343      63.0075
   18344      65.4121
   18345      57.0476
   18346      52.2883
   18347      52.7317
   18348      49.8751
   18349      49.8158
   18350      42.4277
   18351      37.2223
   18352      45.5384
   18353      49.3580
   18354      50.8216
   18355      48.0777
   18356      47.2333
   18357      50.2172
   18358      49.0929
   18359      51.3647
   18360      52.2382
   18361      52.6593
   18362      55.1644
   18363      51.1945
   18364      48.0611
   18365      42.7341
   18366      46.5993
   18367      45.8694
   18368      48.8533
   18369      49.5432
   18370      49.1257
   18371      49.6415
   18372      53.1965
   18373      50.8600
   18374      48.6804
   18375      50.5342
   18376      44.7056
   18377      44.1457
   18378      40.4519
   18379      47.3164
   18380      48.6478
   18381      53.6178
   18382      50.1235
   18383      49.5664
   18384      48.9748
   18385      52.7083
   18386      49.9661
   18387      47.4941
   18388      46.5024
   18389      45.5657
   18390      46.5457
   18391      49.8411
   18392      54.5311
   18393      53.3582
   18394      51.8801
   18395      50.7293
   18396      51.4077
   18397      55.9658
   18398      52.7542
   18399      46.5577
   18400      45.0982
   18401      42.4727
   18402      40.2960
   18403      43.4096
   18404      47.0947
   18405      50.2488
   18406      44.2927
   18407      47.6830
   18408      46.9558
   18409      46.4407
   18410      47.4687
   18411      47.8109
   18412      45.2779
   18413      46.6418
   18414      43.5474
   18415      45.0379
   18416      41.1230
   18417      44.0082
   18418      44.9069
   18419      44.1469
   18420      44.7242
   18421      47.4381
   18422      43.4769
   18423      38.4900
   18424      41.1266
   18425      39.8313
   18426      40.4319
   18427      42.1850
   18428      43.8045
   18429      42.2059
   18430      44.9777
   18431      42.1069
   18432      45.6482
   18433      44.4767
   18434      41.9432
   18435      40.9179
   18436      38.4730
   18437      39.1285
   18438      38.4991
   18439      43.9797
   18440      45.6762
   18441      44.0863
   18442      42.3431
   18443      47.5103
   18444      45.2417
   18445      43.4883
   18446      44.9113
   18447      45.0650
   18448      45.2497
   18449      48.7832
   18450      51.6410
   18451      47.2689
   18452      40.7768
   18453      43.0936
   18454      41.7874
   18455      39.2834
   18456      40.2330
   18457      43.9528
   18458      44.9078
   18459      46.4872
   18460      44.3416
   18461      44.3268
   18462      42.3028
   18463      41.6205
   18464      41.7561
   18465      42.6259
   18466      42.4213
   18467      41.1873
   18468      47.0852
   18469      52.4985
   18470      50.0396
   18471      44.3894
   18472      44.4320
   18473      45.5338
   18474      47.8986
   18475      46.0046
   18476      46.4199
   18477      49.7309
   18478      46.4919
   18479      43.0920
   18480      42.7547
   18481      43.6687
   18482      48.6432
   18483      52.0586
   18484      47.3451
   18485      45.9240
   18486      47.2185
   18487      48.5023
   18488      42.5814
   18489      40.8604
   18490      43.2740
   18491      46.6410
   18492      45.8476
   18493      39.2806
   18494      43.3614
   18495      45.7277
   18496      49.4158
   18497      60.7661
   18498      56.6107
   18499      56.9192
   18500      60.1837
   18501      60.3345
   18502      62.4773
   18503      54.1546
   18504      53.2406
   18505      54.0805
   18506      55.6851
   18507      59.1985
   18508      55.8618
   18509      56.3105
   18510      54.4462
   18511      54.5395
   18512      56.1786
   18513      55.8079
   18514      52.4617
   18515      54.2734
   18516      51.1430
   18517      50.0104
   18518      49.1605
   18519      54.4366
   18520      55.9888
   18521      54.7089
   18522      50.0746
   18523      48.0427
   18524      45.7425
   18525      49.0051
   18526      51.8041
   18527      51.1390
   18528      46.6062
   18529      49.6913
   18530      48.1910
   18531      50.7532
   18532      50.1932
   18533      46.6171
   18534      47.9980
   18535      54.6247
   18536      54.2703
   18537      54.4993
   18538      53.8562
   18539      55.3677
   18540      47.4048
   18541      41.9156
   18542      41.8210
   18543      44.9760
   18544      47.7123
   18545      47.4294
   18546      45.9016
   18547      45.5229
   18548      49.5199
   18549      52.1186
   18550      51.1008
   18551      51.5422
   18552      51.2294
   18553      49.2139
   18554      51.1375
   18555      50.6835
   18556      51.1783
   18557      52.9059
   18558      54.0820
   18559      46.3331
   18560      45.6073
   18561      50.4382
   18562      48.4543
   18563      48.9797
   18564      56.1486
   18565      55.9986
   18566      51.0262
   18567      49.1665
   18568      47.5992
   18569      45.5352
   18570      41.4701
   18571      45.6496
   18572      43.8303
   18573      39.7055
   18574      44.0313
   18575      48.1012
   18576      44.9698
   18577      44.1321
   18578      45.5627
   18579      43.7695
   18580      49.7491
   18581      48.5723
   18582      51.2861
   18583      48.7191
   18584      46.4780
   18585      49.5461
   18586      51.4930
   18587      50.9063
   18588      51.6909
   18589      52.9237
   18590      49.3182
   18591      43.6511
   18592      42.3882
   18593      42.4138
   18594      40.6226
   18595      41.2192
   18596      43.7404
   18597      48.3755
   18598      47.4129
   18599      50.4855
   18600      49.1365
   18601      51.0727
   18602      47.7535
   18603      56.3825
   18604      58.5967
   18605      57.3508
   18606      60.6797
   18607      60.5821
   18608      61.5560
   18609      59.2603
   18610      51.9804
   18611      48.0070
   18612      55.0280
   18613      57.0447
   18614      56.9686
   18615      57.8119
   18616      54.1347
   18617      48.4232
   18618      48.8253
   18619      48.0183
   18620      42.0462
   18621      39.9702
   18622      41.4492
   18623      46.3669
   18624      53.8484
   18625      56.9773
   18626      57.3184
   18627      49.9187
   18628      51.6720
   18629      48.2275
   18630      45.0326
   18631      42.7445
   18632      41.5120
   18633      44.1604
   18634      44.3225
   18635      47.0642
   18636      49.3984
   18637      47.3709
   18638      48.0260
   18639      46.6755
   18640      45.7399
   18641      45.8708
   18642      49.4126
   18643      48.8784
   18644      46.9501
   18645      48.0156
   18646      52.6448
   18647      45.2111
   18648      51.0808
   18649      38.6952
   18650      37.7397
   18651      41.5817
   18652      44.2585
   18653      45.0966
   18654      49.4355
   18655      51.7152
   18656      50.0529
   18657      51.2469
   18658      51.7175
   18659      49.7041
   18660      50.9757
   18661      52.4537
   18662      55.0654
   18663      56.4519
   18664      54.9148
   18665      51.1421
   18666      50.0344
   18667      47.9861
   18668      42.4560
   18669      44.7817
   18670      47.9866
   18671      51.9113
   18672      52.9587
   18673      51.0355
   18674      49.8577
   18675      49.7286
   18676      48.5764
   18677      45.9595
   18678      42.8937
   18679      45.9497
   18680      47.2233
   18681      43.4985
   18682      41.1553
   18683      41.0133
   18684      41.1332
   18685      41.0646
   18686      40.0803
   18687      37.3297
   18688      35.5406
   18689      39.3219
   18690      45.9938
   18691      51.0519
   18692      50.2118
   18693      49.7610
   18694      45.7928
   18695      44.6994
   18696      44.2482
   18697      46.0796
   18698      50.1765
   18699      55.1097
   18700      48.5724
   18701      47.5360
   18702      50.2966
   18703      51.7266
   18704      44.9199
   18705      39.4785
   18706      38.6119
   18707      44.7071
   18708      50.0926
   18709      51.8876
   18710      52.2902
   18711      47.4494
   18712      46.6385
   18713      45.7272
   18714      51.6050
   18715      46.6473
   18716      42.8689
   18717      41.7557
   18718      41.2074
   18719      41.1113
   18720      43.4726
   18721      45.2528
   18722      46.5937
   18723      48.5111
   18724      46.6464
   18725      50.1653
   18726      45.1608
   18727      46.1459
   18728      41.4899
   18729      45.8231
   18730      42.1884
   18731      38.7905
   18732      38.6544
   18733      41.7604
   18734      38.0039
   18735      38.9315
   18736      38.8752
   18737      43.3459
   18738      49.2516
   18739      54.4260
   18740      53.8162
   18741      51.5681
   18742      52.1561
   18743      49.1572
   18744      45.8807
   18745      43.6974
   18746      45.0192
   18747      48.7341
   18748      55.0398
   18749      53.0132
   18750      48.8874
   18751      53.2065
   18752      54.0133
   18753      52.5213
   18754      46.3611
   18755      50.1243
   18756      60.6822
   18757      58.4095
   18758      56.8391
   18759      47.1566
   18760      51.5696
   18761      46.3033
   18762      46.7731
   18763      47.5328
   18764      47.6872
   18765      45.7986
   18766      53.5548
   18767      52.8962
   18768      47.5767
   18769      48.0317
   18770      45.8492
   18771      46.4717
   18772      50.2813
   18773      53.3420
   18774      56.3281
   18775      62.5526
   18776      57.2393
   18777      53.9939
   18778      56.8480
   18779      55.3663
   18780      50.5393
   18781      56.6284
   18782      54.8729
   18783      54.7186
   18784      55.2350
   18785      62.5956
   18786      61.5589
   18787      60.1977
   18788      54.9334
   18789      55.7493
   18790      59.8894
   18791      63.6900
   18792      54.7119
   18793      50.3617
   18794      59.4399
   18795      55.8889
   18796      60.6542
   18797      58.7655
   18798      58.5474
   18799      56.3982
   18800      60.3644
   18801      60.5262
   18802      56.0974
   18803      52.5990
   18804      53.2739
   18805      53.3329
   18806      50.5367
   18807      54.9194
   18808      61.8471
   18809      63.5048
   18810      65.5003
   18811      55.6610
   18812      54.9109
   18813      54.2411
   18814      64.3487
   18815      65.3274
   18816      63.3997
   18817      59.5292
   18818      57.6312
   18819      57.4471
   18820      55.4386
   18821      53.7795
   18822      57.0169
   18823      57.0851
   18824      54.4554
   18825      60.4719
   18826      57.2456
   18827      51.3314
   18828      49.5226
   18829      47.6966
   18830      44.2388
   18831      44.7845
   18832      47.1576
   18833      47.6360
   18834      44.2176
   18835      45.9212
   18836      47.8754
   18837      48.9302
   18838      46.0895
   18839      45.0430
   18840      44.8892
   18841      43.0686
   18842      39.2465
   18843      48.0405
   18844      43.5076
   18845      40.4204
   18846      50.1064
   18847      52.3291
   18848      50.9342
   18849      51.9953
   18850      45.3081
   18851      45.0854
   18852      44.4395
   18853      41.7624
   18854      42.3522
   18855      48.6272
   18856      43.2025
   18857      44.3415
   18858      36.3851
   18859      42.1628
   18860      44.5856
   18861      49.4300
   18862      51.9859
   18863      45.0977
   18864      46.9294
   18865      47.9360
   18866      48.0331
   18867      43.8022
   18868      45.2870
   18869      48.2206
   18870      47.2203
   18871      46.4606
   18872      51.6022
   18873      57.8617
   18874      58.0928
   18875      53.7293
   18876      48.4492
   18877      50.5783
   18878      47.7653
   18879      49.8809
   18880      47.6045
   18881      42.6581
   18882      43.4313
   18883      43.5337
   18884      44.1516
   18885      44.2703
   18886      46.2215
   18887      50.4689
   18888      56.0583
   18889      60.2641
   18890      53.8483
   18891      52.3874
   18892      51.4221
   18893      47.0684
   18894      44.6360
   18895      45.5711
   18896      43.7781
   18897      45.7732
   18898      39.9575
   18899      36.4702
   18900      36.8674
   18901      45.6723
   18902      50.5030
   18903      50.3534
   18904      48.1552
   18905      39.9166
   18906      39.1720
   18907      40.2180
   18908      39.6806
   18909      35.0628
   18910      31.5453
   18911      36.8020
   18912      39.6032
   18913      46.2826
   18914      47.6758
   18915      46.4675
   18916      49.3006
   18917      55.0456
   18918      54.6548
   18919      55.0587
   18920      51.2947
   18921      48.3886
   18922      45.6090
   18923      42.3966
   18924      40.5352
   18925      44.1231
   18926      48.0366
   18927      47.5126
   18928      50.9262
   18929      50.1949
   18930      46.5819
   18931      47.0986
   18932      46.2952
   18933      47.0632
   18934      43.1230
   18935      45.4459
   18936      48.0088
   18937      50.5127
   18938      50.3160
   18939      50.8302
   18940      50.3998
   18941      55.4104
   18942      49.8302
   18943      44.9529
   18944      49.4438
   18945      43.3868
   18946      41.5825
   18947      46.4275
   18948      49.1894
   18949      52.8014
   18950      59.1389
   18951      55.2065
   18952      52.7296
   18953      48.5103
   18954      48.7418
   18955      48.2186
   18956      43.1285
   18957      42.7685
   18958      36.5863
   18959      35.6098
   18960      42.7800
   18961      42.5153
   18962      37.6664
   18963      37.3910
   18964      43.9938
   18965      40.9462
   18966      37.1926
   18967      41.0388
   18968      47.8458
   18969      50.3958
   18970      56.4737
   18971      52.7749
   18972      46.5321
   18973      40.6668
   18974      46.3156
   18975      41.7265
   18976      45.3125
   18977      42.8210
   18978      40.0922
   18979      42.2823
   18980      41.2241
   18981      45.7851
   18982      44.7278
   18983      46.5580
   18984      43.3097
   18985      40.8112
   18986      46.7006
   18987      49.4333
   18988      50.8510
   18989      49.9515
   18990      47.7702
   18991      53.4823
   18992      51.9446
   18993      53.8468
   18994      54.8336
   18995      53.5657
   18996      51.8708
   18997      52.0678
   18998      53.5668
   18999      58.5743
   19000      53.3805
   19001      49.3002
   19002      46.5919
   19003      46.8149
   19004      47.4496
   19005      52.6842
   19006      41.9762
   19007      41.5840
   19008      47.0738
   19009      52.6125
   19010      53.3553
   19011      50.8910
   19012      53.0194
   19013      58.4926
   19014      60.0542
   19015      52.9940
   19016      48.0443
   19017      45.6607
   19018      44.4084
   19019      40.1359
   19020      40.3812
   19021      40.3659
   19022      40.7360
   19023      49.3294
   19024      47.7953
   19025      45.8371
   19026      43.5405
   19027      45.4887
   19028      54.2076
   19029      55.5018
   19030      59.4941
   19031      59.2459
   19032      57.0599
   19033      50.8897
   19034      50.1578
   19035      50.9140
   19036      53.6475
   19037      53.2253
   19038      48.2945
   19039      50.2962
   19040      51.2786
   19041      55.2508
   19042      53.4361
   19043      49.4367
   19044      47.6952
   19045      53.0895
   19046      52.4293
   19047      57.6319
   19048      55.1025
   19049      53.3584
   19050      49.5854
   19051      50.1312
   19052      51.8331
   19053      52.5389
   19054      53.3514
   19055      57.4011
   19056      62.3684
   19057      56.4649
   19058      53.4312
   19059      49.6297
   19060      56.7275
   19061      59.8059
   19062      56.8927
   19063      57.5095
   19064      59.4798
   19065      55.2111
   19066      56.3778
   19067      51.6264
   19068      54.6648
   19069      53.5586
   19070      52.3803
   19071      48.0486
   19072      52.0260
   19073      53.3444
   19074      49.9349
   19075      49.0956
   19076      46.7343
   19077      45.4363
   19078      47.9513
   19079      48.3444
   19080      49.6083
   19081      53.8337
   19082      56.8951
   19083      58.2985
   19084      53.1642
   19085      49.1392
   19086      48.6034
   19087      50.0103
   19088      50.5136
   19089      52.5058
   19090      49.3452
   19091      43.1022
   19092      39.2507
   19093      42.6197
   19094      48.8767
   19095      49.0776
   19096      50.4582
   19097      46.0789
   19098      45.4252
   19099      44.4349
   19100      44.7216
   19101      46.1117
   19102      47.5044
   19103      45.0734
   19104      50.4263
   19105      54.3839
   19106      54.8307
   19107      54.2911
   19108      53.3246
   19109      50.6521
   19110      49.7437
   19111      48.8445
   19112      48.9083
   19113      50.3367
   19114      49.6829
   19115      50.7093
   19116      54.7649
   19117      49.3479
   19118      52.3568
   19119      53.2462
   19120      53.6805
   19121      47.5722
   19122      50.1009
   19123      53.0865
   19124      48.5623
   19125      48.9250
   19126      54.2616
   19127      52.4942
   19128      54.4069
   19129      50.9187
   19130      48.1757
   19131      55.0687
   19132      57.6517
   19133      54.3203
   19134      55.6354
   19135      54.9624
   19136      52.5195
   19137      53.8272
   19138      55.8788
   19139      57.1501
   19140      49.2933
   19141      47.2781
   19142      49.4069
   19143      52.9297
   19144      55.0220
   19145      50.4625
   19146      52.5125
   19147      50.6134
   19148      53.7387
   19149      55.1747
   19150      57.6961
   19151      54.1000
   19152      52.5222
   19153      49.8141
   19154      50.4593
   19155      41.4236
   19156      39.0023
   19157      44.4521
   19158      49.1092
   19159      46.2052
   19160      41.8518
   19161      42.4504
   19162      45.2573
   19163      45.1896
   19164      45.3091
   19165      42.5239
   19166      41.7535
   19167      46.7750
   19168      47.9253
   19169      50.9589
   19170      50.6270
   19171      48.6946
   19172      46.1548
   19173      40.6069
   19174      43.7886
   19175      49.3184
   19176      48.4163
   19177      52.7666
   19178      47.9496
   19179      45.2862
   19180      41.6120
   19181      49.5657
   19182      50.6790
   19183      54.3345
   19184      46.6291
   19185      47.6095
   19186      46.9810
   19187      48.0681
   19188      45.0436
   19189      48.9180
   19190      45.4511
   19191      48.0634
   19192      47.1109
   19193      50.8118
   19194      53.5962
   19195      53.9412
   19196      47.8987
   19197      49.8577
   19198      47.0432
   19199      45.8480
   19200      44.4724
   19201      47.8230
   19202      49.9851
   19203      50.1137
   19204      46.4212
   19205      42.2232
   19206      40.9865
   19207      40.5392
   19208      41.9681
   19209      44.6148
   19210      40.9149
   19211      41.5662
   19212      43.9379
   19213      42.8254
   19214      37.4896
   19215      46.5993
   19216      46.5173
   19217      43.3261
   19218      42.3510
   19219      46.6381
   19220      40.9449
   19221      47.3451
   19222      47.0855
   19223      44.4564
   19224      44.1071
   19225      51.7444
   19226      48.4007
   19227      50.2300
   19228      46.2716
   19229      49.0384
   19230      48.5736
   19231      45.7140
   19232      41.3323
   19233      47.3412
   19234      51.9644
   19235      52.3997
   19236      48.0532
   19237      45.4497
   19238      45.7603
   19239      49.1931
   19240      45.3106
   19241      40.0121
   19242      42.4269
   19243      44.5411
   19244      48.8134
   19245      45.0738
   19246      43.8463
   19247      48.3873
   19248      48.9502
   19249      42.2693
   19250      37.3066
   19251      40.7944
   19252      44.7616
   19253      45.0701
   19254      50.6595
   19255      47.4980
   19256      50.4593
   19257      52.0593
   19258      47.8856
   19259      49.7979
   19260      53.2160
   19261      50.1378
   19262      45.1958
   19263      43.0621
   19264      40.5018
   19265      44.4067
   19266      45.0579
   19267      42.7911
   19268      45.1615
   19269      43.9326
   19270      46.0959
   19271      46.5488
   19272      42.7789
   19273      45.5874
   19274      59.0399
   19275      55.5875
   19276      50.4391
   19277      44.6453
   19278      48.3781
   19279      55.7367
   19280      53.1406
   19281      53.6972
   19282      56.6315
   19283      52.5398
   19284      50.1859
   19285      51.4472
   19286      54.6234
   19287      55.5943
   19288      58.5692
   19289      56.8686
   19290      54.5966
   19291      52.4404
   19292      47.8722
   19293      50.5227
   19294      47.1203
   19295      56.9245
   19296      55.1062
   19297      49.6843
   19298      47.1460
   19299      48.0985
   19300      47.2973
   19301      47.6842
   19302      41.2980
   19303      44.7944
   19304      48.6964
   19305      45.7706
   19306      44.7852
   19307      45.7896
   19308      44.4110
   19309      45.5110
   19310      47.6628
   19311      46.4353
   19312      48.8232
   19313      47.7258
   19314      44.7978
   19315      44.8213
   19316      45.1339
   19317      49.7936
   19318      53.4000
   19319      49.5022
   19320      53.3980
   19321      57.2640
   19322      59.5988
   19323      54.7904
   19324      58.6267
   19325      56.9146
   19326      55.5938
   19327      51.7899
   19328      50.9586
   19329      51.8561
   19330      49.0163
   19331      46.1383
   19332      43.6015
   19333      44.5594
   19334      45.5509
   19335      53.2962
   19336      48.6581
   19337      51.0416
   19338      51.1707
   19339      53.4632
   19340      49.9593
   19341      47.1542
   19342      50.7550
   19343      53.7358
   19344      55.8883
   19345      53.4123
   19346      49.7647
   19347      52.1072
   19348      56.5133
   19349      52.4512
   19350      51.5298
   19351      51.6364
   19352      52.0534
   19353      47.9799
   19354      45.5731
   19355      49.6733
   19356      47.6343
   19357      47.9807
   19358      47.6003
   19359      42.3020
   19360      43.0307
   19361      49.2841
   19362      48.1324
   19363      52.0927
   19364      50.0724
   19365      56.0198
   19366      52.8321
   19367      48.6919
   19368      53.3240
   19369      54.5179
   19370      53.8790
   19371      54.1328
   19372      53.8772
   19373      60.0815
   19374      58.8858
   19375      57.3893
   19376      55.2974
   19377      52.9229
   19378      55.3862
   19379      48.1170
   19380      47.7041
   19381      46.0566
   19382      42.2261
   19383      46.0323
   19384      42.8436
   19385      45.2489
   19386      44.2547
   19387      45.7432
   19388      48.7927
   19389      53.7594
   19390      46.2973
   19391      49.8691
   19392      48.9908
   19393      53.3452
   19394      53.0247
   19395      52.4852
   19396      51.6099
   19397      58.5145
   19398      57.8188
   19399      57.2517
   19400      50.7352
   19401      50.5435
   19402      49.9700
   19403      49.1997
   19404      44.7835
   19405      47.0179
   19406      41.9549
   19407      35.8548
   19408      39.4207
   19409      45.0784
   19410      41.5676
   19411      47.7759
   19412      50.7673
   19413      47.4361
   19414      47.4254
   19415      44.1135
   19416      47.4007
   19417      49.7184
   19418      51.0755
   19419      50.6712
   19420      50.0181
   19421      46.3844
   19422      48.9738
   19423      50.5040
   19424      51.7191
   19425      49.2764
   19426      46.8991
   19427      45.9958
   19428      52.0329
   19429      57.7235
   19430      54.0905
   19431      48.5663
   19432      43.9100
   19433      43.5949
   19434      46.7864
   19435      45.5325
   19436      47.4208
   19437      49.5157
   19438      42.9421
   19439      46.0004
   19440      44.1679
   19441      39.5312
   19442      42.3501
   19443      46.1402
   19444      48.3173
   19445      47.1524
   19446      43.8129
   19447      40.3779
   19448      40.1056
   19449      36.5050
   19450      35.7826
   19451      37.3702
   19452      44.1517
   19453      39.0323
   19454      34.7239
   19455      34.0644
   19456      43.6052
   19457      40.9317
   19458      38.7261
   19459      39.8616
   19460      44.7283
   19461      43.3278
   19462      42.9793
   19463      43.8246
   19464      49.3294
   19465      52.6240
   19466      54.1939
   19467      57.4900
   19468      58.4234
   19469      57.8969
   19470      55.5656
   19471      52.4793
   19472      52.9509
   19473      49.7360
   19474      49.2315
   19475      49.9164
   19476      47.8154
   19477      51.8427
   19478      49.7652
   19479      50.3675
   19480      52.3272
   19481      53.7077
   19482      56.6003
   19483      57.8851
   19484      55.7267
   19485      54.5136
   19486      53.9173
   19487      56.2850
   19488      53.0338
   19489      56.3182
   19490      62.3272
   19491      57.6613
   19492      52.4101
   19493      49.1888
   19494      50.3164
   19495      52.0433
   19496      52.4387
   19497      53.8249
   19498      52.1928
   19499      50.5955
   19500      46.7886
   19501      53.7431
   19502      51.9295
   19503      49.3672
   19504      47.3143
   19505      46.1202
   19506      43.6909
   19507      46.2097
   19508      44.3578
   19509      41.9711
   19510      40.2611
   19511      46.0032
   19512      47.9689
   19513      43.6631
   19514      46.7119
   19515      49.6525
   19516      45.0281
   19517      42.3578
   19518      43.0672
   19519      49.4541
   19520      48.1342
   19521      50.0912
   19522      51.2845
   19523      53.4970
   19524      49.6376
   19525      49.7429
   19526      48.2463
   19527      47.5744
   19528      49.1091
   19529      51.8102
   19530      46.0240
   19531      46.5488
   19532      44.1345
   19533      44.1677
   19534      47.2477
   19535      40.2235
   19536      37.2538
   19537      42.4647
   19538      40.5016
   19539      34.1129
   19540      34.0528
   19541      40.4410
   19542      39.8992
   19543      44.4915
   19544      43.0573
   19545      44.7371
   19546      47.4988
   19547      45.6343
   19548      47.5967
   19549      45.6333
   19550      47.6283
   19551      48.6976
   19552      48.1964
   19553      47.1310
   19554      46.0022
   19555      43.5941
   19556      46.7823
   19557      51.3743
   19558      51.4235
   19559      51.8175
   19560      45.9302
   19561      42.2518
   19562      41.6117
   19563      39.2920
   19564      42.6992
   19565      39.9806
   19566      44.0341
   19567      46.4315
   19568      48.4300
   19569      47.9304
   19570      48.4522
   19571      47.4235
   19572      46.9909
   19573      51.0386
   19574      48.7302
   19575      49.2692
   19576      47.3546
   19577      47.1699
   19578      49.9867
   19579      49.0220
   19580      49.5117
   19581      45.6741
   19582      43.4194
   19583      45.1454
   19584      52.6591
   19585      54.3688
   19586      52.2308
   19587      48.2407
   19588      47.0724
   19589      50.7321
   19590      52.0699
   19591      55.5123
   19592      56.7398
   19593      58.8531
   19594      53.6608
   19595      46.0380
   19596      45.8528
   19597      51.2752
   19598      51.8737
   19599      54.2961
   19600      46.8677
   19601      52.3148
   19602      50.6403
   19603      50.9793
   19604      52.1438
   19605      47.2099
   19606      48.6837
   19607      54.7495
   19608      52.4915
   19609      49.2667
   19610      46.9362
   19611      46.3448
   19612      45.9608
   19613      48.8763
   19614      50.1481
   19615      49.2119
   19616      47.2482
   19617      52.9597
   19618      52.4410
   19619      52.1088
   19620      52.8933
   19621      52.2384
   19622      48.7053
   19623      47.5640
   19624      50.1215
   19625      55.2192
   19626      55.9067
   19627      54.4249
   19628      50.8890
   19629      53.9599
   19630      53.2129
   19631      52.9083
   19632      49.7687
   19633      50.2256
   19634      53.5485
   19635      52.1711
   19636      54.0475
   19637      50.5487
   19638      52.3421
   19639      53.7725
   19640      54.3629
   19641      48.8208
   19642      47.9817
   19643      46.6651
   19644      50.6113
   19645      51.4069
   19646      52.2998
   19647      52.6612
   19648      52.0761
   19649      48.6716
   19650      51.4477
   19651      44.5262
   19652      45.7289
   19653      53.5117
   19654      58.2911
   19655      54.0046
   19656      52.4211
   19657      53.4089
   19658      55.1082
   19659      49.4346
   19660      52.8217
   19661      55.0672
   19662      51.8951
   19663      59.7044
   19664      57.6158
   19665      55.7839
   19666      54.9929
   19667      49.9530
   19668      48.0446
   19669      47.4436
   19670      44.1191
   19671      45.5362
   19672      48.1410
   19673      47.2224
   19674      40.7192
   19675      37.1709
   19676      42.2853
   19677      38.8406
   19678      37.1428
   19679      37.7758
   19680      37.6747
   19681      39.9728
   19682      38.3205
   19683      36.8202
   19684      39.1990
   19685      42.7472
   19686      43.6434
   19687      45.1164
   19688      48.4317
   19689      47.0718
   19690      44.9202
   19691      46.7216
   19692      48.3277
   19693      46.7575
   19694      51.8832
   19695      59.3429
   19696      51.8629
   19697      44.9801
   19698      47.3536
   19699      43.1216
   19700      38.2267
   19701      42.5371
   19702      44.0894
   19703      42.0434
   19704      43.4762
   19705      45.4442
   19706      43.7124
   19707      42.9436
   19708      51.1306
   19709      45.3396
   19710      42.2608
   19711      38.5928
   19712      39.7864
   19713      41.0741
   19714      45.7890
   19715      43.4937
   19716      39.0033
   19717      39.8635
   19718      39.5200
   19719      40.3385
   19720      41.9497
   19721      39.6641
   19722      39.5696
   19723      38.5181
   19724      37.3081
   19725      45.1164
   19726      42.5971
   19727      44.7404
   19728      44.6175
   19729      47.6829
   19730      51.1809
   19731      47.0917
   19732      46.1315
   19733      47.6652
   19734      59.5593
   19735      60.6732
   19736      62.4825
   19737      62.7531
   19738      54.6523
   19739      52.1358
   19740      49.6634
   19741      53.9348
   19742      54.0732
   19743      63.7379
   19744      65.1670
   19745      67.0344
   19746      70.2170
   19747      70.8002
   19748      68.1927
   19749      63.3540
   19750      56.4275
   19751      53.8164
   19752      48.6176
   19753      49.9270
   19754      43.0098
   19755      46.3765
   19756      47.6951
   19757      40.0634
   19758      38.0778
   19759      36.4351
   19760      38.7158
   19761      34.8209
   19762      40.4493
   19763      39.9201
   19764      42.0578
   19765      40.1064
   19766      41.3862
   19767      43.9206
   19768      43.1346
   19769      45.1994
   19770      41.6675
   19771      43.0530
   19772      40.1393
   19773      39.3154
   19774      37.8020
   19775      35.2462
   19776      37.3708
   19777      36.3891
   19778      42.2271
   19779      45.5781
   19780      45.6822
   19781      45.5830
   19782      46.4655
   19783      54.1281
   19784      55.8612
   19785      50.7490
   19786      48.3799
   19787      47.2947
   19788      44.4678
   19789      48.1056
   19790      52.9610
   19791      46.5038
   19792      43.7370
   19793      43.0391
   19794      45.0427
   19795      40.6605
   19796      45.2221
   19797      43.7047
   19798      45.2681
   19799      47.9637
   19800      48.6959
   19801      49.7689
   19802      49.1300
   19803      47.8670
   19804      48.8257
   19805      48.9492
   19806      49.8402
   19807      47.5649
   19808      43.7085
   19809      52.4090
   19810      50.3690
   19811      52.6246
   19812      51.0677
   19813      53.9949
   19814      53.8311
   19815      51.1778
   19816      50.1819
   19817      44.0215
   19818      42.5527
   19819      44.9291
   19820      49.1743
   19821      44.2113
   19822      47.6023
   19823      48.9367
   19824      52.0776
   19825      53.2644
   19826      53.0394
   19827      56.9918
   19828      53.5013
   19829      50.5575
   19830      50.3525
   19831      54.8644
   19832      59.8619
   19833      61.1551
   19834      64.2107
   19835      67.3241
   19836      65.1552
   19837      63.4854
   19838      62.9794
   19839      61.6648
   19840      62.1039
   19841      59.1518
   19842      55.0445
   19843      56.8485
   19844      53.9099
   19845      53.2223
   19846      50.3032
   19847      50.4580
   19848      46.5312
   19849      46.9772
   19850      46.3335
   19851      48.6197
   19852      48.4499
   19853      46.3357
   19854      46.0768
   19855      44.5247
   19856      44.8418
   19857      38.2479
   19858      45.2543
   19859      45.0032
   19860      44.7068
   19861      48.8973
   19862      53.6541
   19863      51.2778
   19864      53.0346
   19865      51.3783
   19866      48.8784
   19867      47.3378
   19868      44.4323
   19869      44.5358
   19870      50.0873
   19871      53.3758
   19872      51.1802
   19873      52.0207
   19874      52.3443
   19875      50.1321
   19876      50.5048
   19877      50.8349
   19878      52.4540
   19879      58.3411
   19880      59.8648
   19881      57.2903
   19882      52.7441
   19883      50.6926
   19884      49.7199
   19885      51.5436
   19886      55.0993
   19887      52.8144
   19888      49.5626
   19889      52.0602
   19890      52.3750
   19891      48.3591
   19892      50.2252
   19893      44.9325
   19894      45.0867
   19895      54.9794
   19896      52.8233
   19897      49.5829
   19898      49.9178
   19899      50.6117
   19900      50.8517
   19901      50.1381
   19902      49.0945
   19903      48.6563
   19904      46.5291
   19905      41.3050
   19906      43.7062
   19907      45.7471
   19908      47.0319
   19909      47.2371
   19910      45.6976
   19911      51.7124
   19912      46.1807
   19913      45.6384
   19914      47.8567
   19915      50.5412
   19916      48.5149
   19917      43.9069
   19918      50.3422
   19919      53.0274
   19920      55.6777
   19921      57.8887
   19922      54.0839
   19923      56.1057
   19924      58.0228
   19925      57.1256
   19926      55.6020
   19927      55.0339
   19928      53.1265
   19929      48.5043
   19930      54.9680
   19931      55.3273
   19932      56.5352
   19933      54.7936
   19934      55.0005
   19935      54.3584
   19936      55.5417
   19937      51.5257
   19938      48.5120
   19939      48.1416
   19940      48.4434
   19941      47.3907
   19942      46.4312
   19943      46.8993
   19944      45.6159
   19945      48.1284
   19946      52.1415
   19947      53.1040
   19948      46.6373
   19949      46.5943
   19950      43.7404
   19951      42.0730
   19952      43.4230
   19953      45.0020
   19954      42.5527
   19955      45.5175
   19956      49.6332
   19957      49.8980
   19958      48.5032
   19959      47.6112
   19960      46.1730
   19961      51.5756
   19962      55.0623
   19963      57.1411
   19964      51.8538
   19965      51.5627
   19966      49.9017
   19967      55.3065
   19968      52.7793
   19969      49.1079
   19970      47.7206
   19971      46.2385
   19972      50.6281
   19973      51.0422
   19974      45.7772
   19975      42.7917
   19976      49.8566
   19977      54.5592
   19978      49.3300
   19979      52.1708
   19980      56.7931
   19981      57.8438
   19982      56.5362
   19983      57.3781
   19984      59.7188
   19985      57.8779
   19986      50.6266
   19987      53.2962
   19988      50.3465
   19989      47.6498
   19990      45.4712
   19991      45.0879
   19992      40.7135
   19993      41.7191
   19994      40.1863
   19995      45.6617
   19996      47.6451
   19997      51.0246
   19998      56.0940
   19999      52.6441
   20000      46.4023
   20001      47.3310
