#Frame     end-to-end
       1      40.6567
       2      44.8923
       3      40.0259
       4      39.6726
       5      41.3009
       6      39.5817
       7      36.9594
       8      38.8548
       9      40.3895
      10      38.4610
      11      40.1910
      12      41.9351
      13      38.5399
      14      41.5298
      15      39.1034
      16      39.8665
      17      40.0921
      18      44.3336
      19      42.9872
      20      41.8916
      21      41.0966
      22      42.2281
      23      40.8193
      24      38.9034
      25      41.6575
      26      44.5705
      27      46.9317
      28      43.1758
      29      41.9756
      30      41.5203
      31      42.9259
      32      46.9796
      33      42.4663
      34      44.0423
      35      46.3456
      36      45.8119
      37      43.3495
      38      47.2429
      39      40.3077
      40      40.4619
      41      45.5580
      42      46.6916
      43      44.1652
      44      46.1243
      45      46.6804
      46      44.2901
      47      48.1754
      48      49.4425
      49      46.2497
      50      49.1167
      51      50.2819
      52      46.2700
      53      49.2861
      54      50.9217
      55      51.0650
      56      49.2573
      57      42.7854
      58      45.3253
      59      45.5273
      60      45.0322
      61      46.1291
      62      46.8152
      63      45.5122
      64      42.3684
      65      45.9731
      66      46.0224
      67      46.0361
      68      42.4791
      69      44.7675
      70      45.7567
      71      46.8565
      72      42.5648
      73      45.7987
      74      46.8584
      75      50.0986
      76      44.3592
      77      44.7307
      78      47.5153
      79      47.3666
      80      47.2437
      81      49.4313
      82      48.5862
      83      46.4335
      84      44.5228
      85      47.0061
      86      49.4244
      87      53.0547
      88      50.6970
      89      48.6011
      90      48.4395
      91      51.0316
      92      45.4340
      93      45.4325
      94      49.2995
      95      50.8915
      96      51.9390
      97      48.4977
      98      47.1226
      99      50.1910
     100      51.8700
     101      51.0804
     102      52.8082
     103      52.2555
     104      51.3508
     105      55.0004
     106      54.2684
     107      51.4456
     108      51.5980
     109      52.1733
     110      52.4336
     111      48.8229
     112      48.9176
     113      49.3967
     114      46.5768
     115      47.1682
     116      47.8027
     117      47.3801
     118      47.4343
     119      49.5806
     120      48.3175
     121      45.5024
     122      49.5472
     123      48.2935
     124      50.3150
     125      47.5551
     126      46.7543
     127      50.0127
     128      48.1268
     129      44.3561
     130      46.0152
     131      45.8214
     132      50.5151
     133      45.1156
     134      45.9821
     135      42.4228
     136      45.9068
     137      46.7302
     138      44.8880
     139      41.8427
     140      45.3705
     141      44.6506
     142      44.3157
     143      45.0609
     144      41.6915
     145      39.7570
     146      37.9165
     147      42.0143
     148      43.1219
     149      42.3701
     150      40.1683
     151      38.7742
     152      38.5508
     153      43.7099
     154      44.3701
     155      43.0939
     156      40.9031
     157      41.7499
     158      51.3560
     159      48.0198
     160      45.7597
     161      45.3985
     162      44.2902
     163      43.4179
     164      42.0543
     165      45.3715
     166      43.5363
     167      41.2235
     168      44.2379
     169      47.0133
     170      46.8231
     171      48.5069
     172      52.9545
     173      50.3624
     174      52.4229
     175      52.6870
     176      50.1299
     177      51.2458
     178      47.9311
     179      50.8113
     180      51.1504
     181      51.3324
     182      53.4015
     183      52.4643
     184      49.4951
     185      46.9089
     186      47.0582
     187      50.7606
     188      50.2426
     189      50.0320
     190      53.7699
     191      53.6304
     192      54.3559
     193      54.7009
     194      55.4921
     195      59.6866
     196      61.9062
     197      62.6278
     198      60.3641
     199      65.0283
     200      65.2505
     201      65.9453
     202      64.7172
     203      62.4808
     204      62.0001
     205      61.8361
     206      59.5348
     207      57.6298
     208      54.0348
     209      54.7530
     210      54.5929
     211      52.6453
     212      54.6733
     213      55.6835
     214      52.9984
     215      51.7032
     216      57.0514
     217      53.3711
     218      51.1395
     219      53.4482
     220      52.8689
     221      51.9513
     222      48.8108
     223      51.2897
     224      47.6331
     225      45.6483
     226      47.0038
     227      45.7162
     228      47.8747
     229      45.0119
     230      46.5964
     231      47.3123
     232      45.3062
     233      44.9969
     234      47.3056
     235      45.7981
     236      46.2448
     237      47.7375
     238      45.3956
     239      46.9119
     240      52.9193
     241      51.9337
     242      49.2667
     243      50.0033
     244      49.7818
     245      50.9812
     246      51.5252
     247      50.7509
     248      49.7514
     249      48.4869
     250      43.2185
     251      45.1981
     252      43.1420
     253      45.3503
     254      47.1539
     255      46.7719
     256      45.2443
     257      48.7877
     258      45.0699
     259      44.5631
     260      46.7027
     261      47.9782
     262      46.4196
     263      47.0706
     264      43.5954
     265      49.1335
     266      48.7912
     267      49.1553
     268      49.5270
     269      48.6000
     270      49.9202
     271      52.1921
     272      51.6462
     273      56.4371
     274      62.0517
     275      64.7305
     276      62.0998
     277      65.1482
     278      69.2392
     279      69.0007
     280      70.0209
     281      72.5516
     282      76.6133
     283      77.1619
     284      78.3012
     285      77.4854
     286      78.7846
     287      78.2886
     288      79.2828
     289      79.8874
     290      77.8739
     291      77.0881
     292      79.4440
     293      81.2695
     294      77.9556
     295      75.9480
     296      71.9568
     297      70.4107
     298      63.8253
     299      64.6350
     300      60.0843
     301      59.4043
     302      63.9359
     303      58.7628
     304      57.2310
     305      56.0277
     306      57.8085
     307      62.5917
     308      63.3602
     309      60.1256
     310      53.8573
     311      49.9278
     312      48.2238
     313      48.2729
     314      48.4903
     315      50.5337
     316      48.9913
     317      47.6439
     318      48.7373
     319      51.6790
     320      51.6036
     321      51.2148
     322      52.6131
     323      52.8978
     324      51.0720
     325      48.8735
     326      45.7539
     327      43.0515
     328      45.8664
     329      45.6317
     330      50.1660
     331      50.7521
     332      50.6671
     333      46.8729
     334      46.9669
     335      45.2765
     336      48.2842
     337      47.0372
     338      48.0753
     339      48.4801
     340      45.4007
     341      44.7465
     342      47.7064
     343      53.4905
     344      51.9809
     345      52.4487
     346      46.1396
     347      43.5878
     348      45.4768
     349      47.9364
     350      46.0590
     351      44.3298
     352      45.6610
     353      45.7966
     354      44.0187
     355      43.1357
     356      46.3021
     357      44.9001
     358      46.1492
     359      48.1062
     360      48.1095
     361      47.9863
     362      48.0293
     363      44.6300
     364      45.2409
     365      44.3411
     366      44.0159
     367      44.6570
     368      47.7812
     369      46.8049
     370      52.6748
     371      57.6253
     372      60.8695
     373      60.1912
     374      58.6970
     375      53.0493
     376      50.8822
     377      52.6791
     378      47.3726
     379      50.8164
     380      47.7749
     381      46.3632
     382      49.0523
     383      49.4209
     384      46.4777
     385      47.5345
     386      44.2688
     387      44.4182
     388      49.1819
     389      49.9409
     390      43.8369
     391      46.5531
     392      45.4641
     393      46.5855
     394      45.9347
     395      50.0746
     396      52.4477
     397      54.3894
     398      59.2204
     399      57.5974
     400      54.7723
     401      54.7731
     402      51.6487
     403      51.8559
     404      54.6144
     405      55.4507
     406      55.9478
     407      55.1197
     408      53.2474
     409      50.1554
     410      49.7731
     411      51.9799
     412      51.1113
     413      52.7758
     414      46.6535
     415      48.1915
     416      50.4169
     417      53.7124
     418      58.8988
     419      57.9716
     420      59.5302
     421      56.5451
     422      54.5661
     423      54.3863
     424      60.9920
     425      60.3830
     426      56.8657
     427      57.4329
     428      61.0508
     429      53.8920
     430      51.8537
     431      49.2022
     432      48.9255
     433      53.2274
     434      55.3863
     435      54.8255
     436      58.3872
     437      60.6092
     438      62.0580
     439      61.5353
     440      56.0699
     441      52.9792
     442      52.1137
     443      49.6957
     444      49.8687
     445      49.7929
     446      47.0208
     447      48.3858
     448      54.2979
     449      50.7822
     450      46.3702
     451      44.2625
     452      42.2210
     453      41.6538
     454      43.6174
     455      40.8968
     456      39.3504
     457      39.9232
     458      42.5413
     459      46.1273
     460      46.4735
     461      49.3394
     462      46.2733
     463      45.3092
     464      43.6009
     465      42.5536
     466      44.9966
     467      42.6548
     468      43.4031
     469      43.6657
     470      46.1962
     471      47.2840
     472      49.8516
     473      50.4128
     474      45.9446
     475      48.7504
     476      48.8057
     477      52.1385
     478      47.9043
     479      47.9249
     480      43.7064
     481      45.3342
     482      44.8544
     483      47.8925
     484      43.9611
     485      45.6281
     486      45.2229
     487      42.6779
     488      41.8460
     489      44.3428
     490      45.3210
     491      46.7593
     492      45.5414
     493      46.3589
     494      51.8507
     495      51.5938
     496      49.9607
     497      52.5337
     498      51.4302
     499      46.1654
     500      41.7570
     501      43.1906
     502      44.4356
     503      41.3298
     504      45.2515
     505      45.1029
     506      46.2781
     507      46.7476
     508      45.2236
     509      50.0907
     510      47.2130
     511      45.4601
     512      40.7666
     513      46.9892
     514      48.0048
     515      48.7443
     516      50.6055
     517      50.8825
     518      50.2478
     519      48.2836
     520      47.1059
     521      43.4462
     522      48.5152
     523      50.6544
     524      49.2590
     525      48.5031
     526      48.6465
     527      50.8415
     528      48.5250
     529      48.1888
     530      50.6630
     531      52.6785
     532      49.5197
     533      45.3492
     534      45.6768
     535      44.5358
     536      44.8868
     537      46.6619
     538      46.4737
     539      47.1941
     540      52.3398
     541      50.5726
     542      50.6881
     543      54.5954
     544      53.4514
     545      49.9691
     546      48.7033
     547      51.0690
     548      48.9877
     549      49.2828
     550      50.2891
     551      52.8155
     552      48.2788
     553      52.3107
     554      53.4527
     555      53.3317
     556      52.8815
     557      53.1528
     558      54.0292
     559      54.2566
     560      53.5169
     561      53.2564
     562      51.8863
     563      56.8083
     564      61.5138
     565      59.3100
     566      54.0057
     567      55.1919
     568      59.5606
     569      57.6307
     570      52.5420
     571      52.3139
     572      52.9558
     573      51.9914
     574      51.5166
     575      48.5283
     576      52.6664
     577      50.7641
     578      49.2302
     579      51.8326
     580      54.3965
     581      55.3913
     582      51.7889
     583      51.0225
     584      49.3434
     585      52.0370
     586      50.7896
     587      51.2645
     588      51.5568
     589      50.3640
     590      49.4912
     591      42.4633
     592      45.0169
     593      45.6310
     594      43.9478
     595      43.5204
     596      46.2912
     597      47.7754
     598      48.4029
     599      48.7576
     600      47.6822
     601      49.8744
     602      48.1469
     603      53.4316
     604      56.7319
     605      54.6559
     606      54.7465
     607      52.4764
     608      55.2184
     609      54.2123
     610      49.2271
     611      55.2800
     612      54.7737
     613      56.0709
     614      54.4571
     615      52.7383
     616      48.9203
     617      47.5432
     618      48.5308
     619      50.9294
     620      50.8703
     621      51.4972
     622      52.5641
     623      51.4873
     624      54.5461
     625      54.0359
     626      52.3473
     627      49.3977
     628      46.4706
     629      44.5267
     630      42.2969
     631      43.0885
     632      47.7551
     633      48.1203
     634      44.7733
     635      43.4473
     636      49.7489
     637      53.0538
     638      48.3734
     639      49.2079
     640      50.3252
     641      50.2835
     642      42.0862
     643      43.6197
     644      42.2506
     645      45.8177
     646      46.6806
     647      43.5325
     648      43.1354
     649      48.2522
     650      50.1984
     651      52.0617
     652      49.9832
     653      48.0753
     654      48.9224
     655      47.5822
     656      47.6650
     657      46.9825
     658      49.8918
     659      47.2917
     660      51.1867
     661      51.4734
     662      52.9053
     663      54.9069
     664      52.5583
     665      51.8197
     666      52.8635
     667      51.1941
     668      50.9072
     669      49.0142
     670      45.6994
     671      41.4818
     672      43.8419
     673      45.3692
     674      47.7585
     675      48.0707
     676      49.7103
     677      47.4923
     678      43.7913
     679      45.7121
     680      46.8731
     681      43.2160
     682      42.9583
     683      45.1993
     684      47.7055
     685      48.7434
     686      45.8201
     687      45.0970
     688      45.9469
     689      42.4325
     690      46.3124
     691      48.9983
     692      49.1967
     693      47.0859
     694      48.3973
     695      52.1767
     696      48.6625
     697      48.3359
     698      50.2028
     699      50.3879
     700      48.1213
     701      49.1183
     702      49.1444
     703      49.0239
     704      54.8374
     705      50.4215
     706      51.8459
     707      53.5021
     708      57.1815
     709      51.6286
     710      50.6447
     711      47.3368
     712      50.1000
     713      50.9205
     714      48.0114
     715      53.5234
     716      54.1087
     717      53.2111
     718      50.9835
     719      52.3826
     720      49.3989
     721      49.9794
     722      51.3362
     723      48.9517
     724      49.8791
     725      49.6810
     726      49.2912
     727      51.6504
     728      51.7649
     729      48.8959
     730      56.1052
     731      52.0158
     732      48.5667
     733      51.3831
     734      50.8050
     735      51.1184
     736      50.8525
     737      47.8137
     738      50.5269
     739      50.4316
     740      51.2519
     741      49.4320
     742      44.2559
     743      44.8544
     744      46.0511
     745      47.2614
     746      52.5825
     747      50.5066
     748      48.2712
     749      49.9088
     750      50.1571
     751      51.4330
     752      53.6019
     753      52.5965
     754      51.4609
     755      53.0455
     756      49.5479
     757      46.8749
     758      46.4902
     759      48.3036
     760      49.0229
     761      47.4378
     762      46.1514
     763      45.2806
     764      46.3329
     765      49.6132
     766      47.9483
     767      49.8963
     768      48.6683
     769      49.2394
     770      49.5160
     771      46.7200
     772      45.6657
     773      44.3230
     774      44.5648
     775      49.5369
     776      48.6802
     777      45.0946
     778      46.6147
     779      43.8419
     780      46.5272
     781      43.6096
     782      45.1393
     783      43.5874
     784      43.0715
     785      43.8379
     786      46.7176
     787      50.1005
     788      43.6199
     789      48.3651
     790      50.2943
     791      48.8035
     792      51.5521
     793      48.9495
     794      47.9985
     795      43.9117
     796      42.5421
     797      45.2063
     798      44.2848
     799      45.0245
     800      44.1983
     801      43.9464
     802      45.3717
     803      46.8644
     804      49.3742
     805      47.2636
     806      47.5186
     807      48.1663
     808      47.4284
     809      46.0251
     810      46.9978
     811      48.8212
     812      48.4640
     813      43.8742
     814      46.2856
     815      46.2692
     816      45.7586
     817      46.2126
     818      52.2996
     819      49.7561
     820      46.2758
     821      44.1449
     822      45.2319
     823      44.7184
     824      44.9203
     825      44.7396
     826      41.9906
     827      41.3706
     828      45.3875
     829      45.0920
     830      46.7461
     831      45.3104
     832      45.0085
     833      41.8572
     834      42.3494
     835      45.0256
     836      48.6050
     837      48.3908
     838      44.0655
     839      47.1334
     840      50.8364
     841      48.9848
     842      49.4180
     843      49.7939
     844      47.3285
     845      46.9815
     846      50.3619
     847      47.5266
     848      48.3655
     849      50.2044
     850      46.0425
     851      43.8598
     852      45.0438
     853      43.6532
     854      45.6028
     855      45.4515
     856      44.0863
     857      48.3429
     858      53.1562
     859      50.6219
     860      47.9373
     861      45.2843
     862      44.1243
     863      44.2083
     864      45.8338
     865      44.9549
     866      45.5507
     867      42.1586
     868      43.3126
     869      43.5103
     870      43.1375
     871      45.6164
     872      44.6557
     873      44.5336
     874      45.5347
     875      43.7757
     876      40.9613
     877      45.4783
     878      44.4429
     879      43.2698
     880      41.2262
     881      42.7625
     882      43.6912
     883      48.7028
     884      48.5025
     885      45.5560
     886      44.7287
     887      46.5193
     888      45.0810
     889      46.1473
     890      46.1445
     891      45.4830
     892      47.8447
     893      44.0716
     894      45.7354
     895      46.5536
     896      48.2897
     897      47.3712
     898      50.3292
     899      50.4621
     900      44.7919
     901      44.6089
     902      44.8212
     903      44.4045
     904      47.2731
     905      46.1493
     906      44.2611
     907      45.6745
     908      46.9475
     909      49.2315
     910      44.1879
     911      48.1547
     912      47.5888
     913      46.7062
     914      45.1843
     915      44.8119
     916      48.7423
     917      44.9198
     918      44.7376
     919      44.2426
     920      42.0844
     921      42.2008
     922      43.2216
     923      43.7053
     924      41.5508
     925      43.4306
     926      44.2322
     927      45.0940
     928      45.3985
     929      44.2315
     930      48.3026
     931      41.5091
     932      43.4040
     933      42.4014
     934      42.1465
     935      44.5514
     936      43.9075
     937      51.0654
     938      49.8562
     939      53.0765
     940      48.7399
     941      47.5274
     942      49.9330
     943      52.4460
     944      51.2938
     945      47.4539
     946      46.8296
     947      47.2850
     948      47.8333
     949      47.9084
     950      45.5250
     951      42.6254
     952      42.9605
     953      45.0025
     954      46.2861
     955      44.9788
     956      45.5283
     957      42.7743
     958      43.9003
     959      50.0732
     960      48.9467
     961      49.6914
     962      51.2513
     963      51.6722
     964      47.0185
     965      43.7475
     966      45.6139
     967      43.6344
     968      44.4356
     969      45.2863
     970      45.6052
     971      47.0767
     972      49.5626
     973      47.2005
     974      45.6172
     975      44.7800
     976      46.1554
     977      44.5113
     978      46.3344
     979      49.1653
     980      51.0294
     981      49.7385
     982      52.6402
     983      49.6590
     984      45.3228
     985      42.7547
     986      44.8277
     987      45.5885
     988      47.5734
     989      47.1618
     990      47.8374
     991      50.2949
     992      46.2220
     993      43.3983
     994      44.6012
     995      44.1137
     996      45.4418
     997      47.8325
     998      48.9072
     999      51.6509
    1000      46.9842
    1001      43.8093
    1002      41.1093
    1003      45.9720
    1004      44.4143
    1005      45.1072
    1006      42.1493
    1007      44.3297
    1008      44.5306
    1009      46.7405
    1010      43.0704
    1011      45.5995
    1012      45.7524
    1013      44.0496
    1014      42.9031
    1015      45.3621
    1016      48.9370
    1017      43.7833
    1018      41.7539
    1019      46.6907
    1020      47.2698
    1021      48.0226
    1022      47.9000
    1023      47.2364
    1024      46.9512
    1025      43.8978
    1026      40.8515
    1027      42.8429
    1028      43.5481
    1029      43.3481
    1030      43.9599
    1031      39.8739
    1032      42.9361
    1033      43.8035
    1034      42.0184
    1035      44.3790
    1036      47.5930
    1037      44.4820
    1038      46.8994
    1039      42.1580
    1040      41.1059
    1041      42.9045
    1042      42.8770
    1043      42.6172
    1044      41.8569
    1045      48.6102
    1046      48.4859
    1047      49.5102
    1048      46.7324
    1049      46.4400
    1050      47.4132
    1051      45.0881
    1052      45.1259
    1053      42.6422
    1054      41.4864
    1055      43.8005
    1056      47.5307
    1057      50.3570
    1058      47.5801
    1059      48.8255
    1060      52.3221
    1061      51.1782
    1062      48.7204
    1063      49.3413
    1064      51.2308
    1065      50.0389
    1066      50.1671
    1067      49.9440
    1068      48.8310
    1069      48.9615
    1070      47.7762
    1071      44.7620
    1072      46.3252
    1073      47.5099
    1074      46.9841
    1075      47.4402
    1076      44.0275
    1077      49.4966
    1078      49.7520
    1079      48.4141
    1080      49.9570
    1081      45.9772
    1082      49.7473
    1083      45.8599
    1084      48.3720
    1085      46.4031
    1086      44.7896
    1087      45.8352
    1088      47.5530
    1089      48.2258
    1090      46.8537
    1091      44.2136
    1092      46.2179
    1093      47.5407
    1094      46.7364
    1095      49.2575
    1096      51.3214
    1097      45.4727
    1098      44.0995
    1099      48.6048
    1100      49.7876
    1101      46.8540
    1102      48.3830
    1103      49.0049
    1104      51.8014
    1105      53.0343
    1106      49.7655
    1107      48.6351
    1108      51.0182
    1109      50.5298
    1110      52.5053
    1111      48.4547
    1112      45.0087
    1113      45.3608
    1114      50.9307
    1115      49.2966
    1116      47.4896
    1117      47.4707
    1118      48.0754
    1119      44.7257
    1120      44.6038
    1121      45.4818
    1122      44.5649
    1123      46.5348
    1124      44.6152
    1125      45.0467
    1126      45.9414
    1127      47.6079
    1128      48.9942
    1129      50.0219
    1130      50.2940
    1131      49.2551
    1132      46.1238
    1133      45.3566
    1134      47.0899
    1135      49.7575
    1136      49.2850
    1137      49.5789
    1138      48.3086
    1139      48.8593
    1140      50.5464
    1141      47.3820
    1142      45.1898
    1143      43.3898
    1144      46.8531
    1145      45.1702
    1146      44.5524
    1147      49.0475
    1148      44.6362
    1149      41.3578
    1150      41.1392
    1151      40.8575
    1152      41.6858
    1153      42.4285
    1154      40.2173
    1155      44.4330
    1156      44.8531
    1157      42.3828
    1158      43.5463
    1159      45.2391
    1160      46.0925
    1161      44.4375
    1162      47.5963
    1163      49.7014
    1164      46.0978
    1165      46.0618
    1166      47.2525
    1167      47.5030
    1168      47.9590
    1169      48.6786
    1170      51.2798
    1171      47.9775
    1172      47.8442
    1173      46.5486
    1174      45.2412
    1175      48.8610
    1176      44.1418
    1177      46.1720
    1178      46.4988
    1179      46.4656
    1180      47.9306
    1181      46.6535
    1182      50.1830
    1183      51.4505
    1184      54.3117
    1185      51.7883
    1186      45.4047
    1187      45.4499
    1188      46.0262
    1189      45.2067
    1190      44.4465
    1191      45.9054
    1192      46.0318
    1193      45.2822
    1194      43.6802
    1195      43.4972
    1196      46.3809
    1197      42.4408
    1198      47.5215
    1199      45.7848
    1200      45.8408
    1201      45.0843
    1202      45.3787
    1203      45.6675
    1204      45.5603
    1205      43.4208
    1206      43.0283
    1207      44.1401
    1208      47.9295
    1209      43.6572
    1210      45.7972
    1211      45.8361
    1212      45.4091
    1213      43.8576
    1214      44.2541
    1215      43.9574
    1216      45.9941
    1217      47.3601
    1218      46.2263
    1219      47.9124
    1220      53.2779
    1221      53.0819
    1222      51.3093
    1223      52.5755
    1224      50.6478
    1225      48.7123
    1226      45.6663
    1227      48.3709
    1228      51.8881
    1229      53.6672
    1230      52.2069
    1231      53.2271
    1232      51.6145
    1233      47.9780
    1234      47.8018
    1235      52.7224
    1236      47.8099
    1237      45.6054
    1238      47.8705
    1239      44.5306
    1240      47.4688
    1241      50.7293
    1242      46.9763
    1243      44.4499
    1244      43.5162
    1245      43.3780
    1246      45.7540
    1247      49.2448
    1248      51.1709
    1249      53.3131
    1250      52.6784
    1251      52.1708
    1252      50.7288
    1253      51.6186
    1254      46.8067
    1255      50.3951
    1256      57.9534
    1257      59.4894
    1258      60.3867
    1259      62.0522
    1260      60.4499
    1261      59.0590
    1262      54.9460
    1263      50.6121
    1264      45.9152
    1265      46.2159
    1266      45.7311
    1267      51.2445
    1268      56.3253
    1269      60.2710
    1270      60.2567
    1271      61.9694
    1272      60.7693
    1273      57.1420
    1274      54.7154
    1275      52.3224
    1276      52.5362
    1277      46.6858
    1278      50.7034
    1279      50.4057
    1280      48.0705
    1281      48.4397
    1282      49.1183
    1283      47.2014
    1284      46.7938
    1285      48.0634
    1286      45.6819
    1287      47.4865
    1288      46.3076
    1289      46.3444
    1290      48.4898
    1291      47.3348
    1292      47.8720
    1293      45.8908
    1294      46.0349
    1295      43.9035
    1296      50.0096
    1297      49.5967
    1298      50.5134
    1299      49.5788
    1300      53.5903
    1301      54.8735
    1302      54.8022
    1303      57.7062
    1304      54.0770
    1305      53.0055
    1306      52.7593
    1307      52.4818
    1308      51.3938
    1309      51.5268
    1310      50.4591
    1311      47.1856
    1312      46.3452
    1313      47.6004
    1314      44.9221
    1315      46.8168
    1316      46.1054
    1317      46.4498
    1318      43.6967
    1319      43.5480
    1320      46.1284
    1321      42.4922
    1322      46.3130
    1323      49.0856
    1324      50.0165
    1325      53.4034
    1326      53.8424
    1327      54.4193
    1328      53.2585
    1329      51.5167
    1330      55.5004
    1331      56.5735
    1332      50.7593
    1333      48.6669
    1334      50.2201
    1335      53.9136
    1336      51.0304
    1337      49.3605
    1338      50.4665
    1339      51.6834
    1340      51.7132
    1341      48.8660
    1342      49.7777
    1343      50.5292
    1344      50.4565
    1345      50.6444
    1346      50.4168
    1347      50.3186
    1348      50.3015
    1349      49.6849
    1350      48.6365
    1351      45.5826
    1352      44.6714
    1353      46.6196
    1354      43.3109
    1355      47.7101
    1356      43.5996
    1357      43.5732
    1358      44.5334
    1359      41.9949
    1360      43.4319
    1361      47.2306
    1362      44.5944
    1363      46.2285
    1364      46.0176
    1365      48.0050
    1366      46.2362
    1367      47.6349
    1368      48.3776
    1369      47.5247
    1370      46.6606
    1371      45.9624
    1372      44.2419
    1373      46.6866
    1374      46.3362
    1375      46.1605
    1376      47.4721
    1377      46.2689
    1378      46.8468
    1379      47.1956
    1380      47.4212
    1381      49.9878
    1382      49.2850
    1383      48.4840
    1384      49.4106
    1385      45.9262
    1386      44.5784
    1387      46.5580
    1388      45.6221
    1389      47.2875
    1390      44.6255
    1391      45.5061
    1392      48.6242
    1393      53.2388
    1394      52.0378
    1395      46.6046
    1396      47.5878
    1397      50.6743
    1398      50.0948
    1399      54.1404
    1400      49.6642
    1401      45.9655
    1402      48.2550
    1403      45.0925
    1404      41.6507
    1405      44.7012
    1406      47.6573
    1407      50.1987
    1408      50.2999
    1409      42.0324
    1410      40.7778
    1411      45.4868
    1412      48.5100
    1413      47.9310
    1414      50.5274
    1415      49.6007
    1416      51.9734
    1417      46.7641
    1418      46.1812
    1419      45.9417
    1420      44.7187
    1421      44.6303
    1422      44.7202
    1423      43.4865
    1424      46.0235
    1425      45.5256
    1426      44.6752
    1427      45.0373
    1428      43.9804
    1429      44.7433
    1430      44.6098
    1431      49.9356
    1432      48.4705
    1433      46.3392
    1434      44.7905
    1435      45.0973
    1436      44.4307
    1437      45.9281
    1438      42.1949
    1439      45.3863
    1440      46.3873
    1441      45.0278
    1442      44.6227
    1443      46.0936
    1444      39.8257
    1445      40.8596
    1446      42.1137
    1447      45.0350
    1448      42.2615
    1449      44.5440
    1450      46.9801
    1451      50.9026
    1452      48.4133
    1453      48.5508
    1454      46.0840
    1455      48.5811
    1456      51.6609
    1457      49.9503
    1458      48.8013
    1459      51.0465
    1460      46.0190
    1461      47.1178
    1462      52.8494
    1463      49.0335
    1464      51.1156
    1465      47.6155
    1466      47.9965
    1467      51.4763
    1468      51.7835
    1469      50.6785
    1470      49.4502
    1471      48.9104
    1472      49.6518
    1473      49.2065
    1474      53.3568
    1475      46.8657
    1476      41.4937
    1477      43.9043
    1478      48.8769
    1479      51.1610
    1480      47.1382
    1481      50.0831
    1482      50.5538
    1483      47.8602
    1484      47.5835
    1485      49.7688
    1486      49.8309
    1487      47.9217
    1488      47.9182
    1489      49.3751
    1490      51.2490
    1491      49.8460
    1492      49.3585
    1493      49.9194
    1494      49.1774
    1495      47.0423
    1496      46.3953
    1497      50.2695
    1498      46.0426
    1499      46.6949
    1500      50.3667
    1501      47.8801
    1502      47.8017
    1503      48.6169
    1504      47.8504
    1505      43.6501
    1506      46.7075
    1507      49.5278
    1508      50.2209
    1509      53.8877
    1510      55.1153
    1511      55.2438
    1512      56.8185
    1513      56.1959
    1514      53.9747
    1515      53.8017
    1516      50.6416
    1517      48.9790
    1518      44.5125
    1519      48.0225
    1520      43.5026
    1521      47.9617
    1522      43.8787
    1523      47.9293
    1524      48.0653
    1525      51.7420
    1526      50.6529
    1527      50.2407
    1528      54.1607
    1529      54.2210
    1530      54.1003
    1531      50.4239
    1532      41.0546
    1533      42.7373
    1534      45.2181
    1535      47.0576
    1536      49.3233
    1537      48.7458
    1538      47.0804
    1539      48.0215
    1540      46.7475
    1541      49.1691
    1542      50.1978
    1543      49.7716
    1544      48.1401
    1545      46.2509
    1546      46.3198
    1547      51.4774
    1548      52.2380
    1549      54.1748
    1550      53.8089
    1551      53.2461
    1552      62.3302
    1553      58.9981
    1554      62.1420
    1555      56.8008
    1556      56.5005
    1557      54.2366
    1558      53.4717
    1559      55.0909
    1560      56.6345
    1561      59.7210
    1562      55.9409
    1563      56.4682
    1564      60.2882
    1565      56.2788
    1566      57.0667
    1567      50.9122
    1568      48.6932
    1569      50.8178
    1570      51.4327
    1571      51.4040
    1572      49.7216
    1573      57.6748
    1574      50.7614
    1575      52.9841
    1576      53.5392
    1577      50.4235
    1578      54.6059
    1579      55.2744
    1580      50.3092
    1581      53.8884
    1582      50.7486
    1583      49.0689
    1584      50.9534
    1585      49.7946
    1586      50.4068
    1587      50.2426
    1588      52.5080
    1589      51.1404
    1590      47.9698
    1591      52.2050
    1592      50.7174
    1593      49.8073
    1594      47.8415
    1595      50.1150
    1596      54.5117
    1597      51.2107
    1598      49.9703
    1599      50.9203
    1600      51.4475
    1601      53.2244
    1602      57.9591
    1603      55.2799
    1604      49.5512
    1605      48.7123
    1606      48.2703
    1607      52.1885
    1608      51.4927
    1609      52.1447
    1610      48.7556
    1611      50.5631
    1612      56.8107
    1613      57.1623
    1614      49.6203
    1615      50.9964
    1616      49.8035
    1617      47.7837
    1618      52.1998
    1619      55.6594
    1620      53.2508
    1621      51.9926
    1622      48.2943
    1623      44.9080
    1624      45.0267
    1625      44.1685
    1626      45.8996
    1627      46.4792
    1628      48.4473
    1629      43.0923
    1630      44.6781
    1631      44.4967
    1632      48.0739
    1633      47.3961
    1634      45.3919
    1635      43.9880
    1636      49.8189
    1637      51.6543
    1638      52.7127
    1639      50.8406
    1640      52.6706
    1641      51.3357
    1642      48.7678
    1643      49.6283
    1644      49.1114
    1645      50.4880
    1646      49.9619
    1647      51.7725
    1648      49.0833
    1649      45.4115
    1650      44.4951
    1651      46.0172
    1652      49.9141
    1653      51.4916
    1654      50.2264
    1655      50.1737
    1656      47.0162
    1657      48.2540
    1658      48.7779
    1659      46.5330
    1660      49.7161
    1661      55.2858
    1662      57.0930
    1663      57.9766
    1664      51.7681
    1665      54.8837
    1666      49.0439
    1667      48.2043
    1668      52.3526
    1669      53.1358
    1670      53.9736
    1671      48.9927
    1672      50.8985
    1673      50.7990
    1674      43.8473
    1675      46.1920
    1676      45.7609
    1677      48.7320
    1678      47.9045
    1679      45.5822
    1680      44.5291
    1681      44.0522
    1682      45.1188
    1683      41.2537
    1684      40.8151
    1685      41.2517
    1686      41.0693
    1687      40.5837
    1688      43.2498
    1689      45.7275
    1690      46.6599
    1691      47.5846
    1692      45.4099
    1693      47.0322
    1694      49.8283
    1695      49.0358
    1696      49.0385
    1697      52.4625
    1698      53.2567
    1699      52.6533
    1700      50.3112
    1701      52.9272
    1702      54.0103
    1703      51.3115
    1704      52.6718
    1705      50.8829
    1706      45.2154
    1707      46.9925
    1708      50.6454
    1709      50.3298
    1710      58.3529
    1711      53.7706
    1712      50.7962
    1713      52.2279
    1714      48.9570
    1715      49.1403
    1716      49.0874
    1717      53.7639
    1718      52.7259
    1719      52.1916
    1720      52.4738
    1721      53.9076
    1722      52.3307
    1723      54.5102
    1724      53.8321
    1725      48.7844
    1726      51.4998
    1727      53.9860
    1728      53.9257
    1729      55.4493
    1730      51.2942
    1731      53.4191
    1732      53.3815
    1733      51.3284
    1734      52.8557
    1735      56.8574
    1736      54.0694
    1737      48.8640
    1738      44.8125
    1739      43.7856
    1740      43.5362
    1741      46.4405
    1742      47.7016
    1743      51.6259
    1744      55.5882
    1745      56.4708
    1746      64.7802
    1747      69.8859
    1748      72.6089
    1749      74.5501
    1750      77.9764
    1751      73.7559
    1752      66.4199
    1753      58.2065
    1754      61.7058
    1755      56.4487
    1756      58.0521
    1757      56.0032
    1758      54.4958
    1759      55.6473
    1760      54.6422
    1761      58.1469
    1762      58.8417
    1763      56.4633
    1764      49.6533
    1765      48.5640
    1766      52.9610
    1767      50.5699
    1768      51.4805
    1769      48.4431
    1770      45.3174
    1771      44.9548
    1772      47.4754
    1773      42.3595
    1774      44.9006
    1775      47.5015
    1776      48.4989
    1777      45.9050
    1778      46.5479
    1779      45.0333
    1780      49.5985
    1781      49.2031
    1782      52.0873
    1783      49.3736
    1784      48.8063
    1785      45.9806
    1786      45.8306
    1787      50.0484
    1788      46.9811
    1789      50.0451
    1790      52.6226
    1791      47.2639
    1792      45.7378
    1793      45.1743
    1794      46.3672
    1795      46.2666
    1796      47.1290
    1797      48.2917
    1798      52.9917
    1799      58.8154
    1800      55.4066
    1801      55.4621
    1802      56.5817
    1803      53.2542
    1804      50.3211
    1805      50.9833
    1806      47.9019
    1807      44.6413
    1808      46.2689
    1809      49.1042
    1810      48.4383
    1811      50.7695
    1812      54.8006
    1813      50.8105
    1814      51.2987
    1815      51.5561
    1816      49.6951
    1817      52.1989
    1818      54.4039
    1819      53.9057
    1820      55.5853
    1821      53.7836
    1822      50.4350
    1823      50.3293
    1824      52.6304
    1825      51.4539
    1826      49.3850
    1827      47.6016
    1828      52.5606
    1829      52.4739
    1830      51.6727
    1831      49.1723
    1832      49.0771
    1833      52.0922
    1834      53.2549
    1835      49.7611
    1836      53.7926
    1837      51.8851
    1838      51.2561
    1839      53.5896
    1840      51.2716
    1841      53.4771
    1842      51.6805
    1843      49.7824
    1844      49.8403
    1845      49.7149
    1846      51.5598
    1847      52.0137
    1848      48.4727
    1849      45.8829
    1850      48.4770
    1851      47.8056
    1852      49.1885
    1853      55.9395
    1854      54.9964
    1855      51.6611
    1856      54.3398
    1857      50.0353
    1858      50.6974
    1859      51.4601
    1860      52.9486
    1861      50.6649
    1862      49.9435
    1863      46.9839
    1864      47.4445
    1865      44.2823
    1866      51.5259
    1867      53.9447
    1868      57.6754
    1869      57.4472
    1870      54.5137
    1871      52.0598
    1872      56.2577
    1873      58.8911
    1874      53.4039
    1875      49.5792
    1876      43.9416
    1877      46.5296
    1878      49.8010
    1879      45.5464
    1880      46.8943
    1881      49.7886
    1882      46.4725
    1883      50.1197
    1884      52.1161
    1885      49.8796
    1886      48.3436
    1887      48.4032
    1888      47.8815
    1889      46.7513
    1890      47.7850
    1891      47.2863
    1892      48.7458
    1893      47.8638
    1894      49.1642
    1895      48.0191
    1896      45.0191
    1897      48.0893
    1898      44.5114
    1899      45.8497
    1900      48.1850
    1901      48.0281
    1902      54.1185
    1903      54.9948
    1904      58.1446
    1905      60.3272
    1906      60.4367
    1907      58.2318
    1908      58.2005
    1909      54.2162
    1910      57.5441
    1911      53.1139
    1912      50.0914
    1913      43.3019
    1914      48.1079
    1915      44.6144
    1916      50.3810
    1917      48.6603
    1918      49.2325
    1919      44.6068
    1920      44.9861
    1921      44.8599
    1922      43.1831
    1923      44.0293
    1924      43.8692
    1925      42.5603
    1926      41.9578
    1927      41.6012
    1928      44.1288
    1929      43.5232
    1930      46.4782
    1931      49.7488
    1932      48.5903
    1933      48.0809
    1934      48.2743
    1935      45.3817
    1936      43.1929
    1937      41.9800
    1938      40.3119
    1939      39.7031
    1940      42.1818
    1941      43.2983
    1942      37.4597
    1943      39.5160
    1944      40.9551
    1945      38.3568
    1946      41.8491
    1947      46.3087
    1948      41.5676
    1949      42.8891
    1950      43.1789
    1951      43.3354
    1952      43.0222
    1953      40.0655
    1954      43.9461
    1955      45.4212
    1956      48.0042
    1957      49.2694
    1958      47.2775
    1959      48.4592
    1960      47.8932
    1961      48.2352
    1962      45.7601
    1963      47.9180
    1964      47.7767
    1965      46.4957
    1966      45.5551
    1967      51.9538
    1968      46.7265
    1969      45.1560
    1970      43.1513
    1971      44.5572
    1972      44.9542
    1973      45.8530
    1974      44.4507
    1975      43.5729
    1976      46.8499
    1977      53.7119
    1978      57.6138
    1979      59.7612
    1980      58.4837
    1981      58.7454
    1982      57.1438
    1983      62.2316
    1984      64.9315
    1985      56.5310
    1986      59.1438
    1987      61.4177
    1988      61.9233
    1989      61.1794
    1990      59.5729
    1991      59.3976
    1992      62.5024
    1993      63.4354
    1994      61.5547
    1995      59.8221
    1996      52.9585
    1997      48.2138
    1998      52.8668
    1999      51.5628
    2000      48.2415
    2001      49.8781
    2002      52.0026
    2003      50.7217
    2004      48.0074
    2005      50.6555
    2006      50.6307
    2007      50.1749
    2008      52.2095
    2009      48.1706
    2010      51.5341
    2011      49.3513
    2012      49.1854
    2013      49.2778
    2014      53.7274
    2015      49.5203
    2016      50.1190
    2017      46.7742
    2018      48.6792
    2019      44.8380
    2020      47.9481
    2021      52.5429
    2022      50.6558
    2023      48.0087
    2024      50.7848
    2025      48.7443
    2026      45.4696
    2027      47.2814
    2028      49.3252
    2029      50.9960
    2030      47.6418
    2031      47.7717
    2032      50.1989
    2033      49.8221
    2034      50.7397
    2035      50.8201
    2036      51.2621
    2037      46.6199
    2038      49.8818
    2039      45.8983
    2040      45.7875
    2041      43.6682
    2042      45.0634
    2043      46.0172
    2044      44.3306
    2045      45.9170
    2046      42.0122
    2047      42.6779
    2048      46.7970
    2049      53.6116
    2050      56.6774
    2051      49.9687
    2052      47.6346
    2053      48.7432
    2054      46.5912
    2055      45.0231
    2056      46.1844
    2057      43.0309
    2058      47.7083
    2059      52.9485
    2060      53.2354
    2061      52.0268
    2062      51.1349
    2063      48.6202
    2064      49.9468
    2065      52.4519
    2066      56.0717
    2067      56.8383
    2068      52.4194
    2069      54.7647
    2070      60.1903
    2071      54.8616
    2072      54.4663
    2073      53.0759
    2074      49.7189
    2075      48.5216
    2076      50.7887
    2077      50.3043
    2078      50.9744
    2079      51.6706
    2080      52.2625
    2081      50.4940
    2082      49.4041
    2083      55.0029
    2084      51.6495
    2085      49.5136
    2086      52.2250
    2087      51.5489
    2088      54.1969
    2089      51.0084
    2090      49.8264
    2091      49.1793
    2092      51.5443
    2093      50.5033
    2094      53.0046
    2095      50.8536
    2096      50.7721
    2097      49.9542
    2098      53.2742
    2099      54.6932
    2100      49.1597
    2101      44.8472
    2102      49.5597
    2103      50.2870
    2104      48.1229
    2105      44.0456
    2106      46.3139
    2107      48.6476
    2108      46.6208
    2109      42.7800
    2110      43.9663
    2111      47.4360
    2112      48.8768
    2113      51.2249
    2114      53.4342
    2115      48.8532
    2116      47.0004
    2117      44.5834
    2118      45.9109
    2119      42.2054
    2120      45.1203
    2121      50.2997
    2122      49.6440
    2123      46.3723
    2124      48.6636
    2125      45.4467
    2126      45.3874
    2127      44.1090
    2128      46.4424
    2129      47.3607
    2130      46.2707
    2131      45.4603
    2132      44.5624
    2133      42.4164
    2134      44.9482
    2135      44.0457
    2136      45.4665
    2137      44.7918
    2138      43.0554
    2139      44.8650
    2140      46.4246
    2141      45.5119
    2142      42.6850
    2143      45.0128
    2144      48.3995
    2145      47.0125
    2146      45.1980
    2147      46.8300
    2148      44.5830
    2149      44.9922
    2150      46.3626
    2151      44.9107
    2152      47.8740
    2153      43.8369
    2154      49.7837
    2155      50.5267
    2156      52.6803
    2157      52.4329
    2158      48.6167
    2159      47.6323
    2160      48.1764
    2161      46.5936
    2162      47.9615
    2163      51.0092
    2164      46.8508
    2165      47.5419
    2166      48.5013
    2167      46.1835
    2168      45.3002
    2169      46.3524
    2170      46.9423
    2171      45.1421
    2172      44.2711
    2173      44.1672
    2174      45.9363
    2175      49.2868
    2176      49.5517
    2177      51.0569
    2178      50.8516
    2179      50.1201
    2180      49.6859
    2181      44.5190
    2182      46.3146
    2183      46.9832
    2184      47.1251
    2185      47.6518
    2186      50.3015
    2187      47.1060
    2188      44.2030
    2189      41.7916
    2190      41.7773
    2191      45.7853
    2192      45.0598
    2193      45.7404
    2194      49.4305
    2195      51.9314
    2196      48.9041
    2197      48.7345
    2198      48.5419
    2199      48.7108
    2200      42.1663
    2201      48.6682
    2202      47.5893
    2203      43.7561
    2204      43.8946
    2205      44.5628
    2206      43.9075
    2207      47.1498
    2208      48.4600
    2209      49.8357
    2210      46.1673
    2211      50.3683
    2212      49.1666
    2213      43.1553
    2214      44.2451
    2215      45.7513
    2216      46.3787
    2217      45.1053
    2218      47.4987
    2219      48.6882
    2220      47.8690
    2221      47.3619
    2222      46.1159
    2223      49.8199
    2224      54.7907
    2225      52.5264
    2226      52.3030
    2227      51.5333
    2228      54.5222
    2229      56.3267
    2230      52.1019
    2231      53.2591
    2232      49.2862
    2233      48.4424
    2234      47.3534
    2235      47.4601
    2236      48.8300
    2237      46.6112
    2238      51.3155
    2239      50.7572
    2240      48.9122
    2241      51.3096
    2242      48.4027
    2243      49.2788
    2244      53.3623
    2245      52.3594
    2246      51.4722
    2247      51.6528
    2248      50.3453
    2249      52.2668
    2250      51.5089
    2251      46.2668
    2252      46.9146
    2253      49.6529
    2254      45.9458
    2255      48.8407
    2256      47.9242
    2257      50.1773
    2258      51.6030
    2259      49.6438
    2260      49.9247
    2261      43.7964
    2262      44.4767
    2263      45.7513
    2264      46.4810
    2265      45.9042
    2266      44.7087
    2267      41.0191
    2268      42.8208
    2269      42.9485
    2270      46.5363
    2271      43.8290
    2272      46.0851
    2273      45.4241
    2274      46.7219
    2275      44.0818
    2276      44.6652
    2277      45.1147
    2278      46.0667
    2279      45.2929
    2280      45.0405
    2281      47.0009
    2282      47.5707
    2283      44.2039
    2284      40.8619
    2285      43.7480
    2286      43.0851
    2287      44.0056
    2288      45.0798
    2289      44.2928
    2290      41.7851
    2291      44.0159
    2292      46.1420
    2293      46.4054
    2294      50.4603
    2295      49.9478
    2296      50.4282
    2297      49.9308
    2298      49.5927
    2299      46.9473
    2300      44.2644
    2301      45.1340
    2302      47.4651
    2303      46.9367
    2304      46.4709
    2305      45.9443
    2306      46.7057
    2307      47.2725
    2308      46.8979
    2309      43.0815
    2310      44.1459
    2311      47.2716
    2312      46.8398
    2313      41.0842
    2314      46.5738
    2315      46.8801
    2316      50.3309
    2317      51.9582
    2318      49.9458
    2319      51.3878
    2320      50.3200
    2321      50.3546
    2322      51.7611
    2323      45.7610
    2324      46.3280
    2325      51.7212
    2326      47.8413
    2327      48.6637
    2328      54.3582
    2329      50.6651
    2330      50.6613
    2331      53.2391
    2332      51.6439
    2333      50.5105
    2334      50.9795
    2335      52.1432
    2336      51.2497
    2337      50.3216
    2338      50.1438
    2339      48.1146
    2340      42.5316
    2341      42.8818
    2342      46.3875
    2343      50.7094
    2344      49.0992
    2345      48.0407
    2346      49.5316
    2347      47.2273
    2348      44.3734
    2349      47.8133
    2350      42.0641
    2351      43.6096
    2352      45.3387
    2353      47.3095
    2354      51.7390
    2355      52.5128
    2356      51.2081
    2357      51.2447
    2358      48.8362
    2359      45.8287
    2360      48.8664
    2361      43.0949
    2362      41.8477
    2363      45.2395
    2364      46.2102
    2365      46.7608
    2366      45.2439
    2367      45.4799
    2368      45.2164
    2369      47.8080
    2370      45.2167
    2371      44.2564
    2372      46.3494
    2373      51.9109
    2374      50.0143
    2375      49.5056
    2376      51.2772
    2377      49.3986
    2378      46.5327
    2379      49.1678
    2380      48.8258
    2381      45.3429
    2382      47.4967
    2383      46.4504
    2384      44.2361
    2385      45.1632
    2386      46.3508
    2387      47.2500
    2388      55.8276
    2389      54.3257
    2390      50.1643
    2391      51.2201
    2392      50.1518
    2393      52.8891
    2394      52.5122
    2395      50.8927
    2396      51.6733
    2397      52.2584
    2398      54.6180
    2399      51.1952
    2400      48.9876
    2401      50.8797
    2402      45.9557
    2403      44.7417
    2404      45.0993
    2405      44.8990
    2406      44.6176
    2407      42.4003
    2408      42.2820
    2409      44.3491
    2410      42.9867
    2411      41.5636
    2412      46.0390
    2413      48.9979
    2414      46.1054
    2415      46.0996
    2416      46.0804
    2417      41.6719
    2418      40.9391
    2419      44.0132
    2420      46.0962
    2421      43.1542
    2422      43.0078
    2423      45.3515
    2424      44.8222
    2425      43.3654
    2426      42.6259
    2427      44.0231
    2428      47.3040
    2429      47.2449
    2430      43.2019
    2431      48.5515
    2432      41.8881
    2433      41.8160
    2434      44.3673
    2435      44.4373
    2436      44.8940
    2437      47.0449
    2438      45.4653
    2439      46.2200
    2440      49.4148
    2441      54.2599
    2442      50.5117
    2443      49.3021
    2444      51.2873
    2445      50.5652
    2446      53.3070
    2447      53.0758
    2448      48.5161
    2449      48.6877
    2450      53.0906
    2451      50.7380
    2452      54.9911
    2453      51.9836
    2454      49.3516
    2455      47.9497
    2456      48.3911
    2457      51.7239
    2458      53.6068
    2459      52.4345
    2460      54.0477
    2461      50.9489
    2462      49.5966
    2463      48.3915
    2464      50.2038
    2465      53.3409
    2466      50.2675
    2467      48.0084
    2468      47.3655
    2469      48.2355
    2470      48.1465
    2471      48.1228
    2472      45.7795
    2473      47.8361
    2474      48.4940
    2475      45.4699
    2476      46.5582
    2477      48.0065
    2478      43.9063
    2479      45.1627
    2480      48.5197
    2481      53.4149
    2482      50.6885
    2483      52.5700
    2484      54.8460
    2485      52.7394
    2486      51.5034
    2487      53.1180
    2488      52.0454
    2489      51.0732
    2490      54.5763
    2491      53.3899
    2492      52.4668
    2493      49.8083
    2494      52.3288
    2495      53.6808
    2496      55.0287
    2497      53.1119
    2498      48.1334
    2499      48.6317
    2500      58.3540
    2501      57.3290
    2502      54.6110
    2503      53.0004
    2504      53.3809
    2505      52.2636
    2506      53.3884
    2507      54.1407
    2508      53.4153
    2509      55.9971
    2510      58.6593
    2511      63.3807
    2512      63.0067
    2513      60.4441
    2514      59.3131
    2515      61.2532
    2516      61.2151
    2517      61.0523
    2518      60.9531
    2519      54.1223
    2520      55.3850
    2521      61.5836
    2522      62.9556
    2523      57.9763
    2524      58.1103
    2525      60.8050
    2526      63.4823
    2527      64.1884
    2528      64.4718
    2529      60.2808
    2530      62.7762
    2531      60.0254
    2532      55.0098
    2533      52.6451
    2534      51.3193
    2535      51.1569
    2536      47.6874
    2537      45.8171
    2538      47.4539
    2539      48.8988
    2540      47.9437
    2541      52.7893
    2542      52.1806
    2543      54.0624
    2544      55.0003
    2545      50.0954
    2546      48.2270
    2547      50.0584
    2548      52.0819
    2549      49.1955
    2550      48.8018
    2551      51.0524
    2552      52.5957
    2553      54.9895
    2554      54.5234
    2555      49.7901
    2556      47.8447
    2557      46.5297
    2558      49.4086
    2559      53.5315
    2560      48.8585
    2561      49.9454
    2562      50.1407
    2563      50.8179
    2564      57.2132
    2565      53.4756
    2566      53.8573
    2567      54.8997
    2568      53.8983
    2569      55.0727
    2570      53.8022
    2571      53.7266
    2572      54.5043
    2573      51.2197
    2574      53.9245
    2575      52.7110
    2576      52.5591
    2577      55.7957
    2578      52.3678
    2579      54.0560
    2580      52.4437
    2581      50.4416
    2582      48.9632
    2583      47.7056
    2584      48.7062
    2585      52.7593
    2586      49.1280
    2587      47.9638
    2588      48.6609
    2589      47.5621
    2590      50.7550
    2591      46.5327
    2592      48.5649
    2593      47.7461
    2594      49.7028
    2595      50.5585
    2596      49.3927
    2597      49.2893
    2598      52.5396
    2599      50.3057
    2600      53.3950
    2601      54.5271
    2602      55.7212
    2603      52.5928
    2604      53.9441
    2605      53.3286
    2606      53.8407
    2607      53.3438
    2608      53.5016
    2609      54.8381
    2610      49.6286
    2611      50.0918
    2612      47.2834
    2613      47.2815
    2614      51.8292
    2615      51.8138
    2616      53.8389
    2617      54.3409
    2618      54.7714
    2619      52.5322
    2620      55.1469
    2621      55.2757
    2622      59.4605
    2623      52.4047
    2624      53.7866
    2625      53.5073
    2626      50.5408
    2627      46.2795
    2628      48.9745
    2629      50.9706
    2630      50.9961
    2631      47.5230
    2632      49.5730
    2633      52.2958
    2634      54.2607
    2635      53.8372
    2636      53.5559
    2637      54.1978
    2638      54.7518
    2639      54.5371
    2640      52.2059
    2641      55.8121
    2642      54.2624
    2643      57.6314
    2644      55.4938
    2645      57.6458
    2646      58.7335
    2647      57.2497
    2648      51.9455
    2649      47.7618
    2650      51.0337
    2651      47.4847
    2652      47.9913
    2653      48.3284
    2654      48.6450
    2655      48.0765
    2656      48.7050
    2657      49.7724
    2658      49.2398
    2659      51.5267
    2660      55.4988
    2661      53.6967
    2662      53.3558
    2663      50.5686
    2664      54.9167
    2665      53.0432
    2666      50.6154
    2667      47.8128
    2668      49.8285
    2669      49.3460
    2670      48.4727
    2671      48.8497
    2672      48.4872
    2673      47.6566
    2674      48.0669
    2675      46.6249
    2676      46.7614
    2677      52.8051
    2678      54.5695
    2679      54.2852
    2680      49.2000
    2681      48.8730
    2682      46.2551
    2683      47.4113
    2684      50.9711
    2685      44.2236
    2686      46.0397
    2687      43.7346
    2688      44.9678
    2689      43.8552
    2690      46.8683
    2691      46.8423
    2692      44.7007
    2693      47.7167
    2694      47.9506
    2695      48.9402
    2696      48.9815
    2697      46.8680
    2698      48.3520
    2699      46.7783
    2700      48.1156
    2701      47.9613
    2702      48.4683
    2703      50.6354
    2704      50.9240
    2705      48.2549
    2706      52.3739
    2707      51.3340
    2708      49.2129
    2709      48.5479
    2710      47.4705
    2711      49.0002
    2712      51.7620
    2713      50.1959
    2714      52.7341
    2715      54.4757
    2716      54.0846
    2717      52.1590
    2718      54.4566
    2719      53.8317
    2720      55.3318
    2721      57.2587
    2722      53.6400
    2723      54.2161
    2724      52.7973
    2725      48.7105
    2726      48.7123
    2727      47.2081
    2728      50.8280
    2729      51.7329
    2730      47.7248
    2731      48.5657
    2732      47.5696
    2733      47.1172
    2734      43.4848
    2735      44.1746
    2736      44.7968
    2737      43.4001
    2738      44.4081
    2739      47.8211
    2740      48.9980
    2741      51.4363
    2742      54.2048
    2743      46.1341
    2744      43.1130
    2745      39.9396
    2746      44.0371
    2747      44.2632
    2748      46.2194
    2749      43.4003
    2750      39.9895
    2751      42.6600
    2752      45.3363
    2753      44.4155
    2754      43.2446
    2755      45.4596
    2756      44.2581
    2757      45.1913
    2758      45.0303
    2759      43.7202
    2760      45.7252
    2761      50.7348
    2762      47.3729
    2763      46.8970
    2764      44.8171
    2765      43.8900
    2766      46.1204
    2767      45.5054
    2768      46.8010
    2769      44.4028
    2770      45.2580
    2771      45.1981
    2772      40.5341
    2773      44.9926
    2774      48.0348
    2775      49.5631
    2776      45.6571
    2777      45.6601
    2778      47.5956
    2779      44.6309
    2780      45.8994
    2781      44.3310
    2782      47.1583
    2783      48.2020
    2784      43.5022
    2785      45.0726
    2786      43.7293
    2787      46.2950
    2788      48.8828
    2789      45.5763
    2790      42.2029
    2791      43.8012
    2792      45.6105
    2793      47.0687
    2794      48.2092
    2795      48.2640
    2796      46.6444
    2797      45.9011
    2798      41.5862
    2799      44.4162
    2800      47.7500
    2801      43.6576
    2802      47.5811
    2803      47.9048
    2804      47.9705
    2805      50.4316
    2806      53.3013
    2807      54.0647
    2808      53.3504
    2809      51.9495
    2810      51.7848
    2811      57.5654
    2812      58.2890
    2813      55.7116
    2814      55.3774
    2815      53.0050
    2816      50.5334
    2817      47.4936
    2818      44.6959
    2819      50.8314
    2820      50.2492
    2821      43.9815
    2822      42.3621
    2823      47.0867
    2824      49.7285
    2825      46.9679
    2826      46.8786
    2827      50.0648
    2828      45.9281
    2829      46.7185
    2830      43.5898
    2831      45.0478
    2832      45.7539
    2833      48.6735
    2834      50.8171
    2835      48.7380
    2836      49.5253
    2837      43.6562
    2838      46.5520
    2839      45.9381
    2840      48.4212
    2841      48.0019
    2842      47.8503
    2843      42.6186
    2844      42.0005
    2845      46.8703
    2846      52.0203
    2847      51.8377
    2848      54.0244
    2849      52.1557
    2850      47.3012
    2851      46.8880
    2852      44.6522
    2853      45.0420
    2854      45.6677
    2855      50.0594
    2856      52.0159
    2857      49.7610
    2858      50.2016
    2859      47.0633
    2860      49.5437
    2861      48.8821
    2862      49.0225
    2863      48.7330
    2864      47.0407
    2865      48.7059
    2866      51.1398
    2867      53.0833
    2868      48.9627
    2869      50.5976
    2870      49.2043
    2871      46.1592
    2872      49.0936
    2873      50.2391
    2874      43.1119
    2875      42.0651
    2876      41.9430
    2877      44.7388
    2878      46.3976
    2879      48.4334
    2880      49.6820
    2881      50.3246
    2882      51.4404
    2883      46.4278
    2884      43.8272
    2885      40.0556
    2886      42.8092
    2887      47.1918
    2888      46.2481
    2889      45.1692
    2890      47.0077
    2891      49.4009
    2892      51.7161
    2893      48.8790
    2894      45.9250
    2895      46.5505
    2896      45.1415
    2897      42.4492
    2898      42.7757
    2899      46.5579
    2900      42.7872
    2901      44.0919
    2902      46.7918
    2903      46.5909
    2904      44.3399
    2905      46.2234
    2906      46.7146
    2907      47.0019
    2908      47.0133
    2909      45.8530
    2910      45.3851
    2911      43.7134
    2912      43.4753
    2913      42.2802
    2914      42.1578
    2915      43.2041
    2916      41.0902
    2917      43.6944
    2918      48.4394
    2919      47.4262
    2920      52.5751
    2921      51.9217
    2922      49.4848
    2923      48.1238
    2924      50.9022
    2925      48.4418
    2926      48.2710
    2927      50.3190
    2928      50.0932
    2929      47.1392
    2930      45.5343
    2931      46.5471
    2932      46.9180
    2933      45.2539
    2934      47.2047
    2935      47.3729
    2936      53.1988
    2937      50.9057
    2938      48.3917
    2939      47.1721
    2940      45.3905
    2941      47.0229
    2942      46.2518
    2943      44.2697
    2944      46.8821
    2945      46.5307
    2946      44.0160
    2947      45.6758
    2948      46.7682
    2949      45.9833
    2950      49.1760
    2951      49.0029
    2952      48.7437
    2953      45.8974
    2954      45.3117
    2955      46.2827
    2956      42.8908
    2957      48.3922
    2958      44.2886
    2959      47.8830
    2960      49.6167
    2961      46.0452
    2962      49.6410
    2963      54.4315
    2964      55.6053
    2965      53.0508
    2966      53.8954
    2967      61.1703
    2968      59.4186
    2969      57.5736
    2970      59.3633
    2971      61.0260
    2972      61.7149
    2973      55.0727
    2974      50.2003
    2975      52.5806
    2976      54.6240
    2977      51.6022
    2978      47.1119
    2979      43.1405
    2980      42.3266
    2981      44.5138
    2982      40.5824
    2983      43.2249
    2984      43.3610
    2985      44.0869
    2986      43.6964
    2987      48.5820
    2988      50.7259
    2989      49.0677
    2990      48.2947
    2991      45.4832
    2992      44.5129
    2993      46.9068
    2994      48.4804
    2995      46.4674
    2996      47.8962
    2997      47.4603
    2998      42.4850
    2999      51.4634
    3000      48.6914
    3001      50.0992
    3002      43.9507
    3003      47.0262
    3004      46.9039
    3005      43.8163
    3006      43.5597
    3007      41.4979
    3008      40.3354
    3009      40.3576
    3010      43.2156
    3011      41.0385
    3012      42.3702
    3013      43.8906
    3014      39.8605
    3015      41.9374
    3016      42.7318
    3017      39.7239
    3018      40.8823
    3019      42.6281
    3020      44.1630
    3021      44.8005
    3022      40.5370
    3023      42.2732
    3024      43.8961
    3025      46.2991
    3026      48.2748
    3027      48.8262
    3028      51.7550
    3029      54.2945
    3030      45.2049
    3031      49.5514
    3032      50.8968
    3033      50.1648
    3034      48.1571
    3035      48.4431
    3036      49.2083
    3037      44.9569
    3038      50.0676
    3039      50.5078
    3040      51.0592
    3041      51.5962
    3042      51.6483
    3043      47.1358
    3044      44.3965
    3045      44.6197
    3046      45.2019
    3047      45.0372
    3048      48.1286
    3049      43.8589
    3050      43.5495
    3051      48.4815
    3052      48.9756
    3053      52.2160
    3054      50.8734
    3055      47.9645
    3056      49.2095
    3057      49.3121
    3058      45.3224
    3059      46.6676
    3060      42.4654
    3061      44.9977
    3062      44.0647
    3063      46.1535
    3064      48.2831
    3065      45.5326
    3066      46.1173
    3067      47.8493
    3068      43.6852
    3069      45.8260
    3070      48.3569
    3071      45.9487
    3072      53.5601
    3073      54.4533
    3074      58.4977
    3075      56.2855
    3076      57.4954
    3077      57.4057
    3078      54.3713
    3079      50.6727
    3080      50.0916
    3081      51.7451
    3082      51.2785
    3083      54.9348
    3084      56.6746
    3085      55.6403
    3086      54.2906
    3087      52.6275
    3088      53.1143
    3089      55.4309
    3090      55.6562
    3091      52.2860
    3092      45.2620
    3093      48.0689
    3094      49.0909
    3095      48.3332
    3096      45.9958
    3097      47.5836
    3098      51.2205
    3099      56.5166
    3100      49.8419
    3101      52.1859
    3102      46.7446
    3103      48.7475
    3104      50.2396
    3105      45.9876
    3106      45.6538
    3107      48.9033
    3108      49.7597
    3109      52.7266
    3110      51.6650
    3111      52.0156
    3112      47.8452
    3113      45.1014
    3114      48.9644
    3115      52.8740
    3116      48.7547
    3117      50.8192
    3118      49.7354
    3119      50.2245
    3120      52.8500
    3121      51.5243
    3122      50.9769
    3123      50.7477
    3124      49.9355
    3125      44.0841
    3126      48.1127
    3127      51.8816
    3128      49.1803
    3129      53.1620
    3130      51.3070
    3131      50.9419
    3132      47.0366
    3133      50.4663
    3134      52.4123
    3135      46.1253
    3136      49.7082
    3137      48.9656
    3138      50.7596
    3139      56.6937
    3140      55.9226
    3141      49.5350
    3142      47.6212
    3143      49.3935
    3144      52.1841
    3145      51.9750
    3146      45.2398
    3147      47.5450
    3148      45.7166
    3149      44.8622
    3150      46.5907
    3151      49.1699
    3152      44.3877
    3153      46.0028
    3154      46.8048
    3155      46.9496
    3156      48.7135
    3157      43.4287
    3158      47.2272
    3159      51.7521
    3160      49.8349
    3161      49.1378
    3162      51.0456
    3163      42.3079
    3164      47.0201
    3165      52.0648
    3166      52.9747
    3167      54.1666
    3168      53.5839
    3169      55.0322
    3170      55.5563
    3171      51.0521
    3172      49.2565
    3173      45.7717
    3174      47.1810
    3175      49.0638
    3176      50.9978
    3177      49.9178
    3178      43.7638
    3179      43.7181
    3180      47.0504
    3181      45.7220
    3182      47.0705
    3183      47.5877
    3184      48.5967
    3185      44.8354
    3186      46.5148
    3187      46.0437
    3188      47.0933
    3189      44.6592
    3190      45.2805
    3191      44.4262
    3192      48.7085
    3193      55.9913
    3194      52.5907
    3195      59.1217
    3196      59.9307
    3197      53.0650
    3198      53.5364
    3199      54.8767
    3200      57.6169
    3201      58.0678
    3202      54.9898
    3203      47.3908
    3204      47.2077
    3205      50.7624
    3206      50.8633
    3207      51.9060
    3208      56.0805
    3209      56.1616
    3210      56.7792
    3211      52.9524
    3212      50.9987
    3213      55.4470
    3214      57.4529
    3215      58.8159
    3216      57.0611
    3217      59.3704
    3218      58.7987
    3219      55.5944
    3220      50.9105
    3221      49.4401
    3222      47.3298
    3223      47.5295
    3224      51.2575
    3225      51.1690
    3226      47.0919
    3227      47.2551
    3228      47.1438
    3229      48.9343
    3230      47.4330
    3231      48.3163
    3232      49.9018
    3233      49.9446
    3234      48.4892
    3235      49.0020
    3236      45.3411
    3237      45.8729
    3238      48.3344
    3239      51.6523
    3240      51.3613
    3241      50.9226
    3242      52.3470
    3243      50.5610
    3244      53.4704
    3245      58.0647
    3246      55.8650
    3247      54.1413
    3248      52.7227
    3249      51.7017
    3250      48.2901
    3251      51.0896
    3252      51.0712
    3253      49.5371
    3254      48.3553
    3255      47.6128
    3256      47.2651
    3257      51.7286
    3258      51.8927
    3259      50.4361
    3260      48.1276
    3261      47.8727
    3262      47.3447
    3263      49.2859
    3264      46.3563
    3265      44.6029
    3266      49.1559
    3267      47.3191
    3268      44.7207
    3269      41.7489
    3270      40.9282
    3271      43.7546
    3272      44.6933
    3273      46.1594
    3274      48.2145
    3275      46.6103
    3276      46.5415
    3277      45.9660
    3278      44.8920
    3279      46.3417
    3280      46.4194
    3281      45.3719
    3282      45.4454
    3283      46.2532
    3284      48.3345
    3285      51.3589
    3286      48.8115
    3287      45.1902
    3288      50.3411
    3289      51.2837
    3290      49.1823
    3291      46.9820
    3292      52.8305
    3293      51.7220
    3294      53.6827
    3295      55.7005
    3296      54.2293
    3297      55.4474
    3298      56.1080
    3299      54.7694
    3300      57.4633
    3301      54.5357
    3302      54.4759
    3303      52.5376
    3304      50.3871
    3305      48.6207
    3306      51.4174
    3307      48.5296
    3308      46.2257
    3309      50.6764
    3310      52.5930
    3311      52.7733
    3312      48.3056
    3313      51.6513
    3314      51.8916
    3315      52.1031
    3316      54.4141
    3317      52.9826
    3318      50.0387
    3319      52.5516
    3320      54.1932
    3321      52.8192
    3322      55.1460
    3323      53.7442
    3324      52.6026
    3325      53.6532
    3326      50.5841
    3327      53.4318
    3328      49.7242
    3329      50.5971
    3330      50.5097
    3331      49.1231
    3332      50.3412
    3333      51.8639
    3334      51.6715
    3335      51.5778
    3336      56.6782
    3337      53.0654
    3338      52.6532
    3339      53.1278
    3340      56.6162
    3341      51.8881
    3342      47.5962
    3343      47.4959
    3344      45.4929
    3345      48.5159
    3346      46.3534
    3347      47.0477
    3348      51.6345
    3349      49.9446
    3350      50.5628
    3351      47.8865
    3352      47.6827
    3353      48.7247
    3354      46.7910
    3355      47.3487
    3356      47.5702
    3357      47.8545
    3358      46.3802
    3359      49.1883
    3360      45.3822
    3361      44.4962
    3362      42.2747
    3363      45.5991
    3364      46.4401
    3365      49.8279
    3366      49.2510
    3367      47.3040
    3368      45.0537
    3369      46.6614
    3370      42.4766
    3371      45.8953
    3372      41.1620
    3373      44.2818
    3374      44.6527
    3375      46.3406
    3376      50.0187
    3377      50.7596
    3378      46.9260
    3379      47.2406
    3380      50.3259
    3381      52.0590
    3382      48.9395
    3383      46.1543
    3384      48.6086
    3385      46.4807
    3386      47.7885
    3387      43.6893
    3388      44.4501
    3389      50.0069
    3390      49.0751
    3391      49.4050
    3392      53.6927
    3393      51.5338
    3394      50.2533
    3395      49.1473
    3396      46.2973
    3397      44.7574
    3398      48.3729
    3399      49.9806
    3400      47.4633
    3401      47.7945
    3402      49.7691
    3403      48.3831
    3404      47.1306
    3405      48.4496
    3406      52.2868
    3407      54.1655
    3408      49.9627
    3409      49.8599
    3410      52.0418
    3411      50.7359
    3412      51.9195
    3413      53.0331
    3414      51.9461
    3415      53.2362
    3416      51.2746
    3417      50.9090
    3418      45.7350
    3419      49.0039
    3420      46.0488
    3421      47.5489
    3422      44.0983
    3423      47.4754
    3424      45.0547
    3425      45.7319
    3426      48.5894
    3427      48.1709
    3428      42.9214
    3429      43.0103
    3430      44.8177
    3431      46.0716
    3432      43.3831
    3433      42.2313
    3434      43.8535
    3435      39.8154
    3436      47.3797
    3437      43.4054
    3438      44.1873
    3439      44.3675
    3440      43.9665
    3441      45.5712
    3442      47.3943
    3443      52.4517
    3444      47.8508
    3445      47.0556
    3446      47.2473
    3447      44.2737
    3448      44.5109
    3449      53.1640
    3450      48.4798
    3451      48.8311
    3452      52.1511
    3453      49.4365
    3454      48.6253
    3455      43.5546
    3456      45.0891
    3457      50.5474
    3458      47.8366
    3459      48.3829
    3460      46.2827
    3461      46.0532
    3462      43.2630
    3463      46.2818
    3464      42.5257
    3465      47.8925
    3466      45.1677
    3467      46.5167
    3468      51.9196
    3469      48.8364
    3470      52.9782
    3471      50.8969
    3472      48.9487
    3473      46.8764
    3474      44.7347
    3475      50.2975
    3476      45.1970
    3477      44.8896
    3478      47.2368
    3479      49.8397
    3480      50.2210
    3481      53.0828
    3482      49.9395
    3483      49.6084
    3484      48.6823
    3485      50.9040
    3486      50.4519
    3487      53.1948
    3488      53.6510
    3489      54.3974
    3490      48.8042
    3491      47.4398
    3492      47.0087
    3493      49.3839
    3494      51.7349
    3495      43.4341
    3496      44.9604
    3497      49.0512
    3498      45.7923
    3499      42.4927
    3500      40.9454
    3501      44.1652
    3502      43.4349
    3503      46.1449
    3504      46.5180
    3505      49.2516
    3506      47.0515
    3507      46.0674
    3508      46.3404
    3509      47.1965
    3510      47.2782
    3511      41.6909
    3512      40.3573
    3513      44.9566
    3514      44.3536
    3515      42.6408
    3516      45.4415
    3517      47.4430
    3518      50.1195
    3519      48.0513
    3520      47.7596
    3521      48.2933
    3522      42.9292
    3523      40.6661
    3524      45.1046
    3525      45.2455
    3526      47.2922
    3527      43.7693
    3528      41.0825
    3529      43.6173
    3530      44.3306
    3531      41.0162
    3532      44.8293
    3533      45.9236
    3534      41.3969
    3535      41.5115
    3536      46.0628
    3537      44.0515
    3538      46.7772
    3539      51.4622
    3540      54.1799
    3541      45.3574
    3542      41.4572
    3543      41.0633
    3544      44.4881
    3545      45.8282
    3546      42.5758
    3547      44.2883
    3548      41.9226
    3549      42.8069
    3550      44.5347
    3551      43.9086
    3552      43.2265
    3553      44.4663
    3554      48.3750
    3555      49.0279
    3556      45.5438
    3557      47.8951
    3558      45.7753
    3559      43.6242
    3560      43.1890
    3561      42.1291
    3562      39.8771
    3563      39.2286
    3564      38.7570
    3565      38.0348
    3566      38.7662
    3567      36.2474
    3568      38.9974
    3569      37.1545
    3570      39.4471
    3571      43.6116
    3572      46.9331
    3573      40.8015
    3574      43.7391
    3575      45.1728
    3576      41.7923
    3577      43.5286
    3578      40.8836
    3579      40.3609
    3580      43.8311
    3581      40.4861
    3582      41.8103
    3583      41.5194
    3584      43.0396
    3585      43.9024
    3586      41.2239
    3587      39.3451
    3588      39.5115
    3589      41.3805
    3590      42.2021
    3591      40.3678
    3592      44.2760
    3593      49.3157
    3594      48.6855
    3595      52.5201
    3596      50.1185
    3597      47.0119
    3598      47.8913
    3599      47.1087
    3600      46.0174
    3601      50.6429
    3602      47.1758
    3603      42.3954
    3604      43.6488
    3605      46.3055
    3606      49.1871
    3607      52.2820
    3608      51.0308
    3609      48.8460
    3610      49.0429
    3611      50.4933
    3612      47.1510
    3613      42.4677
    3614      42.0862
    3615      40.7479
    3616      43.7418
    3617      41.5607
    3618      46.7533
    3619      43.6218
    3620      42.5024
    3621      41.9147
    3622      45.1333
    3623      44.2908
    3624      38.4961
    3625      38.2320
    3626      39.3218
    3627      38.4464
    3628      45.8953
    3629      45.9743
    3630      44.2630
    3631      45.8254
    3632      44.0683
    3633      45.0702
    3634      44.8812
    3635      45.3064
    3636      45.7471
    3637      45.8560
    3638      44.1748
    3639      43.7309
    3640      50.1544
    3641      53.0063
    3642      53.1684
    3643      49.3281
    3644      47.2197
    3645      50.1145
    3646      49.2605
    3647      48.2170
    3648      51.4961
    3649      49.0180
    3650      52.6538
    3651      51.8696
    3652      55.9230
    3653      46.7731
    3654      42.3781
    3655      46.3316
    3656      46.3353
    3657      44.5078
    3658      45.1973
    3659      44.7310
    3660      43.4457
    3661      43.5296
    3662      42.0332
    3663      49.7655
    3664      51.8329
    3665      46.9833
    3666      48.7376
    3667      47.2601
    3668      45.3812
    3669      44.9628
    3670      49.8422
    3671      49.8753
    3672      45.4653
    3673      44.2929
    3674      45.3162
    3675      47.4127
    3676      45.9031
    3677      45.8214
    3678      42.2741
    3679      47.8602
    3680      47.0218
    3681      48.2834
    3682      51.2565
    3683      54.8538
    3684      52.0933
    3685      55.2091
    3686      48.2886
    3687      41.7439
    3688      43.3916
    3689      42.9939
    3690      45.7974
    3691      46.4839
    3692      44.6176
    3693      42.7507
    3694      41.5909
    3695      42.0536
    3696      42.8647
    3697      48.8772
    3698      46.3129
    3699      46.7445
    3700      48.6674
    3701      48.3959
    3702      47.7544
    3703      49.1151
    3704      51.8721
    3705      52.8739
    3706      55.5009
    3707      57.2436
    3708      55.7548
    3709      52.8827
    3710      49.7067
    3711      45.7197
    3712      44.4230
    3713      44.2252
    3714      49.1352
    3715      51.7995
    3716      49.7218
    3717      48.3020
    3718      46.2166
    3719      43.3959
    3720      41.8252
    3721      41.3855
    3722      44.1609
    3723      50.3848
    3724      52.1591
    3725      52.8103
    3726      48.5795
    3727      48.3338
    3728      47.8525
    3729      50.4929
    3730      51.1602
    3731      56.8509
    3732      54.2754
    3733      52.8076
    3734      51.0533
    3735      51.4867
    3736      53.7294
    3737      49.1551
    3738      45.0698
    3739      43.5681
    3740      44.7797
    3741      44.4841
    3742      44.0096
    3743      43.9542
    3744      40.6130
    3745      40.7305
    3746      44.0653
    3747      49.6093
    3748      47.9670
    3749      43.4674
    3750      44.3619
    3751      43.9625
    3752      45.9684
    3753      46.6715
    3754      40.8690
    3755      40.3428
    3756      42.1397
    3757      40.4886
    3758      40.3208
    3759      40.9508
    3760      39.2590
    3761      40.9606
    3762      42.6763
    3763      42.8158
    3764      45.8157
    3765      41.9879
    3766      46.6042
    3767      42.4425
    3768      42.0376
    3769      48.3937
    3770      47.6728
    3771      46.0756
    3772      47.0779
    3773      47.3760
    3774      47.1156
    3775      48.6560
    3776      47.7595
    3777      48.6874
    3778      49.2423
    3779      48.6231
    3780      43.2727
    3781      43.6986
    3782      45.5165
    3783      42.6748
    3784      40.7687
    3785      41.4666
    3786      42.6358
    3787      40.5069
    3788      41.1753
    3789      39.9376
    3790      41.8059
    3791      41.8010
    3792      40.0037
    3793      41.9205
    3794      45.5094
    3795      43.1065
    3796      40.8851
    3797      40.0440
    3798      40.3832
    3799      39.8254
    3800      40.5277
    3801      38.6899
    3802      43.7097
    3803      39.5854
    3804      40.5788
    3805      40.5181
    3806      39.0469
    3807      34.9289
    3808      34.9042
    3809      40.0045
    3810      45.0554
    3811      43.0576
    3812      48.6393
    3813      43.2089
    3814      36.0453
    3815      41.9030
    3816      48.6600
    3817      48.9793
    3818      45.8926
    3819      42.6326
    3820      43.7857
    3821      45.5467
    3822      46.7143
    3823      50.2474
    3824      48.1016
    3825      46.9223
    3826      46.2345
    3827      47.4326
    3828      49.8717
    3829      49.2705
    3830      45.3405
    3831      43.0659
    3832      45.3111
    3833      46.1631
    3834      47.2070
    3835      51.6288
    3836      47.6810
    3837      46.2746
    3838      47.3739
    3839      43.4911
    3840      44.6603
    3841      47.4760
    3842      47.5161
    3843      45.5300
    3844      45.1700
    3845      38.3998
    3846      38.4577
    3847      36.9650
    3848      40.5565
    3849      43.5572
    3850      41.9687
    3851      41.6661
    3852      43.8205
    3853      38.0352
    3854      42.8843
    3855      45.6712
    3856      41.7069
    3857      42.5717
    3858      41.6342
    3859      42.1037
    3860      42.6328
    3861      46.7616
    3862      49.2392
    3863      47.8484
    3864      39.8406
    3865      38.1842
    3866      37.8243
    3867      38.6216
    3868      36.1512
    3869      39.9130
    3870      40.1390
    3871      39.9516
    3872      44.7199
    3873      41.8940
    3874      43.9166
    3875      47.4991
    3876      47.6272
    3877      44.1993
    3878      48.1694
    3879      44.4508
    3880      44.0162
    3881      46.5317
    3882      45.1017
    3883      47.8976
    3884      45.0715
    3885      44.5425
    3886      43.5934
    3887      45.5640
    3888      45.8295
    3889      51.2204
    3890      53.0583
    3891      48.6926
    3892      49.3908
    3893      49.8383
    3894      48.3130
    3895      47.1935
    3896      44.6114
    3897      49.8346
    3898      52.3646
    3899      51.4089
    3900      48.4575
    3901      48.5319
    3902      45.8808
    3903      48.7900
    3904      47.8129
    3905      48.5656
    3906      49.6574
    3907      52.5454
    3908      51.4871
    3909      52.3601
    3910      53.1577
    3911      49.0972
    3912      47.0261
    3913      53.2953
    3914      52.3254
    3915      49.1452
    3916      45.7435
    3917      45.0037
    3918      47.1798
    3919      48.5890
    3920      52.8930
    3921      49.0756
    3922      47.4417
    3923      49.3574
    3924      46.1210
    3925      47.0616
    3926      44.0311
    3927      50.6953
    3928      50.8024
    3929      49.7395
    3930      54.0829
    3931      55.1372
    3932      53.3610
    3933      48.5797
    3934      50.6237
    3935      52.8793
    3936      49.8231
    3937      55.7072
    3938      52.5248
    3939      49.6483
    3940      50.5772
    3941      50.2660
    3942      47.6893
    3943      44.5061
    3944      47.9859
    3945      51.4088
    3946      51.4231
    3947      47.6991
    3948      47.3944
    3949      46.6319
    3950      44.9924
    3951      47.2212
    3952      51.3389
    3953      54.3674
    3954      49.4107
    3955      50.3248
    3956      46.4524
    3957      40.8465
    3958      43.4315
    3959      43.8278
    3960      46.5409
    3961      45.8050
    3962      52.7838
    3963      51.6780
    3964      49.5096
    3965      51.4891
    3966      49.3970
    3967      47.2468
    3968      48.3540
    3969      50.1453
    3970      52.6202
    3971      53.7005
    3972      50.5462
    3973      49.1501
    3974      52.6677
    3975      49.1617
    3976      49.4389
    3977      53.5333
    3978      54.7562
    3979      52.4020
    3980      51.5289
    3981      54.5939
    3982      59.5143
    3983      57.2463
    3984      61.3301
    3985      56.5548
    3986      60.5430
    3987      59.8321
    3988      60.9825
    3989      59.2726
    3990      59.5512
    3991      57.8927
    3992      61.2486
    3993      61.0831
    3994      59.5865
    3995      46.4587
    3996      46.5267
    3997      44.9917
    3998      42.3085
    3999      41.3385
    4000      45.8779
    4001      47.9002
    4002      48.0650
    4003      43.8374
    4004      44.2651
    4005      45.0565
    4006      44.7089
    4007      45.7477
    4008      43.7739
    4009      47.7384
    4010      51.2401
    4011      59.7947
    4012      58.4557
    4013      59.4593
    4014      61.8406
    4015      67.5277
    4016      67.6576
    4017      67.1744
    4018      69.8750
    4019      72.0421
    4020      72.0871
    4021      66.5897
    4022      70.9175
    4023      74.3287
    4024      67.4509
    4025      65.6892
    4026      65.6418
    4027      61.4600
    4028      60.8852
    4029      57.4842
    4030      57.8161
    4031      58.3806
    4032      62.9929
    4033      66.9482
    4034      62.0506
    4035      56.9686
    4036      57.3110
    4037      55.8593
    4038      52.3203
    4039      51.9547
    4040      52.3395
    4041      51.9764
    4042      56.4743
    4043      57.3973
    4044      50.0904
    4045      45.4654
    4046      45.7182
    4047      48.5872
    4048      52.6995
    4049      49.0612
    4050      46.2148
    4051      50.3719
    4052      53.3303
    4053      51.2162
    4054      51.3467
    4055      49.5110
    4056      49.9840
    4057      49.9445
    4058      56.5075
    4059      55.8078
    4060      56.0470
    4061      58.6293
    4062      56.9219
    4063      52.6176
    4064      54.5331
    4065      49.3602
    4066      47.0695
    4067      42.5620
    4068      43.7052
    4069      48.0012
    4070      47.0054
    4071      50.5542
    4072      48.6982
    4073      49.9611
    4074      50.6913
    4075      50.5929
    4076      52.4842
    4077      53.0138
    4078      51.4357
    4079      51.1123
    4080      47.3344
    4081      49.9393
    4082      50.2684
    4083      48.8008
    4084      44.4850
    4085      46.0698
    4086      47.6942
    4087      46.2674
    4088      46.0284
    4089      49.8279
    4090      47.3192
    4091      49.7472
    4092      48.9438
    4093      48.8322
    4094      46.2734
    4095      50.1645
    4096      48.8495
    4097      47.1697
    4098      51.4386
    4099      49.8779
    4100      46.1914
    4101      48.6567
    4102      46.8851
    4103      45.9267
    4104      44.8143
    4105      47.3282
    4106      48.3803
    4107      47.6151
    4108      45.9100
    4109      49.0507
    4110      52.4511
    4111      47.5335
    4112      52.2854
    4113      50.3659
    4114      47.5801
    4115      44.4810
    4116      44.7097
    4117      50.4356
    4118      47.3054
    4119      48.8304
    4120      47.7378
    4121      49.2673
    4122      48.4934
    4123      46.4889
    4124      45.0374
    4125      46.2046
    4126      46.7345
    4127      43.4182
    4128      45.8396
    4129      50.8815
    4130      53.0024
    4131      49.1089
    4132      48.8323
    4133      48.7492
    4134      46.7407
    4135      48.6506
    4136      47.0438
    4137      48.7203
    4138      45.9489
    4139      47.1593
    4140      47.1471
    4141      50.4054
    4142      49.2205
    4143      52.8888
    4144      54.3748
    4145      54.9321
    4146      53.1744
    4147      56.5157
    4148      52.5237
    4149      47.4492
    4150      45.3797
    4151      48.4310
    4152      53.8179
    4153      51.4153
    4154      54.0550
    4155      53.5681
    4156      52.3303
    4157      52.3198
    4158      50.8395
    4159      51.0077
    4160      52.0711
    4161      52.4396
    4162      53.5015
    4163      52.6389
    4164      55.2729
    4165      52.3989
    4166      49.2996
    4167      51.2478
    4168      53.0061
    4169      47.8436
    4170      46.3375
    4171      46.0845
    4172      44.2909
    4173      47.2289
    4174      47.3122
    4175      47.3915
    4176      44.1482
    4177      45.3888
    4178      42.6234
    4179      47.2835
    4180      46.2952
    4181      45.3874
    4182      47.9466
    4183      51.2363
    4184      53.9970
    4185      52.5461
    4186      56.0711
    4187      55.2337
    4188      50.5020
    4189      47.0355
    4190      48.0366
    4191      52.6338
    4192      53.5224
    4193      49.5617
    4194      52.7729
    4195      51.2161
    4196      49.6135
    4197      49.8073
    4198      49.7178
    4199      50.0740
    4200      50.1777
    4201      48.6201
    4202      46.8626
    4203      47.1129
    4204      45.3763
    4205      46.2818
    4206      51.0315
    4207      47.5311
    4208      47.5525
    4209      48.7966
    4210      47.3388
    4211      45.7875
    4212      45.1217
    4213      42.0890
    4214      47.4269
    4215      47.4577
    4216      46.4069
    4217      48.3403
    4218      48.0295
    4219      47.6820
    4220      48.2617
    4221      50.1115
    4222      54.6357
    4223      52.3055
    4224      48.7183
    4225      51.6749
    4226      55.1054
    4227      53.4601
    4228      52.1961
    4229      50.5183
    4230      48.5050
    4231      50.6392
    4232      48.7614
    4233      47.6981
    4234      49.6544
    4235      53.9034
    4236      58.3456
    4237      56.7406
    4238      56.5960
    4239      61.0351
    4240      64.2164
    4241      64.0038
    4242      67.2089
    4243      66.6222
    4244      63.2692
    4245      65.6728
    4246      64.2828
    4247      64.7088
    4248      64.0323
    4249      62.0547
    4250      64.2474
    4251      70.2138
    4252      73.7794
    4253      72.1114
    4254      72.8002
    4255      70.0168
    4256      66.7201
    4257      66.2745
    4258      68.4565
    4259      63.2016
    4260      58.7165
    4261      57.4593
    4262      56.1264
    4263      54.0873
    4264      54.0051
    4265      49.2037
    4266      52.4831
    4267      46.9143
    4268      53.1800
    4269      51.4393
    4270      53.5351
    4271      51.6255
    4272      50.5678
    4273      45.5914
    4274      45.1166
    4275      46.9746
    4276      46.0053
    4277      45.8374
    4278      47.1320
    4279      49.0565
    4280      53.2257
    4281      49.6504
    4282      51.3709
    4283      48.5985
    4284      45.9070
    4285      45.8569
    4286      49.0938
    4287      52.4902
    4288      50.5418
    4289      51.0343
    4290      49.8268
    4291      44.4688
    4292      45.7776
    4293      51.4815
    4294      45.0870
    4295      42.2403
    4296      43.0874
    4297      44.1892
    4298      45.8112
    4299      43.4220
    4300      45.0659
    4301      47.8450
    4302      46.0841
    4303      45.8508
    4304      44.6562
    4305      45.8806
    4306      47.5409
    4307      46.6364
    4308      47.8244
    4309      45.8695
    4310      50.4451
    4311      47.4280
    4312      45.9841
    4313      50.1013
    4314      47.7008
    4315      53.1660
    4316      51.5766
    4317      51.7302
    4318      54.7143
    4319      56.7771
    4320      54.2884
    4321      52.8165
    4322      52.6164
    4323      58.4698
    4324      55.6611
    4325      55.0742
    4326      51.4134
    4327      48.2003
    4328      48.0858
    4329      48.4017
    4330      50.3856
    4331      48.2591
    4332      47.7859
    4333      51.7461
    4334      53.7160
    4335      60.0322
    4336      61.3483
    4337      58.3674
    4338      58.5174
    4339      56.6148
    4340      53.0262
    4341      51.1362
    4342      51.0694
    4343      53.1107
    4344      53.5330
    4345      54.3850
    4346      52.8962
    4347      52.2753
    4348      53.5741
    4349      47.2325
    4350      52.9253
    4351      53.8414
    4352      57.9296
    4353      53.6591
    4354      55.9411
    4355      56.4269
    4356      57.1384
    4357      53.8027
    4358      54.8873
    4359      52.0530
    4360      51.9755
    4361      54.3461
    4362      51.8703
    4363      49.0012
    4364      50.4870
    4365      50.9760
    4366      50.6713
    4367      48.6103
    4368      47.1983
    4369      50.9983
    4370      49.0167
    4371      51.8317
    4372      51.4342
    4373      53.4605
    4374      49.4969
    4375      48.9470
    4376      47.0153
    4377      47.2485
    4378      51.0899
    4379      50.0425
    4380      49.0067
    4381      51.8371
    4382      49.2417
    4383      48.5412
    4384      52.3650
    4385      51.6696
    4386      56.7837
    4387      55.5858
    4388      56.3969
    4389      56.9817
    4390      52.4570
    4391      50.9769
    4392      52.2326
    4393      51.6156
    4394      55.9131
    4395      53.5808
    4396      47.7385
    4397      49.7591
    4398      45.1202
    4399      50.7215
    4400      51.9540
    4401      48.6618
    4402      54.4483
    4403      52.6430
    4404      54.3473
    4405      56.0546
    4406      52.5232
    4407      52.0273
    4408      47.9856
    4409      52.2161
    4410      50.8658
    4411      49.0713
    4412      52.2344
    4413      55.4256
    4414      55.2856
    4415      49.9124
    4416      52.5212
    4417      54.4913
    4418      53.0072
    4419      51.5750
    4420      46.6422
    4421      49.5765
    4422      55.1472
    4423      55.1023
    4424      52.3890
    4425      52.1913
    4426      52.7080
    4427      52.3149
    4428      50.3122
    4429      51.9891
    4430      48.2770
    4431      53.1949
    4432      57.2965
    4433      54.8946
    4434      51.0650
    4435      47.9808
    4436      51.3928
    4437      54.9631
    4438      49.5704
    4439      47.3731
    4440      49.2431
    4441      51.0679
    4442      52.1997
    4443      55.7514
    4444      56.9323
    4445      55.5510
    4446      55.6438
    4447      50.6781
    4448      47.3293
    4449      49.2187
    4450      46.8357
    4451      48.7926
    4452      51.5717
    4453      53.6158
    4454      50.4428
    4455      51.7815
    4456      51.3294
    4457      52.7602
    4458      53.8818
    4459      52.7980
    4460      50.9292
    4461      50.0394
    4462      48.6354
    4463      45.1341
    4464      47.2732
    4465      52.3108
    4466      54.1822
    4467      56.3413
    4468      53.2291
    4469      55.9546
    4470      54.4560
    4471      52.3605
    4472      51.7336
    4473      52.0957
    4474      51.0777
    4475      53.7362
    4476      54.4425
    4477      53.2022
    4478      49.8165
    4479      50.4275
    4480      49.0759
    4481      47.5524
    4482      48.2118
    4483      48.5925
    4484      51.3706
    4485      49.7471
    4486      49.4201
    4487      47.7513
    4488      51.3587
    4489      53.6095
    4490      47.4109
    4491      52.3993
    4492      48.2144
    4493      49.4843
    4494      47.9265
    4495      50.4808
    4496      53.4025
    4497      58.0270
    4498      52.7177
    4499      49.0841
    4500      51.8745
    4501      48.4315
    4502      52.8085
    4503      49.2452
    4504      54.4412
    4505      55.8641
    4506      51.4632
    4507      56.1448
    4508      50.9317
    4509      53.0696
    4510      53.3903
    4511      54.1388
    4512      60.5849
    4513      60.3756
    4514      56.1242
    4515      54.5790
    4516      54.0542
    4517      56.6627
    4518      56.2608
    4519      57.0204
    4520      56.3799
    4521      51.9778
    4522      56.1115
    4523      54.8143
    4524      49.7008
    4525      47.6999
    4526      50.8327
    4527      48.6411
    4528      45.2027
    4529      44.0695
    4530      46.5435
    4531      43.8454
    4532      45.9780
    4533      51.8724
    4534      48.7836
    4535      48.1360
    4536      46.8307
    4537      47.7503
    4538      48.3657
    4539      45.4962
    4540      45.0184
    4541      45.8914
    4542      46.3052
    4543      48.5137
    4544      50.0464
    4545      53.3388
    4546      51.1306
    4547      53.9395
    4548      50.3165
    4549      51.2704
    4550      53.4881
    4551      54.2958
    4552      56.1576
    4553      51.6739
    4554      46.4072
    4555      50.9853
    4556      56.9219
    4557      56.9005
    4558      57.2779
    4559      59.1503
    4560      53.0308
    4561      56.6226
    4562      54.1891
    4563      55.5453
    4564      52.0762
    4565      50.2493
    4566      53.8825
    4567      59.0085
    4568      55.7263
    4569      57.0644
    4570      52.9982
    4571      53.9299
    4572      51.4184
    4573      49.1902
    4574      53.9937
    4575      54.5358
    4576      53.2791
    4577      48.0789
    4578      46.3474
    4579      47.2273
    4580      48.6643
    4581      50.5560
    4582      49.4022
    4583      50.3665
    4584      53.7709
    4585      52.9945
    4586      51.8981
    4587      52.2579
    4588      55.2802
    4589      56.1795
    4590      50.2682
    4591      53.0375
    4592      55.4048
    4593      56.3237
    4594      57.0470
    4595      56.8389
    4596      60.7198
    4597      61.0532
    4598      61.2376
    4599      61.4387
    4600      61.0883
    4601      63.2788
    4602      59.3818
    4603      61.6770
    4604      57.7209
    4605      55.3897
    4606      53.0534
    4607      52.3036
    4608      52.0793
    4609      49.8172
    4610      50.9392
    4611      48.0852
    4612      48.4789
    4613      52.7228
    4614      53.4492
    4615      52.1874
    4616      54.4066
    4617      54.6146
    4618      54.7080
    4619      53.8092
    4620      52.4938
    4621      51.8850
    4622      52.0608
    4623      51.5318
    4624      53.8116
    4625      53.4345
    4626      50.4135
    4627      55.1682
    4628      53.9974
    4629      58.2868
    4630      57.1919
    4631      58.4032
    4632      60.3115
    4633      55.2253
    4634      60.3936
    4635      58.9512
    4636      52.9366
    4637      50.5875
    4638      50.0316
    4639      54.2314
    4640      52.1665
    4641      46.6149
    4642      47.1851
    4643      53.9443
    4644      50.7400
    4645      49.4706
    4646      49.1996
    4647      46.1204
    4648      43.4298
    4649      44.3037
    4650      47.7464
    4651      49.5891
    4652      51.8496
    4653      51.9848
    4654      50.0693
    4655      50.1135
    4656      52.1230
    4657      49.7541
    4658      51.2070
    4659      52.8052
    4660      52.2474
    4661      51.0053
    4662      49.0314
    4663      50.2148
    4664      50.0687
    4665      55.3234
    4666      53.0421
    4667      52.9178
    4668      54.7520
    4669      52.0980
    4670      50.3282
    4671      53.3074
    4672      49.1120
    4673      51.3895
    4674      55.5164
    4675      57.2921
    4676      55.1434
    4677      62.2354
    4678      65.3140
    4679      65.8319
    4680      63.6155
    4681      64.4967
    4682      57.4030
    4683      59.4904
    4684      57.1730
    4685      57.3920
    4686      53.7670
    4687      50.8303
    4688      55.2688
    4689      61.5379
    4690      59.2414
    4691      55.8515
    4692      60.1692
    4693      60.3341
    4694      59.6806
    4695      59.5469
    4696      64.5454
    4697      61.9060
    4698      60.1665
    4699      61.3283
    4700      57.3897
    4701      52.6271
    4702      50.9923
    4703      48.5405
    4704      48.0276
    4705      49.2420
    4706      50.6472
    4707      50.0525
    4708      51.5562
    4709      48.8720
    4710      53.0749
    4711      51.1216
    4712      52.5010
    4713      57.2915
    4714      59.4324
    4715      52.4122
    4716      51.1691
    4717      46.9665
    4718      49.1888
    4719      58.5920
    4720      52.6273
    4721      53.6350
    4722      53.9824
    4723      53.2467
    4724      52.8155
    4725      51.3569
    4726      51.0345
    4727      45.2442
    4728      47.7039
    4729      46.7154
    4730      47.6645
    4731      50.8915
    4732      50.8088
    4733      53.4488
    4734      49.3777
    4735      49.1619
    4736      46.0108
    4737      46.2117
    4738      46.1556
    4739      44.3194
    4740      45.6226
    4741      44.2962
    4742      47.4258
    4743      51.8716
    4744      49.9132
    4745      49.6585
    4746      47.7717
    4747      50.2876
    4748      50.4848
    4749      50.9786
    4750      45.7818
    4751      48.5698
    4752      46.3473
    4753      47.8826
    4754      53.4641
    4755      49.3438
    4756      49.7278
    4757      49.9821
    4758      48.6801
    4759      48.7950
    4760      47.6394
    4761      46.2823
    4762      44.9405
    4763      43.6892
    4764      52.0135
    4765      55.1411
    4766      57.3355
    4767      63.3672
    4768      58.4325
    4769      56.0955
    4770      52.7162
    4771      45.4337
    4772      46.8112
    4773      48.2900
    4774      45.0375
    4775      49.2817
    4776      47.9346
    4777      50.6080
    4778      50.0909
    4779      49.9031
    4780      48.5668
    4781      47.1072
    4782      49.6061
    4783      50.9358
    4784      49.3927
    4785      53.2246
    4786      53.4495
    4787      53.0181
    4788      53.5423
    4789      49.9881
    4790      46.8319
    4791      42.7049
    4792      46.7712
    4793      47.2184
    4794      45.6669
    4795      46.7937
    4796      47.0010
    4797      44.5878
    4798      47.0487
    4799      48.8314
    4800      50.4120
    4801      53.7778
    4802      50.3155
    4803      49.5992
    4804      52.7469
    4805      52.5684
    4806      51.1000
    4807      53.8534
    4808      58.2244
    4809      52.7405
    4810      52.9188
    4811      52.7134
    4812      49.4558
    4813      47.4194
    4814      54.0946
    4815      51.9288
    4816      49.5879
    4817      50.0667
    4818      59.2153
    4819      58.2936
    4820      55.4487
    4821      59.2860
    4822      56.1977
    4823      55.6373
    4824      54.1637
    4825      51.2562
    4826      45.7114
    4827      47.2927
    4828      45.6316
    4829      43.8313
    4830      42.5826
    4831      48.4833
    4832      49.3944
    4833      50.1038
    4834      48.2296
    4835      47.5005
    4836      47.3478
    4837      46.8076
    4838      48.1770
    4839      48.4583
    4840      43.3124
    4841      46.4490
    4842      46.3002
    4843      44.5058
    4844      45.1630
    4845      44.7549
    4846      45.5358
    4847      48.0805
    4848      48.5675
    4849      45.7574
    4850      45.5759
    4851      43.7393
    4852      47.5611
    4853      47.9558
    4854      45.4942
    4855      45.3205
    4856      47.5445
    4857      44.2725
    4858      44.8724
    4859      44.3987
    4860      41.9297
    4861      43.5934
    4862      47.2813
    4863      54.0126
    4864      52.9163
    4865      50.8404
    4866      50.4763
    4867      49.9280
    4868      53.9690
    4869      50.9753
    4870      47.6445
    4871      49.2395
    4872      48.3340
    4873      46.4485
    4874      43.0402
    4875      48.4380
    4876      50.1330
    4877      54.8126
    4878      57.0395
    4879      60.8542
    4880      55.3172
    4881      52.3407
    4882      51.0144
    4883      44.9716
    4884      47.3208
    4885      49.3419
    4886      44.8608
    4887      44.0609
    4888      44.1994
    4889      51.4566
    4890      53.6939
    4891      48.2985
    4892      43.1901
    4893      41.1462
    4894      41.2451
    4895      40.5840
    4896      39.8260
    4897      43.2075
    4898      40.9991
    4899      40.9412
    4900      43.0726
    4901      42.3361
    4902      49.4398
    4903      45.9217
    4904      47.7962
    4905      42.9293
    4906      43.0113
    4907      44.1375
    4908      39.0550
    4909      42.8999
    4910      44.9941
    4911      47.5221
    4912      47.6157
    4913      46.2379
    4914      44.4916
    4915      44.2485
    4916      42.2621
    4917      43.0531
    4918      39.8339
    4919      39.6512
    4920      42.9659
    4921      44.9752
    4922      43.8641
    4923      44.6362
    4924      45.3003
    4925      46.1216
    4926      44.9129
    4927      48.4727
    4928      48.9998
    4929      46.5478
    4930      46.5039
    4931      47.9987
    4932      44.5559
    4933      47.2049
    4934      46.7557
    4935      48.7871
    4936      49.3589
    4937      48.9083
    4938      47.4889
    4939      48.0969
    4940      48.9363
    4941      48.9792
    4942      44.5976
    4943      45.0361
    4944      43.8030
    4945      44.0072
    4946      43.9069
    4947      42.5547
    4948      45.8551
    4949      45.6598
    4950      52.8139
    4951      53.1192
    4952      52.6355
    4953      51.1513
    4954      53.7028
    4955      53.3243
    4956      51.2030
    4957      52.0276
    4958      55.9819
    4959      52.8124
    4960      50.6590
    4961      51.4806
    4962      50.5556
    4963      52.0331
    4964      50.4499
    4965      49.5939
    4966      50.8059
    4967      46.6512
    4968      43.4531
    4969      41.6915
    4970      43.1181
    4971      45.8606
    4972      44.8995
    4973      49.3377
    4974      47.0699
    4975      50.7998
    4976      49.1919
    4977      48.4063
    4978      50.6796
    4979      51.9171
    4980      52.6186
    4981      46.4666
    4982      50.1985
    4983      51.0289
    4984      50.4861
    4985      51.4272
    4986      53.0015
    4987      55.4721
    4988      51.6658
    4989      45.8010
    4990      44.0386
    4991      48.6820
    4992      45.9693
    4993      45.1056
    4994      47.7370
    4995      51.0193
    4996      45.5454
    4997      40.1582
    4998      40.8652
    4999      41.2316
    5000      43.6122
    5001      44.6951
    5002      41.5628
    5003      40.4465
    5004      44.2138
    5005      48.0685
    5006      51.2336
    5007      50.0330
    5008      48.5552
    5009      46.2456
    5010      46.4757
    5011      46.7946
    5012      45.0937
    5013      47.5740
    5014      49.8683
    5015      47.8384
    5016      48.9238
    5017      48.1135
    5018      46.9503
    5019      47.2881
    5020      51.5264
    5021      51.3391
    5022      44.0259
    5023      43.2546
    5024      42.1564
    5025      47.1668
    5026      43.7221
    5027      44.3163
    5028      47.8538
    5029      47.1515
    5030      46.5117
    5031      51.7943
    5032      49.7301
    5033      50.7647
    5034      47.1613
    5035      48.4645
    5036      49.3666
    5037      50.9523
    5038      48.2432
    5039      46.8679
    5040      49.4662
    5041      50.4651
    5042      49.2600
    5043      49.6016
    5044      51.7495
    5045      55.1395
    5046      50.4173
    5047      53.6293
    5048      56.0025
    5049      55.4184
    5050      55.8407
    5051      50.0327
    5052      49.2845
    5053      50.6313
    5054      50.3759
    5055      50.9559
    5056      52.1339
    5057      46.5733
    5058      46.2101
    5059      50.7179
    5060      53.4990
    5061      57.1495
    5062      52.6163
    5063      51.3952
    5064      55.5030
    5065      57.5024
    5066      57.9996
    5067      54.4130
    5068      53.8713
    5069      50.0068
    5070      53.3858
    5071      54.2724
    5072      51.0576
    5073      49.1829
    5074      48.7297
    5075      45.4429
    5076      50.6962
    5077      45.3804
    5078      45.7564
    5079      49.0463
    5080      49.3117
    5081      52.9820
    5082      49.0220
    5083      49.4825
    5084      48.5213
    5085      48.7524
    5086      49.2083
    5087      44.9607
    5088      45.6316
    5089      46.7726
    5090      45.5676
    5091      48.9893
    5092      53.2176
    5093      55.6328
    5094      51.9055
    5095      51.9506
    5096      50.6010
    5097      48.3313
    5098      47.2939
    5099      44.2500
    5100      43.2106
    5101      41.2486
    5102      45.2815
    5103      45.3252
    5104      43.4410
    5105      47.3943
    5106      50.6847
    5107      50.5756
    5108      50.8472
    5109      49.3940
    5110      50.9238
    5111      44.6800
    5112      48.0304
    5113      47.6418
    5114      43.6081
    5115      48.7299
    5116      46.6971
    5117      50.4268
    5118      50.1771
    5119      50.0081
    5120      46.1808
    5121      50.3757
    5122      49.0223
    5123      46.1892
    5124      45.8954
    5125      46.5327
    5126      43.8432
    5127      44.6982
    5128      47.1635
    5129      45.8922
    5130      48.5041
    5131      45.7204
    5132      48.5631
    5133      51.3283
    5134      50.0096
    5135      51.5707
    5136      46.2534
    5137      41.9504
    5138      46.6929
    5139      47.5110
    5140      48.4290
    5141      50.3902
    5142      51.3957
    5143      51.0619
    5144      52.6194
    5145      53.8067
    5146      49.3460
    5147      46.7684
    5148      52.9077
    5149      53.9308
    5150      50.3194
    5151      50.2389
    5152      48.7132
    5153      50.4029
    5154      48.6072
    5155      48.3985
    5156      45.4192
    5157      48.3757
    5158      47.9261
    5159      50.6325
    5160      53.8158
    5161      49.9819
    5162      49.0186
    5163      50.4988
    5164      49.6314
    5165      44.1395
    5166      42.9154
    5167      48.2228
    5168      45.4752
    5169      42.7684
    5170      44.8942
    5171      44.3043
    5172      46.9198
    5173      51.0682
    5174      53.6749
    5175      54.3952
    5176      54.0593
    5177      51.4780
    5178      48.7196
    5179      45.6195
    5180      46.8220
    5181      47.1960
    5182      45.5806
    5183      46.7223
    5184      48.2460
    5185      42.5744
    5186      42.6922
    5187      44.7060
    5188      43.5233
    5189      41.4913
    5190      45.3302
    5191      43.2850
    5192      47.4991
    5193      53.4505
    5194      50.5912
    5195      47.8113
    5196      49.2089
    5197      50.6615
    5198      49.7649
    5199      51.1290
    5200      49.4856
    5201      48.7744
    5202      49.2578
    5203      50.7831
    5204      51.0122
    5205      49.3396
    5206      50.5737
    5207      52.9566
    5208      49.7872
    5209      45.3793
    5210      44.5534
    5211      45.3482
    5212      46.4040
    5213      42.2408
    5214      41.4870
    5215      42.6816
    5216      43.7578
    5217      45.6270
    5218      46.1310
    5219      44.1243
    5220      43.2319
    5221      44.0879
    5222      48.7835
    5223      53.1107
    5224      49.6749
    5225      49.1032
    5226      50.0174
    5227      48.2581
    5228      53.0791
    5229      54.5377
    5230      49.2636
    5231      48.8988
    5232      47.5585
    5233      48.4823
    5234      43.8748
    5235      46.9724
    5236      47.4505
    5237      48.2223
    5238      47.8190
    5239      49.1791
    5240      51.1642
    5241      51.9566
    5242      49.1010
    5243      50.6822
    5244      51.8439
    5245      53.7005
    5246      52.2573
    5247      50.4448
    5248      52.0446
    5249      52.2647
    5250      54.2001
    5251      52.3409
    5252      53.1183
    5253      48.1489
    5254      49.0817
    5255      49.6750
    5256      49.6629
    5257      52.3367
    5258      51.2151
    5259      55.5812
    5260      57.7990
    5261      51.6906
    5262      51.5104
    5263      46.2547
    5264      47.1705
    5265      51.0583
    5266      50.3864
    5267      52.6067
    5268      51.0306
    5269      51.0174
    5270      54.4832
    5271      51.1126
    5272      51.8877
    5273      49.0214
    5274      46.4372
    5275      49.0410
    5276      49.4094
    5277      47.6265
    5278      47.3036
    5279      48.1172
    5280      51.2412
    5281      50.7453
    5282      52.8119
    5283      47.1231
    5284      54.5689
    5285      50.3910
    5286      50.5389
    5287      51.1562
    5288      49.7362
    5289      51.2353
    5290      52.7580
    5291      51.4902
    5292      51.4781
    5293      53.1693
    5294      51.3536
    5295      50.5712
    5296      48.8333
    5297      48.8892
    5298      48.7686
    5299      51.9977
    5300      51.6451
    5301      46.7005
    5302      52.0708
    5303      49.9150
    5304      49.3730
    5305      52.1311
    5306      53.4324
    5307      49.8491
    5308      53.2192
    5309      51.1118
    5310      49.1561
    5311      51.9780
    5312      53.5522
    5313      49.7730
    5314      47.0910
    5315      46.2531
    5316      47.7077
    5317      45.9571
    5318      45.7159
    5319      43.8191
    5320      49.1989
    5321      47.0977
    5322      44.4009
    5323      48.2110
    5324      49.4776
    5325      47.1866
    5326      48.3717
    5327      46.8679
    5328      43.7478
    5329      46.4463
    5330      44.9599
    5331      46.1328
    5332      48.1095
    5333      46.6646
    5334      49.3253
    5335      51.6133
    5336      54.3035
    5337      50.2830
    5338      53.2858
    5339      51.6987
    5340      49.7239
    5341      48.8672
    5342      48.5345
    5343      52.5357
    5344      55.6793
    5345      58.1700
    5346      52.7984
    5347      50.6646
    5348      50.5186
    5349      53.8820
    5350      57.1417
    5351      53.9203
    5352      51.3830
    5353      51.1559
    5354      49.8202
    5355      50.3512
    5356      48.1266
    5357      49.1770
    5358      49.8214
    5359      50.3082
    5360      49.7575
    5361      50.6679
    5362      55.6540
    5363      54.8351
    5364      53.5831
    5365      51.7669
    5366      52.4077
    5367      51.3768
    5368      52.2280
    5369      51.7753
    5370      50.3023
    5371      51.3770
    5372      50.0734
    5373      52.2718
    5374      52.8795
    5375      57.5973
    5376      55.2232
    5377      52.6524
    5378      55.9067
    5379      52.0904
    5380      53.4295
    5381      47.2952
    5382      48.6116
    5383      48.4481
    5384      48.4833
    5385      46.1236
    5386      44.2775
    5387      47.4303
    5388      46.4224
    5389      46.5919
    5390      50.0744
    5391      48.4943
    5392      50.7004
    5393      47.6464
    5394      44.4328
    5395      44.6541
    5396      46.5623
    5397      45.9006
    5398      44.9894
    5399      45.6137
    5400      45.5767
    5401      44.9878
    5402      45.0139
    5403      44.4923
    5404      45.2685
    5405      47.2635
    5406      46.5785
    5407      46.6152
    5408      46.7243
    5409      48.3688
    5410      45.8048
    5411      41.6198
    5412      47.1305
    5413      46.4731
    5414      45.9533
    5415      46.4656
    5416      44.3425
    5417      45.3396
    5418      43.6760
    5419      46.7113
    5420      47.3879
    5421      49.1045
    5422      46.1108
    5423      48.1261
    5424      43.3614
    5425      43.3503
    5426      48.6016
    5427      47.8550
    5428      48.1119
    5429      46.0626
    5430      45.8171
    5431      48.1423
    5432      47.0118
    5433      46.6894
    5434      48.2180
    5435      48.0853
    5436      50.4512
    5437      49.3041
    5438      51.3095
    5439      53.7777
    5440      60.2156
    5441      55.8702
    5442      51.5874
    5443      51.5628
    5444      49.4982
    5445      47.5326
    5446      46.2222
    5447      45.9278
    5448      45.8462
    5449      46.7708
    5450      48.6624
    5451      46.3136
    5452      49.3611
    5453      46.5775
    5454      49.4205
    5455      49.9481
    5456      52.7584
    5457      49.7357
    5458      50.5567
    5459      54.0017
    5460      54.3353
    5461      55.8818
    5462      53.9005
    5463      46.2507
    5464      45.2343
    5465      41.3645
    5466      43.7787
    5467      44.8811
    5468      46.3315
    5469      48.0035
    5470      49.1343
    5471      46.1599
    5472      50.7305
    5473      48.8952
    5474      53.5809
    5475      58.4062
    5476      56.9953
    5477      53.8307
    5478      58.3645
    5479      54.1764
    5480      53.3829
    5481      51.9783
    5482      49.3652
    5483      47.0752
    5484      49.9759
    5485      51.7229
    5486      52.4150
    5487      47.1717
    5488      50.8748
    5489      51.6981
    5490      56.1412
    5491      51.6617
    5492      52.0325
    5493      49.5402
    5494      50.2418
    5495      49.5003
    5496      49.9035
    5497      47.1891
    5498      42.4637
    5499      41.4123
    5500      44.2332
    5501      44.8396
    5502      48.3914
    5503      51.8059
    5504      49.8778
    5505      51.6238
    5506      50.4921
    5507      50.1469
    5508      51.2456
    5509      49.1236
    5510      48.3088
    5511      47.8009
    5512      52.9192
    5513      50.4033
    5514      49.8288
    5515      48.2904
    5516      46.0877
    5517      46.2756
    5518      47.9696
    5519      50.7786
    5520      50.8305
    5521      50.2733
    5522      54.0304
    5523      52.2228
    5524      53.7757
    5525      52.1586
    5526      51.3409
    5527      53.2724
    5528      51.2417
    5529      49.0861
    5530      45.7972
    5531      47.6151
    5532      46.7257
    5533      48.2812
    5534      49.1982
    5535      48.3541
    5536      53.9887
    5537      52.4944
    5538      52.9674
    5539      56.0592
    5540      59.0165
    5541      61.4918
    5542      65.1155
    5543      65.7933
    5544      63.8594
    5545      67.5943
    5546      66.6824
    5547      72.7653
    5548      71.9586
    5549      68.7307
    5550      71.6899
    5551      71.5170
    5552      73.1672
    5553      64.8761
    5554      67.2474
    5555      65.1419
    5556      66.7398
    5557      71.1619
    5558      75.0606
    5559      75.5166
    5560      75.0185
    5561      75.9337
    5562      75.1915
    5563      79.3157
    5564      81.1753
    5565      82.8268
    5566      81.8438
    5567      82.7622
    5568      83.5922
    5569      76.3866
    5570      76.8880
    5571      74.0774
    5572      77.8276
    5573      79.6925
    5574      81.4975
    5575      83.1408
    5576      80.0701
    5577      78.0980
    5578      82.4717
    5579      82.3025
    5580      75.6334
    5581      77.4683
    5582      80.9734
    5583      81.8447
    5584      79.1384
    5585      80.9170
    5586      79.0752
    5587      82.5012
    5588      82.3849
    5589      80.5702
    5590      82.3593
    5591      81.0236
    5592      81.2767
    5593      78.3554
    5594      79.5047
    5595      77.8283
    5596      77.7776
    5597      74.3258
    5598      68.6478
    5599      72.8674
    5600      73.8663
    5601      72.0837
    5602      75.9619
    5603      71.3699
    5604      70.9903
    5605      68.8630
    5606      71.3663
    5607      72.6521
    5608      67.9399
    5609      65.5586
    5610      68.8768
    5611      65.3121
    5612      69.5497
    5613      64.0706
    5614      65.1051
    5615      66.0136
    5616      67.3991
    5617      69.1438
    5618      66.3342
    5619      62.8173
    5620      59.1914
    5621      63.2773
    5622      65.9550
    5623      63.5991
    5624      59.2504
    5625      55.5150
    5626      56.0142
    5627      56.4231
    5628      56.1982
    5629      54.0755
    5630      50.0878
    5631      49.0448
    5632      50.1656
    5633      54.7871
    5634      52.4121
    5635      52.2235
    5636      51.1527
    5637      52.9334
    5638      58.1632
    5639      52.0998
    5640      57.3071
    5641      52.1387
    5642      51.9230
    5643      50.4404
    5644      50.5430
    5645      48.4002
    5646      46.6461
    5647      46.5497
    5648      47.9516
    5649      47.8279
    5650      46.1373
    5651      44.1131
    5652      44.6834
    5653      43.3336
    5654      46.2846
    5655      45.4515
    5656      41.5466
    5657      45.7321
    5658      44.8862
    5659      43.3384
    5660      50.3782
    5661      49.0046
    5662      48.9317
    5663      50.7158
    5664      51.7348
    5665      49.0646
    5666      47.4351
    5667      50.4550
    5668      51.0390
    5669      55.4891
    5670      54.3883
    5671      49.6704
    5672      58.7554
    5673      56.9973
    5674      57.7053
    5675      52.1729
    5676      49.7020
    5677      52.7495
    5678      52.5112
    5679      47.2908
    5680      47.3870
    5681      43.0352
    5682      42.4027
    5683      41.4768
    5684      42.0711
    5685      47.3696
    5686      47.0037
    5687      47.1433
    5688      46.8626
    5689      49.2841
    5690      45.5205
    5691      43.2908
    5692      42.5856
    5693      44.9727
    5694      43.3110
    5695      44.2050
    5696      49.7759
    5697      47.6332
    5698      50.6741
    5699      49.1897
    5700      46.7347
    5701      46.5725
    5702      46.2294
    5703      46.7653
    5704      46.9769
    5705      51.5390
    5706      49.8111
    5707      43.8290
    5708      43.9784
    5709      44.2880
    5710      44.8514
    5711      43.9372
    5712      44.1657
    5713      45.5687
    5714      45.2345
    5715      48.5459
    5716      50.0986
    5717      52.7103
    5718      50.4593
    5719      54.3752
    5720      53.5035
    5721      50.2412
    5722      45.8639
    5723      46.3293
    5724      48.8491
    5725      47.8323
    5726      50.7507
    5727      46.5272
    5728      46.6596
    5729      50.8646
    5730      50.4267
    5731      50.0093
    5732      51.5874
    5733      48.3823
    5734      44.8845
    5735      45.8264
    5736      44.1799
    5737      45.3790
    5738      44.7801
    5739      45.4184
    5740      47.3998
    5741      48.2471
    5742      45.2628
    5743      41.0905
    5744      40.6114
    5745      40.4378
    5746      47.5946
    5747      43.4238
    5748      41.1068
    5749      40.4688
    5750      45.4606
    5751      41.0845
    5752      45.8049
    5753      41.5996
    5754      46.4305
    5755      44.5169
    5756      38.1251
    5757      36.4549
    5758      41.9186
    5759      43.9799
    5760      46.1820
    5761      46.9977
    5762      48.2990
    5763      46.9230
    5764      41.4866
    5765      44.7806
    5766      42.8064
    5767      42.0528
    5768      43.3082
    5769      41.4631
    5770      41.6378
    5771      46.3497
    5772      43.7489
    5773      45.9130
    5774      46.7392
    5775      52.0349
    5776      48.4887
    5777      48.9667
    5778      53.8443
    5779      51.8267
    5780      52.2190
    5781      52.5357
    5782      48.3207
    5783      44.2613
    5784      43.7468
    5785      48.5019
    5786      46.0266
    5787      45.8232
    5788      44.5651
    5789      47.0698
    5790      45.8011
    5791      42.7189
    5792      43.0914
    5793      47.3326
    5794      46.9791
    5795      44.0765
    5796      47.1536
    5797      49.3066
    5798      49.5292
    5799      46.1945
    5800      42.5271
    5801      44.6766
    5802      48.5005
    5803      47.5047
    5804      43.5329
    5805      47.1329
    5806      45.7899
    5807      48.0810
    5808      45.8688
    5809      45.6905
    5810      44.2313
    5811      46.3818
    5812      48.3657
    5813      43.8791
    5814      47.8061
    5815      45.9165
    5816      49.7474
    5817      50.3027
    5818      54.1928
    5819      49.4224
    5820      48.1630
    5821      45.0293
    5822      44.4563
    5823      44.9169
    5824      47.7979
    5825      46.1897
    5826      51.7808
    5827      48.7179
    5828      49.2582
    5829      52.6809
    5830      49.3007
    5831      50.2274
    5832      52.9512
    5833      53.9510
    5834      51.1328
    5835      52.3550
    5836      50.9887
    5837      47.3470
    5838      52.8736
    5839      49.6277
    5840      47.6340
    5841      47.7004
    5842      48.6074
    5843      48.4759
    5844      56.1454
    5845      58.7803
    5846      57.3891
    5847      51.7332
    5848      53.8696
    5849      48.9809
    5850      51.3478
    5851      48.9480
    5852      50.8290
    5853      53.7776
    5854      55.1466
    5855      52.2738
    5856      51.2804
    5857      49.2289
    5858      48.7377
    5859      51.4704
    5860      53.0444
    5861      53.5926
    5862      53.3206
    5863      52.8453
    5864      51.0573
    5865      53.4400
    5866      49.1297
    5867      49.7142
    5868      51.2843
    5869      49.3310
    5870      50.5399
    5871      45.4114
    5872      45.6995
    5873      48.5971
    5874      46.6359
    5875      46.5020
    5876      43.6217
    5877      44.3467
    5878      43.5051
    5879      44.8512
    5880      38.9922
    5881      37.6771
    5882      41.0410
    5883      44.1121
    5884      50.9315
    5885      50.0187
    5886      47.7158
    5887      50.9363
    5888      52.2667
    5889      47.4722
    5890      46.2110
    5891      48.0802
    5892      48.6900
    5893      53.0899
    5894      55.0756
    5895      56.9863
    5896      57.8175
    5897      58.6791
    5898      58.3433
    5899      53.1644
    5900      51.1767
    5901      50.7350
    5902      45.7940
    5903      42.5413
    5904      45.2113
    5905      42.0300
    5906      44.2154
    5907      41.6500
    5908      41.1558
    5909      44.3535
    5910      39.3098
    5911      37.3029
    5912      35.1170
    5913      35.1777
    5914      37.9573
    5915      39.0433
    5916      34.4623
    5917      37.8459
    5918      40.7343
    5919      42.4904
    5920      36.6763
    5921      34.2654
    5922      35.8116
    5923      35.2237
    5924      32.4864
    5925      35.1806
    5926      37.1958
    5927      37.0699
    5928      39.5960
    5929      38.6201
    5930      39.3840
    5931      39.0264
    5932      38.0244
    5933      42.3028
    5934      39.9247
    5935      43.8819
    5936      43.0319
    5937      45.6544
    5938      45.2825
    5939      48.1251
    5940      42.9527
    5941      41.7180
    5942      41.1247
    5943      44.6655
    5944      38.2387
    5945      38.9799
    5946      42.5499
    5947      47.3488
    5948      53.7027
    5949      52.5407
    5950      60.4660
    5951      55.3152
    5952      52.4773
    5953      51.2238
    5954      47.5639
    5955      49.8854
    5956      49.5236
    5957      45.1796
    5958      45.7242
    5959      49.5951
    5960      45.4031
    5961      44.9953
    5962      47.9774
    5963      43.7649
    5964      46.7732
    5965      45.9877
    5966      40.2259
    5967      43.7787
    5968      45.3949
    5969      47.1527
    5970      47.5325
    5971      47.8417
    5972      47.6124
    5973      52.7737
    5974      48.6320
    5975      47.6806
    5976      50.8631
    5977      46.5141
    5978      40.3205
    5979      46.5735
    5980      44.6628
    5981      44.4085
    5982      45.5897
    5983      46.1062
    5984      46.2564
    5985      46.2066
    5986      42.4443
    5987      45.3322
    5988      43.2358
    5989      41.9725
    5990      41.7280
    5991      41.4867
    5992      41.0988
    5993      43.5614
    5994      41.3965
    5995      47.1595
    5996      48.1375
    5997      51.2918
    5998      49.2228
    5999      51.2705
    6000      45.5690
    6001      46.8002
    6002      44.5074
    6003      49.4917
    6004      50.4613
    6005      49.0962
    6006      48.7230
    6007      48.9017
    6008      43.5965
    6009      49.9519
    6010      46.8139
    6011      47.0401
    6012      48.2795
    6013      49.7628
    6014      51.4729
    6015      52.9293
    6016      49.3816
    6017      51.7265
    6018      49.5862
    6019      53.9271
    6020      56.2254
    6021      53.4244
    6022      48.1153
    6023      49.9529
    6024      51.7400
    6025      55.2679
    6026      51.8559
    6027      57.1135
    6028      56.8449
    6029      60.7846
    6030      56.6326
    6031      55.2894
    6032      55.0876
    6033      55.9620
    6034      60.7341
    6035      59.5493
    6036      59.5984
    6037      57.0223
    6038      56.4096
    6039      58.4013
    6040      64.8990
    6041      61.5221
    6042      62.4696
    6043      62.3694
    6044      59.2356
    6045      59.3334
    6046      55.6413
    6047      56.5607
    6048      54.3967
    6049      47.6736
    6050      48.0995
    6051      51.3598
    6052      49.9819
    6053      53.4859
    6054      51.7688
    6055      57.3296
    6056      54.0185
    6057      48.9789
    6058      48.1079
    6059      45.7130
    6060      50.1060
    6061      55.3386
    6062      54.3457
    6063      52.6238
    6064      47.9207
    6065      48.1340
    6066      46.1787
    6067      44.2643
    6068      45.5097
    6069      45.7213
    6070      47.9625
    6071      48.6179
    6072      51.8379
    6073      51.5119
    6074      51.4158
    6075      51.8536
    6076      53.3151
    6077      49.5600
    6078      51.2754
    6079      50.6183
    6080      47.5425
    6081      47.6400
    6082      48.1968
    6083      48.5329
    6084      50.5661
    6085      52.7748
    6086      43.9587
    6087      47.9627
    6088      47.2036
    6089      45.8033
    6090      52.7991
    6091      49.6581
    6092      50.3012
    6093      51.1019
    6094      51.3544
    6095      49.9272
    6096      48.8052
    6097      46.5109
    6098      46.0090
    6099      45.2083
    6100      46.5572
    6101      48.5715
    6102      47.7227
    6103      49.0004
    6104      48.4935
    6105      49.8544
    6106      49.6087
    6107      48.8674
    6108      43.9815
    6109      47.2924
    6110      48.1672
    6111      48.4034
    6112      50.8186
    6113      51.4370
    6114      52.1840
    6115      54.7118
    6116      52.7526
    6117      48.5489
    6118      47.1644
    6119      46.8845
    6120      46.3460
    6121      46.5595
    6122      49.3543
    6123      49.3093
    6124      48.0244
    6125      45.5468
    6126      45.2844
    6127      48.6694
    6128      50.0188
    6129      53.3767
    6130      52.9082
    6131      52.6907
    6132      46.8102
    6133      48.8490
    6134      46.5078
    6135      48.4384
    6136      47.9629
    6137      50.9929
    6138      53.4257
    6139      52.5436
    6140      53.3755
    6141      50.8908
    6142      54.7697
    6143      57.8652
    6144      53.4517
    6145      59.4419
    6146      56.3735
    6147      58.9887
    6148      61.9138
    6149      59.9101
    6150      60.5548
    6151      61.7777
    6152      58.4424
    6153      57.1206
    6154      56.7997
    6155      59.7430
    6156      60.1191
    6157      58.4356
    6158      56.2106
    6159      56.2038
    6160      54.7442
    6161      50.8703
    6162      50.9347
    6163      50.5031
    6164      52.2052
    6165      50.9285
    6166      50.1001
    6167      48.6307
    6168      46.7599
    6169      44.4436
    6170      45.7896
    6171      48.6551
    6172      51.4118
    6173      50.5024
    6174      50.7260
    6175      50.4689
    6176      52.1074
    6177      53.6750
    6178      58.2154
    6179      59.7293
    6180      55.1971
    6181      52.8502
    6182      51.4577
    6183      49.6610
    6184      53.5703
    6185      52.7497
    6186      45.2848
    6187      45.5590
    6188      48.5291
    6189      50.3672
    6190      49.7165
    6191      45.4937
    6192      45.3972
    6193      46.0683
    6194      46.4751
    6195      45.1384
    6196      48.5043
    6197      49.2397
    6198      50.7988
    6199      48.1806
    6200      47.0006
    6201      48.2752
    6202      45.2886
    6203      49.2255
    6204      47.1818
    6205      44.8486
    6206      43.4047
    6207      43.9448
    6208      47.4352
    6209      43.4488
    6210      42.1641
    6211      45.8448
    6212      42.2206
    6213      43.8808
    6214      43.9366
    6215      45.8206
    6216      47.1836
    6217      45.0344
    6218      40.6177
    6219      40.2568
    6220      43.1587
    6221      38.7275
    6222      41.3053
    6223      40.4386
    6224      42.3410
    6225      43.0256
    6226      40.9567
    6227      41.1949
    6228      40.7908
    6229      40.8681
    6230      43.4239
    6231      44.6440
    6232      43.1175
    6233      43.9756
    6234      42.4146
    6235      42.7420
    6236      39.3659
    6237      39.3850
    6238      40.1254
    6239      40.6802
    6240      44.1171
    6241      40.2815
    6242      39.7518
    6243      41.2000
    6244      38.5038
    6245      42.5586
    6246      43.3442
    6247      44.8501
    6248      42.0476
    6249      45.1261
    6250      46.9873
    6251      48.7552
    6252      43.9933
    6253      46.8352
    6254      49.5648
    6255      49.7679
    6256      45.1442
    6257      46.9449
    6258      43.9091
    6259      49.9230
    6260      47.8942
    6261      49.2289
    6262      48.6332
    6263      45.4615
    6264      42.9160
    6265      38.9577
    6266      43.1632
    6267      43.1020
    6268      44.1449
    6269      50.4947
    6270      54.8473
    6271      57.4814
    6272      53.3649
    6273      50.7474
    6274      47.7087
    6275      50.7270
    6276      48.5060
    6277      51.6553
    6278      42.3609
    6279      42.5328
    6280      41.8591
    6281      48.5975
    6282      41.7788
    6283      43.4271
    6284      42.0653
    6285      41.6982
    6286      44.7300
    6287      46.1131
    6288      41.3288
    6289      44.0932
    6290      48.9827
    6291      48.7136
    6292      47.3016
    6293      45.6498
    6294      41.3953
    6295      50.2374
    6296      54.2469
    6297      50.4562
    6298      46.6784
    6299      45.0897
    6300      47.5319
    6301      46.5259
    6302      45.0659
    6303      45.4533
    6304      48.2256
    6305      52.7301
    6306      52.2646
    6307      53.4130
    6308      55.2579
    6309      53.9461
    6310      55.4383
    6311      57.7435
    6312      56.8214
    6313      53.1132
    6314      56.5091
    6315      50.3996
    6316      51.8402
    6317      49.9273
    6318      48.5498
    6319      47.8662
    6320      50.8557
    6321      45.5387
    6322      44.9378
    6323      45.6392
    6324      42.5468
    6325      46.0244
    6326      45.4616
    6327      43.8320
    6328      44.0823
    6329      44.7162
    6330      45.9508
    6331      45.5298
    6332      40.0533
    6333      43.0760
    6334      45.4948
    6335      44.3213
    6336      43.2070
    6337      43.3482
    6338      44.0092
    6339      41.2085
    6340      39.5292
    6341      40.5652
    6342      42.9942
    6343      42.7126
    6344      43.8724
    6345      44.5278
    6346      44.1773
    6347      48.9418
    6348      48.7733
    6349      52.5745
    6350      53.5312
    6351      57.3834
    6352      60.8048
    6353      63.1418
    6354      66.1229
    6355      65.9415
    6356      67.1864
    6357      62.7311
    6358      62.4482
    6359      62.7953
    6360      62.6819
    6361      65.5950
    6362      58.9865
    6363      54.2401
    6364      54.5215
    6365      57.1764
    6366      54.0699
    6367      48.8722
    6368      47.1293
    6369      44.7712
    6370      42.9898
    6371      42.1200
    6372      40.5950
    6373      40.7000
    6374      45.9814
    6375      46.3485
    6376      48.9062
    6377      49.5466
    6378      47.5005
    6379      50.7564
    6380      48.2295
    6381      48.3717
    6382      50.8619
    6383      46.6674
    6384      46.3901
    6385      44.9143
    6386      49.1433
    6387      44.0075
    6388      42.9327
    6389      46.8684
    6390      46.3421
    6391      49.5896
    6392      49.5814
    6393      48.1630
    6394      51.3553
    6395      47.8370
    6396      50.7288
    6397      49.7098
    6398      53.0786
    6399      50.5630
    6400      50.2347
    6401      47.3354
    6402      44.4384
    6403      48.7666
    6404      49.2899
    6405      49.9887
    6406      52.2068
    6407      50.1269
    6408      51.9541
    6409      53.4136
    6410      47.0425
    6411      46.5485
    6412      47.4617
    6413      45.9839
    6414      47.2238
    6415      48.5042
    6416      47.0164
    6417      48.0111
    6418      45.0747
    6419      48.0276
    6420      46.1026
    6421      47.4096
    6422      49.4599
    6423      44.7785
    6424      44.5421
    6425      43.4478
    6426      46.3846
    6427      43.7967
    6428      45.1360
    6429      45.4103
    6430      46.6665
    6431      46.4817
    6432      49.2558
    6433      50.9717
    6434      50.8958
    6435      52.5969
    6436      51.6423
    6437      49.4382
    6438      51.9549
    6439      48.7337
    6440      46.7974
    6441      45.7892
    6442      47.5800
    6443      49.6874
    6444      51.2532
    6445      52.3022
    6446      54.4139
    6447      50.4785
    6448      54.2621
    6449      52.0597
    6450      50.3647
    6451      50.3060
    6452      44.5890
    6453      45.9074
    6454      51.7848
    6455      53.5550
    6456      50.0093
    6457      49.4938
    6458      51.1843
    6459      52.1133
    6460      53.2035
    6461      54.1838
    6462      50.7675
    6463      55.2646
    6464      55.0964
    6465      52.8993
    6466      55.1069
    6467      51.8190
    6468      52.4438
    6469      49.2007
    6470      52.8171
    6471      53.7551
    6472      52.0204
    6473      52.5156
    6474      52.6814
    6475      55.5581
    6476      50.8026
    6477      51.9069
    6478      49.4053
    6479      46.5866
    6480      46.9028
    6481      44.8214
    6482      42.6433
    6483      45.8996
    6484      47.9514
    6485      47.9156
    6486      48.6250
    6487      47.0525
    6488      46.6289
    6489      46.6093
    6490      46.1692
    6491      45.9756
    6492      48.0394
    6493      44.6897
    6494      46.4357
    6495      45.2383
    6496      46.5878
    6497      49.4462
    6498      44.4838
    6499      43.6840
    6500      45.8647
    6501      48.9237
    6502      46.3455
    6503      46.5613
    6504      45.8104
    6505      45.5841
    6506      44.6668
    6507      49.0601
    6508      50.2416
    6509      45.1979
    6510      51.4298
    6511      51.0198
    6512      48.1206
    6513      50.0247
    6514      53.0630
    6515      49.7129
    6516      48.8940
    6517      53.3791
    6518      53.5287
    6519      49.8786
    6520      47.5665
    6521      47.2685
    6522      49.9963
    6523      50.2605
    6524      49.3745
    6525      50.0013
    6526      48.7453
    6527      48.5672
    6528      52.9718
    6529      46.8826
    6530      43.0988
    6531      45.7439
    6532      44.1656
    6533      50.5833
    6534      51.5402
    6535      52.3987
    6536      52.9391
    6537      51.8161
    6538      46.8320
    6539      46.7779
    6540      51.9316
    6541      50.0102
    6542      49.3019
    6543      49.1865
    6544      54.4920
    6545      51.6702
    6546      49.1414
    6547      47.1752
    6548      49.1442
    6549      48.7247
    6550      48.9383
    6551      45.6596
    6552      48.6758
    6553      51.0732
    6554      47.5200
    6555      44.4772
    6556      49.4433
    6557      49.3503
    6558      44.1945
    6559      41.1358
    6560      43.0072
    6561      44.9224
    6562      45.3554
    6563      49.9875
    6564      53.6926
    6565      56.1347
    6566      59.2436
    6567      62.0305
    6568      55.1925
    6569      52.2969
    6570      50.0643
    6571      51.7998
    6572      49.7002
    6573      46.8264
    6574      45.2058
    6575      41.3068
    6576      43.7207
    6577      42.5573
    6578      43.6084
    6579      46.1996
    6580      46.6323
    6581      46.3684
    6582      41.7967
    6583      44.4912
    6584      49.8465
    6585      48.6317
    6586      51.5781
    6587      47.6528
    6588      46.4132
    6589      47.6278
    6590      51.5167
    6591      52.3309
    6592      48.1064
    6593      47.4239
    6594      45.3721
    6595      45.0147
    6596      47.3115
    6597      48.3509
    6598      45.9514
    6599      50.7198
    6600      50.9866
    6601      50.8701
    6602      51.0079
    6603      49.2135
    6604      50.4249
    6605      50.0038
    6606      52.3049
    6607      55.8628
    6608      54.3755
    6609      52.1386
    6610      50.5193
    6611      50.2568
    6612      50.0623
    6613      52.4722
    6614      49.8972
    6615      57.5499
    6616      54.0180
    6617      52.4177
    6618      50.2710
    6619      52.0885
    6620      51.5157
    6621      52.6730
    6622      52.5883
    6623      51.2317
    6624      54.1690
    6625      57.3797
    6626      53.2040
    6627      52.3404
    6628      49.0954
    6629      46.2516
    6630      46.2869
    6631      50.7340
    6632      46.4811
    6633      45.0649
    6634      44.1679
    6635      48.9242
    6636      52.7780
    6637      46.7799
    6638      43.9293
    6639      42.9703
    6640      47.3253
    6641      47.7216
    6642      50.4710
    6643      53.3823
    6644      49.7020
    6645      49.3010
    6646      46.0866
    6647      47.2014
    6648      49.6927
    6649      51.4423
    6650      47.8979
    6651      49.2294
    6652      47.2947
    6653      47.1511
    6654      51.1472
    6655      47.7673
    6656      44.8273
    6657      48.7431
    6658      49.9515
    6659      54.0603
    6660      55.0528
    6661      53.7240
    6662      49.9091
    6663      50.4258
    6664      46.7217
    6665      46.6684
    6666      50.3666
    6667      47.5937
    6668      49.1672
    6669      50.5747
    6670      50.6321
    6671      49.2166
    6672      50.0332
    6673      45.6577
    6674      49.3251
    6675      49.9592
    6676      52.6117
    6677      53.3029
    6678      50.1125
    6679      57.9205
    6680      61.9765
    6681      62.6483
    6682      61.3110
    6683      61.8249
    6684      54.9294
    6685      50.4089
    6686      50.2995
    6687      50.8132
    6688      52.6777
    6689      50.0869
    6690      50.0188
    6691      44.8724
    6692      38.9791
    6693      41.7095
    6694      43.8496
    6695      42.7323
    6696      44.9316
    6697      43.6482
    6698      41.1323
    6699      44.7490
    6700      43.0571
    6701      44.8843
    6702      42.2353
    6703      42.9947
    6704      41.1782
    6705      40.7349
    6706      38.4881
    6707      39.4112
    6708      39.9623
    6709      45.7841
    6710      42.3623
    6711      39.4628
    6712      41.3614
    6713      49.2366
    6714      56.9027
    6715      55.1762
    6716      49.7357
    6717      51.9796
    6718      50.9708
    6719      47.8689
    6720      46.0343
    6721      48.5276
    6722      46.9991
    6723      46.5134
    6724      48.5876
    6725      48.6512
    6726      44.2730
    6727      41.2233
    6728      40.8629
    6729      41.4604
    6730      43.4129
    6731      39.4717
    6732      42.5633
    6733      41.2301
    6734      44.3287
    6735      43.8526
    6736      45.7587
    6737      44.7299
    6738      44.6038
    6739      44.2086
    6740      47.4151
    6741      45.2739
    6742      44.9137
    6743      47.9773
    6744      50.6921
    6745      47.5358
    6746      48.8745
    6747      44.6560
    6748      44.3318
    6749      47.4755
    6750      48.7556
    6751      51.2002
    6752      52.3213
    6753      52.9971
    6754      50.6765
    6755      47.0979
    6756      43.8594
    6757      45.4903
    6758      48.7082
    6759      47.0975
    6760      47.4172
    6761      46.6499
    6762      45.8972
    6763      43.9836
    6764      45.5769
    6765      43.2555
    6766      45.4067
    6767      44.7473
    6768      45.8412
    6769      45.2789
    6770      44.8224
    6771      41.6133
    6772      43.1308
    6773      44.9023
    6774      45.6547
    6775      45.4012
    6776      42.9767
    6777      43.1034
    6778      46.6489
    6779      47.9325
    6780      53.5201
    6781      51.3594
    6782      49.0223
    6783      47.3979
    6784      48.7144
    6785      50.6211
    6786      52.3936
    6787      52.3649
    6788      50.3954
    6789      51.8196
    6790      50.8772
    6791      53.7633
    6792      50.7597
    6793      48.4877
    6794      49.3203
    6795      51.0697
    6796      46.1745
    6797      46.8927
    6798      48.4840
    6799      49.4815
    6800      47.1834
    6801      46.5535
    6802      47.0279
    6803      48.0594
    6804      48.4867
    6805      48.5900
    6806      52.1854
    6807      50.3463
    6808      49.4523
    6809      50.2406
    6810      52.7046
    6811      51.4196
    6812      50.7126
    6813      56.9203
    6814      53.8490
    6815      52.0477
    6816      51.8198
    6817      54.4502
    6818      52.7350
    6819      49.5729
    6820      50.2809
    6821      51.2263
    6822      49.2613
    6823      51.9080
    6824      49.6454
    6825      52.0672
    6826      52.0232
    6827      58.4032
    6828      54.6325
    6829      60.9902
    6830      60.2009
    6831      60.5116
    6832      55.5361
    6833      58.2627
    6834      60.4563
    6835      55.7602
    6836      59.7264
    6837      54.7117
    6838      53.8061
    6839      55.9666
    6840      54.8815
    6841      55.3904
    6842      55.6567
    6843      58.6978
    6844      60.1718
    6845      59.0454
    6846      55.3299
    6847      53.6263
    6848      53.4189
    6849      53.3403
    6850      54.2505
    6851      59.6120
    6852      51.8021
    6853      47.8955
    6854      45.3409
    6855      45.3654
    6856      47.1071
    6857      49.0634
    6858      46.5120
    6859      46.6478
    6860      44.1319
    6861      46.6669
    6862      51.1574
    6863      52.8611
    6864      50.5873
    6865      48.8636
    6866      48.4678
    6867      46.8408
    6868      48.4964
    6869      44.7027
    6870      48.1502
    6871      45.8971
    6872      45.2890
    6873      47.7218
    6874      45.7343
    6875      45.7057
    6876      48.0289
    6877      51.0967
    6878      49.2782
    6879      51.7038
    6880      51.6856
    6881      49.3738
    6882      49.1477
    6883      51.1283
    6884      50.1100
    6885      49.7278
    6886      51.2471
    6887      49.1044
    6888      48.9610
    6889      44.2478
    6890      45.4668
    6891      43.7015
    6892      43.6978
    6893      48.3660
    6894      49.7929
    6895      53.2883
    6896      52.1209
    6897      48.9545
    6898      43.6254
    6899      43.7302
    6900      43.9503
    6901      49.9176
    6902      48.0300
    6903      52.1096
    6904      50.7318
    6905      49.2350
    6906      47.5851
    6907      48.6808
    6908      47.4654
    6909      47.1230
    6910      49.5446
    6911      49.6711
    6912      50.4041
    6913      45.7354
    6914      46.3857
    6915      43.6587
    6916      42.5557
    6917      43.6873
    6918      44.1543
    6919      45.8125
    6920      47.3663
    6921      47.6473
    6922      51.2252
    6923      49.3510
    6924      44.2184
    6925      47.2317
    6926      47.5468
    6927      47.7738
    6928      48.4657
    6929      46.6348
    6930      48.0100
    6931      50.1496
    6932      51.7340
    6933      48.4117
    6934      49.0915
    6935      49.0550
    6936      49.6839
    6937      48.8979
    6938      48.3462
    6939      47.0133
    6940      45.6090
    6941      45.9087
    6942      42.4554
    6943      42.5022
    6944      43.5626
    6945      46.1622
    6946      41.8586
    6947      46.9577
    6948      47.5840
    6949      43.8015
    6950      45.3026
    6951      43.8749
    6952      48.8933
    6953      43.9789
    6954      43.1213
    6955      44.8933
    6956      40.3599
    6957      44.6570
    6958      46.6546
    6959      43.2005
    6960      46.3001
    6961      47.2610
    6962      41.2793
    6963      45.2588
    6964      47.8150
    6965      43.7005
    6966      43.2287
    6967      48.9305
    6968      48.7819
    6969      46.7448
    6970      50.1774
    6971      48.6302
    6972      51.2132
    6973      47.5655
    6974      47.5685
    6975      42.4545
    6976      42.9324
    6977      43.1787
    6978      44.9312
    6979      42.5515
    6980      43.3986
    6981      43.1161
    6982      44.4418
    6983      46.1554
    6984      46.2390
    6985      45.6492
    6986      44.7673
    6987      45.7312
    6988      46.7665
    6989      48.5429
    6990      48.7944
    6991      47.8895
    6992      47.0719
    6993      50.9918
    6994      48.2158
    6995      49.2985
    6996      51.4304
    6997      53.0062
    6998      51.3193
    6999      48.9821
    7000      49.0555
    7001      50.8374
    7002      54.2394
    7003      55.1783
    7004      56.8383
    7005      54.7939
    7006      56.1970
    7007      54.8794
    7008      53.4082
    7009      48.3072
    7010      46.6431
    7011      47.1800
    7012      51.5637
    7013      56.4627
    7014      54.3794
    7015      58.9429
    7016      52.4292
    7017      49.9602
    7018      43.2061
    7019      45.7806
    7020      48.7186
    7021      48.2760
    7022      48.8350
    7023      45.6075
    7024      47.0866
    7025      43.0691
    7026      45.3631
    7027      43.2653
    7028      46.4987
    7029      47.5747
    7030      46.3510
    7031      48.2566
    7032      46.1857
    7033      43.3768
    7034      42.8584
    7035      43.8950
    7036      43.1091
    7037      46.2882
    7038      50.2937
    7039      52.7096
    7040      51.3329
    7041      47.4831
    7042      45.3836
    7043      45.5972
    7044      46.0841
    7045      42.8012
    7046      45.4243
    7047      43.3589
    7048      44.8870
    7049      43.1427
    7050      45.2609
    7051      45.2725
    7052      44.4380
    7053      52.1480
    7054      47.6975
    7055      51.4867
    7056      51.6576
    7057      52.3167
    7058      52.7449
    7059      52.8676
    7060      52.6182
    7061      55.8561
    7062      56.7037
    7063      58.0253
    7064      54.3066
    7065      54.4725
    7066      59.4096
    7067      57.8291
    7068      55.9498
    7069      58.5672
    7070      58.6160
    7071      51.3513
    7072      48.8515
    7073      48.8086
    7074      49.9689
    7075      49.1150
    7076      51.5402
    7077      53.2188
    7078      54.8700
    7079      53.0313
    7080      51.8402
    7081      52.1788
    7082      58.0610
    7083      61.3028
    7084      63.8838
    7085      59.8131
    7086      53.2211
    7087      53.5860
    7088      53.2410
    7089      52.5935
    7090      51.6053
    7091      54.8060
    7092      55.2160
    7093      52.8650
    7094      50.0097
    7095      52.0594
    7096      52.2880
    7097      52.7378
    7098      55.7640
    7099      51.0490
    7100      48.7776
    7101      49.7680
    7102      48.3748
    7103      49.7918
    7104      52.2552
    7105      50.3866
    7106      52.1274
    7107      53.8717
    7108      60.2982
    7109      61.5019
    7110      62.0956
    7111      58.8813
    7112      59.7753
    7113      63.1432
    7114      59.9768
    7115      59.1970
    7116      57.8597
    7117      58.8563
    7118      58.3351
    7119      58.1952
    7120      55.3208
    7121      53.8567
    7122      48.8939
    7123      49.6211
    7124      51.8260
    7125      51.5935
    7126      46.6682
    7127      53.5045
    7128      52.0922
    7129      49.7912
    7130      50.1829
    7131      53.1348
    7132      52.1489
    7133      54.4246
    7134      50.4562
    7135      50.4929
    7136      51.0694
    7137      50.2544
    7138      48.1805
    7139      50.3991
    7140      49.7088
    7141      47.0943
    7142      48.6727
    7143      47.8521
    7144      45.3587
    7145      53.0631
    7146      56.7442
    7147      48.2268
    7148      48.4886
    7149      51.7471
    7150      50.7566
    7151      48.2419
    7152      51.8363
    7153      53.0755
    7154      47.5520
    7155      48.4789
    7156      52.4999
    7157      49.3655
    7158      51.4317
    7159      51.5894
    7160      50.6509
    7161      48.8030
    7162      46.9811
    7163      46.7253
    7164      47.0039
    7165      49.3443
    7166      51.9701
    7167      53.0641
    7168      56.1889
    7169      59.0065
    7170      65.0020
    7171      63.3729
    7172      63.3995
    7173      60.9045
    7174      62.0951
    7175      59.0593
    7176      60.9459
    7177      60.4478
    7178      56.4567
    7179      55.8533
    7180      51.9763
    7181      45.0074
    7182      47.3823
    7183      46.7800
    7184      45.4085
    7185      46.2005
    7186      45.9457
    7187      48.0016
    7188      42.6249
    7189      45.0736
    7190      43.8788
    7191      45.0218
    7192      47.8672
    7193      45.4309
    7194      45.9705
    7195      48.5648
    7196      54.6821
    7197      54.0040
    7198      55.5530
    7199      54.7220
    7200      52.6434
    7201      51.9819
    7202      57.0832
    7203      56.1956
    7204      48.7548
    7205      47.7201
    7206      51.3527
    7207      50.4375
    7208      45.0689
    7209      47.8783
    7210      48.0145
    7211      49.6023
    7212      52.1153
    7213      51.5593
    7214      52.3152
    7215      52.6877
    7216      48.9481
    7217      44.3438
    7218      46.2828
    7219      48.6034
    7220      43.3393
    7221      42.1804
    7222      43.6853
    7223      40.2690
    7224      43.0463
    7225      42.7237
    7226      44.1667
    7227      44.8378
    7228      45.1092
    7229      49.3670
    7230      54.1730
    7231      55.8396
    7232      56.2213
    7233      54.5247
    7234      46.4905
    7235      43.2172
    7236      46.7691
    7237      50.7969
    7238      51.1923
    7239      52.5888
    7240      51.3406
    7241      50.9826
    7242      51.5123
    7243      52.8978
    7244      51.4049
    7245      52.5568
    7246      52.2988
    7247      49.3964
    7248      42.9847
    7249      42.9451
    7250      46.5069
    7251      42.7330
    7252      48.5896
    7253      49.5067
    7254      53.3900
    7255      51.4915
    7256      53.9847
    7257      52.4872
    7258      50.4954
    7259      46.3997
    7260      44.2364
    7261      52.2195
    7262      47.4706
    7263      46.4361
    7264      47.8092
    7265      49.0918
    7266      49.1001
    7267      52.5545
    7268      49.8987
    7269      52.3867
    7270      50.1283
    7271      42.7665
    7272      43.3862
    7273      44.5130
    7274      43.4805
    7275      42.4368
    7276      44.9951
    7277      46.3562
    7278      46.0793
    7279      44.6772
    7280      50.7449
    7281      52.0898
    7282      49.4512
    7283      49.6129
    7284      51.3388
    7285      46.9345
    7286      52.2128
    7287      49.0235
    7288      48.0595
    7289      48.1763
    7290      44.8116
    7291      45.5388
    7292      49.2854
    7293      48.5863
    7294      48.8794
    7295      49.4909
    7296      49.5992
    7297      49.3841
    7298      53.4401
    7299      48.7350
    7300      46.6360
    7301      47.4533
    7302      44.5200
    7303      42.3214
    7304      41.5181
    7305      40.5173
    7306      42.6952
    7307      44.9588
    7308      47.3857
    7309      50.5013
    7310      48.6408
    7311      48.1019
    7312      48.9413
    7313      49.1067
    7314      47.0669
    7315      48.9161
    7316      44.5034
    7317      50.4735
    7318      47.1960
    7319      49.7135
    7320      53.4132
    7321      51.6151
    7322      53.9174
    7323      51.7898
    7324      51.2201
    7325      50.1750
    7326      45.6539
    7327      49.0580
    7328      45.5081
    7329      48.2023
    7330      47.7902
    7331      46.4890
    7332      45.0375
    7333      43.4410
    7334      46.4022
    7335      46.7552
    7336      45.1564
    7337      45.3253
    7338      42.2068
    7339      49.7102
    7340      46.7785
    7341      45.0193
    7342      42.8826
    7343      40.9461
    7344      43.4355
    7345      44.9494
    7346      43.0933
    7347      42.5048
    7348      42.9089
    7349      43.0173
    7350      45.2706
    7351      42.6032
    7352      45.4019
    7353      44.7592
    7354      43.9812
    7355      48.4719
    7356      47.0426
    7357      45.8075
    7358      44.8041
    7359      46.1705
    7360      44.9590
    7361      44.1398
    7362      48.6439
    7363      49.0021
    7364      49.1182
    7365      49.5870
    7366      50.9993
    7367      51.4462
    7368      49.9681
    7369      47.3064
    7370      51.6549
    7371      55.2509
    7372      56.3612
    7373      55.7010
    7374      53.0596
    7375      51.6807
    7376      50.8458
    7377      47.6611
    7378      48.2164
    7379      47.9483
    7380      46.0903
    7381      46.1069
    7382      46.7649
    7383      47.5033
    7384      46.9670
    7385      44.3018
    7386      44.1603
    7387      48.3044
    7388      47.6607
    7389      45.6041
    7390      46.5862
    7391      47.4485
    7392      46.7718
    7393      50.0152
    7394      49.3579
    7395      46.7096
    7396      48.8320
    7397      50.1928
    7398      50.7225
    7399      52.3898
    7400      50.5699
    7401      50.4520
    7402      48.3516
    7403      51.0296
    7404      49.8607
    7405      51.4193
    7406      47.6526
    7407      47.2849
    7408      46.9208
    7409      48.8336
    7410      48.5245
    7411      47.2105
    7412      48.8905
    7413      47.3161
    7414      49.8989
    7415      50.0858
    7416      45.9717
    7417      49.4186
    7418      44.3994
    7419      42.9811
    7420      48.6448
    7421      45.5687
    7422      47.8549
    7423      47.5752
    7424      51.7804
    7425      47.6702
    7426      49.3791
    7427      50.4578
    7428      47.2599
    7429      45.5754
    7430      45.8266
    7431      48.1754
    7432      45.8701
    7433      49.7886
    7434      51.5833
    7435      53.9422
    7436      48.3963
    7437      52.1699
    7438      52.5840
    7439      50.6538
    7440      50.1807
    7441      46.0633
    7442      46.9339
    7443      50.2453
    7444      54.2901
    7445      53.2198
    7446      51.1990
    7447      55.7401
    7448      52.9690
    7449      47.8620
    7450      50.0223
    7451      50.4097
    7452      46.6378
    7453      43.0500
    7454      45.6465
    7455      47.4817
    7456      47.1298
    7457      43.6850
    7458      37.6653
    7459      44.5848
    7460      48.3672
    7461      53.2689
    7462      49.3999
    7463      50.6383
    7464      50.5847
    7465      47.6643
    7466      47.5869
    7467      45.4078
    7468      50.1712
    7469      49.4372
    7470      44.9856
    7471      41.9863
    7472      45.9129
    7473      49.0956
    7474      48.9311
    7475      48.7816
    7476      48.0827
    7477      45.9602
    7478      47.0737
    7479      47.5186
    7480      44.8940
    7481      49.1203
    7482      48.5290
    7483      45.6102
    7484      47.0224
    7485      42.3277
    7486      46.4375
    7487      45.7391
    7488      45.1022
    7489      44.3512
    7490      45.8414
    7491      43.2049
    7492      44.9672
    7493      44.5176
    7494      40.4662
    7495      45.6524
    7496      43.8386
    7497      44.1060
    7498      47.1623
    7499      48.0932
    7500      45.4509
    7501      46.9367
    7502      48.2609
    7503      44.4479
    7504      47.7440
    7505      48.6707
    7506      48.4986
    7507      48.6667
    7508      48.0706
    7509      45.3405
    7510      49.2383
    7511      51.8883
    7512      49.1464
    7513      50.7436
    7514      45.4225
    7515      46.9726
    7516      47.0813
    7517      45.1954
    7518      51.9365
    7519      50.3703
    7520      50.8591
    7521      49.6582
    7522      50.8318
    7523      49.9362
    7524      44.1771
    7525      44.8660
    7526      46.1738
    7527      48.1003
    7528      47.0385
    7529      46.4107
    7530      45.7620
    7531      45.9615
    7532      44.3869
    7533      46.3610
    7534      46.5426
    7535      46.1584
    7536      44.5845
    7537      44.6575
    7538      45.1434
    7539      44.2454
    7540      43.4229
    7541      44.2386
    7542      40.7939
    7543      43.8757
    7544      47.7656
    7545      46.0290
    7546      46.6695
    7547      48.8471
    7548      49.5617
    7549      50.2781
    7550      52.4752
    7551      53.3092
    7552      48.8868
    7553      51.0028
    7554      54.8505
    7555      58.2218
    7556      54.2275
    7557      52.6714
    7558      53.1797
    7559      53.5823
    7560      52.4825
    7561      58.4023
    7562      57.4804
    7563      58.2931
    7564      57.8611
    7565      49.6558
    7566      50.0806
    7567      50.1632
    7568      49.6666
    7569      51.5911
    7570      53.1139
    7571      50.2456
    7572      50.6699
    7573      53.9176
    7574      55.1734
    7575      52.7443
    7576      46.5324
    7577      51.3146
    7578      59.4487
    7579      62.2341
    7580      63.6326
    7581      61.4499
    7582      61.2528
    7583      60.8641
    7584      57.1276
    7585      53.1523
    7586      55.0295
    7587      57.2303
    7588      58.2874
    7589      56.1802
    7590      54.1522
    7591      51.5397
    7592      49.5652
    7593      54.2390
    7594      57.1238
    7595      58.2809
    7596      52.5639
    7597      52.3631
    7598      47.5929
    7599      46.5810
    7600      47.0698
    7601      46.5515
    7602      50.5187
    7603      45.5868
    7604      44.8912
    7605      42.8944
    7606      44.0928
    7607      43.0432
    7608      42.8316
    7609      51.8828
    7610      57.6501
    7611      54.4434
    7612      51.5025
    7613      51.6322
    7614      54.0924
    7615      53.5725
    7616      50.7026
    7617      53.0759
    7618      55.0741
    7619      57.2294
    7620      53.4233
    7621      49.7156
    7622      50.7688
    7623      50.6390
    7624      49.7332
    7625      50.3735
    7626      49.9274
    7627      52.6764
    7628      49.4745
    7629      47.8007
    7630      47.0247
    7631      45.9893
    7632      44.9154
    7633      46.3926
    7634      44.7845
    7635      46.9125
    7636      44.8712
    7637      46.8038
    7638      47.1595
    7639      45.9433
    7640      45.7964
    7641      47.2154
    7642      49.0869
    7643      51.4062
    7644      49.1242
    7645      52.3241
    7646      46.5913
    7647      48.1537
    7648      47.5665
    7649      48.3191
    7650      49.4233
    7651      50.3503
    7652      50.1167
    7653      50.2540
    7654      49.9379
    7655      48.6928
    7656      46.1809
    7657      49.3183
    7658      50.9460
    7659      48.5761
    7660      45.6299
    7661      48.2285
    7662      48.7130
    7663      51.3899
    7664      48.6561
    7665      50.0581
    7666      51.0752
    7667      47.8734
    7668      46.4817
    7669      48.6430
    7670      51.5657
    7671      53.0375
    7672      55.7690
    7673      55.4825
    7674      54.7364
    7675      52.1358
    7676      50.7467
    7677      46.9596
    7678      46.5033
    7679      50.6950
    7680      49.3735
    7681      49.1539
    7682      51.9812
    7683      49.6516
    7684      44.9495
    7685      46.4143
    7686      44.4637
    7687      45.4216
    7688      47.4477
    7689      45.2680
    7690      46.5381
    7691      50.4904
    7692      49.7529
    7693      47.8875
    7694      49.1615
    7695      51.1389
    7696      55.8266
    7697      55.6648
    7698      58.3955
    7699      55.3401
    7700      55.3491
    7701      53.0332
    7702      51.7261
    7703      51.9481
    7704      52.1433
    7705      47.2572
    7706      49.2342
    7707      50.1442
    7708      55.4813
    7709      50.9436
    7710      53.3230
    7711      53.1119
    7712      54.5222
    7713      51.7670
    7714      49.4160
    7715      49.4824
    7716      47.8553
    7717      45.3417
    7718      43.9663
    7719      48.7951
    7720      50.8141
    7721      49.0724
    7722      46.1456
    7723      45.9362
    7724      46.8586
    7725      49.5811
    7726      45.7004
    7727      48.1226
    7728      45.5513
    7729      44.9465
    7730      44.7001
    7731      42.0657
    7732      43.0271
    7733      48.3938
    7734      52.7866
    7735      52.6495
    7736      47.0442
    7737      45.6218
    7738      43.4545
    7739      47.2949
    7740      48.6967
    7741      45.1214
    7742      43.0560
    7743      44.1661
    7744      44.0032
    7745      46.9767
    7746      47.7674
    7747      51.7769
    7748      47.3530
    7749      47.5935
    7750      50.3075
    7751      51.6658
    7752      53.3997
    7753      51.5744
    7754      43.8653
    7755      45.2811
    7756      46.8036
    7757      49.9486
    7758      48.2744
    7759      51.2161
    7760      50.8292
    7761      53.4496
    7762      51.5047
    7763      55.6345
    7764      58.7666
    7765      55.1829
    7766      55.3637
    7767      58.0817
    7768      58.3797
    7769      56.4963
    7770      58.4130
    7771      56.1772
    7772      60.5108
    7773      53.8146
    7774      56.6504
    7775      53.0293
    7776      56.1014
    7777      53.7389
    7778      53.3802
    7779      55.6498
    7780      55.3496
    7781      55.2236
    7782      53.3193
    7783      50.7773
    7784      54.0780
    7785      54.5746
    7786      50.9020
    7787      49.0265
    7788      50.2378
    7789      49.5368
    7790      49.1791
    7791      51.0976
    7792      52.2114
    7793      52.5189
    7794      52.3512
    7795      53.3317
    7796      50.9392
    7797      49.6016
    7798      48.7695
    7799      46.0557
    7800      42.9856
    7801      48.8684
    7802      47.5702
    7803      47.2817
    7804      46.3203
    7805      43.9860
    7806      46.3844
    7807      44.2425
    7808      44.8668
    7809      44.1012
    7810      49.1890
    7811      48.4983
    7812      52.5412
    7813      46.4385
    7814      45.6024
    7815      42.7946
    7816      41.6866
    7817      41.9909
    7818      45.0629
    7819      47.9806
    7820      43.4559
    7821      48.3640
    7822      49.1353
    7823      45.1155
    7824      48.3345
    7825      49.8213
    7826      53.5307
    7827      50.7248
    7828      52.4476
    7829      54.9477
    7830      54.3780
    7831      49.5563
    7832      46.8554
    7833      47.4244
    7834      46.2653
    7835      46.5921
    7836      43.8640
    7837      43.7548
    7838      44.8590
    7839      48.3711
    7840      47.3366
    7841      45.4860
    7842      42.2862
    7843      41.7514
    7844      46.3759
    7845      48.4197
    7846      46.9779
    7847      45.4741
    7848      43.9929
    7849      45.0243
    7850      48.1309
    7851      47.3806
    7852      51.4368
    7853      52.9839
    7854      53.5127
    7855      53.7994
    7856      50.1181
    7857      52.6257
    7858      50.9006
    7859      53.5095
    7860      49.4077
    7861      48.0921
    7862      47.2633
    7863      48.0513
    7864      50.1203
    7865      49.8320
    7866      49.8934
    7867      46.9538
    7868      50.5360
    7869      51.8051
    7870      48.9608
    7871      49.8907
    7872      51.7820
    7873      47.4301
    7874      45.2869
    7875      44.1534
    7876      44.7050
    7877      48.8571
    7878      45.1044
    7879      52.4086
    7880      49.7069
    7881      52.9135
    7882      52.5441
    7883      49.4683
    7884      54.2514
    7885      53.3562
    7886      56.6871
    7887      52.0825
    7888      51.8314
    7889      53.3108
    7890      52.2860
    7891      49.0998
    7892      47.1482
    7893      47.0693
    7894      44.2767
    7895      44.9013
    7896      47.2880
    7897      42.3705
    7898      43.0779
    7899      49.3685
    7900      50.8657
    7901      49.9234
    7902      53.8242
    7903      50.9082
    7904      52.7575
    7905      59.1485
    7906      53.8709
    7907      49.9583
    7908      51.9398
    7909      47.6276
    7910      44.8095
    7911      44.7129
    7912      45.1960
    7913      49.8723
    7914      50.6510
    7915      50.4854
    7916      48.7432
    7917      53.1139
    7918      51.1119
    7919      51.5735
    7920      52.4183
    7921      50.9106
    7922      50.4080
    7923      51.4496
    7924      52.9667
    7925      53.4934
    7926      52.4319
    7927      49.8051
    7928      47.4934
    7929      44.9290
    7930      45.3582
    7931      46.1531
    7932      44.0898
    7933      46.7871
    7934      44.2530
    7935      47.1365
    7936      50.8760
    7937      51.4692
    7938      55.8468
    7939      56.8694
    7940      52.4448
    7941      47.3988
    7942      46.7019
    7943      48.0148
    7944      44.7636
    7945      45.5531
    7946      47.1216
    7947      46.1154
    7948      47.6688
    7949      44.7601
    7950      44.3255
    7951      47.7532
    7952      48.4040
    7953      41.8263
    7954      45.5754
    7955      46.1053
    7956      44.3131
    7957      43.5264
    7958      38.2725
    7959      38.0205
    7960      41.9312
    7961      43.6252
    7962      43.5225
    7963      41.9572
    7964      42.9905
    7965      43.1891
    7966      42.5304
    7967      45.0208
    7968      43.1645
    7969      44.0100
    7970      42.2723
    7971      44.6880
    7972      43.0988
    7973      40.8385
    7974      36.5994
    7975      38.0355
    7976      35.8718
    7977      41.5247
    7978      44.2294
    7979      44.0336
    7980      43.2666
    7981      44.8530
    7982      44.7586
    7983      45.3631
    7984      48.8962
    7985      46.4911
    7986      44.4502
    7987      44.0801
    7988      43.3320
    7989      41.6195
    7990      47.7981
    7991      45.4009
    7992      44.4256
    7993      49.9829
    7994      51.8432
    7995      50.4050
    7996      52.2862
    7997      55.4789
    7998      58.0454
    7999      58.5935
    8000      59.8343
    8001      56.3430
    8002      53.5013
    8003      56.8720
    8004      59.0036
    8005      55.3121
    8006      55.8427
    8007      50.5009
    8008      49.5852
    8009      55.2597
    8010      56.2486
    8011      51.1360
    8012      46.3002
    8013      47.9954
    8014      50.9401
    8015      47.4735
    8016      50.0391
    8017      52.8132
    8018      55.3508
    8019      50.1210
    8020      52.5904
    8021      51.3184
    8022      49.5603
    8023      51.1473
    8024      50.7812
    8025      52.5984
    8026      50.7773
    8027      50.7622
    8028      50.5775
    8029      45.2197
    8030      46.2774
    8031      48.4398
    8032      49.2618
    8033      50.0616
    8034      52.3041
    8035      49.6616
    8036      55.4731
    8037      52.2824
    8038      47.3474
    8039      48.1435
    8040      46.6473
    8041      54.3935
    8042      56.9128
    8043      53.1418
    8044      48.7784
    8045      47.1405
    8046      43.2458
    8047      44.7040
    8048      45.9748
    8049      43.8295
    8050      46.6183
    8051      48.5178
    8052      47.1086
    8053      43.3810
    8054      45.3735
    8055      45.5659
    8056      43.2101
    8057      42.7397
    8058      46.3816
    8059      46.0140
    8060      45.8493
    8061      44.4126
    8062      44.7440
    8063      44.2616
    8064      45.1130
    8065      44.9565
    8066      45.8251
    8067      47.7751
    8068      48.3472
    8069      52.1845
    8070      46.6882
    8071      43.5592
    8072      45.2667
    8073      48.2646
    8074      48.7294
    8075      48.9056
    8076      47.3719
    8077      45.2444
    8078      43.3230
    8079      49.4151
    8080      47.4498
    8081      47.4853
    8082      48.0600
    8083      48.2741
    8084      46.2260
    8085      46.8129
    8086      45.5909
    8087      45.9375
    8088      46.5140
    8089      51.8569
    8090      46.5748
    8091      50.1933
    8092      46.9704
    8093      46.5587
    8094      49.7880
    8095      47.7910
    8096      47.9473
    8097      43.1119
    8098      45.8691
    8099      43.2650
    8100      48.6892
    8101      51.8241
    8102      53.5508
    8103      52.5447
    8104      46.7204
    8105      49.3631
    8106      49.0707
    8107      54.1985
    8108      54.7007
    8109      55.4133
    8110      55.3878
    8111      48.6288
    8112      51.4309
    8113      48.7070
    8114      50.0257
    8115      51.3413
    8116      53.2156
    8117      51.6345
    8118      49.7375
    8119      53.4126
    8120      54.5920
    8121      47.4110
    8122      41.3912
    8123      43.3587
    8124      43.0757
    8125      41.8369
    8126      44.5643
    8127      41.0826
    8128      45.8480
    8129      47.6485
    8130      48.8616
    8131      48.0892
    8132      45.9036
    8133      47.7795
    8134      47.4833
    8135      47.6573
    8136      47.4761
    8137      46.3628
    8138      49.5160
    8139      48.8060
    8140      46.4856
    8141      49.3801
    8142      48.6186
    8143      50.7593
    8144      55.7715
    8145      50.9171
    8146      49.5164
    8147      52.9589
    8148      51.4529
    8149      45.2346
    8150      49.7353
    8151      48.8002
    8152      49.4046
    8153      44.9784
    8154      47.4244
    8155      45.0224
    8156      48.5069
    8157      48.1300
    8158      47.5227
    8159      49.3628
    8160      48.8644
    8161      52.9399
    8162      54.4489
    8163      52.9661
    8164      53.6951
    8165      53.9377
    8166      55.6901
    8167      52.6374
    8168      51.0278
    8169      43.9244
    8170      47.0315
    8171      48.9071
    8172      48.4043
    8173      45.6784
    8174      45.7670
    8175      46.8772
    8176      49.4782
    8177      46.9717
    8178      47.0923
    8179      44.0508
    8180      47.0560
    8181      47.7376
    8182      46.7218
    8183      48.6019
    8184      46.3326
    8185      47.3969
    8186      48.8327
    8187      49.8675
    8188      48.3432
    8189      47.3911
    8190      45.5750
    8191      48.6130
    8192      50.2400
    8193      51.5426
    8194      53.1049
    8195      53.5660
    8196      52.8708
    8197      49.0058
    8198      49.7783
    8199      47.7997
    8200      48.3117
    8201      49.8055
    8202      48.2889
    8203      46.9408
    8204      49.5238
    8205      49.8074
    8206      47.2639
    8207      48.4791
    8208      45.8241
    8209      45.7827
    8210      47.1157
    8211      50.5195
    8212      52.4628
    8213      51.3565
    8214      52.6731
    8215      47.8562
    8216      47.5959
    8217      50.9397
    8218      45.4098
    8219      45.5269
    8220      45.2193
    8221      48.1123
    8222      44.6563
    8223      44.5711
    8224      47.6480
    8225      47.9991
    8226      52.0518
    8227      49.3315
    8228      45.7644
    8229      41.4121
    8230      47.4642
    8231      46.6997
    8232      46.7253
    8233      44.3823
    8234      50.0901
    8235      49.8580
    8236      48.8610
    8237      48.9873
    8238      47.7604
    8239      47.1776
    8240      46.3040
    8241      51.2896
    8242      49.3363
    8243      44.8847
    8244      47.6695
    8245      53.0639
    8246      52.5358
    8247      53.7318
    8248      57.3127
    8249      50.8197
    8250      50.2815
    8251      50.6186
    8252      50.7796
    8253      54.2378
    8254      57.2002
    8255      54.5271
    8256      51.3940
    8257      51.2883
    8258      51.9208
    8259      50.2570
    8260      51.0469
    8261      49.4387
    8262      47.7924
    8263      47.9019
    8264      48.9880
    8265      48.1203
    8266      43.1215
    8267      51.5510
    8268      48.9673
    8269      48.7366
    8270      47.6832
    8271      48.3233
    8272      48.2553
    8273      45.1487
    8274      44.8156
    8275      47.8239
    8276      47.3901
    8277      46.5230
    8278      48.5870
    8279      55.2261
    8280      52.1550
    8281      52.4485
    8282      52.2905
    8283      49.2757
    8284      53.7376
    8285      51.0347
    8286      48.4962
    8287      46.2776
    8288      50.6216
    8289      53.2430
    8290      52.0210
    8291      51.5205
    8292      53.6794
    8293      53.7416
    8294      53.8127
    8295      55.3911
    8296      55.1290
    8297      51.0203
    8298      50.6663
    8299      48.2268
    8300      48.4108
    8301      48.9172
    8302      52.8636
    8303      51.0416
    8304      54.5793
    8305      53.8446
    8306      49.7699
    8307      47.6484
    8308      47.1499
    8309      46.8581
    8310      49.2767
    8311      44.7823
    8312      45.4158
    8313      44.3882
    8314      45.4746
    8315      45.7526
    8316      48.0961
    8317      50.6141
    8318      48.4695
    8319      46.1615
    8320      44.9946
    8321      44.2826
    8322      46.5147
    8323      46.7745
    8324      45.3178
    8325      48.9740
    8326      45.6658
    8327      46.9485
    8328      45.9113
    8329      46.1299
    8330      45.0701
    8331      49.3950
    8332      49.6866
    8333      52.3669
    8334      52.1117
    8335      54.0679
    8336      53.1201
    8337      51.7406
    8338      52.7006
    8339      54.0826
    8340      56.4090
    8341      57.3908
    8342      55.9147
    8343      56.2305
    8344      60.8353
    8345      57.7124
    8346      57.1781
    8347      55.8387
    8348      57.1861
    8349      61.5418
    8350      65.2100
    8351      61.4102
    8352      59.4795
    8353      57.0203
    8354      60.4311
    8355      60.4757
    8356      58.6065
    8357      58.0859
    8358      53.8080
    8359      51.0976
    8360      49.5696
    8361      53.2930
    8362      49.8482
    8363      48.2764
    8364      50.1297
    8365      50.5548
    8366      51.3377
    8367      49.2098
    8368      51.1416
    8369      51.3828
    8370      48.8509
    8371      50.5229
    8372      51.7452
    8373      47.4300
    8374      49.1113
    8375      49.3591
    8376      51.6192
    8377      48.0027
    8378      49.3602
    8379      43.6271
    8380      45.1290
    8381      45.7907
    8382      44.1709
    8383      45.0598
    8384      44.2604
    8385      50.5241
    8386      52.8597
    8387      51.3647
    8388      48.7895
    8389      47.8401
    8390      42.3336
    8391      43.1076
    8392      38.5150
    8393      39.1348
    8394      42.0493
    8395      47.5930
    8396      52.2634
    8397      52.7742
    8398      51.1790
    8399      49.6509
    8400      50.9678
    8401      51.0697
    8402      49.2095
    8403      52.9767
    8404      53.8579
    8405      53.8219
    8406      52.3313
    8407      53.8762
    8408      48.3771
    8409      46.7848
    8410      47.1429
    8411      49.0128
    8412      46.3408
    8413      44.6306
    8414      46.3055
    8415      50.7757
    8416      44.9203
    8417      45.1896
    8418      46.8666
    8419      45.7719
    8420      46.7282
    8421      49.4816
    8422      49.7492
    8423      49.3747
    8424      49.1329
    8425      48.9953
    8426      47.7425
    8427      46.8642
    8428      46.8915
    8429      47.5972
    8430      50.2853
    8431      48.9948
    8432      47.5734
    8433      45.1526
    8434      48.4714
    8435      51.4174
    8436      50.7388
    8437      51.7663
    8438      49.9627
    8439      46.6178
    8440      47.0492
    8441      52.8752
    8442      52.3244
    8443      49.0939
    8444      49.7143
    8445      51.0919
    8446      47.7648
    8447      47.0954
    8448      47.7936
    8449      46.7237
    8450      46.3679
    8451      51.5063
    8452      49.4821
    8453      48.9593
    8454      48.9697
    8455      50.3203
    8456      48.1143
    8457      44.3239
    8458      43.2927
    8459      43.4866
    8460      41.3007
    8461      43.1316
    8462      46.6507
    8463      44.4745
    8464      47.6707
    8465      46.5277
    8466      46.6008
    8467      45.1923
    8468      44.7889
    8469      49.1172
    8470      46.2967
    8471      46.2230
    8472      47.7322
    8473      48.3154
    8474      45.7819
    8475      50.3986
    8476      49.8665
    8477      49.6524
    8478      46.1298
    8479      45.9284
    8480      45.1316
    8481      47.3334
    8482      52.2232
    8483      48.7992
    8484      48.8800
    8485      49.0144
    8486      50.9901
    8487      54.3684
    8488      48.3174
    8489      47.5119
    8490      47.6130
    8491      50.0040
    8492      51.4238
    8493      49.1236
    8494      47.3881
    8495      49.9061
    8496      48.3978
    8497      43.0211
    8498      48.1757
    8499      48.5441
    8500      48.3880
    8501      51.3734
    8502      53.4660
    8503      49.0439
    8504      47.0340
    8505      49.0730
    8506      52.6383
    8507      53.3089
    8508      55.6139
    8509      56.9825
    8510      55.9074
    8511      53.4278
    8512      51.1498
    8513      52.2377
    8514      48.9590
    8515      50.1299
    8516      48.3442
    8517      47.4299
    8518      49.3231
    8519      53.8297
    8520      50.6551
    8521      47.7422
    8522      48.5452
    8523      49.0195
    8524      51.7684
    8525      48.9937
    8526      49.6719
    8527      51.6568
    8528      56.9708
    8529      59.7728
    8530      56.7446
    8531      55.7701
    8532      57.6839
    8533      51.4460
    8534      51.0824
    8535      49.8782
    8536      51.5664
    8537      49.6201
    8538      50.9992
    8539      47.2674
    8540      49.3945
    8541      49.1499
    8542      46.6375
    8543      48.6955
    8544      46.8178
    8545      50.4654
    8546      52.1399
    8547      49.1091
    8548      49.7469
    8549      51.8086
    8550      49.2135
    8551      47.8670
    8552      51.9284
    8553      51.6732
    8554      52.4718
    8555      50.1052
    8556      51.3106
    8557      54.5066
    8558      49.8967
    8559      50.6161
    8560      48.1146
    8561      42.9036
    8562      46.1668
    8563      46.0727
    8564      43.3729
    8565      45.9775
    8566      46.6945
    8567      49.4166
    8568      49.3187
    8569      46.4747
    8570      47.7070
    8571      46.9020
    8572      48.4650
    8573      47.9527
    8574      48.4568
    8575      51.6325
    8576      54.1402
    8577      53.5144
    8578      49.0482
    8579      44.2746
    8580      46.4392
    8581      42.5691
    8582      46.9894
    8583      49.4905
    8584      43.2642
    8585      43.2329
    8586      41.5616
    8587      42.2542
    8588      44.7741
    8589      49.7251
    8590      49.2504
    8591      48.8321
    8592      51.5636
    8593      45.9013
    8594      50.6562
    8595      53.3504
    8596      53.8507
    8597      47.8676
    8598      51.7520
    8599      51.2949
    8600      51.9235
    8601      47.9294
    8602      49.2029
    8603      47.6565
    8604      43.2763
    8605      44.1692
    8606      45.8490
    8607      45.8523
    8608      46.3399
    8609      47.8315
    8610      49.2989
    8611      49.8660
    8612      47.7893
    8613      49.0451
    8614      48.1390
    8615      47.6853
    8616      48.1202
    8617      49.8291
    8618      51.5250
    8619      47.9582
    8620      44.3318
    8621      43.8490
    8622      48.7801
    8623      47.4091
    8624      49.4627
    8625      44.7282
    8626      44.5562
    8627      46.6568
    8628      47.1399
    8629      47.0571
    8630      51.9617
    8631      51.7567
    8632      53.1233
    8633      53.3976
    8634      48.7840
    8635      52.3236
    8636      50.3577
    8637      54.3322
    8638      49.7067
    8639      49.6401
    8640      46.4335
    8641      46.5505
    8642      44.4440
    8643      49.0944
    8644      48.6367
    8645      50.0321
    8646      50.3947
    8647      47.6272
    8648      49.0356
    8649      50.5152
    8650      48.8854
    8651      53.2013
    8652      53.7428
    8653      44.7838
    8654      44.1893
    8655      46.6710
    8656      45.0444
    8657      47.5930
    8658      53.9989
    8659      56.3652
    8660      51.6956
    8661      52.2656
    8662      54.8773
    8663      50.0399
    8664      50.9519
    8665      52.5555
    8666      54.0626
    8667      53.2865
    8668      52.3730
    8669      48.0209
    8670      45.7139
    8671      43.2045
    8672      46.2092
    8673      45.2923
    8674      46.2585
    8675      47.9310
    8676      50.7992
    8677      50.2266
    8678      50.2265
    8679      49.1402
    8680      50.1596
    8681      49.5764
    8682      49.0480
    8683      51.9553
    8684      51.6337
    8685      52.5242
    8686      51.6958
    8687      47.6749
    8688      50.3168
    8689      50.8389
    8690      45.8115
    8691      48.3987
    8692      52.8954
    8693      49.4135
    8694      52.3329
    8695      49.7977
    8696      49.8128
    8697      47.8742
    8698      53.1962
    8699      50.0288
    8700      47.0042
    8701      44.9302
    8702      45.2903
    8703      43.1868
    8704      45.5892
    8705      44.2984
    8706      41.9021
    8707      43.1858
    8708      45.6471
    8709      45.1828
    8710      46.5998
    8711      45.8001
    8712      44.4395
    8713      44.0230
    8714      45.9746
    8715      45.7600
    8716      45.9522
    8717      42.2402
    8718      43.8453
    8719      45.3025
    8720      47.3884
    8721      44.2997
    8722      43.0384
    8723      43.7547
    8724      44.0086
    8725      44.8027
    8726      45.9844
    8727      45.6930
    8728      44.9239
    8729      47.1747
    8730      45.3685
    8731      43.9976
    8732      48.9046
    8733      47.7571
    8734      45.5086
    8735      50.1029
    8736      52.9957
    8737      54.6635
    8738      54.9174
    8739      52.9998
    8740      50.1179
    8741      48.9298
    8742      50.6432
    8743      50.4357
    8744      50.5508
    8745      50.5960
    8746      49.4022
    8747      44.8994
    8748      48.5459
    8749      47.8183
    8750      46.5639
    8751      46.6880
    8752      46.4431
    8753      44.4748
    8754      44.7914
    8755      43.5949
    8756      45.0288
    8757      45.7061
    8758      43.6140
    8759      46.9622
    8760      45.8915
    8761      44.1322
    8762      43.6706
    8763      46.4933
    8764      45.7850
    8765      44.4256
    8766      48.4073
    8767      49.4895
    8768      50.1353
    8769      51.2520
    8770      50.4408
    8771      49.7896
    8772      46.1271
    8773      42.5115
    8774      39.9251
    8775      45.1464
    8776      47.9347
    8777      48.6979
    8778      49.3861
    8779      51.2946
    8780      49.1935
    8781      49.5527
    8782      49.8095
    8783      47.8347
    8784      45.6880
    8785      46.9071
    8786      46.9655
    8787      45.0128
    8788      47.6028
    8789      48.0620
    8790      46.5972
    8791      44.3419
    8792      45.3341
    8793      50.1204
    8794      49.7468
    8795      45.0895
    8796      46.6817
    8797      43.8028
    8798      43.3206
    8799      43.6314
    8800      47.8773
    8801      48.5042
    8802      49.6619
    8803      48.4762
    8804      48.4587
    8805      45.4669
    8806      46.0522
    8807      45.5823
    8808      49.0939
    8809      50.2756
    8810      47.6608
    8811      48.0091
    8812      46.6109
    8813      47.8342
    8814      42.2100
    8815      47.9448
    8816      51.2312
    8817      52.1021
    8818      52.8969
    8819      50.2401
    8820      48.7272
    8821      49.5389
    8822      49.5017
    8823      50.2011
    8824      48.2302
    8825      48.2178
    8826      52.8961
    8827      50.0927
    8828      48.2969
    8829      45.7165
    8830      50.9769
    8831      52.9372
    8832      53.4465
    8833      55.8846
    8834      56.7706
    8835      54.1268
    8836      53.2913
    8837      58.0367
    8838      55.8946
    8839      52.2140
    8840      52.2193
    8841      49.4492
    8842      50.0401
    8843      48.5761
    8844      45.4723
    8845      42.3366
    8846      48.6450
    8847      50.2166
    8848      51.7785
    8849      49.9327
    8850      49.8759
    8851      52.7250
    8852      50.9431
    8853      48.9506
    8854      46.5378
    8855      43.9675
    8856      45.8679
    8857      49.2375
    8858      46.4545
    8859      44.4837
    8860      45.1337
    8861      44.1203
    8862      46.6237
    8863      46.9620
    8864      44.1527
    8865      44.5989
    8866      48.3155
    8867      43.8036
    8868      42.3379
    8869      42.9684
    8870      44.3808
    8871      45.5206
    8872      43.0091
    8873      45.8362
    8874      43.5697
    8875      41.8497
    8876      45.0024
    8877      44.0253
    8878      44.5711
    8879      44.3448
    8880      44.2066
    8881      44.9319
    8882      44.1001
    8883      44.9423
    8884      45.9203
    8885      41.3052
    8886      40.0250
    8887      42.8611
    8888      45.8033
    8889      44.8463
    8890      45.0380
    8891      46.2609
    8892      46.8050
    8893      43.7983
    8894      45.3354
    8895      43.9656
    8896      45.5360
    8897      44.9461
    8898      46.0288
    8899      47.4423
    8900      49.0925
    8901      42.2557
    8902      47.6519
    8903      45.1321
    8904      43.8241
    8905      43.8920
    8906      44.3544
    8907      43.5000
    8908      47.2157
    8909      49.3720
    8910      48.6613
    8911      51.3755
    8912      54.1167
    8913      52.9343
    8914      51.2196
    8915      46.4332
    8916      47.4354
    8917      48.1910
    8918      46.9508
    8919      47.0590
    8920      48.0865
    8921      46.3833
    8922      46.5759
    8923      49.9684
    8924      47.8887
    8925      44.9643
    8926      45.8463
    8927      46.4580
    8928      44.4150
    8929      45.6488
    8930      45.5758
    8931      46.9810
    8932      46.6388
    8933      48.8109
    8934      47.8027
    8935      46.8315
    8936      46.0494
    8937      43.5651
    8938      44.5696
    8939      44.8184
    8940      47.3643
    8941      47.3678
    8942      52.6164
    8943      50.9363
    8944      46.1851
    8945      45.6938
    8946      50.9189
    8947      50.8359
    8948      52.0877
    8949      51.4944
    8950      55.0910
    8951      54.4409
    8952      46.5653
    8953      46.9902
    8954      46.1860
    8955      47.3894
    8956      44.6391
    8957      43.1416
    8958      45.0145
    8959      45.4901
    8960      50.2341
    8961      47.0097
    8962      51.1091
    8963      51.9234
    8964      50.2583
    8965      47.0256
    8966      43.3132
    8967      45.6931
    8968      43.5320
    8969      43.2269
    8970      43.4164
    8971      44.5234
    8972      45.6218
    8973      43.8797
    8974      42.8372
    8975      45.3067
    8976      43.4469
    8977      47.3236
    8978      46.9666
    8979      45.3885
    8980      43.1284
    8981      46.1344
    8982      50.7959
    8983      43.2900
    8984      45.7057
    8985      47.6749
    8986      44.1233
    8987      41.9414
    8988      46.4093
    8989      43.8747
    8990      41.4502
    8991      43.2066
    8992      45.6113
    8993      46.0206
    8994      44.1602
    8995      46.5263
    8996      45.2429
    8997      44.7902
    8998      45.3605
    8999      45.1373
    9000      45.0425
    9001      46.1036
    9002      45.7723
    9003      45.1163
    9004      43.6383
    9005      48.5949
    9006      47.4387
    9007      45.0484
    9008      42.7779
    9009      43.4240
    9010      41.0902
    9011      41.7756
    9012      43.4775
    9013      43.1788
    9014      44.2088
    9015      48.1849
    9016      49.2476
    9017      46.9494
    9018      49.4344
    9019      50.0749
    9020      52.1361
    9021      47.5208
    9022      49.1900
    9023      46.6050
    9024      49.9677
    9025      50.8667
    9026      51.1130
    9027      54.7696
    9028      56.8733
    9029      57.2262
    9030      54.5980
    9031      58.5241
    9032      59.7071
    9033      58.5084
    9034      53.3998
    9035      46.2374
    9036      47.4508
    9037      48.6704
    9038      49.3058
    9039      51.1850
    9040      49.8932
    9041      46.3446
    9042      41.6822
    9043      43.4251
    9044      41.5404
    9045      47.1630
    9046      42.8603
    9047      44.5496
    9048      42.8260
    9049      47.7196
    9050      49.9471
    9051      43.8695
    9052      45.6868
    9053      43.2004
    9054      47.5019
    9055      46.7421
    9056      48.8492
    9057      44.2705
    9058      46.0361
    9059      45.7099
    9060      49.7187
    9061      49.4714
    9062      53.5300
    9063      53.1249
    9064      52.1345
    9065      52.9909
    9066      50.7747
    9067      49.5139
    9068      53.1817
    9069      54.2901
    9070      50.2614
    9071      50.1500
    9072      46.9806
    9073      47.0199
    9074      49.7799
    9075      52.4123
    9076      52.8793
    9077      53.2250
    9078      50.7312
    9079      51.5457
    9080      52.5649
    9081      52.2323
    9082      51.5213
    9083      52.4676
    9084      50.2061
    9085      50.2808
    9086      47.9210
    9087      46.8821
    9088      51.3054
    9089      51.0664
    9090      46.7104
    9091      45.2067
    9092      46.9041
    9093      48.0352
    9094      48.3733
    9095      45.3790
    9096      46.6847
    9097      46.1780
    9098      48.3899
    9099      45.0987
    9100      48.3122
    9101      47.4494
    9102      48.2700
    9103      46.5127
    9104      48.9114
    9105      52.0131
    9106      47.9065
    9107      49.3651
    9108      48.2248
    9109      48.4790
    9110      52.7348
    9111      52.4658
    9112      51.3440
    9113      50.5657
    9114      51.4281
    9115      50.8390
    9116      47.6837
    9117      45.2130
    9118      45.0858
    9119      44.3371
    9120      49.3062
    9121      47.1023
    9122      48.5895
    9123      46.4753
    9124      49.0309
    9125      46.5869
    9126      48.8844
    9127      49.4888
    9128      47.4352
    9129      48.9018
    9130      50.8842
    9131      48.6511
    9132      50.7441
    9133      53.7115
    9134      54.5239
    9135      53.8412
    9136      49.8494
    9137      47.9992
    9138      51.3984
    9139      49.9687
    9140      48.7321
    9141      50.1616
    9142      50.9056
    9143      52.3348
    9144      50.3854
    9145      48.9268
    9146      51.7294
    9147      52.2465
    9148      48.6249
    9149      50.4079
    9150      52.3817
    9151      51.2792
    9152      51.8197
    9153      53.0634
    9154      51.8547
    9155      51.3092
    9156      47.7636
    9157      46.3062
    9158      49.6528
    9159      51.2545
    9160      50.7338
    9161      48.7340
    9162      48.5008
    9163      52.7707
    9164      47.6698
    9165      51.5483
    9166      51.3860
    9167      48.5208
    9168      48.8519
    9169      47.7417
    9170      47.8595
    9171      49.3838
    9172      50.1858
    9173      45.4619
    9174      43.7914
    9175      47.3956
    9176      45.0860
    9177      47.9931
    9178      47.5714
    9179      46.3697
    9180      48.4410
    9181      47.7782
    9182      53.2086
    9183      50.3470
    9184      48.4810
    9185      47.0528
    9186      46.2216
    9187      46.8210
    9188      44.7286
    9189      45.5585
    9190      48.7732
    9191      49.3138
    9192      48.0639
    9193      46.6299
    9194      44.6610
    9195      45.4064
    9196      45.0761
    9197      43.6712
    9198      45.0069
    9199      43.2084
    9200      46.1482
    9201      45.3469
    9202      46.6650
    9203      44.6197
    9204      47.5622
    9205      45.6917
    9206      44.7980
    9207      44.9986
    9208      49.7194
    9209      45.2613
    9210      47.9567
    9211      47.0602
    9212      47.6026
    9213      47.3962
    9214      47.4615
    9215      44.4150
    9216      44.3457
    9217      47.4431
    9218      45.2202
    9219      40.3782
    9220      45.6942
    9221      44.5856
    9222      44.4604
    9223      46.9832
    9224      45.9694
    9225      48.1929
    9226      45.9122
    9227      46.7570
    9228      48.9404
    9229      47.0473
    9230      46.0680
    9231      48.8839
    9232      45.0846
    9233      45.8876
    9234      50.9914
    9235      55.3825
    9236      51.6501
    9237      51.2007
    9238      50.8482
    9239      52.0504
    9240      51.2981
    9241      47.9932
    9242      50.6353
    9243      52.5405
    9244      55.0812
    9245      60.5330
    9246      61.4936
    9247      58.7428
    9248      61.3486
    9249      59.7886
    9250      55.4218
    9251      52.1964
    9252      50.6396
    9253      47.6896
    9254      49.8196
    9255      47.7922
    9256      46.2876
    9257      45.1392
    9258      48.7274
    9259      50.0272
    9260      48.7197
    9261      50.8314
    9262      46.7072
    9263      43.0772
    9264      47.8569
    9265      52.8453
    9266      55.9075
    9267      54.0199
    9268      51.3733
    9269      45.0796
    9270      45.7369
    9271      44.5882
    9272      45.2588
    9273      45.5833
    9274      46.1324
    9275      43.3941
    9276      47.7564
    9277      50.8943
    9278      49.0686
    9279      50.0513
    9280      54.5138
    9281      49.6251
    9282      45.5085
    9283      45.7961
    9284      43.9545
    9285      45.6825
    9286      47.4500
    9287      48.8263
    9288      50.6758
    9289      49.2950
    9290      50.6571
    9291      47.6705
    9292      45.3161
    9293      51.2635
    9294      49.9725
    9295      51.5063
    9296      50.3986
    9297      52.1803
    9298      50.9016
    9299      54.5301
    9300      53.8998
    9301      50.5223
    9302      54.4105
    9303      56.4022
    9304      51.5698
    9305      52.5071
    9306      48.2231
    9307      45.9621
    9308      47.0374
    9309      45.3301
    9310      45.4289
    9311      45.4327
    9312      51.4647
    9313      49.4015
    9314      49.4365
    9315      51.1279
    9316      47.0579
    9317      45.8110
    9318      44.9081
    9319      43.8947
    9320      47.0783
    9321      51.2242
    9322      51.9266
    9323      54.4682
    9324      47.8593
    9325      46.8309
    9326      49.0553
    9327      46.0650
    9328      45.4945
    9329      41.9600
    9330      46.2213
    9331      51.5695
    9332      54.5296
    9333      49.4183
    9334      50.8056
    9335      49.8780
    9336      49.4354
    9337      46.5321
    9338      44.0195
    9339      47.6091
    9340      50.2001
    9341      45.2380
    9342      46.0720
    9343      49.2240
    9344      48.1648
    9345      46.1093
    9346      46.3757
    9347      44.5571
    9348      46.4828
    9349      45.2697
    9350      47.2193
    9351      44.9690
    9352      49.0861
    9353      50.2971
    9354      49.2715
    9355      48.9878
    9356      49.0326
    9357      46.0003
    9358      50.1028
    9359      46.3644
    9360      46.4223
    9361      47.4887
    9362      46.2832
    9363      49.5891
    9364      46.7151
    9365      45.7514
    9366      46.5126
    9367      44.7891
    9368      44.8892
    9369      48.5432
    9370      50.0914
    9371      52.0282
    9372      45.5757
    9373      43.7296
    9374      44.4557
    9375      47.9002
    9376      52.3834
    9377      51.0631
    9378      51.4037
    9379      46.3832
    9380      46.4204
    9381      49.1429
    9382      51.3785
    9383      53.0784
    9384      55.7828
    9385      51.9167
    9386      52.2452
    9387      50.4874
    9388      48.9339
    9389      53.0637
    9390      48.6016
    9391      50.5202
    9392      49.5118
    9393      47.9928
    9394      50.1972
    9395      48.5663
    9396      47.8526
    9397      48.7092
    9398      45.2347
    9399      45.2764
    9400      46.1655
    9401      49.5744
    9402      50.2758
    9403      55.6311
    9404      54.1654
    9405      52.6987
    9406      56.5271
    9407      51.0441
    9408      50.2206
    9409      50.2166
    9410      47.7950
    9411      52.4955
    9412      49.1442
    9413      49.5906
    9414      51.1961
    9415      49.8261
    9416      48.4101
    9417      47.8414
    9418      47.0398
    9419      46.7687
    9420      48.4866
    9421      51.6679
    9422      52.9130
    9423      51.1821
    9424      53.1430
    9425      48.8424
    9426      49.0686
    9427      48.0899
    9428      47.3341
    9429      48.6915
    9430      50.1246
    9431      50.0041
    9432      48.9798
    9433      48.3309
    9434      47.3749
    9435      48.8451
    9436      49.6946
    9437      47.6496
    9438      51.5257
    9439      44.7352
    9440      44.5867
    9441      49.4314
    9442      46.2488
    9443      43.6392
    9444      50.0927
    9445      49.4215
    9446      46.5573
    9447      49.0562
    9448      49.8837
    9449      49.6942
    9450      46.3567
    9451      45.8026
    9452      49.2093
    9453      51.3334
    9454      48.1183
    9455      49.1323
    9456      48.3451
    9457      50.3931
    9458      50.8142
    9459      48.9098
    9460      46.4661
    9461      48.2821
    9462      50.4629
    9463      49.7180
    9464      49.4111
    9465      46.9656
    9466      48.3570
    9467      47.8657
    9468      47.2800
    9469      47.6446
    9470      48.5529
    9471      48.1929
    9472      49.5208
    9473      45.4112
    9474      45.6516
    9475      46.1279
    9476      45.3118
    9477      48.6903
    9478      52.1243
    9479      53.0234
    9480      49.8704
    9481      48.3267
    9482      45.2346
    9483      45.4102
    9484      46.1226
    9485      45.4833
    9486      47.0109
    9487      43.9537
    9488      48.1885
    9489      46.2570
    9490      41.5079
    9491      46.0013
    9492      44.6666
    9493      44.9380
    9494      42.1470
    9495      46.7253
    9496      46.0127
    9497      41.4627
    9498      43.9160
    9499      44.4346
    9500      45.5133
    9501      46.6954
    9502      44.5884
    9503      44.4079
    9504      41.9218
    9505      44.5428
    9506      47.1303
    9507      45.6088
    9508      45.8900
    9509      49.0411
    9510      42.5084
    9511      42.3027
    9512      44.0826
    9513      45.5443
    9514      42.3344
    9515      40.8639
    9516      42.9082
    9517      45.5001
    9518      40.9564
    9519      42.4405
    9520      46.8675
    9521      45.2882
    9522      44.3018
    9523      45.3295
    9524      45.1541
    9525      44.0960
    9526      47.5664
    9527      49.0457
    9528      50.1880
    9529      49.8948
    9530      47.0841
    9531      48.6029
    9532      51.1004
    9533      51.0917
    9534      48.2251
    9535      51.7906
    9536      55.1125
    9537      56.8280
    9538      52.2681
    9539      51.6220
    9540      52.2218
    9541      52.1102
    9542      53.7959
    9543      55.3468
    9544      54.3086
    9545      54.1198
    9546      51.9712
    9547      52.8321
    9548      55.0565
    9549      54.4453
    9550      53.7934
    9551      47.1133
    9552      45.2130
    9553      47.3872
    9554      52.5863
    9555      49.0295
    9556      49.1914
    9557      52.9836
    9558      53.0398
    9559      51.7052
    9560      53.9409
    9561      51.5601
    9562      52.8241
    9563      53.6475
    9564      56.6008
    9565      54.0325
    9566      51.8410
    9567      47.0739
    9568      46.1783
    9569      48.0954
    9570      47.7278
    9571      51.6411
    9572      54.9674
    9573      52.4461
    9574      48.7199
    9575      54.5067
    9576      51.2820
    9577      50.0988
    9578      44.3673
    9579      40.6219
    9580      41.8303
    9581      42.8634
    9582      47.4277
    9583      45.4851
    9584      45.7547
    9585      47.6622
    9586      47.5346
    9587      46.6709
    9588      46.7820
    9589      45.8998
    9590      43.1773
    9591      40.1259
    9592      45.7126
    9593      45.9161
    9594      48.3702
    9595      50.2643
    9596      48.7923
    9597      52.3432
    9598      57.1413
    9599      57.8942
    9600      60.6167
    9601      60.8543
    9602      59.2049
    9603      59.2047
    9604      58.1660
    9605      59.4142
    9606      60.8884
    9607      58.9863
    9608      57.9503
    9609      57.0784
    9610      61.1700
    9611      60.2786
    9612      50.6753
    9613      49.2612
    9614      46.9957
    9615      51.4150
    9616      52.3706
    9617      58.6518
    9618      60.3359
    9619      56.2725
    9620      57.5902
    9621      55.2529
    9622      55.6255
    9623      58.0493
    9624      56.3758
    9625      56.9561
    9626      54.8154
    9627      45.6281
    9628      45.8194
    9629      46.5507
    9630      44.7532
    9631      46.4196
    9632      46.1131
    9633      45.8469
    9634      46.7854
    9635      47.7044
    9636      47.6410
    9637      51.7668
    9638      53.8214
    9639      53.1587
    9640      54.7116
    9641      53.2656
    9642      53.9448
    9643      52.9775
    9644      50.7558
    9645      56.5081
    9646      56.4763
    9647      55.8354
    9648      53.6372
    9649      49.3567
    9650      51.2917
    9651      48.6199
    9652      46.8752
    9653      45.4250
    9654      45.7911
    9655      48.4695
    9656      47.7483
    9657      46.9124
    9658      47.2871
    9659      46.7469
    9660      48.9980
    9661      45.3002
    9662      48.0450
    9663      48.9427
    9664      49.6504
    9665      49.0706
    9666      47.1325
    9667      47.5072
    9668      48.3010
    9669      48.4702
    9670      48.2570
    9671      49.3444
    9672      48.2865
    9673      46.3412
    9674      44.7746
    9675      47.8849
    9676      47.7973
    9677      45.9069
    9678      44.4390
    9679      46.9157
    9680      50.2571
    9681      47.4170
    9682      49.6999
    9683      47.3428
    9684      48.1289
    9685      48.2626
    9686      47.3534
    9687      47.7389
    9688      44.1812
    9689      42.8750
    9690      45.4094
    9691      44.8759
    9692      44.3687
    9693      48.6440
    9694      46.7912
    9695      48.1529
    9696      48.3564
    9697      48.1435
    9698      52.0345
    9699      52.3793
    9700      55.6257
    9701      52.8481
    9702      53.8414
    9703      51.1739
    9704      52.5314
    9705      51.2291
    9706      51.5305
    9707      50.7775
    9708      53.5251
    9709      53.3259
    9710      55.5377
    9711      59.4914
    9712      57.0071
    9713      54.3437
    9714      50.6022
    9715      49.0029
    9716      50.7247
    9717      52.4633
    9718      51.5760
    9719      54.6198
    9720      57.3208
    9721      54.7911
    9722      59.2165
    9723      61.5137
    9724      58.0277
    9725      56.2650
    9726      52.4912
    9727      55.4162
    9728      53.1397
    9729      53.3664
    9730      51.8381
    9731      47.9858
    9732      48.6311
    9733      50.7017
    9734      56.9962
    9735      51.9688
    9736      51.9480
    9737      50.9450
    9738      51.3867
    9739      50.5888
    9740      50.1406
    9741      47.9299
    9742      48.1605
    9743      46.5732
    9744      48.9683
    9745      47.5701
    9746      49.3892
    9747      53.8953
    9748      50.8412
    9749      52.7072
    9750      48.7040
    9751      47.3030
    9752      49.1881
    9753      48.7977
    9754      49.7985
    9755      50.6018
    9756      51.4008
    9757      52.8755
    9758      53.2733
    9759      52.9547
    9760      53.1845
    9761      47.4300
    9762      46.0869
    9763      46.2690
    9764      48.3508
    9765      46.3292
    9766      48.3020
    9767      53.1511
    9768      55.1343
    9769      53.1003
    9770      49.6096
    9771      51.6071
    9772      47.1572
    9773      47.2861
    9774      48.7650
    9775      47.5197
    9776      47.4275
    9777      52.0418
    9778      48.9660
    9779      49.3470
    9780      47.2579
    9781      46.9992
    9782      52.5185
    9783      54.1063
    9784      52.2631
    9785      55.9251
    9786      54.8810
    9787      50.6197
    9788      51.6511
    9789      55.4609
    9790      51.7424
    9791      52.5998
    9792      56.9546
    9793      56.5827
    9794      56.3512
    9795      54.7542
    9796      53.5074
    9797      54.4894
    9798      55.8489
    9799      56.8920
    9800      54.1981
    9801      52.1128
    9802      51.4469
    9803      45.2356
    9804      49.8438
    9805      49.7882
    9806      47.1334
    9807      47.1485
    9808      48.5175
    9809      47.8659
    9810      48.1665
    9811      48.2473
    9812      44.6068
    9813      49.4644
    9814      51.0675
    9815      50.9250
    9816      53.8765
    9817      52.2435
    9818      49.5248
    9819      47.7618
    9820      47.5986
    9821      48.4195
    9822      49.7136
    9823      43.7225
    9824      43.3731
    9825      45.3764
    9826      44.4403
    9827      45.8424
    9828      50.6995
    9829      46.9781
    9830      46.9066
    9831      50.3455
    9832      51.2442
    9833      50.9253
    9834      50.6367
    9835      49.9706
    9836      55.2829
    9837      54.6061
    9838      54.5907
    9839      53.4790
    9840      49.6552
    9841      51.6451
    9842      50.1608
    9843      57.1911
    9844      60.6328
    9845      61.5477
    9846      56.8228
    9847      49.7517
    9848      53.1784
    9849      52.7074
    9850      52.5623
    9851      48.8057
    9852      45.5087
    9853      47.0820
    9854      45.7119
    9855      48.1311
    9856      50.4761
    9857      49.9955
    9858      52.0757
    9859      52.4404
    9860      54.1578
    9861      56.2982
    9862      59.1413
    9863      56.6483
    9864      57.7714
    9865      59.3188
    9866      58.3148
    9867      55.4409
    9868      52.9856
    9869      55.5400
    9870      52.6392
    9871      50.5427
    9872      51.8017
    9873      52.6213
    9874      50.8977
    9875      52.7125
    9876      51.3818
    9877      51.8391
    9878      53.7763
    9879      53.8766
    9880      49.3011
    9881      51.7653
    9882      49.5706
    9883      48.8148
    9884      49.4754
    9885      50.1555
    9886      49.3722
    9887      52.0543
    9888      50.8758
    9889      49.6223
    9890      47.4244
    9891      44.8257
    9892      48.4852
    9893      46.9702
    9894      49.6616
    9895      52.7281
    9896      58.1227
    9897      64.3183
    9898      64.1171
    9899      60.5298
    9900      59.7579
    9901      57.5131
    9902      60.2963
    9903      61.9823
    9904      60.9195
    9905      59.8323
    9906      55.9609
    9907      52.1848
    9908      52.2988
    9909      53.9500
    9910      52.1384
    9911      51.4740
    9912      58.5461
    9913      56.8577
    9914      56.1596
    9915      56.4683
    9916      63.3202
    9917      60.3238
    9918      61.4962
    9919      59.8845
    9920      56.6352
    9921      56.9486
    9922      54.4411
    9923      55.5260
    9924      53.7276
    9925      53.7371
    9926      52.0851
    9927      57.4683
    9928      53.9314
    9929      54.5542
    9930      51.3279
    9931      53.7029
    9932      52.0499
    9933      50.0177
    9934      49.8712
    9935      49.0300
    9936      47.3162
    9937      47.3863
    9938      47.6723
    9939      51.3820
    9940      51.3608
    9941      48.0539
    9942      51.3917
    9943      51.9574
    9944      49.1898
    9945      46.6209
    9946      49.1709
    9947      50.8706
    9948      51.1688
    9949      49.8786
    9950      50.4797
    9951      50.2183
    9952      51.6331
    9953      52.6348
    9954      50.7151
    9955      46.8706
    9956      52.9977
    9957      48.8352
    9958      51.9253
    9959      48.0231
    9960      51.4946
    9961      52.5201
    9962      48.3371
    9963      45.6260
    9964      44.5879
    9965      44.9527
    9966      42.0589
    9967      45.7439
    9968      42.5133
    9969      45.4395
    9970      44.1687
    9971      47.1943
    9972      50.2161
    9973      48.0478
    9974      44.7749
    9975      44.7014
    9976      46.7244
    9977      45.3794
    9978      45.8354
    9979      44.8963
    9980      45.0219
    9981      47.9648
    9982      44.6121
    9983      49.2065
    9984      53.4402
    9985      50.4911
    9986      43.8570
    9987      46.9750
    9988      49.1181
    9989      49.4505
    9990      51.2833
    9991      53.2899
    9992      53.0609
    9993      52.1220
    9994      56.9415
    9995      55.3341
    9996      53.8460
    9997      49.0654
    9998      48.2197
    9999      44.5460
   10000      43.8902
   10001      43.7389
   10002      45.2387
   10003      47.8523
   10004      49.4906
   10005      50.3095
   10006      44.6684
   10007      41.7233
   10008      44.0459
   10009      44.4903
   10010      41.9558
   10011      51.0854
   10012      52.8500
   10013      50.6212
   10014      53.7698
   10015      57.3791
   10016      54.2988
   10017      50.8987
   10018      47.3301
   10019      49.3868
   10020      46.2130
   10021      43.3246
   10022      42.7515
   10023      46.1741
   10024      45.7873
   10025      43.5259
   10026      43.7315
   10027      47.5067
   10028      50.1262
   10029      48.7701
   10030      51.6613
   10031      52.0812
   10032      52.6720
   10033      58.0045
   10034      57.4243
   10035      51.9290
   10036      49.8010
   10037      46.5101
   10038      46.7812
   10039      49.4802
   10040      48.2102
   10041      46.2203
   10042      49.5185
   10043      45.6021
   10044      48.1975
   10045      46.7590
   10046      44.7674
   10047      45.6715
   10048      46.8227
   10049      48.1107
   10050      48.9634
   10051      49.2656
   10052      48.1076
   10053      48.3093
   10054      48.6614
   10055      45.3953
   10056      43.2086
   10057      46.3779
   10058      48.0865
   10059      47.7076
   10060      48.0291
   10061      50.5106
   10062      47.3785
   10063      48.2247
   10064      45.5006
   10065      47.7797
   10066      44.8598
   10067      46.3730
   10068      47.6136
   10069      47.1231
   10070      46.0071
   10071      50.0407
   10072      48.8447
   10073      51.2761
   10074      50.0013
   10075      48.5067
   10076      46.8690
   10077      48.5693
   10078      48.3174
   10079      45.0810
   10080      47.9794
   10081      47.0157
   10082      46.4292
   10083      48.2588
   10084      46.7400
   10085      47.1514
   10086      45.9328
   10087      43.8584
   10088      41.4943
   10089      40.2802
   10090      41.0244
   10091      46.0777
   10092      50.8060
   10093      48.4159
   10094      45.1625
   10095      42.7721
   10096      46.6458
   10097      43.8968
   10098      45.8115
   10099      45.3631
   10100      42.2886
   10101      40.4230
   10102      42.1924
   10103      46.1636
   10104      42.3802
   10105      47.7696
   10106      45.4782
   10107      46.5603
   10108      44.4432
   10109      44.6607
   10110      41.7793
   10111      46.0359
   10112      45.9698
   10113      46.9919
   10114      47.5565
   10115      43.8852
   10116      45.6176
   10117      42.4181
   10118      43.0015
   10119      50.1108
   10120      44.1505
   10121      42.9036
   10122      46.7552
   10123      47.9617
   10124      51.5671
   10125      44.4113
   10126      45.8800
   10127      43.8628
   10128      46.6370
   10129      48.5314
   10130      47.3382
   10131      47.6837
   10132      50.6134
   10133      47.4983
   10134      49.5979
   10135      51.4175
   10136      50.4617
   10137      46.5773
   10138      44.5948
   10139      45.2889
   10140      46.3572
   10141      44.8220
   10142      47.5438
   10143      46.1544
   10144      48.0253
   10145      48.1579
   10146      48.0213
   10147      46.6523
   10148      47.0252
   10149      47.5334
   10150      49.3700
   10151      48.0905
   10152      50.5703
   10153      57.0122
   10154      50.7029
   10155      56.0350
   10156      56.0822
   10157      54.2152
   10158      58.7746
   10159      57.2761
   10160      57.7562
   10161      55.5330
   10162      54.4827
   10163      50.9114
   10164      49.5043
   10165      48.2940
   10166      50.1776
   10167      46.7560
   10168      46.8683
   10169      49.8591
   10170      47.8385
   10171      50.8301
   10172      47.2532
   10173      50.1740
   10174      46.0353
   10175      49.2525
   10176      52.7641
   10177      47.0093
   10178      46.4657
   10179      48.2650
   10180      48.3669
   10181      50.0270
   10182      47.2217
   10183      43.9526
   10184      50.3498
   10185      51.1064
   10186      52.8506
   10187      55.0950
   10188      56.2219
   10189      55.6754
   10190      61.2832
   10191      60.9246
   10192      62.6792
   10193      66.7987
   10194      66.0814
   10195      67.0780
   10196      62.3694
   10197      54.1285
   10198      49.2334
   10199      47.8906
   10200      51.1111
   10201      48.4046
   10202      46.7549
   10203      48.2804
   10204      49.1058
   10205      51.0691
   10206      48.7108
   10207      48.6227
   10208      48.7874
   10209      47.7957
   10210      45.1901
   10211      49.6087
   10212      49.0831
   10213      47.6089
   10214      51.7841
   10215      53.9599
   10216      54.5840
   10217      51.1728
   10218      51.1460
   10219      48.7855
   10220      50.4287
   10221      47.8253
   10222      48.5435
   10223      46.8106
   10224      44.2291
   10225      44.9745
   10226      47.1344
   10227      49.0565
   10228      49.4193
   10229      51.6576
   10230      46.5216
   10231      42.3870
   10232      45.9857
   10233      47.5507
   10234      49.1587
   10235      46.9838
   10236      50.8547
   10237      46.0912
   10238      44.6444
   10239      45.4974
   10240      47.3617
   10241      48.5306
   10242      52.0364
   10243      49.4501
   10244      48.2845
   10245      50.3898
   10246      50.1479
   10247      48.0960
   10248      51.3314
   10249      49.3779
   10250      52.1014
   10251      55.7068
   10252      54.8670
   10253      51.6762
   10254      42.6982
   10255      42.4389
   10256      43.8501
   10257      44.4375
   10258      44.5658
   10259      47.4135
   10260      45.4768
   10261      46.6591
   10262      50.7663
   10263      52.0927
   10264      50.2634
   10265      49.9244
   10266      49.1530
   10267      48.4099
   10268      45.3354
   10269      46.9313
   10270      44.2013
   10271      44.0088
   10272      45.5401
   10273      45.1317
   10274      45.6886
   10275      46.9477
   10276      45.2384
   10277      46.5481
   10278      46.7243
   10279      43.0789
   10280      44.8582
   10281      46.4139
   10282      45.6448
   10283      44.8182
   10284      44.4567
   10285      44.5546
   10286      47.0964
   10287      48.3104
   10288      51.1233
   10289      47.8426
   10290      42.6942
   10291      41.0226
   10292      44.6199
   10293      44.2541
   10294      46.8233
   10295      46.9000
   10296      50.5529
   10297      48.9416
   10298      47.4367
   10299      46.3656
   10300      46.1982
   10301      47.6546
   10302      43.6908
   10303      45.8446
   10304      45.2047
   10305      45.5442
   10306      48.6439
   10307      45.5893
   10308      46.7850
   10309      49.1237
   10310      49.2857
   10311      47.6059
   10312      50.1470
   10313      46.9090
   10314      49.8300
   10315      46.4455
   10316      49.1515
   10317      48.1617
   10318      44.2995
   10319      46.6240
   10320      48.6389
   10321      49.3010
   10322      52.7044
   10323      53.3558
   10324      52.0752
   10325      48.8206
   10326      51.4579
   10327      46.2699
   10328      45.1217
   10329      44.1925
   10330      48.3678
   10331      48.6090
   10332      51.8380
   10333      51.2338
   10334      48.0665
   10335      52.2208
   10336      50.9063
   10337      50.8725
   10338      49.1963
   10339      46.9410
   10340      47.3795
   10341      44.9690
   10342      43.1665
   10343      42.1563
   10344      45.5558
   10345      44.6810
   10346      43.0456
   10347      44.3318
   10348      45.0046
   10349      45.5296
   10350      44.8180
   10351      41.9631
   10352      46.4395
   10353      45.5939
   10354      47.3726
   10355      43.5038
   10356      43.3897
   10357      43.1349
   10358      45.9232
   10359      45.8696
   10360      44.3605
   10361      41.9155
   10362      44.7058
   10363      44.3206
   10364      47.3254
   10365      47.7059
   10366      48.5894
   10367      46.1271
   10368      48.3298
   10369      49.7040
   10370      47.2594
   10371      47.6733
   10372      50.1723
   10373      48.6111
   10374      54.0109
   10375      56.6537
   10376      51.0916
   10377      48.4444
   10378      49.8888
   10379      50.4500
   10380      50.9700
   10381      48.3323
   10382      48.7452
   10383      47.6328
   10384      45.7431
   10385      45.7729
   10386      46.3523
   10387      45.1453
   10388      49.2065
   10389      46.3708
   10390      46.1996
   10391      45.6446
   10392      43.9308
   10393      43.3075
   10394      45.4739
   10395      46.3870
   10396      44.0440
   10397      47.3671
   10398      47.6125
   10399      45.8044
   10400      44.6493
   10401      46.6966
   10402      46.6861
   10403      43.0948
   10404      43.3718
   10405      43.5199
   10406      44.1595
   10407      47.3382
   10408      48.7574
   10409      47.9749
   10410      50.5849
   10411      50.9537
   10412      50.2627
   10413      47.2550
   10414      46.6623
   10415      45.8748
   10416      49.0201
   10417      45.4874
   10418      42.7375
   10419      44.0554
   10420      43.3360
   10421      44.9184
   10422      44.8697
   10423      44.1039
   10424      45.9949
   10425      47.6700
   10426      47.8603
   10427      49.4836
   10428      47.7594
   10429      43.1772
   10430      44.6370
   10431      43.7059
   10432      45.5801
   10433      47.0188
   10434      51.3008
   10435      53.8825
   10436      54.3831
   10437      53.5403
   10438      50.9719
   10439      50.0605
   10440      50.8354
   10441      52.8270
   10442      50.0081
   10443      49.8642
   10444      50.5119
   10445      50.5501
   10446      47.9054
   10447      45.9380
   10448      45.8900
   10449      43.7791
   10450      44.3457
   10451      44.6614
   10452      45.0326
   10453      47.4965
   10454      48.5778
   10455      51.0005
   10456      47.9466
   10457      44.9305
   10458      45.3468
   10459      51.0526
   10460      50.1677
   10461      49.1922
   10462      47.0295
   10463      45.5423
   10464      49.0361
   10465      48.0267
   10466      45.9551
   10467      47.2203
   10468      51.0823
   10469      52.6222
   10470      50.3185
   10471      48.0766
   10472      47.3455
   10473      51.9533
   10474      52.3401
   10475      53.3358
   10476      52.7433
   10477      55.6607
   10478      55.2778
   10479      54.4183
   10480      54.8263
   10481      54.6799
   10482      56.8820
   10483      55.3119
   10484      53.7620
   10485      53.4202
   10486      54.7616
   10487      60.3913
   10488      59.0462
   10489      54.0095
   10490      51.3761
   10491      50.2497
   10492      52.2793
   10493      57.0184
   10494      52.8976
   10495      49.0168
   10496      53.9993
   10497      55.7955
   10498      52.3439
   10499      51.4238
   10500      55.2351
   10501      54.2171
   10502      53.9865
   10503      57.1293
   10504      55.4195
   10505      51.1972
   10506      53.0880
   10507      52.4703
   10508      52.6043
   10509      49.9490
   10510      46.9913
   10511      46.0361
   10512      51.1933
   10513      52.3279
   10514      54.1422
   10515      49.4909
   10516      48.7653
   10517      51.4099
   10518      51.4927
   10519      50.6553
   10520      48.2814
   10521      50.0639
   10522      50.8359
   10523      46.9631
   10524      47.4500
   10525      43.9315
   10526      45.0301
   10527      50.3087
   10528      49.9374
   10529      45.7905
   10530      46.9318
   10531      44.4159
   10532      44.5174
   10533      43.1251
   10534      46.5534
   10535      48.2674
   10536      51.3725
   10537      52.5133
   10538      48.7301
   10539      47.6521
   10540      44.8148
   10541      44.6544
   10542      44.1833
   10543      44.5796
   10544      44.1995
   10545      46.6889
   10546      43.9833
   10547      43.7382
   10548      44.9798
   10549      43.4316
   10550      44.3946
   10551      45.4900
   10552      45.4837
   10553      46.5919
   10554      43.3314
   10555      45.3728
   10556      45.2330
   10557      48.9788
   10558      55.6652
   10559      59.9662
   10560      55.9926
   10561      52.0724
   10562      53.1577
   10563      49.0085
   10564      47.1464
   10565      50.1982
   10566      51.7748
   10567      50.8805
   10568      47.7052
   10569      47.5611
   10570      47.1057
   10571      44.2181
   10572      46.4972
   10573      45.4588
   10574      45.9466
   10575      45.5625
   10576      45.4214
   10577      43.7365
   10578      46.0978
   10579      41.5560
   10580      44.3693
   10581      43.8942
   10582      45.5881
   10583      51.6377
   10584      49.2457
   10585      50.5228
   10586      52.5909
   10587      51.7457
   10588      47.8966
   10589      44.9170
   10590      48.6100
   10591      51.1180
   10592      47.4097
   10593      45.9465
   10594      42.9293
   10595      43.7668
   10596      45.7017
   10597      47.5004
   10598      46.8704
   10599      45.1501
   10600      48.5699
   10601      51.5496
   10602      48.2084
   10603      47.7589
   10604      46.7583
   10605      45.7527
   10606      46.7872
   10607      46.6404
   10608      49.0180
   10609      48.5642
   10610      44.7299
   10611      48.5733
   10612      47.1484
   10613      48.8514
   10614      48.6115
   10615      46.5390
   10616      49.0494
   10617      49.2814
   10618      48.9642
   10619      45.7710
   10620      49.9755
   10621      49.3447
   10622      48.2482
   10623      44.9288
   10624      43.6630
   10625      43.3918
   10626      44.7069
   10627      41.4544
   10628      44.2655
   10629      43.6282
   10630      42.2351
   10631      46.4824
   10632      41.9304
   10633      41.5929
   10634      43.6465
   10635      44.9067
   10636      44.3831
   10637      43.8820
   10638      40.4104
   10639      43.8875
   10640      45.9564
   10641      46.1150
   10642      49.6214
   10643      49.5501
   10644      53.8799
   10645      54.2891
   10646      54.3470
   10647      52.3790
   10648      50.9886
   10649      51.2205
   10650      50.5644
   10651      48.8517
   10652      49.3886
   10653      48.8535
   10654      49.9547
   10655      50.4952
   10656      45.7144
   10657      48.1265
   10658      51.4516
   10659      53.6575
   10660      51.9330
   10661      51.0026
   10662      50.1183
   10663      48.3523
   10664      50.7569
   10665      49.4461
   10666      48.3295
   10667      49.8089
   10668      49.3818
   10669      47.5363
   10670      46.9259
   10671      47.7866
   10672      49.9415
   10673      45.8301
   10674      45.0886
   10675      49.0881
   10676      49.1307
   10677      47.2084
   10678      46.6684
   10679      49.3393
   10680      49.3072
   10681      47.6977
   10682      44.0711
   10683      46.1420
   10684      44.3446
   10685      46.2271
   10686      44.2931
   10687      46.7830
   10688      48.0188
   10689      50.7220
   10690      48.4689
   10691      49.7968
   10692      49.8628
   10693      50.2650
   10694      49.6565
   10695      49.7297
   10696      48.0107
   10697      44.2621
   10698      41.7295
   10699      43.3979
   10700      47.3116
   10701      48.9309
   10702      49.8727
   10703      48.3627
   10704      49.1464
   10705      50.5715
   10706      54.7061
   10707      53.3790
   10708      44.2163
   10709      44.0079
   10710      40.8636
   10711      43.4392
   10712      43.1227
   10713      47.4428
   10714      43.6240
   10715      44.0122
   10716      47.5107
   10717      46.4725
   10718      45.5721
   10719      42.9937
   10720      42.5158
   10721      44.5556
   10722      49.3791
   10723      43.8044
   10724      45.5076
   10725      48.8724
   10726      49.9873
   10727      49.0047
   10728      47.2450
   10729      49.0929
   10730      45.8142
   10731      45.7227
   10732      49.8798
   10733      49.5389
   10734      43.5633
   10735      42.9847
   10736      43.4755
   10737      45.3320
   10738      47.0048
   10739      40.9492
   10740      45.0643
   10741      45.2016
   10742      47.3764
   10743      45.8166
   10744      43.8742
   10745      47.5197
   10746      50.1260
   10747      53.9904
   10748      52.3468
   10749      54.0558
   10750      53.6318
   10751      50.7978
   10752      51.6170
   10753      51.6145
   10754      48.2669
   10755      49.4658
   10756      51.0301
   10757      47.8432
   10758      50.5096
   10759      49.2880
   10760      48.1292
   10761      47.4239
   10762      44.8808
   10763      46.9660
   10764      44.7829
   10765      47.8047
   10766      45.7995
   10767      44.0888
   10768      43.1362
   10769      47.6665
   10770      44.5986
   10771      44.1881
   10772      43.7562
   10773      51.3777
   10774      48.7867
   10775      44.1918
   10776      45.2088
   10777      47.4152
   10778      49.3863
   10779      46.5891
   10780      47.5383
   10781      47.4034
   10782      42.6278
   10783      44.8378
   10784      43.8333
   10785      45.3460
   10786      44.7828
   10787      44.9864
   10788      46.7161
   10789      47.8691
   10790      54.6562
   10791      51.0540
   10792      47.0965
   10793      48.2915
   10794      50.8577
   10795      50.3390
   10796      50.7998
   10797      53.0624
   10798      54.0968
   10799      54.9984
   10800      48.5773
   10801      48.4790
   10802      47.3351
   10803      46.9394
   10804      45.7391
   10805      43.8712
   10806      46.5466
   10807      42.3635
   10808      42.0555
   10809      44.3822
   10810      41.8927
   10811      42.0744
   10812      40.9190
   10813      43.5968
   10814      42.2100
   10815      46.3417
   10816      48.5260
   10817      45.9543
   10818      44.3132
   10819      45.2885
   10820      45.5884
   10821      47.1297
   10822      45.1317
   10823      45.7559
   10824      47.4369
   10825      45.1218
   10826      44.5880
   10827      44.7294
   10828      43.1633
   10829      44.2452
   10830      43.1087
   10831      45.8839
   10832      44.3253
   10833      45.1455
   10834      45.7039
   10835      47.8731
   10836      50.0135
   10837      50.3235
   10838      50.3324
   10839      49.5461
   10840      48.5934
   10841      46.7290
   10842      49.8032
   10843      48.7739
   10844      46.6270
   10845      48.1508
   10846      50.3412
   10847      49.8669
   10848      47.5106
   10849      50.9524
   10850      47.1800
   10851      47.0458
   10852      47.1574
   10853      47.5036
   10854      50.6471
   10855      51.1321
   10856      50.9312
   10857      52.7015
   10858      52.2511
   10859      51.1072
   10860      53.8788
   10861      54.8134
   10862      53.1132
   10863      52.0158
   10864      52.6317
   10865      55.5010
   10866      52.0732
   10867      45.9407
   10868      44.3535
   10869      46.6956
   10870      50.1586
   10871      45.9208
   10872      47.6133
   10873      42.0215
   10874      43.0640
   10875      43.9307
   10876      44.7332
   10877      46.6818
   10878      51.7687
   10879      50.6999
   10880      49.0690
   10881      46.7229
   10882      49.4139
   10883      48.7918
   10884      49.3826
   10885      45.8795
   10886      45.3592
   10887      50.5981
   10888      48.5523
   10889      49.9542
   10890      49.7889
   10891      54.3444
   10892      51.9729
   10893      52.6332
   10894      48.9338
   10895      45.2283
   10896      43.5232
   10897      43.9556
   10898      43.1615
   10899      46.1934
   10900      46.4042
   10901      44.9648
   10902      47.4578
   10903      45.0719
   10904      44.7298
   10905      43.7729
   10906      48.0923
   10907      46.3921
   10908      42.2625
   10909      42.4917
   10910      46.0486
   10911      45.4262
   10912      46.8812
   10913      43.6506
   10914      44.9204
   10915      48.9680
   10916      48.0188
   10917      46.4416
   10918      45.7337
   10919      47.8736
   10920      44.5842
   10921      44.8037
   10922      48.0756
   10923      47.4623
   10924      46.2317
   10925      44.7299
   10926      46.1735
   10927      45.7896
   10928      48.2248
   10929      52.0620
   10930      52.2481
   10931      53.2530
   10932      51.7846
   10933      48.9023
   10934      50.3805
   10935      46.6904
   10936      45.5695
   10937      47.2366
   10938      42.7606
   10939      44.9108
   10940      46.5835
   10941      51.2885
   10942      49.4608
   10943      50.3022
   10944      47.6440
   10945      47.5148
   10946      45.8533
   10947      48.5126
   10948      49.5946
   10949      50.5959
   10950      46.3758
   10951      48.0559
   10952      45.4041
   10953      44.1834
   10954      41.1591
   10955      44.7415
   10956      44.5868
   10957      44.6216
   10958      43.5967
   10959      42.3386
   10960      43.6047
   10961      43.8052
   10962      41.5959
   10963      46.0716
   10964      52.5742
   10965      52.6629
   10966      48.6535
   10967      50.5782
   10968      48.7289
   10969      46.2442
   10970      49.1257
   10971      47.6469
   10972      46.1534
   10973      47.4622
   10974      45.0451
   10975      45.0269
   10976      46.7862
   10977      45.8858
   10978      46.9572
   10979      40.5132
   10980      45.8854
   10981      44.9012
   10982      44.8216
   10983      47.0981
   10984      47.8904
   10985      48.0247
   10986      49.3468
   10987      48.3109
   10988      50.4977
   10989      52.8307
   10990      56.8080
   10991      53.8506
   10992      53.6499
   10993      52.8485
   10994      55.5725
   10995      59.3290
   10996      58.7454
   10997      54.2786
   10998      55.5598
   10999      56.3445
   11000      58.5755
   11001      56.9846
   11002      58.5988
   11003      55.8474
   11004      60.7310
   11005      56.7256
   11006      54.7306
   11007      48.9036
   11008      45.8584
   11009      45.5849
   11010      46.0899
   11011      48.0894
   11012      48.1614
   11013      46.3790
   11014      48.1714
   11015      49.4838
   11016      47.3387
   11017      46.9775
   11018      47.5256
   11019      47.6624
   11020      49.7938
   11021      49.9493
   11022      52.0499
   11023      48.1844
   11024      48.0236
   11025      46.0078
   11026      44.4060
   11027      45.0315
   11028      49.7069
   11029      50.8378
   11030      48.4859
   11031      44.7408
   11032      46.2340
   11033      46.7643
   11034      44.0848
   11035      42.7634
   11036      43.4453
   11037      43.7334
   11038      43.8924
   11039      40.8894
   11040      45.8117
   11041      42.3834
   11042      45.3443
   11043      45.4182
   11044      43.5168
   11045      40.8055
   11046      43.9771
   11047      42.0359
   11048      45.4577
   11049      49.8690
   11050      47.7723
   11051      52.0400
   11052      53.7310
   11053      51.2519
   11054      49.3039
   11055      49.8177
   11056      50.3928
   11057      50.7021
   11058      54.7965
   11059      54.2773
   11060      52.5247
   11061      52.2029
   11062      48.3477
   11063      48.3598
   11064      49.5330
   11065      45.1692
   11066      47.2303
   11067      46.4345
   11068      43.8916
   11069      43.9711
   11070      44.7477
   11071      46.5653
   11072      44.1564
   11073      49.6600
   11074      51.6775
   11075      54.9577
   11076      54.7254
   11077      52.8675
   11078      48.6417
   11079      48.4513
   11080      54.5354
   11081      54.3421
   11082      50.8258
   11083      51.8738
   11084      46.6715
   11085      42.8609
   11086      42.2408
   11087      44.9209
   11088      48.8293
   11089      46.6016
   11090      46.1342
   11091      47.0137
   11092      45.3006
   11093      50.2531
   11094      46.9424
   11095      46.7919
   11096      48.6097
   11097      44.0654
   11098      46.4279
   11099      43.0272
   11100      46.5880
   11101      48.3801
   11102      44.8260
   11103      43.1226
   11104      44.7908
   11105      40.7399
   11106      43.2551
   11107      47.3288
   11108      47.2813
   11109      51.6515
   11110      50.2451
   11111      49.7666
   11112      49.7638
   11113      52.2951
   11114      48.4800
   11115      51.8733
   11116      54.8054
   11117      51.4457
   11118      52.4128
   11119      52.5219
   11120      49.4979
   11121      47.6392
   11122      44.5591
   11123      46.9185
   11124      47.0606
   11125      49.4181
   11126      47.0207
   11127      47.9294
   11128      47.8123
   11129      49.1906
   11130      50.6309
   11131      49.7716
   11132      51.8189
   11133      53.0243
   11134      50.0237
   11135      48.7524
   11136      51.5350
   11137      51.9809
   11138      52.3873
   11139      51.8387
   11140      50.6353
   11141      49.4805
   11142      49.9357
   11143      45.6927
   11144      45.0010
   11145      47.5640
   11146      45.8590
   11147      45.9858
   11148      47.9130
   11149      49.3694
   11150      45.9015
   11151      45.6611
   11152      47.8061
   11153      47.4018
   11154      50.6515
   11155      51.9204
   11156      50.7157
   11157      47.2802
   11158      47.7634
   11159      50.0511
   11160      52.6955
   11161      52.4132
   11162      49.6484
   11163      49.4603
   11164      51.7275
   11165      52.0543
   11166      53.2406
   11167      49.2063
   11168      52.3249
   11169      54.6309
   11170      51.5775
   11171      53.6653
   11172      55.0989
   11173      51.8109
   11174      52.7989
   11175      55.2334
   11176      48.3906
   11177      48.6101
   11178      47.2281
   11179      48.9207
   11180      47.9586
   11181      48.7813
   11182      49.4183
   11183      50.8828
   11184      51.5798
   11185      50.7173
   11186      50.2335
   11187      51.0638
   11188      52.5978
   11189      51.9418
   11190      52.5796
   11191      49.8450
   11192      48.7119
   11193      48.6654
   11194      49.0614
   11195      56.2665
   11196      51.4439
   11197      50.2883
   11198      48.9618
   11199      49.6262
   11200      50.6332
   11201      47.6708
   11202      48.9826
   11203      51.4590
   11204      50.7871
   11205      51.9022
   11206      54.0919
   11207      53.5859
   11208      54.1137
   11209      55.2048
   11210      53.7807
   11211      53.6006
   11212      49.9470
   11213      52.3784
   11214      50.3260
   11215      49.1044
   11216      48.1236
   11217      46.1597
   11218      51.3298
   11219      54.2692
   11220      51.0439
   11221      49.5963
   11222      51.5958
   11223      52.1769
   11224      54.3265
   11225      53.5250
   11226      52.9532
   11227      52.9841
   11228      50.3607
   11229      48.8552
   11230      49.3490
   11231      51.5990
   11232      49.9057
   11233      51.2340
   11234      50.0382
   11235      51.5300
   11236      48.0407
   11237      51.6046
   11238      48.3235
   11239      51.0091
   11240      56.8337
   11241      55.5775
   11242      49.8255
   11243      46.1543
   11244      49.1164
   11245      46.9510
   11246      48.1332
   11247      46.4363
   11248      45.4132
   11249      48.7595
   11250      48.9454
   11251      50.5202
   11252      49.8589
   11253      50.3507
   11254      53.7125
   11255      54.8684
   11256      51.5085
   11257      51.3381
   11258      50.9916
   11259      51.5802
   11260      48.5118
   11261      47.8728
   11262      48.3337
   11263      49.6387
   11264      48.1833
   11265      49.2682
   11266      51.1540
   11267      54.2916
   11268      51.7845
   11269      52.5233
   11270      52.2180
   11271      52.2754
   11272      50.1278
   11273      53.7293
   11274      55.4376
   11275      53.2343
   11276      50.2979
   11277      50.1435
   11278      51.3110
   11279      52.1381
   11280      50.0238
   11281      53.3315
   11282      49.4054
   11283      52.6651
   11284      49.2017
   11285      47.3400
   11286      49.4539
   11287      51.9202
   11288      50.8997
   11289      50.3172
   11290      50.9396
   11291      53.7166
   11292      50.9589
   11293      53.3418
   11294      51.9520
   11295      52.5723
   11296      53.2972
   11297      53.6442
   11298      51.5853
   11299      51.4300
   11300      52.0604
   11301      52.6991
   11302      53.6725
   11303      52.3723
   11304      52.3782
   11305      56.0441
   11306      52.1138
   11307      50.7881
   11308      53.4931
   11309      50.8663
   11310      49.2068
   11311      50.5240
   11312      51.4942
   11313      49.0659
   11314      49.7758
   11315      52.5779
   11316      50.7556
   11317      48.6622
   11318      48.1019
   11319      48.5411
   11320      45.9967
   11321      44.8255
   11322      46.3360
   11323      47.4486
   11324      50.4262
   11325      50.2883
   11326      50.4576
   11327      48.2877
   11328      50.4348
   11329      49.2591
   11330      51.8733
   11331      53.0455
   11332      53.6109
   11333      52.2656
   11334      57.8914
   11335      54.0815
   11336      54.7855
   11337      55.1203
   11338      57.6947
   11339      61.4176
   11340      60.2658
   11341      56.2120
   11342      55.8449
   11343      52.4616
   11344      47.3870
   11345      47.8217
   11346      51.1032
   11347      49.2606
   11348      46.2711
   11349      52.3029
   11350      47.8453
   11351      50.0730
   11352      51.5663
   11353      52.5915
   11354      48.8858
   11355      45.7360
   11356      48.7128
   11357      47.8073
   11358      46.2768
   11359      48.1932
   11360      47.4721
   11361      48.4308
   11362      49.2929
   11363      51.3019
   11364      53.1597
   11365      49.6445
   11366      49.7045
   11367      53.1797
   11368      53.9896
   11369      50.6630
   11370      47.5489
   11371      40.9601
   11372      45.8131
   11373      46.8007
   11374      45.2853
   11375      46.1090
   11376      45.6477
   11377      48.5881
   11378      42.7786
   11379      43.5782
   11380      44.0380
   11381      47.4535
   11382      45.9188
   11383      44.2867
   11384      46.3423
   11385      47.7597
   11386      45.8627
   11387      45.7843
   11388      43.9975
   11389      44.8566
   11390      44.2689
   11391      45.0929
   11392      48.5443
   11393      44.7042
   11394      43.9526
   11395      45.5845
   11396      47.0214
   11397      44.6906
   11398      44.1100
   11399      45.7434
   11400      47.2190
   11401      49.0761
   11402      46.9806
   11403      49.5330
   11404      50.0033
   11405      45.9818
   11406      47.3862
   11407      46.6641
   11408      46.1459
   11409      45.1597
   11410      47.5742
   11411      48.8770
   11412      45.7295
   11413      45.6521
   11414      44.1953
   11415      41.7740
   11416      42.5316
   11417      44.6286
   11418      47.6464
   11419      50.1539
   11420      46.4550
   11421      46.4041
   11422      48.5939
   11423      46.8576
   11424      51.7927
   11425      50.9636
   11426      50.3639
   11427      48.2318
   11428      48.3019
   11429      47.8375
   11430      44.4755
   11431      48.4716
   11432      47.2547
   11433      49.1567
   11434      47.6409
   11435      47.4832
   11436      52.4083
   11437      49.3560
   11438      47.3284
   11439      46.9864
   11440      48.2098
   11441      46.5872
   11442      45.6478
   11443      45.6370
   11444      44.4972
   11445      44.7800
   11446      46.9306
   11447      47.3854
   11448      45.4847
   11449      46.4022
   11450      45.9490
   11451      45.3416
   11452      46.0361
   11453      52.4243
   11454      50.1758
   11455      50.1821
   11456      50.7273
   11457      47.9282
   11458      43.9987
   11459      41.3854
   11460      41.4782
   11461      44.0188
   11462      47.9706
   11463      46.0292
   11464      45.1155
   11465      43.3386
   11466      45.0115
   11467      45.4727
   11468      43.5640
   11469      47.0780
   11470      46.8712
   11471      44.4577
   11472      46.6446
   11473      46.1412
   11474      46.4753
   11475      49.3665
   11476      53.8294
   11477      50.4872
   11478      51.0997
   11479      48.9742
   11480      50.0213
   11481      49.2285
   11482      46.7763
   11483      47.0843
   11484      46.3026
   11485      45.3109
   11486      45.3354
   11487      46.9245
   11488      47.4758
   11489      45.0781
   11490      48.1231
   11491      48.6333
   11492      51.4810
   11493      55.1652
   11494      51.5560
   11495      53.4775
   11496      48.1576
   11497      49.5977
   11498      47.3269
   11499      48.9865
   11500      51.9919
   11501      51.4543
   11502      49.5470
   11503      51.5991
   11504      49.6341
   11505      49.4504
   11506      46.1573
   11507      45.4704
   11508      49.3583
   11509      50.0916
   11510      49.7977
   11511      51.4974
   11512      48.2543
   11513      46.4397
   11514      47.0074
   11515      47.4675
   11516      50.5028
   11517      54.8703
   11518      51.8879
   11519      49.3684
   11520      46.5104
   11521      47.9181
   11522      43.0654
   11523      45.6612
   11524      44.9951
   11525      48.7334
   11526      47.5275
   11527      49.9352
   11528      51.4946
   11529      56.3332
   11530      58.4138
   11531      50.3804
   11532      48.3604
   11533      46.5554
   11534      46.6708
   11535      43.6508
   11536      42.9762
   11537      44.2703
   11538      44.2856
   11539      47.8781
   11540      52.2102
   11541      52.8676
   11542      49.5899
   11543      43.5789
   11544      45.4333
   11545      47.7685
   11546      44.3171
   11547      46.5165
   11548      51.7681
   11549      48.5093
   11550      49.5835
   11551      46.3878
   11552      48.9731
   11553      47.8494
   11554      51.2427
   11555      44.7091
   11556      45.7951
   11557      45.0291
   11558      42.8476
   11559      46.9709
   11560      44.0342
   11561      45.9359
   11562      45.9833
   11563      48.7591
   11564      47.4447
   11565      48.4996
   11566      50.8262
   11567      50.1671
   11568      52.1612
   11569      44.5997
   11570      41.6159
   11571      44.9126
   11572      46.5228
   11573      50.9176
   11574      48.7519
   11575      44.9995
   11576      48.1171
   11577      50.8172
   11578      53.2675
   11579      53.9107
   11580      48.1438
   11581      46.2323
   11582      51.9390
   11583      56.7991
   11584      50.5795
   11585      49.9562
   11586      50.8914
   11587      44.7721
   11588      45.5575
   11589      47.4008
   11590      48.4379
   11591      48.9576
   11592      47.1637
   11593      51.7462
   11594      50.4030
   11595      52.4077
   11596      47.1129
   11597      48.7328
   11598      48.2378
   11599      43.8867
   11600      50.7717
   11601      49.2665
   11602      50.3234
   11603      49.4837
   11604      51.2122
   11605      52.4849
   11606      50.2821
   11607      54.2675
   11608      53.7834
   11609      55.9281
   11610      53.7710
   11611      49.5257
   11612      46.8823
   11613      51.9487
   11614      54.0587
   11615      52.2619
   11616      57.8494
   11617      60.2916
   11618      60.6621
   11619      64.6248
   11620      65.9027
   11621      66.6787
   11622      64.9084
   11623      63.2485
   11624      60.2694
   11625      65.2127
   11626      66.6596
   11627      65.4560
   11628      67.1328
   11629      62.7012
   11630      62.6761
   11631      56.7393
   11632      59.8398
   11633      52.3545
   11634      50.1525
   11635      48.5864
   11636      46.2633
   11637      48.0894
   11638      46.1559
   11639      46.3692
   11640      43.5268
   11641      45.6986
   11642      47.1185
   11643      48.6952
   11644      47.0254
   11645      50.8831
   11646      50.6412
   11647      49.4643
   11648      50.3385
   11649      48.6119
   11650      47.2755
   11651      51.0755
   11652      49.3353
   11653      53.0360
   11654      48.9368
   11655      54.8444
   11656      54.7588
   11657      51.3517
   11658      55.0746
   11659      50.9933
   11660      45.5285
   11661      50.9433
   11662      51.2786
   11663      52.2721
   11664      47.4871
   11665      49.5100
   11666      53.8484
   11667      51.0181
   11668      51.4777
   11669      54.0071
   11670      52.4208
   11671      54.0612
   11672      48.8430
   11673      48.6621
   11674      49.8016
   11675      53.3354
   11676      49.8800
   11677      50.8075
   11678      49.6093
   11679      47.8362
   11680      48.0932
   11681      50.4223
   11682      52.2198
   11683      46.2830
   11684      50.2980
   11685      46.7377
   11686      44.4718
   11687      48.1148
   11688      45.5898
   11689      46.0766
   11690      45.2318
   11691      47.4929
   11692      46.8210
   11693      47.1584
   11694      56.7751
   11695      56.9445
   11696      50.6127
   11697      55.5279
   11698      51.0984
   11699      51.2566
   11700      49.8252
   11701      52.8864
   11702      51.6544
   11703      47.9444
   11704      48.1202
   11705      51.6659
   11706      50.1843
   11707      50.8632
   11708      51.1822
   11709      50.5424
   11710      47.2297
   11711      44.5573
   11712      47.6264
   11713      46.7367
   11714      45.0864
   11715      45.4464
   11716      43.6183
   11717      40.3301
   11718      39.8025
   11719      41.3778
   11720      38.7539
   11721      42.3446
   11722      43.0572
   11723      44.8137
   11724      43.2461
   11725      43.6606
   11726      39.7359
   11727      40.4678
   11728      39.5059
   11729      39.8824
   11730      39.9035
   11731      38.9154
   11732      37.3419
   11733      38.6230
   11734      35.8510
   11735      39.9141
   11736      40.5986
   11737      42.7070
   11738      42.2329
   11739      40.3574
   11740      43.4409
   11741      40.4143
   11742      37.3895
   11743      40.6716
   11744      36.9773
   11745      40.1500
   11746      36.7139
   11747      40.4385
   11748      37.5624
   11749      41.1393
   11750      41.1070
   11751      44.1659
   11752      44.5558
   11753      44.5949
   11754      41.1829
   11755      47.3798
   11756      49.1822
   11757      44.5254
   11758      44.4080
   11759      42.6341
   11760      44.4930
   11761      40.1913
   11762      45.1092
   11763      44.8032
   11764      48.2382
   11765      49.4154
   11766      46.3764
   11767      52.4075
   11768      51.9950
   11769      54.0672
   11770      51.0758
   11771      52.4934
   11772      48.0065
   11773      45.2588
   11774      48.2614
   11775      51.5797
   11776      46.4935
   11777      45.2928
   11778      44.5005
   11779      43.9877
   11780      47.6934
   11781      51.0740
   11782      48.8490
   11783      48.8254
   11784      46.1952
   11785      51.6511
   11786      47.0775
   11787      47.7489
   11788      47.2680
   11789      42.0779
   11790      44.0924
   11791      44.7960
   11792      46.4601
   11793      47.6096
   11794      43.9644
   11795      43.3725
   11796      40.4698
   11797      44.3729
   11798      42.2313
   11799      42.1937
   11800      43.4347
   11801      43.2017
   11802      41.4872
   11803      42.9390
   11804      44.6930
   11805      45.8834
   11806      44.6338
   11807      44.0002
   11808      42.0348
   11809      47.0627
   11810      41.5052
   11811      43.7016
   11812      48.9859
   11813      43.3952
   11814      51.0028
   11815      51.5354
   11816      53.9828
   11817      49.2768
   11818      45.5772
   11819      44.4008
   11820      44.7263
   11821      48.1025
   11822      45.0901
   11823      48.5408
   11824      47.3489
   11825      46.2378
   11826      45.3960
   11827      45.4130
   11828      46.6239
   11829      48.0306
   11830      49.7605
   11831      47.1329
   11832      49.5559
   11833      48.3527
   11834      43.8104
   11835      47.4031
   11836      48.0263
   11837      48.1250
   11838      48.2799
   11839      50.3852
   11840      50.8321
   11841      52.8022
   11842      53.5622
   11843      48.5374
   11844      50.3187
   11845      54.5871
   11846      53.6975
   11847      53.7948
   11848      53.0397
   11849      51.3419
   11850      49.4312
   11851      50.2732
   11852      52.7794
   11853      54.5906
   11854      61.5976
   11855      59.9355
   11856      63.2157
   11857      66.4920
   11858      67.8505
   11859      69.2769
   11860      65.5467
   11861      63.1830
   11862      64.3807
   11863      60.8645
   11864      58.6193
   11865      61.6746
   11866      58.0766
   11867      56.7441
   11868      59.1561
   11869      58.7682
   11870      61.5390
   11871      58.5075
   11872      54.4486
   11873      45.9286
   11874      45.1792
   11875      45.1253
   11876      40.5593
   11877      44.0235
   11878      46.9654
   11879      50.1398
   11880      48.9241
   11881      48.5894
   11882      49.7517
   11883      46.6266
   11884      50.4112
   11885      48.8959
   11886      48.6816
   11887      51.1416
   11888      49.5659
   11889      49.1113
   11890      51.1082
   11891      49.4392
   11892      51.2492
   11893      50.4122
   11894      48.5677
   11895      47.7041
   11896      49.1141
   11897      49.2695
   11898      50.6497
   11899      53.4208
   11900      49.6413
   11901      46.8823
   11902      47.1372
   11903      50.6635
   11904      47.4592
   11905      49.0274
   11906      55.1507
   11907      48.5595
   11908      45.1127
   11909      46.2896
   11910      47.4881
   11911      44.8749
   11912      46.3396
   11913      43.7706
   11914      43.4088
   11915      42.7683
   11916      48.1390
   11917      45.4243
   11918      46.6288
   11919      46.9091
   11920      49.0425
   11921      44.8726
   11922      45.8134
   11923      50.5683
   11924      51.4674
   11925      51.3172
   11926      52.8637
   11927      54.1479
   11928      55.1947
   11929      53.5595
   11930      55.4261
   11931      55.3479
   11932      59.3373
   11933      57.2049
   11934      55.9202
   11935      54.7843
   11936      55.4497
   11937      60.1178
   11938      59.0553
   11939      61.2326
   11940      65.6502
   11941      64.8128
   11942      63.2836
   11943      65.3198
   11944      64.5659
   11945      60.6835
   11946      61.8449
   11947      60.4167
   11948      61.8169
   11949      61.2131
   11950      59.7077
   11951      52.4513
   11952      52.7922
   11953      49.4430
   11954      50.6285
   11955      50.9373
   11956      48.0152
   11957      47.2474
   11958      49.6050
   11959      48.1654
   11960      54.0941
   11961      52.8373
   11962      55.0471
   11963      50.7236
   11964      53.0397
   11965      57.2423
   11966      55.6855
   11967      52.2098
   11968      50.3189
   11969      50.0183
   11970      52.4985
   11971      49.7082
   11972      48.8410
   11973      48.4149
   11974      45.7330
   11975      46.1575
   11976      52.2339
   11977      53.0145
   11978      48.3079
   11979      52.3641
   11980      51.0005
   11981      45.4339
   11982      47.6914
   11983      44.4815
   11984      42.0309
   11985      41.8459
   11986      43.5424
   11987      39.2860
   11988      37.9754
   11989      40.3542
   11990      44.2936
   11991      45.2776
   11992      48.5977
   11993      46.5417
   11994      49.4745
   11995      56.4829
   11996      58.1026
   11997      56.0830
   11998      56.0739
   11999      55.9505
   12000      53.4127
   12001      53.9857
   12002      55.9650
   12003      55.9168
   12004      50.1799
   12005      54.2869
   12006      55.1073
   12007      57.8043
   12008      53.4519
   12009      52.4298
   12010      50.1224
   12011      47.8160
   12012      51.2192
   12013      50.6656
   12014      52.6002
   12015      49.7151
   12016      51.2703
   12017      54.6157
   12018      55.4027
   12019      52.7616
   12020      53.7001
   12021      52.1833
   12022      48.6079
   12023      46.2710
   12024      46.5717
   12025      45.7222
   12026      49.1066
   12027      51.4652
   12028      46.3352
   12029      45.0923
   12030      47.0693
   12031      43.2503
   12032      47.2421
   12033      46.0847
   12034      48.1083
   12035      45.1030
   12036      40.4305
   12037      42.7740
   12038      43.7164
   12039      39.8097
   12040      43.9341
   12041      45.9107
   12042      44.0748
   12043      45.3472
   12044      46.4168
   12045      42.7151
   12046      50.0186
   12047      46.8075
   12048      48.0391
   12049      45.5645
   12050      46.5472
   12051      47.7973
   12052      54.1247
   12053      49.4035
   12054      44.8456
   12055      49.2942
   12056      47.7869
   12057      45.7994
   12058      48.3609
   12059      52.3580
   12060      50.2530
   12061      53.8780
   12062      50.6509
   12063      52.6490
   12064      54.6013
   12065      55.0152
   12066      52.1347
   12067      53.3414
   12068      50.6503
   12069      53.2015
   12070      52.3759
   12071      48.7712
   12072      48.1648
   12073      49.7328
   12074      53.5974
   12075      54.5724
   12076      49.5739
   12077      52.1870
   12078      46.1279
   12079      44.9148
   12080      44.3672
   12081      46.4263
   12082      51.4318
   12083      50.9409
   12084      49.6884
   12085      48.3177
   12086      46.9616
   12087      46.8502
   12088      44.7790
   12089      44.6752
   12090      43.6901
   12091      43.2187
   12092      41.7586
   12093      39.7274
   12094      44.2779
   12095      45.3267
   12096      47.4994
   12097      49.4293
   12098      46.7747
   12099      46.0525
   12100      48.5745
   12101      42.6537
   12102      46.6715
   12103      41.6270
   12104      48.0252
   12105      45.3439
   12106      49.6852
   12107      50.0419
   12108      49.6207
   12109      51.8621
   12110      48.9070
   12111      47.9418
   12112      49.0598
   12113      47.4114
   12114      47.7327
   12115      48.4218
   12116      47.0243
   12117      43.2892
   12118      42.5771
   12119      43.6263
   12120      43.7921
   12121      46.0818
   12122      45.6716
   12123      47.2082
   12124      46.0269
   12125      45.1989
   12126      47.5872
   12127      45.1083
   12128      44.8923
   12129      42.8155
   12130      44.5948
   12131      41.8566
   12132      42.6188
   12133      43.4097
   12134      42.1045
   12135      45.6364
   12136      43.4132
   12137      45.1972
   12138      48.9765
   12139      47.6322
   12140      51.3190
   12141      51.1499
   12142      50.6824
   12143      49.7620
   12144      48.5272
   12145      46.2925
   12146      43.0737
   12147      46.6938
   12148      48.2889
   12149      50.1077
   12150      49.0102
   12151      49.6667
   12152      48.3602
   12153      51.2977
   12154      51.9895
   12155      54.3297
   12156      55.7673
   12157      58.8530
   12158      56.8503
   12159      56.3907
   12160      53.8188
   12161      54.4291
   12162      50.5317
   12163      44.4874
   12164      39.9276
   12165      41.8848
   12166      42.2878
   12167      43.9614
   12168      44.8213
   12169      44.4100
   12170      43.8728
   12171      47.8484
   12172      48.9872
   12173      50.3311
   12174      53.6814
   12175      50.6306
   12176      47.2980
   12177      48.5711
   12178      40.2414
   12179      39.8712
   12180      42.0359
   12181      41.1988
   12182      42.4416
   12183      47.0815
   12184      47.3299
   12185      44.3696
   12186      45.6793
   12187      44.7041
   12188      47.4059
   12189      48.7456
   12190      47.2259
   12191      45.7540
   12192      46.0796
   12193      46.8953
   12194      43.8362
   12195      44.5562
   12196      45.1424
   12197      42.0956
   12198      43.6811
   12199      43.1386
   12200      43.8382
   12201      43.0852
   12202      44.9259
   12203      43.7088
   12204      48.5432
   12205      44.1063
   12206      42.7911
   12207      43.3743
   12208      48.4363
   12209      52.6474
   12210      47.8756
   12211      44.4163
   12212      42.4762
   12213      47.2891
   12214      45.5084
   12215      49.6454
   12216      51.6566
   12217      50.9796
   12218      51.4589
   12219      46.8283
   12220      47.0748
   12221      46.4898
   12222      48.8565
   12223      46.7035
   12224      48.5753
   12225      51.6434
   12226      53.0951
   12227      52.0048
   12228      51.1216
   12229      49.8038
   12230      47.2333
   12231      44.4192
   12232      46.7739
   12233      43.8088
   12234      45.7061
   12235      50.4401
   12236      45.3892
   12237      50.1113
   12238      51.1086
   12239      51.2606
   12240      50.7751
   12241      51.7072
   12242      49.7293
   12243      49.7352
   12244      47.8066
   12245      45.2630
   12246      44.2469
   12247      44.1894
   12248      46.4354
   12249      46.2684
   12250      49.1857
   12251      51.0282
   12252      52.5146
   12253      52.1816
   12254      55.9315
   12255      56.4973
   12256      58.8018
   12257      57.8620
   12258      59.5452
   12259      63.0101
   12260      57.4761
   12261      58.7392
   12262      59.2745
   12263      56.1892
   12264      53.4595
   12265      53.9188
   12266      50.0448
   12267      51.5280
   12268      50.7690
   12269      50.7090
   12270      49.3076
   12271      48.1889
   12272      50.5512
   12273      44.6836
   12274      40.1708
   12275      46.8023
   12276      47.0509
   12277      44.1905
   12278      44.0572
   12279      47.6432
   12280      43.6771
   12281      44.8343
   12282      44.9867
   12283      46.4240
   12284      45.3769
   12285      44.9574
   12286      49.3908
   12287      49.7044
   12288      51.7683
   12289      52.2405
   12290      47.9886
   12291      49.2591
   12292      47.6402
   12293      47.5985
   12294      43.5988
   12295      44.9028
   12296      41.4263
   12297      46.8454
   12298      43.1306
   12299      42.6885
   12300      44.0823
   12301      43.4460
   12302      42.6779
   12303      49.7441
   12304      51.9899
   12305      49.5355
   12306      51.4708
   12307      51.0760
   12308      51.9951
   12309      54.1919
   12310      48.5402
   12311      48.3919
   12312      52.1247
   12313      49.0109
   12314      50.3514
   12315      46.2005
   12316      48.4763
   12317      46.3382
   12318      50.5172
   12319      52.7292
   12320      50.4821
   12321      49.2531
   12322      50.0224
   12323      50.3468
   12324      51.2384
   12325      50.8536
   12326      52.9846
   12327      47.7171
   12328      51.1990
   12329      45.7806
   12330      43.9227
   12331      44.7780
   12332      45.5805
   12333      43.0733
   12334      46.1466
   12335      46.2208
   12336      46.1579
   12337      44.9924
   12338      43.9086
   12339      46.1381
   12340      47.3480
   12341      46.6461
   12342      48.6082
   12343      48.6447
   12344      51.1727
   12345      54.4179
   12346      54.3856
   12347      48.1557
   12348      47.6314
   12349      48.3271
   12350      50.5418
   12351      49.3532
   12352      49.0199
   12353      48.3385
   12354      47.8252
   12355      45.1258
   12356      47.0474
   12357      45.7284
   12358      45.5649
   12359      45.3482
   12360      44.2138
   12361      42.3794
   12362      44.2662
   12363      46.2251
   12364      46.2030
   12365      47.3312
   12366      50.1835
   12367      46.5673
   12368      42.6461
   12369      42.3402
   12370      44.5776
   12371      45.9179
   12372      43.3984
   12373      44.0739
   12374      45.9892
   12375      51.3735
   12376      51.6838
   12377      47.8894
   12378      44.8646
   12379      48.3031
   12380      53.6637
   12381      55.2506
   12382      56.4840
   12383      47.8728
   12384      42.7712
   12385      42.0525
   12386      40.7328
   12387      42.6396
   12388      43.5509
   12389      42.3648
   12390      44.7956
   12391      46.7080
   12392      48.4118
   12393      47.2803
   12394      53.9033
   12395      48.0879
   12396      48.2652
   12397      49.4214
   12398      46.8965
   12399      48.0530
   12400      49.9147
   12401      50.9006
   12402      48.4346
   12403      47.8631
   12404      49.0797
   12405      50.9029
   12406      54.0543
   12407      51.2817
   12408      49.1173
   12409      46.5735
   12410      47.8983
   12411      47.9432
   12412      48.9075
   12413      45.1852
   12414      46.3163
   12415      47.1741
   12416      48.9176
   12417      44.2795
   12418      48.7140
   12419      46.6357
   12420      46.3419
   12421      45.4113
   12422      44.3914
   12423      42.6526
   12424      45.4497
   12425      43.6663
   12426      48.2820
   12427      51.3414
   12428      52.5757
   12429      53.6990
   12430      50.9623
   12431      49.4639
   12432      51.6970
   12433      50.2311
   12434      48.8916
   12435      47.3010
   12436      50.0981
   12437      49.2034
   12438      48.7829
   12439      44.2683
   12440      43.6602
   12441      48.3573
   12442      45.9839
   12443      50.2100
   12444      48.7847
   12445      46.2755
   12446      50.0499
   12447      49.6246
   12448      50.1514
   12449      49.7696
   12450      52.3317
   12451      48.9868
   12452      47.3694
   12453      45.2290
   12454      43.5109
   12455      49.3637
   12456      47.3923
   12457      49.4818
   12458      50.5270
   12459      46.8124
   12460      46.4207
   12461      46.4143
   12462      45.4780
   12463      48.0435
   12464      46.9428
   12465      43.2812
   12466      44.1365
   12467      49.8164
   12468      50.6989
   12469      51.8376
   12470      53.1409
   12471      50.9569
   12472      47.6117
   12473      44.5381
   12474      45.3961
   12475      47.5807
   12476      48.2130
   12477      46.2178
   12478      47.1680
   12479      47.7273
   12480      47.9927
   12481      49.2358
   12482      44.8883
   12483      46.8695
   12484      45.1576
   12485      42.4213
   12486      47.6524
   12487      45.8119
   12488      48.3855
   12489      52.1821
   12490      55.7481
   12491      54.9593
   12492      52.3280
   12493      49.7879
   12494      50.2396
   12495      53.5016
   12496      56.1700
   12497      56.5335
   12498      54.4263
   12499      47.7895
   12500      51.5865
   12501      53.7168
   12502      54.1225
   12503      49.6804
   12504      49.6528
   12505      49.4871
   12506      46.9698
   12507      49.9847
   12508      48.6419
   12509      50.6389
   12510      46.7433
   12511      45.1820
   12512      45.6532
   12513      47.6054
   12514      46.4478
   12515      49.9422
   12516      50.9610
   12517      48.6648
   12518      51.2338
   12519      48.0174
   12520      51.9565
   12521      52.0366
   12522      51.0434
   12523      47.5198
   12524      49.0522
   12525      48.1028
   12526      48.9190
   12527      47.7739
   12528      50.3692
   12529      48.3579
   12530      43.4460
   12531      44.9539
   12532      51.6491
   12533      50.2005
   12534      47.0440
   12535      44.3570
   12536      43.2326
   12537      45.3432
   12538      42.8370
   12539      48.5802
   12540      47.3595
   12541      42.8762
   12542      44.3629
   12543      46.0886
   12544      45.3624
   12545      48.0179
   12546      44.2039
   12547      45.6412
   12548      43.5093
   12549      42.6625
   12550      43.5124
   12551      44.2204
   12552      46.5695
   12553      46.5585
   12554      45.2415
   12555      45.9619
   12556      44.0322
   12557      41.0717
   12558      44.3553
   12559      41.7742
   12560      46.5767
   12561      42.8181
   12562      45.4653
   12563      42.9442
   12564      43.8940
   12565      44.1015
   12566      45.7433
   12567      43.6593
   12568      42.9042
   12569      46.9257
   12570      45.1804
   12571      46.3334
   12572      49.4243
   12573      49.1488
   12574      44.5107
   12575      46.6161
   12576      48.6111
   12577      44.3319
   12578      45.0597
   12579      46.3386
   12580      42.9997
   12581      39.9134
   12582      44.8803
   12583      46.6555
   12584      45.6416
   12585      46.9626
   12586      47.5165
   12587      44.0812
   12588      42.1088
   12589      45.6430
   12590      43.4139
   12591      44.3464
   12592      42.5058
   12593      43.0234
   12594      43.5656
   12595      45.8462
   12596      49.4684
   12597      48.8550
   12598      47.5380
   12599      49.8852
   12600      47.2143
   12601      47.9556
   12602      49.4406
   12603      44.7499
   12604      43.3375
   12605      43.6037
   12606      46.2808
   12607      51.1454
   12608      47.7140
   12609      45.7884
   12610      42.3847
   12611      46.6639
   12612      46.8337
   12613      48.2118
   12614      49.8513
   12615      51.5422
   12616      51.5140
   12617      50.0142
   12618      49.3635
   12619      50.7413
   12620      52.6489
   12621      49.2243
   12622      43.7757
   12623      46.2070
   12624      50.6656
   12625      53.7868
   12626      53.8612
   12627      51.9482
   12628      54.5224
   12629      53.7530
   12630      55.1094
   12631      58.0354
   12632      55.6220
   12633      54.9521
   12634      60.4366
   12635      58.1089
   12636      58.0749
   12637      49.8345
   12638      45.6291
   12639      47.7354
   12640      48.9563
   12641      46.6584
   12642      48.5453
   12643      44.5828
   12644      47.5117
   12645      49.0703
   12646      51.2178
   12647      51.1358
   12648      51.8933
   12649      52.7308
   12650      52.6029
   12651      52.0651
   12652      48.2885
   12653      50.3877
   12654      50.1286
   12655      44.2781
   12656      44.0867
   12657      46.1798
   12658      47.0784
   12659      44.7131
   12660      46.1797
   12661      45.7983
   12662      47.7545
   12663      42.5205
   12664      39.0914
   12665      46.8490
   12666      50.1902
   12667      46.6239
   12668      44.2627
   12669      46.6486
   12670      44.6542
   12671      42.8106
   12672      45.6146
   12673      46.8542
   12674      47.6945
   12675      44.3068
   12676      45.3186
   12677      43.2927
   12678      47.3301
   12679      41.8606
   12680      38.3250
   12681      36.7919
   12682      38.7951
   12683      38.6147
   12684      40.4988
   12685      39.8463
   12686      42.4569
   12687      40.8789
   12688      42.3583
   12689      38.0831
   12690      42.0849
   12691      38.3758
   12692      41.5197
   12693      43.7207
   12694      44.3785
   12695      39.4441
   12696      38.1382
   12697      42.4784
   12698      42.1374
   12699      38.5424
   12700      38.5923
   12701      39.1011
   12702      41.9019
   12703      40.8501
   12704      41.3792
   12705      39.0390
   12706      40.6853
   12707      43.8485
   12708      46.6645
   12709      42.3317
   12710      40.8223
   12711      43.5996
   12712      47.3456
   12713      47.6294
   12714      45.6752
   12715      44.3960
   12716      41.0418
   12717      42.9101
   12718      41.9835
   12719      45.1581
   12720      44.5890
   12721      43.3603
   12722      40.5776
   12723      43.7088
   12724      43.8036
   12725      39.7086
   12726      42.4675
   12727      41.6330
   12728      41.4943
   12729      41.8645
   12730      40.7005
   12731      42.4335
   12732      45.4728
   12733      47.6548
   12734      44.7054
   12735      44.6066
   12736      46.7970
   12737      51.1182
   12738      47.4341
   12739      44.1777
   12740      42.4185
   12741      44.2315
   12742      44.6162
   12743      44.2152
   12744      42.3831
   12745      43.6049
   12746      41.2243
   12747      41.0605
   12748      43.5251
   12749      45.1341
   12750      43.2810
   12751      39.0926
   12752      42.3603
   12753      43.2074
   12754      43.3278
   12755      43.2334
   12756      40.9832
   12757      39.5273
   12758      42.6988
   12759      41.9234
   12760      42.2553
   12761      44.5270
   12762      41.0202
   12763      43.2559
   12764      47.7219
   12765      45.1026
   12766      49.0932
   12767      40.8254
   12768      43.1626
   12769      42.9892
   12770      45.8315
   12771      47.0696
   12772      48.6334
   12773      45.0822
   12774      43.8512
   12775      40.2017
   12776      46.4294
   12777      45.2474
   12778      39.1677
   12779      37.7153
   12780      39.9036
   12781      43.0930
   12782      42.3944
   12783      41.0204
   12784      43.8248
   12785      45.4715
   12786      44.3999
   12787      45.4948
   12788      42.7679
   12789      46.1875
   12790      46.3207
   12791      42.7130
   12792      43.0890
   12793      42.9329
   12794      48.7912
   12795      48.8884
   12796      43.3758
   12797      43.3539
   12798      41.2728
   12799      42.7008
   12800      40.3812
   12801      38.4189
   12802      37.7249
   12803      39.6737
   12804      41.5927
   12805      39.1915
   12806      44.9620
   12807      41.5354
   12808      41.9458
   12809      41.7176
   12810      40.8102
   12811      43.0313
   12812      42.7592
   12813      41.3499
   12814      40.1844
   12815      47.0022
   12816      49.1703
   12817      46.5421
   12818      45.7680
   12819      45.6046
   12820      41.9550
   12821      43.4549
   12822      41.0325
   12823      39.8517
   12824      40.1711
   12825      41.4794
   12826      43.9350
   12827      41.8176
   12828      41.3415
   12829      37.8125
   12830      38.4867
   12831      41.8374
   12832      40.2066
   12833      39.4409
   12834      39.3772
   12835      41.6959
   12836      42.5796
   12837      42.3943
   12838      42.3703
   12839      44.7997
   12840      43.7334
   12841      42.9787
   12842      43.2731
   12843      47.1649
   12844      50.0493
   12845      48.1144
   12846      47.5902
   12847      47.0659
   12848      42.3585
   12849      41.1098
   12850      44.0375
   12851      45.6174
   12852      42.8081
   12853      46.3453
   12854      47.3291
   12855      46.9445
   12856      45.1109
   12857      42.6520
   12858      44.3568
   12859      47.3213
   12860      45.1039
   12861      49.2453
   12862      47.9192
   12863      44.5707
   12864      46.6114
   12865      48.6576
   12866      46.0274
   12867      48.0860
   12868      51.5678
   12869      52.0018
   12870      47.9477
   12871      44.7348
   12872      50.1710
   12873      53.0417
   12874      53.4266
   12875      55.9852
   12876      48.3004
   12877      46.9214
   12878      41.8327
   12879      41.4280
   12880      42.3984
   12881      46.6100
   12882      47.0244
   12883      44.5431
   12884      45.7716
   12885      42.7384
   12886      47.4125
   12887      42.7804
   12888      42.6074
   12889      51.9204
   12890      50.5527
   12891      52.5525
   12892      47.9661
   12893      45.4435
   12894      46.4918
   12895      46.3059
   12896      45.8767
   12897      45.4170
   12898      45.5267
   12899      47.6059
   12900      47.7105
   12901      53.7946
   12902      55.2123
   12903      53.2524
   12904      51.8307
   12905      50.5489
   12906      51.1054
   12907      52.1158
   12908      50.0944
   12909      44.6600
   12910      46.5071
   12911      51.8717
   12912      49.6895
   12913      51.7510
   12914      51.5595
   12915      49.7629
   12916      48.1376
   12917      49.7941
   12918      48.6782
   12919      46.9982
   12920      43.5732
   12921      43.8485
   12922      46.6914
   12923      43.9698
   12924      43.4431
   12925      45.7639
   12926      48.0332
   12927      52.1122
   12928      50.3312
   12929      43.7180
   12930      43.3647
   12931      45.3159
   12932      46.8208
   12933      45.9078
   12934      49.6109
   12935      48.0321
   12936      46.8354
   12937      44.7217
   12938      46.2811
   12939      51.9639
   12940      54.3407
   12941      54.7706
   12942      53.5612
   12943      50.5819
   12944      48.1510
   12945      43.0423
   12946      40.0053
   12947      41.3181
   12948      42.6781
   12949      45.0482
   12950      44.6045
   12951      45.4601
   12952      46.9606
   12953      42.7535
   12954      44.7034
   12955      44.5787
   12956      44.5472
   12957      43.7948
   12958      41.8957
   12959      43.0768
   12960      42.7368
   12961      46.3312
   12962      47.3174
   12963      47.3740
   12964      45.5037
   12965      43.8904
   12966      41.7929
   12967      45.4477
   12968      45.5645
   12969      47.7951
   12970      48.4714
   12971      50.9975
   12972      54.5308
   12973      50.9468
   12974      50.8660
   12975      46.6936
   12976      44.6130
   12977      39.3425
   12978      39.1774
   12979      41.2086
   12980      43.2602
   12981      45.8029
   12982      42.3222
   12983      44.8195
   12984      45.7724
   12985      44.6383
   12986      44.6842
   12987      44.7481
   12988      44.0163
   12989      43.6405
   12990      42.0360
   12991      44.1349
   12992      43.1891
   12993      43.7360
   12994      42.5021
   12995      43.8582
   12996      42.1542
   12997      44.0147
   12998      43.2553
   12999      44.3082
   13000      43.9308
   13001      43.2941
   13002      44.8364
   13003      42.9916
   13004      45.6705
   13005      45.2506
   13006      51.9301
   13007      52.9149
   13008      52.3499
   13009      49.6722
   13010      48.6026
   13011      45.0917
   13012      47.7116
   13013      43.3279
   13014      43.5745
   13015      47.4382
   13016      46.2789
   13017      43.6559
   13018      44.6892
   13019      45.4138
   13020      46.2956
   13021      45.4183
   13022      46.6980
   13023      44.6562
   13024      48.6979
   13025      46.3168
   13026      44.6183
   13027      43.7335
   13028      43.3617
   13029      44.2115
   13030      46.1041
   13031      45.5217
   13032      45.2679
   13033      46.9561
   13034      44.1010
   13035      45.3338
   13036      45.4671
   13037      47.7395
   13038      44.7904
   13039      46.6043
   13040      51.1701
   13041      49.2451
   13042      47.5577
   13043      48.3113
   13044      48.7766
   13045      44.2100
   13046      42.2061
   13047      44.0362
   13048      43.9791
   13049      43.5375
   13050      45.0520
   13051      45.9617
   13052      47.4298
   13053      46.7525
   13054      48.5028
   13055      50.2839
   13056      51.3283
   13057      47.5071
   13058      45.1167
   13059      44.6080
   13060      46.1157
   13061      43.0629
   13062      43.4418
   13063      43.8258
   13064      45.9649
   13065      47.7662
   13066      48.0120
   13067      47.1441
   13068      45.6737
   13069      43.7181
   13070      44.9419
   13071      44.7792
   13072      47.7743
   13073      50.2541
   13074      46.9974
   13075      41.5732
   13076      44.7216
   13077      44.5843
   13078      47.1220
   13079      47.2322
   13080      45.5290
   13081      49.9600
   13082      48.2153
   13083      44.9345
   13084      43.8792
   13085      46.3684
   13086      45.0840
   13087      46.1160
   13088      46.2621
   13089      45.1307
   13090      45.7662
   13091      49.3115
   13092      57.3616
   13093      52.9169
   13094      50.5807
   13095      51.2630
   13096      48.7074
   13097      51.2076
   13098      48.0422
   13099      52.5107
   13100      53.6098
   13101      48.6525
   13102      47.4309
   13103      49.1245
   13104      46.9398
   13105      45.6657
   13106      45.7642
   13107      38.7932
   13108      40.0774
   13109      41.0918
   13110      40.3402
   13111      42.3135
   13112      44.9300
   13113      43.2692
   13114      47.4097
   13115      47.7233
   13116      47.4077
   13117      47.9429
   13118      47.2973
   13119      43.3524
   13120      45.0961
   13121      43.7595
   13122      42.5071
   13123      47.1561
   13124      50.1715
   13125      48.5295
   13126      49.1472
   13127      45.7717
   13128      47.2737
   13129      46.8956
   13130      49.4802
   13131      49.6981
   13132      46.3992
   13133      47.3927
   13134      42.1998
   13135      44.7538
   13136      44.5862
   13137      45.2063
   13138      45.2240
   13139      44.0845
   13140      46.1511
   13141      43.1918
   13142      45.6778
   13143      46.0415
   13144      45.0937
   13145      47.2250
   13146      46.3741
   13147      48.7975
   13148      47.8315
   13149      45.3141
   13150      44.2458
   13151      47.1198
   13152      46.2683
   13153      46.6839
   13154      48.0664
   13155      47.8150
   13156      45.8825
   13157      46.1376
   13158      47.8990
   13159      46.8808
   13160      46.7224
   13161      46.8573
   13162      44.8200
   13163      49.1361
   13164      46.3940
   13165      47.3493
   13166      46.2996
   13167      46.2255
   13168      45.7992
   13169      44.4962
   13170      44.5974
   13171      44.8268
   13172      47.8628
   13173      47.1988
   13174      43.2984
   13175      48.0022
   13176      44.8178
   13177      44.7222
   13178      47.4970
   13179      48.3270
   13180      48.9294
   13181      49.7813
   13182      48.3582
   13183      50.5862
   13184      53.7715
   13185      48.9641
   13186      44.9982
   13187      42.9782
   13188      47.2759
   13189      48.5628
   13190      47.1243
   13191      53.2073
   13192      53.4437
   13193      55.4714
   13194      51.6290
   13195      50.6068
   13196      45.9914
   13197      48.2918
   13198      48.1528
   13199      45.7669
   13200      45.9417
   13201      45.5628
   13202      49.0828
   13203      48.5981
   13204      51.1805
   13205      48.4631
   13206      49.3084
   13207      49.6695
   13208      47.0042
   13209      46.6158
   13210      47.4207
   13211      42.9181
   13212      44.0299
   13213      45.5327
   13214      44.5743
   13215      46.1022
   13216      48.1586
   13217      49.8834
   13218      52.6850
   13219      55.3733
   13220      58.9026
   13221      53.7293
   13222      50.4914
   13223      51.1179
   13224      54.9831
   13225      52.2214
   13226      45.6437
   13227      43.5314
   13228      43.6532
   13229      41.5152
   13230      42.0190
   13231      41.7086
   13232      41.9128
   13233      44.1718
   13234      46.2390
   13235      47.2321
   13236      47.0817
   13237      46.0653
   13238      50.0471
   13239      51.2487
   13240      50.0006
   13241      45.4924
   13242      41.7947
   13243      47.4381
   13244      49.1400
   13245      48.1185
   13246      49.4378
   13247      49.0361
   13248      50.7629
   13249      49.4027
   13250      50.4757
   13251      53.8437
   13252      54.9342
   13253      52.8824
   13254      49.4838
   13255      46.4274
   13256      46.1685
   13257      47.0802
   13258      48.6890
   13259      48.8154
   13260      52.2257
   13261      46.4638
   13262      45.5975
   13263      45.3754
   13264      43.6365
   13265      44.1506
   13266      46.4192
   13267      45.2121
   13268      44.5612
   13269      45.6923
   13270      46.5483
   13271      45.1228
   13272      43.7936
   13273      43.7672
   13274      44.1255
   13275      45.1813
   13276      48.4521
   13277      48.9399
   13278      46.4579
   13279      42.9204
   13280      43.7215
   13281      43.1629
   13282      48.0150
   13283      47.2609
   13284      47.0817
   13285      45.0577
   13286      45.6393
   13287      46.6808
   13288      46.0781
   13289      45.4750
   13290      43.8834
   13291      44.6576
   13292      49.1087
   13293      45.1281
   13294      47.2072
   13295      46.8111
   13296      46.3569
   13297      49.1234
   13298      50.0810
   13299      49.4305
   13300      46.5897
   13301      45.7757
   13302      46.9331
   13303      50.3024
   13304      55.1736
   13305      50.3198
   13306      47.5490
   13307      44.7603
   13308      47.6842
   13309      52.5819
   13310      53.4211
   13311      48.9204
   13312      45.7035
   13313      42.2479
   13314      44.7941
   13315      44.1722
   13316      45.3976
   13317      47.2401
   13318      47.1280
   13319      46.1572
   13320      46.7039
   13321      46.2196
   13322      51.3595
   13323      50.5492
   13324      45.6876
   13325      45.3359
   13326      46.9684
   13327      44.2141
   13328      44.6010
   13329      43.9984
   13330      45.0272
   13331      45.0421
   13332      43.7560
   13333      43.9213
   13334      48.9055
   13335      52.2706
   13336      51.8055
   13337      49.1275
   13338      47.9043
   13339      46.9058
   13340      49.0899
   13341      45.5739
   13342      44.8671
   13343      46.8298
   13344      44.0925
   13345      45.6355
   13346      42.8654
   13347      41.8935
   13348      45.3212
   13349      43.9187
   13350      43.7977
   13351      47.6801
   13352      44.3878
   13353      47.0014
   13354      48.3428
   13355      50.2623
   13356      48.5024
   13357      47.1784
   13358      47.0203
   13359      45.7285
   13360      45.0145
   13361      48.0630
   13362      45.9018
   13363      46.9555
   13364      46.0326
   13365      46.9034
   13366      44.4989
   13367      44.7954
   13368      44.1433
   13369      43.2887
   13370      50.1622
   13371      51.1121
   13372      48.1731
   13373      46.9805
   13374      45.6505
   13375      46.8511
   13376      47.6895
   13377      49.5406
   13378      55.2973
   13379      55.9137
   13380      48.7292
   13381      51.5916
   13382      46.0844
   13383      43.6128
   13384      46.2011
   13385      48.0766
   13386      50.2744
   13387      47.2885
   13388      42.9589
   13389      44.8159
   13390      47.6918
   13391      50.6589
   13392      44.1963
   13393      44.8825
   13394      45.3823
   13395      43.5732
   13396      44.6461
   13397      44.6542
   13398      41.4786
   13399      43.8181
   13400      44.7282
   13401      49.1896
   13402      46.9310
   13403      48.1393
   13404      45.7701
   13405      44.0153
   13406      50.5459
   13407      45.0462
   13408      43.8054
   13409      48.1903
   13410      49.5467
   13411      41.9640
   13412      41.2917
   13413      43.5692
   13414      46.7219
   13415      51.5856
   13416      48.3766
   13417      47.0331
   13418      47.1874
   13419      45.2153
   13420      44.2578
   13421      45.2255
   13422      44.2139
   13423      49.3812
   13424      48.9767
   13425      48.9249
   13426      45.8228
   13427      47.9943
   13428      48.4327
   13429      47.9472
   13430      48.2107
   13431      47.4243
   13432      46.5071
   13433      48.8104
   13434      47.9793
   13435      48.7632
   13436      46.8427
   13437      46.8504
   13438      50.4461
   13439      47.5825
   13440      48.5786
   13441      53.2911
   13442      53.8960
   13443      56.1379
   13444      52.8430
   13445      53.0920
   13446      49.4153
   13447      49.6343
   13448      48.7780
   13449      44.9066
   13450      44.3063
   13451      44.9898
   13452      48.4132
   13453      49.4483
   13454      53.0951
   13455      51.6757
   13456      52.5889
   13457      52.8163
   13458      54.2260
   13459      51.7404
   13460      48.4217
   13461      47.0400
   13462      48.5190
   13463      50.5329
   13464      47.6504
   13465      48.3926
   13466      51.1408
   13467      52.8380
   13468      52.0411
   13469      51.0766
   13470      46.5126
   13471      45.7487
   13472      47.4545
   13473      44.2810
   13474      45.0218
   13475      44.4684
   13476      44.1472
   13477      46.4306
   13478      44.8071
   13479      44.9062
   13480      43.7886
   13481      44.1717
   13482      47.9298
   13483      46.2097
   13484      44.4181
   13485      44.5605
   13486      45.0665
   13487      47.6723
   13488      43.1104
   13489      46.7839
   13490      49.1404
   13491      47.4197
   13492      48.5448
   13493      50.3983
   13494      57.7293
   13495      54.3360
   13496      49.0662
   13497      45.3450
   13498      43.1472
   13499      45.5230
   13500      46.5743
   13501      46.1674
   13502      47.7542
   13503      42.7441
   13504      41.4427
   13505      41.1256
   13506      47.7616
   13507      44.5828
   13508      46.1526
   13509      44.5038
   13510      46.1237
   13511      50.0345
   13512      53.2139
   13513      45.6865
   13514      48.1553
   13515      47.4100
   13516      48.8985
   13517      49.4511
   13518      49.3467
   13519      49.2991
   13520      47.9216
   13521      46.7298
   13522      47.4663
   13523      45.5077
   13524      45.1507
   13525      46.7528
   13526      47.2427
   13527      48.9975
   13528      46.6070
   13529      43.6876
   13530      42.9216
   13531      44.0859
   13532      41.2580
   13533      39.5419
   13534      40.2292
   13535      42.5078
   13536      43.1196
   13537      39.5698
   13538      46.0225
   13539      48.1138
   13540      44.2159
   13541      43.3948
   13542      43.7404
   13543      44.3059
   13544      48.9992
   13545      53.3185
   13546      53.6673
   13547      52.3746
   13548      46.5326
   13549      42.6392
   13550      45.0934
   13551      47.2633
   13552      45.1926
   13553      45.0611
   13554      40.7634
   13555      45.3982
   13556      49.5759
   13557      44.9929
   13558      49.3551
   13559      45.8813
   13560      49.4261
   13561      50.0328
   13562      52.7858
   13563      50.9354
   13564      48.3348
   13565      47.9849
   13566      46.5825
   13567      46.8717
   13568      50.9717
   13569      50.0399
   13570      53.2207
   13571      59.0706
   13572      56.8632
   13573      55.0260
   13574      56.7165
   13575      56.5547
   13576      56.1821
   13577      59.9171
   13578      60.0894
   13579      57.8312
   13580      52.9144
   13581      58.3845
   13582      59.3000
   13583      55.5365
   13584      54.2225
   13585      48.9679
   13586      48.1657
   13587      47.6464
   13588      46.3828
   13589      50.4969
   13590      49.2934
   13591      48.3125
   13592      46.0140
   13593      45.1767
   13594      45.4656
   13595      45.9975
   13596      45.4575
   13597      50.0491
   13598      51.9746
   13599      50.7606
   13600      51.3945
   13601      49.1022
   13602      47.4391
   13603      47.1510
   13604      45.2365
   13605      52.8375
   13606      52.0492
   13607      49.1413
   13608      46.0453
   13609      45.3941
   13610      47.4796
   13611      46.1542
   13612      49.9830
   13613      48.5141
   13614      49.6355
   13615      47.6473
   13616      45.6348
   13617      45.7114
   13618      46.2328
   13619      44.9694
   13620      43.7615
   13621      45.6162
   13622      45.3177
   13623      46.3798
   13624      47.9434
   13625      46.0028
   13626      46.6152
   13627      43.2973
   13628      47.7395
   13629      46.7461
   13630      45.6829
   13631      47.2363
   13632      47.0017
   13633      49.5837
   13634      49.8966
   13635      49.1593
   13636      45.2857
   13637      49.3359
   13638      47.7585
   13639      48.9968
   13640      50.6992
   13641      48.4980
   13642      47.9933
   13643      46.1453
   13644      45.7440
   13645      40.4069
   13646      42.3088
   13647      47.3774
   13648      43.0104
   13649      46.7448
   13650      44.8510
   13651      46.3455
   13652      45.2814
   13653      46.4078
   13654      47.6038
   13655      52.4389
   13656      46.1267
   13657      45.9313
   13658      47.7728
   13659      49.6857
   13660      46.2056
   13661      47.9091
   13662      47.4758
   13663      45.6540
   13664      45.9731
   13665      47.3208
   13666      45.6972
   13667      45.6429
   13668      50.1594
   13669      46.8969
   13670      44.5712
   13671      44.8590
   13672      45.7881
   13673      46.2983
   13674      45.9283
   13675      44.9458
   13676      45.0274
   13677      44.8323
   13678      43.2118
   13679      44.2911
   13680      42.9521
   13681      46.3442
   13682      48.5680
   13683      46.6952
   13684      48.3889
   13685      48.1195
   13686      51.0840
   13687      48.9967
   13688      50.0047
   13689      50.4083
   13690      51.8790
   13691      49.2145
   13692      49.3555
   13693      49.9823
   13694      45.0803
   13695      45.8047
   13696      44.2813
   13697      47.3480
   13698      41.4069
   13699      41.7320
   13700      42.6037
   13701      48.5378
   13702      47.1768
   13703      46.8722
   13704      46.7139
   13705      47.6067
   13706      47.6050
   13707      46.2557
   13708      49.5536
   13709      44.2947
   13710      46.2441
   13711      44.2661
   13712      44.4946
   13713      46.4019
   13714      45.8623
   13715      46.5615
   13716      48.5507
   13717      47.9356
   13718      48.4540
   13719      46.2147
   13720      46.5609
   13721      46.2998
   13722      45.8861
   13723      44.9756
   13724      49.8435
   13725      50.0757
   13726      52.6173
   13727      49.8134
   13728      51.4487
   13729      53.9141
   13730      52.2615
   13731      55.4076
   13732      50.9813
   13733      52.2372
   13734      50.9341
   13735      48.5359
   13736      49.9345
   13737      47.3280
   13738      49.3518
   13739      48.6463
   13740      48.4471
   13741      48.5969
   13742      50.2542
   13743      48.7401
   13744      48.2788
   13745      51.1454
   13746      54.4820
   13747      51.5053
   13748      51.7722
   13749      49.4234
   13750      48.0188
   13751      51.7875
   13752      50.0667
   13753      50.3345
   13754      48.6127
   13755      47.8283
   13756      49.1159
   13757      47.5326
   13758      47.8506
   13759      45.8233
   13760      42.9715
   13761      46.6967
   13762      48.1916
   13763      49.9630
   13764      55.5461
   13765      55.9611
   13766      52.7302
   13767      51.2701
   13768      50.8717
   13769      48.8033
   13770      48.5804
   13771      48.0346
   13772      52.6727
   13773      52.5007
   13774      45.5391
   13775      51.8031
   13776      48.7118
   13777      47.4666
   13778      46.1982
   13779      44.2571
   13780      45.0809
   13781      48.3063
   13782      44.8918
   13783      49.0182
   13784      51.7171
   13785      51.7987
   13786      49.8045
   13787      48.9536
   13788      49.6360
   13789      47.4788
   13790      44.1627
   13791      41.8454
   13792      43.0322
   13793      43.6916
   13794      43.3596
   13795      44.2309
   13796      44.0170
   13797      42.2360
   13798      43.7614
   13799      43.0374
   13800      47.6841
   13801      51.2490
   13802      50.2675
   13803      47.5975
   13804      46.2119
   13805      43.0987
   13806      44.6920
   13807      49.4317
   13808      51.0679
   13809      49.8051
   13810      53.3621
   13811      50.9507
   13812      56.5049
   13813      54.1075
   13814      51.9914
   13815      50.7353
   13816      48.5989
   13817      48.8624
   13818      49.8566
   13819      43.3153
   13820      45.9098
   13821      44.2112
   13822      44.6967
   13823      47.4909
   13824      44.6839
   13825      44.2476
   13826      44.5352
   13827      47.4627
   13828      43.3952
   13829      43.2124
   13830      47.0906
   13831      46.5943
   13832      46.7510
   13833      45.1401
   13834      47.7149
   13835      46.5971
   13836      42.9707
   13837      44.2804
   13838      49.0263
   13839      49.2354
   13840      46.5929
   13841      43.7285
   13842      40.0031
   13843      40.7916
   13844      43.0933
   13845      44.2567
   13846      44.4830
   13847      47.8434
   13848      49.4395
   13849      47.6508
   13850      41.5375
   13851      42.0339
   13852      43.1868
   13853      43.7349
   13854      42.0230
   13855      40.2449
   13856      43.7756
   13857      43.6310
   13858      45.0488
   13859      43.1937
   13860      45.4561
   13861      44.9865
   13862      42.9406
   13863      44.5519
   13864      42.4358
   13865      45.2992
   13866      43.8181
   13867      42.9567
   13868      41.3018
   13869      43.1134
   13870      43.9971
   13871      44.6850
   13872      43.1776
   13873      43.7670
   13874      44.8370
   13875      43.6793
   13876      46.3487
   13877      44.6689
   13878      44.7908
   13879      45.3005
   13880      49.7207
   13881      51.1783
   13882      50.6388
   13883      53.7793
   13884      52.6702
   13885      51.4509
   13886      49.6654
   13887      44.8336
   13888      43.7949
   13889      44.8375
   13890      45.3686
   13891      45.4331
   13892      43.8046
   13893      43.4555
   13894      44.4859
   13895      44.0067
   13896      47.1505
   13897      47.3386
   13898      44.9973
   13899      46.9812
   13900      48.3486
   13901      47.8326
   13902      44.8587
   13903      47.0043
   13904      48.4334
   13905      47.5289
   13906      47.5955
   13907      44.0125
   13908      43.8553
   13909      41.9334
   13910      41.4597
   13911      46.7147
   13912      45.4321
   13913      48.2332
   13914      50.0645
   13915      50.0521
   13916      48.5522
   13917      51.1357
   13918      49.3073
   13919      51.4589
   13920      52.5268
   13921      47.9031
   13922      45.8059
   13923      47.0806
   13924      49.2342
   13925      49.6545
   13926      47.1882
   13927      46.3998
   13928      43.9683
   13929      44.6907
   13930      51.7659
   13931      50.5708
   13932      51.1665
   13933      54.3316
   13934      55.0266
   13935      50.5323
   13936      52.0470
   13937      56.1887
   13938      52.9399
   13939      51.7664
   13940      50.5103
   13941      48.3488
   13942      50.1632
   13943      52.1273
   13944      52.5561
   13945      51.9893
   13946      49.3051
   13947      50.0389
   13948      50.9350
   13949      50.7182
   13950      48.8093
   13951      48.0925
   13952      45.7669
   13953      45.1496
   13954      44.6428
   13955      45.8262
   13956      47.8224
   13957      50.2547
   13958      50.8724
   13959      41.9592
   13960      47.0628
   13961      47.4004
   13962      44.6895
   13963      42.6000
   13964      44.7885
   13965      43.6621
   13966      45.6996
   13967      41.7626
   13968      46.0463
   13969      46.9694
   13970      47.5183
   13971      51.1049
   13972      47.7406
   13973      53.4578
   13974      49.9209
   13975      47.9407
   13976      46.2387
   13977      45.1172
   13978      44.8159
   13979      45.5296
   13980      48.8455
   13981      49.7605
   13982      47.1115
   13983      46.5546
   13984      48.5636
   13985      45.6707
   13986      42.1763
   13987      45.5344
   13988      45.6340
   13989      44.2517
   13990      44.4410
   13991      43.8992
   13992      45.1651
   13993      45.4982
   13994      46.7505
   13995      46.5337
   13996      50.9331
   13997      51.7703
   13998      53.2678
   13999      53.0579
   14000      50.2877
   14001      48.9491
   14002      52.3365
   14003      54.6585
   14004      55.3836
   14005      56.0579
   14006      53.6430
   14007      53.8192
   14008      54.8768
   14009      49.1164
   14010      49.3090
   14011      47.7679
   14012      55.3444
   14013      54.2117
   14014      50.3033
   14015      46.6870
   14016      46.7145
   14017      46.6948
   14018      42.8943
   14019      42.5435
   14020      43.3962
   14021      45.0502
   14022      44.8046
   14023      46.1659
   14024      46.2389
   14025      46.3091
   14026      45.3448
   14027      47.2736
   14028      45.5446
   14029      43.8715
   14030      43.9430
   14031      40.0117
   14032      45.0005
   14033      46.1483
   14034      46.1606
   14035      44.6595
   14036      46.8348
   14037      43.2918
   14038      44.6014
   14039      46.5030
   14040      47.3050
   14041      51.7283
   14042      48.0440
   14043      46.0784
   14044      47.6409
   14045      42.2459
   14046      43.0849
   14047      44.1051
   14048      45.8767
   14049      46.2082
   14050      45.4036
   14051      44.3271
   14052      48.3502
   14053      50.7405
   14054      46.4610
   14055      47.3239
   14056      45.9347
   14057      45.1392
   14058      47.9412
   14059      46.0699
   14060      45.3269
   14061      44.9903
   14062      48.4191
   14063      47.1631
   14064      48.3635
   14065      46.8391
   14066      45.9701
   14067      44.0468
   14068      44.5333
   14069      45.2722
   14070      47.6518
   14071      43.3483
   14072      46.1579
   14073      46.1751
   14074      47.6847
   14075      46.5574
   14076      47.0614
   14077      49.5476
   14078      48.6618
   14079      46.9862
   14080      52.2521
   14081      50.1797
   14082      49.8051
   14083      48.8870
   14084      48.3458
   14085      44.6633
   14086      44.2843
   14087      41.7189
   14088      44.4456
   14089      44.2273
   14090      47.1966
   14091      48.3568
   14092      46.5651
   14093      48.2040
   14094      44.4963
   14095      43.2997
   14096      43.3942
   14097      43.8948
   14098      44.1329
   14099      41.0048
   14100      45.6783
   14101      49.1412
   14102      44.0491
   14103      45.4403
   14104      44.7705
   14105      45.0619
   14106      46.4367
   14107      43.8712
   14108      40.5076
   14109      42.6052
   14110      43.2119
   14111      43.6033
   14112      46.4304
   14113      47.8245
   14114      52.0836
   14115      51.0152
   14116      49.6125
   14117      50.9110
   14118      46.1878
   14119      49.9972
   14120      49.9220
   14121      49.3797
   14122      46.7761
   14123      47.1480
   14124      44.3758
   14125      44.5626
   14126      45.8915
   14127      44.3981
   14128      45.5512
   14129      44.3806
   14130      50.4971
   14131      49.8497
   14132      48.8852
   14133      49.9271
   14134      49.5380
   14135      48.2859
   14136      47.0486
   14137      46.4809
   14138      46.2586
   14139      42.9990
   14140      43.2520
   14141      47.0338
   14142      46.2292
   14143      48.0668
   14144      45.0490
   14145      43.1393
   14146      43.9232
   14147      43.2241
   14148      44.3306
   14149      46.0174
   14150      47.8714
   14151      44.8075
   14152      42.3748
   14153      43.2500
   14154      47.4210
   14155      46.0971
   14156      50.6071
   14157      51.0020
   14158      53.9007
   14159      52.8639
   14160      48.8745
   14161      50.5841
   14162      54.4702
   14163      53.9496
   14164      51.4824
   14165      51.6760
   14166      47.9579
   14167      50.8410
   14168      52.8735
   14169      57.8209
   14170      60.9294
   14171      59.3411
   14172      60.8491
   14173      59.8218
   14174      59.2286
   14175      55.5503
   14176      57.8111
   14177      56.1898
   14178      55.9759
   14179      61.6431
   14180      60.6686
   14181      52.9504
   14182      52.6700
   14183      53.8521
   14184      52.8154
   14185      52.4830
   14186      53.2085
   14187      54.2256
   14188      53.5498
   14189      51.4137
   14190      49.8326
   14191      50.3030
   14192      51.9552
   14193      49.7987
   14194      47.9005
   14195      47.9577
   14196      50.6295
   14197      47.7623
   14198      49.0217
   14199      48.7097
   14200      46.0438
   14201      43.1169
   14202      43.5631
   14203      46.2270
   14204      47.1913
   14205      47.3651
   14206      44.9917
   14207      49.7162
   14208      48.8053
   14209      52.3664
   14210      49.3190
   14211      53.0921
   14212      52.2396
   14213      55.3925
   14214      54.9197
   14215      54.0572
   14216      52.5262
   14217      53.2158
   14218      52.1946
   14219      52.2339
   14220      51.1437
   14221      52.7439
   14222      49.4089
   14223      50.7290
   14224      51.4241
   14225      48.7131
   14226      49.1703
   14227      52.3006
   14228      52.6127
   14229      56.3445
   14230      53.4760
   14231      51.7665
   14232      51.1062
   14233      53.4623
   14234      50.3276
   14235      53.1425
   14236      46.8988
   14237      49.4474
   14238      50.2060
   14239      45.8217
   14240      45.2052
   14241      41.1364
   14242      47.1383
   14243      45.2037
   14244      46.4042
   14245      47.6871
   14246      47.3558
   14247      47.2320
   14248      44.2570
   14249      46.8484
   14250      44.8393
   14251      45.9162
   14252      47.2263
   14253      46.6710
   14254      48.9699
   14255      45.0122
   14256      47.4506
   14257      43.2525
   14258      42.9221
   14259      42.4337
   14260      43.0654
   14261      46.0890
   14262      48.0280
   14263      47.3520
   14264      45.6085
   14265      46.2738
   14266      45.6395
   14267      49.8636
   14268      46.6860
   14269      48.1317
   14270      49.1512
   14271      47.1391
   14272      50.1378
   14273      43.5032
   14274      45.0803
   14275      45.0576
   14276      45.3866
   14277      45.3244
   14278      48.4837
   14279      49.8085
   14280      47.1165
   14281      45.7528
   14282      48.9954
   14283      52.2896
   14284      55.1328
   14285      52.7625
   14286      56.2353
   14287      53.5548
   14288      48.1516
   14289      51.0467
   14290      50.3963
   14291      46.8732
   14292      46.0382
   14293      45.6828
   14294      47.1385
   14295      51.2151
   14296      48.2911
   14297      47.3367
   14298      45.3326
   14299      41.7489
   14300      46.0434
   14301      45.7066
   14302      43.2552
   14303      42.4939
   14304      46.9812
   14305      42.6344
   14306      46.8476
   14307      41.3206
   14308      45.3912
   14309      44.8572
   14310      46.9746
   14311      41.9966
   14312      40.6787
   14313      45.5561
   14314      44.4892
   14315      47.9632
   14316      52.7871
   14317      50.5288
   14318      52.4820
   14319      54.3541
   14320      56.2136
   14321      53.8715
   14322      53.5487
   14323      47.8986
   14324      48.1783
   14325      45.7923
   14326      44.2942
   14327      45.4993
   14328      47.6557
   14329      44.6926
   14330      43.6281
   14331      42.4688
   14332      48.0748
   14333      47.5564
   14334      49.9116
   14335      48.3401
   14336      45.2375
   14337      48.0071
   14338      47.7556
   14339      49.3289
   14340      46.9566
   14341      45.1484
   14342      45.0379
   14343      48.2147
   14344      43.8745
   14345      43.9748
   14346      46.2144
   14347      47.3369
   14348      46.0621
   14349      46.9819
   14350      44.5365
   14351      46.0540
   14352      47.9346
   14353      45.4927
   14354      46.9854
   14355      48.6609
   14356      52.7264
   14357      55.7370
   14358      53.6741
   14359      52.1666
   14360      46.5700
   14361      48.1851
   14362      51.4082
   14363      50.0543
   14364      48.3558
   14365      50.8716
   14366      49.2200
   14367      51.7525
   14368      50.8968
   14369      46.6110
   14370      48.0803
   14371      50.4829
   14372      47.3502
   14373      48.7064
   14374      52.1895
   14375      51.3463
   14376      51.8449
   14377      51.9508
   14378      50.6940
   14379      53.5559
   14380      57.4474
   14381      54.5019
   14382      53.0140
   14383      52.2966
   14384      53.2132
   14385      51.9785
   14386      46.0577
   14387      46.0870
   14388      50.0707
   14389      45.5744
   14390      45.8333
   14391      45.6138
   14392      46.7122
   14393      44.1648
   14394      46.3057
   14395      46.4030
   14396      48.6986
   14397      47.5095
   14398      48.1073
   14399      48.3192
   14400      49.1850
   14401      52.0490
   14402      50.0775
   14403      52.6163
   14404      50.6575
   14405      48.0062
   14406      48.5992
   14407      49.8411
   14408      46.3566
   14409      46.2480
   14410      43.7300
   14411      43.7248
   14412      46.2082
   14413      47.8881
   14414      48.1496
   14415      48.9300
   14416      49.4415
   14417      49.4976
   14418      52.8567
   14419      54.0200
   14420      52.4523
   14421      52.4949
   14422      51.9934
   14423      54.3120
   14424      53.9509
   14425      50.0133
   14426      49.4913
   14427      47.3108
   14428      47.1566
   14429      46.7675
   14430      49.0609
   14431      47.3117
   14432      44.6222
   14433      46.8292
   14434      50.1621
   14435      49.1532
   14436      51.4755
   14437      49.6249
   14438      53.5455
   14439      52.6513
   14440      51.2342
   14441      48.8001
   14442      50.8593
   14443      52.9532
   14444      49.9819
   14445      49.5433
   14446      49.1203
   14447      49.4435
   14448      48.8236
   14449      48.1664
   14450      48.8492
   14451      45.1502
   14452      49.0644
   14453      44.7291
   14454      47.3290
   14455      46.5750
   14456      48.6462
   14457      46.5723
   14458      44.9728
   14459      47.5626
   14460      50.2450
   14461      51.7862
   14462      52.3591
   14463      49.5751
   14464      48.6939
   14465      45.0332
   14466      46.7752
   14467      49.1450
   14468      48.4152
   14469      45.8702
   14470      44.5565
   14471      45.0992
   14472      45.8917
   14473      50.7457
   14474      52.9984
   14475      54.2707
   14476      53.3055
   14477      54.1068
   14478      51.1044
   14479      43.9458
   14480      45.8589
   14481      44.4187
   14482      47.0860
   14483      48.8424
   14484      50.7950
   14485      54.6348
   14486      53.0106
   14487      54.1964
   14488      51.1770
   14489      47.8560
   14490      49.8476
   14491      46.1480
   14492      47.3123
   14493      48.6332
   14494      45.2472
   14495      47.3854
   14496      46.1305
   14497      49.6076
   14498      48.1808
   14499      48.1097
   14500      44.5545
   14501      46.9911
   14502      45.9796
   14503      46.6560
   14504      46.3889
   14505      47.9742
   14506      53.5637
   14507      48.8874
   14508      49.4832
   14509      49.7453
   14510      49.1496
   14511      50.8276
   14512      50.6933
   14513      51.4856
   14514      53.7328
   14515      55.2708
   14516      58.1669
   14517      59.5568
   14518      56.8421
   14519      58.0724
   14520      60.7952
   14521      63.2813
   14522      58.4797
   14523      62.1475
   14524      63.1162
   14525      63.3994
   14526      65.5452
   14527      71.3433
   14528      71.4304
   14529      76.5676
   14530      75.6999
   14531      75.3421
   14532      71.5914
   14533      78.4057
   14534      78.2550
   14535      76.8624
   14536      77.2355
   14537      74.6928
   14538      70.2601
   14539      74.5105
   14540      76.5535
   14541      78.7900
   14542      78.1040
   14543      74.5442
   14544      73.7058
   14545      67.2508
   14546      62.2446
   14547      66.6388
   14548      61.3871
   14549      68.3911
   14550      65.4940
   14551      61.5296
   14552      54.6381
   14553      60.5757
   14554      59.6369
   14555      58.0674
   14556      54.0855
   14557      55.1572
   14558      54.2455
   14559      53.8143
   14560      50.9164
   14561      45.2606
   14562      47.0841
   14563      46.4234
   14564      47.6316
   14565      44.9449
   14566      48.6111
   14567      49.2744
   14568      51.6001
   14569      49.8932
   14570      50.5259
   14571      52.5794
   14572      49.2677
   14573      53.5840
   14574      49.4936
   14575      49.1680
   14576      48.5444
   14577      46.3028
   14578      48.6129
   14579      48.0054
   14580      48.3396
   14581      50.0178
   14582      55.6242
   14583      55.5034
   14584      56.7512
   14585      52.3987
   14586      47.7994
   14587      46.0683
   14588      49.9185
   14589      57.6428
   14590      51.8131
   14591      50.0193
   14592      49.1647
   14593      45.6452
   14594      46.9289
   14595      48.4301
   14596      46.8195
   14597      46.5041
   14598      46.7131
   14599      49.1160
   14600      45.2638
   14601      47.4421
   14602      47.2107
   14603      48.5482
   14604      50.2308
   14605      50.9843
   14606      49.1647
   14607      51.9545
   14608      49.9872
   14609      46.3033
   14610      43.5023
   14611      43.5979
   14612      44.7835
   14613      49.3598
   14614      49.3148
   14615      52.8868
   14616      49.0365
   14617      47.5912
   14618      48.9924
   14619      47.3655
   14620      48.2642
   14621      49.2311
   14622      49.3938
   14623      50.7484
   14624      48.1341
   14625      49.0539
   14626      46.2617
   14627      45.3573
   14628      43.9519
   14629      45.0404
   14630      44.6357
   14631      46.6388
   14632      50.5137
   14633      53.8429
   14634      49.6016
   14635      54.6837
   14636      50.6159
   14637      48.2853
   14638      46.5630
   14639      51.7425
   14640      52.1628
   14641      48.4349
   14642      50.4532
   14643      53.7352
   14644      49.0113
   14645      44.2203
   14646      48.6030
   14647      51.7987
   14648      52.7845
   14649      50.4724
   14650      49.5742
   14651      46.2388
   14652      53.1092
   14653      56.7729
   14654      52.6242
   14655      54.5311
   14656      51.9938
   14657      50.5491
   14658      50.9171
   14659      50.6773
   14660      52.0521
   14661      48.4836
   14662      43.5569
   14663      45.9862
   14664      43.1094
   14665      48.1464
   14666      47.7554
   14667      48.5616
   14668      48.9183
   14669      51.9738
   14670      50.1423
   14671      48.7166
   14672      46.9888
   14673      49.0170
   14674      53.8583
   14675      54.6199
   14676      53.7003
   14677      55.3514
   14678      52.8662
   14679      52.2709
   14680      54.7093
   14681      56.9363
   14682      55.6477
   14683      53.8309
   14684      49.5716
   14685      50.9329
   14686      51.0440
   14687      46.0719
   14688      49.6708
   14689      55.1401
   14690      53.9371
   14691      52.1919
   14692      53.4879
   14693      53.4522
   14694      56.4075
   14695      59.9406
   14696      60.7303
   14697      58.9792
   14698      58.1025
   14699      56.6956
   14700      57.9557
   14701      59.3523
   14702      60.1572
   14703      60.9601
   14704      54.9519
   14705      50.4135
   14706      49.5099
   14707      51.7787
   14708      51.7884
   14709      51.0000
   14710      49.1142
   14711      51.4122
   14712      49.1156
   14713      51.4371
   14714      49.8327
   14715      45.2113
   14716      47.6971
   14717      46.3161
   14718      49.0831
   14719      46.1863
   14720      49.4689
   14721      46.5009
   14722      46.5943
   14723      44.4546
   14724      47.2938
   14725      46.7300
   14726      49.7682
   14727      49.3133
   14728      46.5270
   14729      42.5398
   14730      43.2640
   14731      46.7811
   14732      44.2255
   14733      42.0302
   14734      47.0203
   14735      47.2648
   14736      49.7119
   14737      51.7723
   14738      51.7048
   14739      52.7973
   14740      49.1239
   14741      47.5482
   14742      46.8689
   14743      46.4560
   14744      43.2003
   14745      46.0236
   14746      42.8636
   14747      45.4515
   14748      44.7600
   14749      46.6969
   14750      44.2756
   14751      43.7008
   14752      44.5363
   14753      46.0383
   14754      51.6168
   14755      53.8124
   14756      54.1470
   14757      62.4060
   14758      62.0998
   14759      63.0177
   14760      61.1472
   14761      64.6900
   14762      63.3721
   14763      65.7692
   14764      62.2166
   14765      59.7422
   14766      62.7975
   14767      62.6047
   14768      57.2507
   14769      52.7619
   14770      48.3861
   14771      52.4368
   14772      51.8740
   14773      50.7355
   14774      48.9832
   14775      51.5006
   14776      50.4440
   14777      47.2519
   14778      50.5555
   14779      50.6393
   14780      48.3998
   14781      49.2471
   14782      49.5015
   14783      51.7379
   14784      50.4752
   14785      49.1990
   14786      51.2843
   14787      49.0876
   14788      47.5158
   14789      48.5539
   14790      51.7149
   14791      49.8762
   14792      52.2546
   14793      54.9801
   14794      53.0059
   14795      55.3048
   14796      51.7699
   14797      48.8222
   14798      53.6854
   14799      50.4436
   14800      48.0415
   14801      49.1112
   14802      49.8097
   14803      51.3928
   14804      49.8816
   14805      53.6064
   14806      54.1633
   14807      53.0606
   14808      55.0732
   14809      51.0465
   14810      48.5752
   14811      51.8960
   14812      47.1809
   14813      47.4266
   14814      45.5955
   14815      47.1342
   14816      46.8781
   14817      45.5359
   14818      47.9793
   14819      46.5656
   14820      47.2056
   14821      47.1146
   14822      46.9163
   14823      42.7989
   14824      41.9380
   14825      41.1824
   14826      43.4550
   14827      45.0101
   14828      46.1105
   14829      44.7872
   14830      45.0451
   14831      43.4418
   14832      50.5356
   14833      50.4463
   14834      51.9084
   14835      51.5760
   14836      50.9603
   14837      51.5414
   14838      53.6544
   14839      53.8610
   14840      54.9682
   14841      51.1452
   14842      51.2118
   14843      52.0194
   14844      51.4261
   14845      50.8936
   14846      51.0265
   14847      51.4917
   14848      53.1228
   14849      46.7345
   14850      49.0090
   14851      53.5659
   14852      51.5047
   14853      47.7920
   14854      53.0784
   14855      53.9591
   14856      59.0700
   14857      51.9172
   14858      50.2065
   14859      55.8125
   14860      54.1796
   14861      50.5992
   14862      48.0421
   14863      47.7839
   14864      45.3723
   14865      46.1962
   14866      48.1292
   14867      44.2493
   14868      46.3652
   14869      47.2436
   14870      45.9985
   14871      47.1878
   14872      49.0586
   14873      50.2859
   14874      47.2689
   14875      49.0093
   14876      49.9847
   14877      46.3777
   14878      46.7038
   14879      47.7317
   14880      50.8651
   14881      48.5010
   14882      46.8157
   14883      42.3829
   14884      44.5362
   14885      45.3218
   14886      45.2445
   14887      44.7112
   14888      45.8840
   14889      47.0232
   14890      46.4248
   14891      45.4107
   14892      46.5631
   14893      44.7238
   14894      46.9206
   14895      48.5657
   14896      48.1337
   14897      46.8437
   14898      45.4321
   14899      45.9394
   14900      49.3751
   14901      46.2977
   14902      46.2509
   14903      50.8217
   14904      49.6360
   14905      51.8011
   14906      46.6703
   14907      47.8256
   14908      49.3582
   14909      51.1098
   14910      44.1710
   14911      46.8549
   14912      46.7522
   14913      42.7814
   14914      41.3165
   14915      41.1479
   14916      45.1487
   14917      52.2690
   14918      56.7484
   14919      52.1145
   14920      52.7886
   14921      53.9827
   14922      57.1403
   14923      59.7422
   14924      63.6842
   14925      63.4447
   14926      59.2719
   14927      57.1512
   14928      54.2051
   14929      51.7675
   14930      50.3153
   14931      48.5630
   14932      51.1280
   14933      53.2800
   14934      49.1176
   14935      49.4975
   14936      50.0851
   14937      51.4647
   14938      45.9517
   14939      47.5474
   14940      43.2024
   14941      41.3909
   14942      47.0775
   14943      47.5746
   14944      49.8241
   14945      49.7580
   14946      50.5512
   14947      47.5900
   14948      48.3093
   14949      42.6831
   14950      46.5156
   14951      50.4249
   14952      47.0431
   14953      47.7710
   14954      46.4500
   14955      48.3376
   14956      47.2733
   14957      44.4472
   14958      49.2720
   14959      45.2092
   14960      45.3003
   14961      52.9923
   14962      50.4981
   14963      49.1199
   14964      51.4016
   14965      51.8545
   14966      49.7194
   14967      47.7888
   14968      45.8425
   14969      43.1600
   14970      39.4609
   14971      41.6596
   14972      47.3887
   14973      45.9836
   14974      43.7327
   14975      44.0187
   14976      41.1297
   14977      43.6248
   14978      49.0799
   14979      45.2877
   14980      44.7706
   14981      43.1218
   14982      46.2739
   14983      54.2893
   14984      51.6787
   14985      52.5274
   14986      52.3973
   14987      54.3350
   14988      52.2747
   14989      56.8035
   14990      49.9890
   14991      51.5370
   14992      52.1751
   14993      52.7634
   14994      48.8858
   14995      51.5777
   14996      50.5931
   14997      51.8787
   14998      47.7650
   14999      51.8253
   15000      49.2267
   15001      46.8351
   15002      50.4773
   15003      49.3399
   15004      53.3207
   15005      52.7233
   15006      51.3844
   15007      51.6481
   15008      53.1196
   15009      45.8522
   15010      46.4443
   15011      45.4458
   15012      46.2540
   15013      47.8992
   15014      46.5609
   15015      46.8002
   15016      44.8012
   15017      48.9455
   15018      49.9341
   15019      50.2156
   15020      51.7518
   15021      48.1667
   15022      52.1482
   15023      49.9477
   15024      51.4604
   15025      49.7310
   15026      45.2837
   15027      48.1728
   15028      51.6427
   15029      55.2131
   15030      56.3127
   15031      59.7801
   15032      52.8257
   15033      47.2505
   15034      44.7682
   15035      46.5009
   15036      48.7878
   15037      45.7860
   15038      47.3752
   15039      47.3041
   15040      49.4696
   15041      46.5594
   15042      49.2147
   15043      49.4389
   15044      50.8957
   15045      49.7285
   15046      46.1404
   15047      48.8938
   15048      48.4608
   15049      49.2041
   15050      47.6992
   15051      50.2294
   15052      52.1269
   15053      51.2460
   15054      51.9231
   15055      52.3902
   15056      48.2743
   15057      50.2367
   15058      50.7822
   15059      46.9295
   15060      48.6206
   15061      51.6722
   15062      50.7389
   15063      51.4980
   15064      53.7286
   15065      53.7039
   15066      49.1067
   15067      47.7264
   15068      49.2442
   15069      50.0616
   15070      52.5350
   15071      51.5768
   15072      44.5826
   15073      44.5609
   15074      47.4303
   15075      46.0259
   15076      46.7466
   15077      44.1388
   15078      42.7427
   15079      42.2198
   15080      43.3552
   15081      43.3119
   15082      46.3873
   15083      47.0753
   15084      47.9168
   15085      46.2166
   15086      46.7998
   15087      45.6572
   15088      47.2306
   15089      42.9307
   15090      44.6947
   15091      50.2554
   15092      50.5219
   15093      48.3790
   15094      43.1734
   15095      44.8082
   15096      48.4774
   15097      49.9169
   15098      54.0594
   15099      53.2587
   15100      53.0631
   15101      48.5081
   15102      55.6158
   15103      53.1187
   15104      49.1094
   15105      49.2735
   15106      53.2680
   15107      53.7888
   15108      51.0394
   15109      53.5034
   15110      52.3647
   15111      52.1164
   15112      55.7179
   15113      55.9274
   15114      52.9374
   15115      54.5999
   15116      52.2724
   15117      53.8268
   15118      54.2721
   15119      51.8735
   15120      54.2494
   15121      52.9632
   15122      48.9300
   15123      48.4399
   15124      46.6776
   15125      47.2691
   15126      48.4541
   15127      50.3319
   15128      49.0912
   15129      50.7889
   15130      51.4136
   15131      49.9138
   15132      48.2572
   15133      52.5707
   15134      48.1686
   15135      49.3126
   15136      54.8877
   15137      52.2756
   15138      48.7364
   15139      50.4685
   15140      50.6631
   15141      48.6381
   15142      51.8126
   15143      52.7464
   15144      50.4894
   15145      50.7582
   15146      48.6078
   15147      49.9228
   15148      50.0527
   15149      47.6551
   15150      49.8397
   15151      49.0524
   15152      48.9525
   15153      47.2944
   15154      48.3294
   15155      48.7754
   15156      48.5680
   15157      47.0241
   15158      45.5430
   15159      48.8325
   15160      52.7012
   15161      50.2350
   15162      48.2654
   15163      46.5074
   15164      48.1226
   15165      51.0195
   15166      49.9942
   15167      54.9347
   15168      55.1975
   15169      56.7857
   15170      52.2758
   15171      48.0402
   15172      49.9122
   15173      52.0723
   15174      48.3698
   15175      52.2327
   15176      50.1910
   15177      53.9087
   15178      54.2021
   15179      54.0945
   15180      49.9810
   15181      49.8873
   15182      50.4801
   15183      52.0764
   15184      48.6637
   15185      50.5813
   15186      51.0768
   15187      50.2318
   15188      47.7661
   15189      46.6819
   15190      47.1204
   15191      48.1463
   15192      46.2207
   15193      45.7830
   15194      45.6499
   15195      46.0638
   15196      44.7505
   15197      45.3568
   15198      47.8250
   15199      49.7492
   15200      48.7861
   15201      48.9790
   15202      48.8522
   15203      47.2681
   15204      52.2443
   15205      54.7709
   15206      53.3136
   15207      53.7500
   15208      52.9305
   15209      51.2510
   15210      50.6798
   15211      53.7873
   15212      54.0441
   15213      56.1920
   15214      54.7989
   15215      52.6658
   15216      51.0151
   15217      50.0436
   15218      48.1830
   15219      49.1255
   15220      50.3931
   15221      50.1029
   15222      47.4733
   15223      51.1421
   15224      51.9162
   15225      47.4438
   15226      43.4733
   15227      46.8575
   15228      49.5458
   15229      53.1466
   15230      52.4441
   15231      51.1983
   15232      52.4148
   15233      55.1249
   15234      62.9329
   15235      60.9232
   15236      60.6906
   15237      61.3608
   15238      58.8927
   15239      51.1358
   15240      51.1038
   15241      53.9976
   15242      63.2761
   15243      67.0947
   15244      61.2578
   15245      61.4819
   15246      57.9192
   15247      57.6071
   15248      57.9109
   15249      60.2314
   15250      56.8712
   15251      57.1360
   15252      53.2299
   15253      53.3339
   15254      53.6827
   15255      56.7757
   15256      52.7983
   15257      46.2734
   15258      48.8876
   15259      53.7470
   15260      53.2275
   15261      54.6208
   15262      59.7339
   15263      57.4698
   15264      52.8116
   15265      50.9175
   15266      52.0545
   15267      48.2755
   15268      50.8285
   15269      49.9746
   15270      49.1179
   15271      46.3698
   15272      45.5471
   15273      47.2733
   15274      46.6709
   15275      45.3342
   15276      48.3246
   15277      47.5594
   15278      48.4885
   15279      46.4529
   15280      48.0714
   15281      44.3004
   15282      46.6724
   15283      44.1434
   15284      45.3688
   15285      43.9588
   15286      44.0425
   15287      45.0996
   15288      53.2828
   15289      52.9511
   15290      51.4711
   15291      47.6752
   15292      48.2720
   15293      48.2870
   15294      45.5973
   15295      42.5920
   15296      39.3149
   15297      42.2978
   15298      37.8559
   15299      40.3989
   15300      44.4660
   15301      45.7299
   15302      47.2462
   15303      47.1859
   15304      47.3922
   15305      44.6980
   15306      43.1157
   15307      43.7455
   15308      43.1491
   15309      40.4779
   15310      41.9800
   15311      43.0238
   15312      44.0317
   15313      43.4858
   15314      42.3406
   15315      44.7263
   15316      40.8604
   15317      45.0618
   15318      47.3136
   15319      44.5719
   15320      47.4680
   15321      45.0449
   15322      44.8686
   15323      43.4389
   15324      43.5125
   15325      47.2075
   15326      47.6391
   15327      44.0403
   15328      42.7425
   15329      46.3107
   15330      37.4610
   15331      41.2147
   15332      40.9002
   15333      45.8841
   15334      46.5623
   15335      45.2317
   15336      43.1887
   15337      43.5714
   15338      45.0406
   15339      42.5456
   15340      43.5750
   15341      45.7730
   15342      50.1487
   15343      48.8326
   15344      50.6906
   15345      53.3228
   15346      45.7863
   15347      49.2368
   15348      48.3973
   15349      48.7028
   15350      48.2017
   15351      48.1705
   15352      48.7911
   15353      50.5503
   15354      46.7678
   15355      46.5352
   15356      45.5427
   15357      49.4392
   15358      52.4891
   15359      54.1049
   15360      51.5054
   15361      53.3834
   15362      49.5598
   15363      47.0115
   15364      44.7293
   15365      48.2372
   15366      45.6298
   15367      49.5464
   15368      48.6038
   15369      48.2299
   15370      48.3187
   15371      49.7068
   15372      50.8398
   15373      50.0213
   15374      45.5680
   15375      44.0839
   15376      46.9618
   15377      49.1891
   15378      48.8903
   15379      48.4581
   15380      49.4167
   15381      48.4634
   15382      46.6646
   15383      48.5406
   15384      46.5320
   15385      46.3104
   15386      45.2820
   15387      50.5150
   15388      52.3090
   15389      51.2421
   15390      48.8357
   15391      49.4758
   15392      54.1614
   15393      51.0109
   15394      47.2433
   15395      46.0055
   15396      44.9839
   15397      48.2304
   15398      48.1913
   15399      42.0507
   15400      45.3405
   15401      42.8318
   15402      44.9504
   15403      43.3330
   15404      44.4796
   15405      46.2479
   15406      45.1121
   15407      46.1263
   15408      45.7697
   15409      52.3186
   15410      52.1552
   15411      47.0713
   15412      49.6424
   15413      43.5796
   15414      44.0366
   15415      46.6608
   15416      46.4419
   15417      48.5769
   15418      48.0706
   15419      45.5769
   15420      44.8936
   15421      46.8634
   15422      46.8801
   15423      47.3659
   15424      46.6833
   15425      49.2696
   15426      46.9660
   15427      47.4761
   15428      47.4298
   15429      50.8350
   15430      46.8383
   15431      47.7407
   15432      48.6350
   15433      47.4717
   15434      48.1126
   15435      47.9173
   15436      52.6788
   15437      52.6908
   15438      47.5019
   15439      48.1016
   15440      47.2938
   15441      48.1469
   15442      51.7567
   15443      52.5482
   15444      52.2725
   15445      53.4046
   15446      57.7903
   15447      55.0880
   15448      50.6388
   15449      50.7675
   15450      51.5151
   15451      60.2385
   15452      63.2812
   15453      61.5641
   15454      62.6717
   15455      62.2413
   15456      67.5057
   15457      66.1497
   15458      61.3990
   15459      65.3704
   15460      67.5075
   15461      68.5588
   15462      71.2194
   15463      71.5290
   15464      69.2768
   15465      69.1695
   15466      69.0233
   15467      66.4923
   15468      64.1905
   15469      63.7487
   15470      63.1542
   15471      67.1768
   15472      59.7665
   15473      58.2088
   15474      56.2675
   15475      59.9121
   15476      61.1478
   15477      58.9375
   15478      59.9017
   15479      58.2724
   15480      55.8067
   15481      58.1078
   15482      58.6246
   15483      49.3819
   15484      48.5888
   15485      43.4121
   15486      45.7043
   15487      47.3667
   15488      44.8998
   15489      47.7243
   15490      50.2419
   15491      45.6339
   15492      51.2125
   15493      54.5687
   15494      51.5014
   15495      53.3352
   15496      47.6733
   15497      46.1213
   15498      54.3773
   15499      55.6385
   15500      54.5186
   15501      50.6221
   15502      51.8448
   15503      48.9476
   15504      47.3550
   15505      48.4762
   15506      50.1899
   15507      49.3298
   15508      51.9130
   15509      52.6881
   15510      55.5976
   15511      57.4026
   15512      55.0055
   15513      48.2664
   15514      49.7641
   15515      47.4537
   15516      47.4775
   15517      46.4084
   15518      48.7864
   15519      49.4005
   15520      47.7726
   15521      47.8374
   15522      50.4070
   15523      47.9259
   15524      51.6795
   15525      48.5482
   15526      48.3508
   15527      48.9024
   15528      50.6376
   15529      48.9776
   15530      47.8650
   15531      48.6130
   15532      48.5094
   15533      50.8625
   15534      49.7485
   15535      46.8196
   15536      44.9983
   15537      47.6649
   15538      50.0215
   15539      55.1364
   15540      50.4787
   15541      49.5519
   15542      55.5306
   15543      53.2412
   15544      47.3983
   15545      43.4159
   15546      44.0342
   15547      48.7202
   15548      48.1720
   15549      44.1654
   15550      50.5051
   15551      54.9698
   15552      48.5781
   15553      51.5524
   15554      48.0307
   15555      49.8937
   15556      48.3548
   15557      47.3204
   15558      39.9345
   15559      39.2105
   15560      44.1420
   15561      43.7873
   15562      41.5997
   15563      40.9266
   15564      41.1925
   15565      42.1160
   15566      43.6358
   15567      42.0678
   15568      42.3546
   15569      40.6872
   15570      41.5882
   15571      42.8100
   15572      43.3877
   15573      39.3304
   15574      38.3286
   15575      37.0169
   15576      41.4369
   15577      42.1335
   15578      44.4088
   15579      44.2597
   15580      38.9567
   15581      39.3695
   15582      43.8705
   15583      48.8471
   15584      47.4103
   15585      47.8250
   15586      45.1267
   15587      51.4813
   15588      52.6088
   15589      50.5454
   15590      44.4141
   15591      44.6625
   15592      45.9581
   15593      48.2180
   15594      51.3197
   15595      52.1144
   15596      53.0974
   15597      51.4829
   15598      50.0640
   15599      50.5780
   15600      47.0318
   15601      51.9075
   15602      52.0599
   15603      52.5523
   15604      48.9090
   15605      55.8310
   15606      58.2028
   15607      51.7854
   15608      52.1798
   15609      52.9837
   15610      52.7460
   15611      50.9644
   15612      53.4077
   15613      54.4914
   15614      54.4958
   15615      55.3640
   15616      56.3763
   15617      53.3718
   15618      55.4921
   15619      53.6615
   15620      52.6812
   15621      52.0729
   15622      53.1600
   15623      55.1027
   15624      53.4749
   15625      49.1490
   15626      54.9286
   15627      53.9609
   15628      51.5032
   15629      51.9414
   15630      51.9472
   15631      49.2289
   15632      50.6516
   15633      51.5766
   15634      56.4121
   15635      58.8675
   15636      59.2654
   15637      60.9434
   15638      56.0060
   15639      53.2973
   15640      53.1450
   15641      49.4393
   15642      53.0907
   15643      50.7499
   15644      48.6334
   15645      49.0975
   15646      50.1697
   15647      45.7281
   15648      47.4496
   15649      46.3504
   15650      46.0467
   15651      46.8312
   15652      46.5508
   15653      48.1502
   15654      49.0532
   15655      47.0172
   15656      49.8312
   15657      47.0932
   15658      46.7772
   15659      50.0081
   15660      46.6420
   15661      50.4408
   15662      50.1094
   15663      50.8871
   15664      51.5808
   15665      49.3410
   15666      50.3616
   15667      48.0453
   15668      48.3026
   15669      44.0597
   15670      44.5416
   15671      45.6567
   15672      50.1228
   15673      54.7930
   15674      54.5036
   15675      56.3815
   15676      55.7788
   15677      53.8118
   15678      56.3365
   15679      53.7190
   15680      54.7055
   15681      52.9067
   15682      49.3071
   15683      51.3126
   15684      53.8134
   15685      53.3157
   15686      53.4971
   15687      55.4667
   15688      52.5850
   15689      50.0677
   15690      54.8938
   15691      56.9873
   15692      55.6953
   15693      54.2936
   15694      52.2730
   15695      47.7645
   15696      50.2022
   15697      52.3077
   15698      55.3356
   15699      53.8695
   15700      54.5655
   15701      48.8131
   15702      53.2573
   15703      52.6165
   15704      49.4189
   15705      45.5900
   15706      45.1036
   15707      46.0064
   15708      48.9639
   15709      46.4119
   15710      46.6689
   15711      47.7087
   15712      47.6370
   15713      46.9262
   15714      49.4139
   15715      51.3087
   15716      48.4395
   15717      42.6239
   15718      47.1677
   15719      48.6432
   15720      47.4777
   15721      45.2273
   15722      46.8159
   15723      49.0514
   15724      45.4567
   15725      44.4431
   15726      50.3056
   15727      53.1360
   15728      52.2953
   15729      54.9524
   15730      52.0691
   15731      49.0484
   15732      53.1340
   15733      52.4236
   15734      50.1378
   15735      50.9128
   15736      52.0802
   15737      58.3568
   15738      59.0693
   15739      52.8830
   15740      46.9456
   15741      47.4495
   15742      48.3126
   15743      46.7434
   15744      48.2486
   15745      50.1931
   15746      48.3813
   15747      50.8316
   15748      49.8526
   15749      45.1174
   15750      47.4106
   15751      50.3215
   15752      49.4696
   15753      48.1943
   15754      49.7917
   15755      49.7146
   15756      47.2447
   15757      49.0029
   15758      43.6342
   15759      45.4253
   15760      47.2283
   15761      44.1237
   15762      46.0984
   15763      45.4104
   15764      52.9923
   15765      56.2006
   15766      53.6391
   15767      53.5247
   15768      47.9165
   15769      46.8451
   15770      52.2625
   15771      55.4870
   15772      55.9775
   15773      54.1755
   15774      54.0933
   15775      52.9303
   15776      53.4952
   15777      53.1908
   15778      59.6621
   15779      53.5905
   15780      55.3434
   15781      54.1412
   15782      53.3882
   15783      55.1695
   15784      52.9599
   15785      54.9592
   15786      55.5329
   15787      56.0935
   15788      57.3583
   15789      56.6852
   15790      61.7088
   15791      60.5081
   15792      61.6622
   15793      61.4402
   15794      59.1927
   15795      59.5273
   15796      60.0522
   15797      60.1078
   15798      59.9462
   15799      62.5093
   15800      64.0293
   15801      63.7528
   15802      62.1759
   15803      61.9179
   15804      61.0884
   15805      61.1242
   15806      62.2876
   15807      61.5715
   15808      61.6001
   15809      58.8819
   15810      57.9804
   15811      49.9270
   15812      49.6817
   15813      47.6957
   15814      46.2843
   15815      49.9532
   15816      52.5632
   15817      55.0022
   15818      55.1097
   15819      55.8599
   15820      57.2829
   15821      53.5456
   15822      55.0412
   15823      53.9740
   15824      54.1699
   15825      52.8138
   15826      56.2375
   15827      58.8259
   15828      57.4311
   15829      52.3747
   15830      51.4840
   15831      49.2212
   15832      50.0679
   15833      50.3112
   15834      54.1628
   15835      50.8182
   15836      53.5282
   15837      49.6268
   15838      44.7371
   15839      48.1923
   15840      46.3368
   15841      50.7416
   15842      53.0989
   15843      50.3974
   15844      50.8239
   15845      48.2396
   15846      50.7334
   15847      44.4591
   15848      47.0733
   15849      51.3676
   15850      52.4616
   15851      51.6209
   15852      55.6960
   15853      52.7137
   15854      54.1994
   15855      54.9884
   15856      49.9285
   15857      47.5440
   15858      48.8779
   15859      43.7428
   15860      45.4441
   15861      44.6244
   15862      49.2961
   15863      42.0089
   15864      45.5323
   15865      44.7268
   15866      44.2058
   15867      45.6786
   15868      44.4268
   15869      45.9499
   15870      50.1008
   15871      44.8177
   15872      47.6939
   15873      47.6826
   15874      46.7155
   15875      43.3437
   15876      45.9861
   15877      46.6518
   15878      48.0358
   15879      44.7700
   15880      46.8236
   15881      50.8095
   15882      53.1185
   15883      47.5328
   15884      50.6977
   15885      50.2612
   15886      52.9534
   15887      45.7415
   15888      46.8181
   15889      51.7421
   15890      47.2284
   15891      45.2595
   15892      48.3471
   15893      48.3567
   15894      45.6085
   15895      48.2888
   15896      47.6481
   15897      48.2824
   15898      48.0387
   15899      47.6617
   15900      48.1737
   15901      52.9295
   15902      49.4926
   15903      46.5728
   15904      46.2625
   15905      51.8493
   15906      54.1779
   15907      53.8945
   15908      52.3108
   15909      46.8119
   15910      47.6040
   15911      49.8024
   15912      48.0483
   15913      50.8908
   15914      52.1812
   15915      48.7426
   15916      46.7892
   15917      55.0156
   15918      51.2543
   15919      52.4240
   15920      50.0683
   15921      48.4081
   15922      50.1934
   15923      48.4599
   15924      44.2468
   15925      42.2700
   15926      44.7301
   15927      47.5914
   15928      47.0430
   15929      45.6010
   15930      46.2030
   15931      47.1435
   15932      47.2367
   15933      48.2215
   15934      48.9785
   15935      46.4204
   15936      48.8775
   15937      42.8606
   15938      48.4980
   15939      51.3788
   15940      50.9720
   15941      48.7054
   15942      54.1432
   15943      56.2935
   15944      60.1295
   15945      59.8508
   15946      58.7371
   15947      55.7465
   15948      57.5461
   15949      55.3545
   15950      52.9245
   15951      51.7032
   15952      49.7956
   15953      48.1732
   15954      43.4618
   15955      52.0672
   15956      57.4408
   15957      50.3177
   15958      47.3949
   15959      43.3494
   15960      42.4087
   15961      42.7150
   15962      48.8732
   15963      44.4316
   15964      43.7616
   15965      48.5013
   15966      44.7808
   15967      49.5718
   15968      45.7019
   15969      48.7754
   15970      46.3024
   15971      45.9266
   15972      45.4116
   15973      49.8517
   15974      45.4661
   15975      46.2088
   15976      47.9430
   15977      49.3052
   15978      52.5163
   15979      49.1098
   15980      50.5264
   15981      55.1129
   15982      54.6962
   15983      51.4398
   15984      48.3116
   15985      44.8098
   15986      51.3341
   15987      50.0160
   15988      52.3285
   15989      50.8242
   15990      49.9131
   15991      48.9399
   15992      43.2150
   15993      42.8832
   15994      45.5607
   15995      44.0153
   15996      45.0976
   15997      45.9617
   15998      43.1626
   15999      42.6981
   16000      42.5809
   16001      40.8431
   16002      43.2168
   16003      39.1048
   16004      40.6779
   16005      40.2742
   16006      41.2146
   16007      41.6596
   16008      43.4701
   16009      40.9461
   16010      38.9278
   16011      38.0860
   16012      39.1272
   16013      38.5976
   16014      41.3399
   16015      42.5553
   16016      38.1127
   16017      42.0461
   16018      39.5749
   16019      41.6418
   16020      42.2496
   16021      41.7213
   16022      40.9760
   16023      49.9130
   16024      46.4842
   16025      38.6443
   16026      38.6463
   16027      39.8061
   16028      42.4190
   16029      40.0281
   16030      39.5177
   16031      43.6596
   16032      47.1459
   16033      42.5859
   16034      41.7933
   16035      38.4210
   16036      43.4124
   16037      43.2597
   16038      43.6574
   16039      45.4687
   16040      44.4962
   16041      39.9540
   16042      41.9053
   16043      39.0812
   16044      44.8446
   16045      42.7954
   16046      40.5866
   16047      42.7249
   16048      42.3307
   16049      42.1477
   16050      47.8920
   16051      44.6258
   16052      42.0478
   16053      42.1136
   16054      42.3982
   16055      42.9262
   16056      41.2292
   16057      43.8276
   16058      43.1696
   16059      45.8530
   16060      47.7310
   16061      47.7670
   16062      48.9209
   16063      46.1491
   16064      42.9040
   16065      44.1426
   16066      45.6686
   16067      44.8119
   16068      45.0404
   16069      50.7621
   16070      46.2465
   16071      47.5560
   16072      43.9299
   16073      45.7932
   16074      45.4416
   16075      45.8188
   16076      50.0937
   16077      47.3483
   16078      46.6002
   16079      46.9509
   16080      48.5316
   16081      44.3508
   16082      44.0629
   16083      43.9109
   16084      42.5692
   16085      45.5748
   16086      45.1114
   16087      46.4578
   16088      41.4851
   16089      42.8314
   16090      42.2903
   16091      42.7787
   16092      43.8985
   16093      48.9546
   16094      45.2560
   16095      49.4879
   16096      48.4862
   16097      44.8721
   16098      44.8395
   16099      43.5042
   16100      46.0405
   16101      43.4353
   16102      46.3857
   16103      43.6335
   16104      41.8190
   16105      44.5146
   16106      44.8245
   16107      44.5758
   16108      42.0497
   16109      43.9709
   16110      44.2087
   16111      44.6434
   16112      45.8122
   16113      47.9974
   16114      45.6918
   16115      44.4378
   16116      43.8881
   16117      45.0513
   16118      44.8429
   16119      43.8358
   16120      41.9971
   16121      42.2292
   16122      42.1559
   16123      42.3369
   16124      44.8302
   16125      45.2855
   16126      42.0682
   16127      40.1820
   16128      42.0290
   16129      40.6814
   16130      44.1993
   16131      47.5275
   16132      41.1362
   16133      39.9686
   16134      43.9798
   16135      43.0943
   16136      41.8922
   16137      40.9560
   16138      37.2198
   16139      38.7971
   16140      41.0154
   16141      49.0568
   16142      45.0417
   16143      36.5531
   16144      43.4328
   16145      43.0622
   16146      46.6291
   16147      47.6591
   16148      47.8652
   16149      44.0710
   16150      46.4086
   16151      39.4724
   16152      39.3919
   16153      41.1274
   16154      42.0086
   16155      41.5550
   16156      44.9713
   16157      45.8852
   16158      44.9338
   16159      38.6257
   16160      39.7978
   16161      41.1147
   16162      41.6303
   16163      45.0352
   16164      46.4025
   16165      43.0228
   16166      45.3449
   16167      48.6023
   16168      47.3706
   16169      45.2242
   16170      44.7343
   16171      44.0276
   16172      44.4061
   16173      39.1834
   16174      43.4620
   16175      41.3770
   16176      41.9391
   16177      44.2725
   16178      40.5991
   16179      44.2593
   16180      43.7527
   16181      43.6253
   16182      39.4212
   16183      38.5431
   16184      40.9166
   16185      43.4256
   16186      42.6663
   16187      42.4718
   16188      43.3026
   16189      40.2465
   16190      36.9956
   16191      42.6392
   16192      44.6540
   16193      41.3561
   16194      40.3176
   16195      41.5419
   16196      38.0428
   16197      45.8618
   16198      42.3430
   16199      41.0578
   16200      46.3766
   16201      50.2153
   16202      52.5841
   16203      45.4444
   16204      44.3396
   16205      46.6655
   16206      44.3620
   16207      44.5212
   16208      45.6237
   16209      41.8668
   16210      43.7966
   16211      43.7904
   16212      41.3545
   16213      45.0616
   16214      44.2264
   16215      46.5189
   16216      49.6357
   16217      45.4251
   16218      44.6142
   16219      41.4668
   16220      43.7759
   16221      46.4085
   16222      44.8270
   16223      48.6906
   16224      43.7531
   16225      41.5764
   16226      42.7149
   16227      43.1516
   16228      45.6413
   16229      46.2862
   16230      42.7006
   16231      40.4916
   16232      38.6852
   16233      41.7806
   16234      43.3215
   16235      44.1749
   16236      41.4650
   16237      40.5905
   16238      43.2552
   16239      44.4346
   16240      44.7918
   16241      46.6189
   16242      46.2549
   16243      47.2564
   16244      47.4294
   16245      47.4509
   16246      44.8822
   16247      47.5041
   16248      49.7533
   16249      49.2887
   16250      52.1908
   16251      48.3841
   16252      48.8343
   16253      46.2576
   16254      47.4557
   16255      48.4242
   16256      53.3311
   16257      48.9708
   16258      50.1339
   16259      48.3901
   16260      46.2308
   16261      47.7036
   16262      47.4202
   16263      46.3543
   16264      44.8889
   16265      46.2385
   16266      43.4226
   16267      43.6059
   16268      40.5289
   16269      43.3045
   16270      43.4213
   16271      44.1001
   16272      45.7022
   16273      44.5285
   16274      43.2217
   16275      39.0764
   16276      42.8818
   16277      42.6005
   16278      43.4052
   16279      41.0457
   16280      42.5280
   16281      45.5087
   16282      49.3021
   16283      48.6405
   16284      48.7492
   16285      44.8186
   16286      45.5599
   16287      47.9046
   16288      49.0775
   16289      43.8993
   16290      43.0186
   16291      44.1635
   16292      42.0684
   16293      41.4798
   16294      42.2592
   16295      44.8739
   16296      43.9666
   16297      43.8199
   16298      42.0844
   16299      42.6815
   16300      44.8231
   16301      45.9530
   16302      43.6605
   16303      42.6437
   16304      43.7148
   16305      40.5827
   16306      44.2405
   16307      43.2897
   16308      43.3626
   16309      42.9939
   16310      44.4694
   16311      44.0914
   16312      43.9040
   16313      42.9759
   16314      41.9196
   16315      38.5776
   16316      43.4420
   16317      40.5296
   16318      43.4445
   16319      43.6864
   16320      42.3402
   16321      43.1938
   16322      45.4319
   16323      43.7623
   16324      46.5384
   16325      42.2383
   16326      46.0344
   16327      47.5961
   16328      43.9741
   16329      43.2816
   16330      42.3598
   16331      44.9190
   16332      44.0268
   16333      46.6059
   16334      43.9940
   16335      46.1944
   16336      45.5309
   16337      45.4071
   16338      42.0969
   16339      42.2769
   16340      42.4213
   16341      46.4589
   16342      50.6830
   16343      50.6242
   16344      53.2238
   16345      50.6569
   16346      47.3601
   16347      41.8782
   16348      42.6479
   16349      41.3235
   16350      40.4168
   16351      39.9254
   16352      40.8312
   16353      40.8623
   16354      43.0890
   16355      42.9990
   16356      39.6794
   16357      40.6549
   16358      48.1803
   16359      46.0429
   16360      49.0952
   16361      48.9648
   16362      48.5263
   16363      49.1181
   16364      44.6018
   16365      40.9842
   16366      40.8314
   16367      44.6531
   16368      41.3036
   16369      40.6677
   16370      42.5915
   16371      46.6333
   16372      47.7894
   16373      47.1156
   16374      43.9109
   16375      45.4358
   16376      47.5869
   16377      50.6827
   16378      54.3069
   16379      50.0753
   16380      44.9487
   16381      46.5882
   16382      44.0868
   16383      45.0629
   16384      46.3253
   16385      43.8328
   16386      43.8855
   16387      44.6813
   16388      44.4140
   16389      43.8802
   16390      45.9618
   16391      47.2936
   16392      52.7188
   16393      48.6597
   16394      50.3673
   16395      51.5753
   16396      50.9069
   16397      50.5729
   16398      54.7739
   16399      55.3814
   16400      55.4524
   16401      49.3669
   16402      54.3098
   16403      54.1437
   16404      56.3544
   16405      56.6344
   16406      53.6743
   16407      55.2993
   16408      56.5189
   16409      51.3001
   16410      51.6330
   16411      51.7273
   16412      47.6287
   16413      46.0036
   16414      49.1790
   16415      48.9654
   16416      47.1601
   16417      43.7614
   16418      44.4402
   16419      40.5265
   16420      43.2619
   16421      39.6805
   16422      38.4373
   16423      46.3509
   16424      42.5257
   16425      42.1002
   16426      41.1294
   16427      43.3932
   16428      43.4772
   16429      45.9087
   16430      47.4537
   16431      45.7616
   16432      42.5414
   16433      47.1005
   16434      44.5795
   16435      43.1588
   16436      40.4573
   16437      46.9539
   16438      46.7780
   16439      52.0990
   16440      50.2176
   16441      50.1420
   16442      45.8608
   16443      42.9466
   16444      40.9109
   16445      50.3260
   16446      52.0620
   16447      47.9127
   16448      47.8331
   16449      49.2865
   16450      45.9974
   16451      42.1155
   16452      47.3485
   16453      50.9923
   16454      52.5183
   16455      49.8297
   16456      46.7158
   16457      49.7041
   16458      47.9750
   16459      53.4457
   16460      52.8979
   16461      46.2396
   16462      43.6025
   16463      46.6152
   16464      46.2921
   16465      47.3872
   16466      42.3457
   16467      45.5814
   16468      43.9759
   16469      42.3781
   16470      41.8641
   16471      42.1214
   16472      45.4644
   16473      43.1453
   16474      43.2934
   16475      40.6209
   16476      38.8819
   16477      40.2779
   16478      42.9494
   16479      40.6935
   16480      44.7084
   16481      42.8430
   16482      38.6129
   16483      39.1270
   16484      44.3879
   16485      40.0310
   16486      39.9598
   16487      39.5874
   16488      39.0136
   16489      40.7404
   16490      41.8306
   16491      41.7775
   16492      45.9032
   16493      40.6949
   16494      42.4215
   16495      47.0223
   16496      45.3702
   16497      47.3079
   16498      52.7154
   16499      47.5271
   16500      40.4296
   16501      41.7079
   16502      42.2529
   16503      43.3369
   16504      42.0837
   16505      44.3901
   16506      41.3872
   16507      43.9177
   16508      47.8343
   16509      48.5292
   16510      51.8175
   16511      47.4442
   16512      48.6694
   16513      47.0738
   16514      41.3277
   16515      41.1653
   16516      46.8247
   16517      42.6929
   16518      48.1385
   16519      48.6442
   16520      44.7641
   16521      41.2159
   16522      45.3528
   16523      43.9024
   16524      44.4488
   16525      44.1981
   16526      43.1972
   16527      47.7075
   16528      50.2759
   16529      46.3434
   16530      47.9329
   16531      48.1207
   16532      50.8498
   16533      47.3676
   16534      44.8632
   16535      40.0956
   16536      41.8045
   16537      44.4662
   16538      44.9424
   16539      43.7038
   16540      42.5833
   16541      43.6913
   16542      41.6592
   16543      43.0949
   16544      42.6236
   16545      44.8001
   16546      45.0798
   16547      41.3509
   16548      38.9758
   16549      40.8497
   16550      41.0899
   16551      41.6725
   16552      44.6618
   16553      43.3915
   16554      42.9980
   16555      37.8825
   16556      42.7247
   16557      38.6831
   16558      42.5176
   16559      37.3254
   16560      40.3997
   16561      41.3614
   16562      42.3365
   16563      45.7569
   16564      49.0923
   16565      51.2453
   16566      47.5506
   16567      43.9095
   16568      37.4204
   16569      41.1684
   16570      38.7868
   16571      39.4945
   16572      46.9231
   16573      46.9953
   16574      49.6182
   16575      48.5588
   16576      44.5785
   16577      43.4082
   16578      43.2876
   16579      48.5370
   16580      45.5512
   16581      47.4653
   16582      42.4765
   16583      41.8228
   16584      43.9130
   16585      46.1208
   16586      45.2468
   16587      41.6687
   16588      43.0075
   16589      43.8314
   16590      42.6124
   16591      46.9270
   16592      48.3933
   16593      42.9859
   16594      44.6597
   16595      46.4725
   16596      46.2192
   16597      47.1250
   16598      47.1205
   16599      50.4032
   16600      54.6312
   16601      49.1247
   16602      49.1543
   16603      51.2022
   16604      45.0666
   16605      51.3485
   16606      46.6872
   16607      45.8575
   16608      51.2193
   16609      50.7615
   16610      49.5139
   16611      46.0572
   16612      45.9467
   16613      48.1169
   16614      45.4415
   16615      48.1155
   16616      45.4619
   16617      45.3974
   16618      46.4154
   16619      44.6455
   16620      36.4371
   16621      40.6559
   16622      43.6013
   16623      44.6539
   16624      47.1988
   16625      49.6133
   16626      53.4899
   16627      47.3430
   16628      49.6543
   16629      45.9824
   16630      42.1823
   16631      38.6129
   16632      44.6234
   16633      41.1867
   16634      45.2950
   16635      44.6550
   16636      42.6326
   16637      41.8609
   16638      41.9994
   16639      41.4923
   16640      41.6125
   16641      42.7893
   16642      44.1213
   16643      43.9224
   16644      41.3280
   16645      44.5945
   16646      44.1983
   16647      44.7484
   16648      46.1281
   16649      43.1951
   16650      43.4797
   16651      42.3210
   16652      43.5739
   16653      45.7979
   16654      41.1059
   16655      47.0421
   16656      46.1379
   16657      55.1971
   16658      56.8495
   16659      58.5252
   16660      55.3014
   16661      52.8800
   16662      51.0867
   16663      52.7070
   16664      50.5225
   16665      51.3376
   16666      49.5366
   16667      46.1275
   16668      43.8566
   16669      43.4940
   16670      46.2470
   16671      44.1444
   16672      47.0946
   16673      49.2404
   16674      48.1980
   16675      47.0063
   16676      44.0610
   16677      46.4994
   16678      49.9990
   16679      47.0089
   16680      43.3950
   16681      41.8470
   16682      46.3628
   16683      43.0422
   16684      44.7272
   16685      42.1702
   16686      45.4290
   16687      41.3332
   16688      47.1963
   16689      45.2276
   16690      47.4415
   16691      42.4014
   16692      45.2821
   16693      48.9694
   16694      45.9702
   16695      47.8597
   16696      48.5322
   16697      45.9829
   16698      43.3841
   16699      40.8166
   16700      41.1620
   16701      37.0690
   16702      40.1479
   16703      36.3169
   16704      41.2382
   16705      43.7566
   16706      42.3284
   16707      42.4393
   16708      37.7446
   16709      39.6105
   16710      43.6892
   16711      40.7128
   16712      42.7713
   16713      43.9643
   16714      42.6790
   16715      42.8618
   16716      41.8533
   16717      41.3580
   16718      43.9811
   16719      42.4790
   16720      39.8541
   16721      44.8658
   16722      43.2333
   16723      43.0916
   16724      40.0850
   16725      40.4805
   16726      42.1244
   16727      41.4532
   16728      46.2260
   16729      46.8357
   16730      42.7822
   16731      44.8876
   16732      40.3000
   16733      45.7892
   16734      51.0333
   16735      48.9566
   16736      49.4412
   16737      50.1107
   16738      49.1247
   16739      46.8507
   16740      52.8767
   16741      50.4480
   16742      48.1428
   16743      44.6375
   16744      43.8961
   16745      50.2232
   16746      55.4727
   16747      52.8487
   16748      48.9381
   16749      47.8809
   16750      50.2719
   16751      44.5264
   16752      39.5136
   16753      43.6303
   16754      42.3724
   16755      46.6363
   16756      46.8788
   16757      46.7243
   16758      41.9050
   16759      44.3422
   16760      45.1506
   16761      51.0996
   16762      50.5890
   16763      53.1174
   16764      53.1185
   16765      54.3428
   16766      43.1462
   16767      42.8752
   16768      46.1351
   16769      53.6465
   16770      53.4814
   16771      54.4033
   16772      55.2971
   16773      51.8053
   16774      48.7484
   16775      50.9198
   16776      47.5177
   16777      46.1373
   16778      46.3349
   16779      47.8960
   16780      47.8158
   16781      44.6744
   16782      42.9107
   16783      42.1549
   16784      44.0045
   16785      42.8098
   16786      38.6167
   16787      45.4468
   16788      49.3990
   16789      43.7476
   16790      41.3153
   16791      41.4607
   16792      40.2361
   16793      38.7958
   16794      43.3181
   16795      41.4439
   16796      42.2432
   16797      44.2496
   16798      40.9970
   16799      44.8924
   16800      44.7471
   16801      49.3378
   16802      48.4697
   16803      44.9963
   16804      45.3067
   16805      41.5252
   16806      43.5832
   16807      44.9907
   16808      46.5608
   16809      44.0944
   16810      48.5974
   16811      50.5299
   16812      44.8840
   16813      44.3926
   16814      43.8662
   16815      48.9017
   16816      51.5240
   16817      49.2462
   16818      48.2675
   16819      44.0227
   16820      46.2453
   16821      47.3767
   16822      46.6420
   16823      52.1600
   16824      49.3266
   16825      43.2898
   16826      42.5841
   16827      44.2637
   16828      45.3711
   16829      46.2288
   16830      43.8421
   16831      49.1619
   16832      49.6935
   16833      47.5969
   16834      45.1399
   16835      45.7914
   16836      51.3563
   16837      49.2478
   16838      45.0098
   16839      44.7818
   16840      43.7802
   16841      46.8710
   16842      48.5764
   16843      53.0521
   16844      51.6801
   16845      52.2149
   16846      57.0124
   16847      52.0747
   16848      48.7499
   16849      49.5662
   16850      42.4932
   16851      42.3919
   16852      40.1341
   16853      40.0305
   16854      38.6836
   16855      40.1081
   16856      38.0463
   16857      39.2168
   16858      39.9654
   16859      40.8415
   16860      39.8736
   16861      39.6956
   16862      41.7673
   16863      43.8679
   16864      44.2176
   16865      45.3040
   16866      46.6612
   16867      44.0967
   16868      48.0484
   16869      48.5296
   16870      46.2393
   16871      45.1371
   16872      40.7343
   16873      45.3185
   16874      45.2109
   16875      42.9365
   16876      42.4556
   16877      40.0895
   16878      41.2228
   16879      43.8984
   16880      45.8154
   16881      46.7359
   16882      47.0205
   16883      49.3252
   16884      49.8353
   16885      46.4489
   16886      47.3320
   16887      45.3309
   16888      46.9105
   16889      45.1190
   16890      41.4312
   16891      41.8144
   16892      42.7257
   16893      44.4962
   16894      43.5996
   16895      45.9706
   16896      42.1682
   16897      40.2846
   16898      38.3522
   16899      42.1078
   16900      45.7090
   16901      41.1862
   16902      43.3836
   16903      43.3461
   16904      47.1151
   16905      49.4335
   16906      53.8671
   16907      51.4567
   16908      46.4341
   16909      44.5166
   16910      44.5849
   16911      42.6285
   16912      46.4997
   16913      46.3588
   16914      43.4411
   16915      42.2037
   16916      44.4186
   16917      49.3681
   16918      47.2268
   16919      45.1667
   16920      45.7405
   16921      48.9356
   16922      46.6451
   16923      50.9966
   16924      48.4088
   16925      49.9989
   16926      51.8161
   16927      53.2126
   16928      54.0109
   16929      52.0664
   16930      51.5141
   16931      47.6219
   16932      48.2979
   16933      50.7324
   16934      53.7600
   16935      51.9504
   16936      48.7815
   16937      49.2303
   16938      52.5527
   16939      52.5201
   16940      51.1723
   16941      54.4017
   16942      54.8962
   16943      51.3882
   16944      49.7725
   16945      54.0751
   16946      56.7396
   16947      54.3341
   16948      55.0034
   16949      55.5932
   16950      54.4619
   16951      56.9982
   16952      58.1801
   16953      54.3502
   16954      54.8156
   16955      52.7432
   16956      55.2479
   16957      59.3056
   16958      60.2235
   16959      56.9021
   16960      53.6763
   16961      52.8884
   16962      55.3616
   16963      58.0677
   16964      60.5167
   16965      55.9444
   16966      54.7191
   16967      60.6567
   16968      60.0170
   16969      57.1951
   16970      56.4830
   16971      55.7408
   16972      52.1425
   16973      51.5855
   16974      45.9510
   16975      44.8468
   16976      47.3449
   16977      48.0100
   16978      46.7771
   16979      47.3967
   16980      47.3223
   16981      48.0455
   16982      49.1187
   16983      47.2968
   16984      49.1329
   16985      45.4830
   16986      51.5225
   16987      50.0179
   16988      48.6727
   16989      48.5707
   16990      45.8333
   16991      47.6598
   16992      45.3520
   16993      47.6314
   16994      48.4824
   16995      47.1863
   16996      47.2505
   16997      48.2796
   16998      48.6510
   16999      47.4775
   17000      46.0620
   17001      45.2007
   17002      45.1835
   17003      44.6761
   17004      43.4222
   17005      41.3969
   17006      48.9077
   17007      41.2628
   17008      43.8206
   17009      46.8047
   17010      47.7981
   17011      45.3966
   17012      41.9784
   17013      49.2493
   17014      47.3778
   17015      47.1622
   17016      44.1422
   17017      46.7620
   17018      48.5937
   17019      46.1718
   17020      43.0915
   17021      48.7354
   17022      49.5067
   17023      49.4805
   17024      49.7157
   17025      45.9189
   17026      47.5659
   17027      51.2431
   17028      53.2252
   17029      50.9062
   17030      50.2793
   17031      51.3401
   17032      45.4840
   17033      39.9811
   17034      41.3496
   17035      45.4676
   17036      48.2883
   17037      52.5164
   17038      51.3577
   17039      48.1736
   17040      47.8823
   17041      49.4505
   17042      45.3668
   17043      47.1290
   17044      43.2538
   17045      44.9022
   17046      46.5960
   17047      51.3350
   17048      52.6682
   17049      52.6168
   17050      53.4887
   17051      51.0615
   17052      52.1305
   17053      53.1230
   17054      53.7127
   17055      48.8310
   17056      49.6169
   17057      48.0663
   17058      48.3276
   17059      49.2874
   17060      46.9411
   17061      48.9273
   17062      45.4493
   17063      46.2970
   17064      47.4252
   17065      49.1037
   17066      47.7386
   17067      48.7286
   17068      44.1205
   17069      44.7971
   17070      46.4964
   17071      47.4333
   17072      47.5494
   17073      48.6942
   17074      48.5405
   17075      52.5698
   17076      53.1941
   17077      52.3868
   17078      52.6245
   17079      51.8309
   17080      48.3210
   17081      48.4044
   17082      48.4564
   17083      48.2234
   17084      51.6646
   17085      45.8944
   17086      45.7054
   17087      51.3493
   17088      55.0344
   17089      49.4571
   17090      49.1520
   17091      50.3365
   17092      54.0113
   17093      50.7387
   17094      54.1646
   17095      52.8007
   17096      51.1749
   17097      49.6497
   17098      47.5590
   17099      47.2126
   17100      43.6801
   17101      44.3508
   17102      47.6358
   17103      47.7968
   17104      48.4832
   17105      46.3226
   17106      43.7946
   17107      41.8770
   17108      43.1217
   17109      45.1425
   17110      47.1788
   17111      51.7861
   17112      52.5823
   17113      52.5804
   17114      48.1335
   17115      51.7958
   17116      48.7429
   17117      46.8434
   17118      48.3812
   17119      46.3696
   17120      41.4056
   17121      42.1517
   17122      46.4753
   17123      48.2004
   17124      46.8571
   17125      42.1124
   17126      45.7505
   17127      46.4449
   17128      46.9955
   17129      48.8465
   17130      49.5852
   17131      51.3086
   17132      52.7165
   17133      48.5792
   17134      42.5141
   17135      44.4783
   17136      50.2661
   17137      50.6093
   17138      45.1407
   17139      44.8243
   17140      44.8522
   17141      46.9516
   17142      46.0595
   17143      44.1096
   17144      40.7949
   17145      42.9707
   17146      49.7048
   17147      48.4081
   17148      46.8477
   17149      47.4954
   17150      42.9774
   17151      45.3925
   17152      42.4427
   17153      43.8395
   17154      50.1879
   17155      51.3122
   17156      45.2705
   17157      41.5476
   17158      44.8356
   17159      46.9159
   17160      43.8335
   17161      41.4474
   17162      43.8845
   17163      45.4729
   17164      42.3762
   17165      44.5222
   17166      45.4850
   17167      46.1183
   17168      42.8118
   17169      45.6927
   17170      43.5482
   17171      44.9397
   17172      43.5809
   17173      46.8153
   17174      44.2858
   17175      44.1290
   17176      47.3121
   17177      42.5292
   17178      43.9675
   17179      45.9747
   17180      48.4583
   17181      48.0265
   17182      41.1453
   17183      42.4227
   17184      43.7403
   17185      45.6839
   17186      41.3539
   17187      39.6624
   17188      40.8860
   17189      48.2419
   17190      49.0357
   17191      50.0747
   17192      49.2450
   17193      46.6259
   17194      46.3439
   17195      48.6326
   17196      52.0316
   17197      46.4256
   17198      50.1464
   17199      49.3906
   17200      49.0469
   17201      44.5694
   17202      42.6813
   17203      42.2176
   17204      38.3274
   17205      42.2553
   17206      46.8409
   17207      44.3390
   17208      44.0024
   17209      45.7696
   17210      44.5800
   17211      40.8182
   17212      43.4920
   17213      43.4744
   17214      43.2124
   17215      43.8136
   17216      44.2999
   17217      42.3105
   17218      43.8991
   17219      40.3397
   17220      45.3288
   17221      42.6750
   17222      45.0490
   17223      45.0643
   17224      47.8441
   17225      46.4156
   17226      48.3342
   17227      49.8623
   17228      46.2088
   17229      41.7439
   17230      41.9656
   17231      45.0326
   17232      46.0253
   17233      46.0826
   17234      42.8377
   17235      48.6684
   17236      44.0613
   17237      46.4335
   17238      47.3066
   17239      45.6161
   17240      52.9172
   17241      50.8688
   17242      48.3021
   17243      49.6100
   17244      48.6573
   17245      52.6369
   17246      50.4281
   17247      49.8975
   17248      46.7447
   17249      49.2639
   17250      48.3718
   17251      46.1092
   17252      47.6168
   17253      51.9585
   17254      49.5917
   17255      50.2647
   17256      48.3626
   17257      43.8038
   17258      45.8080
   17259      44.2370
   17260      42.2637
   17261      45.8005
   17262      45.3811
   17263      48.5555
   17264      49.6965
   17265      47.6387
   17266      52.3222
   17267      53.2298
   17268      47.4100
   17269      46.9198
   17270      46.8104
   17271      50.4728
   17272      51.2429
   17273      53.8727
   17274      52.8747
   17275      53.3509
   17276      50.7066
   17277      51.3950
   17278      54.7366
   17279      53.0710
   17280      55.4217
   17281      54.7201
   17282      58.5939
   17283      59.4027
   17284      57.4550
   17285      55.4732
   17286      57.0961
   17287      55.4587
   17288      51.7122
   17289      47.2577
   17290      48.9112
   17291      47.2149
   17292      44.7768
   17293      45.5928
   17294      48.7617
   17295      50.4729
   17296      48.0664
   17297      45.3075
   17298      43.6580
   17299      49.9264
   17300      47.4950
   17301      49.7921
   17302      53.5960
   17303      51.3981
   17304      50.6132
   17305      51.7362
   17306      48.4734
   17307      52.0877
   17308      47.5778
   17309      50.3959
   17310      48.1982
   17311      49.7524
   17312      50.0492
   17313      52.1441
   17314      51.1451
   17315      48.1633
   17316      47.7431
   17317      48.4502
   17318      50.3948
   17319      46.8727
   17320      46.3951
   17321      45.7019
   17322      47.7475
   17323      46.9038
   17324      48.5126
   17325      48.6320
   17326      49.6640
   17327      42.6313
   17328      47.6170
   17329      49.7683
   17330      54.6773
   17331      50.8072
   17332      45.5813
   17333      45.1846
   17334      44.9556
   17335      45.5775
   17336      43.1186
   17337      45.3161
   17338      43.9199
   17339      43.2409
   17340      45.8030
   17341      47.8082
   17342      47.5464
   17343      47.4151
   17344      49.2373
   17345      51.3933
   17346      50.4683
   17347      51.2763
   17348      48.5379
   17349      48.3708
   17350      51.3902
   17351      48.7552
   17352      48.2328
   17353      47.0485
   17354      50.0820
   17355      49.3772
   17356      48.5267
   17357      49.6534
   17358      49.9831
   17359      48.7346
   17360      55.3835
   17361      48.1585
   17362      49.8996
   17363      52.8579
   17364      52.5948
   17365      54.8207
   17366      53.7648
   17367      52.1202
   17368      53.0968
   17369      55.7052
   17370      49.3436
   17371      49.5737
   17372      49.8871
   17373      51.9764
   17374      50.1458
   17375      56.5146
   17376      52.1488
   17377      44.4836
   17378      47.2518
   17379      47.4524
   17380      51.0473
   17381      47.8567
   17382      46.6546
   17383      51.2365
   17384      50.8981
   17385      46.9168
   17386      46.0632
   17387      41.6214
   17388      45.2545
   17389      50.6627
   17390      50.5826
   17391      49.0419
   17392      46.2048
   17393      50.2341
   17394      50.5062
   17395      50.1180
   17396      52.5978
   17397      50.2610
   17398      50.2817
   17399      46.7221
   17400      46.5369
   17401      45.7459
   17402      45.3375
   17403      46.9892
   17404      53.0828
   17405      53.0782
   17406      49.9184
   17407      53.0140
   17408      57.3892
   17409      57.2111
   17410      60.1390
   17411      62.0219
   17412      59.3256
   17413      59.2440
   17414      57.4817
   17415      59.8773
   17416      61.2895
   17417      57.8115
   17418      58.6048
   17419      63.0483
   17420      60.6434
   17421      62.7888
   17422      62.7260
   17423      66.9494
   17424      66.6597
   17425      63.3548
   17426      64.9314
   17427      64.5662
   17428      62.2097
   17429      59.4252
   17430      58.3712
   17431      59.0988
   17432      59.0109
   17433      66.9792
   17434      60.5667
   17435      56.3809
   17436      51.9367
   17437      48.8925
   17438      53.1543
   17439      56.2499
   17440      55.7604
   17441      57.2683
   17442      54.9915
   17443      52.5388
   17444      52.3917
   17445      50.3004
   17446      51.7694
   17447      52.1357
   17448      52.8588
   17449      53.4273
   17450      55.0179
   17451      55.7305
   17452      56.4365
   17453      54.7790
   17454      51.7825
   17455      50.2533
   17456      46.8454
   17457      47.0991
   17458      45.4988
   17459      46.5182
   17460      48.4316
   17461      49.9638
   17462      47.7136
   17463      44.2118
   17464      50.6903
   17465      50.1980
   17466      46.0263
   17467      44.6555
   17468      49.7882
   17469      47.7437
   17470      47.5450
   17471      49.2477
   17472      50.0013
   17473      50.8984
   17474      45.9435
   17475      45.5277
   17476      46.7383
   17477      49.7560
   17478      48.1505
   17479      46.0915
   17480      46.0635
   17481      49.0653
   17482      46.9261
   17483      47.2849
   17484      53.1204
   17485      53.1533
   17486      53.9581
   17487      54.2394
   17488      51.2707
   17489      48.4837
   17490      50.6770
   17491      44.8336
   17492      45.2835
   17493      46.1166
   17494      47.1502
   17495      49.1081
   17496      47.5940
   17497      48.2233
   17498      48.6321
   17499      47.2082
   17500      48.1368
   17501      54.8493
   17502      53.6165
   17503      51.9673
   17504      47.6430
   17505      47.9520
   17506      47.7879
   17507      52.5008
   17508      47.6380
   17509      45.9274
   17510      51.3145
   17511      51.8058
   17512      49.4366
   17513      47.4097
   17514      51.5421
   17515      53.3366
   17516      53.8296
   17517      50.5171
   17518      50.7692
   17519      54.0295
   17520      51.1917
   17521      50.0744
   17522      48.7338
   17523      53.1948
   17524      49.6776
   17525      47.9823
   17526      50.4442
   17527      48.1033
   17528      49.9739
   17529      50.1060
   17530      47.3323
   17531      47.7712
   17532      43.9398
   17533      45.2957
   17534      44.5104
   17535      41.4654
   17536      44.7256
   17537      46.4459
   17538      46.6306
   17539      48.5221
   17540      52.0679
   17541      49.1192
   17542      51.3436
   17543      51.3781
   17544      48.2604
   17545      45.0517
   17546      43.9718
   17547      40.9793
   17548      44.3632
   17549      49.1905
   17550      46.9290
   17551      40.7521
   17552      43.6934
   17553      41.5376
   17554      39.9861
   17555      42.9162
   17556      47.3105
   17557      50.3585
   17558      47.3260
   17559      45.1696
   17560      47.0251
   17561      47.4738
   17562      43.1500
   17563      38.7235
   17564      42.1969
   17565      46.3124
   17566      45.7672
   17567      44.1105
   17568      46.7850
   17569      43.5007
   17570      47.4499
   17571      47.1691
   17572      46.8107
   17573      43.6381
   17574      44.4884
   17575      42.5646
   17576      44.2103
   17577      43.4834
   17578      50.8777
   17579      48.2200
   17580      49.4346
   17581      48.6711
   17582      49.8778
   17583      51.5334
   17584      52.1063
   17585      49.0573
   17586      50.2364
   17587      55.0758
   17588      57.7233
   17589      57.1419
   17590      55.3275
   17591      52.7163
   17592      54.5032
   17593      55.4524
   17594      53.3989
   17595      53.9922
   17596      51.5524
   17597      56.8479
   17598      58.2020
   17599      63.5625
   17600      66.8576
   17601      66.4012
   17602      62.3368
   17603      64.6901
   17604      63.9620
   17605      61.2245
   17606      59.3240
   17607      59.9136
   17608      54.1704
   17609      54.0704
   17610      55.3259
   17611      56.2823
   17612      58.7648
   17613      56.4287
   17614      53.3865
   17615      51.4074
   17616      51.8407
   17617      49.4172
   17618      54.2740
   17619      55.0712
   17620      50.1896
   17621      49.7164
   17622      49.6875
   17623      50.1944
   17624      49.1547
   17625      52.4360
   17626      50.8718
   17627      51.2687
   17628      55.1108
   17629      58.3232
   17630      53.3054
   17631      55.9583
   17632      56.3092
   17633      50.4639
   17634      54.5004
   17635      54.3498
   17636      54.2164
   17637      55.3477
   17638      56.1832
   17639      51.4712
   17640      50.7701
   17641      47.4194
   17642      49.5539
   17643      50.3753
   17644      48.2558
   17645      48.3746
   17646      48.1511
   17647      43.1889
   17648      46.0890
   17649      45.2607
   17650      47.9047
   17651      46.3910
   17652      51.5197
   17653      52.6142
   17654      56.2141
   17655      53.3463
   17656      54.3910
   17657      52.2030
   17658      49.7361
   17659      52.6544
   17660      55.0873
   17661      53.8210
   17662      47.6152
   17663      46.2624
   17664      48.0206
   17665      50.0193
   17666      47.8263
   17667      47.4118
   17668      49.7443
   17669      56.7747
   17670      53.5688
   17671      49.6650
   17672      54.3618
   17673      53.0623
   17674      50.3461
   17675      45.6707
   17676      49.4897
   17677      45.1429
   17678      49.1479
   17679      50.8514
   17680      51.5093
   17681      49.7892
   17682      49.9912
   17683      45.2610
   17684      49.3632
   17685      44.8076
   17686      41.4137
   17687      39.6272
   17688      41.3677
   17689      47.4490
   17690      47.5919
   17691      44.4612
   17692      45.6384
   17693      45.5923
   17694      43.7524
   17695      42.5959
   17696      44.0348
   17697      46.8379
   17698      44.0524
   17699      42.6548
   17700      42.7011
   17701      41.8084
   17702      45.7992
   17703      48.3483
   17704      45.3400
   17705      43.0817
   17706      43.0777
   17707      44.2868
   17708      42.9173
   17709      44.0588
   17710      45.7698
   17711      43.2884
   17712      41.2471
   17713      42.2763
   17714      45.6716
   17715      41.6568
   17716      43.3549
   17717      45.1601
   17718      43.7327
   17719      40.3486
   17720      44.1387
   17721      43.6792
   17722      47.9686
   17723      46.7692
   17724      46.7304
   17725      47.0205
   17726      47.6585
   17727      48.5886
   17728      50.1728
   17729      48.1897
   17730      49.4509
   17731      48.8537
   17732      48.0133
   17733      46.9854
   17734      48.7882
   17735      49.4649
   17736      49.6687
   17737      46.0216
   17738      44.8781
   17739      43.8382
   17740      42.2094
   17741      46.9637
   17742      45.8510
   17743      46.3230
   17744      44.1757
   17745      47.0693
   17746      43.7835
   17747      45.4059
   17748      49.6626
   17749      49.6089
   17750      46.3013
   17751      45.7471
   17752      45.6440
   17753      46.1349
   17754      49.6149
   17755      49.6141
   17756      50.2185
   17757      45.1216
   17758      43.2727
   17759      45.1865
   17760      45.9110
   17761      43.9382
   17762      41.9373
   17763      46.4083
   17764      46.5201
   17765      47.1874
   17766      50.2073
   17767      47.1787
   17768      41.4119
   17769      41.7075
   17770      39.8448
   17771      41.1919
   17772      41.4991
   17773      41.4888
   17774      45.7209
   17775      42.4610
   17776      48.4629
   17777      48.4828
   17778      54.0608
   17779      53.6428
   17780      49.3242
   17781      49.3883
   17782      48.0583
   17783      45.4172
   17784      50.0868
   17785      52.8678
   17786      55.4516
   17787      56.7839
   17788      54.8384
   17789      59.5993
   17790      65.3532
   17791      61.5753
   17792      61.7741
   17793      62.8099
   17794      68.6286
   17795      67.6178
   17796      67.1477
   17797      65.3680
   17798      65.7318
   17799      64.2074
   17800      65.6023
   17801      65.1511
   17802      67.4809
   17803      68.2556
   17804      68.3593
   17805      74.1309
   17806      77.6421
   17807      76.3265
   17808      77.3789
   17809      75.5408
   17810      76.3017
   17811      72.5495
   17812      71.6956
   17813      72.1119
   17814      64.5708
   17815      59.3862
   17816      66.1244
   17817      65.2539
   17818      69.2210
   17819      66.7162
   17820      67.3477
   17821      64.6512
   17822      67.2437
   17823      65.6934
   17824      66.0080
   17825      65.8735
   17826      66.4041
   17827      67.9307
   17828      65.0309
   17829      68.5777
   17830      77.0039
   17831      71.6882
   17832      71.5668
   17833      61.9645
   17834      64.4321
   17835      62.0131
   17836      62.1903
   17837      66.6858
   17838      62.3478
   17839      62.1973
   17840      61.3399
   17841      63.6819
   17842      65.8674
   17843      65.2413
   17844      63.3283
   17845      60.1815
   17846      60.3036
   17847      56.8744
   17848      57.7701
   17849      58.1273
   17850      56.0891
   17851      51.4394
   17852      52.9536
   17853      55.2892
   17854      56.9451
   17855      52.8495
   17856      55.1134
   17857      57.9208
   17858      59.1511
   17859      54.7478
   17860      54.8795
   17861      58.2091
   17862      52.1891
   17863      50.2756
   17864      50.2170
   17865      49.7552
   17866      46.5552
   17867      48.7984
   17868      47.9977
   17869      46.7447
   17870      43.8931
   17871      41.8019
   17872      41.4806
   17873      43.0868
   17874      42.4013
   17875      43.5985
   17876      44.2628
   17877      35.8588
   17878      37.1180
   17879      37.5727
   17880      40.8194
   17881      43.6161
   17882      47.0934
   17883      48.9070
   17884      50.1239
   17885      46.2642
   17886      44.4723
   17887      42.2944
   17888      47.5704
   17889      46.3995
   17890      44.9725
   17891      46.4961
   17892      48.0530
   17893      48.3801
   17894      52.9677
   17895      50.5748
   17896      46.4050
   17897      45.1590
   17898      46.2464
   17899      46.0461
   17900      46.1000
   17901      48.9121
   17902      46.3618
   17903      49.0500
   17904      44.5877
   17905      45.0812
   17906      44.8862
   17907      51.3405
   17908      46.8430
   17909      46.0560
   17910      47.9911
   17911      48.4127
   17912      49.1299
   17913      51.1744
   17914      50.6724
   17915      49.0993
   17916      56.3114
   17917      52.2187
   17918      55.9941
   17919      51.2468
   17920      53.5906
   17921      50.1648
   17922      53.8618
   17923      58.9133
   17924      52.8252
   17925      52.8846
   17926      55.0585
   17927      49.8937
   17928      48.9787
   17929      50.6582
   17930      50.7846
   17931      51.2688
   17932      50.6321
   17933      49.6473
   17934      48.1004
   17935      46.3649
   17936      49.1649
   17937      44.5869
   17938      48.5644
   17939      47.5955
   17940      47.6926
   17941      44.4334
   17942      45.2411
   17943      44.6491
   17944      46.6054
   17945      49.3883
   17946      48.0006
   17947      47.6969
   17948      50.9622
   17949      52.1457
   17950      56.2259
   17951      51.7492
   17952      52.3477
   17953      53.1163
   17954      54.6954
   17955      49.7830
   17956      48.2372
   17957      50.8626
   17958      47.1685
   17959      46.9154
   17960      49.3948
   17961      50.6933
   17962      51.4612
   17963      51.9557
   17964      49.9781
   17965      51.6902
   17966      50.4377
   17967      47.9784
   17968      51.4290
   17969      51.8248
   17970      46.4379
   17971      46.9236
   17972      47.2474
   17973      45.2746
   17974      44.3068
   17975      43.8512
   17976      47.5967
   17977      47.5611
   17978      46.6297
   17979      47.2668
   17980      44.0807
   17981      46.2527
   17982      47.2109
   17983      45.1363
   17984      44.6575
   17985      47.3714
   17986      48.7421
   17987      47.0531
   17988      45.5127
   17989      46.5624
   17990      43.8701
   17991      47.3905
   17992      46.2628
   17993      47.1264
   17994      46.6965
   17995      45.1611
   17996      45.5685
   17997      46.6998
   17998      49.9188
   17999      52.5301
   18000      48.9634
   18001      50.6530
   18002      50.0742
   18003      49.4724
   18004      47.8841
   18005      48.2344
   18006      48.7953
   18007      52.3671
   18008      54.0054
   18009      49.0860
   18010      49.4257
   18011      47.4970
   18012      47.5675
   18013      45.6650
   18014      50.4659
   18015      48.6279
   18016      45.5308
   18017      44.7661
   18018      42.2211
   18019      46.0562
   18020      43.4548
   18021      44.2080
   18022      48.4563
   18023      52.7520
   18024      51.1673
   18025      50.0582
   18026      47.2267
   18027      45.0835
   18028      46.2784
   18029      49.4605
   18030      47.4748
   18031      44.6875
   18032      45.9367
   18033      54.9604
   18034      57.4182
   18035      52.3684
   18036      47.6232
   18037      46.8793
   18038      45.7081
   18039      43.6150
   18040      43.9652
   18041      39.7228
   18042      40.6959
   18043      46.7635
   18044      46.1056
   18045      46.9538
   18046      43.6726
   18047      48.3848
   18048      43.9175
   18049      46.2983
   18050      47.0927
   18051      44.4747
   18052      43.9585
   18053      42.7509
   18054      39.9364
   18055      44.1129
   18056      47.5738
   18057      46.8750
   18058      51.9342
   18059      58.7585
   18060      52.8278
   18061      51.6043
   18062      51.5625
   18063      50.4751
   18064      51.4362
   18065      48.6178
   18066      48.3144
   18067      49.1238
   18068      47.4147
   18069      47.6733
   18070      47.2695
   18071      50.5334
   18072      51.9966
   18073      48.8170
   18074      49.0769
   18075      52.8920
   18076      52.7114
   18077      54.8939
   18078      56.6784
   18079      57.4291
   18080      56.2800
   18081      57.2355
   18082      60.7342
   18083      57.9998
   18084      53.4388
   18085      48.6301
   18086      49.3888
   18087      50.4929
   18088      53.7012
   18089      53.9309
   18090      49.7189
   18091      49.6202
   18092      49.5715
   18093      52.5868
   18094      52.6206
   18095      54.4675
   18096      52.2398
   18097      53.3983
   18098      53.4739
   18099      52.6619
   18100      57.8508
   18101      58.1054
   18102      51.5088
   18103      50.6482
   18104      43.2635
   18105      46.4368
   18106      50.9291
   18107      48.0548
   18108      42.6500
   18109      45.7379
   18110      45.8664
   18111      46.4608
   18112      44.1203
   18113      44.9534
   18114      42.9233
   18115      44.5839
   18116      43.7828
   18117      41.9182
   18118      39.5255
   18119      45.3911
   18120      46.4706
   18121      50.5304
   18122      48.8194
   18123      48.1778
   18124      49.6206
   18125      49.4446
   18126      50.5280
   18127      50.1612
   18128      50.7878
   18129      47.8141
   18130      51.2005
   18131      48.7206
   18132      50.9599
   18133      52.6364
   18134      53.5955
   18135      48.9097
   18136      46.0122
   18137      48.2396
   18138      49.8475
   18139      45.4277
   18140      46.6121
   18141      44.5982
   18142      46.8682
   18143      46.4556
   18144      46.2355
   18145      44.8859
   18146      47.6150
   18147      50.9165
   18148      47.4547
   18149      44.4263
   18150      48.7777
   18151      52.3625
   18152      52.0467
   18153      48.1990
   18154      46.3258
   18155      50.5904
   18156      53.5471
   18157      51.3669
   18158      51.6034
   18159      50.9038
   18160      52.4951
   18161      56.3688
   18162      54.8327
   18163      54.9761
   18164      55.6942
   18165      52.4387
   18166      51.8942
   18167      50.4599
   18168      48.7602
   18169      46.3192
   18170      45.3528
   18171      45.4765
   18172      48.4102
   18173      50.7858
   18174      51.3823
   18175      50.9542
   18176      48.7482
   18177      47.3120
   18178      48.1960
   18179      46.3628
   18180      47.7639
   18181      47.0648
   18182      47.6840
   18183      47.4529
   18184      44.3275
   18185      40.7015
   18186      44.4677
   18187      45.8247
   18188      41.8734
   18189      46.2103
   18190      43.7244
   18191      44.7835
   18192      46.1715
   18193      47.2022
   18194      49.2937
   18195      50.6288
   18196      45.9824
   18197      42.2275
   18198      43.5961
   18199      41.2925
   18200      40.4841
   18201      41.1692
   18202      40.2297
   18203      45.5305
   18204      47.8408
   18205      49.7831
   18206      52.8102
   18207      55.3911
   18208      50.2493
   18209      44.4056
   18210      46.9825
   18211      43.7212
   18212      42.5557
   18213      37.9397
   18214      42.6875
   18215      41.1983
   18216      45.5857
   18217      44.6111
   18218      43.3758
   18219      44.7309
   18220      48.2542
   18221      53.8780
   18222      51.4185
   18223      49.4843
   18224      46.1281
   18225      48.1328
   18226      49.4496
   18227      48.7076
   18228      50.0543
   18229      50.1195
   18230      49.9521
   18231      49.9753
   18232      44.2459
   18233      42.3880
   18234      44.0451
   18235      47.1336
   18236      49.0530
   18237      53.2565
   18238      52.9089
   18239      49.2035
   18240      46.8748
   18241      49.9305
   18242      51.2050
   18243      52.1422
   18244      47.2332
   18245      49.9863
   18246      48.8257
   18247      50.0798
   18248      49.7409
   18249      54.2070
   18250      54.9490
   18251      55.4583
   18252      50.8655
   18253      52.3846
   18254      50.0074
   18255      45.9660
   18256      50.7408
   18257      48.7299
   18258      50.5516
   18259      52.0612
   18260      48.1872
   18261      49.9306
   18262      51.6823
   18263      53.9757
   18264      58.6974
   18265      58.4917
   18266      57.0862
   18267      55.5975
   18268      55.6243
   18269      56.9431
   18270      52.0106
   18271      48.9588
   18272      48.8350
   18273      47.5155
   18274      47.6850
   18275      44.4168
   18276      46.2460
   18277      45.6855
   18278      45.2133
   18279      39.8842
   18280      41.5421
   18281      43.2551
   18282      46.3540
   18283      46.6727
   18284      44.4829
   18285      44.2138
   18286      45.7000
   18287      43.7821
   18288      44.5861
   18289      43.7282
   18290      43.5374
   18291      44.2040
   18292      45.4311
   18293      50.4125
   18294      51.9720
   18295      51.2000
   18296      46.2244
   18297      48.8732
   18298      50.1773
   18299      50.3772
   18300      46.6918
   18301      49.3771
   18302      48.0300
   18303      50.0145
   18304      50.0613
   18305      51.6303
   18306      51.2207
   18307      48.3753
   18308      49.6533
   18309      48.5837
   18310      47.0570
   18311      42.5828
   18312      43.8139
   18313      42.3198
   18314      40.4619
   18315      43.6768
   18316      46.0934
   18317      47.1931
   18318      51.6870
   18319      46.5705
   18320      48.2034
   18321      52.3844
   18322      51.9988
   18323      54.2936
   18324      57.1249
   18325      57.7062
   18326      56.4434
   18327      58.2474
   18328      60.0031
   18329      57.3716
   18330      56.0465
   18331      56.4476
   18332      51.3584
   18333      52.2587
   18334      59.7329
   18335      59.7710
   18336      54.8464
   18337      52.0303
   18338      51.8850
   18339      51.0707
   18340      49.5646
   18341      50.1256
   18342      51.8512
   18343      48.7827
   18344      45.9239
   18345      44.6077
   18346      44.3185
   18347      48.1228
   18348      44.8992
   18349      48.2071
   18350      50.6022
   18351      48.3211
   18352      46.6100
   18353      46.8286
   18354      48.2147
   18355      47.6075
   18356      47.3701
   18357      48.1182
   18358      43.2569
   18359      45.6741
   18360      42.4758
   18361      45.9148
   18362      48.6184
   18363      51.3983
   18364      54.4847
   18365      51.2635
   18366      47.9539
   18367      47.1080
   18368      47.2602
   18369      51.8321
   18370      51.2329
   18371      48.6655
   18372      50.3757
   18373      51.1831
   18374      50.6868
   18375      47.5979
   18376      47.6260
   18377      45.2025
   18378      43.3061
   18379      45.1721
   18380      49.3896
   18381      45.0214
   18382      43.9307
   18383      42.9961
   18384      42.9880
   18385      44.9900
   18386      43.1151
   18387      44.0388
   18388      45.1687
   18389      43.6694
   18390      43.6683
   18391      42.4159
   18392      44.8163
   18393      42.3127
   18394      42.5961
   18395      44.2902
   18396      45.5912
   18397      43.7142
   18398      42.9106
   18399      42.5390
   18400      45.3059
   18401      45.8785
   18402      44.7128
   18403      47.7063
   18404      46.3398
   18405      47.1255
   18406      45.9953
   18407      47.5211
   18408      47.9299
   18409      48.3860
   18410      43.0800
   18411      44.7859
   18412      44.3956
   18413      44.4352
   18414      46.4739
   18415      42.3456
   18416      45.6641
   18417      48.8698
   18418      46.4962
   18419      46.0076
   18420      46.1689
   18421      44.9692
   18422      50.4384
   18423      48.9891
   18424      47.2863
   18425      43.5722
   18426      43.6894
   18427      45.4538
   18428      45.4531
   18429      46.8785
   18430      51.6349
   18431      50.2652
   18432      46.9239
   18433      48.1134
   18434      47.2481
   18435      49.4065
   18436      47.3102
   18437      46.6009
   18438      46.9526
   18439      47.8797
   18440      49.3960
   18441      55.1649
   18442      53.1586
   18443      50.7486
   18444      51.7767
   18445      49.1215
   18446      50.9020
   18447      49.8049
   18448      50.9160
   18449      51.0823
   18450      45.1135
   18451      45.4430
   18452      44.0167
   18453      43.6509
   18454      42.4571
   18455      46.0080
   18456      43.8679
   18457      46.8732
   18458      47.5347
   18459      44.9568
   18460      46.7453
   18461      49.3505
   18462      49.1099
   18463      49.2004
   18464      49.1890
   18465      49.2824
   18466      48.5167
   18467      46.1564
   18468      45.4439
   18469      47.4066
   18470      42.9332
   18471      45.1386
   18472      42.9167
   18473      43.1735
   18474      46.1029
   18475      43.9594
   18476      46.4592
   18477      47.2890
   18478      46.2641
   18479      47.2732
   18480      48.4332
   18481      46.1678
   18482      45.7468
   18483      47.2846
   18484      46.8038
   18485      44.1910
   18486      48.4644
   18487      44.3170
   18488      44.3820
   18489      46.8787
   18490      46.5739
   18491      42.3735
   18492      43.6055
   18493      45.8955
   18494      43.0742
   18495      45.3395
   18496      45.8939
   18497      46.5988
   18498      52.6361
   18499      48.9388
   18500      45.3095
   18501      42.5161
   18502      42.7304
   18503      41.7169
   18504      44.8438
   18505      45.9077
   18506      45.7695
   18507      44.7393
   18508      44.1058
   18509      47.6820
   18510      42.7397
   18511      42.8145
   18512      41.6427
   18513      43.2180
   18514      42.3645
   18515      42.6078
   18516      45.9652
   18517      45.9699
   18518      45.2350
   18519      49.1115
   18520      48.6544
   18521      48.0396
   18522      45.1205
   18523      48.1769
   18524      44.6918
   18525      48.9167
   18526      47.0073
   18527      45.3040
   18528      43.8986
   18529      46.4066
   18530      44.4583
   18531      46.6537
   18532      44.2033
   18533      46.2518
   18534      51.3713
   18535      49.7069
   18536      46.9910
   18537      43.7722
   18538      44.6733
   18539      43.8659
   18540      46.1264
   18541      46.2995
   18542      45.0350
   18543      44.2763
   18544      44.1193
   18545      45.9762
   18546      47.0281
   18547      44.1187
   18548      50.8912
   18549      49.8885
   18550      50.3873
   18551      51.9440
   18552      46.5918
   18553      45.6310
   18554      45.9839
   18555      49.9298
   18556      48.3579
   18557      49.6103
   18558      47.1469
   18559      44.5282
   18560      44.9561
   18561      48.6642
   18562      46.1101
   18563      46.3656
   18564      47.7445
   18565      44.1128
   18566      45.3252
   18567      46.1403
   18568      44.5431
   18569      45.8644
   18570      48.1433
   18571      54.2153
   18572      51.9230
   18573      48.3637
   18574      46.4842
   18575      49.0033
   18576      53.3578
   18577      56.1322
   18578      53.9475
   18579      55.9029
   18580      59.4212
   18581      57.7369
   18582      57.1993
   18583      58.8682
   18584      58.4636
   18585      63.1283
   18586      64.9073
   18587      67.6549
   18588      71.9028
   18589      67.1381
   18590      61.6122
   18591      54.0490
   18592      56.8288
   18593      51.6457
   18594      53.8398
   18595      53.2622
   18596      51.4827
   18597      53.3975
   18598      54.6438
   18599      54.8624
   18600      53.6760
   18601      52.2018
   18602      52.1403
   18603      51.2933
   18604      51.2197
   18605      51.1793
   18606      52.1654
   18607      51.1378
   18608      54.3308
   18609      54.3759
   18610      49.4527
   18611      46.3999
   18612      49.0840
   18613      49.4784
   18614      50.5214
   18615      50.9406
   18616      52.6898
   18617      54.1423
   18618      53.9431
   18619      52.6822
   18620      53.6238
   18621      47.3724
   18622      49.9103
   18623      54.6635
   18624      53.5149
   18625      53.2260
   18626      51.3974
   18627      46.2156
   18628      46.6436
   18629      43.7154
   18630      46.1633
   18631      44.7951
   18632      47.2930
   18633      47.6163
   18634      43.6690
   18635      45.3701
   18636      47.6605
   18637      50.1142
   18638      55.9515
   18639      49.9580
   18640      52.4204
   18641      50.4932
   18642      51.1838
   18643      50.0287
   18644      47.9355
   18645      51.9139
   18646      51.1266
   18647      50.8757
   18648      49.2956
   18649      46.6131
   18650      46.7524
   18651      50.8887
   18652      51.5049
   18653      51.5624
   18654      55.0679
   18655      58.9744
   18656      55.4718
   18657      53.2022
   18658      51.5005
   18659      52.2174
   18660      52.4765
   18661      49.0968
   18662      50.9944
   18663      49.5711
   18664      46.4904
   18665      48.0929
   18666      50.5648
   18667      49.8537
   18668      49.3301
   18669      47.7845
   18670      47.8950
   18671      46.8199
   18672      45.4403
   18673      45.7949
   18674      44.4965
   18675      42.6122
   18676      45.8366
   18677      46.4815
   18678      49.0185
   18679      42.4771
   18680      44.0939
   18681      46.3809
   18682      47.0129
   18683      44.9058
   18684      45.3228
   18685      46.9105
   18686      48.4790
   18687      50.8932
   18688      49.4321
   18689      44.5127
   18690      46.3163
   18691      44.0974
   18692      42.6956
   18693      44.9915
   18694      41.1150
   18695      43.6021
   18696      40.7815
   18697      41.0684
   18698      48.1908
   18699      46.8870
   18700      43.5269
   18701      39.8707
   18702      44.9180
   18703      43.8414
   18704      40.6798
   18705      41.1572
   18706      43.2480
   18707      40.1117
   18708      41.5285
   18709      42.6759
   18710      42.0082
   18711      40.9317
   18712      42.4446
   18713      43.4100
   18714      35.3483
   18715      37.3420
   18716      41.0044
   18717      41.1154
   18718      41.1865
   18719      36.9736
   18720      39.6399
   18721      43.3985
   18722      45.7876
   18723      46.0322
   18724      45.1659
   18725      41.7614
   18726      48.1969
   18727      44.7964
   18728      44.7458
   18729      40.8730
   18730      37.9008
   18731      37.4027
   18732      40.5933
   18733      41.2670
   18734      39.7632
   18735      40.6811
   18736      46.2529
   18737      40.5371
   18738      37.4229
   18739      33.5054
   18740      38.1879
   18741      36.3360
   18742      35.8156
   18743      38.9831
   18744      38.3399
   18745      36.2394
   18746      34.1179
   18747      37.7257
   18748      42.7136
   18749      44.6086
   18750      44.4378
   18751      42.2156
   18752      41.3586
   18753      46.0137
   18754      44.8060
   18755      45.6396
   18756      51.3742
   18757      48.5644
   18758      46.5183
   18759      44.1913
   18760      38.8283
   18761      42.0259
   18762      43.7738
   18763      40.0770
   18764      36.5355
   18765      40.0414
   18766      39.9646
   18767      36.8690
   18768      36.3007
   18769      37.0748
   18770      43.9907
   18771      44.2843
   18772      44.3729
   18773      46.1104
   18774      43.0184
   18775      45.8958
   18776      45.8751
   18777      48.4567
   18778      45.5483
   18779      47.9129
   18780      48.9164
   18781      47.3503
   18782      43.4263
   18783      43.4917
   18784      37.8617
   18785      40.4812
   18786      41.5197
   18787      40.9884
   18788      42.7893
   18789      41.5643
   18790      37.3919
   18791      35.7880
   18792      37.2942
   18793      36.8338
   18794      36.1122
   18795      38.4702
   18796      41.0367
   18797      41.8643
   18798      45.0196
   18799      45.8443
   18800      42.8162
   18801      43.1079
   18802      42.4438
   18803      45.2291
   18804      42.2428
   18805      37.7524
   18806      41.8367
   18807      40.1420
   18808      40.8781
   18809      44.7349
   18810      47.2188
   18811      47.1874
   18812      47.2769
   18813      45.8768
   18814      40.2339
   18815      40.3380
   18816      39.5140
   18817      41.5695
   18818      42.6316
   18819      41.3097
   18820      42.0050
   18821      42.5846
   18822      45.0997
   18823      44.8806
   18824      39.3364
   18825      43.5802
   18826      43.8011
   18827      40.8375
   18828      41.7705
   18829      44.8959
   18830      49.7499
   18831      53.1217
   18832      53.5676
   18833      53.9287
   18834      51.6960
   18835      48.5737
   18836      48.6271
   18837      50.0724
   18838      50.1214
   18839      51.4883
   18840      45.0665
   18841      48.4533
   18842      53.7645
   18843      52.9850
   18844      49.2536
   18845      44.6705
   18846      40.6922
   18847      43.6872
   18848      44.1263
   18849      40.3972
   18850      41.2579
   18851      43.5354
   18852      39.5794
   18853      41.9274
   18854      42.4914
   18855      42.6303
   18856      44.5337
   18857      42.2524
   18858      41.4074
   18859      44.0623
   18860      42.9516
   18861      41.0161
   18862      44.5466
   18863      44.7368
   18864      43.0182
   18865      42.4955
   18866      45.1663
   18867      48.1352
   18868      48.3554
   18869      47.2328
   18870      49.4106
   18871      47.0874
   18872      48.6920
   18873      46.5353
   18874      45.3465
   18875      44.3913
   18876      44.1608
   18877      46.0316
   18878      42.8996
   18879      43.6163
   18880      45.9534
   18881      44.7500
   18882      42.9493
   18883      43.3098
   18884      39.4080
   18885      46.2315
   18886      48.0614
   18887      50.3562
   18888      48.9841
   18889      50.9125
   18890      52.0754
   18891      46.1483
   18892      41.9755
   18893      43.5102
   18894      42.2593
   18895      38.6641
   18896      41.4353
   18897      44.7247
   18898      40.9670
   18899      44.0620
   18900      42.0953
   18901      43.1664
   18902      41.5264
   18903      44.3248
   18904      47.6074
   18905      45.3971
   18906      41.5746
   18907      40.5935
   18908      43.5964
   18909      42.8850
   18910      40.5912
   18911      39.0972
   18912      44.4760
   18913      45.2880
   18914      46.3639
   18915      47.9952
   18916      48.4480
   18917      48.6048
   18918      47.8299
   18919      46.3583
   18920      48.1964
   18921      49.3094
   18922      48.0493
   18923      47.4022
   18924      44.7922
   18925      44.1270
   18926      43.4167
   18927      40.0417
   18928      39.3189
   18929      39.0789
   18930      40.3902
   18931      45.6141
   18932      43.0966
   18933      45.8868
   18934      40.6058
   18935      43.5412
   18936      43.0336
   18937      44.9795
   18938      43.4254
   18939      40.5112
   18940      40.4044
   18941      41.2785
   18942      41.8574
   18943      43.2674
   18944      44.0078
   18945      40.6374
   18946      40.7204
   18947      41.8990
   18948      42.5395
   18949      43.9753
   18950      46.5258
   18951      42.6630
   18952      42.2837
   18953      40.4078
   18954      42.4685
   18955      42.2206
   18956      45.0305
   18957      42.7516
   18958      40.2797
   18959      40.6876
   18960      44.1665
   18961      45.5996
   18962      43.9934
   18963      45.9525
   18964      41.9180
   18965      42.8083
   18966      45.5705
   18967      43.5006
   18968      41.8080
   18969      46.6055
   18970      47.9747
   18971      49.2085
   18972      49.5632
   18973      49.0437
   18974      44.3655
   18975      42.9590
   18976      44.0438
   18977      45.4429
   18978      44.8499
   18979      45.8494
   18980      44.4541
   18981      42.2452
   18982      41.3850
   18983      39.1376
   18984      38.8104
   18985      42.5391
   18986      44.7007
   18987      44.0666
   18988      41.7292
   18989      44.8829
   18990      44.6161
   18991      47.9475
   18992      50.4929
   18993      50.7397
   18994      45.2782
   18995      44.1584
   18996      44.5370
   18997      39.1562
   18998      43.0759
   18999      43.8435
   19000      41.1502
   19001      42.2638
   19002      46.2064
   19003      44.1626
   19004      44.4402
   19005      42.1789
   19006      42.8401
   19007      42.8659
   19008      43.5417
   19009      47.0406
   19010      46.7109
   19011      46.2706
   19012      44.0640
   19013      44.6847
   19014      46.4175
   19015      47.2990
   19016      46.1016
   19017      46.3967
   19018      40.9334
   19019      46.5699
   19020      49.4536
   19021      51.8040
   19022      53.5367
   19023      51.0613
   19024      52.6508
   19025      47.6883
   19026      43.4400
   19027      39.3371
   19028      41.2706
   19029      41.4891
   19030      44.1360
   19031      43.5599
   19032      41.1422
   19033      39.4278
   19034      42.1319
   19035      46.0361
   19036      45.4257
   19037      44.7886
   19038      47.6779
   19039      46.9609
   19040      44.7133
   19041      43.1645
   19042      45.9182
   19043      46.4725
   19044      48.9101
   19045      44.8255
   19046      45.7073
   19047      44.0325
   19048      42.6017
   19049      45.7323
   19050      42.4686
   19051      41.4507
   19052      42.9777
   19053      43.5631
   19054      41.5286
   19055      44.1970
   19056      44.8384
   19057      44.4880
   19058      45.6747
   19059      42.5894
   19060      47.9684
   19061      46.1921
   19062      43.6970
   19063      43.8294
   19064      42.4017
   19065      40.5467
   19066      45.6659
   19067      45.6833
   19068      46.0892
   19069      41.1829
   19070      39.8311
   19071      41.1868
   19072      39.4632
   19073      39.7795
   19074      43.9429
   19075      43.6283
   19076      44.1166
   19077      42.1954
   19078      42.9963
   19079      42.5032
   19080      42.5864
   19081      42.6666
   19082      43.9454
   19083      42.4967
   19084      43.2380
   19085      43.8866
   19086      45.5973
   19087      49.1966
   19088      48.3407
   19089      48.8275
   19090      45.7300
   19091      46.7618
   19092      50.5050
   19093      53.6230
   19094      53.2024
   19095      48.1802
   19096      53.0622
   19097      52.9879
   19098      47.9967
   19099      50.2680
   19100      52.3146
   19101      50.8387
   19102      47.0693
   19103      48.3475
   19104      48.3889
   19105      48.7581
   19106      49.4792
   19107      53.0276
   19108      57.3316
   19109      54.9942
   19110      52.0221
   19111      55.1929
   19112      54.4140
   19113      53.2836
   19114      52.5157
   19115      55.4144
   19116      54.7821
   19117      58.9078
   19118      58.6920
   19119      54.3417
   19120      52.7833
   19121      52.2249
   19122      54.1247
   19123      56.9197
   19124      56.8080
   19125      58.9477
   19126      58.9203
   19127      62.9647
   19128      64.0793
   19129      61.9759
   19130      60.0806
   19131      60.9017
   19132      61.6666
   19133      62.3745
   19134      62.6384
   19135      62.0359
   19136      54.4051
   19137      54.8031
   19138      53.5211
   19139      57.2462
   19140      56.9839
   19141      51.7826
   19142      57.1740
   19143      49.7454
   19144      49.5345
   19145      49.3937
   19146      47.5955
   19147      49.4739
   19148      47.5810
   19149      46.2559
   19150      43.7278
   19151      42.8132
   19152      48.4530
   19153      45.2512
   19154      44.0208
   19155      47.7944
   19156      45.4156
   19157      41.8428
   19158      44.3328
   19159      43.8937
   19160      42.1819
   19161      44.7897
   19162      42.5751
   19163      43.4290
   19164      43.1620
   19165      43.6925
   19166      46.4855
   19167      47.0644
   19168      50.5857
   19169      54.4511
   19170      56.2430
   19171      50.6690
   19172      50.6950
   19173      49.5110
   19174      49.5196
   19175      48.4539
   19176      48.2255
   19177      52.9263
   19178      58.8006
   19179      49.7801
   19180      53.0793
   19181      54.9379
   19182      48.2648
   19183      48.4485
   19184      49.2838
   19185      50.1238
   19186      43.2383
   19187      44.9861
   19188      41.3107
   19189      41.3618
   19190      36.5700
   19191      36.6676
   19192      33.4462
   19193      38.9476
   19194      37.0866
   19195      40.2834
   19196      44.3493
   19197      38.4905
   19198      40.5037
   19199      39.4840
   19200      41.2417
   19201      41.0867
   19202      39.2096
   19203      43.8692
   19204      44.5679
   19205      45.6075
   19206      45.2296
   19207      39.8971
   19208      41.2187
   19209      44.8786
   19210      52.5543
   19211      53.5569
   19212      48.7026
   19213      43.8428
   19214      44.1935
   19215      46.8095
   19216      47.9535
   19217      44.6729
   19218      46.1341
   19219      44.6940
   19220      44.1585
   19221      43.5983
   19222      46.0870
   19223      44.7474
   19224      49.4578
   19225      50.1875
   19226      47.2864
   19227      47.1713
   19228      50.5900
   19229      50.9578
   19230      47.0785
   19231      44.4112
   19232      49.6652
   19233      50.8858
   19234      45.9722
   19235      43.3601
   19236      43.2418
   19237      44.6365
   19238      43.0053
   19239      40.9483
   19240      38.5394
   19241      40.5825
   19242      36.7952
   19243      41.9807
   19244      41.6073
   19245      39.2885
   19246      37.6148
   19247      38.3143
   19248      43.2560
   19249      46.1981
   19250      43.2687
   19251      47.5574
   19252      47.2668
   19253      46.4585
   19254      46.3834
   19255      47.9303
   19256      42.3186
   19257      44.4534
   19258      39.5147
   19259      42.0798
   19260      42.3928
   19261      44.5748
   19262      41.3147
   19263      40.6713
   19264      40.2295
   19265      42.7034
   19266      43.4807
   19267      47.0747
   19268      41.9349
   19269      41.6630
   19270      44.4551
   19271      43.8610
   19272      46.3643
   19273      47.2322
   19274      48.8555
   19275      47.3842
   19276      45.9929
   19277      39.6708
   19278      39.4794
   19279      43.6258
   19280      43.4658
   19281      42.2706
   19282      39.9390
   19283      46.5187
   19284      48.0125
   19285      44.9594
   19286      49.1779
   19287      48.2832
   19288      48.6593
   19289      43.3977
   19290      46.2366
   19291      48.1281
   19292      49.6258
   19293      47.7451
   19294      50.0924
   19295      48.6359
   19296      48.5504
   19297      48.2695
   19298      47.9732
   19299      48.7827
   19300      48.8775
   19301      48.7893
   19302      50.0217
   19303      48.4720
   19304      47.1005
   19305      47.0274
   19306      45.0734
   19307      48.2945
   19308      48.0540
   19309      48.7086
   19310      51.6263
   19311      47.3219
   19312      46.7423
   19313      47.6641
   19314      47.1959
   19315      45.1037
   19316      43.8107
   19317      48.3394
   19318      48.3346
   19319      48.4825
   19320      48.0480
   19321      50.6529
   19322      51.0414
   19323      47.9944
   19324      48.0674
   19325      50.7806
   19326      50.0089
   19327      48.2881
   19328      49.6554
   19329      44.5382
   19330      49.2252
   19331      49.7409
   19332      48.2015
   19333      48.7950
   19334      48.5525
   19335      45.9430
   19336      48.1317
   19337      46.7368
   19338      53.1564
   19339      55.6944
   19340      53.4792
   19341      55.2809
   19342      58.4825
   19343      59.3822
   19344      59.7844
   19345      54.3024
   19346      56.3463
   19347      54.2928
   19348      55.5080
   19349      55.9033
   19350      53.2750
   19351      54.8721
   19352      55.5424
   19353      53.4506
   19354      52.0607
   19355      53.3557
   19356      53.3042
   19357      54.3820
   19358      52.7686
   19359      52.9236
   19360      53.2951
   19361      53.7675
   19362      50.9396
   19363      54.1896
   19364      53.3009
   19365      46.1437
   19366      52.3546
   19367      55.5071
   19368      49.8371
   19369      50.7702
   19370      49.5609
   19371      45.1430
   19372      45.1762
   19373      43.7877
   19374      43.7633
   19375      41.7838
   19376      46.3644
   19377      45.6396
   19378      47.0125
   19379      49.7365
   19380      46.5654
   19381      52.3307
   19382      52.3392
   19383      49.4344
   19384      50.9681
   19385      54.6544
   19386      53.3414
   19387      56.1383
   19388      52.7204
   19389      48.8830
   19390      46.6959
   19391      47.4891
   19392      44.6937
   19393      53.3313
   19394      52.5852
   19395      53.0208
   19396      52.4729
   19397      50.4682
   19398      52.4991
   19399      52.3897
   19400      52.7959
   19401      48.1090
   19402      48.9942
   19403      48.9500
   19404      48.3665
   19405      52.9518
   19406      54.8403
   19407      51.5401
   19408      49.7202
   19409      47.2747
   19410      48.4723
   19411      50.8711
   19412      48.9502
   19413      51.6452
   19414      54.2749
   19415      52.9177
   19416      49.5175
   19417      49.0771
   19418      51.7767
   19419      53.4485
   19420      49.7638
   19421      51.4109
   19422      47.5377
   19423      49.9577
   19424      49.7533
   19425      49.6529
   19426      47.5012
   19427      52.6257
   19428      51.6996
   19429      50.8571
   19430      47.9195
   19431      47.8822
   19432      48.1204
   19433      48.3707
   19434      48.4438
   19435      49.7506
   19436      46.6445
   19437      53.8372
   19438      53.3440
   19439      49.2724
   19440      53.7227
   19441      60.7171
   19442      62.2540
   19443      56.5884
   19444      58.9503
   19445      56.1683
   19446      57.3314
   19447      53.8725
   19448      51.5843
   19449      54.3234
   19450      55.8422
   19451      56.0387
   19452      58.6517
   19453      53.1325
   19454      54.3840
   19455      53.2782
   19456      54.2287
   19457      48.5321
   19458      49.4123
   19459      51.8751
   19460      53.0493
   19461      52.7694
   19462      52.5910
   19463      51.3700
   19464      52.0606
   19465      56.0269
   19466      56.3658
   19467      56.9834
   19468      54.3249
   19469      58.5749
   19470      60.4177
   19471      61.3038
   19472      59.8451
   19473      61.3094
   19474      58.3921
   19475      60.1996
   19476      60.1340
   19477      60.4062
   19478      56.8937
   19479      55.4620
   19480      51.3881
   19481      52.6285
   19482      51.2459
   19483      48.6994
   19484      48.2441
   19485      46.6646
   19486      51.3988
   19487      52.1132
   19488      49.8928
   19489      47.9375
   19490      52.4899
   19491      51.3678
   19492      55.9296
   19493      57.4222
   19494      58.1737
   19495      58.4335
   19496      57.1807
   19497      51.7462
   19498      50.5744
   19499      51.2645
   19500      49.2521
   19501      50.0861
   19502      42.4452
   19503      41.3761
   19504      42.5006
   19505      40.4814
   19506      42.7660
   19507      36.6912
   19508      39.9785
   19509      43.2826
   19510      44.2657
   19511      44.0416
   19512      43.1470
   19513      46.8867
   19514      44.5553
   19515      45.6724
   19516      44.5207
   19517      43.8552
   19518      47.8138
   19519      44.2259
   19520      42.3686
   19521      41.7368
   19522      42.0842
   19523      43.3726
   19524      44.1455
   19525      44.5691
   19526      44.3794
   19527      44.8077
   19528      48.6865
   19529      49.4017
   19530      48.2557
   19531      46.5782
   19532      46.0326
   19533      45.5533
   19534      46.3343
   19535      49.1471
   19536      49.5653
   19537      48.8228
   19538      49.9912
   19539      51.5472
   19540      54.5637
   19541      49.6057
   19542      51.4377
   19543      52.6893
   19544      55.0916
   19545      51.3924
   19546      46.8005
   19547      51.9878
   19548      50.2005
   19549      50.2920
   19550      47.7646
   19551      48.0744
   19552      46.6953
   19553      44.7934
   19554      42.5008
   19555      41.2883
   19556      45.8718
   19557      47.1732
   19558      50.2655
   19559      50.2371
   19560      53.4125
   19561      52.1429
   19562      45.6444
   19563      42.3712
   19564      40.4315
   19565      45.6696
   19566      48.5028
   19567      48.0965
   19568      50.3488
   19569      54.6960
   19570      52.4889
   19571      50.7084
   19572      52.1606
   19573      49.4011
   19574      53.6486
   19575      53.3647
   19576      51.2949
   19577      46.3025
   19578      48.0806
   19579      53.4956
   19580      55.3294
   19581      53.0251
   19582      50.1727
   19583      45.9421
   19584      47.2900
   19585      51.2481
   19586      50.4905
   19587      52.7548
   19588      52.2556
   19589      50.5604
   19590      50.5387
   19591      48.1262
   19592      43.7897
   19593      46.3030
   19594      47.1819
   19595      46.5886
   19596      45.9502
   19597      49.3070
   19598      48.0808
   19599      48.4076
   19600      47.9076
   19601      47.2931
   19602      48.9006
   19603      47.4010
   19604      46.1663
   19605      43.8616
   19606      50.7131
   19607      50.0004
   19608      49.0447
   19609      51.1994
   19610      50.8630
   19611      54.5543
   19612      53.0799
   19613      53.1102
   19614      52.3690
   19615      53.2821
   19616      52.2853
   19617      46.5215
   19618      49.5224
   19619      48.1383
   19620      47.0241
   19621      46.3760
   19622      47.6424
   19623      44.1495
   19624      44.2435
   19625      43.6842
   19626      43.2276
   19627      48.9273
   19628      46.0202
   19629      43.1418
   19630      46.0759
   19631      44.8208
   19632      47.2409
   19633      44.8381
   19634      47.6723
   19635      48.7455
   19636      48.1202
   19637      53.0384
   19638      46.0960
   19639      48.3019
   19640      48.9392
   19641      46.8617
   19642      45.9850
   19643      47.9239
   19644      43.5365
   19645      44.7149
   19646      44.3902
   19647      47.1718
   19648      48.3908
   19649      44.6599
   19650      46.7892
   19651      47.5566
   19652      48.0140
   19653      42.6763
   19654      46.4090
   19655      49.4169
   19656      48.2766
   19657      49.3195
   19658      44.5653
   19659      47.0054
   19660      47.2619
   19661      45.8411
   19662      43.9940
   19663      49.6502
   19664      47.9468
   19665      49.1296
   19666      49.4882
   19667      52.3109
   19668      46.8285
   19669      44.7969
   19670      43.2153
   19671      40.0103
   19672      41.5445
   19673      43.3457
   19674      45.9215
   19675      46.4512
   19676      43.1069
   19677      42.2086
   19678      45.0850
   19679      46.3722
   19680      45.5695
   19681      45.9127
   19682      47.0949
   19683      49.6586
   19684      51.9200
   19685      50.0044
   19686      50.3298
   19687      47.3272
   19688      45.1740
   19689      50.9992
   19690      51.1624
   19691      53.0947
   19692      53.2871
   19693      47.4230
   19694      49.3823
   19695      44.6541
   19696      46.5432
   19697      47.7202
   19698      49.4521
   19699      48.3968
   19700      47.6794
   19701      43.6882
   19702      42.8116
   19703      46.0955
   19704      45.5414
   19705      45.7959
   19706      47.3951
   19707      46.7035
   19708      43.1196
   19709      45.2922
   19710      46.5578
   19711      46.2980
   19712      49.7636
   19713      50.4052
   19714      49.5320
   19715      47.5997
   19716      43.3879
   19717      43.9216
   19718      47.1958
   19719      46.3496
   19720      43.3388
   19721      45.0865
   19722      43.3738
   19723      42.8146
   19724      44.1508
   19725      46.8959
   19726      50.9017
   19727      50.3733
   19728      49.2667
   19729      49.8656
   19730      49.6831
   19731      44.0066
   19732      41.3690
   19733      40.9687
   19734      41.0949
   19735      43.5901
   19736      46.3272
   19737      48.3821
   19738      44.7837
   19739      46.8170
   19740      42.8913
   19741      42.6978
   19742      46.0149
   19743      45.9879
   19744      46.9805
   19745      47.1510
   19746      45.8754
   19747      49.4464
   19748      45.5714
   19749      47.9027
   19750      46.5212
   19751      49.3326
   19752      51.3813
   19753      49.6403
   19754      48.9675
   19755      50.0242
   19756      48.7335
   19757      46.8846
   19758      45.8817
   19759      46.7557
   19760      45.1493
   19761      46.6737
   19762      48.9247
   19763      47.2656
   19764      48.0585
   19765      54.3365
   19766      50.4887
   19767      45.3682
   19768      43.5458
   19769      40.8463
   19770      48.9795
   19771      49.1488
   19772      54.8856
   19773      50.3971
   19774      51.1689
   19775      50.1647
   19776      51.7493
   19777      52.7181
   19778      52.5976
   19779      48.7253
   19780      53.8143
   19781      53.7134
   19782      51.3317
   19783      54.0480
   19784      51.0349
   19785      49.4390
   19786      48.1840
   19787      53.2389
   19788      57.2506
   19789      54.7537
   19790      52.9705
   19791      52.3060
   19792      53.9627
   19793      52.4124
   19794      49.1316
   19795      48.1490
   19796      46.6071
   19797      52.4415
   19798      53.0226
   19799      50.6463
   19800      50.4959
   19801      53.5126
   19802      52.8975
   19803      53.4987
   19804      53.3364
   19805      57.6110
   19806      62.5539
   19807      59.3193
   19808      50.9361
   19809      51.7529
   19810      47.3597
   19811      48.5396
   19812      48.7348
   19813      47.0897
   19814      46.8680
   19815      44.6944
   19816      41.0341
   19817      42.0993
   19818      43.9349
   19819      51.0731
   19820      54.7605
   19821      50.4999
   19822      42.2787
   19823      44.6552
   19824      46.9834
   19825      41.6399
   19826      41.3911
   19827      47.1430
   19828      50.5073
   19829      48.3864
   19830      50.6981
   19831      53.4685
   19832      50.8015
   19833      47.3138
   19834      47.1727
   19835      50.1989
   19836      48.2446
   19837      47.6815
   19838      50.7825
   19839      51.2907
   19840      49.3177
   19841      51.1828
   19842      49.1426
   19843      47.5030
   19844      48.2776
   19845      45.1210
   19846      48.2268
   19847      47.5592
   19848      45.8711
   19849      47.4029
   19850      47.6975
   19851      45.0783
   19852      44.7744
   19853      45.8051
   19854      50.9003
   19855      53.0441
   19856      53.5451
   19857      45.8772
   19858      48.1759
   19859      49.6809
   19860      50.9320
   19861      48.7392
   19862      48.0408
   19863      51.5876
   19864      47.3731
   19865      44.7472
   19866      46.5479
   19867      48.4727
   19868      47.8075
   19869      49.5063
   19870      49.5279
   19871      49.2977
   19872      50.2291
   19873      45.0753
   19874      43.4594
   19875      46.1142
   19876      48.6193
   19877      47.0716
   19878      45.3953
   19879      45.9860
   19880      44.0418
   19881      47.1369
   19882      49.7824
   19883      47.2508
   19884      51.5947
   19885      48.0366
   19886      46.2256
   19887      45.2545
   19888      45.5832
   19889      47.0500
   19890      51.7738
   19891      54.3271
   19892      51.3188
   19893      52.8199
   19894      49.2321
   19895      51.4046
   19896      52.1793
   19897      53.9901
   19898      53.7261
   19899      48.1870
   19900      44.4496
   19901      46.9548
   19902      48.3577
   19903      48.6948
   19904      49.7426
   19905      50.2181
   19906      45.7626
   19907      41.3112
   19908      48.5874
   19909      50.1523
   19910      52.3190
   19911      48.3513
   19912      50.4613
   19913      49.2966
   19914      49.0222
   19915      50.0656
   19916      46.1350
   19917      48.3152
   19918      53.5615
   19919      56.3988
   19920      51.9779
   19921      53.0185
   19922      54.9264
   19923      49.6302
   19924      50.9266
   19925      50.8961
   19926      46.8481
   19927      47.2295
   19928      47.8923
   19929      51.5152
   19930      49.1602
   19931      48.7036
   19932      48.0634
   19933      48.0815
   19934      44.6887
   19935      50.4541
   19936      47.4942
   19937      55.8402
   19938      49.1197
   19939      50.7040
   19940      50.5116
   19941      47.7361
   19942      54.1198
   19943      53.5012
   19944      52.8580
   19945      53.2384
   19946      52.8425
   19947      54.6404
   19948      48.7146
   19949      48.0721
   19950      51.1715
   19951      52.5973
   19952      52.4069
   19953      50.7710
   19954      51.0345
   19955      52.2600
   19956      60.1346
   19957      61.6170
   19958      61.1813
   19959      52.2378
   19960      51.5760
   19961      49.9115
   19962      47.9733
   19963      50.8025
   19964      51.2965
   19965      49.7512
   19966      52.5459
   19967      53.4074
   19968      46.4168
   19969      47.5398
   19970      55.6276
   19971      58.2439
   19972      53.3926
   19973      47.7519
   19974      49.8525
   19975      50.5608
   19976      49.9606
   19977      55.2865
   19978      50.0816
   19979      51.7304
   19980      55.7651
   19981      50.7792
   19982      50.1587
   19983      49.5467
   19984      53.9606
   19985      53.4707
   19986      52.2691
   19987      51.6683
   19988      50.3702
   19989      53.2646
   19990      47.0878
   19991      50.5115
   19992      49.8014
   19993      49.3765
   19994      50.3558
   19995      51.4988
   19996      51.9810
   19997      55.7546
   19998      49.6021
   19999      50.0158
   20000      55.6948
   20001      53.5833
