#Frame     end-to-end
       1      40.8844
       2      42.7608
       3      43.8007
       4      40.8189
       5      43.2855
       6      42.7002
       7      43.8548
       8      42.7937
       9      42.0920
      10      45.3899
      11      43.9948
      12      39.2915
      13      43.0877
      14      41.3102
      15      43.1009
      16      44.7929
      17      43.7070
      18      44.9130
      19      42.7680
      20      46.2442
      21      46.5942
      22      42.4926
      23      43.6206
      24      44.8673
      25      44.0489
      26      46.0717
      27      50.1434
      28      51.2737
      29      49.3712
      30      48.6095
      31      51.8734
      32      47.6406
      33      43.9637
      34      47.6510
      35      43.5310
      36      45.9141
      37      45.2238
      38      48.8067
      39      48.4803
      40      42.8230
      41      40.4634
      42      41.9885
      43      43.9735
      44      48.1051
      45      49.6876
      46      55.5666
      47      55.1009
      48      54.2993
      49      52.5825
      50      56.4827
      51      56.1513
      52      59.3092
      53      59.8038
      54      55.5819
      55      54.4971
      56      51.3710
      57      53.3438
      58      55.4716
      59      57.5420
      60      58.7564
      61      59.6291
      62      58.9275
      63      58.6567
      64      56.0502
      65      57.9107
      66      60.2931
      67      53.3973
      68      54.1422
      69      52.7793
      70      49.2202
      71      47.9616
      72      51.1567
      73      49.9033
      74      47.9690
      75      50.3548
      76      53.4919
      77      57.7154
      78      57.8539
      79      64.7759
      80      60.0624
      81      58.1121
      82      58.4055
      83      57.7547
      84      58.3169
      85      59.8551
      86      53.8893
      87      49.6837
      88      48.6194
      89      50.3681
      90      52.9002
      91      53.1899
      92      59.2435
      93      53.6103
      94      52.7637
      95      49.3878
      96      49.4295
      97      46.4090
      98      48.2343
      99      53.5114
     100      53.2607
     101      50.7935
     102      46.9414
     103      43.3380
     104      46.4987
     105      48.9507
     106      50.4356
     107      53.0068
     108      54.3846
     109      48.7155
     110      46.7003
     111      46.9677
     112      46.3634
     113      39.6563
     114      39.8482
     115      40.7964
     116      42.7777
     117      41.8504
     118      47.2784
     119      45.5218
     120      45.3102
     121      43.4652
     122      42.7957
     123      41.5520
     124      42.7361
     125      45.6082
     126      46.9982
     127      47.4266
     128      51.3389
     129      52.7390
     130      46.3603
     131      43.7796
     132      47.8109
     133      48.7881
     134      47.4068
     135      48.5340
     136      48.9240
     137      48.9997
     138      50.6303
     139      47.1695
     140      45.0495
     141      48.4101
     142      49.3422
     143      46.2122
     144      46.1681
     145      45.5847
     146      51.1944
     147      56.1295
     148      51.3312
     149      45.4866
     150      43.1923
     151      48.4611
     152      50.9284
     153      47.7919
     154      46.4681
     155      47.7049
     156      47.7096
     157      47.8616
     158      49.8994
     159      52.5892
     160      50.8449
     161      46.1332
     162      48.9854
     163      47.2493
     164      49.4213
     165      50.1627
     166      47.7543
     167      49.0768
     168      46.8214
     169      54.6327
     170      56.4916
     171      50.5367
     172      48.7315
     173      49.4053
     174      49.3030
     175      51.5047
     176      52.5017
     177      54.0678
     178      56.3610
     179      59.7216
     180      59.0049
     181      56.8230
     182      51.3151
     183      52.8665
     184      48.5429
     185      51.4697
     186      54.1423
     187      54.9976
     188      48.4876
     189      46.2723
     190      45.3469
     191      49.6125
     192      46.8192
     193      45.8072
     194      46.2524
     195      48.8381
     196      48.5872
     197      48.9783
     198      51.0524
     199      51.8535
     200      57.1341
     201      52.5125
     202      54.9825
     203      50.9086
     204      49.1425
     205      48.7350
     206      47.6826
     207      48.7218
     208      50.6241
     209      46.7515
     210      46.6054
     211      47.5235
     212      48.0347
     213      46.3323
     214      47.3180
     215      50.3657
     216      53.0874
     217      54.0320
     218      49.8298
     219      51.7176
     220      48.8559
     221      50.7136
     222      54.9524
     223      51.9941
     224      46.7811
     225      48.7969
     226      45.0750
     227      46.8239
     228      50.2321
     229      52.6161
     230      49.9774
     231      54.2557
     232      51.3519
     233      45.0977
     234      47.2856
     235      46.5858
     236      46.1554
     237      43.7275
     238      47.6256
     239      52.0439
     240      52.1770
     241      49.3712
     242      49.9243
     243      49.7883
     244      44.7484
     245      47.8871
     246      47.1040
     247      43.3100
     248      43.5629
     249      42.9142
     250      43.5138
     251      43.9327
     252      44.9292
     253      44.6068
     254      44.6989
     255      45.9223
     256      53.1113
     257      49.2395
     258      47.9725
     259      45.8297
     260      47.7602
     261      49.7516
     262      52.3080
     263      57.8268
     264      59.9319
     265      56.3694
     266      49.7739
     267      49.8150
     268      52.6913
     269      54.1994
     270      58.8840
     271      58.0893
     272      58.0630
     273      60.4418
     274      58.6462
     275      62.7734
     276      60.3647
     277      60.7560
     278      56.0140
     279      56.9279
     280      51.3339
     281      54.7707
     282      50.0129
     283      53.0044
     284      56.2289
     285      58.9000
     286      65.6735
     287      62.2505
     288      63.7649
     289      61.4660
     290      56.8267
     291      53.8821
     292      51.5677
     293      57.2375
     294      66.0588
     295      64.9865
     296      66.6393
     297      65.4864
     298      67.5368
     299      61.1547
     300      54.5051
     301      55.0544
     302      55.0101
     303      55.6319
     304      56.2669
     305      54.3707
     306      55.9603
     307      58.7438
     308      55.3706
     309      54.3780
     310      52.5280
     311      53.7186
     312      51.4980
     313      52.4621
     314      48.8375
     315      46.7971
     316      43.5982
     317      48.4296
     318      50.8685
     319      44.7778
     320      42.3993
     321      49.2686
     322      51.7090
     323      52.0314
     324      48.6410
     325      53.8481
     326      47.8111
     327      46.9257
     328      45.4504
     329      49.3375
     330      46.1619
     331      46.9630
     332      47.0506
     333      49.0836
     334      47.2088
     335      48.4997
     336      50.2322
     337      50.9484
     338      50.4054
     339      48.0186
     340      49.6243
     341      51.3865
     342      51.4619
     343      48.2678
     344      48.3903
     345      50.3068
     346      50.5464
     347      52.9148
     348      48.5950
     349      45.7041
     350      47.0636
     351      47.6367
     352      47.4153
     353      46.6818
     354      46.0489
     355      46.0433
     356      49.8511
     357      52.0757
     358      54.2499
     359      53.3199
     360      54.2462
     361      58.9671
     362      62.3707
     363      60.6204
     364      52.7640
     365      49.5177
     366      55.0791
     367      53.7659
     368      50.8552
     369      54.6524
     370      55.1991
     371      53.5398
     372      53.0967
     373      52.4771
     374      55.5543
     375      54.3156
     376      54.8549
     377      57.7084
     378      61.8048
     379      61.2223
     380      54.4189
     381      48.1033
     382      46.5205
     383      48.4660
     384      49.7295
     385      52.2595
     386      52.2453
     387      50.6461
     388      46.5428
     389      49.5426
     390      50.5082
     391      54.0404
     392      53.6038
     393      50.0375
     394      52.4977
     395      51.3315
     396      49.2551
     397      48.8790
     398      48.4636
     399      50.8548
     400      48.3490
     401      49.7629
     402      50.9658
     403      51.0282
     404      51.3091
     405      53.3277
     406      52.4356
     407      54.6182
     408      62.5794
     409      60.1092
     410      62.9490
     411      64.2020
     412      60.2303
     413      61.7976
     414      63.9205
     415      69.1945
     416      73.6155
     417      67.3640
     418      64.5138
     419      63.7552
     420      63.6206
     421      62.0633
     422      55.5437
     423      51.5622
     424      47.2577
     425      54.0083
     426      51.8134
     427      51.1035
     428      52.2402
     429      54.1158
     430      51.5849
     431      52.3030
     432      55.2137
     433      51.8242
     434      54.2635
     435      51.6757
     436      52.2309
     437      52.5177
     438      59.6369
     439      60.9356
     440      57.1169
     441      57.9228
     442      57.9094
     443      57.2813
     444      55.8276
     445      52.8992
     446      45.2795
     447      44.6637
     448      44.6831
     449      46.4001
     450      46.7459
     451      42.3186
     452      46.7527
     453      46.2629
     454      43.0618
     455      45.6831
     456      46.5021
     457      47.0586
     458      46.5462
     459      44.6896
     460      43.8768
     461      44.7564
     462      45.2263
     463      47.5994
     464      48.6263
     465      50.9502
     466      53.2646
     467      52.7361
     468      56.1409
     469      53.7145
     470      48.5025
     471      51.8596
     472      48.9326
     473      50.6860
     474      49.5113
     475      48.9471
     476      49.4069
     477      47.8284
     478      47.6957
     479      48.3318
     480      48.9850
     481      49.7404
     482      49.9261
     483      49.8049
     484      50.1032
     485      52.0186
     486      50.3232
     487      47.2072
     488      50.7054
     489      48.0838
     490      45.4623
     491      46.3446
     492      47.5528
     493      53.3446
     494      50.7425
     495      48.9998
     496      50.8609
     497      49.5748
     498      49.4555
     499      52.4563
     500      53.3246
     501      50.3305
     502      53.9176
     503      52.6728
     504      53.1866
     505      52.0373
     506      52.6696
     507      51.2765
     508      51.3137
     509      54.5296
     510      53.6586
     511      51.8015
     512      50.7101
     513      48.5654
     514      49.8021
     515      54.7620
     516      52.0481
     517      56.2265
     518      54.1612
     519      51.6973
     520      52.7773
     521      48.3237
     522      46.5160
     523      51.9988
     524      47.0974
     525      47.2198
     526      48.0963
     527      47.7635
     528      47.9469
     529      47.6369
     530      50.2506
     531      45.3170
     532      47.6446
     533      46.8410
     534      45.3035
     535      42.8930
     536      43.4455
     537      46.7225
     538      47.7239
     539      46.1866
     540      46.5222
     541      47.5246
     542      50.3866
     543      47.3054
     544      50.7548
     545      50.9808
     546      44.7756
     547      42.5618
     548      44.4019
     549      44.0261
     550      47.0728
     551      53.9227
     552      53.2036
     553      50.7119
     554      48.0716
     555      43.6901
     556      43.8829
     557      48.2790
     558      45.0949
     559      48.2749
     560      52.8313
     561      53.2210
     562      49.1794
     563      48.5030
     564      49.7238
     565      49.5904
     566      47.7912
     567      49.3286
     568      44.8395
     569      49.6034
     570      46.7554
     571      47.9616
     572      47.7761
     573      47.4814
     574      48.2435
     575      46.8142
     576      44.6706
     577      49.2499
     578      53.4318
     579      50.6089
     580      48.4093
     581      48.4961
     582      49.0581
     583      50.5666
     584      49.0034
     585      50.1643
     586      51.4511
     587      54.2321
     588      56.5362
     589      61.0344
     590      61.2670
     591      64.5401
     592      62.7774
     593      57.6117
     594      54.1609
     595      48.9090
     596      52.1912
     597      53.1706
     598      53.5930
     599      48.9093
     600      46.9628
     601      44.5849
     602      47.0048
     603      48.4630
     604      48.8858
     605      46.5166
     606      47.9553
     607      42.9876
     608      45.5276
     609      43.6915
     610      45.9737
     611      51.1093
     612      49.7324
     613      51.4499
     614      49.6472
     615      50.1957
     616      48.0800
     617      47.9221
     618      49.0708
     619      52.8513
     620      55.2538
     621      54.7130
     622      60.1613
     623      64.2626
     624      68.3032
     625      70.6103
     626      69.7681
     627      67.5980
     628      69.4080
     629      72.7684
     630      72.4005
     631      74.2573
     632      77.4433
     633      73.9594
     634      73.6728
     635      77.9368
     636      78.0430
     637      79.9877
     638      81.3474
     639      84.5188
     640      84.3684
     641      85.8831
     642      89.6739
     643      87.0084
     644      84.0632
     645      80.4256
     646      81.9109
     647      82.5538
     648      77.4075
     649      75.9776
     650      74.3681
     651      71.0682
     652      74.8131
     653      76.8819
     654      78.1711
     655      78.6474
     656      77.9150
     657      77.1120
     658      78.2453
     659      81.3383
     660      80.9973
     661      78.2781
     662      77.9448
     663      75.8260
     664      73.2906
     665      68.5696
     666      68.9259
     667      73.0811
     668      74.9627
     669      72.0636
     670      72.1533
     671      73.0482
     672      70.2177
     673      63.9160
     674      65.7288
     675      64.3589
     676      59.4414
     677      64.3190
     678      70.3475
     679      68.2461
     680      69.9338
     681      63.9194
     682      59.0436
     683      60.2342
     684      59.4258
     685      59.5535
     686      63.4860
     687      61.8376
     688      63.2443
     689      59.7983
     690      62.3658
     691      65.1761
     692      66.1336
     693      65.3269
     694      66.1193
     695      62.9951
     696      60.4225
     697      53.3657
     698      53.1474
     699      50.4799
     700      51.9912
     701      58.0524
     702      61.7424
     703      62.9037
     704      58.6327
     705      62.4614
     706      61.6620
     707      64.8928
     708      64.8495
     709      67.4550
     710      67.2840
     711      63.1619
     712      64.2414
     713      62.8198
     714      63.3362
     715      62.2626
     716      62.1682
     717      63.9087
     718      64.8705
     719      63.9770
     720      64.0100
     721      63.2655
     722      60.9375
     723      56.1820
     724      55.1582
     725      52.9111
     726      54.9154
     727      54.3539
     728      53.9889
     729      51.0258
     730      53.4940
     731      51.4251
     732      52.6222
     733      51.8139
     734      53.6654
     735      54.5503
     736      55.7475
     737      55.7149
     738      52.9913
     739      52.3065
     740      56.8071
     741      56.7969
     742      56.6683
     743      55.6220
     744      56.4963
     745      57.0649
     746      56.2494
     747      59.9958
     748      57.1895
     749      52.6373
     750      53.6994
     751      52.8391
     752      52.2473
     753      50.8709
     754      54.8127
     755      50.1163
     756      49.2254
     757      53.4133
     758      50.6213
     759      51.1241
     760      55.1119
     761      48.8688
     762      48.2937
     763      50.7740
     764      54.4733
     765      57.0363
     766      54.9061
     767      53.0296
     768      52.9284
     769      51.0261
     770      53.9036
     771      56.0122
     772      56.5278
     773      57.3958
     774      60.3543
     775      59.0208
     776      51.6902
     777      52.1023
     778      52.5981
     779      51.3860
     780      50.3466
     781      53.3847
     782      56.5847
     783      55.6569
     784      51.3379
     785      53.8167
     786      49.1706
     787      47.4564
     788      46.1979
     789      43.4016
     790      42.8543
     791      43.1569
     792      43.1300
     793      47.4668
     794      46.3667
     795      46.9837
     796      51.3641
     797      47.0904
     798      43.1948
     799      47.5523
     800      46.9645
     801      46.6541
     802      46.8980
     803      46.9318
     804      46.1850
     805      48.6236
     806      50.9775
     807      53.3142
     808      50.9191
     809      52.7233
     810      50.9279
     811      49.1463
     812      48.3156
     813      48.7777
     814      49.1665
     815      51.7145
     816      53.7613
     817      51.8898
     818      52.3340
     819      58.3487
     820      59.8703
     821      61.7831
     822      60.2706
     823      56.3020
     824      64.0163
     825      61.5309
     826      58.2075
     827      57.3895
     828      53.4819
     829      54.7363
     830      56.2404
     831      53.7571
     832      58.7341
     833      60.2342
     834      59.2452
     835      59.6665
     836      61.2248
     837      59.7638
     838      59.8334
     839      55.3891
     840      52.9275
     841      52.1753
     842      52.8474
     843      54.4379
     844      53.6175
     845      54.2872
     846      55.0432
     847      55.9446
     848      56.0833
     849      63.9044
     850      64.7877
     851      68.5176
     852      67.3428
     853      62.5549
     854      63.2030
     855      62.3742
     856      54.1929
     857      50.5116
     858      48.3796
     859      50.3788
     860      47.8807
     861      48.8024
     862      49.2361
     863      49.1939
     864      48.1120
     865      48.2679
     866      49.0192
     867      48.3775
     868      44.8024
     869      44.5277
     870      45.5946
     871      48.3771
     872      45.1563
     873      49.9472
     874      51.4106
     875      51.0831
     876      48.7346
     877      49.7368
     878      52.3480
     879      54.4220
     880      55.6695
     881      59.7658
     882      61.2374
     883      67.3452
     884      66.5710
     885      65.6314
     886      64.1939
     887      65.2829
     888      63.5075
     889      59.0973
     890      66.3771
     891      65.5133
     892      64.9268
     893      65.6542
     894      66.0689
     895      65.5799
     896      62.7790
     897      62.0303
     898      61.0308
     899      62.1242
     900      61.5363
     901      63.5836
     902      68.8118
     903      63.9399
     904      67.7338
     905      66.8731
     906      70.1542
     907      68.8810
     908      66.7882
     909      65.3544
     910      66.2617
     911      68.4157
     912      73.2283
     913      73.1005
     914      68.1088
     915      65.9715
     916      65.8729
     917      59.5448
     918      62.9359
     919      64.3395
     920      62.1800
     921      60.5937
     922      57.0150
     923      55.4943
     924      57.6828
     925      53.4056
     926      51.7462
     927      47.0205
     928      53.6841
     929      53.0995
     930      58.8629
     931      57.9593
     932      58.3884
     933      54.5267
     934      50.9618
     935      55.0473
     936      49.5667
     937      49.2081
     938      51.4908
     939      53.3441
     940      52.6025
     941      52.6404
     942      50.3885
     943      51.0007
     944      57.3162
     945      56.5688
     946      53.2822
     947      52.2146
     948      56.0866
     949      54.4815
     950      53.3822
     951      55.6912
     952      56.0031
     953      51.7980
     954      51.0961
     955      52.3509
     956      52.7737
     957      50.0183
     958      53.9046
     959      51.6416
     960      49.3970
     961      46.3168
     962      44.1973
     963      46.3139
     964      48.8303
     965      46.8251
     966      48.4962
     967      46.5717
     968      47.3104
     969      49.7813
     970      53.3559
     971      56.2774
     972      56.3480
     973      55.5819
     974      53.5081
     975      53.4700
     976      53.8190
     977      54.9098
     978      56.0606
     979      59.1270
     980      56.8863
     981      60.3802
     982      59.9660
     983      61.6786
     984      58.8611
     985      58.6436
     986      55.1224
     987      53.5796
     988      55.5037
     989      58.4430
     990      58.5228
     991      59.1387
     992      59.1461
     993      61.9898
     994      60.4735
     995      62.6235
     996      55.5369
     997      57.9811
     998      58.1853
     999      57.7677
    1000      58.7717
    1001      55.4663
    1002      53.7618
    1003      52.8644
    1004      49.0282
    1005      53.8518
    1006      50.5690
    1007      49.3788
    1008      46.1559
    1009      44.9573
    1010      49.5632
    1011      51.8620
    1012      53.3647
    1013      52.4995
    1014      53.6307
    1015      52.9638
    1016      51.4706
    1017      53.1634
    1018      53.3356
    1019      53.2664
    1020      54.4762
    1021      49.1957
    1022      49.9477
    1023      50.4885
    1024      53.3184
    1025      52.4642
    1026      54.2860
    1027      50.4453
    1028      52.9224
    1029      54.9835
    1030      59.7701
    1031      58.9512
    1032      53.5865
    1033      55.5831
    1034      57.9968
    1035      53.4689
    1036      50.2603
    1037      50.9854
    1038      52.9423
    1039      51.8039
    1040      51.5428
    1041      56.4569
    1042      54.0096
    1043      55.7057
    1044      50.3072
    1045      50.1939
    1046      52.2348
    1047      49.1605
    1048      49.5364
    1049      54.5420
    1050      57.4939
    1051      59.1259
    1052      55.3050
    1053      53.6866
    1054      54.4673
    1055      57.8053
    1056      55.4780
    1057      56.0636
    1058      55.9170
    1059      47.3027
    1060      50.9562
    1061      49.3200
    1062      53.3156
    1063      54.8080
    1064      56.9345
    1065      56.2170
    1066      53.3911
    1067      47.4031
    1068      48.4979
    1069      50.2180
    1070      49.7419
    1071      46.7373
    1072      46.0847
    1073      41.5927
    1074      51.5972
    1075      52.7961
    1076      50.9650
    1077      50.2252
    1078      50.5727
    1079      51.1716
    1080      48.7316
    1081      45.1964
    1082      48.2881
    1083      43.4965
    1084      45.3983
    1085      48.3124
    1086      47.6748
    1087      51.2213
    1088      50.0531
    1089      51.1880
    1090      50.1555
    1091      49.4030
    1092      50.1947
    1093      50.0471
    1094      55.1569
    1095      52.2497
    1096      54.9714
    1097      51.8057
    1098      52.5591
    1099      53.2150
    1100      46.6998
    1101      48.4853
    1102      55.2011
    1103      46.8897
    1104      46.9683
    1105      44.4352
    1106      44.9740
    1107      48.7589
    1108      49.4041
    1109      47.4494
    1110      49.1161
    1111      49.4559
    1112      51.1941
    1113      54.5501
    1114      49.6110
    1115      51.7201
    1116      52.5211
    1117      55.9082
    1118      53.3575
    1119      54.2693
    1120      56.8372
    1121      54.3218
    1122      57.4828
    1123      56.1105
    1124      54.2814
    1125      53.9024
    1126      55.6086
    1127      57.7688
    1128      54.2655
    1129      52.7391
    1130      49.7818
    1131      50.7254
    1132      53.6588
    1133      49.6338
    1134      56.0510
    1135      54.5302
    1136      51.0390
    1137      53.9292
    1138      51.3760
    1139      51.0620
    1140      51.8775
    1141      57.2751
    1142      62.1531
    1143      66.0051
    1144      66.0677
    1145      67.0197
    1146      65.8638
    1147      68.6471
    1148      68.7987
    1149      65.7918
    1150      62.8036
    1151      63.8774
    1152      65.4366
    1153      69.4254
    1154      66.8170
    1155      64.7907
    1156      60.3951
    1157      59.0871
    1158      63.1934
    1159      65.4006
    1160      68.6947
    1161      67.9711
    1162      66.8298
    1163      68.1445
    1164      63.1753
    1165      62.5168
    1166      57.8609
    1167      54.0214
    1168      51.6402
    1169      53.1664
    1170      53.6691
    1171      52.7916
    1172      50.9827
    1173      54.4062
    1174      58.3794
    1175      65.5552
    1176      69.4894
    1177      73.5266
    1178      71.3370
    1179      66.7591
    1180      68.9649
    1181      64.9321
    1182      62.8667
    1183      59.7750
    1184      62.5337
    1185      63.9736
    1186      61.0688
    1187      62.7111
    1188      65.7798
    1189      72.8440
    1190      70.9303
    1191      65.5655
    1192      59.3236
    1193      61.7976
    1194      58.0424
    1195      55.1394
    1196      56.4379
    1197      54.1903
    1198      55.0648
    1199      54.0637
    1200      54.6258
    1201      51.5006
    1202      49.5513
    1203      50.5286
    1204      51.5813
    1205      50.3689
    1206      48.8412
    1207      46.8965
    1208      49.7624
    1209      46.9566
    1210      47.9435
    1211      46.3474
    1212      49.7626
    1213      47.0841
    1214      46.1205
    1215      50.5405
    1216      49.4786
    1217      50.9871
    1218      53.3366
    1219      55.0789
    1220      58.5137
    1221      57.4288
    1222      60.8178
    1223      65.5440
    1224      63.4949
    1225      63.5918
    1226      66.8562
    1227      63.8421
    1228      64.0858
    1229      62.2237
    1230      60.0603
    1231      62.1285
    1232      60.5785
    1233      59.0949
    1234      61.9914
    1235      53.3815
    1236      50.8207
    1237      49.1865
    1238      54.5906
    1239      49.3553
    1240      52.5149
    1241      54.4773
    1242      56.2880
    1243      54.3478
    1244      51.9460
    1245      53.5451
    1246      54.7999
    1247      53.7390
    1248      52.3804
    1249      51.7054
    1250      53.9804
    1251      53.6913
    1252      54.2230
    1253      51.9833
    1254      49.5008
    1255      51.3312
    1256      55.1071
    1257      57.2687
    1258      58.4955
    1259      58.1553
    1260      60.8938
    1261      64.0627
    1262      59.3094
    1263      58.1226
    1264      58.6227
    1265      62.2030
    1266      57.5920
    1267      59.3092
    1268      60.0397
    1269      54.1137
    1270      53.3216
    1271      59.1109
    1272      60.3511
    1273      62.4252
    1274      59.9365
    1275      57.3764
    1276      55.3571
    1277      57.9396
    1278      63.0976
    1279      61.7063
    1280      63.0134
    1281      63.5728
    1282      71.7467
    1283      71.4546
    1284      71.9933
    1285      77.4114
    1286      76.0813
    1287      73.4132
    1288      67.5755
    1289      69.4333
    1290      67.7978
    1291      66.2320
    1292      69.3144
    1293      72.2539
    1294      74.8825
    1295      72.3666
    1296      68.5307
    1297      73.2112
    1298      72.5210
    1299      69.5663
    1300      66.4773
    1301      66.7468
    1302      63.8495
    1303      65.6881
    1304      66.2754
    1305      68.1806
    1306      67.3765
    1307      69.5072
    1308      67.5026
    1309      66.1285
    1310      62.4527
    1311      60.6246
    1312      57.1800
    1313      62.6868
    1314      63.4722
    1315      62.7254
    1316      65.2708
    1317      68.0611
    1318      63.9864
    1319      64.7743
    1320      71.0722
    1321      72.4601
    1322      73.1043
    1323      73.5164
    1324      70.0067
    1325      74.5924
    1326      71.1612
    1327      68.3984
    1328      64.9651
    1329      68.6471
    1330      73.4402
    1331      72.7516
    1332      68.4867
    1333      69.0686
    1334      62.1610
    1335      64.0318
    1336      62.5241
    1337      60.4640
    1338      61.8003
    1339      63.8973
    1340      61.1920
    1341      60.0226
    1342      64.0513
    1343      64.2280
    1344      60.6768
    1345      60.6126
    1346      57.2803
    1347      56.8096
    1348      57.3071
    1349      51.2484
    1350      52.6692
    1351      51.7025
    1352      54.9696
    1353      51.3253
    1354      50.1865
    1355      55.9319
    1356      49.5185
    1357      50.0739
    1358      52.7147
    1359      51.4744
    1360      48.8869
    1361      49.6683
    1362      45.7122
    1363      45.3623
    1364      48.3888
    1365      49.1180
    1366      50.4965
    1367      45.3728
    1368      48.9227
    1369      52.6238
    1370      56.9332
    1371      55.8202
    1372      55.8377
    1373      50.8016
    1374      49.2647
    1375      45.9341
    1376      50.1366
    1377      51.9660
    1378      51.8933
    1379      48.2660
    1380      47.8182
    1381      47.5034
    1382      48.7143
    1383      50.6464
    1384      50.0223
    1385      48.3813
    1386      48.3680
    1387      53.5519
    1388      51.5981
    1389      56.8995
    1390      53.7945
    1391      54.5014
    1392      53.1489
    1393      56.0461
    1394      58.5206
    1395      55.3241
    1396      59.8669
    1397      59.9445
    1398      60.3529
    1399      68.7890
    1400      66.9805
    1401      67.0819
    1402      64.0398
    1403      64.3543
    1404      65.6808
    1405      64.5874
    1406      66.2932
    1407      70.2714
    1408      69.2047
    1409      62.8172
    1410      61.1017
    1411      60.2631
    1412      58.1927
    1413      57.0123
    1414      60.2469
    1415      61.4159
    1416      59.2294
    1417      56.1864
    1418      52.1803
    1419      53.5316
    1420      48.9917
    1421      56.1567
    1422      57.5033
    1423      56.7369
    1424      55.8612
    1425      51.2936
    1426      54.6759
    1427      56.0581
    1428      55.1283
    1429      51.0868
    1430      52.5444
    1431      60.7523
    1432      63.1511
    1433      67.1221
    1434      62.9937
    1435      64.2350
    1436      68.7642
    1437      74.2275
    1438      74.8993
    1439      70.8312
    1440      64.9315
    1441      65.0419
    1442      64.8083
    1443      60.7846
    1444      59.1987
    1445      54.9390
    1446      55.9304
    1447      48.7246
    1448      51.0920
    1449      53.2575
    1450      50.4934
    1451      52.0575
    1452      54.9692
    1453      50.2743
    1454      48.3226
    1455      51.8218
    1456      57.2885
    1457      50.5493
    1458      52.8667
    1459      51.8287
    1460      49.3917
    1461      52.0419
    1462      51.2945
    1463      51.2894
    1464      50.7752
    1465      51.8941
    1466      52.2985
    1467      50.9714
    1468      51.0696
    1469      49.4392
    1470      49.4698
    1471      48.4671
    1472      51.5007
    1473      54.3080
    1474      50.5893
    1475      50.5028
    1476      50.8566
    1477      47.0265
    1478      47.7274
    1479      50.4509
    1480      48.7625
    1481      52.0611
    1482      51.3062
    1483      52.9005
    1484      52.8597
    1485      49.8836
    1486      49.3514
    1487      52.3909
    1488      52.6851
    1489      52.4159
    1490      51.7264
    1491      53.1527
    1492      56.6752
    1493      51.7299
    1494      51.4439
    1495      54.9453
    1496      53.0227
    1497      53.3223
    1498      54.2287
    1499      54.0539
    1500      50.2497
    1501      45.0368
    1502      45.1218
    1503      43.4917
    1504      48.5781
    1505      51.4628
    1506      51.9304
    1507      52.0973
    1508      46.1597
    1509      41.7532
    1510      48.2157
    1511      53.8376
    1512      53.9165
    1513      54.5694
    1514      52.3219
    1515      49.6511
    1516      50.7494
    1517      53.6987
    1518      53.1902
    1519      54.9305
    1520      55.1192
    1521      53.8391
    1522      49.4077
    1523      49.9178
    1524      46.8635
    1525      49.0284
    1526      49.3000
    1527      49.4185
    1528      47.5920
    1529      47.3457
    1530      44.2151
    1531      48.4250
    1532      46.0619
    1533      45.2954
    1534      44.0026
    1535      45.8632
    1536      43.9236
    1537      50.0872
    1538      52.3818
    1539      49.2613
    1540      48.0126
    1541      50.0558
    1542      56.2997
    1543      58.0079
    1544      61.7965
    1545      61.9247
    1546      61.6483
    1547      55.9503
    1548      52.5109
    1549      51.4575
    1550      53.0597
    1551      51.3869
    1552      52.4595
    1553      50.6198
    1554      49.2505
    1555      51.6761
    1556      50.0605
    1557      52.9400
    1558      51.9416
    1559      48.1835
    1560      47.7961
    1561      50.0038
    1562      54.5703
    1563      50.5562
    1564      55.2565
    1565      58.0227
    1566      58.0854
    1567      56.7136
    1568      52.3527
    1569      51.3678
    1570      52.6248
    1571      49.4590
    1572      54.0394
    1573      55.9156
    1574      51.9334
    1575      53.9273
    1576      51.1947
    1577      52.7341
    1578      54.4948
    1579      55.2483
    1580      52.8442
    1581      55.9121
    1582      57.5023
    1583      53.3944
    1584      52.6509
    1585      51.0879
    1586      53.9925
    1587      52.4989
    1588      51.4878
    1589      50.7959
    1590      51.1323
    1591      55.2870
    1592      50.0437
    1593      49.7174
    1594      50.6644
    1595      49.8562
    1596      51.9816
    1597      47.2105
    1598      48.8149
    1599      51.3445
    1600      52.5658
    1601      53.8943
    1602      50.0059
    1603      50.2615
    1604      49.6260
    1605      51.5311
    1606      50.0864
    1607      47.2446
    1608      48.7585
    1609      45.1785
    1610      48.4633
    1611      47.6341
    1612      47.9787
    1613      44.9764
    1614      48.5976
    1615      57.2629
    1616      59.5762
    1617      58.3999
    1618      57.1593
    1619      55.5372
    1620      56.2019
    1621      55.0426
    1622      50.3699
    1623      60.3135
    1624      58.3734
    1625      57.5331
    1626      59.4093
    1627      62.1368
    1628      62.3490
    1629      62.8245
    1630      60.5832
    1631      58.5673
    1632      54.5992
    1633      56.1767
    1634      55.4935
    1635      56.0286
    1636      56.7735
    1637      60.7608
    1638      58.2377
    1639      53.4709
    1640      51.9154
    1641      49.9965
    1642      53.2436
    1643      52.1520
    1644      55.1896
    1645      49.2832
    1646      59.0947
    1647      60.8826
    1648      57.7521
    1649      55.4729
    1650      60.3889
    1651      61.8056
    1652      58.6110
    1653      57.5942
    1654      58.9472
    1655      59.0170
    1656      59.6386
    1657      56.5748
    1658      56.5144
    1659      53.7409
    1660      54.6331
    1661      54.7561
    1662      51.0422
    1663      48.4695
    1664      52.3355
    1665      55.1617
    1666      54.0380
    1667      52.3860
    1668      51.9408
    1669      51.5188
    1670      47.7853
    1671      49.9125
    1672      50.4274
    1673      47.0674
    1674      47.4893
    1675      50.1987
    1676      51.9044
    1677      52.1422
    1678      48.7676
    1679      50.1329
    1680      48.3650
    1681      49.1266
    1682      54.3189
    1683      55.3832
    1684      53.7586
    1685      53.4901
    1686      57.7114
    1687      55.9962
    1688      56.3204
    1689      54.3966
    1690      53.3412
    1691      57.0914
    1692      56.0390
    1693      56.3128
    1694      51.4682
    1695      49.3298
    1696      53.1262
    1697      52.5895
    1698      54.3058
    1699      57.8753
    1700      56.3640
    1701      59.0055
    1702      60.4900
    1703      59.9601
    1704      61.6260
    1705      58.2110
    1706      57.5802
    1707      55.5568
    1708      60.2117
    1709      59.3266
    1710      56.1986
    1711      60.8400
    1712      57.9872
    1713      53.8796
    1714      55.7534
    1715      54.7910
    1716      55.3364
    1717      54.8390
    1718      55.9376
    1719      53.2909
    1720      54.0923
    1721      53.5321
    1722      52.9902
    1723      58.8781
    1724      56.9411
    1725      54.0543
    1726      56.7786
    1727      58.5928
    1728      57.5232
    1729      55.0096
    1730      55.4298
    1731      55.8876
    1732      55.6332
    1733      57.0340
    1734      58.9436
    1735      56.0507
    1736      51.5654
    1737      54.5239
    1738      54.3946
    1739      52.4065
    1740      54.1995
    1741      56.8366
    1742      56.1503
    1743      52.3601
    1744      53.4016
    1745      48.4051
    1746      49.8182
    1747      52.1312
    1748      56.3764
    1749      58.8589
    1750      51.3377
    1751      47.5379
    1752      55.7566
    1753      55.5452
    1754      52.2740
    1755      55.6291
    1756      58.0855
    1757      56.7181
    1758      57.7111
    1759      51.6081
    1760      54.1933
    1761      53.6018
    1762      52.3618
    1763      50.8284
    1764      50.0293
    1765      50.7448
    1766      50.6748
    1767      52.4009
    1768      51.4124
    1769      49.6960
    1770      52.3378
    1771      48.4785
    1772      53.9311
    1773      52.2670
    1774      57.1970
    1775      55.9698
    1776      56.5435
    1777      55.8024
    1778      52.8715
    1779      54.5054
    1780      59.4432
    1781      59.8067
    1782      62.6756
    1783      63.2515
    1784      56.8507
    1785      58.1964
    1786      54.3150
    1787      47.6306
    1788      54.3542
    1789      56.2063
    1790      53.7056
    1791      50.9389
    1792      51.4032
    1793      52.8233
    1794      51.5237
    1795      46.0295
    1796      47.4069
    1797      48.7948
    1798      52.6876
    1799      51.1714
    1800      52.7779
    1801      57.7123
    1802      56.6657
    1803      55.9228
    1804      60.1606
    1805      58.3141
    1806      54.1163
    1807      51.7037
    1808      51.9445
    1809      49.4691
    1810      50.5178
    1811      52.7405
    1812      49.1445
    1813      48.1746
    1814      46.7936
    1815      47.5504
    1816      51.9372
    1817      52.8263
    1818      47.4462
    1819      51.4467
    1820      52.0910
    1821      48.1928
    1822      45.2901
    1823      47.0862
    1824      49.8638
    1825      47.4408
    1826      48.3660
    1827      48.9457
    1828      43.7959
    1829      47.9721
    1830      51.1191
    1831      46.6926
    1832      46.9173
    1833      49.5416
    1834      45.8316
    1835      53.3510
    1836      52.4495
    1837      51.0429
    1838      50.3437
    1839      49.0017
    1840      48.4910
    1841      49.0723
    1842      49.0389
    1843      49.8720
    1844      51.4761
    1845      51.0649
    1846      52.3096
    1847      52.8118
    1848      49.6741
    1849      52.5204
    1850      45.2440
    1851      46.9688
    1852      44.5135
    1853      44.8299
    1854      44.7467
    1855      48.2000
    1856      49.3277
    1857      48.2100
    1858      48.8763
    1859      47.4032
    1860      48.8563
    1861      47.1473
    1862      51.7324
    1863      53.6814
    1864      50.5507
    1865      52.4773
    1866      51.7312
    1867      54.3896
    1868      55.2268
    1869      54.5043
    1870      58.5517
    1871      59.7903
    1872      62.2032
    1873      63.1946
    1874      59.6160
    1875      53.4320
    1876      54.2395
    1877      53.5375
    1878      57.0332
    1879      60.1888
    1880      59.7487
    1881      60.9349
    1882      60.0712
    1883      58.0966
    1884      61.2064
    1885      58.8433
    1886      57.4684
    1887      56.8375
    1888      52.0285
    1889      57.7006
    1890      61.4172
    1891      53.3273
    1892      53.1099
    1893      51.3248
    1894      55.2356
    1895      58.9207
    1896      55.9566
    1897      57.5533
    1898      56.2794
    1899      50.9203
    1900      50.3898
    1901      50.1312
    1902      52.6348
    1903      51.1839
    1904      57.1132
    1905      56.6214
    1906      57.9788
    1907      52.8199
    1908      49.1029
    1909      47.1788
    1910      50.0944
    1911      52.6828
    1912      56.1655
    1913      58.0622
    1914      56.6464
    1915      57.4955
    1916      63.9903
    1917      69.8209
    1918      72.0971
    1919      68.6429
    1920      65.0193
    1921      64.3137
    1922      57.8605
    1923      61.7419
    1924      59.6643
    1925      60.0490
    1926      64.4831
    1927      62.0267
    1928      60.6262
    1929      60.6312
    1930      67.1761
    1931      72.6421
    1932      72.1626
    1933      75.0632
    1934      73.7644
    1935      71.5545
    1936      69.8644
    1937      66.1099
    1938      66.3009
    1939      68.9056
    1940      72.0548
    1941      64.4411
    1942      66.4535
    1943      68.5830
    1944      66.5647
    1945      67.7360
    1946      66.3793
    1947      65.7840
    1948      63.5143
    1949      62.0905
    1950      67.1561
    1951      71.8779
    1952      66.8445
    1953      65.7943
    1954      70.5789
    1955      68.9782
    1956      70.0737
    1957      71.1364
    1958      73.5781
    1959      70.2530
    1960      73.1219
    1961      69.4191
    1962      69.2432
    1963      70.1903
    1964      69.6628
    1965      66.5314
    1966      63.7362
    1967      62.3068
    1968      65.8157
    1969      65.2640
    1970      67.8896
    1971      68.2253
    1972      68.3662
    1973      71.1774
    1974      69.7815
    1975      62.2249
    1976      66.3973
    1977      62.5505
    1978      65.2495
    1979      63.2400
    1980      60.2687
    1981      61.2824
    1982      59.7651
    1983      58.0902
    1984      56.7512
    1985      52.5270
    1986      52.2720
    1987      52.4081
    1988      54.8353
    1989      61.1764
    1990      61.0439
    1991      63.8216
    1992      64.2818
    1993      60.7226
    1994      57.1843
    1995      55.6790
    1996      53.1329
    1997      52.0893
    1998      51.0299
    1999      50.5845
    2000      49.1173
    2001      55.4467
    2002      52.9992
    2003      54.9542
    2004      51.6375
    2005      51.2290
    2006      51.1118
    2007      55.1617
    2008      59.7075
    2009      65.8752
    2010      62.2568
    2011      63.0822
    2012      62.9842
    2013      61.5945
    2014      60.3624
    2015      58.3201
    2016      58.5191
    2017      64.7036
    2018      71.0104
    2019      65.2862
    2020      64.9356
    2021      62.2997
    2022      63.2129
    2023      59.7871
    2024      56.6309
    2025      52.4994
    2026      47.0032
    2027      44.9997
    2028      42.4224
    2029      43.4310
    2030      45.5776
    2031      44.6391
    2032      45.7399
    2033      47.7259
    2034      45.4968
    2035      42.9019
    2036      46.7639
    2037      50.5943
    2038      48.7432
    2039      46.7042
    2040      51.8219
    2041      52.0789
    2042      49.5223
    2043      47.3233
    2044      44.1127
    2045      48.1035
    2046      49.0131
    2047      51.8570
    2048      53.0921
    2049      54.1617
    2050      52.1343
    2051      53.8329
    2052      54.2013
    2053      53.6621
    2054      50.1015
    2055      52.6520
    2056      53.9903
    2057      51.3660
    2058      53.9998
    2059      48.7101
    2060      49.1969
    2061      50.5783
    2062      48.4752
    2063      44.0837
    2064      45.7741
    2065      48.2407
    2066      49.4831
    2067      44.1397
    2068      49.0436
    2069      48.2393
    2070      53.4178
    2071      49.0970
    2072      47.8519
    2073      55.7944
    2074      54.8520
    2075      55.2563
    2076      54.1026
    2077      54.0657
    2078      57.5653
    2079      60.4409
    2080      63.3960
    2081      60.8486
    2082      55.1680
    2083      57.3002
    2084      55.6644
    2085      55.8879
    2086      57.6081
    2087      53.3046
    2088      48.4372
    2089      52.0812
    2090      53.6512
    2091      52.4642
    2092      52.7751
    2093      54.1218
    2094      53.5523
    2095      54.5075
    2096      54.6566
    2097      57.7965
    2098      54.2468
    2099      52.2326
    2100      53.8128
    2101      58.2501
    2102      57.6061
    2103      54.9054
    2104      52.3996
    2105      56.1724
    2106      53.8878
    2107      53.0208
    2108      51.0371
    2109      51.7652
    2110      55.9778
    2111      57.2870
    2112      53.3843
    2113      51.1690
    2114      51.0801
    2115      51.4742
    2116      50.9612
    2117      54.1832
    2118      50.9846
    2119      51.3506
    2120      55.5075
    2121      54.9464
    2122      52.7557
    2123      53.7139
    2124      56.5978
    2125      58.6797
    2126      54.4852
    2127      48.3758
    2128      48.4283
    2129      49.8390
    2130      50.7101
    2131      51.0509
    2132      51.2686
    2133      50.7441
    2134      50.8625
    2135      50.3459
    2136      49.3766
    2137      52.5571
    2138      47.6941
    2139      48.4608
    2140      47.1911
    2141      45.9082
    2142      43.5834
    2143      46.1255
    2144      46.7666
    2145      49.1471
    2146      48.2467
    2147      50.5449
    2148      50.9318
    2149      47.3010
    2150      47.5801
    2151      48.8826
    2152      49.6488
    2153      54.2128
    2154      55.9119
    2155      53.8607
    2156      53.0467
    2157      51.2924
    2158      51.5350
    2159      53.3434
    2160      47.0235
    2161      50.0883
    2162      49.8812
    2163      47.2955
    2164      47.0630
    2165      47.7130
    2166      48.6073
    2167      51.2216
    2168      53.0914
    2169      47.4205
    2170      49.6701
    2171      49.9978
    2172      54.7668
    2173      50.4661
    2174      52.3915
    2175      45.7210
    2176      44.0123
    2177      47.7735
    2178      46.8215
    2179      48.1486
    2180      49.5085
    2181      51.3887
    2182      50.5069
    2183      49.2738
    2184      50.2569
    2185      50.3284
    2186      52.0356
    2187      53.5957
    2188      61.4133
    2189      63.3952
    2190      60.1584
    2191      52.8373
    2192      53.1589
    2193      53.0521
    2194      55.2072
    2195      56.9070
    2196      55.2594
    2197      50.1082
    2198      55.7467
    2199      62.3712
    2200      59.8271
    2201      56.3430
    2202      61.0779
    2203      65.0041
    2204      69.4211
    2205      68.1370
    2206      66.7626
    2207      62.7858
    2208      57.7919
    2209      58.6407
    2210      60.6323
    2211      61.5975
    2212      59.0814
    2213      54.9788
    2214      54.0073
    2215      52.5030
    2216      55.5961
    2217      55.5303
    2218      56.1165
    2219      52.3312
    2220      52.8277
    2221      62.7267
    2222      63.2861
    2223      61.5564
    2224      60.2175
    2225      57.5213
    2226      57.7207
    2227      58.6263
    2228      60.0318
    2229      59.7970
    2230      58.8283
    2231      60.6339
    2232      58.3405
    2233      58.3747
    2234      53.9565
    2235      52.9550
    2236      55.7876
    2237      53.9687
    2238      53.0978
    2239      58.1465
    2240      61.8701
    2241      55.4896
    2242      59.0353
    2243      62.7532
    2244      62.4860
    2245      59.8211
    2246      57.0794
    2247      57.0339
    2248      58.8035
    2249      59.0241
    2250      57.7813
    2251      56.8573
    2252      56.2418
    2253      55.8413
    2254      53.0637
    2255      58.3492
    2256      51.9705
    2257      50.3970
    2258      49.5065
    2259      51.4677
    2260      51.1610
    2261      54.6850
    2262      53.3006
    2263      53.2906
    2264      52.3354
    2265      56.1166
    2266      55.1506
    2267      53.7911
    2268      50.9637
    2269      48.2928
    2270      48.9798
    2271      48.9018
    2272      46.3369
    2273      49.1707
    2274      49.1356
    2275      53.8973
    2276      50.2036
    2277      50.5225
    2278      50.9861
    2279      54.7058
    2280      51.5474
    2281      53.0064
    2282      51.1896
    2283      53.1703
    2284      55.1106
    2285      58.2718
    2286      53.4788
    2287      48.5302
    2288      50.1076
    2289      52.2132
    2290      49.3416
    2291      50.6627
    2292      48.7009
    2293      48.2913
    2294      44.7585
    2295      45.5164
    2296      43.5707
    2297      46.6408
    2298      47.8710
    2299      48.2569
    2300      46.8484
    2301      47.0027
    2302      50.6939
    2303      51.5818
    2304      51.4219
    2305      53.3885
    2306      50.7428
    2307      47.6670
    2308      50.7455
    2309      49.4301
    2310      49.1675
    2311      46.2233
    2312      50.6569
    2313      47.5685
    2314      46.1304
    2315      48.7267
    2316      47.2624
    2317      45.3693
    2318      46.7641
    2319      45.7208
    2320      45.4112
    2321      46.7605
    2322      45.9408
    2323      45.4899
    2324      48.9610
    2325      46.2821
    2326      45.7373
    2327      51.0050
    2328      49.8450
    2329      53.7195
    2330      53.6263
    2331      51.9630
    2332      48.9189
    2333      52.2527
    2334      51.0974
    2335      48.8715
    2336      51.5643
    2337      49.2512
    2338      50.0061
    2339      52.1409
    2340      55.8219
    2341      55.0006
    2342      49.5277
    2343      50.4165
    2344      47.6994
    2345      45.1635
    2346      44.9621
    2347      48.6927
    2348      50.5441
    2349      48.7982
    2350      48.5283
    2351      50.5816
    2352      52.4912
    2353      53.7702
    2354      57.1595
    2355      54.9679
    2356      58.4373
    2357      56.9820
    2358      53.2516
    2359      54.4250
    2360      56.6125
    2361      57.7360
    2362      61.5788
    2363      57.1609
    2364      58.1816
    2365      55.4387
    2366      54.6765
    2367      55.5872
    2368      60.2937
    2369      61.6045
    2370      63.8307
    2371      68.0327
    2372      68.9705
    2373      65.1104
    2374      64.7055
    2375      67.8674
    2376      67.5580
    2377      65.8227
    2378      65.3800
    2379      55.9536
    2380      57.3207
    2381      51.4710
    2382      52.2137
    2383      52.4938
    2384      53.5604
    2385      52.3965
    2386      51.5387
    2387      53.3835
    2388      54.5221
    2389      57.6766
    2390      53.8454
    2391      54.3198
    2392      58.1930
    2393      56.5036
    2394      54.3760
    2395      50.8092
    2396      47.8824
    2397      50.1033
    2398      50.5835
    2399      49.7254
    2400      51.4909
    2401      53.5175
    2402      50.9462
    2403      46.3942
    2404      44.5474
    2405      43.4071
    2406      40.9697
    2407      46.8891
    2408      47.7794
    2409      47.1688
    2410      48.0281
    2411      50.4176
    2412      49.9186
    2413      50.8642
    2414      52.6071
    2415      48.5079
    2416      49.2791
    2417      48.4647
    2418      47.6881
    2419      49.4826
    2420      50.1706
    2421      48.1562
    2422      48.8727
    2423      51.3908
    2424      50.7912
    2425      51.8283
    2426      48.3217
    2427      48.2089
    2428      51.2790
    2429      50.0644
    2430      51.6883
    2431      49.8135
    2432      49.5186
    2433      45.2149
    2434      46.9044
    2435      45.3768
    2436      44.5156
    2437      46.6585
    2438      49.0462
    2439      45.3599
    2440      49.1894
    2441      45.0692
    2442      41.4084
    2443      43.4865
    2444      44.4151
    2445      43.0886
    2446      43.7795
    2447      47.5955
    2448      54.6795
    2449      53.1381
    2450      47.8179
    2451      48.8238
    2452      48.5230
    2453      49.7120
    2454      51.4653
    2455      52.0252
    2456      47.5535
    2457      46.8556
    2458      50.4918
    2459      46.8103
    2460      49.3688
    2461      48.0421
    2462      45.4587
    2463      44.7894
    2464      51.9062
    2465      52.3438
    2466      50.1790
    2467      49.8678
    2468      47.5483
    2469      48.1390
    2470      44.7818
    2471      45.3486
    2472      44.5044
    2473      49.0135
    2474      46.5227
    2475      45.4659
    2476      45.4841
    2477      51.7099
    2478      54.1635
    2479      56.5357
    2480      51.9405
    2481      51.6488
    2482      53.3393
    2483      52.4484
    2484      56.4594
    2485      61.6099
    2486      59.4976
    2487      57.7025
    2488      58.9527
    2489      56.0635
    2490      56.4564
    2491      54.4336
    2492      52.1920
    2493      51.8108
    2494      51.9355
    2495      51.3782
    2496      50.9646
    2497      49.5736
    2498      49.8814
    2499      50.3713
    2500      49.3707
    2501      54.9437
    2502      57.1208
    2503      53.4752
    2504      50.4961
    2505      51.1096
    2506      48.7372
    2507      46.7672
    2508      49.2841
    2509      47.4900
    2510      55.3377
    2511      52.0754
    2512      50.0490
    2513      48.1887
    2514      49.7845
    2515      48.9015
    2516      47.8723
    2517      45.9211
    2518      44.6574
    2519      48.7274
    2520      49.7689
    2521      44.4681
    2522      47.0110
    2523      48.9570
    2524      47.1093
    2525      51.9932
    2526      46.2153
    2527      45.4373
    2528      50.5939
    2529      54.3017
    2530      49.5926
    2531      50.2879
    2532      49.6242
    2533      48.5318
    2534      46.6208
    2535      47.4594
    2536      43.9874
    2537      48.8142
    2538      48.0858
    2539      48.9381
    2540      51.0746
    2541      52.8256
    2542      51.4817
    2543      58.9786
    2544      58.9980
    2545      57.9284
    2546      58.0206
    2547      59.5923
    2548      62.8306
    2549      63.7982
    2550      59.1837
    2551      58.3141
    2552      59.9443
    2553      60.4680
    2554      59.7973
    2555      56.3418
    2556      58.2755
    2557      53.6147
    2558      51.8409
    2559      51.2626
    2560      57.2669
    2561      57.1745
    2562      55.5916
    2563      55.9574
    2564      53.0901
    2565      49.6492
    2566      50.8041
    2567      44.6816
    2568      46.4539
    2569      48.3275
    2570      51.5931
    2571      49.2738
    2572      51.5871
    2573      52.8136
    2574      54.4878
    2575      48.7702
    2576      49.3364
    2577      47.4907
    2578      46.2905
    2579      45.5729
    2580      46.0571
    2581      47.4151
    2582      49.1600
    2583      50.3061
    2584      48.3658
    2585      51.8062
    2586      51.2045
    2587      55.6178
    2588      57.7605
    2589      56.7748
    2590      55.8894
    2591      54.9854
    2592      56.1898
    2593      52.3853
    2594      58.8744
    2595      58.9421
    2596      59.1061
    2597      54.8280
    2598      46.5752
    2599      51.0304
    2600      55.0045
    2601      57.3848
    2602      61.9865
    2603      61.8749
    2604      60.9108
    2605      62.7439
    2606      59.2371
    2607      60.2730
    2608      59.4908
    2609      60.5327
    2610      62.4764
    2611      66.5085
    2612      69.4760
    2613      72.3310
    2614      69.9625
    2615      66.9926
    2616      67.9242
    2617      70.8683
    2618      70.5381
    2619      63.2812
    2620      61.1126
    2621      61.6774
    2622      59.6393
    2623      63.2635
    2624      64.0381
    2625      64.1116
    2626      64.4966
    2627      64.9231
    2628      63.3723
    2629      63.8378
    2630      64.7146
    2631      62.9612
    2632      60.9391
    2633      57.8081
    2634      55.6687
    2635      55.2492
    2636      53.4359
    2637      51.5556
    2638      50.7906
    2639      48.4569
    2640      47.5878
    2641      46.4014
    2642      47.4579
    2643      50.8863
    2644      49.2041
    2645      47.8128
    2646      50.7218
    2647      49.4927
    2648      49.1393
    2649      52.5783
    2650      50.8332
    2651      49.7900
    2652      46.3541
    2653      47.9173
    2654      47.1653
    2655      50.3857
    2656      45.6275
    2657      46.5446
    2658      48.0266
    2659      47.3474
    2660      47.3055
    2661      45.5612
    2662      47.9857
    2663      47.3297
    2664      50.2802
    2665      50.6772
    2666      50.1550
    2667      49.4333
    2668      51.8283
    2669      52.5270
    2670      50.5820
    2671      51.1582
    2672      50.0441
    2673      50.4269
    2674      48.7493
    2675      50.3081
    2676      50.0057
    2677      49.4968
    2678      47.7119
    2679      48.3399
    2680      48.8680
    2681      46.6145
    2682      47.2333
    2683      52.3750
    2684      48.0140
    2685      50.2660
    2686      48.4167
    2687      47.0456
    2688      54.8240
    2689      61.6033
    2690      61.7159
    2691      63.9788
    2692      60.8116
    2693      60.9275
    2694      62.1052
    2695      62.3582
    2696      60.8919
    2697      59.1301
    2698      66.3897
    2699      69.0985
    2700      62.0202
    2701      61.9883
    2702      58.9953
    2703      59.3782
    2704      59.6516
    2705      60.2187
    2706      57.0428
    2707      56.4255
    2708      55.2775
    2709      50.8592
    2710      51.7402
    2711      51.1089
    2712      56.0317
    2713      54.5739
    2714      55.6929
    2715      53.8970
    2716      52.4211
    2717      53.6073
    2718      54.2045
    2719      54.8647
    2720      58.2097
    2721      56.7154
    2722      55.4360
    2723      51.2917
    2724      49.9678
    2725      47.0365
    2726      52.4658
    2727      52.5968
    2728      52.3376
    2729      53.1124
    2730      52.9776
    2731      55.2343
    2732      53.3832
    2733      50.0456
    2734      48.6693
    2735      50.1704
    2736      50.7103
    2737      50.1185
    2738      46.9876
    2739      50.0914
    2740      52.5667
    2741      52.7512
    2742      53.1866
    2743      55.5170
    2744      55.3459
    2745      61.1577
    2746      61.3681
    2747      60.7461
    2748      63.1116
    2749      64.7111
    2750      61.4970
    2751      61.3742
    2752      63.2470
    2753      65.3737
    2754      64.4094
    2755      63.9674
    2756      60.8782
    2757      64.3148
    2758      64.3158
    2759      63.6445
    2760      66.4298
    2761      66.4650
    2762      64.5913
    2763      67.2910
    2764      68.6828
    2765      67.0106
    2766      65.2968
    2767      66.4937
    2768      65.1134
    2769      66.0685
    2770      63.5630
    2771      66.4706
    2772      64.3268
    2773      62.5515
    2774      63.0615
    2775      62.6807
    2776      60.6610
    2777      57.8170
    2778      55.5710
    2779      53.3594
    2780      48.4580
    2781      47.1795
    2782      47.9564
    2783      51.3748
    2784      52.5197
    2785      50.2792
    2786      49.5791
    2787      46.0192
    2788      45.6223
    2789      46.6809
    2790      48.9879
    2791      48.0528
    2792      48.5555
    2793      51.1051
    2794      51.5230
    2795      54.2865
    2796      54.9471
    2797      55.9333
    2798      58.1322
    2799      63.6936
    2800      64.4203
    2801      63.0201
    2802      57.4953
    2803      58.8856
    2804      60.7914
    2805      57.7525
    2806      59.2630
    2807      61.1159
    2808      56.5873
    2809      58.6562
    2810      56.8141
    2811      55.9407
    2812      53.2378
    2813      54.7675
    2814      56.8444
    2815      53.5829
    2816      56.5154
    2817      55.2888
    2818      59.2212
    2819      59.6021
    2820      60.7439
    2821      57.8779
    2822      52.7726
    2823      52.7760
    2824      52.3594
    2825      51.7439
    2826      56.5593
    2827      57.7644
    2828      54.6916
    2829      51.5811
    2830      45.0896
    2831      46.8072
    2832      45.2336
    2833      49.1442
    2834      48.6333
    2835      51.6293
    2836      48.7926
    2837      50.0733
    2838      47.9041
    2839      49.0558
    2840      45.8170
    2841      54.1052
    2842      61.5440
    2843      56.1387
    2844      54.3173
    2845      51.9009
    2846      54.7453
    2847      53.3124
    2848      49.7226
    2849      50.6180
    2850      56.1167
    2851      54.9338
    2852      56.9686
    2853      58.1938
    2854      56.1685
    2855      54.2837
    2856      57.9516
    2857      61.1575
    2858      61.8197
    2859      60.6720
    2860      59.2029
    2861      57.7695
    2862      56.4054
    2863      54.1612
    2864      52.6752
    2865      51.1781
    2866      52.6382
    2867      51.7279
    2868      54.4014
    2869      59.7119
    2870      59.5464
    2871      56.1049
    2872      52.1422
    2873      52.2696
    2874      54.1581
    2875      59.0288
    2876      53.6417
    2877      54.7692
    2878      55.4618
    2879      58.9408
    2880      54.6489
    2881      52.6928
    2882      53.4254
    2883      53.9279
    2884      55.6612
    2885      52.9528
    2886      52.0489
    2887      53.5111
    2888      56.3895
    2889      59.8864
    2890      56.6288
    2891      52.1598
    2892      50.0384
    2893      48.6150
    2894      51.5275
    2895      50.8837
    2896      50.9741
    2897      50.6574
    2898      53.7732
    2899      52.7304
    2900      52.4337
    2901      47.8841
    2902      52.3302
    2903      56.5113
    2904      53.1006
    2905      55.5944
    2906      54.0454
    2907      52.9613
    2908      51.9053
    2909      52.3241
    2910      52.4144
    2911      52.9008
    2912      51.8251
    2913      55.0794
    2914      49.8146
    2915      56.2880
    2916      57.9642
    2917      55.5787
    2918      54.1467
    2919      53.0512
    2920      54.6891
    2921      61.6190
    2922      61.1153
    2923      59.8044
    2924      57.8821
    2925      50.8198
    2926      53.0904
    2927      55.2316
    2928      54.7416
    2929      58.9743
    2930      58.6221
    2931      53.6160
    2932      49.4585
    2933      48.0555
    2934      44.7669
    2935      50.4639
    2936      54.1552
    2937      55.8071
    2938      60.0180
    2939      61.2576
    2940      63.2393
    2941      59.0923
    2942      57.1149
    2943      54.5917
    2944      48.1635
    2945      49.9224
    2946      47.8832
    2947      53.4833
    2948      58.5983
    2949      52.6133
    2950      49.6983
    2951      49.7690
    2952      49.0792
    2953      51.0563
    2954      50.9748
    2955      51.9698
    2956      50.1358
    2957      52.2932
    2958      54.9949
    2959      53.5147
    2960      51.7963
    2961      49.5943
    2962      50.8232
    2963      53.3183
    2964      49.6802
    2965      52.2282
    2966      53.3995
    2967      55.5114
    2968      57.8194
    2969      56.4748
    2970      56.3871
    2971      56.9594
    2972      54.3608
    2973      56.5619
    2974      57.2689
    2975      53.3024
    2976      50.6681
    2977      53.4404
    2978      53.7916
    2979      54.9867
    2980      55.6001
    2981      50.8622
    2982      49.1500
    2983      50.4517
    2984      50.8423
    2985      50.4932
    2986      51.2799
    2987      51.5235
    2988      58.7797
    2989      57.6315
    2990      59.6035
    2991      63.6643
    2992      64.3968
    2993      67.7454
    2994      64.7052
    2995      61.5993
    2996      62.5809
    2997      63.5204
    2998      60.7819
    2999      60.7994
    3000      56.6971
    3001      53.1432
    3002      52.1479
    3003      49.9127
    3004      50.0508
    3005      52.7042
    3006      49.7648
    3007      51.5440
    3008      55.2335
    3009      51.1789
    3010      51.5014
    3011      54.9467
    3012      57.2113
    3013      56.1345
    3014      58.7062
    3015      56.3035
    3016      54.0881
    3017      53.2406
    3018      57.4330
    3019      59.4402
    3020      59.0328
    3021      56.7490
    3022      54.2811
    3023      52.4402
    3024      52.9542
    3025      50.4515
    3026      53.5137
    3027      56.4100
    3028      57.1672
    3029      54.8411
    3030      54.1221
    3031      53.2268
    3032      52.5533
    3033      49.4846
    3034      52.4318
    3035      47.8801
    3036      49.5196
    3037      52.1001
    3038      53.3033
    3039      46.9561
    3040      49.9291
    3041      49.7194
    3042      50.6289
    3043      48.2737
    3044      45.1250
    3045      48.7835
    3046      54.3644
    3047      51.3037
    3048      51.6951
    3049      52.1054
    3050      53.1447
    3051      53.5078
    3052      50.8342
    3053      49.8279
    3054      54.0181
    3055      53.9273
    3056      58.0161
    3057      62.8443
    3058      57.2030
    3059      59.8799
    3060      64.2897
    3061      58.1878
    3062      55.1596
    3063      53.0912
    3064      51.9773
    3065      52.8901
    3066      49.6907
    3067      52.4422
    3068      52.2517
    3069      53.3627
    3070      48.3033
    3071      49.6312
    3072      50.8117
    3073      51.1808
    3074      52.0654
    3075      50.8297
    3076      48.2923
    3077      44.5022
    3078      48.5057
    3079      51.1379
    3080      50.3615
    3081      48.2256
    3082      51.9629
    3083      45.0063
    3084      45.8835
    3085      45.3464
    3086      50.9075
    3087      49.6255
    3088      52.4288
    3089      51.7935
    3090      46.2750
    3091      45.9116
    3092      51.2180
    3093      50.0858
    3094      49.1375
    3095      51.4623
    3096      51.6725
    3097      56.5101
    3098      48.9148
    3099      46.5410
    3100      46.1515
    3101      47.9596
    3102      44.8090
    3103      41.4438
    3104      45.8154
    3105      49.5620
    3106      51.8718
    3107      50.8542
    3108      54.1303
    3109      56.4507
    3110      55.6004
    3111      58.2825
    3112      57.7445
    3113      58.4775
    3114      62.2245
    3115      62.4503
    3116      59.0436
    3117      56.1623
    3118      58.6228
    3119      53.4007
    3120      50.7044
    3121      55.6703
    3122      56.0981
    3123      54.3452
    3124      56.7411
    3125      55.3786
    3126      65.8350
    3127      60.8066
    3128      61.1917
    3129      60.7704
    3130      57.2945
    3131      53.6006
    3132      54.2404
    3133      48.2276
    3134      49.8166
    3135      48.0151
    3136      50.7851
    3137      54.8694
    3138      56.2026
    3139      58.3321
    3140      59.9756
    3141      60.8346
    3142      61.4074
    3143      62.4413
    3144      60.0794
    3145      61.7878
    3146      61.9950
    3147      63.2705
    3148      62.3968
    3149      59.6158
    3150      56.0162
    3151      50.3009
    3152      52.2951
    3153      53.8692
    3154      52.6903
    3155      49.1325
    3156      52.1802
    3157      51.7278
    3158      52.3177
    3159      53.2038
    3160      51.1442
    3161      50.2501
    3162      50.2938
    3163      51.8075
    3164      50.6372
    3165      48.9677
    3166      53.2283
    3167      51.4803
    3168      55.6029
    3169      53.1143
    3170      53.7766
    3171      54.0169
    3172      56.9519
    3173      62.4454
    3174      58.7466
    3175      58.6920
    3176      59.7509
    3177      54.8553
    3178      55.7194
    3179      51.9419
    3180      57.4376
    3181      57.9228
    3182      55.8373
    3183      53.5540
    3184      55.1661
    3185      54.0866
    3186      54.7126
    3187      54.0124
    3188      55.1131
    3189      53.3132
    3190      52.9266
    3191      52.1340
    3192      57.5162
    3193      55.6392
    3194      60.6787
    3195      57.8744
    3196      55.9263
    3197      58.6006
    3198      56.3337
    3199      48.9728
    3200      50.1996
    3201      48.8527
    3202      50.3468
    3203      47.1074
    3204      47.4147
    3205      43.0777
    3206      48.7244
    3207      48.7572
    3208      51.6703
    3209      49.0469
    3210      43.5875
    3211      49.2325
    3212      51.8077
    3213      49.7485
    3214      50.2097
    3215      45.2991
    3216      46.0658
    3217      46.3676
    3218      52.4940
    3219      48.6924
    3220      48.6166
    3221      48.0800
    3222      47.1624
    3223      48.0344
    3224      51.0219
    3225      50.0733
    3226      53.0043
    3227      49.4508
    3228      51.4174
    3229      46.2448
    3230      52.9573
    3231      51.0138
    3232      52.5855
    3233      51.8106
    3234      48.4630
    3235      48.1405
    3236      53.9513
    3237      53.4872
    3238      50.3398
    3239      48.3303
    3240      49.7065
    3241      51.0557
    3242      54.0640
    3243      57.9177
    3244      62.1947
    3245      59.1137
    3246      57.2128
    3247      58.2906
    3248      54.3588
    3249      53.5247
    3250      54.9010
    3251      54.9360
    3252      58.7565
    3253      56.9388
    3254      54.1320
    3255      52.4674
    3256      58.8678
    3257      58.0420
    3258      53.1433
    3259      57.4710
    3260      55.7079
    3261      53.6968
    3262      56.0255
    3263      53.3816
    3264      50.7564
    3265      46.7344
    3266      54.1844
    3267      52.3196
    3268      51.7053
    3269      51.6372
    3270      46.3536
    3271      48.1018
    3272      46.0313
    3273      49.9600
    3274      47.5056
    3275      46.6923
    3276      48.2604
    3277      48.8463
    3278      48.3121
    3279      51.9683
    3280      54.5637
    3281      51.5202
    3282      50.7085
    3283      48.5736
    3284      50.4240
    3285      48.9025
    3286      52.0859
    3287      49.7203
    3288      50.9097
    3289      49.5609
    3290      52.4154
    3291      50.5322
    3292      47.4965
    3293      47.9023
    3294      48.5756
    3295      49.4428
    3296      51.6963
    3297      49.9033
    3298      48.6113
    3299      46.2684
    3300      48.9108
    3301      48.4241
    3302      43.7084
    3303      43.5290
    3304      45.6302
    3305      46.3205
    3306      49.7331
    3307      51.6988
    3308      49.4859
    3309      51.4925
    3310      49.7788
    3311      49.2866
    3312      51.7030
    3313      54.1826
    3314      53.8713
    3315      54.8836
    3316      53.7722
    3317      54.5652
    3318      53.2924
    3319      57.4110
    3320      60.9985
    3321      61.4948
    3322      61.7861
    3323      55.0620
    3324      53.6775
    3325      59.8084
    3326      59.6034
    3327      57.7806
    3328      54.9345
    3329      54.6105
    3330      53.9175
    3331      55.8402
    3332      61.3875
    3333      60.5725
    3334      60.6867
    3335      59.1975
    3336      60.1666
    3337      64.4232
    3338      61.5016
    3339      61.3996
    3340      55.0637
    3341      52.2326
    3342      51.2579
    3343      51.1568
    3344      53.1433
    3345      55.5995
    3346      52.9837
    3347      53.3904
    3348      56.7888
    3349      55.9934
    3350      55.0804
    3351      56.1212
    3352      56.7177
    3353      57.5612
    3354      57.6392
    3355      58.4030
    3356      55.2387
    3357      54.6723
    3358      50.7129
    3359      52.1764
    3360      52.9249
    3361      55.0538
    3362      57.4288
    3363      56.0333
    3364      52.1929
    3365      54.3472
    3366      51.8307
    3367      54.9773
    3368      56.2724
    3369      52.8807
    3370      53.2008
    3371      55.4754
    3372      55.6928
    3373      55.7138
    3374      53.9867
    3375      54.4160
    3376      53.3046
    3377      52.4983
    3378      58.9939
    3379      60.7654
    3380      54.0154
    3381      52.6025
    3382      50.3454
    3383      48.6775
    3384      49.6782
    3385      50.1020
    3386      49.4520
    3387      49.0815
    3388      52.0216
    3389      49.1133
    3390      47.1360
    3391      53.0738
    3392      51.6030
    3393      52.5795
    3394      49.7591
    3395      48.7330
    3396      48.2649
    3397      48.7388
    3398      49.5684
    3399      49.2855
    3400      47.3709
    3401      44.1436
    3402      47.3975
    3403      48.5498
    3404      50.6871
    3405      48.5243
    3406      48.9975
    3407      51.3124
    3408      52.0453
    3409      54.1594
    3410      58.8751
    3411      55.9893
    3412      52.2753
    3413      53.4472
    3414      52.3757
    3415      51.0333
    3416      53.9480
    3417      54.6649
    3418      53.8728
    3419      53.4948
    3420      44.8920
    3421      40.6426
    3422      47.1640
    3423      47.2074
    3424      43.5764
    3425      45.0728
    3426      47.4199
    3427      46.2429
    3428      47.8667
    3429      46.1858
    3430      46.0273
    3431      47.0531
    3432      48.6901
    3433      51.6072
    3434      49.4806
    3435      49.2906
    3436      48.7609
    3437      53.6096
    3438      55.4415
    3439      53.6935
    3440      54.4225
    3441      55.2461
    3442      53.1175
    3443      50.4253
    3444      46.2486
    3445      47.4295
    3446      48.2448
    3447      50.4709
    3448      48.9327
    3449      51.7658
    3450      46.1486
    3451      48.0943
    3452      58.5890
    3453      53.7427
    3454      51.5145
    3455      53.1737
    3456      53.1699
    3457      55.5137
    3458      51.6895
    3459      53.9332
    3460      52.9537
    3461      50.6170
    3462      54.0478
    3463      53.2778
    3464      53.5699
    3465      55.0874
    3466      53.8974
    3467      52.0631
    3468      53.5482
    3469      59.1577
    3470      55.7299
    3471      58.3959
    3472      56.1956
    3473      55.0672
    3474      57.2187
    3475      55.3874
    3476      52.6903
    3477      53.4239
    3478      49.7643
    3479      52.3092
    3480      54.3591
    3481      53.1488
    3482      53.6650
    3483      54.8400
    3484      54.1135
    3485      49.8627
    3486      52.0261
    3487      56.3565
    3488      63.5537
    3489      61.5937
    3490      61.1345
    3491      62.6313
    3492      62.3099
    3493      61.3697
    3494      59.5092
    3495      59.4169
    3496      67.8293
    3497      64.2263
    3498      62.9196
    3499      62.7777
    3500      60.0785
    3501      61.2555
    3502      70.4131
    3503      72.5268
    3504      67.8561
    3505      67.0330
    3506      67.4812
    3507      64.0603
    3508      62.0507
    3509      60.5781
    3510      62.1938
    3511      64.6611
    3512      62.5618
    3513      61.1860
    3514      59.7510
    3515      60.2002
    3516      56.7214
    3517      54.8702
    3518      56.7055
    3519      55.5187
    3520      53.4570
    3521      50.7833
    3522      50.9221
    3523      49.3905
    3524      50.5515
    3525      46.5166
    3526      52.1776
    3527      57.5366
    3528      55.7989
    3529      51.6624
    3530      55.3321
    3531      54.7480
    3532      53.3877
    3533      52.5008
    3534      54.5554
    3535      53.9416
    3536      52.6554
    3537      51.2659
    3538      54.1900
    3539      53.4618
    3540      56.5315
    3541      59.4938
    3542      64.0647
    3543      64.3592
    3544      59.9713
    3545      63.0527
    3546      65.0697
    3547      61.8913
    3548      58.0629
    3549      55.3259
    3550      54.6434
    3551      52.9713
    3552      53.0113
    3553      52.1069
    3554      46.7331
    3555      45.8068
    3556      46.2779
    3557      46.4027
    3558      46.2481
    3559      46.8650
    3560      46.3453
    3561      49.8881
    3562      50.2435
    3563      52.2703
    3564      49.0952
    3565      52.5496
    3566      54.3634
    3567      52.6936
    3568      52.0614
    3569      50.2635
    3570      52.8925
    3571      47.1219
    3572      45.8194
    3573      47.1725
    3574      50.1772
    3575      51.3492
    3576      51.8140
    3577      49.0408
    3578      47.9777
    3579      43.8545
    3580      51.9365
    3581      53.6684
    3582      52.9033
    3583      51.3717
    3584      53.2264
    3585      55.4413
    3586      49.7833
    3587      50.2408
    3588      44.6111
    3589      47.7130
    3590      47.0092
    3591      50.7045
    3592      45.5209
    3593      49.5389
    3594      52.3626
    3595      54.2509
    3596      51.5239
    3597      50.7060
    3598      51.8477
    3599      51.5590
    3600      57.0277
    3601      56.1574
    3602      59.5053
    3603      53.9028
    3604      54.9554
    3605      55.6006
    3606      53.2467
    3607      53.4012
    3608      50.8050
    3609      51.6149
    3610      48.5676
    3611      51.0964
    3612      52.5177
    3613      56.1755
    3614      62.8647
    3615      60.5041
    3616      59.6597
    3617      60.9409
    3618      56.7181
    3619      55.5808
    3620      53.6549
    3621      53.4520
    3622      51.0116
    3623      53.7374
    3624      53.6612
    3625      50.4623
    3626      48.3158
    3627      48.9989
    3628      49.8937
    3629      51.2670
    3630      52.8302
    3631      53.8179
    3632      54.1436
    3633      52.0917
    3634      53.0879
    3635      55.2518
    3636      52.0033
    3637      53.8120
    3638      51.3988
    3639      51.1852
    3640      52.1808
    3641      54.6496
    3642      53.7960
    3643      53.5880
    3644      55.1725
    3645      57.6051
    3646      51.6024
    3647      53.0056
    3648      51.9385
    3649      54.3477
    3650      54.7584
    3651      57.6737
    3652      60.1247
    3653      59.6994
    3654      59.9047
    3655      59.7514
    3656      62.0909
    3657      59.4694
    3658      62.5089
    3659      62.6311
    3660      68.1250
    3661      64.4639
    3662      61.0993
    3663      62.6328
    3664      61.6580
    3665      63.2645
    3666      64.6475
    3667      65.8171
    3668      69.7153
    3669      72.9609
    3670      71.6905
    3671      72.0769
    3672      67.6234
    3673      65.0701
    3674      58.6554
    3675      62.3148
    3676      56.8880
    3677      55.3381
    3678      54.6484
    3679      55.2967
    3680      51.8801
    3681      57.7537
    3682      59.4913
    3683      62.4438
    3684      69.2928
    3685      69.7738
    3686      71.4119
    3687      71.2885
    3688      68.2061
    3689      65.1222
    3690      64.2954
    3691      60.9341
    3692      59.6229
    3693      59.4003
    3694      57.1244
    3695      58.7916
    3696      60.1747
    3697      62.1179
    3698      64.8140
    3699      59.8391
    3700      52.1600
    3701      54.7978
    3702      52.7721
    3703      51.9815
    3704      51.8935
    3705      50.4653
    3706      54.3972
    3707      48.6409
    3708      49.6006
    3709      53.5527
    3710      51.1324
    3711      53.8817
    3712      56.0585
    3713      54.9433
    3714      52.3919
    3715      48.9987
    3716      49.3684
    3717      50.9325
    3718      48.4047
    3719      49.3211
    3720      48.0233
    3721      49.5294
    3722      45.5159
    3723      43.7781
    3724      45.4912
    3725      51.0947
    3726      50.9045
    3727      46.1670
    3728      49.9582
    3729      47.2235
    3730      45.6101
    3731      45.9635
    3732      42.7184
    3733      42.8725
    3734      45.7802
    3735      43.6878
    3736      47.7378
    3737      49.7362
    3738      45.1380
    3739      46.3186
    3740      47.1957
    3741      50.0092
    3742      52.6239
    3743      60.4318
    3744      62.7741
    3745      59.9476
    3746      56.4782
    3747      56.1083
    3748      58.3552
    3749      60.2249
    3750      52.6102
    3751      49.6961
    3752      49.9789
    3753      45.7025
    3754      51.0459
    3755      52.1592
    3756      49.7371
    3757      53.4082
    3758      53.5239
    3759      53.9477
    3760      55.3612
    3761      53.6928
    3762      54.8448
    3763      53.3691
    3764      53.8035
    3765      53.7882
    3766      56.4241
    3767      56.7828
    3768      55.5400
    3769      53.4009
    3770      57.2338
    3771      60.1923
    3772      58.7022
    3773      61.2990
    3774      69.5287
    3775      69.1193
    3776      67.2790
    3777      67.5661
    3778      67.0133
    3779      62.3130
    3780      65.7962
    3781      64.8399
    3782      70.7776
    3783      67.2393
    3784      65.6366
    3785      66.6772
    3786      61.1487
    3787      58.6571
    3788      59.1753
    3789      65.5838
    3790      64.6490
    3791      62.7263
    3792      62.9286
    3793      68.1086
    3794      69.3780
    3795      69.3681
    3796      67.9851
    3797      65.0597
    3798      62.9540
    3799      63.8141
    3800      60.8778
    3801      60.2457
    3802      62.2198
    3803      60.6643
    3804      59.0051
    3805      60.7999
    3806      61.9346
    3807      61.7362
    3808      61.2731
    3809      59.0118
    3810      54.9864
    3811      52.2099
    3812      54.0799
    3813      53.2541
    3814      53.3652
    3815      57.5958
    3816      57.6687
    3817      54.0646
    3818      55.8058
    3819      50.5628
    3820      54.8419
    3821      54.3880
    3822      54.6099
    3823      55.7648
    3824      55.6046
    3825      50.0061
    3826      51.0718
    3827      55.0126
    3828      52.6931
    3829      54.5310
    3830      50.1232
    3831      52.7477
    3832      55.0373
    3833      52.1683
    3834      56.4266
    3835      54.3403
    3836      52.6607
    3837      51.7086
    3838      51.1759
    3839      49.7618
    3840      45.6728
    3841      47.4854
    3842      49.1838
    3843      49.6099
    3844      48.3269
    3845      45.5387
    3846      43.7293
    3847      47.8219
    3848      45.7564
    3849      45.9944
    3850      46.3879
    3851      47.6009
    3852      46.6163
    3853      48.7345
    3854      51.0274
    3855      48.9057
    3856      54.6128
    3857      50.8171
    3858      52.3103
    3859      53.9822
    3860      49.1219
    3861      46.8001
    3862      46.5698
    3863      49.9161
    3864      49.2765
    3865      48.4153
    3866      49.6837
    3867      53.9247
    3868      54.8086
    3869      55.9414
    3870      56.5230
    3871      52.8678
    3872      52.6947
    3873      53.2915
    3874      56.1853
    3875      57.9983
    3876      62.1117
    3877      58.2596
    3878      54.1939
    3879      56.9216
    3880      59.4526
    3881      63.4625
    3882      62.2961
    3883      61.8374
    3884      65.5889
    3885      61.3393
    3886      52.1791
    3887      52.4293
    3888      52.8522
    3889      50.6044
    3890      54.5732
    3891      52.9523
    3892      54.4465
    3893      54.8359
    3894      54.7261
    3895      50.3497
    3896      52.0862
    3897      54.7653
    3898      53.8791
    3899      53.2489
    3900      54.3873
    3901      53.7958
    3902      54.4690
    3903      54.5960
    3904      58.2246
    3905      54.3816
    3906      55.2262
    3907      54.5797
    3908      55.7818
    3909      56.5220
    3910      58.4646
    3911      62.1731
    3912      60.4663
    3913      60.5818
    3914      61.2667
    3915      64.9522
    3916      62.2322
    3917      59.5137
    3918      56.9703
    3919      52.0790
    3920      52.1678
    3921      55.6818
    3922      56.6997
    3923      57.6041
    3924      52.7022
    3925      51.6071
    3926      52.7085
    3927      50.6353
    3928      49.5483
    3929      49.8376
    3930      49.6952
    3931      48.2772
    3932      47.1597
    3933      52.0754
    3934      51.6491
    3935      50.6435
    3936      43.7330
    3937      48.1551
    3938      46.7172
    3939      47.1654
    3940      48.2193
    3941      52.2503
    3942      47.6768
    3943      43.0233
    3944      46.9502
    3945      45.4505
    3946      43.2506
    3947      45.5517
    3948      45.7531
    3949      48.8949
    3950      53.1796
    3951      48.1363
    3952      48.7172
    3953      50.1712
    3954      50.2981
    3955      50.1876
    3956      50.8675
    3957      49.8615
    3958      49.5338
    3959      47.4430
    3960      51.1572
    3961      52.6215
    3962      51.8918
    3963      49.8259
    3964      47.0592
    3965      49.5734
    3966      50.0630
    3967      53.2970
    3968      56.2948
    3969      58.0980
    3970      55.4511
    3971      56.4882
    3972      55.8194
    3973      55.1417
    3974      51.6781
    3975      52.3112
    3976      56.5160
    3977      57.5421
    3978      54.3807
    3979      52.1568
    3980      51.0800
    3981      53.8653
    3982      54.5506
    3983      54.7159
    3984      57.1682
    3985      55.3490
    3986      49.4585
    3987      48.9624
    3988      48.9250
    3989      49.3224
    3990      52.1543
    3991      55.7498
    3992      54.2314
    3993      50.5289
    3994      49.7685
    3995      45.1120
    3996      46.8990
    3997      48.2861
    3998      46.6391
    3999      46.6462
    4000      43.7943
    4001      44.1667
    4002      42.7057
    4003      49.5408
    4004      47.3097
    4005      50.1730
    4006      53.8050
    4007      50.3071
    4008      46.5022
    4009      44.5115
    4010      47.0680
    4011      44.7460
    4012      45.8709
    4013      46.4047
    4014      47.0862
    4015      49.5444
    4016      50.3023
    4017      48.9366
    4018      52.9923
    4019      55.1461
    4020      60.2220
    4021      59.9416
    4022      57.5585
    4023      60.5983
    4024      63.2228
    4025      60.2797
    4026      60.0390
    4027      59.5306
    4028      59.3250
    4029      61.8868
    4030      66.0253
    4031      68.5543
    4032      66.2544
    4033      65.0376
    4034      60.5865
    4035      54.7423
    4036      50.2316
    4037      50.1287
    4038      49.9962
    4039      51.5514
    4040      50.4074
    4041      53.4586
    4042      53.6625
    4043      54.3763
    4044      53.6441
    4045      52.4098
    4046      52.2219
    4047      52.3911
    4048      51.1769
    4049      52.4884
    4050      56.1748
    4051      56.2101
    4052      53.7577
    4053      50.8949
    4054      53.9015
    4055      56.6464
    4056      54.5418
    4057      58.4894
    4058      61.2562
    4059      63.7093
    4060      61.2324
    4061      54.1239
    4062      56.9969
    4063      55.9924
    4064      53.2446
    4065      52.8400
    4066      51.9106
    4067      49.0119
    4068      52.4542
    4069      51.1394
    4070      54.2613
    4071      53.8607
    4072      52.8980
    4073      52.7822
    4074      51.8244
    4075      50.3549
    4076      52.3420
    4077      51.6236
    4078      54.0298
    4079      53.5521
    4080      50.5001
    4081      47.9123
    4082      50.1108
    4083      48.2676
    4084      49.5916
    4085      51.7569
    4086      52.0172
    4087      51.7619
    4088      52.6408
    4089      50.6171
    4090      50.2963
    4091      55.2825
    4092      55.7115
    4093      54.0023
    4094      50.2633
    4095      49.6382
    4096      52.8171
    4097      58.2552
    4098      59.1124
    4099      54.7183
    4100      50.9360
    4101      53.3580
    4102      55.2460
    4103      58.3668
    4104      59.4764
    4105      55.7650
    4106      52.1001
    4107      51.7219
    4108      52.4072
    4109      52.8667
    4110      51.4877
    4111      52.0897
    4112      51.3405
    4113      52.3216
    4114      53.2933
    4115      52.0005
    4116      50.0467
    4117      49.3911
    4118      44.3739
    4119      44.6634
    4120      49.0650
    4121      51.3264
    4122      52.3538
    4123      47.2911
    4124      49.3551
    4125      49.7317
    4126      46.3897
    4127      46.8203
    4128      51.5751
    4129      55.4763
    4130      55.0503
    4131      52.5710
    4132      53.9473
    4133      50.9308
    4134      51.9539
    4135      48.2562
    4136      50.5710
    4137      54.2463
    4138      56.0212
    4139      54.3089
    4140      54.8052
    4141      52.2692
    4142      52.4029
    4143      55.2746
    4144      54.0175
    4145      52.4086
    4146      52.8854
    4147      52.3961
    4148      51.0216
    4149      50.5089
    4150      52.1252
    4151      57.2326
    4152      51.4300
    4153      50.5793
    4154      51.3893
    4155      45.4192
    4156      50.4112
    4157      47.9629
    4158      50.1975
    4159      49.3878
    4160      49.4121
    4161      51.3979
    4162      53.0926
    4163      54.1967
    4164      49.6672
    4165      52.7680
    4166      51.8762
    4167      54.7396
    4168      51.3444
    4169      47.8057
    4170      54.0339
    4171      47.8939
    4172      51.5857
    4173      56.4582
    4174      59.6293
    4175      57.0147
    4176      52.7452
    4177      54.2460
    4178      57.5418
    4179      59.3668
    4180      61.6016
    4181      56.6626
    4182      56.8804
    4183      56.2131
    4184      53.5199
    4185      55.9676
    4186      61.0457
    4187      57.2220
    4188      55.7375
    4189      53.9497
    4190      55.0377
    4191      52.4266
    4192      52.5219
    4193      53.1952
    4194      51.4153
    4195      46.3954
    4196      48.2633
    4197      51.6524
    4198      51.0723
    4199      48.8778
    4200      48.7823
    4201      48.6038
    4202      47.8619
    4203      49.7291
    4204      48.2377
    4205      50.3830
    4206      44.3077
    4207      50.2408
    4208      53.8497
    4209      51.9738
    4210      51.5451
    4211      55.2906
    4212      54.8229
    4213      51.9071
    4214      54.1687
    4215      54.7858
    4216      49.5054
    4217      53.1057
    4218      53.1358
    4219      50.7434
    4220      48.7729
    4221      44.0317
    4222      46.0368
    4223      46.3461
    4224      48.6130
    4225      47.2221
    4226      51.9486
    4227      50.7239
    4228      49.5221
    4229      48.4498
    4230      51.2809
    4231      50.7270
    4232      48.9676
    4233      48.8938
    4234      48.9083
    4235      44.7669
    4236      47.3301
    4237      49.9669
    4238      47.7745
    4239      47.7424
    4240      46.3064
    4241      46.7750
    4242      43.0855
    4243      45.0976
    4244      46.9546
    4245      48.8340
    4246      48.5063
    4247      48.4567
    4248      49.7399
    4249      50.6059
    4250      48.4759
    4251      48.2066
    4252      49.7416
    4253      49.5412
    4254      46.7295
    4255      47.0065
    4256      50.4878
    4257      51.8408
    4258      51.6245
    4259      51.7632
    4260      45.3795
    4261      48.9101
    4262      46.2144
    4263      48.0048
    4264      43.7904
    4265      46.4724
    4266      47.3366
    4267      47.3903
    4268      49.8951
    4269      55.9624
    4270      54.3945
    4271      50.7441
    4272      49.9030
    4273      50.3826
    4274      48.5400
    4275      46.6218
    4276      48.2303
    4277      49.8404
    4278      52.0180
    4279      53.3623
    4280      53.5530
    4281      52.1568
    4282      51.6147
    4283      50.1808
    4284      48.2658
    4285      45.9117
    4286      50.0986
    4287      52.8853
    4288      51.2529
    4289      49.6355
    4290      50.5923
    4291      51.4615
    4292      51.0358
    4293      49.0296
    4294      48.4335
    4295      46.5373
    4296      48.5761
    4297      48.9866
    4298      47.7134
    4299      48.7608
    4300      54.8932
    4301      56.3652
    4302      56.4751
    4303      60.7087
    4304      57.3511
    4305      62.1598
    4306      59.6721
    4307      59.9336
    4308      59.4173
    4309      62.3389
    4310      59.9990
    4311      70.2660
    4312      72.9423
    4313      77.0264
    4314      73.9331
    4315      69.5448
    4316      73.0678
    4317      73.6224
    4318      66.2044
    4319      66.7621
    4320      68.8250
    4321      70.0593
    4322      69.7586
    4323      72.8099
    4324      67.9587
    4325      66.5689
    4326      66.7807
    4327      66.8919
    4328      65.0283
    4329      63.2931
    4330      66.2254
    4331      65.8174
    4332      66.2366
    4333      65.3434
    4334      63.1978
    4335      62.6553
    4336      62.8838
    4337      59.0673
    4338      62.8591
    4339      66.1740
    4340      64.6462
    4341      66.8185
    4342      66.3626
    4343      64.0665
    4344      66.6668
    4345      67.9891
    4346      66.9488
    4347      69.3076
    4348      70.4750
    4349      72.9527
    4350      68.9486
    4351      69.4112
    4352      64.4551
    4353      65.3339
    4354      63.6398
    4355      64.2269
    4356      55.5921
    4357      55.8581
    4358      56.9919
    4359      58.7639
    4360      60.5376
    4361      61.6186
    4362      59.0720
    4363      58.8661
    4364      57.6338
    4365      53.2481
    4366      57.0291
    4367      60.5656
    4368      60.4814
    4369      62.1118
    4370      55.3673
    4371      50.8163
    4372      54.8587
    4373      49.8998
    4374      51.2508
    4375      52.8296
    4376      49.9771
    4377      50.9370
    4378      53.0437
    4379      53.0893
    4380      52.8321
    4381      50.0289
    4382      53.8145
    4383      51.1235
    4384      53.1744
    4385      54.6621
    4386      54.6841
    4387      54.0384
    4388      54.5321
    4389      56.4531
    4390      61.7288
    4391      57.5356
    4392      59.5349
    4393      59.3695
    4394      55.7029
    4395      62.0004
    4396      60.3075
    4397      60.6303
    4398      66.3128
    4399      72.0558
    4400      71.3321
    4401      71.2088
    4402      68.8162
    4403      66.1196
    4404      65.7057
    4405      67.0566
    4406      66.5014
    4407      64.6260
    4408      60.8001
    4409      63.1219
    4410      64.9057
    4411      60.4621
    4412      61.1410
    4413      60.1836
    4414      60.3873
    4415      59.3762
    4416      61.8656
    4417      61.0847
    4418      57.2519
    4419      59.8316
    4420      64.3594
    4421      63.3981
    4422      65.5226
    4423      60.3872
    4424      60.9379
    4425      61.7573
    4426      57.2095
    4427      56.3767
    4428      59.0130
    4429      59.6450
    4430      57.8211
    4431      57.9704
    4432      52.9436
    4433      49.9338
    4434      53.9846
    4435      54.7192
    4436      54.9093
    4437      54.2073
    4438      52.7384
    4439      52.8712
    4440      54.5128
    4441      54.6681
    4442      56.3733
    4443      56.6712
    4444      58.6948
    4445      57.5900
    4446      58.1753
    4447      57.0170
    4448      54.6777
    4449      51.7301
    4450      52.9075
    4451      53.1501
    4452      55.2610
    4453      52.2578
    4454      50.9197
    4455      52.2062
    4456      53.2774
    4457      50.9515
    4458      53.3366
    4459      55.7789
    4460      57.0701
    4461      54.0882
    4462      52.1758
    4463      54.8076
    4464      56.2561
    4465      53.8843
    4466      57.2744
    4467      56.3396
    4468      56.6218
    4469      63.3665
    4470      65.1631
    4471      65.9336
    4472      64.1645
    4473      58.3357
    4474      56.5028
    4475      53.4886
    4476      55.1899
    4477      54.2865
    4478      54.3363
    4479      53.9611
    4480      54.2728
    4481      51.5178
    4482      50.8374
    4483      48.2904
    4484      48.0314
    4485      51.5009
    4486      51.6373
    4487      54.2306
    4488      53.2997
    4489      48.8296
    4490      45.4810
    4491      49.9852
    4492      50.3486
    4493      49.2311
    4494      49.0390
    4495      47.8387
    4496      46.9354
    4497      53.5053
    4498      55.9894
    4499      52.1052
    4500      49.4245
    4501      47.2878
    4502      51.9328
    4503      50.7611
    4504      53.5807
    4505      54.7905
    4506      52.0185
    4507      51.2701
    4508      54.0495
    4509      53.6446
    4510      48.4929
    4511      52.9814
    4512      52.7794
    4513      49.3357
    4514      52.1521
    4515      53.7058
    4516      51.3598
    4517      53.4096
    4518      58.8595
    4519      52.6665
    4520      52.6250
    4521      51.4608
    4522      47.4343
    4523      50.8986
    4524      49.0269
    4525      48.5961
    4526      52.0756
    4527      51.7454
    4528      50.7500
    4529      54.6734
    4530      57.5755
    4531      55.8718
    4532      55.2943
    4533      54.8109
    4534      61.6728
    4535      56.5902
    4536      57.9050
    4537      56.6605
    4538      63.0127
    4539      62.6489
    4540      57.9468
    4541      51.4923
    4542      54.3122
    4543      53.5132
    4544      52.5746
    4545      49.9884
    4546      48.2033
    4547      49.5013
    4548      52.0937
    4549      52.8393
    4550      55.4991
    4551      56.1122
    4552      53.1233
    4553      51.2979
    4554      49.4580
    4555      49.4659
    4556      45.3747
    4557      40.4550
    4558      45.5615
    4559      48.1249
    4560      52.7141
    4561      51.5907
    4562      55.0228
    4563      56.5455
    4564      56.0296
    4565      53.7131
    4566      52.1105
    4567      46.3427
    4568      47.6704
    4569      52.0877
    4570      57.6348
    4571      58.4464
    4572      55.3972
    4573      50.4260
    4574      45.1480
    4575      47.3283
    4576      53.8486
    4577      52.6397
    4578      51.4634
    4579      51.5840
    4580      55.5081
    4581      50.1553
    4582      51.4531
    4583      51.2953
    4584      51.7545
    4585      57.3286
    4586      55.0179
    4587      58.0220
    4588      56.9543
    4589      60.2359
    4590      59.7097
    4591      60.0368
    4592      63.7010
    4593      62.5888
    4594      65.1039
    4595      68.1616
    4596      71.2186
    4597      69.1817
    4598      70.8378
    4599      73.9057
    4600      69.7038
    4601      71.1960
    4602      66.6743
    4603      63.5023
    4604      64.4533
    4605      59.9405
    4606      57.3912
    4607      62.7070
    4608      62.9551
    4609      64.0443
    4610      61.0816
    4611      56.3790
    4612      59.4138
    4613      57.1914
    4614      56.2749
    4615      55.0614
    4616      56.9267
    4617      57.8304
    4618      57.1830
    4619      59.1877
    4620      59.3609
    4621      65.1058
    4622      67.0044
    4623      71.0812
    4624      70.2358
    4625      70.2200
    4626      68.0594
    4627      68.1917
    4628      66.8201
    4629      69.3140
    4630      68.8282
    4631      69.3596
    4632      70.9194
    4633      68.4106
    4634      65.5714
    4635      68.5329
    4636      65.8140
    4637      66.0102
    4638      68.2843
    4639      67.7494
    4640      64.5859
    4641      61.0215
    4642      63.7322
    4643      65.2145
    4644      61.2586
    4645      62.7678
    4646      65.4475
    4647      64.7201
    4648      65.8430
    4649      69.7341
    4650      75.2294
    4651      73.3455
    4652      75.4450
    4653      79.3905
    4654      81.1626
    4655      83.6480
    4656      83.5286
    4657      85.2704
    4658      82.6306
    4659      76.0801
    4660      74.4178
    4661      71.0524
    4662      71.3766
    4663      73.7213
    4664      74.1450
    4665      68.7964
    4666      65.0465
    4667      61.1255
    4668      58.6554
    4669      51.7597
    4670      53.8337
    4671      56.0116
    4672      56.8524
    4673      55.5835
    4674      57.0130
    4675      59.2526
    4676      54.0713
    4677      52.1567
    4678      52.7332
    4679      54.7492
    4680      52.1169
    4681      53.3452
    4682      51.6559
    4683      51.0609
    4684      53.9211
    4685      51.8409
    4686      52.2846
    4687      53.2266
    4688      53.6067
    4689      51.5703
    4690      47.5095
    4691      47.6777
    4692      50.6459
    4693      51.0778
    4694      52.0964
    4695      53.6390
    4696      49.7708
    4697      52.4730
    4698      50.9425
    4699      50.9748
    4700      49.0075
    4701      51.0779
    4702      54.6299
    4703      55.0430
    4704      56.0424
    4705      52.8151
    4706      59.0687
    4707      61.0489
    4708      58.5275
    4709      58.0302
    4710      51.2269
    4711      54.6279
    4712      55.7057
    4713      52.4124
    4714      55.0669
    4715      51.8985
    4716      53.1872
    4717      52.8802
    4718      52.4036
    4719      56.5736
    4720      58.7655
    4721      55.0764
    4722      53.0464
    4723      55.0626
    4724      54.0769
    4725      54.0243
    4726      58.2799
    4727      61.3422
    4728      59.6942
    4729      59.2232
    4730      55.1028
    4731      53.4549
    4732      50.0012
    4733      50.6310
    4734      51.5222
    4735      52.9962
    4736      51.5929
    4737      48.5301
    4738      48.3333
    4739      50.7741
    4740      50.7190
    4741      46.6062
    4742      47.1092
    4743      44.3538
    4744      42.2656
    4745      48.7856
    4746      48.9957
    4747      50.1709
    4748      52.4050
    4749      52.5348
    4750      51.0306
    4751      53.8234
    4752      55.7495
    4753      54.8653
    4754      52.2594
    4755      51.9261
    4756      54.5875
    4757      50.7037
    4758      53.1073
    4759      48.0832
    4760      48.9888
    4761      50.2097
    4762      48.2058
    4763      50.0684
    4764      50.2700
    4765      50.7996
    4766      52.5015
    4767      51.9198
    4768      55.1967
    4769      51.1301
    4770      49.7164
    4771      49.5612
    4772      49.8346
    4773      50.7893
    4774      47.2429
    4775      47.5581
    4776      48.7470
    4777      50.1976
    4778      54.1231
    4779      57.8418
    4780      55.8333
    4781      57.8513
    4782      54.7714
    4783      56.5115
    4784      58.6240
    4785      57.2313
    4786      58.7805
    4787      64.2803
    4788      59.4520
    4789      57.0968
    4790      57.8215
    4791      50.3841
    4792      52.2238
    4793      46.4663
    4794      49.1454
    4795      49.5912
    4796      51.9582
    4797      49.2788
    4798      45.4714
    4799      44.7157
    4800      45.9392
    4801      47.1203
    4802      47.1940
    4803      49.5497
    4804      53.1218
    4805      51.2453
    4806      51.4607
    4807      49.8732
    4808      51.0276
    4809      48.2958
    4810      55.4466
    4811      55.8509
    4812      55.5075
    4813      54.4742
    4814      55.2204
    4815      60.3527
    4816      56.5650
    4817      57.9762
    4818      58.7887
    4819      55.9164
    4820      53.3983
    4821      53.3696
    4822      53.8214
    4823      56.6231
    4824      58.0146
    4825      59.7380
    4826      60.6748
    4827      61.3094
    4828      61.0212
    4829      61.6781
    4830      62.3354
    4831      57.0998
    4832      52.8160
    4833      56.1376
    4834      50.3635
    4835      54.2585
    4836      53.6015
    4837      54.0922
    4838      51.7459
    4839      49.2872
    4840      49.1447
    4841      54.6888
    4842      53.6009
    4843      56.3026
    4844      52.7564
    4845      54.7107
    4846      50.7277
    4847      51.7674
    4848      49.3751
    4849      47.4988
    4850      51.5581
    4851      52.5611
    4852      49.5803
    4853      51.0724
    4854      50.8282
    4855      49.7367
    4856      49.9310
    4857      54.3297
    4858      53.1804
    4859      50.4253
    4860      47.8657
    4861      49.9890
    4862      50.1129
    4863      52.3009
    4864      54.4009
    4865      57.6444
    4866      62.3434
    4867      63.2116
    4868      61.5966
    4869      62.3115
    4870      59.9686
    4871      57.6684
    4872      56.5260
    4873      58.0189
    4874      58.8567
    4875      53.6171
    4876      54.2142
    4877      51.5629
    4878      57.3882
    4879      61.3957
    4880      59.6471
    4881      58.0598
    4882      55.3670
    4883      52.2507
    4884      47.0662
    4885      43.7096
    4886      45.4089
    4887      51.1167
    4888      48.9733
    4889      47.7131
    4890      40.5638
    4891      42.2776
    4892      46.5126
    4893      53.8648
    4894      60.7666
    4895      66.0851
    4896      66.0002
    4897      61.4073
    4898      56.3888
    4899      54.9601
    4900      55.9361
    4901      59.4999
    4902      59.3905
    4903      57.2211
    4904      62.4137
    4905      61.4172
    4906      60.3520
    4907      60.3460
    4908      57.9307
    4909      60.0650
    4910      61.1976
    4911      57.0706
    4912      57.5646
    4913      58.1642
    4914      61.6541
    4915      62.0339
    4916      61.1212
    4917      58.1450
    4918      66.6871
    4919      65.6433
    4920      63.6695
    4921      59.0763
    4922      54.9195
    4923      50.7969
    4924      51.0163
    4925      54.1906
    4926      53.7603
    4927      54.1229
    4928      51.8701
    4929      52.2965
    4930      49.9156
    4931      52.8285
    4932      50.6701
    4933      53.1690
    4934      48.6917
    4935      44.3551
    4936      41.0412
    4937      39.4163
    4938      40.5207
    4939      42.9775
    4940      43.3765
    4941      46.0051
    4942      45.5363
    4943      46.6360
    4944      48.1434
    4945      51.3288
    4946      55.1347
    4947      55.8695
    4948      54.4387
    4949      49.3294
    4950      49.1452
    4951      53.9801
    4952      54.3386
    4953      47.3321
    4954      44.2010
    4955      46.9397
    4956      51.2635
    4957      53.0017
    4958      53.4834
    4959      55.6903
    4960      63.0969
    4961      55.9707
    4962      53.1115
    4963      50.9581
    4964      49.6286
    4965      50.3302
    4966      47.4698
    4967      54.4635
    4968      52.4205
    4969      54.6844
    4970      56.8865
    4971      50.5277
    4972      50.7184
    4973      50.6192
    4974      51.8330
    4975      49.2048
    4976      54.0003
    4977      50.9667
    4978      48.6975
    4979      53.7814
    4980      53.0744
    4981      56.7740
    4982      52.3230
    4983      48.1459
    4984      48.5996
    4985      48.0350
    4986      48.2342
    4987      47.0470
    4988      53.1093
    4989      51.3505
    4990      47.3481
    4991      47.3363
    4992      51.5979
    4993      52.8368
    4994      52.4986
    4995      55.1669
    4996      50.5105
    4997      51.8783
    4998      56.1785
    4999      56.7494
    5000      53.1297
    5001      52.4981
    5002      57.3351
    5003      56.5096
    5004      57.7223
    5005      62.3022
    5006      63.6110
    5007      63.3975
    5008      57.4995
    5009      56.9053
    5010      52.9260
    5011      56.1900
    5012      56.0161
    5013      53.5471
    5014      52.5388
    5015      55.7566
    5016      56.0390
    5017      51.4373
    5018      53.3792
    5019      59.5090
    5020      60.2329
    5021      57.9203
    5022      58.0195
    5023      56.1694
    5024      56.5888
    5025      54.7087
    5026      52.1110
    5027      53.8916
    5028      55.9121
    5029      53.0085
    5030      52.1556
    5031      52.7424
    5032      53.3384
    5033      49.9512
    5034      50.2782
    5035      49.6735
    5036      50.7817
    5037      53.1511
    5038      52.4121
    5039      51.7357
    5040      54.4692
    5041      52.4379
    5042      54.9089
    5043      52.2662
    5044      50.6550
    5045      51.2846
    5046      48.6702
    5047      50.2454
    5048      51.0453
    5049      52.8708
    5050      51.8682
    5051      50.7174
    5052      49.0682
    5053      52.0328
    5054      55.6979
    5055      56.6962
    5056      55.6484
    5057      52.2383
    5058      52.6339
    5059      47.9837
    5060      48.3627
    5061      48.8260
    5062      49.4593
    5063      47.3094
    5064      53.5570
    5065      56.7565
    5066      55.8207
    5067      53.0067
    5068      53.9652
    5069      54.4955
    5070      62.7929
    5071      64.9518
    5072      62.3857
    5073      54.2051
    5074      50.8644
    5075      49.1633
    5076      50.3317
    5077      52.3049
    5078      54.4184
    5079      53.8409
    5080      51.5723
    5081      51.0359
    5082      52.8289
    5083      46.7904
    5084      47.2577
    5085      48.8260
    5086      49.9572
    5087      50.6424
    5088      45.4847
    5089      46.7945
    5090      48.9668
    5091      51.2819
    5092      53.2049
    5093      50.3773
    5094      51.1392
    5095      51.7544
    5096      48.5291
    5097      49.8982
    5098      49.0190
    5099      46.3352
    5100      49.1808
    5101      50.5922
    5102      47.1884
    5103      45.0403
    5104      51.5011
    5105      50.9902
    5106      49.1830
    5107      53.0764
    5108      52.6511
    5109      50.7665
    5110      50.0562
    5111      50.4396
    5112      57.3013
    5113      55.0132
    5114      51.2942
    5115      48.8864
    5116      49.1895
    5117      48.7328
    5118      48.6605
    5119      51.1185
    5120      50.1240
    5121      47.9492
    5122      48.2645
    5123      47.4698
    5124      48.9526
    5125      48.4880
    5126      48.5971
    5127      45.6722
    5128      51.0322
    5129      52.5955
    5130      47.4737
    5131      46.4412
    5132      48.8445
    5133      47.6462
    5134      50.7830
    5135      47.9689
    5136      43.5083
    5137      50.4162
    5138      50.5033
    5139      45.6779
    5140      49.4827
    5141      50.2514
    5142      52.5941
    5143      53.1217
    5144      54.5904
    5145      55.5275
    5146      56.1535
    5147      59.4166
    5148      66.2054
    5149      69.2660
    5150      68.3164
    5151      67.6764
    5152      70.2650
    5153      68.1864
    5154      63.6293
    5155      60.9816
    5156      60.9318
    5157      56.0552
    5158      57.6728
    5159      58.7114
    5160      58.4904
    5161      56.4394
    5162      53.6793
    5163      52.0622
    5164      53.5366
    5165      53.0929
    5166      56.5103
    5167      58.3374
    5168      60.3338
    5169      55.4454
    5170      55.8072
    5171      55.7607
    5172      53.3041
    5173      51.8904
    5174      55.7885
    5175      51.6361
    5176      49.0926
    5177      47.0158
    5178      51.3979
    5179      54.3574
    5180      56.5470
    5181      54.5963
    5182      47.2420
    5183      46.1479
    5184      46.0315
    5185      51.6598
    5186      52.4347
    5187      53.7632
    5188      55.4130
    5189      52.3481
    5190      47.0949
    5191      48.4704
    5192      48.0855
    5193      50.0127
    5194      49.3359
    5195      48.4365
    5196      49.6331
    5197      47.5690
    5198      45.3455
    5199      50.2781
    5200      52.2428
    5201      53.3269
    5202      52.2621
    5203      58.7552
    5204      51.2443
    5205      51.3727
    5206      51.4629
    5207      52.5087
    5208      57.5897
    5209      56.3869
    5210      55.3089
    5211      60.4377
    5212      50.8879
    5213      46.4183
    5214      47.2036
    5215      45.1227
    5216      46.8612
    5217      51.7795
    5218      50.3584
    5219      46.2473
    5220      45.8841
    5221      41.8982
    5222      47.4865
    5223      44.0847
    5224      42.3984
    5225      46.8310
    5226      54.2875
    5227      52.3583
    5228      50.9646
    5229      46.5188
    5230      50.7274
    5231      50.1109
    5232      48.7307
    5233      46.7105
    5234      46.9396
    5235      47.8668
    5236      42.1936
    5237      47.2245
    5238      47.3820
    5239      46.5861
    5240      48.6727
    5241      47.4092
    5242      48.1395
    5243      45.4031
    5244      49.7042
    5245      48.1991
    5246      53.8421
    5247      55.1005
    5248      57.5388
    5249      54.1318
    5250      53.9218
    5251      51.3847
    5252      47.3036
    5253      52.4182
    5254      44.5420
    5255      47.4345
    5256      47.3091
    5257      50.8770
    5258      47.7918
    5259      45.6139
    5260      50.9951
    5261      48.8300
    5262      49.8378
    5263      49.4697
    5264      50.4118
    5265      49.8754
    5266      48.5134
    5267      48.1139
    5268      48.6014
    5269      52.8301
    5270      51.8701
    5271      51.1622
    5272      53.6240
    5273      55.2843
    5274      58.2988
    5275      55.5161
    5276      51.3387
    5277      49.7319
    5278      52.8011
    5279      55.5801
    5280      49.6552
    5281      50.7556
    5282      49.7469
    5283      44.4868
    5284      39.0698
    5285      45.5707
    5286      47.8690
    5287      46.4894
    5288      51.2774
    5289      53.4485
    5290      51.6736
    5291      51.8856
    5292      50.9285
    5293      46.3567
    5294      49.5417
    5295      52.9210
    5296      51.0786
    5297      50.1345
    5298      47.9400
    5299      47.7481
    5300      46.4663
    5301      43.2816
    5302      43.7271
    5303      46.7089
    5304      49.2357
    5305      49.4594
    5306      47.3198
    5307      47.8202
    5308      49.8565
    5309      51.7033
    5310      50.2491
    5311      52.4467
    5312      51.6345
    5313      54.2007
    5314      55.2645
    5315      52.5815
    5316      53.4823
    5317      54.2005
    5318      52.8289
    5319      49.3553
    5320      55.2131
    5321      54.7619
    5322      55.2875
    5323      57.7135
    5324      59.2464
    5325      54.1064
    5326      52.7766
    5327      50.2773
    5328      48.0652
    5329      51.7944
    5330      48.3071
    5331      46.9419
    5332      47.7651
    5333      45.4443
    5334      49.8133
    5335      49.7727
    5336      46.2116
    5337      48.1745
    5338      46.5518
    5339      49.5347
    5340      52.7131
    5341      51.9205
    5342      49.6708
    5343      44.7344
    5344      45.7963
    5345      50.5275
    5346      48.3645
    5347      49.2329
    5348      45.9609
    5349      46.4570
    5350      45.0933
    5351      50.1004
    5352      47.2588
    5353      45.4052
    5354      48.8398
    5355      44.4679
    5356      45.5812
    5357      42.2224
    5358      48.2010
    5359      50.9888
    5360      49.6471
    5361      52.0054
    5362      52.3385
    5363      50.6233
    5364      50.7336
    5365      51.4522
    5366      51.9171
    5367      50.6236
    5368      46.7990
    5369      47.1688
    5370      46.6218
    5371      47.7950
    5372      52.4194
    5373      51.6943
    5374      47.3189
    5375      42.5471
    5376      44.9671
    5377      47.0789
    5378      41.5863
    5379      45.3917
    5380      46.0761
    5381      44.1409
    5382      43.6739
    5383      44.4365
    5384      46.0390
    5385      46.7204
    5386      46.4160
    5387      43.4393
    5388      43.0812
    5389      42.7386
    5390      43.8267
    5391      39.9276
    5392      46.9840
    5393      47.6610
    5394      51.9161
    5395      51.7672
    5396      49.2707
    5397      48.3265
    5398      47.7535
    5399      37.9773
    5400      44.3464
    5401      45.1710
    5402      47.4023
    5403      51.2959
    5404      45.3423
    5405      44.0547
    5406      45.8025
    5407      46.7634
    5408      47.4278
    5409      44.0188
    5410      47.0176
    5411      47.3207
    5412      47.6668
    5413      44.2181
    5414      44.8119
    5415      45.7120
    5416      47.8791
    5417      48.7565
    5418      46.5511
    5419      46.8903
    5420      45.1303
    5421      46.2014
    5422      46.3566
    5423      48.3654
    5424      48.9417
    5425      47.5606
    5426      47.1164
    5427      48.9042
    5428      47.8891
    5429      49.7345
    5430      46.6235
    5431      45.7000
    5432      47.5076
    5433      48.1337
    5434      49.9369
    5435      48.9459
    5436      45.9644
    5437      43.7352
    5438      48.4084
    5439      49.9581
    5440      50.7702
    5441      48.2006
    5442      52.0470
    5443      47.9794
    5444      46.5323
    5445      45.7851
    5446      49.2867
    5447      51.7721
    5448      53.8128
    5449      49.8125
    5450      48.6747
    5451      50.2178
    5452      55.0247
    5453      54.1680
    5454      54.2585
    5455      54.8147
    5456      51.6237
    5457      50.3597
    5458      49.3100
    5459      46.6691
    5460      47.3727
    5461      46.9606
    5462      47.5318
    5463      49.7811
    5464      50.1673
    5465      47.1638
    5466      49.0673
    5467      48.0173
    5468      50.0423
    5469      50.4756
    5470      54.5075
    5471      53.1264
    5472      55.3406
    5473      51.5539
    5474      48.0764
    5475      50.1611
    5476      51.4325
    5477      51.1803
    5478      49.4637
    5479      53.0017
    5480      49.5814
    5481      52.7858
    5482      54.2566
    5483      50.2827
    5484      45.4932
    5485      41.8217
    5486      43.3640
    5487      44.8483
    5488      48.8969
    5489      49.5550
    5490      47.3341
    5491      54.2119
    5492      56.6018
    5493      53.2446
    5494      53.3512
    5495      55.7938
    5496      53.2959
    5497      51.6788
    5498      53.7584
    5499      56.4076
    5500      53.1341
    5501      50.6674
    5502      49.0244
    5503      52.0865
    5504      49.2985
    5505      53.2264
    5506      55.0009
    5507      55.7032
    5508      59.8260
    5509      56.2680
    5510      55.1329
    5511      55.0554
    5512      57.6083
    5513      58.9961
    5514      54.0914
    5515      53.2179
    5516      54.7624
    5517      52.4359
    5518      51.9367
    5519      52.9926
    5520      50.3603
    5521      50.8852
    5522      48.5867
    5523      48.9946
    5524      47.7596
    5525      53.0025
    5526      53.6334
    5527      60.0640
    5528      62.0352
    5529      59.2958
    5530      56.8772
    5531      48.6953
    5532      47.7942
    5533      50.3850
    5534      48.2341
    5535      48.5362
    5536      51.7834
    5537      50.6879
    5538      52.3208
    5539      49.6989
    5540      47.5254
    5541      47.1844
    5542      51.0954
    5543      47.2830
    5544      47.8062
    5545      47.3660
    5546      45.0359
    5547      46.4689
    5548      51.3643
    5549      47.2173
    5550      43.3563
    5551      48.6752
    5552      55.4192
    5553      51.2556
    5554      46.8368
    5555      48.3012
    5556      48.2912
    5557      48.7142
    5558      50.7801
    5559      55.3776
    5560      52.4285
    5561      50.5521
    5562      48.8464
    5563      49.5085
    5564      47.6265
    5565      46.7289
    5566      49.0941
    5567      48.4939
    5568      48.9748
    5569      52.4450
    5570      53.8588
    5571      53.3972
    5572      53.9415
    5573      51.6305
    5574      51.3618
    5575      47.2548
    5576      43.8907
    5577      44.0972
    5578      46.9567
    5579      50.8000
    5580      49.1297
    5581      49.7780
    5582      47.6792
    5583      50.6028
    5584      44.9264
    5585      46.9833
    5586      48.8334
    5587      51.0999
    5588      49.9925
    5589      48.9796
    5590      51.5760
    5591      54.8803
    5592      50.0390
    5593      51.3654
    5594      52.0862
    5595      52.8733
    5596      53.9402
    5597      48.9892
    5598      48.2036
    5599      50.4031
    5600      51.5140
    5601      53.5642
    5602      51.2936
    5603      51.0762
    5604      54.0611
    5605      52.8844
    5606      53.6947
    5607      52.7852
    5608      55.3820
    5609      56.3736
    5610      55.2031
    5611      53.0616
    5612      54.1044
    5613      56.4958
    5614      57.5236
    5615      54.7473
    5616      61.3872
    5617      60.5772
    5618      57.6906
    5619      58.7563
    5620      58.9093
    5621      55.3061
    5622      52.1468
    5623      47.3192
    5624      49.0700
    5625      53.3939
    5626      53.7786
    5627      50.7218
    5628      55.7858
    5629      52.6406
    5630      48.9613
    5631      49.2576
    5632      51.5015
    5633      49.5271
    5634      54.4843
    5635      55.9845
    5636      54.4370
    5637      55.1624
    5638      54.5370
    5639      53.8034
    5640      52.5530
    5641      49.5201
    5642      50.2661
    5643      54.5810
    5644      55.0912
    5645      50.2991
    5646      54.0495
    5647      53.4796
    5648      53.2516
    5649      56.0285
    5650      58.6935
    5651      63.1735
    5652      63.1708
    5653      62.2059
    5654      58.6719
    5655      58.9151
    5656      58.1711
    5657      56.5776
    5658      53.5425
    5659      53.4397
    5660      52.6023
    5661      55.2742
    5662      53.2174
    5663      51.2754
    5664      53.7615
    5665      51.9208
    5666      55.7205
    5667      53.6780
    5668      50.3820
    5669      53.0737
    5670      51.1814
    5671      50.1917
    5672      51.0835
    5673      50.2593
    5674      50.4972
    5675      51.7469
    5676      50.7067
    5677      50.6676
    5678      50.5596
    5679      52.1444
    5680      51.0562
    5681      50.9020
    5682      51.7094
    5683      55.5841
    5684      53.4899
    5685      58.1938
    5686      58.3959
    5687      54.2955
    5688      47.5912
    5689      52.9699
    5690      49.9781
    5691      54.4194
    5692      57.4375
    5693      54.5998
    5694      50.9086
    5695      48.5357
    5696      48.6804
    5697      50.8576
    5698      50.7113
    5699      49.4052
    5700      45.0890
    5701      53.9136
    5702      48.5036
    5703      51.3615
    5704      50.0933
    5705      47.1736
    5706      48.2482
    5707      47.7466
    5708      48.8340
    5709      54.2531
    5710      56.3913
    5711      53.7679
    5712      57.1674
    5713      56.9712
    5714      53.2095
    5715      52.3327
    5716      50.2482
    5717      49.0998
    5718      50.6345
    5719      50.3596
    5720      46.0689
    5721      50.6663
    5722      50.6422
    5723      52.5833
    5724      47.4756
    5725      49.6046
    5726      52.2344
    5727      52.6541
    5728      52.0948
    5729      59.8525
    5730      60.1603
    5731      57.7310
    5732      64.2125
    5733      64.1769
    5734      65.9844
    5735      63.9862
    5736      64.2774
    5737      67.5278
    5738      65.5765
    5739      61.6374
    5740      59.5477
    5741      53.1336
    5742      53.4500
    5743      51.2799
    5744      53.6994
    5745      49.1850
    5746      53.2337
    5747      56.3417
    5748      56.7123
    5749      55.5806
    5750      50.9777
    5751      53.7720
    5752      55.3895
    5753      52.7776
    5754      53.5470
    5755      52.5025
    5756      50.6560
    5757      51.4679
    5758      57.5446
    5759      59.7045
    5760      61.3791
    5761      55.8813
    5762      52.4070
    5763      53.0906
    5764      54.3177
    5765      53.7181
    5766      58.1271
    5767      55.6712
    5768      53.7070
    5769      54.4248
    5770      53.6655
    5771      51.3995
    5772      60.1806
    5773      60.9078
    5774      61.0147
    5775      62.1748
    5776      60.1468
    5777      53.8227
    5778      56.5062
    5779      58.8912
    5780      56.8676
    5781      55.4573
    5782      49.4458
    5783      51.6137
    5784      53.3235
    5785      50.6262
    5786      50.1272
    5787      53.0490
    5788      50.0885
    5789      51.9826
    5790      49.9126
    5791      51.0805
    5792      50.9779
    5793      47.0532
    5794      48.3661
    5795      51.0964
    5796      46.8003
    5797      49.3442
    5798      51.1842
    5799      48.5839
    5800      47.5148
    5801      50.3822
    5802      46.7430
    5803      45.2760
    5804      45.9308
    5805      42.9593
    5806      46.1302
    5807      51.1760
    5808      52.5724
    5809      54.0462
    5810      52.6934
    5811      53.1476
    5812      55.7389
    5813      57.2685
    5814      53.3002
    5815      55.8878
    5816      56.3168
    5817      59.1770
    5818      59.1326
    5819      59.3059
    5820      58.8470
    5821      53.8409
    5822      59.2524
    5823      58.0726
    5824      57.4048
    5825      55.9795
    5826      59.1634
    5827      56.9131
    5828      53.2552
    5829      47.7026
    5830      46.2925
    5831      49.9668
    5832      50.4353
    5833      50.5462
    5834      45.1360
    5835      46.2704
    5836      48.3449
    5837      45.2880
    5838      44.7269
    5839      43.3278
    5840      49.4968
    5841      51.8741
    5842      49.8235
    5843      47.9499
    5844      49.7594
    5845      46.0529
    5846      46.8541
    5847      45.3440
    5848      47.9256
    5849      51.3625
    5850      53.3612
    5851      52.5033
    5852      54.2192
    5853      52.1024
    5854      51.8370
    5855      52.7013
    5856      54.9036
    5857      56.3168
    5858      58.2045
    5859      57.5955
    5860      58.9644
    5861      62.4349
    5862      61.7033
    5863      57.6823
    5864      57.7029
    5865      57.9174
    5866      59.9843
    5867      59.7501
    5868      65.9220
    5869      64.5948
    5870      63.5519
    5871      62.9478
    5872      63.9633
    5873      69.1812
    5874      68.8744
    5875      67.1673
    5876      63.9845
    5877      64.7567
    5878      62.0242
    5879      58.6364
    5880      63.1267
    5881      59.1872
    5882      58.6278
    5883      56.6979
    5884      50.9879
    5885      51.3790
    5886      53.3489
    5887      54.6436
    5888      54.8945
    5889      58.1650
    5890      61.3566
    5891      56.7032
    5892      55.4169
    5893      54.4586
    5894      55.6282
    5895      54.9129
    5896      51.9043
    5897      50.0067
    5898      50.2764
    5899      48.4700
    5900      48.8937
    5901      52.1485
    5902      52.7579
    5903      54.7751
    5904      56.5401
    5905      54.4666
    5906      52.1165
    5907      52.3364
    5908      53.2111
    5909      50.5650
    5910      51.6198
    5911      53.3424
    5912      54.4070
    5913      56.0793
    5914      55.9181
    5915      57.3041
    5916      53.9901
    5917      54.5749
    5918      53.9279
    5919      55.1436
    5920      51.3349
    5921      50.1241
    5922      49.8904
    5923      49.1096
    5924      49.7413
    5925      46.3758
    5926      45.5690
    5927      48.7380
    5928      51.3661
    5929      51.4004
    5930      53.7784
    5931      45.8332
    5932      46.6149
    5933      46.8392
    5934      53.2371
    5935      55.5526
    5936      55.4512
    5937      56.4242
    5938      53.0552
    5939      49.2542
    5940      51.3281
    5941      48.4361
    5942      48.2393
    5943      51.5400
    5944      50.4222
    5945      50.8152
    5946      56.0385
    5947      53.7397
    5948      50.4633
    5949      51.1795
    5950      49.0114
    5951      51.6019
    5952      49.6728
    5953      50.7962
    5954      50.0801
    5955      55.3994
    5956      56.4142
    5957      51.7285
    5958      52.9378
    5959      51.8990
    5960      56.8687
    5961      60.0916
    5962      57.3312
    5963      57.1607
    5964      59.8818
    5965      61.1639
    5966      60.1964
    5967      61.8701
    5968      62.5557
    5969      63.2015
    5970      55.6371
    5971      54.1827
    5972      51.9693
    5973      52.9029
    5974      52.5268
    5975      53.6554
    5976      50.0140
    5977      51.1676
    5978      48.2619
    5979      48.7065
    5980      47.6549
    5981      49.7834
    5982      55.0555
    5983      56.8378
    5984      57.2754
    5985      56.2378
    5986      55.6637
    5987      57.9045
    5988      55.2287
    5989      51.3716
    5990      51.7374
    5991      51.4936
    5992      47.4388
    5993      50.9034
    5994      52.5273
    5995      47.6421
    5996      48.5851
    5997      46.7698
    5998      44.3689
    5999      44.2386
    6000      47.5134
    6001      45.7886
    6002      47.2073
    6003      48.0988
    6004      47.8193
    6005      43.8363
    6006      47.6408
    6007      50.9206
    6008      51.2815
    6009      50.6327
    6010      53.7668
    6011      54.3169
    6012      54.4557
    6013      49.6869
    6014      46.9333
    6015      53.4156
    6016      50.6804
    6017      50.9730
    6018      49.8317
    6019      46.9087
    6020      49.6331
    6021      48.2095
    6022      48.4772
    6023      49.5444
    6024      52.6788
    6025      53.8212
    6026      54.8029
    6027      53.5222
    6028      47.5807
    6029      47.7780
    6030      49.5674
    6031      48.4031
    6032      47.9144
    6033      49.9762
    6034      51.7025
    6035      49.4041
    6036      51.3586
    6037      54.6302
    6038      62.1990
    6039      62.6090
    6040      60.7375
    6041      60.4100
    6042      61.8781
    6043      62.8415
    6044      61.5533
    6045      52.9206
    6046      53.7711
    6047      57.6616
    6048      55.8246
    6049      45.0881
    6050      44.2354
    6051      49.0931
    6052      47.7795
    6053      44.9129
    6054      47.2687
    6055      47.8000
    6056      45.2375
    6057      41.0639
    6058      41.9403
    6059      46.2345
    6060      46.1230
    6061      45.4394
    6062      46.9245
    6063      48.8969
    6064      45.0790
    6065      44.4614
    6066      48.8201
    6067      52.2915
    6068      47.5487
    6069      48.5182
    6070      42.9039
    6071      41.5358
    6072      41.4945
    6073      46.0696
    6074      48.0239
    6075      42.7170
    6076      46.9108
    6077      48.9560
    6078      48.4750
    6079      46.0676
    6080      43.3345
    6081      43.2106
    6082      43.6115
    6083      43.8149
    6084      45.4847
    6085      46.7733
    6086      47.0273
    6087      46.3743
    6088      42.4654
    6089      42.8262
    6090      44.5846
    6091      47.7372
    6092      44.5612
    6093      47.3824
    6094      44.4757
    6095      48.5731
    6096      47.4384
    6097      49.2894
    6098      50.9186
    6099      52.8713
    6100      53.7715
    6101      56.7246
    6102      55.5901
    6103      57.1756
    6104      59.7931
    6105      56.9681
    6106      53.6472
    6107      51.1308
    6108      49.1352
    6109      49.4541
    6110      52.5192
    6111      48.6626
    6112      47.7982
    6113      51.2715
    6114      52.0010
    6115      57.6082
    6116      60.7059
    6117      57.5644
    6118      63.7976
    6119      66.9367
    6120      61.1654
    6121      59.7974
    6122      55.6136
    6123      53.8865
    6124      55.9142
    6125      55.0467
    6126      52.6685
    6127      52.1013
    6128      49.5686
    6129      56.0363
    6130      59.1554
    6131      60.3180
    6132      56.7729
    6133      54.4968
    6134      55.0041
    6135      54.4403
    6136      54.8102
    6137      51.1097
    6138      52.2446
    6139      58.9179
    6140      57.6881
    6141      56.2650
    6142      55.5905
    6143      49.8392
    6144      52.7115
    6145      57.8449
    6146      57.9771
    6147      60.1345
    6148      57.3315
    6149      49.7411
    6150      56.4173
    6151      53.2768
    6152      50.0980
    6153      47.2260
    6154      51.5849
    6155      50.0480
    6156      49.5639
    6157      52.9565
    6158      56.4364
    6159      59.3535
    6160      62.6050
    6161      61.9891
    6162      61.5789
    6163      61.7405
    6164      61.9071
    6165      58.9791
    6166      59.1868
    6167      61.9918
    6168      55.4695
    6169      53.1916
    6170      51.7587
    6171      54.0273
    6172      57.0781
    6173      59.1905
    6174      56.0732
    6175      59.9622
    6176      57.1867
    6177      54.6341
    6178      52.0289
    6179      54.4704
    6180      52.5790
    6181      55.9294
    6182      57.9958
    6183      58.1218
    6184      56.5861
    6185      55.0589
    6186      59.2520
    6187      58.7268
    6188      56.8045
    6189      52.2948
    6190      49.9375
    6191      56.3001
    6192      50.6004
    6193      54.3478
    6194      55.3010
    6195      53.3023
    6196      56.1833
    6197      50.0522
    6198      48.9667
    6199      54.9875
    6200      54.2737
    6201      53.9770
    6202      52.4532
    6203      49.6178
    6204      53.5652
    6205      54.5140
    6206      56.0576
    6207      57.0424
    6208      60.0528
    6209      54.3015
    6210      54.4239
    6211      53.6637
    6212      52.1111
    6213      54.0683
    6214      56.5180
    6215      51.4438
    6216      51.9942
    6217      47.6108
    6218      48.6920
    6219      49.4009
    6220      49.3698
    6221      47.5216
    6222      50.1515
    6223      50.6829
    6224      51.4097
    6225      52.9167
    6226      51.9551
    6227      55.8583
    6228      56.4732
    6229      52.1234
    6230      49.3348
    6231      56.1286
    6232      58.7370
    6233      55.2779
    6234      53.6394
    6235      52.1920
    6236      51.8195
    6237      53.0699
    6238      50.3470
    6239      49.1183
    6240      49.6581
    6241      52.0299
    6242      53.6558
    6243      54.7963
    6244      53.3471
    6245      51.6664
    6246      50.2123
    6247      49.6914
    6248      47.5744
    6249      54.9105
    6250      56.0773
    6251      59.6137
    6252      58.5782
    6253      59.0302
    6254      60.5778
    6255      65.6324
    6256      64.7708
    6257      59.0851
    6258      52.6723
    6259      53.3553
    6260      56.2350
    6261      49.1120
    6262      50.5108
    6263      50.5951
    6264      49.3509
    6265      48.4435
    6266      50.9377
    6267      51.5547
    6268      50.4502
    6269      51.5954
    6270      53.8344
    6271      54.5403
    6272      59.5339
    6273      60.4105
    6274      57.7983
    6275      60.2044
    6276      60.1032
    6277      58.7448
    6278      55.2310
    6279      50.6855
    6280      50.9858
    6281      50.9827
    6282      48.8052
    6283      49.5982
    6284      50.3677
    6285      51.7333
    6286      48.9804
    6287      49.6062
    6288      48.6429
    6289      52.1293
    6290      50.8279
    6291      51.9185
    6292      52.6451
    6293      53.9949
    6294      60.1883
    6295      64.2223
    6296      65.9012
    6297      66.3343
    6298      65.1046
    6299      63.7383
    6300      64.1542
    6301      60.7905
    6302      57.8786
    6303      53.8195
    6304      51.0023
    6305      53.7417
    6306      58.4870
    6307      55.5144
    6308      54.1575
    6309      49.7711
    6310      46.8219
    6311      50.8029
    6312      53.1162
    6313      50.6884
    6314      54.4002
    6315      52.6006
    6316      48.7898
    6317      51.0616
    6318      49.7294
    6319      53.9055
    6320      52.6304
    6321      55.3428
    6322      56.7705
    6323      55.3871
    6324      51.0716
    6325      50.2370
    6326      50.9698
    6327      51.3208
    6328      49.5988
    6329      47.6606
    6330      50.4370
    6331      47.4872
    6332      55.1622
    6333      53.7108
    6334      55.5670
    6335      52.9702
    6336      53.8450
    6337      51.3209
    6338      54.1429
    6339      59.3671
    6340      62.9837
    6341      59.3612
    6342      63.9973
    6343      60.8182
    6344      58.6844
    6345      55.0962
    6346      53.5963
    6347      53.0484
    6348      55.2645
    6349      58.0588
    6350      56.5658
    6351      56.4238
    6352      54.1802
    6353      53.5351
    6354      54.2064
    6355      49.9799
    6356      52.6766
    6357      51.4893
    6358      53.0744
    6359      54.7699
    6360      56.2357
    6361      61.5820
    6362      57.4654
    6363      54.9000
    6364      57.9962
    6365      56.4654
    6366      57.3441
    6367      51.6462
    6368      54.7690
    6369      56.4812
    6370      52.6619
    6371      54.0183
    6372      53.2891
    6373      53.6722
    6374      53.8976
    6375      55.9519
    6376      58.1108
    6377      61.3806
    6378      57.7319
    6379      57.7184
    6380      51.8748
    6381      49.0955
    6382      49.8333
    6383      48.6581
    6384      45.8997
    6385      46.7891
    6386      49.2628
    6387      47.1240
    6388      49.8458
    6389      50.5607
    6390      49.8331
    6391      50.4680
    6392      53.8488
    6393      53.1817
    6394      55.1986
    6395      54.8098
    6396      53.7132
    6397      57.9707
    6398      58.7766
    6399      56.8740
    6400      54.6938
    6401      54.2563
    6402      53.4079
    6403      52.8387
    6404      56.0020
    6405      55.0232
    6406      50.3322
    6407      48.7127
    6408      45.9694
    6409      42.8442
    6410      44.3276
    6411      45.5055
    6412      43.2447
    6413      43.8359
    6414      46.0675
    6415      43.3832
    6416      45.7575
    6417      46.6938
    6418      44.8173
    6419      50.0211
    6420      47.2480
    6421      43.9942
    6422      49.5908
    6423      43.4795
    6424      45.7075
    6425      47.3128
    6426      49.2204
    6427      45.1820
    6428      47.2409
    6429      51.7721
    6430      48.1774
    6431      47.3826
    6432      49.9570
    6433      45.5962
    6434      47.3334
    6435      50.5094
    6436      54.5599
    6437      52.9675
    6438      50.7287
    6439      50.6493
    6440      52.6160
    6441      48.7852
    6442      51.3316
    6443      51.9396
    6444      51.5851
    6445      52.1101
    6446      45.5280
    6447      46.5707
    6448      42.0163
    6449      43.2960
    6450      45.3541
    6451      49.1582
    6452      56.3542
    6453      54.6630
    6454      50.2127
    6455      47.6675
    6456      47.1941
    6457      47.7920
    6458      49.1783
    6459      46.5385
    6460      47.8941
    6461      50.3863
    6462      52.5910
    6463      46.5355
    6464      45.3378
    6465      48.9451
    6466      51.8059
    6467      49.8531
    6468      50.3619
    6469      55.4825
    6470      55.8588
    6471      59.2034
    6472      58.1013
    6473      56.1832
    6474      54.8024
    6475      59.6298
    6476      60.4054
    6477      61.7706
    6478      59.4030
    6479      57.3770
    6480      59.9533
    6481      65.9081
    6482      62.9518
    6483      60.1655
    6484      58.2737
    6485      59.4187
    6486      62.0768
    6487      59.0505
    6488      60.6371
    6489      56.9339
    6490      57.9256
    6491      60.4662
    6492      54.0750
    6493      55.5622
    6494      55.9176
    6495      52.5869
    6496      48.1339
    6497      47.5530
    6498      49.7556
    6499      48.6538
    6500      51.9887
    6501      51.6731
    6502      53.4993
    6503      55.6997
    6504      52.2710
    6505      55.3209
    6506      54.6116
    6507      57.5875
    6508      53.8500
    6509      48.7499
    6510      48.9023
    6511      48.1729
    6512      43.7419
    6513      45.6841
    6514      49.2796
    6515      47.5769
    6516      46.6925
    6517      49.4888
    6518      48.1532
    6519      48.1274
    6520      56.0294
    6521      55.4126
    6522      53.4035
    6523      44.0974
    6524      44.0145
    6525      43.9712
    6526      51.4365
    6527      52.5635
    6528      50.3334
    6529      48.2547
    6530      46.6854
    6531      48.2112
    6532      51.6818
    6533      58.2938
    6534      55.0933
    6535      52.9474
    6536      50.3411
    6537      53.9500
    6538      55.2181
    6539      54.3646
    6540      51.6264
    6541      58.5988
    6542      53.3411
    6543      52.5059
    6544      52.7331
    6545      53.1188
    6546      56.3752
    6547      51.2452
    6548      56.0607
    6549      51.1595
    6550      54.2461
    6551      54.2828
    6552      52.9694
    6553      52.6197
    6554      51.6876
    6555      58.0645
    6556      57.3376
    6557      55.1116
    6558      53.3367
    6559      53.8374
    6560      53.5694
    6561      51.4177
    6562      55.2488
    6563      52.6699
    6564      50.2032
    6565      48.3518
    6566      50.6335
    6567      50.0800
    6568      45.9573
    6569      46.3727
    6570      46.7502
    6571      51.6458
    6572      48.2449
    6573      51.8987
    6574      52.6045
    6575      46.6796
    6576      47.3908
    6577      44.5581
    6578      46.5982
    6579      49.7790
    6580      45.7565
    6581      47.2538
    6582      49.9494
    6583      47.8794
    6584      43.6963
    6585      44.1139
    6586      44.1843
    6587      46.3125
    6588      45.2333
    6589      46.0814
    6590      45.3840
    6591      46.2595
    6592      45.0093
    6593      49.9857
    6594      51.1907
    6595      52.8371
    6596      52.6341
    6597      50.4285
    6598      51.5870
    6599      51.0955
    6600      47.6161
    6601      50.9042
    6602      47.7897
    6603      50.8637
    6604      52.2909
    6605      53.7164
    6606      57.1888
    6607      61.4551
    6608      59.1262
    6609      57.6694
    6610      49.3832
    6611      54.4113
    6612      53.2853
    6613      56.5583
    6614      57.2182
    6615      61.5842
    6616      68.0798
    6617      64.0265
    6618      59.9553
    6619      61.3001
    6620      60.1633
    6621      60.3980
    6622      54.0205
    6623      57.0256
    6624      56.0422
    6625      52.3625
    6626      52.9803
    6627      51.8702
    6628      52.9831
    6629      52.4032
    6630      55.2291
    6631      57.2214
    6632      58.3212
    6633      56.2694
    6634      53.6078
    6635      50.9712
    6636      51.2334
    6637      52.0291
    6638      53.3621
    6639      56.4037
    6640      52.9021
    6641      50.6533
    6642      52.4644
    6643      51.8321
    6644      50.1054
    6645      53.4336
    6646      48.6773
    6647      47.9026
    6648      50.2498
    6649      53.7771
    6650      51.8318
    6651      49.9624
    6652      48.6438
    6653      48.2433
    6654      48.6539
    6655      52.8743
    6656      50.1938
    6657      56.1310
    6658      53.1487
    6659      54.4747
    6660      53.4421
    6661      50.7755
    6662      54.5076
    6663      55.0270
    6664      51.9255
    6665      47.5928
    6666      48.8831
    6667      47.1229
    6668      46.1541
    6669      47.0087
    6670      43.7240
    6671      45.2839
    6672      46.2449
    6673      46.6174
    6674      45.2603
    6675      51.3387
    6676      57.4930
    6677      55.1926
    6678      57.0002
    6679      55.3914
    6680      52.0918
    6681      52.8190
    6682      52.2693
    6683      53.3986
    6684      52.7765
    6685      52.8354
    6686      53.5008
    6687      54.5963
    6688      56.8203
    6689      53.8218
    6690      49.2329
    6691      51.7816
    6692      56.4724
    6693      52.9004
    6694      51.4081
    6695      50.4774
    6696      52.7241
    6697      56.3708
    6698      53.6503
    6699      55.6442
    6700      54.5176
    6701      54.2698
    6702      51.6861
    6703      54.1636
    6704      56.2015
    6705      56.1844
    6706      53.1994
    6707      47.7861
    6708      47.9299
    6709      49.3054
    6710      51.0798
    6711      50.9384
    6712      48.9689
    6713      47.7217
    6714      47.3661
    6715      51.1568
    6716      53.3816
    6717      54.3346
    6718      53.2833
    6719      55.5922
    6720      57.7075
    6721      56.6527
    6722      51.9002
    6723      52.3839
    6724      55.5215
    6725      54.0480
    6726      57.0160
    6727      52.7914
    6728      53.1523
    6729      49.2932
    6730      49.8789
    6731      51.1475
    6732      54.3032
    6733      58.5913
    6734      57.6741
    6735      60.5968
    6736      63.9801
    6737      63.1942
    6738      58.9204
    6739      57.1444
    6740      57.9250
    6741      57.6764
    6742      58.3804
    6743      50.6481
    6744      53.7404
    6745      54.8747
    6746      55.1137
    6747      55.5279
    6748      56.7404
    6749      60.0278
    6750      63.8591
    6751      67.5932
    6752      67.0685
    6753      60.8938
    6754      61.6125
    6755      62.5807
    6756      58.2388
    6757      54.6346
    6758      51.4537
    6759      51.7248
    6760      49.1225
    6761      48.2614
    6762      48.5352
    6763      49.7037
    6764      48.5750
    6765      46.8715
    6766      48.5731
    6767      47.2481
    6768      49.7382
    6769      50.5376
    6770      52.0603
    6771      51.7509
    6772      49.5889
    6773      47.5288
    6774      50.5636
    6775      49.6150
    6776      47.9834
    6777      49.4149
    6778      49.0487
    6779      52.3892
    6780      56.8467
    6781      59.4253
    6782      57.6400
    6783      58.8748
    6784      60.4274
    6785      57.7051
    6786      55.9864
    6787      52.8154
    6788      52.6466
    6789      55.7618
    6790      61.1711
    6791      60.6056
    6792      57.9065
    6793      56.7106
    6794      57.9251
    6795      58.5802
    6796      57.9702
    6797      51.7713
    6798      53.7853
    6799      55.9875
    6800      58.0829
    6801      60.9362
    6802      63.3843
    6803      65.0209
    6804      57.2861
    6805      53.7828
    6806      50.2912
    6807      47.6068
    6808      51.4831
    6809      47.8805
    6810      47.8950
    6811      49.2198
    6812      51.0921
    6813      53.1579
    6814      55.0726
    6815      56.2793
    6816      53.8238
    6817      52.0884
    6818      54.2515
    6819      54.8171
    6820      55.4663
    6821      54.0274
    6822      51.6227
    6823      51.0853
    6824      53.3224
    6825      50.5387
    6826      47.7671
    6827      47.2110
    6828      49.6995
    6829      51.7524
    6830      54.3148
    6831      54.4886
    6832      51.8703
    6833      54.8816
    6834      49.1965
    6835      50.4212
    6836      50.5094
    6837      49.7071
    6838      53.4727
    6839      56.7526
    6840      56.2670
    6841      61.4689
    6842      58.8559
    6843      55.5655
    6844      56.1468
    6845      58.7125
    6846      59.3801
    6847      57.4571
    6848      51.6533
    6849      54.1919
    6850      57.7134
    6851      51.7161
    6852      49.5226
    6853      49.6101
    6854      50.6536
    6855      52.5461
    6856      54.4877
    6857      57.2233
    6858      63.6257
    6859      64.5616
    6860      65.4726
    6861      58.2631
    6862      56.8819
    6863      51.9866
    6864      47.8097
    6865      49.3146
    6866      51.9803
    6867      49.2619
    6868      48.2431
    6869      43.7271
    6870      45.1466
    6871      43.0685
    6872      48.8528
    6873      51.0897
    6874      49.3323
    6875      52.7704
    6876      59.5266
    6877      56.5447
    6878      57.4695
    6879      58.0686
    6880      55.8341
    6881      60.4808
    6882      59.3027
    6883      59.4312
    6884      57.6805
    6885      59.5069
    6886      61.4571
    6887      61.9183
    6888      59.2075
    6889      61.3352
    6890      62.1039
    6891      59.9290
    6892      59.6994
    6893      58.4989
    6894      56.8238
    6895      55.5393
    6896      50.6594
    6897      47.2138
    6898      49.5652
    6899      51.1168
    6900      55.5026
    6901      47.4179
    6902      49.4718
    6903      57.3337
    6904      57.8335
    6905      61.5199
    6906      56.5180
    6907      56.2058
    6908      51.4741
    6909      53.1820
    6910      50.9810
    6911      55.7935
    6912      60.7699
    6913      61.2033
    6914      54.4660
    6915      54.6999
    6916      46.9184
    6917      45.5209
    6918      50.0568
    6919      52.5465
    6920      51.7875
    6921      52.1361
    6922      50.8427
    6923      46.6271
    6924      46.7469
    6925      47.0569
    6926      50.8993
    6927      52.0953
    6928      50.0519
    6929      50.7225
    6930      51.2924
    6931      54.0291
    6932      53.7217
    6933      54.8983
    6934      56.3466
    6935      51.9501
    6936      50.7321
    6937      44.8308
    6938      46.8602
    6939      46.7942
    6940      48.8803
    6941      47.2575
    6942      45.8624
    6943      47.8442
    6944      45.0552
    6945      46.9410
    6946      47.9046
    6947      43.3279
    6948      44.8947
    6949      45.4526
    6950      46.2349
    6951      46.4097
    6952      48.7319
    6953      46.1665
    6954      47.8140
    6955      44.6204
    6956      48.5392
    6957      46.8989
    6958      46.9351
    6959      46.4997
    6960      48.8478
    6961      45.7068
    6962      44.8449
    6963      47.2868
    6964      46.7238
    6965      48.9134
    6966      49.6575
    6967      49.9271
    6968      47.7012
    6969      50.9023
    6970      51.7307
    6971      50.5489
    6972      51.7694
    6973      49.5282
    6974      53.8537
    6975      53.2159
    6976      47.7194
    6977      54.0848
    6978      56.8208
    6979      54.1407
    6980      54.1568
    6981      49.0145
    6982      48.2372
    6983      49.6513
    6984      50.3776
    6985      56.6218
    6986      51.8746
    6987      50.8314
    6988      52.5236
    6989      51.0100
    6990      51.9070
    6991      49.7086
    6992      49.6143
    6993      56.1440
    6994      52.8507
    6995      55.4854
    6996      54.5854
    6997      53.8608
    6998      51.4514
    6999      53.9143
    7000      56.3562
    7001      52.8916
    7002      51.5058
    7003      52.6414
    7004      53.3067
    7005      54.8158
    7006      60.6076
    7007      63.0344
    7008      56.2522
    7009      53.2271
    7010      50.3149
    7011      49.1559
    7012      54.5600
    7013      51.7059
    7014      50.5826
    7015      49.7912
    7016      47.2169
    7017      48.9689
    7018      54.3566
    7019      54.9286
    7020      54.2262
    7021      53.7655
    7022      56.9951
    7023      60.6431
    7024      57.6188
    7025      62.7172
    7026      61.4837
    7027      58.2540
    7028      57.0100
    7029      57.3205
    7030      54.8390
    7031      53.9556
    7032      53.1518
    7033      55.1563
    7034      58.2455
    7035      53.2755
    7036      53.0081
    7037      50.1264
    7038      55.2670
    7039      57.0287
    7040      56.8787
    7041      54.8101
    7042      51.0716
    7043      53.4278
    7044      50.8097
    7045      55.8549
    7046      58.0578
    7047      56.6871
    7048      60.7630
    7049      62.4358
    7050      63.6913
    7051      58.9917
    7052      57.3594
    7053      55.0546
    7054      55.2118
    7055      54.6392
    7056      51.8306
    7057      54.7423
    7058      55.6708
    7059      52.4500
    7060      58.2866
    7061      58.7407
    7062      56.5744
    7063      63.7029
    7064      62.3945
    7065      63.5508
    7066      63.3454
    7067      68.3319
    7068      72.9241
    7069      73.7266
    7070      72.4501
    7071      68.0579
    7072      68.9781
    7073      66.8824
    7074      71.5116
    7075      77.8883
    7076      71.2153
    7077      71.1373
    7078      72.0459
    7079      75.2009
    7080      73.3647
    7081      70.9519
    7082      66.3298
    7083      60.3204
    7084      56.1117
    7085      57.1844
    7086      52.2930
    7087      53.5140
    7088      56.1480
    7089      55.6660
    7090      51.0209
    7091      47.1039
    7092      48.7472
    7093      47.9403
    7094      47.4409
    7095      50.0063
    7096      48.0450
    7097      48.1068
    7098      45.5570
    7099      44.6453
    7100      45.7221
    7101      46.5526
    7102      46.0498
    7103      45.4052
    7104      50.0283
    7105      51.5532
    7106      52.6193
    7107      47.4793
    7108      48.2167
    7109      52.7730
    7110      53.7637
    7111      50.1016
    7112      46.0079
    7113      44.6889
    7114      47.8655
    7115      48.3934
    7116      51.3404
    7117      51.1315
    7118      50.6983
    7119      46.5799
    7120      44.5280
    7121      45.5392
    7122      47.7802
    7123      41.8903
    7124      41.9703
    7125      44.9987
    7126      50.0439
    7127      52.0490
    7128      57.1623
    7129      54.9265
    7130      54.7149
    7131      51.4233
    7132      49.0197
    7133      48.5529
    7134      44.3312
    7135      42.5300
    7136      46.3841
    7137      47.5046
    7138      46.7703
    7139      50.6472
    7140      48.0270
    7141      47.4867
    7142      46.2382
    7143      48.9437
    7144      50.8838
    7145      46.3531
    7146      46.1138
    7147      46.3739
    7148      43.7223
    7149      45.4714
    7150      49.7817
    7151      50.1803
    7152      45.8058
    7153      50.0188
    7154      48.9633
    7155      50.8301
    7156      49.1767
    7157      44.1885
    7158      46.3182
    7159      46.5077
    7160      48.3748
    7161      52.0330
    7162      57.6683
    7163      64.9028
    7164      66.2094
    7165      62.6890
    7166      57.4192
    7167      56.7929
    7168      54.7098
    7169      49.3135
    7170      45.3672
    7171      48.3440
    7172      48.0580
    7173      44.8765
    7174      49.6172
    7175      48.6455
    7176      48.1422
    7177      54.4862
    7178      51.6126
    7179      53.1074
    7180      53.2417
    7181      51.3489
    7182      47.0710
    7183      48.5161
    7184      49.6926
    7185      47.8665
    7186      48.2157
    7187      45.7897
    7188      42.6823
    7189      46.2198
    7190      46.6777
    7191      44.3380
    7192      45.0346
    7193      48.6315
    7194      53.2759
    7195      52.1581
    7196      53.5814
    7197      52.3909
    7198      48.5050
    7199      46.4438
    7200      47.8215
    7201      50.2522
    7202      51.7874
    7203      48.0320
    7204      48.0149
    7205      48.7637
    7206      42.2269
    7207      41.8236
    7208      44.8403
    7209      48.6908
    7210      51.4521
    7211      55.8593
    7212      55.3952
    7213      57.3674
    7214      54.9706
    7215      53.7046
    7216      52.9500
    7217      53.1812
    7218      48.3397
    7219      49.7721
    7220      52.7092
    7221      48.9201
    7222      46.8374
    7223      48.0782
    7224      46.5629
    7225      50.0734
    7226      48.1187
    7227      50.8162
    7228      51.2829
    7229      52.4123
    7230      52.8160
    7231      53.5235
    7232      53.5114
    7233      58.1348
    7234      58.7054
    7235      55.9954
    7236      57.9475
    7237      57.1312
    7238      52.0675
    7239      50.0728
    7240      53.0605
    7241      56.0457
    7242      52.3309
    7243      52.3165
    7244      53.2968
    7245      59.6669
    7246      60.4376
    7247      68.0925
    7248      68.7141
    7249      64.9555
    7250      61.4453
    7251      57.0415
    7252      61.7362
    7253      61.4868
    7254      58.2697
    7255      60.2951
    7256      64.8865
    7257      64.0021
    7258      62.5600
    7259      59.5993
    7260      61.9355
    7261      67.7199
    7262      65.8715
    7263      59.3825
    7264      56.6627
    7265      53.5425
    7266      54.9865
    7267      60.2632
    7268      57.5999
    7269      55.8302
    7270      55.8699
    7271      55.9998
    7272      55.0967
    7273      55.0118
    7274      54.7292
    7275      54.7035
    7276      53.1693
    7277      54.6060
    7278      55.8504
    7279      55.9879
    7280      53.8984
    7281      53.6574
    7282      54.6408
    7283      55.9109
    7284      58.5635
    7285      55.4641
    7286      48.2460
    7287      52.4183
    7288      56.8197
    7289      49.8921
    7290      49.6207
    7291      51.5241
    7292      51.7780
    7293      52.9306
    7294      53.3056
    7295      52.0172
    7296      49.5458
    7297      49.4127
    7298      48.9298
    7299      53.9715
    7300      51.6094
    7301      49.3985
    7302      50.9487
    7303      47.5923
    7304      49.5853
    7305      48.7500
    7306      49.5996
    7307      53.9010
    7308      50.3311
    7309      52.2406
    7310      54.2529
    7311      52.0609
    7312      58.7433
    7313      55.7623
    7314      55.7162
    7315      60.7549
    7316      56.7324
    7317      56.7764
    7318      57.7964
    7319      59.8285
    7320      59.7345
    7321      61.9089
    7322      61.2897
    7323      61.9556
    7324      61.7594
    7325      59.5012
    7326      58.4677
    7327      63.0089
    7328      60.2825
    7329      62.5479
    7330      58.9015
    7331      58.5397
    7332      60.4044
    7333      56.5812
    7334      54.8254
    7335      52.6335
    7336      49.1901
    7337      46.3660
    7338      48.8239
    7339      46.5076
    7340      43.1692
    7341      47.8720
    7342      49.3253
    7343      46.5472
    7344      49.6822
    7345      49.7776
    7346      50.3988
    7347      51.6424
    7348      49.1781
    7349      45.5438
    7350      45.1758
    7351      47.9616
    7352      53.0885
    7353      50.2026
    7354      47.7944
    7355      49.9824
    7356      48.7971
    7357      49.1444
    7358      51.0392
    7359      51.6675
    7360      50.0227
    7361      47.0102
    7362      50.8526
    7363      46.4292
    7364      47.5204
    7365      46.2171
    7366      44.0785
    7367      47.5632
    7368      48.5154
    7369      46.8604
    7370      47.3686
    7371      47.9941
    7372      54.3221
    7373      49.6706
    7374      48.3590
    7375      49.8283
    7376      50.5803
    7377      47.3923
    7378      51.3304
    7379      48.4123
    7380      52.5382
    7381      50.7424
    7382      52.8017
    7383      54.0752
    7384      51.2455
    7385      51.3968
    7386      54.0036
    7387      59.2988
    7388      58.4807
    7389      58.6299
    7390      58.9850
    7391      59.5877
    7392      57.2416
    7393      54.5885
    7394      53.4468
    7395      51.5509
    7396      55.7301
    7397      55.3595
    7398      53.1588
    7399      55.5926
    7400      50.2704
    7401      54.3990
    7402      51.3218
    7403      50.5169
    7404      49.0798
    7405      45.3633
    7406      46.7301
    7407      46.7497
    7408      49.2302
    7409      51.0322
    7410      52.4211
    7411      51.4073
    7412      52.6407
    7413      47.6749
    7414      48.0319
    7415      47.3572
    7416      45.3861
    7417      46.2009
    7418      46.7883
    7419      45.9003
    7420      47.1858
    7421      50.1435
    7422      47.0640
    7423      46.1528
    7424      46.6808
    7425      47.0964
    7426      45.9320
    7427      48.0514
    7428      49.9138
    7429      47.4834
    7430      46.8922
    7431      50.8898
    7432      50.0852
    7433      46.8593
    7434      49.6785
    7435      51.1961
    7436      50.9997
    7437      44.3204
    7438      44.9957
    7439      45.4257
    7440      44.5714
    7441      47.0561
    7442      46.7284
    7443      51.2554
    7444      47.3785
    7445      47.6351
    7446      47.3987
    7447      47.2749
    7448      47.4855
    7449      47.5576
    7450      46.6229
    7451      46.4949
    7452      48.0096
    7453      45.3574
    7454      45.6264
    7455      49.9808
    7456      50.0250
    7457      51.2802
    7458      50.3646
    7459      51.9066
    7460      50.2314
    7461      48.4955
    7462      51.6922
    7463      48.3850
    7464      50.3751
    7465      44.2105
    7466      46.8270
    7467      47.7411
    7468      44.0352
    7469      42.8145
    7470      43.0557
    7471      44.5088
    7472      45.4331
    7473      42.0876
    7474      43.8725
    7475      46.8828
    7476      47.5089
    7477      44.5991
    7478      51.4388
    7479      50.9865
    7480      49.6653
    7481      50.6970
    7482      56.5286
    7483      57.1695
    7484      57.5006
    7485      55.2892
    7486      53.2347
    7487      52.8966
    7488      50.3058
    7489      47.9621
    7490      49.3606
    7491      50.4822
    7492      55.5030
    7493      56.7513
    7494      53.1275
    7495      50.8331
    7496      48.8423
    7497      47.4783
    7498      47.5107
    7499      46.6420
    7500      49.7691
    7501      49.0175
    7502      48.7319
    7503      50.6804
    7504      49.5193
    7505      53.8753
    7506      52.6039
    7507      52.8683
    7508      49.4646
    7509      48.7421
    7510      45.0632
    7511      49.2605
    7512      48.6638
    7513      49.7642
    7514      50.0410
    7515      45.5991
    7516      47.5250
    7517      49.1432
    7518      48.8193
    7519      48.1008
    7520      49.4528
    7521      51.0019
    7522      48.2124
    7523      47.5786
    7524      48.8339
    7525      50.0481
    7526      51.5551
    7527      50.9463
    7528      53.8362
    7529      50.5751
    7530      50.7729
    7531      50.3123
    7532      50.0296
    7533      53.5782
    7534      50.8679
    7535      50.0222
    7536      48.9358
    7537      49.4416
    7538      43.3423
    7539      45.7312
    7540      46.4095
    7541      46.1893
    7542      48.2957
    7543      51.1182
    7544      52.3896
    7545      47.6810
    7546      45.9026
    7547      48.6647
    7548      43.5693
    7549      43.8086
    7550      44.9837
    7551      51.7109
    7552      52.0419
    7553      48.1319
    7554      46.6453
    7555      54.9661
    7556      51.9575
    7557      53.8560
    7558      56.3626
    7559      49.8731
    7560      48.6004
    7561      50.5565
    7562      50.0831
    7563      45.0465
    7564      43.9902
    7565      47.5368
    7566      51.2883
    7567      55.0763
    7568      56.1718
    7569      53.1815
    7570      55.9395
    7571      52.1856
    7572      57.4241
    7573      55.2683
    7574      53.0628
    7575      50.8672
    7576      52.4204
    7577      51.8556
    7578      53.9873
    7579      50.5226
    7580      48.7851
    7581      47.6362
    7582      52.0191
    7583      50.9563
    7584      50.9663
    7585      52.0139
    7586      48.3954
    7587      46.7733
    7588      50.2288
    7589      49.0224
    7590      50.3694
    7591      48.8465
    7592      48.2216
    7593      49.2280
    7594      47.7342
    7595      51.1215
    7596      50.5375
    7597      46.4776
    7598      42.3278
    7599      45.1553
    7600      41.9022
    7601      45.5522
    7602      42.9908
    7603      39.8823
    7604      39.6700
    7605      41.0683
    7606      43.1030
    7607      46.9170
    7608      49.9200
    7609      50.9315
    7610      50.5832
    7611      52.9564
    7612      51.2136
    7613      52.8505
    7614      52.6110
    7615      55.2639
    7616      55.3044
    7617      51.9292
    7618      54.7403
    7619      52.9200
    7620      52.8017
    7621      51.2634
    7622      51.1012
    7623      52.4482
    7624      47.2165
    7625      48.6874
    7626      52.1218
    7627      48.0874
    7628      46.0373
    7629      47.7041
    7630      50.2227
    7631      50.0422
    7632      49.3801
    7633      52.6582
    7634      54.7797
    7635      53.6918
    7636      55.6125
    7637      56.7253
    7638      53.6274
    7639      49.8201
    7640      48.6398
    7641      51.2881
    7642      51.6525
    7643      54.3172
    7644      50.2466
    7645      47.0579
    7646      48.7532
    7647      47.9832
    7648      49.4305
    7649      48.9541
    7650      50.5738
    7651      46.4377
    7652      48.0437
    7653      43.1599
    7654      43.0361
    7655      44.7805
    7656      48.9892
    7657      44.4734
    7658      45.3698
    7659      40.3951
    7660      44.9863
    7661      45.7816
    7662      46.8268
    7663      46.4726
    7664      47.8525
    7665      44.3299
    7666      48.1220
    7667      43.6196
    7668      42.4022
    7669      45.7721
    7670      44.4329
    7671      44.0361
    7672      45.1843
    7673      44.5671
    7674      45.5957
    7675      48.9945
    7676      50.4901
    7677      50.9728
    7678      45.9340
    7679      47.9853
    7680      43.9856
    7681      46.1967
    7682      47.0218
    7683      51.3696
    7684      52.5443
    7685      50.4428
    7686      51.8573
    7687      43.5738
    7688      51.6192
    7689      51.1142
    7690      52.8948
    7691      52.7855
    7692      48.5637
    7693      49.3170
    7694      49.2676
    7695      51.2059
    7696      47.2636
    7697      44.6173
    7698      47.1217
    7699      50.5097
    7700      48.9260
    7701      51.5077
    7702      51.3247
    7703      55.9061
    7704      52.5954
    7705      53.7513
    7706      54.2949
    7707      50.3555
    7708      47.6975
    7709      47.4709
    7710      52.5719
    7711      49.3396
    7712      50.1370
    7713      51.6586
    7714      51.5557
    7715      54.8396
    7716      58.9056
    7717      59.2216
    7718      60.4722
    7719      55.2339
    7720      55.1127
    7721      55.2047
    7722      54.0353
    7723      52.0940
    7724      54.7970
    7725      60.0732
    7726      61.4501
    7727      60.3866
    7728      58.2151
    7729      56.0306
    7730      57.5676
    7731      55.9752
    7732      54.1767
    7733      52.5837
    7734      56.0976
    7735      58.2718
    7736      54.4674
    7737      55.0642
    7738      53.8971
    7739      49.5922
    7740      53.5810
    7741      51.8783
    7742      54.1265
    7743      59.0601
    7744      55.1777
    7745      48.8435
    7746      49.7655
    7747      52.3056
    7748      51.8949
    7749      45.9826
    7750      47.9508
    7751      47.6454
    7752      48.0928
    7753      51.3737
    7754      53.2942
    7755      47.9755
    7756      48.5258
    7757      49.6322
    7758      52.9039
    7759      52.9765
    7760      50.1444
    7761      50.1526
    7762      49.9835
    7763      54.7162
    7764      50.7473
    7765      51.5634
    7766      56.1396
    7767      49.6178
    7768      52.9213
    7769      51.6187
    7770      53.2113
    7771      48.1601
    7772      50.4418
    7773      44.8398
    7774      48.7710
    7775      52.8095
    7776      52.2526
    7777      53.1547
    7778      55.8740
    7779      52.5860
    7780      51.8727
    7781      53.0132
    7782      49.1797
    7783      50.5137
    7784      52.8616
    7785      51.7280
    7786      50.2276
    7787      53.8595
    7788      47.2909
    7789      43.2027
    7790      42.4069
    7791      43.8121
    7792      46.3051
    7793      48.7308
    7794      48.5280
    7795      49.6400
    7796      46.7625
    7797      49.9897
    7798      49.6992
    7799      49.4008
    7800      51.0777
    7801      46.0799
    7802      48.2680
    7803      48.3750
    7804      49.7009
    7805      50.9564
    7806      50.3280
    7807      47.8621
    7808      52.4000
    7809      53.3531
    7810      46.8633
    7811      43.9919
    7812      47.2583
    7813      46.5168
    7814      49.1110
    7815      51.7957
    7816      49.4317
    7817      50.4881
    7818      52.8618
    7819      53.6018
    7820      55.7109
    7821      58.1189
    7822      61.1807
    7823      58.9811
    7824      58.4359
    7825      62.7769
    7826      55.4775
    7827      58.1780
    7828      58.2819
    7829      60.6471
    7830      62.2861
    7831      64.4533
    7832      67.8761
    7833      67.1103
    7834      69.4969
    7835      70.8128
    7836      69.9290
    7837      70.0444
    7838      70.1788
    7839      68.6103
    7840      68.0021
    7841      68.7768
    7842      73.5728
    7843      71.8928
    7844      71.4115
    7845      69.3538
    7846      63.1987
    7847      62.4952
    7848      63.3471
    7849      61.0261
    7850      54.7322
    7851      57.3892
    7852      58.5532
    7853      53.7644
    7854      58.0554
    7855      62.3167
    7856      61.1062
    7857      62.3035
    7858      62.7289
    7859      62.8551
    7860      60.9980
    7861      66.2556
    7862      58.9190
    7863      59.0412
    7864      58.4724
    7865      59.0676
    7866      61.0405
    7867      59.5326
    7868      61.9809
    7869      61.9179
    7870      63.2928
    7871      61.2503
    7872      60.4317
    7873      62.2317
    7874      60.3331
    7875      58.5822
    7876      58.7113
    7877      58.3986
    7878      58.1107
    7879      60.1689
    7880      57.5962
    7881      54.5376
    7882      52.0413
    7883      53.4455
    7884      56.4995
    7885      53.6427
    7886      50.4388
    7887      44.0493
    7888      42.9425
    7889      46.2349
    7890      45.0784
    7891      40.5919
    7892      41.4055
    7893      40.8083
    7894      41.9880
    7895      42.3439
    7896      46.6430
    7897      47.3598
    7898      46.8313
    7899      46.5331
    7900      49.3269
    7901      45.6895
    7902      49.8764
    7903      53.7599
    7904      52.4682
    7905      52.5769
    7906      53.6103
    7907      51.0784
    7908      56.3346
    7909      56.6570
    7910      52.3802
    7911      52.7157
    7912      52.7823
    7913      50.0480
    7914      48.9274
    7915      45.3913
    7916      47.1064
    7917      44.0684
    7918      44.8878
    7919      45.0583
    7920      44.3746
    7921      46.9852
    7922      46.6006
    7923      44.2093
    7924      40.6364
    7925      44.5755
    7926      49.2230
    7927      56.5612
    7928      57.7342
    7929      52.9604
    7930      52.8613
    7931      49.1974
    7932      50.2310
    7933      50.1904
    7934      50.1153
    7935      50.6065
    7936      53.4619
    7937      53.6038
    7938      55.5694
    7939      52.1782
    7940      52.1918
    7941      50.2722
    7942      51.7729
    7943      52.1567
    7944      55.6622
    7945      53.8665
    7946      55.3680
    7947      56.1434
    7948      52.1572
    7949      56.1476
    7950      55.4121
    7951      53.6119
    7952      59.3686
    7953      59.9987
    7954      59.2303
    7955      60.2544
    7956      55.6831
    7957      52.4976
    7958      53.7220
    7959      49.7922
    7960      51.7672
    7961      52.2797
    7962      50.0223
    7963      50.6545
    7964      55.8092
    7965      57.6240
    7966      56.7804
    7967      54.3273
    7968      55.9591
    7969      56.3712
    7970      54.9593
    7971      58.1374
    7972      62.8590
    7973      56.1106
    7974      55.6887
    7975      52.8970
    7976      49.1461
    7977      55.5020
    7978      57.3940
    7979      56.6528
    7980      53.8633
    7981      52.6959
    7982      49.3649
    7983      52.0767
    7984      49.8617
    7985      49.4945
    7986      49.3885
    7987      53.2784
    7988      50.2070
    7989      48.4601
    7990      50.1267
    7991      55.2634
    7992      54.4067
    7993      53.5180
    7994      52.5645
    7995      55.5449
    7996      52.9535
    7997      55.5045
    7998      54.6836
    7999      53.1227
    8000      54.7951
    8001      58.9091
    8002      55.3982
    8003      53.9320
    8004      51.4732
    8005      55.1477
    8006      55.8876
    8007      53.6864
    8008      53.9517
    8009      52.4239
    8010      50.3947
    8011      52.0372
    8012      49.0516
    8013      52.9295
    8014      50.0920
    8015      48.8305
    8016      44.4087
    8017      45.9623
    8018      43.7607
    8019      44.1669
    8020      47.2530
    8021      45.9928
    8022      46.6113
    8023      49.3899
    8024      44.0095
    8025      46.0630
    8026      49.9003
    8027      49.5235
    8028      54.2004
    8029      47.9829
    8030      48.9461
    8031      52.3512
    8032      55.8221
    8033      58.1499
    8034      59.4280
    8035      57.4507
    8036      60.1294
    8037      61.1261
    8038      57.8532
    8039      62.2327
    8040      62.8063
    8041      62.3494
    8042      61.7858
    8043      64.1175
    8044      68.8365
    8045      69.5802
    8046      67.5919
    8047      65.5367
    8048      65.9808
    8049      64.1697
    8050      66.4620
    8051      64.3472
    8052      63.2186
    8053      61.5750
    8054      62.5068
    8055      65.2260
    8056      62.9116
    8057      64.5051
    8058      62.8523
    8059      61.0674
    8060      67.6273
    8061      68.0548
    8062      66.3465
    8063      64.1979
    8064      62.7323
    8065      64.9101
    8066      65.7880
    8067      63.0061
    8068      59.9593
    8069      56.6943
    8070      56.7225
    8071      55.2131
    8072      54.4258
    8073      58.7995
    8074      63.1448
    8075      58.7841
    8076      57.9095
    8077      59.4637
    8078      55.4209
    8079      56.6899
    8080      56.3084
    8081      51.2185
    8082      56.1007
    8083      52.1816
    8084      46.0344
    8085      49.6570
    8086      49.6079
    8087      51.2012
    8088      52.1836
    8089      48.8230
    8090      49.6612
    8091      50.4674
    8092      46.1746
    8093      52.6424
    8094      50.5466
    8095      44.8904
    8096      48.9000
    8097      51.2654
    8098      51.8898
    8099      51.0181
    8100      48.2262
    8101      47.4348
    8102      41.8975
    8103      45.7400
    8104      47.9977
    8105      45.8688
    8106      50.5082
    8107      50.0536
    8108      47.8562
    8109      51.3989
    8110      52.6494
    8111      47.7309
    8112      45.4378
    8113      48.7571
    8114      49.5086
    8115      46.0664
    8116      48.8765
    8117      49.7153
    8118      52.3287
    8119      48.3658
    8120      48.9133
    8121      50.6479
    8122      55.7178
    8123      49.7075
    8124      46.6918
    8125      46.9982
    8126      48.0608
    8127      47.4564
    8128      44.1406
    8129      48.3793
    8130      48.1004
    8131      49.2995
    8132      53.6005
    8133      50.8345
    8134      50.6920
    8135      50.5735
    8136      52.1324
    8137      51.6405
    8138      50.9132
    8139      52.4328
    8140      55.0758
    8141      52.7534
    8142      50.4584
    8143      53.1750
    8144      54.8219
    8145      51.7562
    8146      54.5045
    8147      52.7431
    8148      51.4033
    8149      52.9836
    8150      50.3291
    8151      52.5562
    8152      53.5610
    8153      49.4617
    8154      47.1613
    8155      51.9414
    8156      52.0680
    8157      51.5606
    8158      48.3349
    8159      48.8840
    8160      46.4319
    8161      52.0715
    8162      53.1597
    8163      58.9924
    8164      60.6029
    8165      59.9521
    8166      61.2700
    8167      62.5418
    8168      57.6988
    8169      52.9869
    8170      52.2112
    8171      54.0118
    8172      55.5586
    8173      55.1577
    8174      53.3827
    8175      54.2597
    8176      55.4316
    8177      54.7125
    8178      53.5239
    8179      55.1262
    8180      53.3800
    8181      53.1416
    8182      54.9266
    8183      46.7467
    8184      46.3644
    8185      49.3080
    8186      48.4267
    8187      48.1721
    8188      45.2280
    8189      49.8125
    8190      50.7530
    8191      48.0981
    8192      49.2685
    8193      47.5338
    8194      50.8488
    8195      52.4871
    8196      49.9163
    8197      52.0877
    8198      50.1939
    8199      50.6776
    8200      46.2173
    8201      50.3842
    8202      50.0955
    8203      45.3021
    8204      49.9893
    8205      50.4820
    8206      48.1073
    8207      46.0416
    8208      48.0906
    8209      47.2727
    8210      46.2956
    8211      48.3253
    8212      45.3086
    8213      44.5742
    8214      44.8459
    8215      44.4313
    8216      47.3151
    8217      46.7197
    8218      49.5460
    8219      53.0167
    8220      51.3023
    8221      46.5505
    8222      51.5620
    8223      55.7533
    8224      53.9888
    8225      51.8932
    8226      51.3198
    8227      49.5162
    8228      51.8718
    8229      54.1903
    8230      57.5039
    8231      51.7826
    8232      55.3454
    8233      53.1601
    8234      52.3211
    8235      54.5657
    8236      55.8237
    8237      56.9489
    8238      54.5552
    8239      50.4965
    8240      52.0635
    8241      49.8312
    8242      49.0618
    8243      49.4343
    8244      48.2188
    8245      51.3456
    8246      52.0441
    8247      53.9446
    8248      57.5545
    8249      57.6413
    8250      55.5254
    8251      56.0419
    8252      54.3219
    8253      51.3685
    8254      47.7333
    8255      49.2494
    8256      51.8279
    8257      54.7792
    8258      56.9417
    8259      57.1733
    8260      56.0206
    8261      54.8459
    8262      53.6873
    8263      49.4022
    8264      49.2599
    8265      49.4960
    8266      48.7343
    8267      47.5147
    8268      45.0273
    8269      40.9156
    8270      48.0037
    8271      51.7985
    8272      44.1006
    8273      43.1195
    8274      46.2482
    8275      44.3061
    8276      46.3975
    8277      48.0247
    8278      49.0854
    8279      44.7941
    8280      45.2404
    8281      46.6646
    8282      44.1985
    8283      42.6432
    8284      44.6108
    8285      48.6605
    8286      49.6546
    8287      52.6478
    8288      51.0694
    8289      55.4504
    8290      56.6937
    8291      55.5695
    8292      59.9155
    8293      58.5340
    8294      59.5420
    8295      49.8859
    8296      49.3789
    8297      49.2328
    8298      53.2128
    8299      52.3700
    8300      52.1349
    8301      56.4415
    8302      55.8432
    8303      56.8007
    8304      58.0498
    8305      55.8926
    8306      51.4750
    8307      54.3036
    8308      52.9988
    8309      53.5159
    8310      55.0206
    8311      56.0452
    8312      52.5408
    8313      53.6928
    8314      52.7046
    8315      57.5529
    8316      52.9997
    8317      51.9720
    8318      52.4916
    8319      55.2978
    8320      55.5822
    8321      54.4786
    8322      51.9827
    8323      51.9713
    8324      54.7295
    8325      52.3056
    8326      51.2515
    8327      51.1686
    8328      54.3349
    8329      54.3218
    8330      53.6340
    8331      50.1198
    8332      51.2541
    8333      50.2517
    8334      49.4812
    8335      49.9663
    8336      50.3362
    8337      52.0983
    8338      53.1755
    8339      51.2624
    8340      49.8725
    8341      50.2315
    8342      49.9751
    8343      52.3826
    8344      52.7115
    8345      50.4697
    8346      52.0939
    8347      55.7832
    8348      56.8654
    8349      55.0369
    8350      55.0567
    8351      57.2110
    8352      53.4194
    8353      54.8074
    8354      54.5015
    8355      49.3460
    8356      50.9597
    8357      47.3834
    8358      45.7965
    8359      49.2062
    8360      45.4771
    8361      44.7580
    8362      52.5971
    8363      53.8187
    8364      52.8488
    8365      46.8393
    8366      48.4144
    8367      46.6001
    8368      52.3530
    8369      51.3310
    8370      49.9434
    8371      51.2927
    8372      48.5669
    8373      49.5129
    8374      45.8982
    8375      48.8741
    8376      46.4272
    8377      47.1270
    8378      53.6859
    8379      56.3387
    8380      55.6875
    8381      50.8988
    8382      51.5894
    8383      52.6527
    8384      55.7765
    8385      56.5014
    8386      54.5913
    8387      60.4073
    8388      66.2844
    8389      70.3961
    8390      69.6026
    8391      65.6735
    8392      66.8708
    8393      65.2097
    8394      59.6733
    8395      57.8530
    8396      57.2375
    8397      49.0319
    8398      41.7041
    8399      47.5914
    8400      51.0100
    8401      46.7387
    8402      48.4567
    8403      51.2586
    8404      50.1416
    8405      47.3915
    8406      49.4195
    8407      49.9860
    8408      51.7017
    8409      57.4954
    8410      56.3243
    8411      51.8197
    8412      51.4698
    8413      49.7980
    8414      47.1814
    8415      53.1980
    8416      55.3400
    8417      51.4526
    8418      50.7650
    8419      46.5856
    8420      52.0044
    8421      54.6835
    8422      53.9955
    8423      51.0387
    8424      49.9729
    8425      54.8586
    8426      54.6121
    8427      54.4899
    8428      54.6876
    8429      56.7781
    8430      58.3102
    8431      57.5959
    8432      57.4801
    8433      54.3220
    8434      53.7518
    8435      54.9386
    8436      50.5629
    8437      53.3761
    8438      52.4559
    8439      51.6354
    8440      51.7628
    8441      52.6762
    8442      50.5740
    8443      44.9618
    8444      49.4506
    8445      50.5469
    8446      49.3346
    8447      52.5609
    8448      50.3766
    8449      48.2186
    8450      51.7236
    8451      53.8453
    8452      49.2435
    8453      43.7694
    8454      44.3420
    8455      45.9769
    8456      49.0740
    8457      53.9013
    8458      55.1905
    8459      51.9686
    8460      44.9825
    8461      45.8387
    8462      43.1837
    8463      47.1355
    8464      45.2979
    8465      48.5078
    8466      45.0562
    8467      44.1064
    8468      51.0941
    8469      53.6400
    8470      56.1868
    8471      56.2198
    8472      58.1735
    8473      50.9691
    8474      46.8307
    8475      51.5838
    8476      48.6970
    8477      51.2797
    8478      55.7628
    8479      53.3857
    8480      49.6202
    8481      53.7795
    8482      53.2040
    8483      53.5014
    8484      51.1312
    8485      52.8081
    8486      50.3735
    8487      49.4682
    8488      49.0470
    8489      50.6093
    8490      50.8284
    8491      48.9066
    8492      49.9576
    8493      52.4427
    8494      53.6420
    8495      51.7064
    8496      55.0173
    8497      50.9194
    8498      51.2453
    8499      52.0722
    8500      51.1778
    8501      53.3795
    8502      52.5554
    8503      51.0658
    8504      53.5204
    8505      55.3370
    8506      59.6055
    8507      57.6788
    8508      57.0515
    8509      52.6437
    8510      55.6124
    8511      57.9500
    8512      58.1706
    8513      58.2878
    8514      54.3886
    8515      52.6233
    8516      53.9656
    8517      52.1645
    8518      52.1047
    8519      45.7078
    8520      48.6454
    8521      47.2044
    8522      45.3731
    8523      49.2307
    8524      50.0713
    8525      50.7929
    8526      56.5688
    8527      58.3481
    8528      59.7114
    8529      58.2168
    8530      58.5364
    8531      59.9154
    8532      57.6657
    8533      58.1741
    8534      60.8181
    8535      58.1703
    8536      60.0520
    8537      55.9460
    8538      52.5307
    8539      52.5727
    8540      53.6114
    8541      54.7884
    8542      59.6463
    8543      58.6227
    8544      56.8244
    8545      57.8783
    8546      54.9220
    8547      51.9438
    8548      52.9199
    8549      52.8839
    8550      53.5842
    8551      53.2546
    8552      56.3535
    8553      59.4175
    8554      62.2028
    8555      59.3584
    8556      56.8176
    8557      62.0069
    8558      63.2240
    8559      60.2146
    8560      61.8968
    8561      67.4242
    8562      63.2630
    8563      62.6829
    8564      56.7227
    8565      53.0306
    8566      54.1840
    8567      55.7478
    8568      54.5338
    8569      56.2384
    8570      57.3327
    8571      57.2322
    8572      53.9821
    8573      56.7055
    8574      61.2823
    8575      63.4023
    8576      65.0391
    8577      60.3230
    8578      58.4097
    8579      53.1813
    8580      51.5589
    8581      57.2873
    8582      53.6122
    8583      51.4688
    8584      53.3624
    8585      53.2427
    8586      54.5108
    8587      54.6533
    8588      58.9742
    8589      56.0388
    8590      59.1537
    8591      58.2248
    8592      59.0386
    8593      59.6425
    8594      55.6900
    8595      59.0257
    8596      61.5552
    8597      60.5443
    8598      61.1276
    8599      59.6013
    8600      59.2946
    8601      60.4966
    8602      61.9109
    8603      66.3018
    8604      63.0811
    8605      63.6886
    8606      64.7476
    8607      69.2921
    8608      71.4685
    8609      67.8995
    8610      65.9929
    8611      67.1242
    8612      65.1575
    8613      60.8941
    8614      64.1140
    8615      63.2941
    8616      63.4641
    8617      60.0484
    8618      56.4585
    8619      59.7927
    8620      59.1180
    8621      60.7924
    8622      61.2905
    8623      58.2042
    8624      59.4025
    8625      63.8038
    8626      64.0658
    8627      61.4377
    8628      62.7836
    8629      62.5332
    8630      62.3709
    8631      64.5521
    8632      67.7272
    8633      62.6272
    8634      65.4853
    8635      65.0199
    8636      66.8226
    8637      67.8400
    8638      68.6178
    8639      68.0054
    8640      65.8077
    8641      62.6012
    8642      58.2411
    8643      62.1480
    8644      62.8631
    8645      56.7009
    8646      58.4397
    8647      56.1099
    8648      55.4479
    8649      52.6274
    8650      50.2775
    8651      49.7365
    8652      52.8367
    8653      47.4991
    8654      48.3528
    8655      47.7060
    8656      43.5070
    8657      49.3700
    8658      47.6699
    8659      48.6612
    8660      43.0774
    8661      43.0665
    8662      45.1718
    8663      43.4446
    8664      45.3469
    8665      44.9485
    8666      43.5461
    8667      47.7376
    8668      49.3192
    8669      50.4294
    8670      48.8993
    8671      49.9412
    8672      48.9134
    8673      55.4220
    8674      55.8701
    8675      50.0601
    8676      50.7292
    8677      49.3872
    8678      52.8374
    8679      51.6237
    8680      48.6994
    8681      48.8185
    8682      53.6454
    8683      50.7645
    8684      52.0689
    8685      52.1898
    8686      52.8248
    8687      56.5275
    8688      54.8291
    8689      53.4838
    8690      55.2516
    8691      52.9514
    8692      55.4830
    8693      54.5504
    8694      55.2423
    8695      54.8653
    8696      53.4393
    8697      52.4585
    8698      51.6416
    8699      53.2159
    8700      57.4598
    8701      62.7165
    8702      64.0714
    8703      64.2777
    8704      63.2268
    8705      62.7239
    8706      54.5714
    8707      55.0170
    8708      54.4705
    8709      54.4920
    8710      53.5614
    8711      55.8907
    8712      53.5389
    8713      52.8767
    8714      55.7905
    8715      56.3473
    8716      54.2767
    8717      55.7713
    8718      56.3741
    8719      56.4432
    8720      55.1481
    8721      56.8791
    8722      55.0371
    8723      57.0346
    8724      54.3537
    8725      51.3239
    8726      49.8419
    8727      52.0416
    8728      59.0541
    8729      50.7113
    8730      48.1613
    8731      51.9703
    8732      50.7926
    8733      51.0550
    8734      50.7073
    8735      50.6420
    8736      47.9156
    8737      50.2621
    8738      44.9656
    8739      46.2669
    8740      50.2937
    8741      53.9437
    8742      54.8951
    8743      55.3442
    8744      56.2119
    8745      57.3806
    8746      58.0643
    8747      56.3546
    8748      53.7859
    8749      50.8511
    8750      51.2235
    8751      49.8356
    8752      51.9499
    8753      48.6584
    8754      54.7358
    8755      49.5267
    8756      50.2285
    8757      53.9694
    8758      61.0578
    8759      60.5763
    8760      54.9701
    8761      52.6393
    8762      48.3419
    8763      50.3586
    8764      53.6405
    8765      56.6513
    8766      60.3884
    8767      55.6656
    8768      50.0045
    8769      49.4718
    8770      46.7274
    8771      46.4659
    8772      48.5050
    8773      47.3268
    8774      47.3001
    8775      49.5795
    8776      46.2570
    8777      44.2775
    8778      49.4875
    8779      52.3037
    8780      52.1741
    8781      52.0561
    8782      51.4174
    8783      46.2352
    8784      49.0664
    8785      49.1705
    8786      47.1575
    8787      46.5013
    8788      52.3832
    8789      55.3744
    8790      49.9980
    8791      52.1161
    8792      53.3316
    8793      45.7436
    8794      43.7837
    8795      43.7074
    8796      42.0015
    8797      45.8067
    8798      48.4404
    8799      46.1439
    8800      48.3098
    8801      46.3019
    8802      49.3281
    8803      46.0718
    8804      42.9928
    8805      44.0082
    8806      44.8121
    8807      46.8006
    8808      48.5717
    8809      46.6818
    8810      47.7155
    8811      42.7411
    8812      44.4400
    8813      49.3752
    8814      52.3062
    8815      55.1848
    8816      56.1004
    8817      60.9345
    8818      58.8069
    8819      61.6080
    8820      59.4613
    8821      61.7509
    8822      65.2485
    8823      63.2842
    8824      64.0961
    8825      60.0309
    8826      60.0907
    8827      61.5569
    8828      66.9022
    8829      67.2621
    8830      63.5896
    8831      64.6216
    8832      68.3908
    8833      65.7159
    8834      66.7846
    8835      58.3674
    8836      61.2450
    8837      66.9700
    8838      67.0577
    8839      67.1764
    8840      69.5938
    8841      69.2688
    8842      69.2112
    8843      67.5472
    8844      63.0370
    8845      58.3777
    8846      57.3924
    8847      57.6751
    8848      55.2049
    8849      53.5374
    8850      52.4820
    8851      48.9253
    8852      50.3836
    8853      54.4993
    8854      54.7057
    8855      53.7762
    8856      58.6997
    8857      60.2188
    8858      59.5730
    8859      57.0975
    8860      55.2934
    8861      53.4695
    8862      55.8228
    8863      58.3126
    8864      65.5849
    8865      66.9030
    8866      68.8685
    8867      69.5831
    8868      71.8762
    8869      71.5288
    8870      72.1914
    8871      76.1510
    8872      77.7229
    8873      72.4382
    8874      68.3885
    8875      64.0574
    8876      60.0980
    8877      58.3946
    8878      59.2468
    8879      56.6447
    8880      57.9665
    8881      60.9124
    8882      61.3205
    8883      59.7018
    8884      60.2817
    8885      69.2548
    8886      65.0545
    8887      60.5738
    8888      58.9510
    8889      54.4427
    8890      51.1067
    8891      56.0830
    8892      55.3794
    8893      55.1035
    8894      54.0236
    8895      52.8813
    8896      47.6780
    8897      50.3947
    8898      52.8980
    8899      54.4159
    8900      47.2142
    8901      50.6793
    8902      52.5186
    8903      48.0281
    8904      50.9799
    8905      52.7212
    8906      49.9508
    8907      51.6265
    8908      51.4656
    8909      47.2589
    8910      53.0772
    8911      55.1984
    8912      51.7723
    8913      49.7951
    8914      52.1513
    8915      54.2198
    8916      53.3611
    8917      51.9402
    8918      51.3337
    8919      49.2233
    8920      46.8433
    8921      46.5121
    8922      51.1007
    8923      49.8753
    8924      44.7150
    8925      50.7520
    8926      52.9086
    8927      53.8336
    8928      51.2093
    8929      49.4662
    8930      49.0262
    8931      47.9637
    8932      51.0452
    8933      49.7202
    8934      47.9207
    8935      48.3948
    8936      49.3024
    8937      48.5570
    8938      46.6109
    8939      47.2953
    8940      44.2290
    8941      45.2577
    8942      50.1541
    8943      48.5482
    8944      42.5898
    8945      46.6953
    8946      42.4893
    8947      44.7388
    8948      46.9293
    8949      47.1274
    8950      50.3547
    8951      50.4443
    8952      49.2050
    8953      42.8906
    8954      44.3064
    8955      47.2071
    8956      52.8403
    8957      48.6309
    8958      48.1636
    8959      49.6431
    8960      55.9896
    8961      55.9362
    8962      56.9297
    8963      59.5932
    8964      59.7632
    8965      50.3591
    8966      51.4319
    8967      49.5155
    8968      51.5700
    8969      53.6360
    8970      54.1486
    8971      52.9339
    8972      47.5538
    8973      46.5080
    8974      45.0187
    8975      46.1799
    8976      47.2483
    8977      49.2503
    8978      48.1646
    8979      50.6245
    8980      51.1433
    8981      51.4030
    8982      50.2119
    8983      50.4528
    8984      51.2497
    8985      54.2007
    8986      53.3911
    8987      56.4145
    8988      53.6056
    8989      51.2002
    8990      50.6528
    8991      47.3696
    8992      51.4847
    8993      51.3986
    8994      53.3325
    8995      49.7544
    8996      53.3060
    8997      53.1957
    8998      52.6118
    8999      54.1613
    9000      55.3781
    9001      56.5771
    9002      57.1175
    9003      53.3393
    9004      51.2754
    9005      48.8585
    9006      50.6835
    9007      56.3694
    9008      58.6648
    9009      58.5618
    9010      60.9407
    9011      48.9572
    9012      51.3260
    9013      52.7555
    9014      49.9975
    9015      54.5369
    9016      53.7759
    9017      56.0595
    9018      55.8262
    9019      57.6234
    9020      55.1354
    9021      55.9491
    9022      56.5849
    9023      61.5619
    9024      61.1161
    9025      53.7535
    9026      51.8651
    9027      50.5989
    9028      50.6463
    9029      50.7173
    9030      53.3208
    9031      54.2811
    9032      52.1657
    9033      54.8133
    9034      49.9184
    9035      54.3783
    9036      53.0630
    9037      57.3306
    9038      57.8593
    9039      55.4267
    9040      56.1128
    9041      53.8340
    9042      55.5517
    9043      53.3658
    9044      50.3729
    9045      48.3152
    9046      47.6635
    9047      44.4132
    9048      45.7825
    9049      42.5123
    9050      45.8744
    9051      48.8361
    9052      51.5824
    9053      52.1407
    9054      56.7805
    9055      59.4364
    9056      56.9213
    9057      57.1537
    9058      58.5770
    9059      62.1813
    9060      60.1877
    9061      60.9029
    9062      54.5696
    9063      53.1006
    9064      56.5633
    9065      64.5337
    9066      61.1188
    9067      59.8824
    9068      55.1643
    9069      53.9322
    9070      56.8674
    9071      55.4861
    9072      54.2443
    9073      58.0665
    9074      57.5578
    9075      58.2812
    9076      57.4572
    9077      51.2199
    9078      50.3456
    9079      52.5026
    9080      55.7635
    9081      54.8335
    9082      54.4370
    9083      58.2807
    9084      54.0733
    9085      55.9399
    9086      51.6632
    9087      53.0555
    9088      53.0596
    9089      52.6827
    9090      48.2144
    9091      50.0207
    9092      50.0470
    9093      51.5225
    9094      52.8999
    9095      54.2873
    9096      51.6227
    9097      51.4164
    9098      51.3955
    9099      48.3197
    9100      49.1656
    9101      47.6330
    9102      51.0865
    9103      53.5817
    9104      51.1656
    9105      48.5461
    9106      49.0274
    9107      49.1498
    9108      48.2646
    9109      49.4096
    9110      49.3478
    9111      55.7532
    9112      57.3418
    9113      55.0561
    9114      56.8403
    9115      55.1610
    9116      54.4448
    9117      54.8988
    9118      51.5232
    9119      50.9093
    9120      49.8010
    9121      51.1941
    9122      51.8230
    9123      52.4049
    9124      53.5522
    9125      53.2612
    9126      57.6304
    9127      58.3293
    9128      58.9948
    9129      61.6997
    9130      57.2491
    9131      54.8550
    9132      55.3512
    9133      52.8349
    9134      47.9589
    9135      49.3960
    9136      53.4027
    9137      52.4172
    9138      52.7069
    9139      49.2454
    9140      50.0527
    9141      47.4566
    9142      45.6170
    9143      47.9407
    9144      46.6760
    9145      47.9903
    9146      47.9241
    9147      46.2630
    9148      50.2747
    9149      51.7082
    9150      51.2700
    9151      49.1823
    9152      48.9022
    9153      51.5025
    9154      48.6414
    9155      50.9217
    9156      49.4796
    9157      59.2859
    9158      64.0725
    9159      63.9362
    9160      58.5246
    9161      59.0485
    9162      52.3818
    9163      54.9571
    9164      61.3067
    9165      60.4540
    9166      57.0695
    9167      57.7981
    9168      59.5928
    9169      64.9581
    9170      63.0629
    9171      62.4903
    9172      63.3666
    9173      62.7028
    9174      63.1733
    9175      58.1786
    9176      54.5978
    9177      56.5529
    9178      60.2242
    9179      61.1906
    9180      61.7575
    9181      57.9233
    9182      55.6575
    9183      56.5919
    9184      57.0137
    9185      53.2421
    9186      47.7419
    9187      48.4012
    9188      51.7610
    9189      49.8928
    9190      49.8226
    9191      50.8755
    9192      53.2940
    9193      53.2196
    9194      47.6983
    9195      49.5807
    9196      48.3082
    9197      45.3684
    9198      46.2618
    9199      47.5630
    9200      45.7537
    9201      49.2009
    9202      44.2205
    9203      45.9899
    9204      47.5776
    9205      44.8802
    9206      46.6243
    9207      46.9544
    9208      50.8725
    9209      49.9638
    9210      47.9470
    9211      49.8679
    9212      49.5261
    9213      47.5189
    9214      51.9230
    9215      56.3381
    9216      54.7328
    9217      52.7824
    9218      53.8394
    9219      53.6209
    9220      53.0558
    9221      52.5066
    9222      51.3530
    9223      50.3048
    9224      52.5827
    9225      53.8287
    9226      49.4394
    9227      50.1510
    9228      57.9358
    9229      61.0853
    9230      54.8332
    9231      53.4505
    9232      51.5565
    9233      52.4915
    9234      53.8392
    9235      51.8733
    9236      55.4827
    9237      56.6691
    9238      53.6465
    9239      50.0960
    9240      51.3892
    9241      55.4525
    9242      53.2188
    9243      57.4231
    9244      61.9539
    9245      58.3547
    9246      52.6743
    9247      52.8961
    9248      52.9065
    9249      51.8014
    9250      53.5310
    9251      54.9668
    9252      59.0305
    9253      56.6390
    9254      54.8984
    9255      51.9679
    9256      50.2635
    9257      52.3955
    9258      53.0038
    9259      54.7859
    9260      50.2318
    9261      55.0979
    9262      52.8086
    9263      54.8398
    9264      57.2151
    9265      59.0444
    9266      54.4188
    9267      52.4916
    9268      49.8461
    9269      53.0560
    9270      51.7723
    9271      58.0927
    9272      61.6526
    9273      62.1359
    9274      60.8963
    9275      59.7450
    9276      58.6888
    9277      54.9972
    9278      56.8194
    9279      60.4657
    9280      57.9724
    9281      57.5110
    9282      50.2126
    9283      52.1973
    9284      47.6876
    9285      46.7488
    9286      49.5694
    9287      52.2697
    9288      55.6309
    9289      53.5124
    9290      52.1171
    9291      46.3098
    9292      50.4967
    9293      56.4221
    9294      52.6291
    9295      49.1803
    9296      51.4773
    9297      47.1876
    9298      48.6602
    9299      47.4546
    9300      49.5893
    9301      46.8179
    9302      45.0276
    9303      42.9817
    9304      47.9371
    9305      46.0326
    9306      48.1841
    9307      47.6446
    9308      46.2935
    9309      51.3371
    9310      51.5986
    9311      50.4130
    9312      50.8901
    9313      47.5805
    9314      44.6146
    9315      45.9664
    9316      47.1024
    9317      43.2615
    9318      47.3013
    9319      51.2295
    9320      52.0801
    9321      48.7735
    9322      51.4913
    9323      53.4721
    9324      50.4553
    9325      51.5124
    9326      52.4036
    9327      49.6732
    9328      49.1851
    9329      48.6403
    9330      48.1916
    9331      53.1086
    9332      50.1713
    9333      47.5117
    9334      46.1945
    9335      46.8039
    9336      48.9761
    9337      50.9813
    9338      50.5285
    9339      53.9773
    9340      53.1360
    9341      53.0887
    9342      52.1428
    9343      46.6368
    9344      43.5921
    9345      43.4099
    9346      41.6299
    9347      44.2374
    9348      42.1379
    9349      40.0287
    9350      42.9169
    9351      48.9966
    9352      52.9803
    9353      48.7053
    9354      49.9102
    9355      46.8089
    9356      48.3665
    9357      49.1643
    9358      44.4735
    9359      46.9304
    9360      51.3683
    9361      47.0357
    9362      50.1640
    9363      49.2682
    9364      53.4543
    9365      51.5829
    9366      51.0115
    9367      46.3267
    9368      45.2569
    9369      47.1010
    9370      45.0761
    9371      48.0532
    9372      47.8889
    9373      48.8032
    9374      50.6501
    9375      54.2497
    9376      56.6574
    9377      53.3251
    9378      53.5244
    9379      58.1264
    9380      59.5852
    9381      57.4493
    9382      50.1621
    9383      49.8716
    9384      50.1608
    9385      53.8470
    9386      56.8203
    9387      55.9619
    9388      53.7054
    9389      52.3808
    9390      52.2637
    9391      52.2043
    9392      48.7787
    9393      55.5484
    9394      54.9558
    9395      52.6746
    9396      55.7861
    9397      56.7523
    9398      58.1921
    9399      57.7019
    9400      59.9183
    9401      60.6301
    9402      65.9825
    9403      72.4984
    9404      68.2729
    9405      69.9667
    9406      69.9983
    9407      62.5558
    9408      60.8779
    9409      61.4730
    9410      62.1923
    9411      65.8915
    9412      65.8082
    9413      66.8035
    9414      69.7995
    9415      67.6178
    9416      63.1971
    9417      62.2373
    9418      60.3102
    9419      60.6911
    9420      58.6703
    9421      63.7271
    9422      60.6889
    9423      59.4957
    9424      57.7963
    9425      51.6119
    9426      52.3599
    9427      52.1136
    9428      47.1407
    9429      51.4019
    9430      50.1092
    9431      53.4547
    9432      55.8473
    9433      56.0302
    9434      57.6124
    9435      57.7063
    9436      58.0630
    9437      54.5276
    9438      48.9891
    9439      48.6643
    9440      53.7694
    9441      53.7418
    9442      52.4344
    9443      58.3261
    9444      63.3457
    9445      64.2296
    9446      60.3001
    9447      63.0763
    9448      61.3804
    9449      66.2386
    9450      62.9790
    9451      63.1560
    9452      62.9407
    9453      60.5656
    9454      63.3618
    9455      63.7506
    9456      58.7418
    9457      59.8715
    9458      62.4611
    9459      57.0253
    9460      61.3354
    9461      60.8062
    9462      61.4957
    9463      60.6995
    9464      62.6937
    9465      61.1391
    9466      60.2685
    9467      52.9149
    9468      53.1963
    9469      51.7220
    9470      51.1866
    9471      54.5840
    9472      53.5361
    9473      55.4891
    9474      56.3666
    9475      53.5385
    9476      55.1093
    9477      53.9299
    9478      50.5429
    9479      52.1633
    9480      53.3399
    9481      51.2904
    9482      51.5639
    9483      45.2606
    9484      55.4020
    9485      55.2551
    9486      53.5098
    9487      54.7050
    9488      52.6204
    9489      51.0056
    9490      54.0105
    9491      58.7096
    9492      60.3781
    9493      63.0866
    9494      67.8574
    9495      65.3672
    9496      69.7970
    9497      70.4946
    9498      67.9006
    9499      67.7178
    9500      66.5796
    9501      63.1778
    9502      61.0645
    9503      61.2597
    9504      57.1303
    9505      48.2211
    9506      51.9092
    9507      52.2823
    9508      50.6793
    9509      53.8894
    9510      50.0053
    9511      51.0997
    9512      51.0866
    9513      53.1821
    9514      55.3237
    9515      53.4900
    9516      55.1371
    9517      56.6512
    9518      54.9812
    9519      56.1448
    9520      50.2137
    9521      51.0396
    9522      53.7739
    9523      56.0397
    9524      50.2698
    9525      49.1963
    9526      54.3101
    9527      52.8518
    9528      56.7172
    9529      53.4634
    9530      51.3147
    9531      54.7977
    9532      52.8323
    9533      54.2433
    9534      57.5522
    9535      53.7674
    9536      51.9821
    9537      52.7620
    9538      52.4936
    9539      52.6745
    9540      54.6500
    9541      53.6167
    9542      58.8786
    9543      58.1278
    9544      54.9306
    9545      56.2384
    9546      61.1819
    9547      58.4196
    9548      56.1757
    9549      55.8738
    9550      54.9153
    9551      50.8089
    9552      52.8136
    9553      54.4570
    9554      53.1722
    9555      49.9897
    9556      50.8642
    9557      55.3556
    9558      54.6466
    9559      50.7431
    9560      54.8879
    9561      53.9298
    9562      55.7852
    9563      57.0401
    9564      58.8453
    9565      60.3713
    9566      63.2064
    9567      66.5728
    9568      66.4974
    9569      62.1284
    9570      63.0462
    9571      59.5868
    9572      65.2950
    9573      62.2968
    9574      59.2990
    9575      61.4943
    9576      62.5014
    9577      57.7682
    9578      58.6921
    9579      56.9817
    9580      56.6965
    9581      54.6772
    9582      52.9497
    9583      54.2953
    9584      50.9764
    9585      50.3682
    9586      50.9068
    9587      51.2942
    9588      46.0703
    9589      49.5498
    9590      46.7938
    9591      45.1017
    9592      46.0724
    9593      50.1192
    9594      50.3746
    9595      50.1350
    9596      48.3085
    9597      48.2134
    9598      46.9938
    9599      43.8773
    9600      45.0563
    9601      44.0644
    9602      44.8516
    9603      44.7203
    9604      48.9505
    9605      45.5847
    9606      44.3438
    9607      42.1630
    9608      43.7801
    9609      44.0899
    9610      48.3146
    9611      44.0771
    9612      51.5599
    9613      57.8840
    9614      56.3653
    9615      56.4251
    9616      52.8961
    9617      49.4777
    9618      54.2354
    9619      54.0310
    9620      48.6700
    9621      50.9634
    9622      52.2724
    9623      48.8914
    9624      47.0078
    9625      52.5272
    9626      56.3147
    9627      55.1318
    9628      53.4351
    9629      52.2676
    9630      52.7529
    9631      51.0891
    9632      51.2347
    9633      54.0402
    9634      51.4341
    9635      52.6527
    9636      52.2514
    9637      52.8632
    9638      50.6427
    9639      55.9199
    9640      52.4632
    9641      49.2876
    9642      49.9178
    9643      46.1148
    9644      45.9346
    9645      48.5311
    9646      47.8160
    9647      51.3210
    9648      53.4362
    9649      50.5854
    9650      49.9427
    9651      49.1721
    9652      48.2761
    9653      47.9761
    9654      49.0655
    9655      45.8217
    9656      38.9360
    9657      44.1077
    9658      46.9460
    9659      46.3191
    9660      45.5399
    9661      53.7483
    9662      50.5483
    9663      52.9300
    9664      52.4358
    9665      52.5629
    9666      51.6525
    9667      48.0004
    9668      50.2318
    9669      49.0828
    9670      48.2865
    9671      51.7167
    9672      51.9891
    9673      54.1474
    9674      56.0071
    9675      58.4639
    9676      60.9386
    9677      59.4966
    9678      58.8339
    9679      58.5101
    9680      54.3629
    9681      57.3848
    9682      51.3802
    9683      49.5073
    9684      51.4226
    9685      51.7224
    9686      51.2729
    9687      46.9851
    9688      51.3340
    9689      52.1444
    9690      50.1799
    9691      49.8431
    9692      52.0242
    9693      50.2372
    9694      52.0342
    9695      50.4359
    9696      49.8023
    9697      48.4503
    9698      49.4975
    9699      50.8048
    9700      50.5039
    9701      50.3359
    9702      51.3506
    9703      48.7985
    9704      53.9353
    9705      55.3908
    9706      57.0673
    9707      52.7177
    9708      54.2267
    9709      54.4215
    9710      57.0084
    9711      53.5819
    9712      52.7988
    9713      55.4277
    9714      54.1182
    9715      46.9562
    9716      48.4729
    9717      50.8101
    9718      46.1249
    9719      44.8278
    9720      49.7530
    9721      53.1917
    9722      52.9013
    9723      49.1287
    9724      49.2125
    9725      48.2214
    9726      46.0385
    9727      45.6109
    9728      48.4927
    9729      49.7831
    9730      44.4258
    9731      41.8182
    9732      44.1709
    9733      43.8249
    9734      50.2326
    9735      47.5796
    9736      46.6635
    9737      46.0195
    9738      48.3630
    9739      43.6089
    9740      47.5980
    9741      52.7803
    9742      48.3607
    9743      44.6666
    9744      48.7092
    9745      52.6366
    9746      51.8228
    9747      47.1415
    9748      46.2086
    9749      47.1468
    9750      51.8173
    9751      51.9595
    9752      49.3488
    9753      52.1002
    9754      51.5830
    9755      52.3351
    9756      57.3935
    9757      54.8305
    9758      55.0532
    9759      52.1084
    9760      54.5149
    9761      50.8998
    9762      55.0590
    9763      57.1179
    9764      61.3559
    9765      60.9959
    9766      58.9543
    9767      55.6870
    9768      62.5228
    9769      61.5691
    9770      62.4635
    9771      66.9929
    9772      65.9632
    9773      64.6596
    9774      63.4013
    9775      68.9172
    9776      67.9209
    9777      65.4672
    9778      66.3044
    9779      70.9838
    9780      73.7564
    9781      78.5521
    9782      78.6084
    9783      80.4664
    9784      80.5665
    9785      77.2595
    9786      74.8955
    9787      76.2007
    9788      73.5080
    9789      70.8565
    9790      67.5462
    9791      72.3290
    9792      70.2365
    9793      67.3202
    9794      66.9317
    9795      64.3796
    9796      63.1560
    9797      60.2343
    9798      59.4520
    9799      61.2804
    9800      64.7658
    9801      61.3589
    9802      65.7040
    9803      59.6587
    9804      60.7856
    9805      63.4600
    9806      54.8947
    9807      55.7210
    9808      55.9427
    9809      55.7385
    9810      54.5466
    9811      51.5815
    9812      54.9007
    9813      54.5358
    9814      55.0635
    9815      56.4006
    9816      56.3336
    9817      56.3163
    9818      59.7504
    9819      59.8888
    9820      55.0720
    9821      59.3510
    9822      58.5988
    9823      60.8673
    9824      58.8551
    9825      60.0773
    9826      62.8820
    9827      58.6986
    9828      56.3009
    9829      51.8287
    9830      52.3736
    9831      57.5635
    9832      57.4494
    9833      53.3651
    9834      58.6823
    9835      57.7328
    9836      53.9327
    9837      54.3057
    9838      57.2990
    9839      57.5098
    9840      55.7924
    9841      55.1894
    9842      54.0507
    9843      55.4055
    9844      60.9426
    9845      60.1666
    9846      64.7140
    9847      66.0196
    9848      66.5423
    9849      65.1290
    9850      65.1356
    9851      65.0375
    9852      58.9001
    9853      51.0190
    9854      50.2798
    9855      49.3603
    9856      46.9582
    9857      49.4536
    9858      48.4618
    9859      51.2356
    9860      51.5137
    9861      53.5177
    9862      53.1061
    9863      48.6899
    9864      46.9895
    9865      53.0614
    9866      51.9491
    9867      47.6791
    9868      51.0605
    9869      52.3056
    9870      53.7000
    9871      56.0804
    9872      54.7392
    9873      55.2458
    9874      51.9452
    9875      51.4585
    9876      51.2422
    9877      48.5568
    9878      50.2551
    9879      49.1835
    9880      56.7459
    9881      54.3970
    9882      51.7231
    9883      52.3288
    9884      48.3577
    9885      50.5599
    9886      51.6678
    9887      50.7332
    9888      52.9543
    9889      54.5055
    9890      54.5158
    9891      51.3086
    9892      48.2765
    9893      56.0224
    9894      54.1202
    9895      52.3013
    9896      56.4446
    9897      53.7160
    9898      55.0708
    9899      56.0037
    9900      55.5304
    9901      59.6154
    9902      54.7021
    9903      51.7371
    9904      52.6849
    9905      52.4483
    9906      51.4812
    9907      55.8592
    9908      56.1693
    9909      54.8765
    9910      52.8890
    9911      50.2170
    9912      50.2115
    9913      46.5853
    9914      49.2351
    9915      50.6772
    9916      47.7373
    9917      47.4106
    9918      48.0087
    9919      47.6585
    9920      50.9327
    9921      51.3821
    9922      52.1713
    9923      54.4866
    9924      54.7698
    9925      55.7347
    9926      56.1559
    9927      59.1029
    9928      62.2503
    9929      63.5647
    9930      57.8494
    9931      63.8993
    9932      68.1901
    9933      67.8073
    9934      64.6510
    9935      60.7004
    9936      62.7266
    9937      67.5632
    9938      69.5123
    9939      71.4129
    9940      74.0835
    9941      73.2959
    9942      72.8357
    9943      72.1267
    9944      78.7765
    9945      80.1089
    9946      80.8519
    9947      80.6698
    9948      79.0707
    9949      79.4712
    9950      80.5951
    9951      76.6724
    9952      75.2091
    9953      77.5990
    9954      75.3380
    9955      70.0447
    9956      73.1209
    9957      70.8086
    9958      69.3340
    9959      69.2483
    9960      68.5429
    9961      68.8837
    9962      69.0988
    9963      66.8942
    9964      66.1370
    9965      68.1641
    9966      72.0010
    9967      70.2142
    9968      71.7079
    9969      66.9320
    9970      68.1171
    9971      59.9644
    9972      56.5777
    9973      57.4574
    9974      56.5396
    9975      56.8010
    9976      56.4076
    9977      53.0270
    9978      58.3819
    9979      62.9030
    9980      61.0449
    9981      62.3074
    9982      60.6394
    9983      64.0995
    9984      63.0545
    9985      68.3984
    9986      72.1600
    9987      74.9947
    9988      74.4352
    9989      81.7724
    9990      80.8319
    9991      77.6023
    9992      70.1862
    9993      69.3308
    9994      67.1397
    9995      64.2297
    9996      64.4499
    9997      66.8995
    9998      70.3566
    9999      78.6075
   10000      76.6173
   10001      73.2807
   10002      72.0791
   10003      74.6633
   10004      76.4978
   10005      79.2996
   10006      79.0097
   10007      71.4981
   10008      67.7056
   10009      72.8561
   10010      74.3589
   10011      71.9544
   10012      66.0713
   10013      63.1796
   10014      66.3063
   10015      63.8818
   10016      63.9519
   10017      70.4041
   10018      72.4610
   10019      70.8557
   10020      71.4371
   10021      67.5306
   10022      68.9882
   10023      70.8150
   10024      69.1079
   10025      64.8547
   10026      64.5636
   10027      59.1762
   10028      58.5705
   10029      62.1031
   10030      62.8536
   10031      63.1445
   10032      66.6803
   10033      71.5277
   10034      67.3098
   10035      67.7881
   10036      66.1649
   10037      67.2867
   10038      69.1371
   10039      66.7803
   10040      67.9623
   10041      70.2011
   10042      67.5735
   10043      67.3904
   10044      64.0257
   10045      71.7592
   10046      68.7237
   10047      67.3899
   10048      68.0309
   10049      71.2979
   10050      74.9867
   10051      77.0541
   10052      78.0709
   10053      77.4431
   10054      77.1271
   10055      78.8534
   10056      74.5167
   10057      79.0100
   10058      77.0385
   10059      77.3675
   10060      78.5269
   10061      77.4654
   10062      78.9617
   10063      81.5820
   10064      86.1805
   10065      85.6332
   10066      84.3076
   10067      84.4929
   10068      86.9291
   10069      84.1238
   10070      84.7253
   10071      87.0544
   10072      84.9246
   10073      88.7297
   10074      84.4918
   10075      84.2557
   10076      82.3669
   10077      84.4120
   10078      85.3422
   10079      85.8048
   10080      88.0443
   10081      87.3177
   10082      86.5399
   10083      88.6896
   10084      91.1269
   10085      85.6843
   10086      81.1198
   10087      73.7079
   10088      73.3943
   10089      70.6686
   10090      71.6466
   10091      71.4072
   10092      65.3610
   10093      68.0011
   10094      71.8194
   10095      70.2726
   10096      68.9115
   10097      61.2361
   10098      59.3953
   10099      62.4893
   10100      60.9471
   10101      58.6758
   10102      59.7320
   10103      57.7994
   10104      55.5422
   10105      51.4391
   10106      51.4003
   10107      50.6353
   10108      53.1596
   10109      48.3538
   10110      48.5643
   10111      47.5563
   10112      46.6457
   10113      49.8743
   10114      48.9386
   10115      50.5539
   10116      48.0560
   10117      48.6665
   10118      51.8082
   10119      49.2869
   10120      44.9426
   10121      47.8991
   10122      52.3124
   10123      52.2253
   10124      53.2039
   10125      55.5318
   10126      59.2859
   10127      63.6109
   10128      60.8787
   10129      52.8858
   10130      50.9767
   10131      48.4185
   10132      49.7449
   10133      47.3997
   10134      50.7205
   10135      53.4081
   10136      53.8768
   10137      57.5674
   10138      53.8347
   10139      52.2722
   10140      47.5097
   10141      47.0323
   10142      48.9241
   10143      50.7263
   10144      50.5521
   10145      49.3622
   10146      50.8612
   10147      51.2345
   10148      52.1263
   10149      50.8633
   10150      52.5542
   10151      50.9686
   10152      50.8779
   10153      51.1667
   10154      50.9280
   10155      53.6719
   10156      58.3122
   10157      56.4880
   10158      54.7920
   10159      53.2491
   10160      49.7876
   10161      52.0295
   10162      53.9500
   10163      50.9209
   10164      53.3930
   10165      58.4322
   10166      58.2922
   10167      61.9119
   10168      62.1491
   10169      64.4053
   10170      60.6963
   10171      58.8296
   10172      56.0273
   10173      53.6841
   10174      54.2745
   10175      52.1078
   10176      59.8998
   10177      60.5769
   10178      57.5799
   10179      57.3566
   10180      54.6175
   10181      54.6470
   10182      59.4497
   10183      55.7169
   10184      51.2935
   10185      50.6403
   10186      52.4469
   10187      53.4422
   10188      55.3341
   10189      53.5574
   10190      50.9275
   10191      51.9162
   10192      54.5949
   10193      52.4726
   10194      49.5575
   10195      51.6510
   10196      48.6729
   10197      54.0419
   10198      56.6583
   10199      51.8890
   10200      45.7587
   10201      50.8442
   10202      48.4409
   10203      49.3592
   10204      48.9529
   10205      46.6191
   10206      49.4482
   10207      49.9990
   10208      50.3105
   10209      48.1150
   10210      49.8250
   10211      48.6821
   10212      45.1585
   10213      47.9664
   10214      52.3911
   10215      47.3009
   10216      46.5294
   10217      50.8431
   10218      49.2461
   10219      48.8017
   10220      45.5295
   10221      48.3149
   10222      52.7779
   10223      49.4203
   10224      49.3105
   10225      48.9269
   10226      44.8600
   10227      48.7446
   10228      45.2567
   10229      45.1432
   10230      46.3145
   10231      46.4522
   10232      47.2654
   10233      49.0269
   10234      48.4664
   10235      47.1431
   10236      47.9214
   10237      48.2756
   10238      46.6232
   10239      46.1224
   10240      50.9218
   10241      53.1171
   10242      50.6864
   10243      50.1251
   10244      50.8750
   10245      48.8425
   10246      51.3610
   10247      51.9610
   10248      46.2220
   10249      46.4208
   10250      49.0253
   10251      49.0694
   10252      51.1594
   10253      52.1100
   10254      52.7212
   10255      55.3302
   10256      52.1096
   10257      53.4390
   10258      51.4336
   10259      53.2667
   10260      53.0696
   10261      52.2852
   10262      54.3595
   10263      50.6992
   10264      49.0680
   10265      48.0135
   10266      49.4971
   10267      48.5779
   10268      49.0772
   10269      48.0128
   10270      49.3695
   10271      48.2956
   10272      50.7814
   10273      50.2064
   10274      53.8004
   10275      49.7878
   10276      50.8659
   10277      53.1513
   10278      52.9223
   10279      54.8334
   10280      56.2842
   10281      55.8879
   10282      59.7262
   10283      59.7185
   10284      57.0671
   10285      57.3089
   10286      55.3708
   10287      56.1992
   10288      56.3281
   10289      54.8977
   10290      57.5930
   10291      59.8781
   10292      67.7045
   10293      68.4580
   10294      67.4100
   10295      68.4689
   10296      69.3881
   10297      68.2101
   10298      72.6376
   10299      71.7051
   10300      66.8048
   10301      62.2467
   10302      63.4823
   10303      62.5522
   10304      63.2207
   10305      68.2148
   10306      70.4580
   10307      68.2992
   10308      67.3828
   10309      68.2727
   10310      63.8970
   10311      62.6870
   10312      60.1301
   10313      62.4602
   10314      57.9601
   10315      58.2555
   10316      55.6333
   10317      49.9357
   10318      49.9614
   10319      53.9340
   10320      53.2693
   10321      53.7402
   10322      57.3590
   10323      53.4064
   10324      51.6638
   10325      53.2595
   10326      55.0948
   10327      53.1326
   10328      53.0155
   10329      56.3569
   10330      56.0345
   10331      51.7542
   10332      49.7495
   10333      48.1811
   10334      49.4636
   10335      50.0819
   10336      49.8790
   10337      51.2099
   10338      53.5793
   10339      52.4190
   10340      50.2060
   10341      57.4097
   10342      58.4817
   10343      57.3346
   10344      54.7895
   10345      56.3284
   10346      53.3599
   10347      50.7436
   10348      57.2465
   10349      55.7472
   10350      57.6516
   10351      57.6295
   10352      54.8308
   10353      56.1968
   10354      58.3211
   10355      56.7536
   10356      54.0283
   10357      58.3656
   10358      51.0335
   10359      50.8605
   10360      48.9575
   10361      47.8780
   10362      50.3991
   10363      51.9535
   10364      49.8132
   10365      49.8848
   10366      44.7285
   10367      43.2241
   10368      48.0329
   10369      46.4433
   10370      45.4248
   10371      43.0839
   10372      46.0050
   10373      49.6115
   10374      53.3898
   10375      56.7190
   10376      58.1538
   10377      54.6573
   10378      55.4987
   10379      55.0603
   10380      60.2189
   10381      63.1308
   10382      67.1608
   10383      67.7720
   10384      69.6152
   10385      70.6807
   10386      72.7551
   10387      72.2982
   10388      60.0781
   10389      61.6106
   10390      61.1035
   10391      55.7265
   10392      53.4373
   10393      57.4381
   10394      54.3431
   10395      54.0587
   10396      54.3758
   10397      53.7047
   10398      49.6108
   10399      49.8303
   10400      53.1987
   10401      48.6500
   10402      49.2171
   10403      49.5581
   10404      48.6171
   10405      46.6482
   10406      49.1306
   10407      50.2852
   10408      50.0191
   10409      54.5920
   10410      52.7485
   10411      47.2994
   10412      54.8282
   10413      52.7857
   10414      49.2321
   10415      48.7446
   10416      49.2364
   10417      51.6132
   10418      53.0793
   10419      54.8787
   10420      52.1586
   10421      50.2476
   10422      48.5053
   10423      51.8423
   10424      52.4015
   10425      60.7178
   10426      53.6376
   10427      52.1600
   10428      55.0648
   10429      52.5387
   10430      54.7690
   10431      55.2231
   10432      54.4376
   10433      51.4212
   10434      47.5256
   10435      47.0496
   10436      45.7448
   10437      49.6999
   10438      51.9037
   10439      53.5693
   10440      55.5294
   10441      59.0472
   10442      55.4151
   10443      59.4782
   10444      54.3529
   10445      53.0758
   10446      50.7904
   10447      55.8342
   10448      53.6748
   10449      57.6772
   10450      53.2100
   10451      51.7288
   10452      53.5114
   10453      56.0054
   10454      51.7882
   10455      49.3798
   10456      48.2156
   10457      51.0300
   10458      51.7078
   10459      49.1493
   10460      52.7733
   10461      51.4571
   10462      48.6748
   10463      50.0768
   10464      51.6654
   10465      54.0193
   10466      54.8841
   10467      55.8647
   10468      48.7559
   10469      47.5816
   10470      49.5419
   10471      50.4891
   10472      51.7293
   10473      57.4991
   10474      57.6041
   10475      55.9885
   10476      56.6750
   10477      57.2158
   10478      60.5533
   10479      56.2373
   10480      56.3256
   10481      54.2532
   10482      53.7868
   10483      54.1409
   10484      53.7967
   10485      49.3878
   10486      47.5462
   10487      46.1765
   10488      46.8390
   10489      45.7226
   10490      46.5396
   10491      50.6259
   10492      51.9728
   10493      50.3580
   10494      48.2874
   10495      46.4746
   10496      45.3927
   10497      51.6192
   10498      46.4620
   10499      49.6045
   10500      51.0915
   10501      50.3876
   10502      48.1608
   10503      47.8709
   10504      45.5910
   10505      47.4506
   10506      51.3460
   10507      52.3000
   10508      57.9657
   10509      58.9107
   10510      57.1896
   10511      51.9198
   10512      53.1719
   10513      52.2802
   10514      52.5542
   10515      44.8183
   10516      47.8388
   10517      49.7585
   10518      50.9851
   10519      48.3765
   10520      48.6468
   10521      45.3275
   10522      52.1199
   10523      55.8646
   10524      50.9330
   10525      55.5368
   10526      55.7254
   10527      52.3606
   10528      51.4210
   10529      52.3879
   10530      48.8450
   10531      49.9645
   10532      54.2933
   10533      54.4546
   10534      57.6207
   10535      55.6878
   10536      53.7613
   10537      55.8184
   10538      58.5259
   10539      53.6099
   10540      54.7694
   10541      53.3233
   10542      49.3205
   10543      46.1266
   10544      52.7020
   10545      53.7111
   10546      49.5781
   10547      51.6821
   10548      58.0104
   10549      57.9498
   10550      58.2112
   10551      49.9142
   10552      48.7410
   10553      49.5104
   10554      50.4765
   10555      49.0976
   10556      51.3534
   10557      52.2406
   10558      50.3021
   10559      51.6467
   10560      56.1284
   10561      51.2193
   10562      53.6910
   10563      51.9830
   10564      51.2796
   10565      52.8913
   10566      55.2291
   10567      56.6876
   10568      56.7452
   10569      55.0122
   10570      51.4674
   10571      51.8717
   10572      52.7893
   10573      53.9292
   10574      48.8000
   10575      49.5710
   10576      51.1279
   10577      54.4291
   10578      54.1627
   10579      57.0263
   10580      55.6483
   10581      57.7749
   10582      55.8166
   10583      51.4223
   10584      52.6552
   10585      56.8393
   10586      56.0593
   10587      51.8483
   10588      49.5038
   10589      41.2977
   10590      42.4495
   10591      40.9239
   10592      46.4214
   10593      51.1466
   10594      46.2921
   10595      48.6429
   10596      45.2310
   10597      47.5485
   10598      47.6225
   10599      42.9565
   10600      44.1710
   10601      46.8384
   10602      48.1435
   10603      46.9372
   10604      48.2536
   10605      48.4546
   10606      48.8074
   10607      42.2899
   10608      42.6099
   10609      46.3297
   10610      47.9245
   10611      49.6321
   10612      48.6004
   10613      47.8890
   10614      45.0152
   10615      44.6170
   10616      48.8326
   10617      50.4361
   10618      49.0392
   10619      47.6803
   10620      47.3163
   10621      49.7808
   10622      53.0854
   10623      50.2155
   10624      49.2013
   10625      52.8983
   10626      50.7718
   10627      50.0711
   10628      54.0655
   10629      49.4482
   10630      54.1084
   10631      54.0965
   10632      50.0613
   10633      48.4918
   10634      50.3384
   10635      51.1778
   10636      53.5730
   10637      52.3485
   10638      54.2254
   10639      50.4798
   10640      52.6505
   10641      55.4358
   10642      54.9017
   10643      53.9782
   10644      50.4005
   10645      50.9130
   10646      52.1549
   10647      51.8903
   10648      52.8650
   10649      50.3229
   10650      48.4389
   10651      52.8540
   10652      51.6824
   10653      56.1793
   10654      55.7867
   10655      55.0503
   10656      53.8554
   10657      55.7220
   10658      55.8277
   10659      56.0272
   10660      52.9017
   10661      51.1187
   10662      50.4095
   10663      53.9233
   10664      56.2510
   10665      55.8659
   10666      52.3323
   10667      54.8229
   10668      52.9209
   10669      55.2707
   10670      54.9910
   10671      52.3613
   10672      55.4505
   10673      53.3737
   10674      57.6934
   10675      53.7909
   10676      53.5970
   10677      52.9743
   10678      53.2587
   10679      49.1619
   10680      49.9821
   10681      50.9424
   10682      49.5669
   10683      53.8826
   10684      54.0892
   10685      53.7374
   10686      54.3414
   10687      54.1073
   10688      52.8687
   10689      46.4462
   10690      50.6097
   10691      52.8363
   10692      51.3175
   10693      49.5578
   10694      50.2483
   10695      52.4385
   10696      55.2202
   10697      49.7281
   10698      52.2751
   10699      52.0711
   10700      50.6727
   10701      51.5401
   10702      51.5417
   10703      51.7570
   10704      56.9416
   10705      56.6902
   10706      56.9532
   10707      59.8610
   10708      58.9552
   10709      59.4852
   10710      60.9509
   10711      60.7281
   10712      58.4195
   10713      63.2043
   10714      65.8892
   10715      65.3537
   10716      66.0043
   10717      62.7591
   10718      60.9936
   10719      58.1640
   10720      58.1445
   10721      55.7436
   10722      56.4594
   10723      57.9768
   10724      59.5289
   10725      62.2911
   10726      61.2127
   10727      60.2321
   10728      62.1460
   10729      58.5582
   10730      54.6259
   10731      50.8274
   10732      51.5996
   10733      51.5226
   10734      54.2536
   10735      55.7360
   10736      58.2602
   10737      56.2590
   10738      50.4355
   10739      49.0251
   10740      45.4856
   10741      46.6538
   10742      47.8737
   10743      48.1145
   10744      47.9885
   10745      46.8247
   10746      47.8639
   10747      50.3564
   10748      44.5193
   10749      46.4864
   10750      42.4549
   10751      46.9258
   10752      46.2100
   10753      50.6178
   10754      52.0687
   10755      47.9752
   10756      51.6053
   10757      49.0710
   10758      48.1775
   10759      51.1165
   10760      50.4676
   10761      53.1790
   10762      56.1263
   10763      49.9492
   10764      50.5695
   10765      51.7313
   10766      49.6215
   10767      47.7930
   10768      46.9794
   10769      48.0075
   10770      47.7563
   10771      47.4661
   10772      51.2463
   10773      50.4454
   10774      51.1801
   10775      50.6188
   10776      50.7918
   10777      47.6494
   10778      49.1924
   10779      48.8600
   10780      49.0222
   10781      51.6833
   10782      50.7136
   10783      50.3160
   10784      49.2935
   10785      54.6961
   10786      51.0312
   10787      54.1692
   10788      59.3479
   10789      61.2869
   10790      55.4893
   10791      54.2344
   10792      50.7967
   10793      51.3314
   10794      47.9016
   10795      50.6222
   10796      51.9426
   10797      52.7259
   10798      52.1795
   10799      53.4036
   10800      52.1677
   10801      49.4640
   10802      50.8433
   10803      52.5061
   10804      53.1707
   10805      54.8568
   10806      54.1350
   10807      51.9209
   10808      51.5798
   10809      52.0144
   10810      51.9202
   10811      55.1148
   10812      53.8926
   10813      50.3788
   10814      48.1188
   10815      57.2056
   10816      55.0833
   10817      49.6404
   10818      49.0970
   10819      46.3606
   10820      46.2274
   10821      49.1837
   10822      46.3699
   10823      43.0739
   10824      50.5353
   10825      53.6554
   10826      57.0384
   10827      54.2482
   10828      53.9425
   10829      54.0773
   10830      52.5524
   10831      57.4216
   10832      58.5658
   10833      60.5874
   10834      57.6826
   10835      55.2268
   10836      51.6165
   10837      53.5976
   10838      56.3478
   10839      52.0324
   10840      56.1933
   10841      58.7697
   10842      63.9520
   10843      63.7049
   10844      58.3668
   10845      58.0233
   10846      61.2707
   10847      58.2261
   10848      63.0982
   10849      58.6738
   10850      57.9517
   10851      56.8230
   10852      57.0595
   10853      59.9269
   10854      63.4597
   10855      59.4479
   10856      58.9910
   10857      56.5713
   10858      55.4949
   10859      58.7417
   10860      63.6446
   10861      62.5074
   10862      60.0016
   10863      59.1258
   10864      52.7534
   10865      54.3418
   10866      53.4432
   10867      54.0782
   10868      57.9867
   10869      60.2672
   10870      60.9596
   10871      58.8912
   10872      54.9615
   10873      55.2422
   10874      58.7108
   10875      59.5694
   10876      56.5467
   10877      58.9049
   10878      58.7388
   10879      62.4886
   10880      61.0365
   10881      59.5826
   10882      65.5880
   10883      68.2236
   10884      68.2708
   10885      67.2601
   10886      65.9939
   10887      67.0827
   10888      66.0309
   10889      63.4082
   10890      63.6697
   10891      61.8823
   10892      64.4359
   10893      68.7890
   10894      75.1071
   10895      75.7377
   10896      77.1124
   10897      75.5532
   10898      69.7265
   10899      60.6817
   10900      60.4965
   10901      60.5117
   10902      63.8407
   10903      61.1428
   10904      63.6267
   10905      61.2786
   10906      61.5679
   10907      58.1218
   10908      53.8532
   10909      55.2159
   10910      54.7031
   10911      51.5509
   10912      50.2304
   10913      45.5700
   10914      46.0851
   10915      45.4825
   10916      44.9339
   10917      45.5078
   10918      46.9378
   10919      48.5000
   10920      51.9427
   10921      53.2559
   10922      52.8157
   10923      56.6702
   10924      49.2866
   10925      48.6870
   10926      47.2320
   10927      49.9775
   10928      49.8268
   10929      50.2517
   10930      47.1159
   10931      51.5327
   10932      50.4571
   10933      49.7047
   10934      48.2220
   10935      49.7468
   10936      49.3227
   10937      49.3348
   10938      53.4168
   10939      53.8946
   10940      54.4117
   10941      53.4501
   10942      46.5167
   10943      51.0173
   10944      53.9632
   10945      53.9514
   10946      52.3445
   10947      49.1007
   10948      51.0458
   10949      52.4745
   10950      54.3135
   10951      55.3956
   10952      55.5233
   10953      51.4795
   10954      47.5435
   10955      44.1402
   10956      47.0711
   10957      42.9734
   10958      47.3860
   10959      45.8290
   10960      47.4975
   10961      48.5421
   10962      44.7922
   10963      45.7187
   10964      48.2122
   10965      49.4724
   10966      47.9197
   10967      46.2670
   10968      48.1920
   10969      46.4990
   10970      46.4979
   10971      49.1458
   10972      50.7075
   10973      55.1060
   10974      53.3267
   10975      48.6572
   10976      56.7021
   10977      52.5987
   10978      48.4371
   10979      53.3537
   10980      54.7951
   10981      51.7395
   10982      50.6155
   10983      50.8744
   10984      50.7258
   10985      49.0751
   10986      44.7409
   10987      49.1433
   10988      51.7938
   10989      53.6451
   10990      53.2666
   10991      53.1235
   10992      50.1888
   10993      56.8764
   10994      57.3011
   10995      53.6090
   10996      51.1109
   10997      52.3309
   10998      53.6767
   10999      54.4519
   11000      53.9017
   11001      55.7002
   11002      52.3789
   11003      51.0942
   11004      48.1775
   11005      48.9572
   11006      48.2378
   11007      51.8707
   11008      53.1497
   11009      56.3304
   11010      58.6964
   11011      58.1139
   11012      55.5966
   11013      54.4318
   11014      49.8713
   11015      47.0057
   11016      51.0103
   11017      55.5706
   11018      54.8145
   11019      56.2342
   11020      52.6724
   11021      50.7510
   11022      46.9402
   11023      48.1598
   11024      48.9443
   11025      49.6990
   11026      50.1283
   11027      53.2868
   11028      54.6273
   11029      53.6145
   11030      52.7732
   11031      51.6224
   11032      50.5610
   11033      51.9495
   11034      50.5615
   11035      48.1026
   11036      43.8033
   11037      47.5495
   11038      49.8217
   11039      48.1103
   11040      44.6836
   11041      49.1041
   11042      55.7950
   11043      52.6301
   11044      50.0297
   11045      53.9774
   11046      55.3054
   11047      52.9684
   11048      56.3069
   11049      59.1682
   11050      55.2830
   11051      58.1915
   11052      54.8117
   11053      50.3407
   11054      46.6832
   11055      44.4035
   11056      53.7386
   11057      56.5609
   11058      57.8659
   11059      53.0881
   11060      55.6299
   11061      50.0294
   11062      53.5122
   11063      54.2042
   11064      56.0985
   11065      56.8158
   11066      56.9853
   11067      58.0977
   11068      53.8972
   11069      52.9835
   11070      53.9010
   11071      51.6132
   11072      55.9454
   11073      58.1299
   11074      60.6678
   11075      63.0190
   11076      62.4955
   11077      63.3655
   11078      62.8716
   11079      61.6513
   11080      55.0808
   11081      53.1999
   11082      56.1125
   11083      56.2054
   11084      53.3628
   11085      46.3153
   11086      49.8288
   11087      53.4608
   11088      52.2538
   11089      52.8687
   11090      55.5093
   11091      52.6205
   11092      50.4671
   11093      53.4187
   11094      52.0908
   11095      51.8942
   11096      52.6160
   11097      50.7848
   11098      52.3055
   11099      52.6467
   11100      52.1714
   11101      51.0009
   11102      52.1198
   11103      56.5938
   11104      52.6142
   11105      54.3042
   11106      53.7400
   11107      52.4900
   11108      51.9918
   11109      53.8508
   11110      52.0107
   11111      45.4633
   11112      46.3834
   11113      44.7199
   11114      44.5814
   11115      44.3754
   11116      42.9075
   11117      42.3947
   11118      49.1501
   11119      48.1017
   11120      50.1507
   11121      47.9004
   11122      49.7603
   11123      51.4493
   11124      47.0411
   11125      46.7547
   11126      47.2697
   11127      46.7577
   11128      41.8011
   11129      46.6879
   11130      43.6818
   11131      45.4242
   11132      46.1719
   11133      43.2123
   11134      48.4926
   11135      48.2397
   11136      50.5486
   11137      50.7975
   11138      46.2163
   11139      44.0827
   11140      43.7367
   11141      43.4754
   11142      45.7188
   11143      43.2868
   11144      43.8285
   11145      44.4399
   11146      43.3025
   11147      44.4687
   11148      43.2324
   11149      40.3557
   11150      45.5981
   11151      45.9073
   11152      45.4290
   11153      47.5301
   11154      47.8255
   11155      47.1263
   11156      47.6927
   11157      47.4612
   11158      49.0934
   11159      50.8548
   11160      50.8065
   11161      48.7226
   11162      49.8315
   11163      54.0283
   11164      53.9037
   11165      55.5340
   11166      54.7326
   11167      54.5180
   11168      56.4385
   11169      52.1004
   11170      48.9864
   11171      47.6885
   11172      46.5528
   11173      49.3272
   11174      52.3025
   11175      52.5928
   11176      52.2941
   11177      55.4737
   11178      55.7688
   11179      47.6860
   11180      48.2901
   11181      52.1569
   11182      51.0770
   11183      50.6119
   11184      47.6430
   11185      49.1119
   11186      50.2028
   11187      53.1493
   11188      50.9083
   11189      50.9249
   11190      51.9357
   11191      50.3621
   11192      54.2398
   11193      54.6204
   11194      56.1814
   11195      55.2315
   11196      53.1566
   11197      49.4885
   11198      50.4545
   11199      50.9443
   11200      54.4025
   11201      53.1266
   11202      51.9167
   11203      51.0389
   11204      48.5623
   11205      54.8593
   11206      58.7622
   11207      63.9825
   11208      58.4740
   11209      48.9317
   11210      52.5900
   11211      52.1788
   11212      50.9324
   11213      54.3009
   11214      57.9945
   11215      55.2059
   11216      54.9272
   11217      52.1675
   11218      49.4721
   11219      49.5138
   11220      53.4989
   11221      50.2289
   11222      55.2547
   11223      51.0743
   11224      56.6319
   11225      55.4178
   11226      56.8047
   11227      56.1737
   11228      58.6238
   11229      57.5002
   11230      61.2225
   11231      64.0719
   11232      62.0222
   11233      62.5516
   11234      55.6978
   11235      60.9593
   11236      62.8442
   11237      61.4242
   11238      54.4267
   11239      52.6331
   11240      49.1487
   11241      51.8304
   11242      52.1305
   11243      53.8061
   11244      58.1997
   11245      61.1901
   11246      60.0715
   11247      56.6639
   11248      56.9410
   11249      50.6698
   11250      53.6197
   11251      53.4820
   11252      54.4253
   11253      52.1116
   11254      50.8010
   11255      52.9222
   11256      51.2531
   11257      54.0716
   11258      50.4208
   11259      52.1322
   11260      53.1166
   11261      51.3260
   11262      51.4934
   11263      52.2321
   11264      52.4030
   11265      52.3017
   11266      50.6018
   11267      53.5916
   11268      56.6242
   11269      58.0536
   11270      54.8647
   11271      55.2753
   11272      54.6407
   11273      52.8924
   11274      50.9212
   11275      50.5043
   11276      48.8019
   11277      45.7210
   11278      45.5375
   11279      48.6638
   11280      55.3305
   11281      50.0005
   11282      52.0265
   11283      49.3841
   11284      52.1074
   11285      50.7134
   11286      53.2982
   11287      56.0097
   11288      53.6031
   11289      59.9357
   11290      65.1518
   11291      64.3516
   11292      64.7606
   11293      64.1678
   11294      65.2234
   11295      68.2246
   11296      65.5672
   11297      65.1000
   11298      63.4356
   11299      58.3347
   11300      55.0717
   11301      53.1037
   11302      52.4036
   11303      54.3357
   11304      50.3629
   11305      46.9727
   11306      46.4923
   11307      48.3412
   11308      46.1732
   11309      47.7660
   11310      50.5423
   11311      49.8546
   11312      44.5742
   11313      47.9154
   11314      54.4324
   11315      50.8257
   11316      45.8321
   11317      46.8026
   11318      49.9793
   11319      45.1708
   11320      45.9007
   11321      48.6493
   11322      48.1765
   11323      49.1062
   11324      47.5262
   11325      48.7631
   11326      46.6098
   11327      49.6742
   11328      52.8154
   11329      53.5508
   11330      56.0567
   11331      54.6781
   11332      47.4412
   11333      48.5016
   11334      54.0686
   11335      52.7737
   11336      54.1267
   11337      51.1863
   11338      53.1232
   11339      52.2751
   11340      50.1083
   11341      51.4233
   11342      52.6530
   11343      52.2820
   11344      49.8418
   11345      58.8814
   11346      53.8680
   11347      53.8053
   11348      50.9179
   11349      55.2654
   11350      53.8138
   11351      58.6043
   11352      58.6910
   11353      61.0179
   11354      61.8123
   11355      63.2864
   11356      65.2074
   11357      68.8842
   11358      71.6498
   11359      70.6491
   11360      74.0958
   11361      70.2184
   11362      64.1283
   11363      61.6270
   11364      64.5973
   11365      69.5432
   11366      69.3925
   11367      69.7255
   11368      73.3735
   11369      76.7471
   11370      76.2515
   11371      76.8211
   11372      75.4615
   11373      76.7632
   11374      75.8910
   11375      72.4880
   11376      72.6724
   11377      74.6100
   11378      75.5773
   11379      76.6428
   11380      77.7292
   11381      74.2947
   11382      71.8375
   11383      73.1521
   11384      74.2117
   11385      71.3971
   11386      71.7099
   11387      67.4394
   11388      70.7868
   11389      72.4375
   11390      72.3747
   11391      69.9546
   11392      73.9692
   11393      75.1011
   11394      73.4997
   11395      73.3623
   11396      71.4845
   11397      75.1983
   11398      72.0702
   11399      72.8255
   11400      80.9344
   11401      80.0701
   11402      80.4906
   11403      81.5709
   11404      77.5839
   11405      74.8329
   11406      72.6593
   11407      71.6553
   11408      74.3898
   11409      79.8886
   11410      85.4667
   11411      82.1158
   11412      76.5889
   11413      79.9296
   11414      85.6872
   11415      87.1976
   11416      89.5030
   11417      91.4391
   11418      88.6301
   11419      88.6661
   11420      88.7097
   11421      81.6214
   11422      84.1287
   11423      81.8053
   11424      79.6199
   11425      78.3713
   11426      73.0536
   11427      70.7740
   11428      72.3448
   11429      70.6793
   11430      65.4100
   11431      68.2568
   11432      69.4104
   11433      68.6793
   11434      62.8747
   11435      65.0736
   11436      67.6987
   11437      65.2879
   11438      60.8876
   11439      58.5245
   11440      61.0053
   11441      57.5217
   11442      59.9733
   11443      61.6814
   11444      60.9368
   11445      56.4140
   11446      56.8431
   11447      57.1343
   11448      54.4821
   11449      53.8757
   11450      49.6282
   11451      49.5374
   11452      51.0292
   11453      50.9857
   11454      45.9514
   11455      49.8484
   11456      50.2529
   11457      52.4569
   11458      50.0918
   11459      49.7156
   11460      48.2407
   11461      48.5291
   11462      49.9143
   11463      51.1532
   11464      52.2127
   11465      51.3165
   11466      50.4624
   11467      48.8533
   11468      49.9098
   11469      51.6244
   11470      49.8474
   11471      48.6359
   11472      50.8372
   11473      50.6525
   11474      48.8170
   11475      51.0268
   11476      51.6150
   11477      50.3274
   11478      47.8696
   11479      48.0382
   11480      50.7527
   11481      53.6741
   11482      56.5092
   11483      56.8433
   11484      54.9614
   11485      49.4154
   11486      51.0503
   11487      54.4828
   11488      54.0332
   11489      51.9251
   11490      51.8931
   11491      51.7869
   11492      50.4572
   11493      49.6200
   11494      50.6794
   11495      56.1121
   11496      52.7053
   11497      52.7723
   11498      52.5729
   11499      52.3979
   11500      47.6826
   11501      51.6529
   11502      53.0029
   11503      57.9290
   11504      60.0221
   11505      60.0791
   11506      60.4805
   11507      61.4136
   11508      63.1412
   11509      63.2561
   11510      64.7688
   11511      64.2596
   11512      59.3390
   11513      54.2848
   11514      52.0143
   11515      54.4776
   11516      55.2806
   11517      58.4590
   11518      59.9786
   11519      56.1472
   11520      54.5599
   11521      51.2465
   11522      53.5138
   11523      55.0056
   11524      55.8265
   11525      60.1302
   11526      58.8106
   11527      58.9127
   11528      52.3851
   11529      54.4709
   11530      55.6691
   11531      59.1255
   11532      58.3957
   11533      59.6637
   11534      61.6613
   11535      62.4050
   11536      61.8198
   11537      54.7439
   11538      51.4839
   11539      55.5913
   11540      54.8902
   11541      53.7710
   11542      54.9834
   11543      59.4473
   11544      59.2563
   11545      55.9543
   11546      53.9252
   11547      56.1129
   11548      53.4879
   11549      53.9370
   11550      52.3007
   11551      50.0627
   11552      49.6834
   11553      50.4515
   11554      50.3574
   11555      50.5003
   11556      48.3212
   11557      44.7665
   11558      48.4371
   11559      50.4686
   11560      54.5082
   11561      57.2563
   11562      57.4479
   11563      59.9743
   11564      59.9681
   11565      65.1186
   11566      65.1067
   11567      68.2228
   11568      60.3668
   11569      56.3661
   11570      51.5829
   11571      51.0784
   11572      51.7954
   11573      49.5047
   11574      53.5261
   11575      57.7278
   11576      54.2587
   11577      52.8228
   11578      52.6875
   11579      56.6254
   11580      54.5780
   11581      55.0476
   11582      53.5878
   11583      51.6168
   11584      55.0836
   11585      54.1651
   11586      58.0038
   11587      56.6218
   11588      52.5641
   11589      50.4369
   11590      54.6906
   11591      51.2714
   11592      52.4557
   11593      49.5830
   11594      54.6747
   11595      57.0796
   11596      56.8890
   11597      56.0655
   11598      52.3716
   11599      51.3963
   11600      53.5219
   11601      58.8640
   11602      55.1752
   11603      51.1457
   11604      52.7903
   11605      52.9820
   11606      51.4738
   11607      49.7786
   11608      50.5267
   11609      53.3801
   11610      53.0396
   11611      53.1147
   11612      51.3184
   11613      50.4824
   11614      50.1073
   11615      50.6890
   11616      53.7666
   11617      53.8876
   11618      53.7716
   11619      50.8663
   11620      51.5593
   11621      51.3828
   11622      48.2363
   11623      49.7904
   11624      52.0061
   11625      51.6023
   11626      56.7638
   11627      60.0057
   11628      57.9237
   11629      57.8840
   11630      58.1741
   11631      62.3524
   11632      61.9225
   11633      63.4985
   11634      57.5387
   11635      55.8240
   11636      57.5621
   11637      58.7958
   11638      57.9902
   11639      57.8370
   11640      53.8371
   11641      53.1904
   11642      49.6654
   11643      53.8503
   11644      55.9038
   11645      55.2061
   11646      52.3239
   11647      53.1387
   11648      52.9342
   11649      48.5078
   11650      52.1989
   11651      49.1389
   11652      51.6276
   11653      54.7881
   11654      54.7738
   11655      53.5801
   11656      53.3461
   11657      53.2456
   11658      50.2626
   11659      50.9730
   11660      52.8964
   11661      54.2717
   11662      53.4444
   11663      47.2309
   11664      46.8348
   11665      53.5193
   11666      52.7092
   11667      51.3633
   11668      53.8728
   11669      57.7501
   11670      57.0559
   11671      55.2380
   11672      54.1139
   11673      58.1330
   11674      58.2525
   11675      59.1181
   11676      59.2154
   11677      55.8590
   11678      53.6117
   11679      54.6940
   11680      58.4208
   11681      60.5683
   11682      66.1487
   11683      66.6054
   11684      64.2373
   11685      62.4617
   11686      63.4631
   11687      64.1052
   11688      62.9781
   11689      63.0280
   11690      66.0313
   11691      65.0758
   11692      65.3535
   11693      62.6729
   11694      61.1747
   11695      60.3501
   11696      59.2177
   11697      56.4620
   11698      57.8666
   11699      60.3394
   11700      60.0816
   11701      58.5915
   11702      58.5865
   11703      63.1963
   11704      63.9680
   11705      58.6340
   11706      57.1693
   11707      60.9872
   11708      59.7169
   11709      61.4207
   11710      54.7280
   11711      52.0706
   11712      53.3456
   11713      51.5711
   11714      55.3397
   11715      49.3668
   11716      49.3032
   11717      49.8112
   11718      47.3619
   11719      50.2746
   11720      50.3498
   11721      51.3668
   11722      53.0585
   11723      57.0527
   11724      61.1478
   11725      53.8617
   11726      53.6392
   11727      56.9153
   11728      54.3712
   11729      52.5544
   11730      53.3801
   11731      55.5373
   11732      56.8533
   11733      55.9326
   11734      56.2264
   11735      54.6058
   11736      53.4868
   11737      50.0740
   11738      51.0823
   11739      46.8801
   11740      46.8236
   11741      51.0220
   11742      49.9190
   11743      49.3111
   11744      46.8940
   11745      46.6063
   11746      42.9220
   11747      43.3812
   11748      45.5680
   11749      50.0752
   11750      53.7651
   11751      53.4859
   11752      52.7043
   11753      44.1176
   11754      51.5417
   11755      51.4827
   11756      51.8108
   11757      54.4029
   11758      50.1462
   11759      46.0832
   11760      50.1279
   11761      55.0142
   11762      53.8410
   11763      51.8185
   11764      57.1423
   11765      56.7085
   11766      55.7233
   11767      58.1004
   11768      56.6067
   11769      58.9570
   11770      57.5734
   11771      58.7170
   11772      57.1262
   11773      55.8270
   11774      58.5194
   11775      58.4088
   11776      56.0311
   11777      57.0004
   11778      50.7899
   11779      50.4453
   11780      51.4866
   11781      52.8792
   11782      50.3315
   11783      51.3342
   11784      50.8755
   11785      52.7686
   11786      47.3378
   11787      50.5950
   11788      48.2958
   11789      48.8120
   11790      51.2257
   11791      51.2638
   11792      54.7401
   11793      55.6789
   11794      56.4757
   11795      52.2653
   11796      50.8292
   11797      49.4284
   11798      54.9161
   11799      52.0839
   11800      51.8679
   11801      51.5716
   11802      51.9733
   11803      53.5892
   11804      52.5085
   11805      55.5021
   11806      56.2812
   11807      56.9862
   11808      50.8808
   11809      49.2548
   11810      50.6033
   11811      51.7375
   11812      54.4959
   11813      53.5641
   11814      56.6400
   11815      55.9857
   11816      55.3790
   11817      53.2308
   11818      50.0209
   11819      49.3098
   11820      50.7196
   11821      53.8547
   11822      51.8276
   11823      49.5393
   11824      45.0511
   11825      43.7294
   11826      41.3884
   11827      43.3683
   11828      45.8595
   11829      47.1919
   11830      45.8359
   11831      52.0206
   11832      54.1636
   11833      54.9884
   11834      57.4377
   11835      55.3030
   11836      56.7093
   11837      52.4482
   11838      50.3986
   11839      48.0950
   11840      50.7310
   11841      49.7765
   11842      48.1759
   11843      46.7660
   11844      49.7355
   11845      51.8730
   11846      50.3205
   11847      43.4950
   11848      43.1918
   11849      42.4649
   11850      42.4476
   11851      45.0322
   11852      46.2210
   11853      46.7415
   11854      43.8007
   11855      45.7437
   11856      48.1240
   11857      48.0027
   11858      49.1977
   11859      48.5046
   11860      51.0455
   11861      51.8514
   11862      51.0147
   11863      43.5804
   11864      42.6123
   11865      45.7442
   11866      43.3771
   11867      47.2088
   11868      44.9502
   11869      47.2318
   11870      47.1268
   11871      47.8487
   11872      45.8224
   11873      48.1687
   11874      53.2901
   11875      51.4749
   11876      49.7694
   11877      53.9932
   11878      53.7628
   11879      53.5594
   11880      52.2860
   11881      52.4274
   11882      54.1359
   11883      49.7970
   11884      42.5562
   11885      45.0154
   11886      47.4243
   11887      47.1042
   11888      49.6281
   11889      52.2273
   11890      54.3746
   11891      56.2097
   11892      56.2833
   11893      54.1657
   11894      53.9205
   11895      49.1880
   11896      53.9357
   11897      52.1544
   11898      51.8624
   11899      54.7078
   11900      53.3504
   11901      56.5164
   11902      55.0932
   11903      53.5290
   11904      52.1074
   11905      48.4479
   11906      49.0999
   11907      50.1408
   11908      46.7106
   11909      50.6343
   11910      50.5097
   11911      50.8800
   11912      47.6491
   11913      54.0350
   11914      55.5940
   11915      51.9346
   11916      52.8674
   11917      56.5093
   11918      59.5767
   11919      57.1787
   11920      56.2707
   11921      59.9182
   11922      62.6076
   11923      59.2114
   11924      58.0418
   11925      58.5594
   11926      61.4848
   11927      52.9152
   11928      51.1111
   11929      53.3062
   11930      51.8291
   11931      51.7449
   11932      51.6812
   11933      50.9919
   11934      55.0162
   11935      51.7905
   11936      53.0416
   11937      55.4372
   11938      57.0168
   11939      57.0376
   11940      61.8142
   11941      57.6654
   11942      54.6175
   11943      50.4521
   11944      49.0862
   11945      48.7217
   11946      49.4177
   11947      48.1289
   11948      47.4573
   11949      46.3434
   11950      44.8354
   11951      46.2880
   11952      45.0927
   11953      49.8451
   11954      49.3043
   11955      48.0236
   11956      52.9475
   11957      57.5329
   11958      57.9475
   11959      55.3825
   11960      55.5593
   11961      59.0269
   11962      56.9709
   11963      60.5517
   11964      55.1017
   11965      52.5312
   11966      51.8949
   11967      48.6255
   11968      49.3932
   11969      46.6901
   11970      49.1859
   11971      54.4787
   11972      53.7352
   11973      55.5819
   11974      55.0847
   11975      51.7654
   11976      52.5685
   11977      53.9405
   11978      53.2780
   11979      48.1290
   11980      50.6649
   11981      51.4318
   11982      51.6548
   11983      55.5400
   11984      50.6673
   11985      47.4382
   11986      52.7377
   11987      51.2842
   11988      55.9126
   11989      57.3540
   11990      50.6140
   11991      56.1234
   11992      54.5247
   11993      57.9947
   11994      55.0481
   11995      55.0720
   11996      51.8785
   11997      47.8892
   11998      50.1630
   11999      53.9253
   12000      54.1462
   12001      55.6993
   12002      55.7051
   12003      53.9573
   12004      57.3680
   12005      54.5703
   12006      56.6037
   12007      50.7486
   12008      54.9085
   12009      52.6990
   12010      54.3506
   12011      53.4814
   12012      49.0276
   12013      50.8392
   12014      52.9589
   12015      54.5730
   12016      58.6109
   12017      63.8715
   12018      63.8324
   12019      67.9159
   12020      68.3133
   12021      63.1730
   12022      62.6249
   12023      59.2420
   12024      58.6679
   12025      56.2050
   12026      59.1163
   12027      52.3098
   12028      54.4098
   12029      51.7798
   12030      51.6012
   12031      54.1726
   12032      51.6272
   12033      55.7526
   12034      50.3439
   12035      55.7974
   12036      60.4605
   12037      61.6202
   12038      58.1653
   12039      56.8764
   12040      54.6829
   12041      53.5843
   12042      53.2370
   12043      55.2811
   12044      50.2191
   12045      51.8613
   12046      49.6244
   12047      51.0156
   12048      52.0655
   12049      51.1771
   12050      49.2978
   12051      49.4211
   12052      50.1356
   12053      54.1309
   12054      49.4829
   12055      51.1274
   12056      46.7350
   12057      47.3024
   12058      50.3247
   12059      46.9177
   12060      44.9714
   12061      48.4170
   12062      44.1627
   12063      46.9737
   12064      50.1743
   12065      52.4695
   12066      52.1241
   12067      58.7858
   12068      62.2700
   12069      69.2518
   12070      67.9839
   12071      62.9384
   12072      58.1284
   12073      50.9143
   12074      48.7531
   12075      51.2119
   12076      50.9316
   12077      54.2290
   12078      52.7941
   12079      51.0901
   12080      51.9070
   12081      53.4431
   12082      52.5922
   12083      51.2471
   12084      58.2611
   12085      57.1697
   12086      58.3396
   12087      52.9536
   12088      54.4530
   12089      59.9436
   12090      63.4636
   12091      58.9912
   12092      57.9109
   12093      55.5477
   12094      52.1743
   12095      54.4219
   12096      58.0029
   12097      58.4139
   12098      55.2326
   12099      55.0238
   12100      55.6659
   12101      51.2980
   12102      48.2743
   12103      48.4623
   12104      49.1599
   12105      51.9408
   12106      55.2744
   12107      56.1579
   12108      55.5972
   12109      52.2241
   12110      52.6220
   12111      52.4206
   12112      54.3772
   12113      58.2666
   12114      58.6949
   12115      62.4730
   12116      65.3053
   12117      64.2294
   12118      62.9249
   12119      61.7972
   12120      58.2296
   12121      57.3631
   12122      59.9875
   12123      61.7635
   12124      67.5068
   12125      67.6537
   12126      69.3170
   12127      68.0155
   12128      71.5030
   12129      70.4484
   12130      69.6759
   12131      70.5043
   12132      71.6791
   12133      69.5792
   12134      66.6389
   12135      66.3814
   12136      63.9887
   12137      59.2766
   12138      59.8305
   12139      62.3508
   12140      63.4189
   12141      66.3880
   12142      70.3481
   12143      72.6421
   12144      70.9792
   12145      70.5328
   12146      66.0721
   12147      64.1017
   12148      60.2145
   12149      64.0962
   12150      66.2281
   12151      67.9968
   12152      69.8562
   12153      69.3993
   12154      66.5722
   12155      66.4112
   12156      67.0181
   12157      65.0012
   12158      64.0474
   12159      62.0927
   12160      56.2921
   12161      57.4772
   12162      53.1235
   12163      51.7895
   12164      53.9178
   12165      50.6865
   12166      54.8126
   12167      55.6706
   12168      53.3343
   12169      58.5341
   12170      60.3684
   12171      56.1056
   12172      51.9094
   12173      50.5372
   12174      51.2960
   12175      50.2522
   12176      54.0215
   12177      53.6001
   12178      51.3650
   12179      51.9343
   12180      51.4072
   12181      50.5473
   12182      49.6744
   12183      52.3323
   12184      50.6307
   12185      50.7596
   12186      48.1283
   12187      48.2236
   12188      47.3214
   12189      46.0042
   12190      43.2735
   12191      50.0366
   12192      51.7467
   12193      48.1954
   12194      50.9917
   12195      45.1676
   12196      47.6373
   12197      47.0121
   12198      48.2299
   12199      49.8754
   12200      48.9860
   12201      49.0555
   12202      49.5190
   12203      47.1906
   12204      53.7122
   12205      52.6412
   12206      48.1406
   12207      46.8283
   12208      47.4798
   12209      46.8644
   12210      47.8855
   12211      50.3149
   12212      55.5014
   12213      54.2653
   12214      49.9088
   12215      50.3802
   12216      47.8012
   12217      51.1787
   12218      51.9433
   12219      50.1951
   12220      49.6166
   12221      55.3689
   12222      53.9542
   12223      54.1328
   12224      55.7857
   12225      54.4620
   12226      51.8840
   12227      51.4482
   12228      52.8626
   12229      56.0941
   12230      56.7747
   12231      56.3594
   12232      48.7474
   12233      44.4909
   12234      50.6607
   12235      52.5836
   12236      54.7321
   12237      55.6014
   12238      56.8597
   12239      55.7300
   12240      50.6631
   12241      49.9235
   12242      49.3005
   12243      52.9848
   12244      52.5679
   12245      50.6994
   12246      46.8576
   12247      53.6126
   12248      52.4500
   12249      47.2008
   12250      47.2662
   12251      49.7653
   12252      48.6271
   12253      46.4974
   12254      43.7819
   12255      45.9745
   12256      45.6589
   12257      42.9154
   12258      44.2567
   12259      46.3302
   12260      45.3281
   12261      47.4758
   12262      44.5010
   12263      46.3547
   12264      47.0144
   12265      46.3193
   12266      51.5558
   12267      50.5347
   12268      47.3662
   12269      44.7316
   12270      46.7988
   12271      49.3852
   12272      51.7765
   12273      56.2809
   12274      56.2428
   12275      50.0945
   12276      53.4713
   12277      53.0972
   12278      56.5001
   12279      55.4523
   12280      54.7214
   12281      55.0646
   12282      52.6375
   12283      48.6733
   12284      50.1426
   12285      50.6732
   12286      53.1868
   12287      57.1468
   12288      55.1707
   12289      52.4125
   12290      51.1888
   12291      52.6587
   12292      50.7400
   12293      49.8060
   12294      48.4839
   12295      48.9554
   12296      54.1898
   12297      52.8765
   12298      49.7428
   12299      47.7587
   12300      51.4041
   12301      50.4412
   12302      51.1809
   12303      53.8528
   12304      52.4872
   12305      51.0179
   12306      54.2246
   12307      52.4889
   12308      52.8519
   12309      54.2568
   12310      55.8157
   12311      56.5465
   12312      54.1213
   12313      51.8286
   12314      52.0512
   12315      52.9898
   12316      52.6923
   12317      51.2205
   12318      57.1016
   12319      59.6601
   12320      56.9438
   12321      51.5263
   12322      51.7768
   12323      50.8101
   12324      52.5346
   12325      52.4990
   12326      50.3139
   12327      52.5949
   12328      54.2043
   12329      49.7658
   12330      54.6540
   12331      49.6419
   12332      55.0247
   12333      49.8448
   12334      49.0848
   12335      51.1331
   12336      53.7392
   12337      55.6178
   12338      54.8523
   12339      56.3601
   12340      49.1991
   12341      55.7568
   12342      55.3328
   12343      53.2697
   12344      54.3616
   12345      51.0732
   12346      53.4208
   12347      56.5604
   12348      55.6066
   12349      53.6192
   12350      55.2951
   12351      57.0326
   12352      52.0170
   12353      54.3160
   12354      51.3501
   12355      49.9993
   12356      50.8095
   12357      51.7583
   12358      51.2704
   12359      52.9969
   12360      51.8485
   12361      50.2650
   12362      51.6415
   12363      48.8256
   12364      53.1793
   12365      50.8629
   12366      47.9548
   12367      52.7527
   12368      52.3003
   12369      52.8304
   12370      53.9161
   12371      54.4137
   12372      53.1139
   12373      51.1001
   12374      55.1686
   12375      55.9125
   12376      56.2669
   12377      51.6899
   12378      53.1073
   12379      53.9262
   12380      53.6116
   12381      53.3645
   12382      47.6774
   12383      53.8749
   12384      54.5943
   12385      50.4235
   12386      53.5008
   12387      55.0738
   12388      52.2956
   12389      55.1003
   12390      55.1154
   12391      52.2457
   12392      48.6566
   12393      49.4023
   12394      52.2850
   12395      51.5847
   12396      49.6743
   12397      53.4754
   12398      53.0475
   12399      50.5947
   12400      49.0778
   12401      49.5465
   12402      49.3850
   12403      48.4234
   12404      48.2770
   12405      49.5566
   12406      46.0067
   12407      46.9908
   12408      44.9536
   12409      45.9818
   12410      46.8216
   12411      47.9582
   12412      49.3878
   12413      46.5444
   12414      45.9947
   12415      51.2551
   12416      53.5014
   12417      53.3229
   12418      50.4851
   12419      51.2191
   12420      51.3278
   12421      49.1916
   12422      45.7346
   12423      45.6426
   12424      43.8485
   12425      48.3520
   12426      44.8575
   12427      41.7752
   12428      49.1006
   12429      48.4996
   12430      47.3155
   12431      51.2986
   12432      45.8542
   12433      41.7905
   12434      45.3777
   12435      45.1805
   12436      45.9268
   12437      48.3932
   12438      46.5514
   12439      50.8951
   12440      51.3883
   12441      52.6285
   12442      48.7362
   12443      45.8251
   12444      48.4231
   12445      46.9534
   12446      42.9771
   12447      49.2895
   12448      48.1881
   12449      47.5593
   12450      55.7268
   12451      57.0685
   12452      55.5915
   12453      58.1336
   12454      60.0588
   12455      58.9821
   12456      56.2061
   12457      53.4445
   12458      52.3363
   12459      56.2160
   12460      55.7916
   12461      51.4378
   12462      51.4382
   12463      50.1148
   12464      52.6224
   12465      50.4770
   12466      50.2018
   12467      48.3652
   12468      51.8612
   12469      53.3574
   12470      53.8604
   12471      53.9568
   12472      57.6401
   12473      55.0812
   12474      51.8634
   12475      49.9279
   12476      51.1848
   12477      52.3677
   12478      51.2457
   12479      52.3956
   12480      50.9307
   12481      57.1294
   12482      58.8724
   12483      57.9366
   12484      58.6521
   12485      57.1109
   12486      55.2713
   12487      50.2121
   12488      52.0444
   12489      54.8065
   12490      53.1529
   12491      51.3502
   12492      46.9077
   12493      50.2693
   12494      53.1334
   12495      54.6042
   12496      52.6964
   12497      54.3825
   12498      56.9512
   12499      57.7079
   12500      53.4229
   12501      54.4005
   12502      50.9392
   12503      55.0507
   12504      53.3069
   12505      54.9296
   12506      55.1186
   12507      57.2231
   12508      57.5858
   12509      58.1023
   12510      57.9818
   12511      52.1809
   12512      48.1351
   12513      48.4360
   12514      47.7413
   12515      45.8691
   12516      46.4631
   12517      48.5574
   12518      46.9232
   12519      46.3656
   12520      47.0686
   12521      48.0966
   12522      47.2415
   12523      50.4099
   12524      44.3895
   12525      47.9686
   12526      46.2889
   12527      47.1566
   12528      45.5823
   12529      46.1921
   12530      44.7901
   12531      47.1047
   12532      46.6266
   12533      46.2811
   12534      50.0254
   12535      48.2769
   12536      45.4362
   12537      46.7506
   12538      49.7205
   12539      51.7433
   12540      53.6976
   12541      57.0396
   12542      61.2956
   12543      55.6283
   12544      57.7704
   12545      57.5973
   12546      57.1016
   12547      56.2559
   12548      55.3660
   12549      57.0264
   12550      52.0242
   12551      50.1767
   12552      54.2560
   12553      52.9245
   12554      49.0088
   12555      48.7347
   12556      45.6028
   12557      42.7500
   12558      44.4030
   12559      49.0628
   12560      47.2876
   12561      48.3337
   12562      52.4005
   12563      47.5952
   12564      49.3028
   12565      49.9614
   12566      48.6369
   12567      48.0795
   12568      45.0570
   12569      46.4942
   12570      46.6983
   12571      48.6709
   12572      50.1388
   12573      48.8792
   12574      50.8839
   12575      49.9217
   12576      48.3668
   12577      50.0571
   12578      50.7848
   12579      49.9496
   12580      54.6009
   12581      55.4537
   12582      55.7497
   12583      59.2348
   12584      64.1152
   12585      65.2239
   12586      61.5780
   12587      63.2332
   12588      63.0017
   12589      60.9700
   12590      57.3655
   12591      57.7849
   12592      56.0473
   12593      55.4152
   12594      59.5805
   12595      60.8985
   12596      59.0135
   12597      54.6367
   12598      50.7450
   12599      52.3357
   12600      48.8408
   12601      51.6472
   12602      50.5069
   12603      51.7597
   12604      54.0041
   12605      50.9548
   12606      53.5729
   12607      52.2612
   12608      54.7449
   12609      52.3182
   12610      51.7161
   12611      50.0949
   12612      49.3370
   12613      50.5469
   12614      49.3773
   12615      50.1321
   12616      47.9668
   12617      49.8596
   12618      48.3702
   12619      50.1259
   12620      48.9959
   12621      49.7375
   12622      50.6856
   12623      49.3089
   12624      50.2154
   12625      53.2365
   12626      52.3941
   12627      53.4726
   12628      51.3126
   12629      50.5330
   12630      52.2144
   12631      52.8990
   12632      51.3720
   12633      48.9739
   12634      47.8050
   12635      48.6200
   12636      46.5231
   12637      47.5779
   12638      50.5650
   12639      47.7237
   12640      41.9472
   12641      43.2117
   12642      49.1463
   12643      48.9405
   12644      49.9223
   12645      56.3542
   12646      55.8808
   12647      58.6761
   12648      59.3727
   12649      54.9941
   12650      53.0647
   12651      53.4805
   12652      53.4997
   12653      49.5123
   12654      48.2183
   12655      43.6339
   12656      50.0197
   12657      45.7342
   12658      53.6854
   12659      51.9066
   12660      51.3348
   12661      53.6554
   12662      56.8134
   12663      59.8403
   12664      59.8139
   12665      56.9449
   12666      52.1813
   12667      57.0802
   12668      53.4910
   12669      52.2111
   12670      51.9719
   12671      48.5261
   12672      48.8248
   12673      48.3209
   12674      51.7733
   12675      50.9516
   12676      49.7709
   12677      49.0650
   12678      53.2744
   12679      51.4507
   12680      50.5083
   12681      52.7703
   12682      47.9875
   12683      48.5353
   12684      49.5118
   12685      49.9747
   12686      53.5105
   12687      54.9020
   12688      52.1299
   12689      55.3908
   12690      54.1694
   12691      53.0630
   12692      54.3013
   12693      53.0329
   12694      53.4268
   12695      51.9213
   12696      56.0941
   12697      56.1286
   12698      55.2558
   12699      56.2896
   12700      57.5465
   12701      57.8523
   12702      56.8649
   12703      55.3022
   12704      54.0313
   12705      53.8129
   12706      55.4486
   12707      53.9016
   12708      57.0949
   12709      56.6366
   12710      57.9649
   12711      60.6780
   12712      62.3332
   12713      59.5811
   12714      59.8058
   12715      59.3203
   12716      59.5080
   12717      57.5554
   12718      60.7202
   12719      60.8190
   12720      58.6424
   12721      57.2707
   12722      59.5710
   12723      62.1159
   12724      65.2269
   12725      57.9689
   12726      54.6883
   12727      54.4126
   12728      52.3940
   12729      53.8193
   12730      56.3979
   12731      50.5994
   12732      54.4976
   12733      51.3719
   12734      53.9516
   12735      53.8550
   12736      50.0363
   12737      53.2590
   12738      53.3293
   12739      54.0505
   12740      55.3612
   12741      57.3660
   12742      58.5784
   12743      58.2853
   12744      55.0627
   12745      56.3261
   12746      53.0538
   12747      56.4531
   12748      58.3592
   12749      58.2407
   12750      58.8902
   12751      55.8458
   12752      54.8378
   12753      51.4504
   12754      57.3211
   12755      60.6319
   12756      59.3455
   12757      55.2916
   12758      54.7764
   12759      55.0632
   12760      56.2687
   12761      61.1630
   12762      60.0919
   12763      62.2726
   12764      61.4673
   12765      57.9460
   12766      55.5887
   12767      60.6730
   12768      62.2698
   12769      63.5916
   12770      60.8054
   12771      59.1468
   12772      65.6781
   12773      64.5005
   12774      67.3936
   12775      71.0641
   12776      68.2539
   12777      67.2437
   12778      65.0748
   12779      69.1523
   12780      73.1343
   12781      69.8861
   12782      67.1154
   12783      68.5594
   12784      66.2739
   12785      65.7957
   12786      66.4071
   12787      74.9011
   12788      77.1191
   12789      76.3624
   12790      70.5176
   12791      64.5557
   12792      64.3918
   12793      67.5171
   12794      66.8319
   12795      63.1910
   12796      64.9412
   12797      64.1909
   12798      64.7171
   12799      68.7123
   12800      72.7464
   12801      72.8907
   12802      72.4875
   12803      73.7421
   12804      72.9249
   12805      70.5797
   12806      71.0294
   12807      73.7219
   12808      76.0228
   12809      75.1808
   12810      79.2393
   12811      79.5969
   12812      77.4169
   12813      71.6416
   12814      68.6390
   12815      71.3125
   12816      73.9838
   12817      71.7195
   12818      70.6401
   12819      75.9941
   12820      72.8527
   12821      75.2030
   12822      77.2885
   12823      74.4801
   12824      76.4683
   12825      76.7341
   12826      73.7702
   12827      70.8436
   12828      72.2239
   12829      73.0539
   12830      70.0647
   12831      72.7824
   12832      69.2935
   12833      69.3412
   12834      71.0253
   12835      71.9013
   12836      63.9775
   12837      62.4918
   12838      53.8793
   12839      55.1940
   12840      59.0089
   12841      54.1135
   12842      54.9836
   12843      51.4175
   12844      51.1601
   12845      51.0247
   12846      52.9808
   12847      49.2712
   12848      51.1943
   12849      48.4041
   12850      48.3971
   12851      50.0587
   12852      49.6419
   12853      49.8599
   12854      55.6309
   12855      50.5038
   12856      51.9330
   12857      52.8863
   12858      55.6338
   12859      55.5452
   12860      52.7510
   12861      56.8242
   12862      59.5833
   12863      52.7566
   12864      55.8414
   12865      53.0549
   12866      53.1922
   12867      51.0311
   12868      51.2876
   12869      51.4666
   12870      52.3815
   12871      51.5453
   12872      55.7905
   12873      55.1792
   12874      52.0430
   12875      49.2740
   12876      50.6965
   12877      49.3687
   12878      50.4719
   12879      52.2976
   12880      52.2811
   12881      52.1046
   12882      49.7365
   12883      49.9794
   12884      49.2336
   12885      49.4364
   12886      50.0553
   12887      47.3834
   12888      46.7362
   12889      45.0464
   12890      47.0941
   12891      48.5895
   12892      48.1086
   12893      51.4586
   12894      55.0348
   12895      52.8030
   12896      52.3380
   12897      49.8051
   12898      48.7232
   12899      49.9608
   12900      49.3906
   12901      47.6500
   12902      52.8449
   12903      53.4815
   12904      50.6414
   12905      53.1373
   12906      51.7792
   12907      56.4299
   12908      53.5570
   12909      55.7941
   12910      57.7668
   12911      59.7678
   12912      60.6428
   12913      59.9585
   12914      55.8014
   12915      51.1878
   12916      52.0831
   12917      49.8836
   12918      52.1341
   12919      54.7032
   12920      54.4059
   12921      57.2998
   12922      55.0277
   12923      50.7555
   12924      54.6116
   12925      55.3426
   12926      53.8409
   12927      56.5690
   12928      54.6854
   12929      52.5379
   12930      54.7126
   12931      51.0909
   12932      54.9403
   12933      55.9339
   12934      53.3585
   12935      52.4573
   12936      51.2820
   12937      50.3288
   12938      53.6554
   12939      50.8399
   12940      53.7381
   12941      53.9780
   12942      56.6318
   12943      55.9256
   12944      53.2529
   12945      53.4162
   12946      49.3896
   12947      49.8634
   12948      51.3734
   12949      52.4094
   12950      55.7488
   12951      52.4892
   12952      52.7354
   12953      51.6546
   12954      55.8001
   12955      55.5623
   12956      51.1383
   12957      49.2794
   12958      52.9606
   12959      50.5666
   12960      51.9022
   12961      49.1754
   12962      48.6487
   12963      50.9901
   12964      53.0920
   12965      50.9643
   12966      53.9199
   12967      52.5541
   12968      50.6208
   12969      54.3324
   12970      55.2061
   12971      53.3407
   12972      49.7303
   12973      52.8151
   12974      52.4822
   12975      51.2011
   12976      51.9614
   12977      54.3524
   12978      48.1224
   12979      53.4265
   12980      51.8295
   12981      51.7353
   12982      49.5384
   12983      52.9688
   12984      51.4313
   12985      51.7348
   12986      48.7176
   12987      49.5232
   12988      49.6569
   12989      50.5119
   12990      46.1679
   12991      47.7726
   12992      43.2239
   12993      45.3032
   12994      47.4339
   12995      47.7399
   12996      51.9174
   12997      50.3351
   12998      49.7282
   12999      49.0969
   13000      47.8371
   13001      45.4716
   13002      48.9461
   13003      50.2937
   13004      45.7422
   13005      42.0564
   13006      48.2524
   13007      47.0516
   13008      47.7326
   13009      48.2838
   13010      53.0793
   13011      50.6587
   13012      46.0844
   13013      49.5164
   13014      49.7986
   13015      46.9808
   13016      42.4015
   13017      44.8348
   13018      49.4632
   13019      50.3058
   13020      52.5201
   13021      50.4469
   13022      50.9095
   13023      52.9364
   13024      55.4885
   13025      61.0025
   13026      55.7186
   13027      56.0225
   13028      57.2603
   13029      53.1738
   13030      53.9510
   13031      52.8811
   13032      54.0242
   13033      52.5244
   13034      52.8542
   13035      50.6669
   13036      52.2585
   13037      50.7678
   13038      53.5166
   13039      52.5404
   13040      53.0613
   13041      52.2996
   13042      50.9446
   13043      50.6002
   13044      49.9550
   13045      52.5818
   13046      49.8468
   13047      51.0362
   13048      56.3755
   13049      57.7387
   13050      60.4294
   13051      53.8118
   13052      56.9167
   13053      59.3558
   13054      58.7088
   13055      60.9990
   13056      55.2525
   13057      52.2713
   13058      55.1080
   13059      51.1517
   13060      48.5572
   13061      52.8435
   13062      48.4044
   13063      50.6219
   13064      54.5224
   13065      55.9036
   13066      55.1970
   13067      53.9142
   13068      51.2307
   13069      54.3830
   13070      54.1997
   13071      52.3708
   13072      50.8523
   13073      47.8398
   13074      46.7789
   13075      47.2612
   13076      46.5344
   13077      47.8225
   13078      50.3281
   13079      50.6219
   13080      54.5839
   13081      56.8470
   13082      61.8841
   13083      69.6634
   13084      63.8930
   13085      51.1119
   13086      53.9426
   13087      53.0241
   13088      48.7283
   13089      50.1797
   13090      53.3075
   13091      53.9066
   13092      51.4933
   13093      45.0918
   13094      49.6625
   13095      46.5133
   13096      50.0936
   13097      51.3085
   13098      49.2276
   13099      47.3150
   13100      49.4445
   13101      45.9813
   13102      48.5623
   13103      48.7941
   13104      50.3389
   13105      50.5731
   13106      54.8476
   13107      55.5773
   13108      59.7149
   13109      56.9338
   13110      55.4614
   13111      56.7148
   13112      59.7439
   13113      57.3227
   13114      52.8867
   13115      55.8129
   13116      52.3419
   13117      50.5275
   13118      51.6103
   13119      50.6724
   13120      51.5685
   13121      56.5836
   13122      59.1548
   13123      60.2198
   13124      61.0326
   13125      65.8243
   13126      68.2129
   13127      68.2879
   13128      62.0707
   13129      57.7263
   13130      56.4875
   13131      57.1658
   13132      55.3755
   13133      57.4425
   13134      65.4088
   13135      65.0347
   13136      64.9159
   13137      66.7252
   13138      70.4763
   13139      67.8211
   13140      63.4062
   13141      60.2846
   13142      60.2658
   13143      59.7397
   13144      61.7443
   13145      57.1458
   13146      55.2271
   13147      49.7811
   13148      48.5909
   13149      47.0551
   13150      45.4247
   13151      43.9603
   13152      45.6413
   13153      43.9934
   13154      51.3115
   13155      53.2952
   13156      54.1367
   13157      54.7188
   13158      49.6851
   13159      56.0512
   13160      55.7502
   13161      55.6773
   13162      59.0076
   13163      56.4285
   13164      55.4793
   13165      55.9203
   13166      54.3737
   13167      52.2678
   13168      53.2544
   13169      49.0494
   13170      49.3335
   13171      50.7407
   13172      55.5091
   13173      55.5050
   13174      54.0572
   13175      48.9537
   13176      50.8672
   13177      56.7763
   13178      55.6398
   13179      49.6267
   13180      46.4714
   13181      46.0132
   13182      46.2014
   13183      48.6147
   13184      44.1966
   13185      46.9514
   13186      47.8419
   13187      46.9273
   13188      46.4739
   13189      47.4452
   13190      46.4744
   13191      45.8242
   13192      51.0520
   13193      50.4786
   13194      53.1198
   13195      54.6147
   13196      47.6257
   13197      48.1949
   13198      47.7354
   13199      49.8337
   13200      49.8382
   13201      49.2229
   13202      49.1629
   13203      52.4372
   13204      53.9776
   13205      54.6425
   13206      53.3223
   13207      51.1652
   13208      49.1803
   13209      51.7758
   13210      51.9540
   13211      49.8654
   13212      51.1027
   13213      51.6961
   13214      56.9479
   13215      56.9094
   13216      57.0450
   13217      54.6157
   13218      55.4773
   13219      54.3190
   13220      51.7007
   13221      49.0258
   13222      51.5421
   13223      54.6124
   13224      51.5920
   13225      50.5906
   13226      52.4063
   13227      50.4257
   13228      49.0049
   13229      49.7729
   13230      47.0536
   13231      49.3564
   13232      47.3766
   13233      45.2679
   13234      48.2530
   13235      43.6286
   13236      42.9053
   13237      49.5647
   13238      48.8665
   13239      52.5104
   13240      51.6106
   13241      53.3825
   13242      50.8579
   13243      55.6694
   13244      52.3136
   13245      53.0966
   13246      54.9663
   13247      53.2693
   13248      52.1708
   13249      51.4754
   13250      52.9892
   13251      53.9644
   13252      54.0425
   13253      52.8441
   13254      54.6919
   13255      50.8222
   13256      53.7487
   13257      52.6760
   13258      53.3096
   13259      54.9586
   13260      54.6790
   13261      54.3526
   13262      55.6408
   13263      54.8612
   13264      52.7615
   13265      54.7845
   13266      52.5483
   13267      54.1889
   13268      59.5735
   13269      58.2562
   13270      57.4108
   13271      60.3415
   13272      57.3212
   13273      54.2538
   13274      59.1701
   13275      58.7308
   13276      64.3082
   13277      64.5924
   13278      63.7701
   13279      66.7861
   13280      65.9561
   13281      66.9314
   13282      67.2273
   13283      66.3872
   13284      68.5120
   13285      67.8941
   13286      65.3254
   13287      66.5084
   13288      68.8742
   13289      68.2051
   13290      64.5693
   13291      61.1080
   13292      63.6948
   13293      64.2300
   13294      58.3610
   13295      57.6611
   13296      55.5765
   13297      58.5019
   13298      56.0389
   13299      48.1712
   13300      49.8545
   13301      47.6631
   13302      53.7100
   13303      51.8372
   13304      54.8281
   13305      54.4790
   13306      53.3478
   13307      53.6809
   13308      54.1091
   13309      55.2419
   13310      57.2855
   13311      51.5142
   13312      54.3593
   13313      51.9008
   13314      55.5439
   13315      58.2851
   13316      57.4601
   13317      52.7485
   13318      53.7670
   13319      49.4835
   13320      52.8624
   13321      54.2984
   13322      53.7174
   13323      54.0306
   13324      51.7982
   13325      50.8156
   13326      53.6752
   13327      52.4147
   13328      53.0419
   13329      52.3318
   13330      51.2169
   13331      53.3731
   13332      53.1543
   13333      56.5966
   13334      58.3436
   13335      62.5522
   13336      63.8951
   13337      67.2540
   13338      65.0498
   13339      67.8705
   13340      72.1044
   13341      70.6640
   13342      68.5384
   13343      71.2948
   13344      72.3229
   13345      74.1808
   13346      69.8194
   13347      70.6641
   13348      71.6533
   13349      69.9367
   13350      64.3522
   13351      68.8730
   13352      67.0456
   13353      62.4048
   13354      63.5323
   13355      65.7558
   13356      64.1695
   13357      60.2610
   13358      62.4221
   13359      59.2211
   13360      60.5869
   13361      59.3832
   13362      55.8157
   13363      57.1913
   13364      55.7249
   13365      47.3118
   13366      45.2192
   13367      49.0911
   13368      50.7804
   13369      47.4349
   13370      52.6025
   13371      48.8940
   13372      52.6883
   13373      50.0215
   13374      50.0103
   13375      45.8817
   13376      49.7033
   13377      48.7883
   13378      53.0634
   13379      49.6734
   13380      46.7733
   13381      48.6110
   13382      48.3530
   13383      50.1683
   13384      49.9768
   13385      51.0469
   13386      47.9466
   13387      45.8571
   13388      45.2068
   13389      43.4203
   13390      47.6694
   13391      52.3357
   13392      57.4997
   13393      56.0029
   13394      53.8243
   13395      50.9074
   13396      45.3888
   13397      40.9003
   13398      45.0372
   13399      48.0005
   13400      51.3624
   13401      49.5389
   13402      42.8710
   13403      47.4901
   13404      46.0944
   13405      51.1655
   13406      52.1781
   13407      51.3235
   13408      55.8519
   13409      50.6670
   13410      53.2457
   13411      49.1588
   13412      47.8510
   13413      49.0230
   13414      46.6872
   13415      48.6308
   13416      48.7612
   13417      45.8043
   13418      47.7566
   13419      50.7902
   13420      49.3653
   13421      51.8539
   13422      47.5586
   13423      45.8033
   13424      51.3159
   13425      50.1034
   13426      46.1598
   13427      45.0514
   13428      46.3459
   13429      44.6301
   13430      47.2854
   13431      51.4648
   13432      50.8292
   13433      51.3862
   13434      50.9776
   13435      56.2062
   13436      60.2724
   13437      66.2420
   13438      70.9524
   13439      71.1918
   13440      70.9369
   13441      66.5406
   13442      65.1215
   13443      63.3985
   13444      63.4267
   13445      66.9241
   13446      65.2102
   13447      58.0185
   13448      67.0336
   13449      70.1111
   13450      73.7073
   13451      71.6848
   13452      77.9303
   13453      82.5559
   13454      81.9126
   13455      81.7016
   13456      82.3899
   13457      77.2278
   13458      77.3546
   13459      71.9519
   13460      69.4500
   13461      70.8556
   13462      72.1720
   13463      74.3714
   13464      79.5587
   13465      77.7027
   13466      74.1186
   13467      75.1163
   13468      81.2035
   13469      81.6147
   13470      84.7700
   13471      84.5131
   13472      84.1100
   13473      84.4088
   13474      79.2044
   13475      77.8901
   13476      79.5051
   13477      70.4311
   13478      71.5598
   13479      73.6681
   13480      68.2119
   13481      65.6450
   13482      68.1519
   13483      69.8272
   13484      69.7961
   13485      66.6475
   13486      64.3251
   13487      64.1542
   13488      59.4166
   13489      60.6139
   13490      61.2293
   13491      58.5618
   13492      56.6581
   13493      62.4449
   13494      67.4325
   13495      68.2374
   13496      66.0872
   13497      63.7704
   13498      62.8091
   13499      59.9237
   13500      64.7738
   13501      62.5544
   13502      57.5736
   13503      58.0197
   13504      56.2596
   13505      57.8887
   13506      62.4358
   13507      63.5009
   13508      68.0907
   13509      72.4616
   13510      67.6658
   13511      65.7138
   13512      63.7490
   13513      64.2841
   13514      67.4874
   13515      72.5522
   13516      74.5225
   13517      72.3066
   13518      71.4154
   13519      69.4065
   13520      66.3633
   13521      69.1573
   13522      68.0222
   13523      68.3253
   13524      70.2135
   13525      70.5568
   13526      68.9170
   13527      72.9210
   13528      69.6242
   13529      69.4205
   13530      70.6764
   13531      70.5252
   13532      73.2225
   13533      70.3226
   13534      69.1260
   13535      65.7838
   13536      67.4057
   13537      67.3299
   13538      69.2086
   13539      69.9338
   13540      70.2358
   13541      71.2372
   13542      69.1957
   13543      66.4177
   13544      60.8371
   13545      60.9417
   13546      62.0725
   13547      65.9543
   13548      72.3819
   13549      73.1876
   13550      69.8223
   13551      66.3685
   13552      69.1847
   13553      68.1080
   13554      64.6247
   13555      64.4319
   13556      60.5609
   13557      64.0271
   13558      67.5499
   13559      66.9427
   13560      65.0047
   13561      63.2589
   13562      61.0119
   13563      59.3011
   13564      58.3025
   13565      58.6011
   13566      59.4015
   13567      59.0531
   13568      55.3579
   13569      53.9106
   13570      51.5958
   13571      47.0679
   13572      49.6878
   13573      52.3150
   13574      54.6394
   13575      57.3820
   13576      56.4723
   13577      58.7090
   13578      56.8717
   13579      60.2863
   13580      58.2985
   13581      56.2313
   13582      55.8485
   13583      50.3356
   13584      50.0644
   13585      47.3641
   13586      49.6797
   13587      52.4877
   13588      49.8961
   13589      50.2692
   13590      50.6089
   13591      52.5548
   13592      53.5185
   13593      56.9505
   13594      48.7439
   13595      52.1419
   13596      56.9017
   13597      56.1597
   13598      51.0713
   13599      56.7202
   13600      62.7671
   13601      59.3778
   13602      62.2024
   13603      60.2717
   13604      60.4968
   13605      56.7294
   13606      51.4519
   13607      56.3662
   13608      56.2843
   13609      56.6526
   13610      52.8483
   13611      55.5769
   13612      59.9112
   13613      67.2001
   13614      73.1982
   13615      70.6523
   13616      65.4571
   13617      65.0964
   13618      59.9157
   13619      54.8795
   13620      56.8384
   13621      60.2526
   13622      61.1029
   13623      61.2690
   13624      60.4765
   13625      56.7773
   13626      56.4222
   13627      57.0915
   13628      53.7897
   13629      52.1079
   13630      52.8718
   13631      57.5279
   13632      61.3372
   13633      58.3179
   13634      56.4329
   13635      56.4579
   13636      61.8275
   13637      61.0630
   13638      60.8569
   13639      61.1248
   13640      62.2987
   13641      64.7935
   13642      61.3636
   13643      62.3706
   13644      58.6966
   13645      58.9732
   13646      63.5058
   13647      65.1601
   13648      68.5895
   13649      65.1451
   13650      64.2765
   13651      62.7178
   13652      61.7101
   13653      62.9658
   13654      67.3986
   13655      64.8837
   13656      65.7225
   13657      62.4638
   13658      63.6877
   13659      63.8594
   13660      58.6326
   13661      57.2439
   13662      57.7006
   13663      56.5953
   13664      57.4849
   13665      61.5120
   13666      59.9623
   13667      60.1934
   13668      60.5729
   13669      62.6118
   13670      64.7228
   13671      66.1729
   13672      70.0610
   13673      69.8242
   13674      68.9633
   13675      71.6197
   13676      71.7079
   13677      75.0170
   13678      70.9033
   13679      70.3598
   13680      71.7713
   13681      75.5645
   13682      75.1170
   13683      74.7543
   13684      71.4249
   13685      74.6547
   13686      77.2751
   13687      76.0132
   13688      75.7650
   13689      73.5726
   13690      76.5488
   13691      76.9475
   13692      77.0650
   13693      75.1337
   13694      72.5860
   13695      68.2625
   13696      68.6876
   13697      67.8761
   13698      65.0372
   13699      62.8705
   13700      57.3724
   13701      57.1486
   13702      59.3279
   13703      61.2273
   13704      66.1234
   13705      62.6103
   13706      59.4150
   13707      64.5167
   13708      69.2682
   13709      68.0593
   13710      64.8413
   13711      61.7992
   13712      57.4487
   13713      55.6463
   13714      57.2992
   13715      48.1461
   13716      49.5286
   13717      49.2251
   13718      49.6662
   13719      49.2666
   13720      49.4933
   13721      53.4787
   13722      51.6957
   13723      49.5000
   13724      48.7513
   13725      48.9565
   13726      53.3088
   13727      49.2390
   13728      52.9379
   13729      58.3880
   13730      53.2615
   13731      56.0438
   13732      54.7862
   13733      53.8542
   13734      58.2840
   13735      54.1766
   13736      55.5575
   13737      57.4661
   13738      55.3955
   13739      57.8618
   13740      55.8891
   13741      53.3532
   13742      56.9482
   13743      59.5446
   13744      60.6551
   13745      62.4285
   13746      62.7553
   13747      58.0048
   13748      55.7126
   13749      57.9641
   13750      58.8406
   13751      61.0718
   13752      60.2063
   13753      53.0753
   13754      55.2544
   13755      53.2557
   13756      55.2904
   13757      57.5115
   13758      53.7587
   13759      50.9895
   13760      53.6130
   13761      54.1526
   13762      50.8132
   13763      54.4048
   13764      52.2831
   13765      56.7663
   13766      54.7338
   13767      49.8034
   13768      56.8982
   13769      56.2685
   13770      55.4146
   13771      58.3558
   13772      57.7574
   13773      61.4193
   13774      60.4070
   13775      59.0315
   13776      55.4248
   13777      53.8867
   13778      54.3672
   13779      51.8136
   13780      52.6198
   13781      50.8084
   13782      55.2907
   13783      58.4732
   13784      63.9242
   13785      62.4097
   13786      65.7737
   13787      62.5757
   13788      60.5133
   13789      58.5519
   13790      55.4585
   13791      57.3666
   13792      58.8312
   13793      58.1470
   13794      58.5859
   13795      58.2352
   13796      57.0143
   13797      52.3576
   13798      53.9655
   13799      54.7876
   13800      55.5030
   13801      54.3093
   13802      55.2155
   13803      47.1708
   13804      50.0721
   13805      52.3797
   13806      48.5927
   13807      48.5519
   13808      51.0578
   13809      52.3163
   13810      53.0009
   13811      51.8057
   13812      51.7306
   13813      54.9197
   13814      53.5140
   13815      53.9040
   13816      52.1827
   13817      55.6045
   13818      51.1502
   13819      50.6208
   13820      54.7126
   13821      54.3893
   13822      53.0151
   13823      54.2833
   13824      52.0501
   13825      54.6270
   13826      53.3456
   13827      55.2174
   13828      57.2952
   13829      60.0978
   13830      58.7499
   13831      55.6798
   13832      52.9055
   13833      48.6721
   13834      55.0763
   13835      52.1468
   13836      53.3819
   13837      61.6660
   13838      61.7870
   13839      61.6447
   13840      55.0195
   13841      53.9699
   13842      51.2293
   13843      53.0217
   13844      52.9683
   13845      49.2129
   13846      50.3326
   13847      51.3698
   13848      52.0029
   13849      55.1421
   13850      55.8518
   13851      51.8991
   13852      54.6245
   13853      51.0837
   13854      49.8675
   13855      51.5554
   13856      55.9227
   13857      53.2450
   13858      53.6843
   13859      49.8126
   13860      49.0993
   13861      50.6823
   13862      51.2095
   13863      51.7708
   13864      51.1504
   13865      50.4386
   13866      53.3242
   13867      55.0800
   13868      51.8030
   13869      50.9490
   13870      51.3804
   13871      51.8671
   13872      52.3734
   13873      50.6959
   13874      48.0807
   13875      44.1789
   13876      48.2788
   13877      47.0874
   13878      47.6504
   13879      52.4713
   13880      57.2817
   13881      59.3265
   13882      57.3551
   13883      59.6937
   13884      61.1712
   13885      58.7408
   13886      53.1708
   13887      53.5802
   13888      51.2061
   13889      51.9729
   13890      54.1155
   13891      51.9592
   13892      44.2450
   13893      41.9374
   13894      41.3992
   13895      41.2326
   13896      44.7202
   13897      41.8320
   13898      41.8090
   13899      46.6508
   13900      51.5089
   13901      49.9817
   13902      44.5440
   13903      49.2092
   13904      52.2362
   13905      54.2198
   13906      52.0289
   13907      47.3525
   13908      47.3156
   13909      44.7440
   13910      43.1071
   13911      47.4373
   13912      44.6179
   13913      49.9463
   13914      52.2245
   13915      50.2219
   13916      46.5655
   13917      50.0022
   13918      49.4832
   13919      52.8732
   13920      50.9058
   13921      50.2731
   13922      52.4671
   13923      56.7678
   13924      57.3550
   13925      56.9899
   13926      61.8545
   13927      56.2295
   13928      51.3161
   13929      52.4171
   13930      56.6863
   13931      55.6087
   13932      56.3054
   13933      54.4480
   13934      46.4211
   13935      45.2335
   13936      46.4397
   13937      43.2233
   13938      43.1294
   13939      47.9490
   13940      48.3028
   13941      44.1876
   13942      47.7561
   13943      47.8180
   13944      46.4089
   13945      49.6879
   13946      53.0803
   13947      51.0074
   13948      56.0196
   13949      53.2262
   13950      52.0183
   13951      55.9830
   13952      52.4173
   13953      50.0798
   13954      52.2262
   13955      56.5347
   13956      57.9073
   13957      54.9311
   13958      58.2836
   13959      58.9151
   13960      52.5593
   13961      51.7574
   13962      49.7433
   13963      50.8588
   13964      51.4516
   13965      52.3334
   13966      51.2916
   13967      49.8256
   13968      47.7880
   13969      46.4859
   13970      49.3048
   13971      45.2400
   13972      45.7619
   13973      43.7583
   13974      43.3991
   13975      45.9653
   13976      44.7068
   13977      50.0193
   13978      48.8857
   13979      47.6159
   13980      47.9514
   13981      46.6579
   13982      42.4984
   13983      45.5416
   13984      47.6971
   13985      48.0767
   13986      48.3109
   13987      48.4362
   13988      47.8437
   13989      48.3931
   13990      53.2330
   13991      51.1131
   13992      52.8642
   13993      51.1389
   13994      51.9796
   13995      51.2249
   13996      49.8163
   13997      53.3193
   13998      52.4997
   13999      51.9758
   14000      50.5670
   14001      51.2315
   14002      51.1111
   14003      52.1710
   14004      49.8823
   14005      51.4499
   14006      51.4317
   14007      51.8692
   14008      52.1302
   14009      52.5435
   14010      56.2167
   14011      60.8720
   14012      59.2773
   14013      62.1310
   14014      69.4584
   14015      69.3894
   14016      65.3144
   14017      60.6393
   14018      57.2893
   14019      60.3528
   14020      61.7166
   14021      60.0491
   14022      58.0949
   14023      55.1867
   14024      56.0027
   14025      54.2804
   14026      51.4618
   14027      62.4211
   14028      59.5897
   14029      60.8125
   14030      58.0461
   14031      55.7119
   14032      51.9399
   14033      51.9621
   14034      53.9704
   14035      52.1818
   14036      48.5726
   14037      50.6494
   14038      51.7183
   14039      53.9206
   14040      56.5532
   14041      58.4640
   14042      60.1282
   14043      61.4930
   14044      61.4123
   14045      58.6060
   14046      61.0746
   14047      60.2234
   14048      58.2325
   14049      52.4579
   14050      53.7622
   14051      55.5489
   14052      53.7083
   14053      50.2772
   14054      53.8861
   14055      55.4478
   14056      56.7750
   14057      53.1960
   14058      57.1167
   14059      59.9565
   14060      57.6903
   14061      59.0477
   14062      55.1250
   14063      57.3647
   14064      56.7276
   14065      54.7953
   14066      52.9828
   14067      51.6602
   14068      48.4914
   14069      48.0468
   14070      52.4971
   14071      53.6393
   14072      59.3652
   14073      54.4354
   14074      51.8006
   14075      56.6645
   14076      56.0946
   14077      55.1696
   14078      50.6811
   14079      51.4137
   14080      52.8224
   14081      53.7998
   14082      55.4365
   14083      57.5862
   14084      58.0469
   14085      59.2021
   14086      61.7443
   14087      61.4454
   14088      69.0008
   14089      65.8707
   14090      67.1840
   14091      67.0481
   14092      67.5784
   14093      67.8017
   14094      63.7643
   14095      58.5185
   14096      60.9482
   14097      65.2531
   14098      67.2192
   14099      65.0772
   14100      65.1184
   14101      63.8283
   14102      59.9674
   14103      59.4916
   14104      60.6406
   14105      61.8619
   14106      56.7800
   14107      57.6149
   14108      57.8855
   14109      60.8865
   14110      59.0335
   14111      57.3902
   14112      57.5142
   14113      51.7828
   14114      52.5172
   14115      55.0283
   14116      55.5845
   14117      56.5101
   14118      55.2432
   14119      57.3096
   14120      53.0810
   14121      53.2932
   14122      56.0865
   14123      52.6929
   14124      52.4400
   14125      48.8921
   14126      46.7568
   14127      50.5647
   14128      52.2794
   14129      52.0592
   14130      47.5291
   14131      50.5095
   14132      49.8096
   14133      52.0386
   14134      50.6516
   14135      51.8033
   14136      52.5209
   14137      52.3191
   14138      51.5947
   14139      50.5506
   14140      51.7557
   14141      53.2116
   14142      50.1911
   14143      54.7374
   14144      57.6662
   14145      55.2918
   14146      53.0558
   14147      54.8689
   14148      55.3322
   14149      54.3627
   14150      53.5665
   14151      55.0703
   14152      56.0838
   14153      51.9979
   14154      54.6063
   14155      53.8526
   14156      53.4783
   14157      52.6108
   14158      50.5472
   14159      55.7344
   14160      58.0530
   14161      56.7200
   14162      56.5037
   14163      59.1177
   14164      57.7797
   14165      59.3033
   14166      59.3233
   14167      62.4101
   14168      57.1514
   14169      55.6727
   14170      52.4033
   14171      52.3551
   14172      52.3837
   14173      51.9282
   14174      55.4433
   14175      53.0772
   14176      50.9505
   14177      51.2778
   14178      57.9455
   14179      60.1797
   14180      55.5086
   14181      53.1734
   14182      52.8928
   14183      52.7616
   14184      51.8157
   14185      49.9287
   14186      49.7228
   14187      49.6908
   14188      55.4969
   14189      54.9280
   14190      52.5451
   14191      50.8160
   14192      45.8575
   14193      50.8606
   14194      49.7270
   14195      52.7709
   14196      48.5338
   14197      49.0018
   14198      52.1485
   14199      49.8216
   14200      48.1308
   14201      50.1275
   14202      48.6284
   14203      51.7573
   14204      50.8806
   14205      53.8027
   14206      52.4007
   14207      53.2349
   14208      53.5573
   14209      53.3905
   14210      52.6650
   14211      48.8619
   14212      53.5384
   14213      52.9261
   14214      54.4910
   14215      50.8901
   14216      51.1685
   14217      54.0185
   14218      55.5044
   14219      55.2918
   14220      51.9575
   14221      57.6943
   14222      60.8502
   14223      62.1036
   14224      61.7794
   14225      60.5727
   14226      60.6207
   14227      61.5570
   14228      57.0453
   14229      56.8989
   14230      53.1180
   14231      49.7294
   14232      46.9476
   14233      50.5575
   14234      51.7813
   14235      52.5760
   14236      53.0730
   14237      50.4022
   14238      51.7502
   14239      52.7513
   14240      53.9761
   14241      60.4026
   14242      56.5431
   14243      57.1320
   14244      54.6705
   14245      56.5569
   14246      56.9904
   14247      58.9340
   14248      59.4785
   14249      59.6913
   14250      61.9435
   14251      63.7358
   14252      68.6103
   14253      69.1634
   14254      66.2393
   14255      65.4326
   14256      64.5718
   14257      69.3824
   14258      69.2258
   14259      67.1101
   14260      69.9188
   14261      67.8438
   14262      64.2079
   14263      61.7285
   14264      59.9567
   14265      59.3447
   14266      61.6135
   14267      59.9278
   14268      59.9243
   14269      59.3839
   14270      57.7490
   14271      59.5195
   14272      59.5903
   14273      53.3367
   14274      55.1309
   14275      57.3508
   14276      57.0370
   14277      62.6059
   14278      64.6735
   14279      61.7745
   14280      59.8322
   14281      61.2520
   14282      65.0054
   14283      63.8556
   14284      63.2130
   14285      61.9174
   14286      63.8589
   14287      59.8085
   14288      68.2615
   14289      64.4863
   14290      65.9650
   14291      70.9767
   14292      65.6042
   14293      62.8563
   14294      62.4670
   14295      60.0414
   14296      58.6706
   14297      60.6652
   14298      60.8889
   14299      61.3052
   14300      60.5145
   14301      60.4611
   14302      64.3268
   14303      62.1674
   14304      64.6585
   14305      67.3595
   14306      64.4688
   14307      68.7199
   14308      67.7192
   14309      67.9603
   14310      66.8166
   14311      66.3474
   14312      67.0471
   14313      64.5996
   14314      68.9489
   14315      68.1875
   14316      70.1273
   14317      68.1098
   14318      65.6602
   14319      68.5335
   14320      72.2732
   14321      67.2311
   14322      64.8059
   14323      67.5876
   14324      65.8946
   14325      67.6655
   14326      65.9983
   14327      69.0527
   14328      66.2135
   14329      67.9606
   14330      64.8172
   14331      66.0220
   14332      65.0685
   14333      64.9496
   14334      66.5953
   14335      63.9120
   14336      70.1023
   14337      69.7264
   14338      72.2551
   14339      69.6462
   14340      63.9891
   14341      63.3305
   14342      63.8567
   14343      64.4552
   14344      53.7453
   14345      59.3754
   14346      60.0985
   14347      59.2153
   14348      58.5197
   14349      62.0118
   14350      64.6055
   14351      61.9680
   14352      65.0258
   14353      61.7942
   14354      65.2775
   14355      63.1525
   14356      61.6124
   14357      60.9611
   14358      59.1223
   14359      58.2305
   14360      61.0477
   14361      62.4865
   14362      60.8371
   14363      64.3475
   14364      66.4298
   14365      64.9972
   14366      61.3466
   14367      64.7472
   14368      62.8713
   14369      64.7724
   14370      65.2274
   14371      65.8658
   14372      68.4599
   14373      69.7338
   14374      69.8220
   14375      68.2891
   14376      69.3817
   14377      72.4677
   14378      71.4214
   14379      67.9666
   14380      64.5052
   14381      67.6596
   14382      64.9429
   14383      61.9615
   14384      63.8062
   14385      65.7940
   14386      66.7842
   14387      65.5917
   14388      66.8097
   14389      68.5464
   14390      67.2670
   14391      65.6871
   14392      69.5699
   14393      70.2758
   14394      65.5484
   14395      65.0909
   14396      63.0354
   14397      60.7097
   14398      60.2330
   14399      65.5921
   14400      70.7633
   14401      67.2424
   14402      60.5687
   14403      64.9725
   14404      66.4062
   14405      71.2568
   14406      64.5479
   14407      68.3138
   14408      71.1122
   14409      67.9725
   14410      67.7445
   14411      66.4210
   14412      66.2235
   14413      71.8528
   14414      69.5354
   14415      68.9448
   14416      68.6619
   14417      68.5439
   14418      64.8285
   14419      70.0061
   14420      66.2668
   14421      64.8750
   14422      62.3837
   14423      65.3594
   14424      63.8884
   14425      64.8738
   14426      64.8781
   14427      67.3486
   14428      69.7609
   14429      64.9179
   14430      66.4900
   14431      67.8390
   14432      69.8153
   14433      71.5761
   14434      74.5624
   14435      79.7288
   14436      76.4177
   14437      75.1329
   14438      73.4852
   14439      71.1805
   14440      76.1555
   14441      76.7183
   14442      76.7174
   14443      74.2619
   14444      70.6092
   14445      69.9988
   14446      71.6693
   14447      68.3007
   14448      65.8788
   14449      64.9188
   14450      66.5923
   14451      65.1490
   14452      64.2463
   14453      69.3672
   14454      70.3165
   14455      78.4981
   14456      81.5679
   14457      82.0238
   14458      82.3890
   14459      80.4239
   14460      80.8194
   14461      81.2399
   14462      79.4902
   14463      79.6628
   14464      80.4523
   14465      85.3646
   14466      85.0304
   14467      84.3778
   14468      84.1637
   14469      84.0056
   14470      83.5328
   14471      84.7161
   14472      84.8298
   14473      88.1731
   14474      92.9018
   14475      90.7217
   14476      89.4797
   14477      88.4530
   14478      89.2169
   14479      88.6829
   14480      93.0930
   14481      93.1841
   14482      97.1261
   14483     103.3057
   14484     104.4629
   14485     104.6404
   14486     102.0311
   14487      99.4176
   14488      98.2264
   14489      98.7122
   14490      96.9615
   14491      96.5838
   14492      91.8523
   14493      92.5359
   14494      96.0686
   14495      95.2952
   14496      99.5041
   14497      92.4403
   14498      91.9621
   14499      88.8444
   14500      92.4825
   14501      88.1892
   14502      87.7598
   14503      87.8971
   14504      88.0693
   14505      91.1938
   14506      94.9380
   14507      94.1664
   14508      93.8542
   14509      89.7561
   14510      86.9585
   14511      85.0971
   14512      83.9713
   14513      86.4823
   14514      86.1680
   14515      83.4135
   14516      84.0741
   14517      84.8165
   14518      83.2442
   14519      86.0467
   14520      86.7539
   14521      84.9367
   14522      82.1061
   14523      83.7685
   14524      92.8883
   14525      94.0647
   14526      94.4323
   14527      92.1898
   14528      94.0514
   14529      97.1664
   14530      95.7779
   14531      94.3194
   14532      94.0421
   14533      90.0624
   14534      87.4941
   14535      82.1478
   14536      77.4421
   14537      77.2277
   14538      80.9031
   14539      79.1216
   14540      83.4051
   14541      90.3352
   14542      89.4605
   14543      89.5972
   14544      87.0772
   14545      82.8429
   14546      81.6177
   14547      83.5914
   14548      84.8727
   14549      85.8116
   14550      83.0115
   14551      85.5827
   14552      88.1035
   14553      86.8109
   14554      84.2576
   14555      85.6639
   14556      86.0905
   14557      90.7307
   14558      92.0297
   14559      92.1613
   14560      89.7507
   14561      84.0033
   14562      86.6608
   14563      87.5806
   14564      87.9960
   14565      92.2861
   14566      90.4231
   14567      90.5879
   14568      89.4480
   14569      90.4701
   14570      89.1334
   14571      88.8125
   14572      84.7209
   14573      86.1051
   14574      87.0144
   14575      89.4108
   14576      97.7245
   14577      93.7345
   14578      91.1735
   14579      92.6862
   14580      89.7637
   14581      91.4494
   14582      93.1276
   14583      91.6517
   14584      91.7458
   14585      96.5281
   14586     100.1440
   14587      95.4976
   14588      93.3255
   14589      92.5127
   14590      90.9932
   14591      93.3274
   14592      88.3727
   14593      92.5457
   14594      93.3185
   14595      94.3361
   14596      92.8234
   14597      94.2479
   14598      92.1091
   14599      93.8731
   14600      94.5182
   14601      95.4726
   14602      91.2201
   14603      84.7079
   14604      81.8574
   14605      82.9059
   14606      77.6925
   14607      78.8513
   14608      79.0326
   14609      80.8103
   14610      79.7980
   14611      81.6763
   14612      87.2589
   14613      88.0025
   14614      91.1201
   14615      86.3579
   14616      88.3844
   14617      82.9489
   14618      85.5111
   14619      82.9722
   14620      81.3354
   14621      83.3972
   14622      84.3732
   14623      85.2144
   14624      80.8797
   14625      76.0839
   14626      72.2342
   14627      66.4693
   14628      63.3583
   14629      65.1698
   14630      65.1423
   14631      65.0803
   14632      61.3567
   14633      63.5582
   14634      63.7129
   14635      59.9890
   14636      56.6789
   14637      54.8071
   14638      56.2892
   14639      53.7697
   14640      56.9807
   14641      58.5423
   14642      61.1732
   14643      61.4956
   14644      63.7558
   14645      65.3855
   14646      58.0376
   14647      58.9198
   14648      56.7588
   14649      56.9078
   14650      59.1044
   14651      54.2018
   14652      51.7705
   14653      55.8358
   14654      56.6674
   14655      54.8603
   14656      55.1905
   14657      56.7828
   14658      61.5897
   14659      59.6192
   14660      61.7585
   14661      63.0283
   14662      64.0277
   14663      67.1249
   14664      66.5996
   14665      68.6066
   14666      69.4649
   14667      66.8681
   14668      66.6227
   14669      67.1310
   14670      63.7819
   14671      62.2572
   14672      64.4157
   14673      67.2070
   14674      66.0214
   14675      65.1597
   14676      70.3412
   14677      67.4402
   14678      62.9923
   14679      61.8811
   14680      62.3933
   14681      61.1057
   14682      61.3310
   14683      59.5600
   14684      57.3767
   14685      57.0260
   14686      55.9556
   14687      52.6593
   14688      55.1243
   14689      55.3273
   14690      57.3777
   14691      59.9204
   14692      64.8583
   14693      58.4546
   14694      61.3438
   14695      61.6047
   14696      57.1595
   14697      54.6307
   14698      59.5673
   14699      61.9995
   14700      60.0797
   14701      60.9122
   14702      64.2256
   14703      60.6729
   14704      58.4495
   14705      60.6591
   14706      60.6220
   14707      57.6015
   14708      64.5762
   14709      60.0964
   14710      62.9426
   14711      63.3289
   14712      65.9024
   14713      73.9942
   14714      75.9256
   14715      75.2280
   14716      73.3990
   14717      75.6030
   14718      72.2941
   14719      70.1882
   14720      66.9589
   14721      69.2263
   14722      72.2981
   14723      72.7862
   14724      73.3066
   14725      72.1777
   14726      70.0572
   14727      72.9055
   14728      73.7790
   14729      79.0601
   14730      77.4004
   14731      73.9113
   14732      72.5264
   14733      72.9718
   14734      80.3672
   14735      77.9974
   14736      79.1130
   14737      80.7713
   14738      78.7186
   14739      72.8999
   14740      69.8655
   14741      66.5540
   14742      66.4837
   14743      63.3727
   14744      63.6785
   14745      69.3268
   14746      67.3822
   14747      70.4853
   14748      74.1803
   14749      74.0732
   14750      75.7566
   14751      78.4444
   14752      73.7715
   14753      82.1415
   14754      82.1129
   14755      76.4841
   14756      73.5511
   14757      73.4574
   14758      72.1108
   14759      68.2039
   14760      66.4885
   14761      60.9634
   14762      62.8354
   14763      66.3632
   14764      67.7227
   14765      68.5567
   14766      66.4302
   14767      67.7203
   14768      66.8091
   14769      68.9913
   14770      69.4619
   14771      67.7465
   14772      62.1516
   14773      61.1823
   14774      62.5088
   14775      62.5922
   14776      67.2658
   14777      70.7935
   14778      73.3069
   14779      73.5141
   14780      77.3917
   14781      75.3309
   14782      76.3617
   14783      76.3101
   14784      79.5301
   14785      84.1435
   14786      81.2675
   14787      81.2786
   14788      82.1627
   14789      83.4280
   14790      87.4089
   14791      84.4730
   14792      86.8159
   14793      85.1092
   14794      83.4584
   14795      85.9660
   14796      84.8291
   14797      89.4742
   14798      88.0029
   14799      88.1811
   14800      92.1270
   14801      90.8904
   14802      91.0064
   14803      90.5318
   14804      89.2298
   14805      88.5261
   14806      87.2690
   14807      87.8756
   14808      86.6185
   14809      82.0337
   14810      82.0743
   14811      80.9191
   14812      80.5496
   14813      79.4447
   14814      78.3621
   14815      75.3538
   14816      77.0300
   14817      73.7073
   14818      72.1775
   14819      71.3151
   14820      74.7429
   14821      77.9442
   14822      75.7754
   14823      74.1151
   14824      69.7036
   14825      68.9999
   14826      72.3122
   14827      71.2636
   14828      70.4584
   14829      71.9673
   14830      70.2690
   14831      64.3319
   14832      64.6064
   14833      64.5544
   14834      61.7487
   14835      64.8909
   14836      69.1985
   14837      69.4790
   14838      68.6204
   14839      67.8044
   14840      66.9563
   14841      65.7820
   14842      62.3782
   14843      68.3909
   14844      71.9766
   14845      75.0068
   14846      76.3615
   14847      72.7371
   14848      80.0546
   14849      80.1039
   14850      70.5854
   14851      68.1226
   14852      67.8850
   14853      68.4097
   14854      67.9798
   14855      68.2348
   14856      72.6166
   14857      71.8051
   14858      70.3990
   14859      75.5566
   14860      74.3434
   14861      75.8658
   14862      79.7249
   14863      81.2621
   14864      77.1386
   14865      77.2284
   14866      74.8322
   14867      74.9262
   14868      74.5974
   14869      72.4360
   14870      73.3335
   14871      73.6251
   14872      68.9658
   14873      68.9160
   14874      70.6535
   14875      67.9687
   14876      64.9550
   14877      65.4537
   14878      60.9787
   14879      58.8404
   14880      58.3713
   14881      56.4208
   14882      59.4502
   14883      57.4690
   14884      58.5097
   14885      63.1369
   14886      62.6429
   14887      60.5436
   14888      61.1080
   14889      60.3802
   14890      64.2698
   14891      70.6570
   14892      70.4447
   14893      72.0732
   14894      71.5201
   14895      72.6980
   14896      72.4976
   14897      75.5188
   14898      74.9259
   14899      80.3203
   14900      76.0809
   14901      71.7953
   14902      77.9347
   14903      74.5661
   14904      73.8247
   14905      75.5604
   14906      71.7870
   14907      73.1926
   14908      75.1016
   14909      79.0672
   14910      79.9618
   14911      78.8089
   14912      78.5275
   14913      79.1111
   14914      79.8582
   14915      78.5538
   14916      76.8521
   14917      73.5504
   14918      69.6613
   14919      74.2917
   14920      75.8474
   14921      76.7232
   14922      76.1805
   14923      72.2499
   14924      73.6915
   14925      79.5043
   14926      75.8207
   14927      73.1938
   14928      75.2905
   14929      73.8645
   14930      74.0586
   14931      78.8300
   14932      80.7064
   14933      71.6526
   14934      73.0005
   14935      73.7043
   14936      71.5940
   14937      71.8347
   14938      74.5904
   14939      75.4400
   14940      75.5265
   14941      76.4193
   14942      74.2927
   14943      69.7240
   14944      71.8731
   14945      73.8530
   14946      75.5333
   14947      75.5213
   14948      76.6958
   14949      74.8751
   14950      74.1605
   14951      78.2771
   14952      76.7317
   14953      79.2536
   14954      82.7057
   14955      88.2783
   14956      84.9077
   14957      90.9713
   14958      92.0997
   14959      96.4362
   14960      94.0406
   14961      89.9403
   14962      91.0596
   14963      94.5583
   14964      97.5556
   14965      94.6613
   14966      94.7549
   14967      95.2688
   14968      94.4661
   14969      93.4073
   14970      97.0771
   14971      98.6765
   14972      94.0341
   14973      92.4861
   14974      93.8023
   14975      91.3495
   14976      90.0601
   14977      92.9553
   14978      92.2944
   14979      88.6677
   14980      89.1707
   14981      87.9099
   14982      88.3014
   14983      88.9949
   14984      89.4734
   14985      89.8048
   14986      91.0092
   14987      88.8182
   14988      88.3321
   14989      83.7157
   14990      82.2907
   14991      79.4889
   14992      81.2195
   14993      82.7763
   14994      80.8422
   14995      82.3682
   14996      83.2375
   14997      82.5982
   14998      78.5752
   14999      75.0141
   15000      73.0824
   15001      73.6792
   15002      76.3129
   15003      78.9945
   15004      80.5084
   15005      77.1178
   15006      78.6752
   15007      82.0143
   15008      81.5502
   15009      78.3706
   15010      78.6639
   15011      75.5069
   15012      80.5272
   15013      83.8262
   15014      84.3890
   15015      81.0295
   15016      83.5067
   15017      85.5632
   15018      85.8416
   15019      90.0153
   15020      85.9636
   15021      88.9282
   15022      88.3394
   15023      83.2760
   15024      88.0956
   15025      88.4223
   15026      89.5618
   15027      88.2647
   15028      83.6012
   15029      84.4488
   15030      87.1484
   15031      88.5412
   15032      85.8497
   15033      89.6150
   15034      87.5570
   15035      85.2902
   15036      85.1885
   15037      83.6050
   15038      84.9541
   15039      83.4892
   15040      82.5412
   15041      85.2780
   15042      87.0903
   15043      89.3838
   15044      91.5799
   15045      87.1733
   15046      89.5319
   15047      90.3426
   15048      89.1095
   15049      94.4118
   15050      88.6748
   15051      89.1935
   15052      87.7923
   15053      91.2445
   15054      94.1606
   15055      93.4122
   15056      90.2850
   15057      92.7923
   15058      90.1526
   15059      92.3494
   15060      92.5622
   15061      94.4348
   15062      93.2391
   15063      92.8981
   15064      89.2862
   15065      90.0076
   15066      89.9860
   15067      89.3369
   15068      84.5243
   15069      82.0035
   15070      76.2049
   15071      73.1890
   15072      74.2570
   15073      72.8092
   15074      70.3309
   15075      74.4699
   15076      73.3102
   15077      73.9115
   15078      75.4799
   15079      76.9830
   15080      75.2111
   15081      72.3411
   15082      72.0635
   15083      73.7435
   15084      70.5185
   15085      66.0793
   15086      60.6281
   15087      61.0549
   15088      63.9853
   15089      64.6937
   15090      62.5094
   15091      62.5521
   15092      64.3418
   15093      66.7303
   15094      62.9677
   15095      62.9203
   15096      64.6848
   15097      64.6872
   15098      65.9656
   15099      66.9299
   15100      68.8068
   15101      68.1776
   15102      64.9709
   15103      65.8929
   15104      70.1276
   15105      75.3157
   15106      72.9647
   15107      72.0674
   15108      73.9108
   15109      73.0720
   15110      71.6649
   15111      73.3618
   15112      75.7577
   15113      73.9244
   15114      67.7279
   15115      68.1623
   15116      71.7422
   15117      66.3124
   15118      66.4712
   15119      62.7612
   15120      67.7003
   15121      66.6179
   15122      62.4381
   15123      66.9187
   15124      70.5320
   15125      73.8992
   15126      76.5129
   15127      74.2579
   15128      70.8524
   15129      70.1229
   15130      68.7385
   15131      65.2710
   15132      65.0970
   15133      68.4594
   15134      70.2374
   15135      69.0801
   15136      65.8853
   15137      64.5495
   15138      65.2077
   15139      69.8369
   15140      72.5522
   15141      72.1135
   15142      66.8275
   15143      72.0131
   15144      71.0224
   15145      68.8577
   15146      75.1649
   15147      76.9770
   15148      71.9887
   15149      75.5594
   15150      73.7741
   15151      72.1411
   15152      73.3471
   15153      75.9186
   15154      71.9297
   15155      76.7052
   15156      76.7665
   15157      71.3149
   15158      70.2288
   15159      70.7490
   15160      65.5654
   15161      67.4823
   15162      72.8375
   15163      71.5219
   15164      69.9785
   15165      65.2625
   15166      65.6079
   15167      69.4470
   15168      67.4728
   15169      66.7892
   15170      63.2089
   15171      62.8313
   15172      64.7590
   15173      64.4391
   15174      61.8270
   15175      61.7492
   15176      62.9837
   15177      63.4541
   15178      63.5883
   15179      62.0241
   15180      60.7245
   15181      66.8865
   15182      65.4221
   15183      62.4853
   15184      58.8568
   15185      61.0449
   15186      67.5722
   15187      63.3285
   15188      67.4433
   15189      64.2278
   15190      67.4789
   15191      61.3443
   15192      62.3939
   15193      64.5211
   15194      65.9702
   15195      68.8330
   15196      67.3173
   15197      67.7395
   15198      69.3902
   15199      69.6653
   15200      73.2856
   15201      70.2603
   15202      78.0427
   15203      83.6084
   15204      84.3286
   15205      82.7079
   15206      79.5277
   15207      79.0874
   15208      82.2407
   15209      82.6234
   15210      84.3550
   15211      82.3655
   15212      75.4593
   15213      68.2050
   15214      67.9678
   15215      71.5817
   15216      72.9688
   15217      70.7235
   15218      70.6447
   15219      71.2617
   15220      71.4791
   15221      69.7988
   15222      75.2570
   15223      70.3021
   15224      72.2581
   15225      70.6474
   15226      71.0520
   15227      70.0492
   15228      63.3782
   15229      63.0133
   15230      61.4915
   15231      63.6167
   15232      62.6751
   15233      68.7056
   15234      70.5587
   15235      67.1779
   15236      65.8641
   15237      73.0101
   15238      70.7311
   15239      69.2782
   15240      68.7475
   15241      67.5660
   15242      64.4154
   15243      64.2559
   15244      62.3496
   15245      64.4244
   15246      64.6177
   15247      61.6714
   15248      64.8689
   15249      67.4515
   15250      69.9992
   15251      70.0517
   15252      65.9193
   15253      66.9243
   15254      73.9234
   15255      76.5232
   15256      77.6352
   15257      76.9398
   15258      79.7708
   15259      81.5950
   15260      78.5317
   15261      78.7494
   15262      74.8393
   15263      79.1424
   15264      73.3485
   15265      74.8152
   15266      72.3947
   15267      78.3323
   15268      77.4927
   15269      76.3389
   15270      72.4384
   15271      72.6740
   15272      72.9411
   15273      64.4754
   15274      67.7160
   15275      62.1599
   15276      64.2215
   15277      63.1905
   15278      67.8897
   15279      66.5593
   15280      67.8888
   15281      72.8018
   15282      73.0180
   15283      72.6499
   15284      74.1528
   15285      74.0661
   15286      73.2161
   15287      70.0593
   15288      70.1339
   15289      80.6965
   15290      82.6332
   15291      82.6550
   15292      84.1700
   15293      79.2585
   15294      82.5533
   15295      81.3469
   15296      78.8615
   15297      75.5869
   15298      77.0176
   15299      76.7728
   15300      78.5505
   15301      78.6485
   15302      75.0183
   15303      71.5393
   15304      72.5726
   15305      73.5659
   15306      78.8410
   15307      72.6394
   15308      70.9511
   15309      67.0342
   15310      68.0401
   15311      67.1076
   15312      64.7688
   15313      63.1396
   15314      63.6762
   15315      58.5534
   15316      60.3785
   15317      60.1856
   15318      65.8995
   15319      67.0920
   15320      70.8108
   15321      71.4988
   15322      73.6462
   15323      70.1399
   15324      71.6062
   15325      73.4909
   15326      74.6671
   15327      70.4790
   15328      70.6227
   15329      66.7986
   15330      64.8848
   15331      63.2310
   15332      67.1039
   15333      67.1134
   15334      64.2984
   15335      70.1235
   15336      77.6174
   15337      74.1350
   15338      74.5011
   15339      73.9396
   15340      71.1885
   15341      69.7767
   15342      71.9007
   15343      68.8058
   15344      69.3452
   15345      66.3467
   15346      67.9511
   15347      65.8237
   15348      68.3125
   15349      69.9020
   15350      72.1542
   15351      74.8718
   15352      71.8291
   15353      69.0646
   15354      74.1700
   15355      74.6046
   15356      76.1577
   15357      76.2101
   15358      77.8359
   15359      78.3976
   15360      80.7607
   15361      79.5688
   15362      82.0703
   15363      87.8740
   15364      88.9389
   15365      91.0897
   15366      88.6360
   15367      81.9416
   15368      83.1805
   15369      82.8806
   15370      83.5481
   15371      79.8618
   15372      77.9282
   15373      77.3968
   15374      75.9657
   15375      68.9705
   15376      72.4373
   15377      71.4556
   15378      74.8607
   15379      71.5264
   15380      72.8044
   15381      73.0924
   15382      76.0545
   15383      78.8556
   15384      80.1557
   15385      81.7531
   15386      82.4381
   15387      83.0284
   15388      81.0855
   15389      74.6413
   15390      74.4498
   15391      71.1414
   15392      69.6847
   15393      64.2226
   15394      64.8800
   15395      65.0801
   15396      67.7090
   15397      68.9125
   15398      68.6808
   15399      70.5294
   15400      69.2966
   15401      68.4070
   15402      73.3525
   15403      72.8294
   15404      78.9998
   15405      79.2828
   15406      79.9642
   15407      77.2742
   15408      75.4914
   15409      69.4849
   15410      67.6191
   15411      71.8050
   15412      71.7039
   15413      69.2528
   15414      69.2536
   15415      69.4049
   15416      67.7444
   15417      64.5311
   15418      64.8495
   15419      65.3178
   15420      65.3922
   15421      67.3073
   15422      68.0605
   15423      71.0932
   15424      73.7220
   15425      70.6826
   15426      68.8461
   15427      66.8955
   15428      61.8646
   15429      62.9306
   15430      59.1406
   15431      61.1190
   15432      63.6480
   15433      61.1640
   15434      59.6866
   15435      64.1936
   15436      69.2584
   15437      64.9896
   15438      60.4301
   15439      64.0348
   15440      67.4991
   15441      65.9183
   15442      67.0907
   15443      67.7223
   15444      67.1167
   15445      68.3475
   15446      69.5868
   15447      68.0308
   15448      63.4887
   15449      67.7823
   15450      70.7192
   15451      67.9482
   15452      66.4775
   15453      64.6774
   15454      66.5127
   15455      69.5001
   15456      72.3626
   15457      71.8874
   15458      75.1366
   15459      82.8026
   15460      79.9235
   15461      81.0615
   15462      87.5164
   15463      87.6270
   15464      91.7207
   15465      90.3867
   15466      93.5895
   15467      87.5569
   15468      91.5581
   15469      92.3621
   15470      87.8930
   15471      85.9679
   15472      85.9850
   15473      81.4631
   15474      76.8912
   15475      73.3719
   15476      75.9300
   15477      76.7813
   15478      76.0971
   15479      75.5058
   15480      72.9056
   15481      69.2560
   15482      69.0886
   15483      68.4607
   15484      69.6957
   15485      67.2607
   15486      73.4987
   15487      75.5061
   15488      79.1561
   15489      78.9299
   15490      77.9375
   15491      78.3354
   15492      84.7350
   15493      82.6911
   15494      77.3645
   15495      75.4479
   15496      76.5085
   15497      80.1029
   15498      79.2212
   15499      79.2492
   15500      78.4004
   15501      80.3327
   15502      79.1249
   15503      81.1271
   15504      83.3454
   15505      83.3139
   15506      79.9344
   15507      79.1630
   15508      78.2903
   15509      76.6384
   15510      76.8579
   15511      75.5914
   15512      73.5486
   15513      78.2785
   15514      82.4791
   15515      84.5437
   15516      81.4443
   15517      80.9072
   15518      78.9552
   15519      85.2889
   15520      89.1384
   15521      87.5024
   15522      84.0185
   15523      81.2888
   15524      77.2631
   15525      80.0094
   15526      84.1090
   15527      90.9758
   15528      87.4463
   15529      87.7709
   15530      91.1876
   15531      90.5394
   15532      89.7776
   15533      91.7428
   15534      86.4768
   15535      82.6401
   15536      80.8746
   15537      78.1679
   15538      74.2148
   15539      73.0640
   15540      68.4111
   15541      68.6946
   15542      67.2035
   15543      69.2078
   15544      76.9212
   15545      81.6150
   15546      87.5742
   15547      92.3207
   15548      92.5888
   15549      91.7897
   15550      87.6862
   15551      81.6912
   15552      81.5562
   15553      82.6630
   15554      83.0821
   15555      80.7111
   15556      80.9207
   15557      83.6492
   15558      87.5334
   15559      91.2588
   15560      89.3036
   15561      94.7310
   15562      86.6837
   15563      86.9943
   15564      89.5455
   15565      91.0607
   15566      84.9880
   15567      80.6791
   15568      75.0736
   15569      78.2807
   15570      85.7986
   15571      87.8478
   15572      85.1081
   15573      85.7683
   15574      82.5378
   15575      81.1715
   15576      80.4209
   15577      82.6709
   15578      80.2879
   15579      81.4589
   15580      87.0600
   15581      87.6803
   15582      84.8493
   15583      85.0277
   15584      81.2294
   15585      81.9384
   15586      81.1753
   15587      77.5661
   15588      82.3004
   15589      87.9469
   15590      90.1420
   15591      93.8094
   15592      91.0058
   15593      87.1001
   15594      83.3556
   15595      86.9445
   15596      83.5241
   15597      81.4048
   15598      79.4060
   15599      75.2177
   15600      75.2598
   15601      74.3964
   15602      74.2383
   15603      74.3329
   15604      83.9055
   15605      86.5012
   15606      80.2206
   15607      74.1966
   15608      71.0964
   15609      67.7671
   15610      69.9251
   15611      70.1832
   15612      69.5240
   15613      72.2231
   15614      73.4407
   15615      73.2841
   15616      72.4073
   15617      74.8156
   15618      74.2696
   15619      77.4305
   15620      74.5235
   15621      76.9336
   15622      76.5961
   15623      76.4166
   15624      75.0467
   15625      73.4989
   15626      71.0206
   15627      70.3698
   15628      72.8033
   15629      76.4535
   15630      73.8516
   15631      66.9472
   15632      65.9636
   15633      69.8462
   15634      64.1681
   15635      65.2348
   15636      60.9911
   15637      67.0640
   15638      71.4758
   15639      73.1846
   15640      74.6506
   15641      69.9444
   15642      64.8597
   15643      61.8364
   15644      59.7824
   15645      60.8386
   15646      67.8697
   15647      67.7879
   15648      70.6251
   15649      71.4746
   15650      66.1551
   15651      64.6723
   15652      65.0125
   15653      65.8333
   15654      62.3795
   15655      61.9321
   15656      61.3205
   15657      64.3151
   15658      63.9465
   15659      58.0121
   15660      56.2019
   15661      58.1521
   15662      64.8537
   15663      65.8504
   15664      67.9984
   15665      65.2621
   15666      67.4103
   15667      65.3271
   15668      62.7139
   15669      61.1298
   15670      59.6417
   15671      63.2297
   15672      68.2945
   15673      62.8441
   15674      65.0677
   15675      61.1978
   15676      61.3590
   15677      62.0768
   15678      62.7820
   15679      67.1128
   15680      70.8444
   15681      71.3406
   15682      72.1033
   15683      70.1845
   15684      68.6209
   15685      66.0835
   15686      69.6330
   15687      72.9769
   15688      75.0092
   15689      74.4006
   15690      70.5711
   15691      73.4722
   15692      77.9457
   15693      78.9297
   15694      74.2753
   15695      79.3775
   15696      77.6383
   15697      73.3039
   15698      67.8919
   15699      68.7812
   15700      70.1376
   15701      68.1550
   15702      72.8502
   15703      73.7662
   15704      68.4870
   15705      66.4199
   15706      67.9453
   15707      75.8492
   15708      72.0100
   15709      70.5830
   15710      76.6410
   15711      76.8433
   15712      77.4774
   15713      78.8854
   15714      77.1413
   15715      79.2871
   15716      79.6636
   15717      78.5877
   15718      75.5376
   15719      77.2439
   15720      81.9127
   15721      83.3169
   15722      90.5573
   15723      92.0409
   15724      89.2153
   15725      86.0872
   15726      83.0662
   15727      85.1010
   15728      88.1538
   15729      88.7319
   15730      83.6864
   15731      81.0753
   15732      82.3727
   15733      88.5438
   15734      88.3041
   15735      83.6443
   15736      92.3544
   15737      93.6290
   15738      99.3109
   15739      98.1535
   15740      95.6496
   15741      95.8770
   15742      95.7711
   15743      97.6108
   15744      96.0981
   15745      94.0735
   15746      95.9854
   15747      97.2600
   15748     100.3895
   15749      99.5499
   15750     101.4605
   15751      97.9003
   15752     101.2972
   15753      99.3602
   15754     102.5234
   15755     100.4557
   15756      97.1558
   15757      98.2117
   15758      92.8127
   15759      90.9615
   15760      90.9131
   15761      88.8249
   15762      84.5150
   15763      85.9412
   15764      87.6203
   15765      91.7954
   15766      91.7395
   15767      93.4514
   15768      90.1990
   15769      90.7667
   15770      89.0008
   15771      86.3245
   15772      84.6449
   15773      89.1068
   15774      87.7092
   15775      81.9862
   15776      81.3542
   15777      83.2355
   15778      83.0063
   15779      79.5597
   15780      79.3616
   15781      86.9188
   15782      87.9455
   15783      87.7634
   15784      86.0844
   15785      89.4846
   15786      95.5570
   15787      99.8428
   15788      93.7260
   15789      95.3145
   15790      95.8304
   15791      91.3759
   15792      91.8427
   15793      91.4204
   15794      86.5147
   15795      91.1123
   15796      95.3254
   15797      97.8042
   15798      98.6747
   15799     100.2104
   15800     101.8599
   15801     100.3332
   15802      99.4644
   15803      99.4133
   15804      98.1560
   15805      98.2585
   15806      95.8799
   15807      95.8194
   15808     102.3412
   15809      98.7887
   15810      97.8113
   15811      92.9836
   15812      95.4386
   15813      95.3145
   15814      95.0742
   15815      93.9259
   15816      98.4985
   15817     103.5745
   15818     101.6898
   15819     104.1000
   15820     104.2004
   15821     107.3229
   15822     102.2326
   15823     102.5709
   15824     101.6867
   15825     101.0294
   15826     100.1199
   15827     105.8093
   15828      97.3188
   15829      93.9287
   15830      92.9620
   15831      90.4769
   15832      92.9464
   15833      94.4305
   15834      90.8317
   15835      94.5237
   15836      92.2705
   15837      89.2517
   15838      84.7457
   15839      87.6726
   15840      86.7937
   15841      90.4188
   15842      89.2207
   15843      82.3921
   15844      82.2017
   15845      83.3172
   15846      81.5387
   15847      81.3777
   15848      79.4443
   15849      78.8094
   15850      74.1443
   15851      74.1932
   15852      71.3880
   15853      75.0977
   15854      80.2502
   15855      79.5719
   15856      75.3464
   15857      74.9767
   15858      78.0539
   15859      75.0735
   15860      80.6499
   15861      83.9632
   15862      81.5969
   15863      85.6576
   15864      87.2748
   15865      85.2680
   15866      83.3164
   15867      79.7738
   15868      84.0520
   15869      77.0678
   15870      79.8049
   15871      73.1327
   15872      71.4413
   15873      68.4552
   15874      74.0024
   15875      72.2948
   15876      74.8116
   15877      78.4232
   15878      72.5994
   15879      73.8996
   15880      74.5840
   15881      74.0066
   15882      69.7452
   15883      73.0614
   15884      72.0005
   15885      70.5324
   15886      74.4221
   15887      72.6019
   15888      71.4157
   15889      70.0471
   15890      67.0544
   15891      67.7787
   15892      71.6466
   15893      72.1727
   15894      75.3903
   15895      70.3912
   15896      72.2510
   15897      72.3182
   15898      73.1856
   15899      75.9591
   15900      77.4395
   15901      77.5137
   15902      77.1068
   15903      80.9033
   15904      82.4400
   15905      78.0977
   15906      72.2142
   15907      72.8822
   15908      65.8165
   15909      66.1467
   15910      73.2254
   15911      74.6257
   15912      72.7928
   15913      69.6633
   15914      69.3058
   15915      61.8057
   15916      60.0052
   15917      62.2037
   15918      61.6899
   15919      63.6552
   15920      67.8888
   15921      63.8722
   15922      58.2974
   15923      60.1582
   15924      63.8064
   15925      62.4114
   15926      65.3897
   15927      63.6467
   15928      66.3441
   15929      63.0768
   15930      62.1774
   15931      61.6624
   15932      58.6340
   15933      58.0324
   15934      65.3734
   15935      63.4040
   15936      65.8869
   15937      72.0269
   15938      69.7773
   15939      68.1194
   15940      68.0734
   15941      63.9758
   15942      71.0775
   15943      78.5155
   15944      81.2659
   15945      81.3145
   15946      81.3815
   15947      82.6758
   15948      87.0702
   15949      86.7312
   15950      82.3838
   15951      82.4666
   15952      80.6725
   15953      78.3509
   15954      82.5178
   15955      80.2986
   15956      77.4280
   15957      74.4830
   15958      73.9568
   15959      72.8704
   15960      78.5742
   15961      77.4739
   15962      78.4610
   15963      81.0213
   15964      80.4570
   15965      80.3832
   15966      82.9837
   15967      84.0278
   15968      80.6004
   15969      87.6343
   15970      84.0807
   15971      89.3116
   15972      87.7351
   15973      87.2229
   15974      80.4692
   15975      81.6077
   15976      86.4885
   15977      89.0341
   15978      88.4155
   15979      92.4702
   15980      93.5866
   15981      96.1428
   15982      96.7594
   15983      91.7051
   15984      91.8576
   15985      91.4108
   15986      86.8574
   15987      85.7172
   15988      81.8407
   15989      86.3947
   15990      90.5367
   15991      92.3746
   15992      91.7645
   15993      93.3456
   15994      91.2383
   15995      94.9944
   15996      95.4059
   15997      90.5573
   15998      92.9421
   15999      91.2213
   16000      96.3291
   16001     100.2436
   16002      95.6004
   16003      95.1762
   16004      96.6362
   16005      93.6771
   16006      92.9973
   16007      89.6935
   16008      90.6708
   16009      91.4837
   16010      89.8297
   16011      89.4050
   16012      87.4193
   16013      89.9378
   16014      90.8648
   16015      90.9596
   16016      84.8805
   16017      81.5572
   16018      79.0343
   16019      85.0728
   16020      89.1353
   16021      86.6700
   16022      91.2673
   16023      94.1299
   16024      93.6216
   16025      94.1102
   16026      89.3233
   16027      88.1295
   16028      87.9220
   16029      85.9179
   16030      83.7831
   16031      85.3767
   16032      89.7228
   16033      91.7927
   16034      92.0057
   16035      86.8553
   16036      83.1587
   16037      81.6306
   16038      76.8222
   16039      72.9362
   16040      73.3851
   16041      74.5782
   16042      75.4714
   16043      73.6654
   16044      78.8059
   16045      79.5332
   16046      79.2409
   16047      78.4240
   16048      75.8531
   16049      83.7641
   16050      85.7595
   16051      87.8430
   16052      88.0099
   16053      85.1234
   16054      83.1361
   16055      81.4131
   16056      79.9862
   16057      77.9500
   16058      73.0728
   16059      71.9575
   16060      72.6724
   16061      74.0711
   16062      74.3126
   16063      70.7149
   16064      71.8911
   16065      70.1129
   16066      71.2659
   16067      71.2313
   16068      80.0791
   16069      81.6064
   16070      77.0187
   16071      78.4983
   16072      75.8299
   16073      80.4980
   16074      77.7454
   16075      75.7384
   16076      75.5847
   16077      74.5540
   16078      74.0709
   16079      71.0546
   16080      71.4987
   16081      68.1926
   16082      66.9856
   16083      70.5721
   16084      67.5178
   16085      68.8799
   16086      69.5420
   16087      68.1616
   16088      67.8631
   16089      66.3256
   16090      64.5467
   16091      61.8820
   16092      57.8575
   16093      57.1138
   16094      56.0939
   16095      51.1099
   16096      53.3517
   16097      56.9226
   16098      57.3615
   16099      54.8246
   16100      54.8437
   16101      54.9726
   16102      57.9274
   16103      57.5335
   16104      56.2625
   16105      58.3319
   16106      59.3172
   16107      64.0627
   16108      63.2621
   16109      60.1419
   16110      60.2979
   16111      62.3973
   16112      65.1281
   16113      63.2481
   16114      58.9095
   16115      59.6776
   16116      57.2691
   16117      61.3231
   16118      63.3117
   16119      60.9144
   16120      59.7450
   16121      63.5684
   16122      68.4626
   16123      59.9480
   16124      53.8126
   16125      52.1294
   16126      50.8050
   16127      52.5710
   16128      53.6719
   16129      51.9793
   16130      54.8775
   16131      56.3845
   16132      50.5837
   16133      50.2911
   16134      48.8682
   16135      49.4009
   16136      52.3484
   16137      54.9297
   16138      54.3671
   16139      59.1402
   16140      61.0334
   16141      61.7366
   16142      57.1779
   16143      59.9234
   16144      58.4460
   16145      58.7856
   16146      57.2519
   16147      59.7602
   16148      63.1376
   16149      63.0633
   16150      60.5909
   16151      63.8937
   16152      59.8665
   16153      65.3359
   16154      63.3907
   16155      61.8248
   16156      66.8073
   16157      64.6000
   16158      65.6631
   16159      64.1963
   16160      66.4812
   16161      68.2511
   16162      67.3083
   16163      67.5857
   16164      70.9724
   16165      70.7965
   16166      72.3550
   16167      73.4305
   16168      70.1152
   16169      70.8492
   16170      72.9514
   16171      76.0435
   16172      78.4820
   16173      77.1903
   16174      72.1708
   16175      68.1243
   16176      66.7373
   16177      64.8177
   16178      64.0231
   16179      69.2876
   16180      66.7494
   16181      72.0971
   16182      78.3216
   16183      82.3812
   16184      81.5169
   16185      79.9235
   16186      74.7232
   16187      72.9228
   16188      79.6828
   16189      82.5074
   16190      80.8021
   16191      76.0404
   16192      68.4441
   16193      68.2589
   16194      68.9219
   16195      64.4852
   16196      62.8007
   16197      62.4295
   16198      60.9636
   16199      58.4661
   16200      56.6818
   16201      60.3919
   16202      61.4601
   16203      57.3954
   16204      60.1662
   16205      59.3393
   16206      63.2696
   16207      60.9455
   16208      58.0584
   16209      52.9635
   16210      49.6038
   16211      53.9378
   16212      58.8278
   16213      57.8876
   16214      55.6246
   16215      59.0323
   16216      58.3566
   16217      59.7244
   16218      62.1675
   16219      57.5372
   16220      60.1782
   16221      60.8593
   16222      59.9903
   16223      60.0526
   16224      59.8255
   16225      57.7009
   16226      53.3158
   16227      52.8206
   16228      52.0034
   16229      47.9379
   16230      48.4671
   16231      44.1218
   16232      45.9321
   16233      50.8887
   16234      51.1877
   16235      54.6177
   16236      59.1201
   16237      61.0437
   16238      67.7246
   16239      67.3723
   16240      67.5434
   16241      67.1465
   16242      66.1969
   16243      68.8515
   16244      66.3094
   16245      69.7489
   16246      63.8808
   16247      64.0898
   16248      63.5316
   16249      66.1185
   16250      66.6851
   16251      67.9279
   16252      66.3374
   16253      64.9699
   16254      60.6658
   16255      54.9266
   16256      55.0923
   16257      55.8050
   16258      54.6678
   16259      56.9581
   16260      58.4967
   16261      54.4194
   16262      51.1411
   16263      52.6036
   16264      53.9485
   16265      55.9558
   16266      57.4134
   16267      52.4067
   16268      56.3088
   16269      55.3198
   16270      57.5061
   16271      63.5082
   16272      62.2976
   16273      67.0127
   16274      68.5675
   16275      69.2435
   16276      64.3040
   16277      65.2253
   16278      64.8231
   16279      74.3577
   16280      76.8072
   16281      76.5891
   16282      81.1884
   16283      80.0535
   16284      77.0761
   16285      75.1436
   16286      77.0714
   16287      76.4918
   16288      76.5748
   16289      80.2565
   16290      74.5894
   16291      72.1973
   16292      68.8262
   16293      72.1037
   16294      71.6112
   16295      72.0659
   16296      76.0501
   16297      75.0591
   16298      69.9075
   16299      67.2479
   16300      62.2412
   16301      63.4359
   16302      69.5414
   16303      69.2091
   16304      67.9431
   16305      72.0659
   16306      69.0687
   16307      64.7115
   16308      65.0023
   16309      67.9983
   16310      72.3327
   16311      73.6896
   16312      70.2405
   16313      72.4037
   16314      73.8929
   16315      71.5528
   16316      70.3363
   16317      68.4437
   16318      71.7176
   16319      69.4403
   16320      70.6001
   16321      71.0357
   16322      73.1016
   16323      75.3245
   16324      71.6105
   16325      78.4667
   16326      77.6188
   16327      75.0848
   16328      75.5506
   16329      78.1857
   16330      77.4409
   16331      78.6949
   16332      76.3895
   16333      77.6376
   16334      79.6980
   16335      77.6361
   16336      77.6545
   16337      75.9917
   16338      78.1895
   16339      79.2420
   16340      77.3067
   16341      76.0044
   16342      74.7877
   16343      77.2263
   16344      75.6142
   16345      72.2041
   16346      75.6854
   16347      82.5036
   16348      80.6483
   16349      80.3152
   16350      78.0381
   16351      74.5659
   16352      75.2555
   16353      72.4801
   16354      80.1703
   16355      76.2478
   16356      78.4332
   16357      77.8393
   16358      78.2359
   16359      78.8319
   16360      74.5465
   16361      73.9733
   16362      77.4154
   16363      78.6138
   16364      77.6687
   16365      80.2059
   16366      79.9640
   16367      79.7498
   16368      78.1670
   16369      78.9207
   16370      79.5352
   16371      80.4633
   16372      80.8041
   16373      82.3745
   16374      84.3840
   16375      83.7457
   16376      83.6907
   16377      82.6099
   16378      85.9709
   16379      83.0304
   16380      86.6786
   16381      87.1024
   16382      90.8037
   16383      90.6275
   16384      95.5962
   16385      90.4606
   16386      86.8457
   16387      86.4846
   16388      85.2168
   16389      89.4880
   16390      86.4561
   16391      91.1453
   16392      95.8437
   16393      97.7773
   16394      93.2464
   16395      89.8127
   16396      84.3973
   16397      81.8963
   16398      80.4899
   16399      77.4159
   16400      75.3131
   16401      78.6967
   16402      80.0673
   16403      78.4733
   16404      77.8094
   16405      75.3326
   16406      77.0578
   16407      77.0820
   16408      72.4830
   16409      73.7082
   16410      75.4631
   16411      74.3913
   16412      74.0492
   16413      83.5049
   16414      88.3672
   16415      87.8913
   16416      84.9085
   16417      86.3880
   16418      85.0354
   16419      85.0948
   16420      84.1734
   16421      80.0784
   16422      78.2782
   16423      78.3121
   16424      85.1111
   16425      84.4964
   16426      85.3037
   16427      85.2437
   16428      86.3255
   16429      89.9692
   16430      90.8381
   16431      89.1908
   16432      84.9355
   16433      80.7514
   16434      83.2567
   16435      84.8908
   16436      86.5465
   16437      84.6753
   16438      82.4341
   16439      80.0199
   16440      82.3046
   16441      81.3351
   16442      83.7415
   16443      80.6843
   16444      84.2926
   16445      84.1391
   16446      78.2270
   16447      80.9368
   16448      83.9501
   16449      84.4359
   16450      85.0948
   16451      82.2037
   16452      79.7714
   16453      76.4182
   16454      78.6780
   16455      82.0112
   16456      82.5155
   16457      80.7294
   16458      76.3889
   16459      72.9709
   16460      72.8756
   16461      70.9352
   16462      73.4657
   16463      74.0264
   16464      75.0799
   16465      71.9634
   16466      72.1086
   16467      71.6171
   16468      73.0397
   16469      69.5091
   16470      69.0790
   16471      67.9464
   16472      71.0583
   16473      71.3463
   16474      69.5175
   16475      70.7595
   16476      75.0504
   16477      74.2620
   16478      73.9699
   16479      76.1142
   16480      74.3357
   16481      78.3783
   16482      81.7487
   16483      83.7006
   16484      87.1557
   16485      86.5377
   16486      82.2808
   16487      83.0504
   16488      76.9312
   16489      79.7735
   16490      80.5008
   16491      82.6449
   16492      85.8584
   16493      84.7225
   16494      88.8660
   16495      93.9200
   16496      89.6673
   16497      90.3883
   16498      85.1979
   16499      85.0442
   16500      75.2968
   16501      75.3321
   16502      71.8991
   16503      71.6416
   16504      67.4359
   16505      71.0185
   16506      70.5438
   16507      70.6907
   16508      72.9772
   16509      72.7676
   16510      69.7076
   16511      72.2797
   16512      69.6547
   16513      70.4936
   16514      70.3284
   16515      68.0388
   16516      72.0602
   16517      73.3009
   16518      67.2884
   16519      58.6984
   16520      56.5333
   16521      59.3427
   16522      59.0214
   16523      59.4776
   16524      59.9186
   16525      58.3674
   16526      63.3991
   16527      68.1299
   16528      68.1184
   16529      69.6199
   16530      64.8389
   16531      63.1004
   16532      61.3745
   16533      66.1143
   16534      67.2464
   16535      66.4909
   16536      66.2012
   16537      72.4385
   16538      73.2262
   16539      81.2834
   16540      82.6777
   16541      81.5866
   16542      77.2153
   16543      78.7045
   16544      77.2554
   16545      79.5994
   16546      78.8293
   16547      78.4150
   16548      73.4224
   16549      68.5310
   16550      64.7150
   16551      62.6329
   16552      62.2045
   16553      57.9810
   16554      55.8737
   16555      57.8119
   16556      57.0708
   16557      54.3660
   16558      50.4667
   16559      53.6563
   16560      53.4887
   16561      59.8481
   16562      59.2838
   16563      60.6672
   16564      59.0883
   16565      63.2135
   16566      59.3947
   16567      56.5294
   16568      56.9223
   16569      54.5175
   16570      53.0601
   16571      53.3032
   16572      56.1526
   16573      59.7102
   16574      60.0891
   16575      64.5282
   16576      63.7009
   16577      62.1084
   16578      65.1169
   16579      61.5278
   16580      58.0739
   16581      58.2274
   16582      60.0634
   16583      61.0809
   16584      61.7387
   16585      60.7972
   16586      61.2054
   16587      58.7420
   16588      55.4967
   16589      54.7410
   16590      60.7574
   16591      61.0514
   16592      60.3538
   16593      57.9990
   16594      59.4998
   16595      54.7746
   16596      53.9570
   16597      60.9889
   16598      56.3236
   16599      53.0909
   16600      51.6695
   16601      55.9460
   16602      56.0166
   16603      56.0525
   16604      50.8493
   16605      50.1238
   16606      49.3638
   16607      54.4399
   16608      50.9953
   16609      48.4196
   16610      48.1912
   16611      49.4047
   16612      53.4438
   16613      48.6462
   16614      46.4182
   16615      46.9984
   16616      49.2172
   16617      51.1827
   16618      53.0472
   16619      52.7333
   16620      51.9348
   16621      50.3743
   16622      51.5333
   16623      53.3424
   16624      50.1745
   16625      50.1103
   16626      47.6034
   16627      48.2961
   16628      48.6188
   16629      54.1631
   16630      55.3051
   16631      54.0113
   16632      52.3722
   16633      54.2911
   16634      56.3550
   16635      54.7266
   16636      56.4690
   16637      52.1279
   16638      50.5099
   16639      49.0237
   16640      51.0154
   16641      54.9801
   16642      57.6405
   16643      58.6272
   16644      54.6954
   16645      54.8685
   16646      60.1862
   16647      59.7510
   16648      63.4165
   16649      61.3717
   16650      62.9920
   16651      58.0086
   16652      56.9617
   16653      58.7371
   16654      56.5038
   16655      57.1523
   16656      61.8895
   16657      65.6516
   16658      62.6825
   16659      64.4338
   16660      69.6127
   16661      75.1599
   16662      77.8925
   16663      72.8772
   16664      73.9808
   16665      75.3840
   16666      78.3304
   16667      77.4293
   16668      78.0870
   16669      82.0564
   16670      81.2624
   16671      81.2951
   16672      78.3417
   16673      79.9847
   16674      79.7133
   16675      76.8220
   16676      79.9751
   16677      77.2197
   16678      80.0322
   16679      84.3346
   16680      85.9875
   16681      85.4592
   16682      84.2131
   16683      88.2921
   16684      86.7074
   16685      91.2153
   16686      89.6304
   16687      88.1323
   16688      85.5895
   16689      83.4981
   16690      79.5225
   16691      83.8269
   16692      82.4655
   16693      84.0463
   16694      86.9355
   16695      86.8134
   16696      78.4535
   16697      79.4577
   16698      76.8240
   16699      77.9036
   16700      82.6140
   16701      82.3694
   16702      83.6948
   16703      83.7999
   16704      86.7576
   16705      84.3149
   16706      85.8229
   16707      90.1449
   16708      87.8726
   16709      87.8286
   16710      87.0889
   16711      81.9176
   16712      78.4965
   16713      80.1237
   16714      83.3763
   16715      84.6079
   16716      79.8065
   16717      82.0239
   16718      85.8974
   16719      83.0996
   16720      84.9438
   16721      86.8650
   16722      90.3567
   16723      89.1440
   16724      82.6757
   16725      82.4802
   16726      78.9345
   16727      78.4339
   16728      76.8255
   16729      77.9323
   16730      78.6514
   16731      79.1717
   16732      80.4252
   16733      84.9768
   16734      86.2723
   16735      88.3203
   16736      87.4189
   16737      90.2785
   16738      89.4414
   16739      92.7613
   16740      97.8348
   16741      94.9704
   16742      95.7987
   16743      95.1924
   16744      91.5183
   16745      87.7525
   16746      91.8003
   16747      93.1615
   16748      93.4453
   16749      94.7063
   16750      97.3053
   16751      95.2435
   16752      93.1109
   16753      94.4127
   16754      98.0832
   16755      97.9416
   16756      97.0591
   16757      95.3038
   16758      91.1484
   16759      92.0951
   16760      91.8218
   16761      95.0679
   16762      98.8346
   16763      95.7142
   16764      94.8700
   16765      90.9510
   16766      91.8057
   16767      92.3538
   16768      95.1450
   16769      91.7437
   16770      90.0664
   16771      88.9109
   16772      92.3892
   16773      90.3346
   16774      93.9782
   16775      92.8891
   16776      90.6157
   16777      96.1081
   16778      95.5287
   16779      95.6825
   16780      91.3526
   16781      88.1667
   16782      86.3093
   16783      88.9983
   16784      90.0505
   16785      88.6014
   16786      86.8235
   16787      86.2087
   16788      92.7085
   16789      92.7370
   16790      94.8615
   16791      89.7637
   16792      92.1421
   16793      94.0127
   16794      94.8796
   16795      94.9426
   16796      90.8040
   16797      89.7719
   16798      94.7073
   16799     100.9628
   16800     100.0625
   16801      97.7212
   16802      97.3192
   16803     101.6087
   16804     100.0896
   16805     103.0249
   16806      99.1920
   16807      99.6928
   16808      97.7609
   16809      97.3326
   16810      95.1087
   16811      91.5426
   16812      95.0558
   16813      92.9117
   16814      92.1500
   16815      91.3403
   16816      88.3385
   16817      90.2912
   16818      90.4489
   16819      89.9072
   16820      86.8369
   16821      86.2565
   16822      85.8958
   16823      85.6972
   16824      80.5510
   16825      74.4080
   16826      71.4146
   16827      68.5518
   16828      70.8833
   16829      71.8391
   16830      74.3083
   16831      72.0397
   16832      71.3575
   16833      72.1942
   16834      71.7532
   16835      70.7804
   16836      66.2605
   16837      60.9059
   16838      66.2588
   16839      66.2149
   16840      64.1324
   16841      67.1212
   16842      67.6569
   16843      66.5629
   16844      73.7847
   16845      75.4036
   16846      72.3233
   16847      70.7432
   16848      69.3993
   16849      69.4705
   16850      72.0445
   16851      69.8770
   16852      67.7690
   16853      69.0498
   16854      72.7506
   16855      76.8715
   16856      79.9048
   16857      73.9552
   16858      74.2058
   16859      72.7639
   16860      72.6603
   16861      72.2488
   16862      74.1173
   16863      75.5064
   16864      78.6317
   16865      75.7386
   16866      73.4049
   16867      72.1341
   16868      69.8015
   16869      71.2660
   16870      72.8582
   16871      68.9283
   16872      68.2982
   16873      72.3233
   16874      75.3703
   16875      79.2484
   16876      77.9575
   16877      76.3921
   16878      72.1689
   16879      71.8037
   16880      70.6203
   16881      70.3022
   16882      69.7772
   16883      70.2131
   16884      69.2937
   16885      71.6025
   16886      70.9919
   16887      68.9981
   16888      68.8017
   16889      66.4636
   16890      66.1194
   16891      65.8459
   16892      59.6464
   16893      60.7135
   16894      63.5307
   16895      62.8955
   16896      61.7876
   16897      60.9005
   16898      61.8919
   16899      62.4926
   16900      57.8298
   16901      62.0444
   16902      65.2384
   16903      62.5932
   16904      63.4748
   16905      61.7984
   16906      63.4586
   16907      66.4340
   16908      68.6677
   16909      64.5447
   16910      63.7044
   16911      68.2694
   16912      62.8785
   16913      55.7106
   16914      52.5356
   16915      54.8284
   16916      51.3739
   16917      55.8929
   16918      64.9999
   16919      65.4202
   16920      65.3663
   16921      62.0304
   16922      61.9323
   16923      66.4677
   16924      67.2402
   16925      71.9518
   16926      76.3727
   16927      71.0375
   16928      68.8080
   16929      60.0871
   16930      61.1141
   16931      61.6654
   16932      64.0547
   16933      62.7132
   16934      62.1915
   16935      57.4176
   16936      60.4497
   16937      60.4285
   16938      58.6882
   16939      54.6405
   16940      47.4754
   16941      44.3187
   16942      44.4003
   16943      50.9630
   16944      50.4778
   16945      45.9664
   16946      51.1004
   16947      49.9762
   16948      53.3680
   16949      55.8367
   16950      56.1708
   16951      54.0195
   16952      48.4336
   16953      51.8187
   16954      53.7993
   16955      49.2341
   16956      51.8240
   16957      51.0016
   16958      52.5728
   16959      53.4979
   16960      53.5545
   16961      53.5871
   16962      51.3703
   16963      51.6652
   16964      50.5194
   16965      53.6017
   16966      54.9418
   16967      48.9798
   16968      52.0223
   16969      56.8468
   16970      58.4372
   16971      52.4765
   16972      52.2966
   16973      51.1983
   16974      48.2462
   16975      54.4837
   16976      48.0643
   16977      49.4176
   16978      50.9061
   16979      50.6385
   16980      54.5831
   16981      56.5165
   16982      54.7157
   16983      52.7905
   16984      53.5329
   16985      56.4980
   16986      61.6293
   16987      67.0628
   16988      67.4268
   16989      68.8296
   16990      66.9610
   16991      64.3906
   16992      65.0103
   16993      59.4134
   16994      62.5872
   16995      67.7538
   16996      75.7885
   16997      81.7227
   16998      79.0008
   16999      77.1073
   17000      80.8733
   17001      79.2982
   17002      80.0131
   17003      79.7140
   17004      76.1053
   17005      76.4884
   17006      76.1413
   17007      73.4305
   17008      75.6079
   17009      74.0181
   17010      77.0684
   17011      75.9817
   17012      76.8561
   17013      76.8559
   17014      76.4149
   17015      73.7067
   17016      69.1339
   17017      67.9287
   17018      71.2576
   17019      70.4772
   17020      72.9257
   17021      73.8545
   17022      74.6902
   17023      75.1016
   17024      79.6533
   17025      80.1997
   17026      77.4140
   17027      76.7959
   17028      74.2756
   17029      74.0400
   17030      72.9535
   17031      70.3829
   17032      65.6473
   17033      66.1844
   17034      66.9433
   17035      68.7010
   17036      68.7987
   17037      69.5911
   17038      69.2161
   17039      73.1875
   17040      76.3742
   17041      76.6625
   17042      82.0459
   17043      81.5714
   17044      83.2264
   17045      89.0869
   17046      84.8305
   17047      85.2603
   17048      76.9694
   17049      73.7776
   17050      74.2929
   17051      71.9927
   17052      71.6001
   17053      70.0403
   17054      70.7080
   17055      68.3922
   17056      68.9329
   17057      69.2217
   17058      71.2336
   17059      69.2759
   17060      70.1257
   17061      70.9608
   17062      71.6953
   17063      67.5877
   17064      62.1576
   17065      70.7707
   17066      67.1251
   17067      67.8362
   17068      66.5957
   17069      67.8565
   17070      73.0289
   17071      71.0163
   17072      69.2456
   17073      69.2343
   17074      64.9945
   17075      67.7730
   17076      69.7068
   17077      69.3528
   17078      70.5604
   17079      72.9578
   17080      68.6021
   17081      66.8678
   17082      73.1075
   17083      72.8377
   17084      75.4761
   17085      74.0340
   17086      73.4930
   17087      70.4703
   17088      64.4184
   17089      65.8303
   17090      66.9247
   17091      69.8650
   17092      66.7331
   17093      71.1411
   17094      71.2360
   17095      76.9938
   17096      76.5931
   17097      79.3348
   17098      77.0658
   17099      68.7801
   17100      66.8088
   17101      53.6180
   17102      59.0978
   17103      58.2390
   17104      61.3410
   17105      62.0707
   17106      66.9261
   17107      63.9756
   17108      69.6055
   17109      74.1754
   17110      73.6406
   17111      74.9199
   17112      78.1775
   17113      80.9490
   17114      79.7256
   17115      79.5465
   17116      75.7096
   17117      74.3535
   17118      75.4845
   17119      73.1493
   17120      70.6796
   17121      68.7168
   17122      70.7317
   17123      74.2669
   17124      78.7620
   17125      75.0605
   17126      74.4444
   17127      73.6205
   17128      68.3091
   17129      72.6346
   17130      70.2337
   17131      63.4700
   17132      57.2740
   17133      58.9195
   17134      61.3034
   17135      61.4677
   17136      63.7361
   17137      63.5415
   17138      63.8834
   17139      58.6583
   17140      59.4371
   17141      61.5038
   17142      61.0493
   17143      59.1549
   17144      60.5864
   17145      62.2854
   17146      62.7972
   17147      58.3565
   17148      54.8298
   17149      51.7342
   17150      56.3652
   17151      50.4005
   17152      52.2429
   17153      46.1355
   17154      42.9883
   17155      41.6699
   17156      41.1839
   17157      44.4676
   17158      45.3939
   17159      45.7063
   17160      43.2764
   17161      44.0375
   17162      43.9486
   17163      44.1166
   17164      46.6294
   17165      49.2100
   17166      49.1780
   17167      56.0975
   17168      54.1975
   17169      52.7521
   17170      55.4741
   17171      54.9261
   17172      50.3918
   17173      48.6355
   17174      49.8344
   17175      47.4522
   17176      50.5201
   17177      51.8642
   17178      55.8192
   17179      58.4510
   17180      57.8721
   17181      51.8515
   17182      52.5063
   17183      51.3690
   17184      49.5808
   17185      51.5834
   17186      49.6964
   17187      43.9518
   17188      49.4959
   17189      48.8454
   17190      50.8992
   17191      49.5100
   17192      51.2964
   17193      50.6234
   17194      47.4383
   17195      46.6707
   17196      48.9288
   17197      53.0118
   17198      52.2616
   17199      49.6184
   17200      50.7537
   17201      52.0411
   17202      53.1855
   17203      53.4478
   17204      53.3900
   17205      59.6760
   17206      60.1271
   17207      61.0606
   17208      60.3678
   17209      59.5432
   17210      63.7161
   17211      66.5376
   17212      66.0404
   17213      63.3772
   17214      60.3911
   17215      59.8943
   17216      62.0148
   17217      66.0722
   17218      64.1057
   17219      59.7609
   17220      59.4070
   17221      57.7257
   17222      58.4742
   17223      53.6186
   17224      56.5860
   17225      63.4804
   17226      63.3863
   17227      66.2189
   17228      70.4816
   17229      66.7181
   17230      69.1482
   17231      69.4322
   17232      64.5576
   17233      64.5201
   17234      66.6319
   17235      71.1105
   17236      71.9816
   17237      73.8701
   17238      74.4938
   17239      74.8047
   17240      72.1355
   17241      72.2932
   17242      71.1720
   17243      67.6314
   17244      65.9811
   17245      66.0877
   17246      68.7931
   17247      64.0776
   17248      55.6232
   17249      53.7453
   17250      53.0429
   17251      55.8292
   17252      54.1622
   17253      52.8505
   17254      52.4327
   17255      52.1510
   17256      49.6920
   17257      53.0193
   17258      49.7996
   17259      49.7355
   17260      49.7362
   17261      46.4937
   17262      41.9542
   17263      48.0548
   17264      47.2098
   17265      44.2068
   17266      44.0342
   17267      44.5943
   17268      41.2140
   17269      44.4985
   17270      44.8425
   17271      46.9220
   17272      50.7703
   17273      51.6000
   17274      45.0557
   17275      46.8426
   17276      47.9561
   17277      53.3860
   17278      47.9564
   17279      49.8716
   17280      52.4011
   17281      49.7495
   17282      48.4800
   17283      47.0722
   17284      48.5927
   17285      46.9865
   17286      40.9063
   17287      45.5303
   17288      47.6023
   17289      51.6654
   17290      52.2221
   17291      53.8179
   17292      54.0766
   17293      54.3130
   17294      53.8374
   17295      56.9389
   17296      58.6055
   17297      61.4944
   17298      55.2479
   17299      54.4927
   17300      55.2369
   17301      51.8997
   17302      50.5333
   17303      50.3026
   17304      50.1792
   17305      49.9933
   17306      48.5272
   17307      47.5210
   17308      46.6803
   17309      47.2070
   17310      46.3483
   17311      49.9304
   17312      48.5366
   17313      45.9334
   17314      41.6061
   17315      44.7335
   17316      48.4472
   17317      53.4027
   17318      51.6485
   17319      50.0860
   17320      50.9433
   17321      51.6746
   17322      49.4905
   17323      51.3016
   17324      52.2893
   17325      50.3510
   17326      45.1752
   17327      46.1206
   17328      48.3692
   17329      46.3868
   17330      46.0904
   17331      50.2364
   17332      53.4209
   17333      53.7396
   17334      52.4694
   17335      54.0680
   17336      58.3316
   17337      54.7472
   17338      54.7208
   17339      52.5973
   17340      46.7227
   17341      50.9463
   17342      49.1086
   17343      44.1613
   17344      45.6883
   17345      45.7463
   17346      49.6441
   17347      51.4891
   17348      52.6451
   17349      45.7293
   17350      50.7897
   17351      54.0211
   17352      52.3458
   17353      56.4690
   17354      58.0080
   17355      60.6875
   17356      58.2062
   17357      57.6563
   17358      58.3402
   17359      62.5631
   17360      65.0230
   17361      64.8666
   17362      67.6493
   17363      68.2066
   17364      65.2174
   17365      67.9370
   17366      63.5837
   17367      61.7660
   17368      64.1196
   17369      68.1200
   17370      66.1753
   17371      65.7127
   17372      66.5311
   17373      62.7958
   17374      57.6666
   17375      57.2137
   17376      55.3907
   17377      52.6692
   17378      50.9810
   17379      49.6375
   17380      45.4368
   17381      47.7678
   17382      44.6483
   17383      49.1617
   17384      53.1160
   17385      53.1680
   17386      50.2201
   17387      50.6835
   17388      52.9734
   17389      54.7688
   17390      48.3984
   17391      51.3579
   17392      49.3568
   17393      47.9096
   17394      51.3981
   17395      51.4278
   17396      53.0767
   17397      53.3221
   17398      54.5888
   17399      55.8629
   17400      55.5541
   17401      51.8498
   17402      53.8169
   17403      55.2674
   17404      64.1378
   17405      62.2354
   17406      62.6286
   17407      62.1628
   17408      62.8331
   17409      59.7590
   17410      62.7551
   17411      65.2914
   17412      71.8954
   17413      75.3246
   17414      74.5943
   17415      69.2911
   17416      71.8049
   17417      73.9608
   17418      77.5977
   17419      79.5793
   17420      81.0845
   17421      80.6622
   17422      80.8419
   17423      75.3390
   17424      77.6200
   17425      79.8899
   17426      81.3772
   17427      84.1739
   17428      88.7156
   17429      88.9701
   17430      85.1093
   17431      86.8928
   17432      89.9690
   17433      90.8380
   17434      95.2184
   17435      94.5924
   17436      97.0127
   17437      95.3124
   17438      94.9615
   17439      93.2467
   17440      90.5990
   17441      85.4756
   17442      87.5156
   17443      90.7094
   17444      90.2002
   17445      85.3873
   17446      86.2767
   17447      87.5034
   17448      86.2170
   17449      87.2437
   17450      84.7877
   17451      82.5735
   17452      90.3154
   17453      88.9844
   17454      82.2934
   17455      83.2083
   17456      87.3242
   17457      83.1061
   17458      82.8045
   17459      81.3699
   17460      84.0825
   17461      82.6125
   17462      92.4551
   17463      95.3070
   17464      91.4464
   17465      96.3344
   17466      94.9709
   17467      94.6254
   17468      96.5173
   17469      96.9959
   17470      94.5071
   17471      93.1275
   17472      97.0631
   17473      95.6276
   17474      91.0773
   17475      89.3961
   17476      90.1510
   17477      87.9692
   17478      81.5834
   17479      83.1165
   17480      82.3731
   17481      85.4626
   17482      84.9669
   17483      91.1365
   17484      92.2089
   17485      90.2667
   17486      94.4328
   17487      90.2947
   17488      86.6724
   17489      86.8284
   17490      91.3914
   17491      88.9500
   17492      91.0175
   17493      88.8087
   17494      83.3746
   17495      86.1681
   17496      84.6951
   17497      79.5393
   17498      78.7225
   17499      83.3710
   17500      80.4530
   17501      88.5918
   17502      86.5626
   17503      84.7125
   17504      87.0690
   17505      92.0690
   17506      91.6451
   17507      91.7463
   17508      94.2703
   17509      90.2635
   17510      87.1724
   17511      85.8430
   17512      88.5919
   17513      88.3774
   17514      94.3382
   17515      96.0998
   17516      97.3433
   17517      97.3782
   17518      92.2748
   17519      99.9306
   17520     103.6711
   17521      97.4322
   17522      98.1299
   17523      95.0701
   17524      96.0570
   17525      92.0371
   17526      91.5472
   17527      90.0992
   17528      88.3971
   17529      92.5953
   17530      89.2720
   17531      88.2488
   17532      90.3628
   17533      96.8282
   17534      96.9946
   17535      97.5387
   17536      91.9323
   17537      89.2873
   17538      84.2652
   17539      84.7244
   17540      83.9551
   17541      84.9587
   17542      84.9119
   17543      82.5323
   17544      84.2730
   17545      79.7331
   17546      76.2116
   17547      77.3574
   17548      75.1573
   17549      80.8005
   17550      83.8541
   17551      85.8954
   17552      82.9077
   17553      80.7425
   17554      86.8756
   17555      87.1108
   17556      87.2534
   17557      83.5981
   17558      76.9742
   17559      80.2983
   17560      80.3422
   17561      89.7551
   17562      83.4074
   17563      85.7358
   17564      88.7397
   17565      88.8806
   17566      89.9168
   17567      91.4722
   17568      90.2752
   17569      90.9023
   17570      86.9424
   17571      87.1528
   17572      84.0314
   17573      85.2367
   17574      83.8825
   17575      83.2337
   17576      81.4566
   17577      85.4858
   17578      82.5261
   17579      89.9602
   17580      92.2102
   17581      93.0234
   17582      87.7902
   17583      85.9946
   17584      86.1109
   17585      88.5904
   17586      87.8945
   17587      87.1992
   17588      87.6654
   17589      88.3814
   17590      88.0074
   17591      90.1980
   17592      94.4001
   17593      96.3309
   17594      93.1099
   17595      96.6210
   17596      97.2219
   17597      95.2252
   17598      92.4078
   17599      95.5681
   17600      90.5994
   17601      92.7092
   17602      93.3109
   17603      93.4482
   17604      91.9495
   17605      90.1219
   17606      89.1187
   17607      85.7036
   17608      82.0970
   17609      81.4056
   17610      80.1869
   17611      75.3858
   17612      74.4206
   17613      82.5677
   17614      84.1264
   17615      83.5529
   17616      85.8927
   17617      82.5016
   17618      87.4768
   17619      88.1386
   17620      87.7407
   17621      82.2616
   17622      80.4106
   17623      79.6605
   17624      77.0848
   17625      76.5304
   17626      81.2809
   17627      81.8394
   17628      77.5482
   17629      80.2877
   17630      80.5931
   17631      79.7925
   17632      75.4796
   17633      80.8101
   17634      81.0530
   17635      86.7913
   17636      85.9791
   17637      86.7993
   17638      82.6894
   17639      85.3093
   17640      84.1327
   17641      79.7935
   17642      78.5382
   17643      78.3928
   17644      83.5537
   17645      88.1987
   17646      84.7096
   17647      77.7184
   17648      82.4766
   17649      81.6644
   17650      85.4640
   17651      83.1598
   17652      83.6198
   17653      87.0706
   17654      88.8341
   17655      83.8213
   17656      82.3590
   17657      90.7344
   17658      83.5469
   17659      74.3302
   17660      74.7833
   17661      74.8095
   17662      75.0378
   17663      72.6118
   17664      72.4405
   17665      74.3646
   17666      77.5968
   17667      73.8906
   17668      69.3833
   17669      66.7054
   17670      65.0215
   17671      64.0389
   17672      58.4485
   17673      66.0826
   17674      75.7425
   17675      71.9423
   17676      69.2181
   17677      71.8981
   17678      73.0019
   17679      73.0522
   17680      70.1661
   17681      70.7710
   17682      73.3406
   17683      71.8407
   17684      69.0104
   17685      70.8793
   17686      70.2702
   17687      74.1617
   17688      73.4682
   17689      74.9491
   17690      71.6105
   17691      70.3024
   17692      72.3949
   17693      76.7269
   17694      75.7730
   17695      76.0929
   17696      73.9356
   17697      73.6036
   17698      73.7164
   17699      79.6299
   17700      80.6462
   17701      84.3577
   17702      83.6649
   17703      84.8798
   17704      83.1448
   17705      85.5513
   17706      84.6805
   17707      81.6284
   17708      76.6605
   17709      72.4522
   17710      71.8369
   17711      74.0083
   17712      68.3013
   17713      69.9441
   17714      73.5450
   17715      68.0743
   17716      72.4515
   17717      67.9394
   17718      68.7873
   17719      71.4440
   17720      67.1666
   17721      64.8695
   17722      67.4031
   17723      67.9069
   17724      73.3128
   17725      75.4864
   17726      75.3156
   17727      77.4967
   17728      78.6991
   17729      82.9535
   17730      80.7688
   17731      77.5331
   17732      81.7950
   17733      84.0252
   17734      82.1328
   17735      81.8225
   17736      82.3351
   17737      83.8104
   17738      75.3517
   17739      68.8188
   17740      73.6118
   17741      75.9732
   17742      78.0234
   17743      80.5307
   17744      80.4181
   17745      80.4158
   17746      76.8512
   17747      70.7829
   17748      75.0861
   17749      72.3634
   17750      73.2384
   17751      72.9069
   17752      72.3013
   17753      73.3417
   17754      75.6549
   17755      81.5124
   17756      75.9954
   17757      78.8485
   17758      78.9432
   17759      77.2738
   17760      74.8056
   17761      79.1454
   17762      76.5930
   17763      78.2161
   17764      78.5964
   17765      82.6463
   17766      79.0013
   17767      71.6905
   17768      74.5310
   17769      74.3167
   17770      72.5499
   17771      74.8377
   17772      69.8498
   17773      69.8506
   17774      71.3991
   17775      77.5610
   17776      82.8948
   17777      86.6383
   17778      85.6032
   17779      82.8077
   17780      82.6307
   17781      74.8671
   17782      81.4048
   17783      80.4382
   17784      80.5653
   17785      81.1959
   17786      76.2926
   17787      74.2061
   17788      75.0020
   17789      73.6107
   17790      72.4523
   17791      68.4561
   17792      67.8944
   17793      69.5334
   17794      67.9372
   17795      68.9555
   17796      68.4518
   17797      72.1099
   17798      75.1190
   17799      70.3384
   17800      69.0164
   17801      70.0152
   17802      74.3303
   17803      73.9058
   17804      71.0297
   17805      74.4680
   17806      69.1959
   17807      60.5659
   17808      60.4217
   17809      63.8385
   17810      64.9103
   17811      71.4503
   17812      69.5609
   17813      71.9478
   17814      66.4828
   17815      65.4050
   17816      63.1415
   17817      59.9765
   17818      64.3080
   17819      66.3800
   17820      66.4519
   17821      66.9575
   17822      69.3402
   17823      65.1811
   17824      66.9829
   17825      66.5993
   17826      70.2003
   17827      71.6209
   17828      73.1600
   17829      71.8103
   17830      67.3450
   17831      65.4502
   17832      65.0677
   17833      70.0823
   17834      70.3157
   17835      69.1527
   17836      70.2826
   17837      76.4792
   17838      77.9638
   17839      83.4893
   17840      80.6036
   17841      84.8506
   17842      84.8188
   17843      89.4605
   17844      85.0752
   17845      82.0827
   17846      85.3018
   17847      85.6589
   17848      78.3360
   17849      82.1584
   17850      75.2370
   17851      76.1196
   17852      70.4935
   17853      66.3451
   17854      68.0552
   17855      70.4379
   17856      69.5326
   17857      70.0363
   17858      66.9469
   17859      60.9941
   17860      58.9452
   17861      59.7711
   17862      55.9881
   17863      57.2015
   17864      62.8929
   17865      67.7053
   17866      65.3281
   17867      63.2461
   17868      62.5456
   17869      63.6081
   17870      65.2959
   17871      67.7747
   17872      67.6323
   17873      67.4357
   17874      67.8500
   17875      62.5696
   17876      63.7131
   17877      60.9407
   17878      65.0773
   17879      62.0992
   17880      66.1205
   17881      64.2611
   17882      63.8451
   17883      65.1968
   17884      63.3821
   17885      66.0148
   17886      66.2805
   17887      66.6093
   17888      72.0285
   17889      74.6342
   17890      70.5278
   17891      72.2985
   17892      70.7118
   17893      71.4161
   17894      75.4736
   17895      73.6719
   17896      71.1545
   17897      78.5189
   17898      79.5455
   17899      76.0558
   17900      74.4359
   17901      76.7926
   17902      75.1414
   17903      76.5843
   17904      78.8197
   17905      76.0510
   17906      74.3488
   17907      75.2571
   17908      79.5433
   17909      81.5111
   17910      83.5981
   17911      84.7156
   17912      87.3472
   17913      81.7794
   17914      86.3498
   17915      89.2303
   17916      87.5220
   17917      81.7481
   17918      71.9985
   17919      72.7284
   17920      73.1961
   17921      70.5556
   17922      64.8401
   17923      68.5893
   17924      69.8283
   17925      62.7252
   17926      67.5135
   17927      66.8667
   17928      66.6729
   17929      69.0105
   17930      68.6292
   17931      65.0777
   17932      64.8127
   17933      69.9466
   17934      72.8104
   17935      76.1250
   17936      75.6527
   17937      74.1210
   17938      75.0632
   17939      74.6681
   17940      71.6146
   17941      68.1805
   17942      66.6724
   17943      67.1853
   17944      71.0845
   17945      71.0090
   17946      75.7425
   17947      77.9552
   17948      76.4935
   17949      80.0903
   17950      75.8552
   17951      76.3509
   17952      73.4113
   17953      73.7839
   17954      71.3090
   17955      74.9308
   17956      73.4154
   17957      70.6235
   17958      69.5167
   17959      71.7423
   17960      72.9951
   17961      73.8955
   17962      69.2091
   17963      73.8350
   17964      76.9168
   17965      76.1673
   17966      76.2979
   17967      78.7412
   17968      73.3279
   17969      71.7150
   17970      75.7093
   17971      72.4225
   17972      71.9373
   17973      76.5686
   17974      75.1594
   17975      74.6118
   17976      78.6646
   17977      79.6306
   17978      82.0651
   17979      81.6496
   17980      78.1690
   17981      77.1428
   17982      76.3059
   17983      76.9887
   17984      81.8916
   17985      78.2290
   17986      83.2483
   17987      84.2593
   17988      86.8869
   17989      83.6573
   17990      83.7073
   17991      85.3367
   17992      87.2138
   17993      84.0370
   17994      79.5768
   17995      78.4922
   17996      72.6225
   17997      73.7394
   17998      69.3840
   17999      67.8876
   18000      77.2052
   18001      76.3752
   18002      76.2968
   18003      72.5969
   18004      74.6620
   18005      71.2592
   18006      72.9444
   18007      76.7344
   18008      75.7006
   18009      68.9052
   18010      68.8965
   18011      64.5732
   18012      64.1705
   18013      62.6635
   18014      63.0390
   18015      66.0096
   18016      63.4831
   18017      60.3028
   18018      64.6019
   18019      62.7325
   18020      57.6412
   18021      62.4965
   18022      64.4335
   18023      62.9735
   18024      61.8941
   18025      64.8466
   18026      68.5498
   18027      71.7522
   18028      69.6187
   18029      66.0807
   18030      66.0742
   18031      70.2972
   18032      66.7273
   18033      63.9363
   18034      59.4455
   18035      59.7476
   18036      61.2357
   18037      63.0035
   18038      59.8549
   18039      63.1856
   18040      61.7570
   18041      66.4334
   18042      66.2302
   18043      65.1488
   18044      66.2770
   18045      69.1251
   18046      63.2153
   18047      61.5919
   18048      61.8866
   18049      68.3882
   18050      67.4619
   18051      69.0677
   18052      72.8590
   18053      80.2222
   18054      77.8102
   18055      79.7896
   18056      76.0666
   18057      76.7989
   18058      76.9185
   18059      72.0932
   18060      69.7870
   18061      73.3605
   18062      73.3113
   18063      72.0318
   18064      76.4045
   18065      71.7897
   18066      70.9780
   18067      70.1415
   18068      66.3610
   18069      67.8911
   18070      67.0180
   18071      65.4580
   18072      66.3999
   18073      68.1624
   18074      75.5157
   18075      79.8898
   18076      80.6443
   18077      81.1925
   18078      81.5345
   18079      81.0520
   18080      73.1829
   18081      71.3568
   18082      71.7043
   18083      70.2050
   18084      71.6060
   18085      75.6144
   18086      77.0149
   18087      75.7552
   18088      79.4603
   18089      83.9714
   18090      79.3336
   18091      78.3213
   18092      74.8269
   18093      78.3154
   18094      77.6292
   18095      79.7359
   18096      78.6693
   18097      73.1857
   18098      70.9274
   18099      72.0522
   18100      70.7384
   18101      68.7045
   18102      71.0547
   18103      65.0539
   18104      62.9392
   18105      69.8856
   18106      71.2628
   18107      71.9135
   18108      71.1588
   18109      72.9304
   18110      65.1675
   18111      64.0007
   18112      59.2714
   18113      55.8647
   18114      52.4831
   18115      52.5649
   18116      56.2290
   18117      56.7449
   18118      55.2123
   18119      51.2151
   18120      52.0622
   18121      58.5346
   18122      60.0638
   18123      63.3482
   18124      62.9376
   18125      60.8806
   18126      64.2962
   18127      64.1021
   18128      64.5194
   18129      62.5067
   18130      66.8828
   18131      68.1082
   18132      69.3578
   18133      71.5825
   18134      76.0250
   18135      77.7839
   18136      74.7483
   18137      78.6544
   18138      80.8822
   18139      74.9224
   18140      72.7999
   18141      77.9584
   18142      79.1429
   18143      79.4014
   18144      75.5244
   18145      74.0606
   18146      75.6663
   18147      77.5924
   18148      74.9962
   18149      70.3554
   18150      75.4523
   18151      76.1799
   18152      73.1339
   18153      76.6889
   18154      76.0483
   18155      76.1595
   18156      75.3186
   18157      77.0912
   18158      74.4787
   18159      73.7385
   18160      74.7517
   18161      73.9843
   18162      78.2905
   18163      79.4385
   18164      78.1741
   18165      76.5426
   18166      78.0711
   18167      74.8077
   18168      74.7756
   18169      80.7728
   18170      82.6666
   18171      80.7068
   18172      84.3642
   18173      86.0997
   18174      87.5566
   18175      85.8628
   18176      82.7827
   18177      83.3017
   18178      82.0756
   18179      78.5827
   18180      76.3424
   18181      79.2218
   18182      76.2975
   18183      80.0539
   18184      76.2720
   18185      77.8034
   18186      72.0713
   18187      73.0606
   18188      79.5991
   18189      82.5520
   18190      85.8613
   18191      83.5303
   18192      80.2431
   18193      86.3302
   18194      83.9031
   18195      80.0877
   18196      79.9835
   18197      76.8224
   18198      80.0862
   18199      80.6311
   18200      78.8447
   18201      70.0560
   18202      75.2433
   18203      78.4317
   18204      76.7892
   18205      76.2892
   18206      72.9084
   18207      65.1971
   18208      63.7075
   18209      66.4057
   18210      72.5998
   18211      76.3889
   18212      72.0366
   18213      62.9411
   18214      66.4870
   18215      67.8517
   18216      65.5842
   18217      65.0224
   18218      57.0475
   18219      57.7412
   18220      61.5517
   18221      65.6755
   18222      69.6707
   18223      67.2394
   18224      68.0479
   18225      65.5039
   18226      62.4750
   18227      61.3908
   18228      62.6785
   18229      66.4338
   18230      66.8309
   18231      65.7043
   18232      69.6614
   18233      64.8137
   18234      64.9135
   18235      67.5140
   18236      69.9035
   18237      65.8297
   18238      67.5039
   18239      68.7521
   18240      67.7626
   18241      69.8823
   18242      68.3177
   18243      68.9729
   18244      69.0526
   18245      67.8756
   18246      63.4192
   18247      65.2224
   18248      66.8647
   18249      67.4360
   18250      67.2918
   18251      66.3742
   18252      62.7185
   18253      68.6163
   18254      65.3921
   18255      64.1204
   18256      62.9608
   18257      66.1696
   18258      73.0615
   18259      76.5915
   18260      73.9471
   18261      72.1914
   18262      74.8365
   18263      74.0151
   18264      72.6851
   18265      69.3985
   18266      71.6076
   18267      69.0099
   18268      66.3607
   18269      66.0183
   18270      67.6430
   18271      65.3887
   18272      71.7280
   18273      76.1132
   18274      75.3908
   18275      73.4302
   18276      74.8117
   18277      73.9369
   18278      73.5737
   18279      72.4726
   18280      73.5162
   18281      72.2870
   18282      73.7299
   18283      78.7494
   18284      76.7651
   18285      80.2471
   18286      87.5843
   18287      87.9461
   18288      89.9823
   18289      92.6504
   18290      90.5785
   18291      91.9061
   18292      91.5640
   18293      89.3515
   18294      87.1280
   18295      87.5762
   18296      90.7250
   18297      92.2021
   18298      88.0321
   18299      88.1108
   18300      88.5952
   18301      86.7277
   18302      87.9593
   18303      88.2569
   18304      89.2737
   18305      89.3051
   18306      86.9988
   18307      86.0921
   18308      83.9954
   18309      85.5848
   18310      85.0258
   18311      77.3191
   18312      78.2857
   18313      75.5932
   18314      73.5961
   18315      76.4710
   18316      78.3459
   18317      76.8913
   18318      72.4094
   18319      74.1801
   18320      77.8321
   18321      78.1963
   18322      75.4353
   18323      80.1311
   18324      76.8724
   18325      79.5705
   18326      82.5972
   18327      82.3523
   18328      78.0980
   18329      79.0608
   18330      74.9571
   18331      72.0296
   18332      73.1264
   18333      70.5725
   18334      72.4623
   18335      73.2400
   18336      69.3985
   18337      69.9028
   18338      64.9156
   18339      64.7457
   18340      66.3961
   18341      67.9534
   18342      69.3976
   18343      63.3888
   18344      64.3888
   18345      63.9159
   18346      67.9958
   18347      72.7331
   18348      76.2513
   18349      79.5288
   18350      79.0021
   18351      77.3415
   18352      76.9879
   18353      74.7104
   18354      72.1429
   18355      73.6007
   18356      77.2329
   18357      75.7403
   18358      74.2106
   18359      72.9733
   18360      77.8632
   18361      75.9086
   18362      75.6472
   18363      78.5681
   18364      78.3425
   18365      79.4657
   18366      81.0149
   18367      81.1709
   18368      78.9410
   18369      76.4394
   18370      80.5148
   18371      79.5814
   18372      77.6583
   18373      75.6231
   18374      79.3336
   18375      78.8599
   18376      76.7607
   18377      79.0181
   18378      81.8008
   18379      79.8080
   18380      78.6345
   18381      76.6740
   18382      76.1950
   18383      75.8541
   18384      83.8313
   18385      84.0293
   18386      81.1343
   18387      79.5650
   18388      79.6415
   18389      82.8144
   18390      83.0234
   18391      83.6608
   18392      90.6922
   18393      93.8018
   18394      91.2876
   18395      85.0548
   18396      84.9425
   18397      85.3116
   18398      88.0772
   18399      89.6833
   18400      90.0172
   18401      92.1120
   18402      90.2917
   18403      92.4523
   18404      92.0228
   18405      91.8501
   18406      88.3779
   18407      88.8641
   18408      89.5921
   18409      91.5748
   18410      92.4324
   18411      93.3545
   18412      91.4846
   18413      89.0347
   18414      89.8547
   18415      86.2169
   18416      87.8033
   18417      88.3184
   18418      89.9953
   18419      85.3429
   18420      88.3336
   18421      88.3107
   18422      88.9960
   18423      84.2984
   18424      85.0482
   18425      85.4437
   18426      86.9516
   18427      81.3519
   18428      81.0339
   18429      86.1591
   18430      83.3906
   18431      79.2180
   18432      73.4254
   18433      73.5696
   18434      84.9163
   18435      82.8162
   18436      79.1396
   18437      68.5561
   18438      64.5579
   18439      66.4051
   18440      69.0040
   18441      72.4801
   18442      73.4171
   18443      72.4703
   18444      71.5935
   18445      73.9310
   18446      75.9733
   18447      78.0775
   18448      79.1490
   18449      81.2659
   18450      78.8430
   18451      76.2991
   18452      72.2756
   18453      71.9192
   18454      71.0155
   18455      73.6200
   18456      74.7017
   18457      73.9068
   18458      77.6609
   18459      77.5865
   18460      74.8319
   18461      75.1117
   18462      77.3420
   18463      77.4240
   18464      86.6603
   18465      86.2631
   18466      88.3781
   18467      89.5326
   18468      93.9649
   18469      88.9585
   18470      89.5557
   18471      88.2087
   18472      85.9425
   18473      82.5708
   18474      85.3652
   18475      85.9449
   18476      87.1198
   18477      83.4276
   18478      87.6633
   18479      83.8462
   18480      78.0286
   18481      74.9872
   18482      74.9194
   18483      78.0960
   18484      80.2437
   18485      82.6508
   18486      86.2730
   18487      79.6230
   18488      83.6912
   18489      80.2325
   18490      81.1860
   18491      78.5376
   18492      76.7100
   18493      74.8761
   18494      77.1688
   18495      81.7484
   18496      84.3108
   18497      80.1885
   18498      76.9145
   18499      77.8788
   18500      77.6816
   18501      77.8919
   18502      83.1387
   18503      86.2252
   18504      83.6716
   18505      84.7724
   18506      84.0655
   18507      79.9260
   18508      75.5848
   18509      79.9302
   18510      86.9890
   18511      84.1334
   18512      84.5706
   18513      83.7906
   18514      84.6303
   18515      81.0920
   18516      74.4593
   18517      75.3008
   18518      72.2429
   18519      73.8721
   18520      78.9397
   18521      80.2149
   18522      78.5674
   18523      79.2093
   18524      78.5955
   18525      81.7861
   18526      86.8519
   18527      92.4889
   18528      89.7673
   18529      88.9303
   18530      89.2963
   18531      85.8542
   18532      87.7663
   18533      88.7474
   18534      87.7865
   18535      88.0362
   18536      90.7528
   18537      86.4818
   18538      88.0694
   18539      83.8381
   18540      83.8088
   18541      81.5841
   18542      78.0980
   18543      75.7519
   18544      77.9500
   18545      79.0711
   18546      80.7357
   18547      85.0212
   18548      82.7883
   18549      86.8669
   18550      86.5516
   18551      89.4864
   18552      93.5318
   18553      93.6102
   18554      87.8644
   18555      90.3746
   18556      92.9621
   18557      88.0327
   18558      87.3843
   18559      86.2214
   18560      87.2796
   18561      93.9505
   18562      94.4306
   18563      92.7440
   18564      92.8239
   18565      93.5063
   18566      91.2895
   18567      88.5740
   18568      87.9710
   18569      84.5430
   18570      88.1808
   18571      91.8685
   18572      92.4190
   18573      93.3496
   18574      85.0554
   18575      87.8395
   18576      90.8657
   18577      88.4271
   18578      87.7686
   18579      87.8014
   18580      86.1634
   18581      83.2506
   18582      82.4061
   18583      78.9645
   18584      83.0768
   18585      87.1184
   18586      86.9416
   18587      86.7248
   18588      81.7272
   18589      86.0214
   18590      87.2342
   18591      88.2320
   18592      89.3148
   18593      84.1538
   18594      83.3797
   18595      83.7196
   18596      78.9848
   18597      82.6033
   18598      81.4920
   18599      80.5565
   18600      78.6877
   18601      74.9977
   18602      78.7315
   18603      80.2301
   18604      76.9966
   18605      75.5921
   18606      74.4850
   18607      68.5171
   18608      66.0540
   18609      68.5216
   18610      73.7265
   18611      75.5903
   18612      75.6250
   18613      76.1806
   18614      75.6100
   18615      75.4866
   18616      78.1759
   18617      77.8315
   18618      83.8482
   18619      85.1057
   18620      86.3568
   18621      80.2788
   18622      76.6897
   18623      75.7624
   18624      75.1325
   18625      78.5828
   18626      81.9090
   18627      81.7344
   18628      73.8495
   18629      73.6266
   18630      77.5952
   18631      80.6014
   18632      84.3263
   18633      88.0571
   18634      88.0344
   18635      89.5726
   18636      89.7249
   18637      87.1619
   18638      84.0034
   18639      85.1850
   18640      89.2950
   18641      92.4716
   18642      91.3623
   18643      95.2048
   18644      92.8018
   18645      97.7579
   18646      97.5220
   18647      96.5816
   18648      95.6979
   18649      95.4857
   18650      92.2337
   18651      89.1509
   18652      87.3736
   18653      86.5192
   18654      85.4739
   18655      87.8012
   18656      90.1973
   18657      88.5594
   18658      91.6658
   18659      88.5655
   18660      86.6007
   18661      89.4227
   18662      86.0001
   18663      81.4476
   18664      79.7521
   18665      83.3012
   18666      84.2717
   18667      83.9794
   18668      80.1697
   18669      82.3822
   18670      86.1120
   18671      88.1817
   18672      85.0088
   18673      86.5061
   18674      84.7967
   18675      80.9610
   18676      78.9323
   18677      75.4830
   18678      80.1981
   18679      81.8656
   18680      83.1550
   18681      86.6298
   18682      90.4621
   18683      83.8887
   18684      83.6043
   18685      82.3672
   18686      84.0460
   18687      84.6818
   18688      81.4726
   18689      79.6825
   18690      79.3336
   18691      77.6958
   18692      77.2706
   18693      76.6369
   18694      82.2142
   18695      85.6398
   18696      82.5585
   18697      79.8510
   18698      75.4689
   18699      76.3900
   18700      77.3526
   18701      75.8613
   18702      77.8579
   18703      73.6566
   18704      66.2215
   18705      70.0784
   18706      74.9328
   18707      71.4750
   18708      74.5283
   18709      72.1014
   18710      63.4618
   18711      67.2929
   18712      69.6335
   18713      70.7467
   18714      69.2670
   18715      71.8767
   18716      72.4521
   18717      70.9048
   18718      74.5653
   18719      68.1755
   18720      67.7966
   18721      66.4840
   18722      68.3582
   18723      68.1341
   18724      68.9352
   18725      67.2214
   18726      64.0791
   18727      63.3576
   18728      64.5455
   18729      64.6845
   18730      68.9367
   18731      66.5991
   18732      65.6343
   18733      67.5384
   18734      67.3458
   18735      71.4495
   18736      70.0879
   18737      70.5164
   18738      71.6746
   18739      71.4955
   18740      66.6905
   18741      64.7118
   18742      61.2467
   18743      58.9668
   18744      58.5846
   18745      60.6251
   18746      60.1434
   18747      64.6160
   18748      69.0576
   18749      74.4211
   18750      77.3023
   18751      74.4713
   18752      68.0346
   18753      69.9951
   18754      70.1822
   18755      67.9446
   18756      69.3315
   18757      68.6642
   18758      67.2591
   18759      68.8033
   18760      63.2645
   18761      67.2127
   18762      68.5148
   18763      67.4772
   18764      67.7636
   18765      63.3769
   18766      66.3734
   18767      67.6206
   18768      71.7467
   18769      74.5091
   18770      75.1005
   18771      75.1092
   18772      73.4853
   18773      75.3687
   18774      78.3229
   18775      77.1642
   18776      74.7511
   18777      77.0350
   18778      77.6975
   18779      80.4892
   18780      81.1342
   18781      80.1559
   18782      83.0446
   18783      82.9794
   18784      79.3813
   18785      80.1073
   18786      80.9614
   18787      73.0541
   18788      68.3953
   18789      68.6720
   18790      65.9400
   18791      64.6009
   18792      66.9347
   18793      65.2823
   18794      65.4415
   18795      66.0663
   18796      67.7130
   18797      65.0008
   18798      59.9364
   18799      58.1589
   18800      61.8641
   18801      59.4819
   18802      56.5645
   18803      56.4473
   18804      60.4436
   18805      59.3202
   18806      60.2592
   18807      59.9953
   18808      56.4419
   18809      57.4360
   18810      56.1055
   18811      60.4084
   18812      65.6318
   18813      63.6157
   18814      63.8872
   18815      63.8180
   18816      66.7135
   18817      66.3068
   18818      65.1143
   18819      66.1454
   18820      65.9196
   18821      73.0494
   18822      69.9126
   18823      71.2928
   18824      67.4591
   18825      67.9981
   18826      65.5288
   18827      64.2788
   18828      66.9938
   18829      66.2270
   18830      63.9856
   18831      64.0269
   18832      62.2370
   18833      65.1203
   18834      68.1638
   18835      69.3674
   18836      66.5645
   18837      63.9226
   18838      71.6999
   18839      71.6751
   18840      76.3548
   18841      77.3111
   18842      78.6948
   18843      82.2035
   18844      78.4791
   18845      79.5893
   18846      75.2880
   18847      76.7113
   18848      79.0850
   18849      78.4192
   18850      82.5291
   18851      84.6409
   18852      86.3499
   18853      86.4445
   18854      89.5287
   18855      91.0435
   18856      90.6426
   18857      88.8803
   18858      92.7164
   18859      96.5552
   18860      96.0915
   18861      96.3438
   18862      96.0306
   18863      95.6642
   18864      93.3186
   18865      96.5041
   18866      94.0922
   18867      93.3517
   18868      92.3408
   18869      93.1190
   18870      90.1252
   18871      88.5439
   18872      86.1409
   18873      85.6108
   18874      83.3251
   18875      88.2730
   18876      87.9183
   18877      87.8725
   18878      84.8423
   18879      87.1563
   18880      92.1683
   18881      86.8374
   18882      86.8179
   18883      87.4743
   18884      85.9605
   18885      89.0821
   18886      88.4569
   18887      86.9330
   18888      88.1409
   18889      89.7267
   18890      90.7090
   18891      91.8610
   18892      91.3262
   18893      87.5478
   18894      82.8191
   18895      80.4040
   18896      78.7736
   18897      77.7397
   18898      76.3560
   18899      81.3071
   18900      80.5382
   18901      80.8797
   18902      86.2668
   18903      87.5813
   18904      87.8067
   18905      81.8975
   18906      83.9544
   18907      87.6446
   18908      88.8527
   18909      93.1192
   18910      95.8850
   18911      92.5021
   18912      98.2475
   18913      91.1174
   18914      87.9433
   18915      83.7730
   18916      81.6850
   18917      82.2795
   18918      80.8441
   18919      80.4293
   18920      79.0768
   18921      80.5548
   18922      78.6223
   18923      75.4971
   18924      75.1493
   18925      67.9444
   18926      72.9789
   18927      74.4376
   18928      74.0161
   18929      77.0256
   18930      78.3376
   18931      80.7109
   18932      75.9989
   18933      72.4389
   18934      71.5792
   18935      73.0083
   18936      68.3280
   18937      68.6501
   18938      72.9025
   18939      78.6120
   18940      79.9008
   18941      75.0402
   18942      69.7842
   18943      75.4470
   18944      71.6606
   18945      75.5550
   18946      75.8834
   18947      78.7607
   18948      78.4423
   18949      85.5234
   18950      80.5757
   18951      77.5578
   18952      72.2585
   18953      73.0432
   18954      81.7555
   18955      81.9732
   18956      82.2890
   18957      81.8604
   18958      83.5099
   18959      83.6938
   18960      78.4404
   18961      72.8318
   18962      69.3996
   18963      71.8921
   18964      71.6631
   18965      70.1083
   18966      75.0464
   18967      72.8153
   18968      73.1968
   18969      70.7061
   18970      65.6648
   18971      67.5635
   18972      69.5454
   18973      66.7364
   18974      65.5246
   18975      68.3132
   18976      64.7569
   18977      65.1758
   18978      64.5660
   18979      71.9505
   18980      70.8848
   18981      68.6310
   18982      72.3828
   18983      73.2854
   18984      74.1921
   18985      79.2416
   18986      79.4790
   18987      83.0571
   18988      82.5137
   18989      78.3837
   18990      77.1863
   18991      75.9748
   18992      73.5561
   18993      71.1744
   18994      68.4336
   18995      65.8497
   18996      67.4400
   18997      69.2155
   18998      65.3301
   18999      68.1813
   19000      71.3360
   19001      73.3608
   19002      71.1147
   19003      73.6745
   19004      76.3869
   19005      77.7276
   19006      75.7598
   19007      76.1291
   19008      77.1694
   19009      74.1201
   19010      74.6857
   19011      76.5831
   19012      74.9873
   19013      71.5378
   19014      68.8183
   19015      68.8319
   19016      71.1982
   19017      69.9545
   19018      69.0522
   19019      71.8840
   19020      71.4594
   19021      69.3097
   19022      71.6929
   19023      70.3171
   19024      70.0548
   19025      73.3797
   19026      79.2705
   19027      75.5069
   19028      76.3448
   19029      72.8213
   19030      71.6285
   19031      76.5877
   19032      77.5242
   19033      76.3054
   19034      70.4752
   19035      72.6781
   19036      77.4744
   19037      80.2938
   19038      79.6044
   19039      74.2109
   19040      72.5450
   19041      76.2051
   19042      81.5531
   19043      78.9091
   19044      76.8712
   19045      84.3208
   19046      88.3131
   19047      94.0582
   19048      91.0887
   19049      87.2780
   19050      87.5666
   19051      89.6400
   19052      88.0973
   19053      87.1469
   19054      85.6758
   19055      89.2946
   19056      81.1366
   19057      79.6193
   19058      79.2199
   19059      77.4992
   19060      85.2571
   19061      85.8384
   19062      86.4398
   19063      88.3267
   19064      82.8487
   19065      80.8702
   19066      77.5583
   19067      74.9873
   19068      74.5158
   19069      74.9257
   19070      75.8935
   19071      76.1654
   19072      79.2866
   19073      76.9636
   19074      73.1578
   19075      75.2327
   19076      70.6917
   19077      74.3364
   19078      81.9022
   19079      83.1994
   19080      80.2879
   19081      77.9861
   19082      75.3097
   19083      74.2023
   19084      74.4061
   19085      75.3649
   19086      81.3959
   19087      77.4816
   19088      74.5646
   19089      75.1694
   19090      76.0341
   19091      78.0450
   19092      78.0811
   19093      75.0951
   19094      74.0068
   19095      76.7505
   19096      79.6050
   19097      79.4117
   19098      76.5403
   19099      76.5455
   19100      77.0615
   19101      72.1512
   19102      77.5511
   19103      74.5977
   19104      76.1799
   19105      67.4578
   19106      67.3779
   19107      67.4239
   19108      66.0395
   19109      64.6421
   19110      69.1679
   19111      67.4096
   19112      69.4477
   19113      75.4477
   19114      74.1266
   19115      79.1078
   19116      78.5829
   19117      76.3304
   19118      76.4310
   19119      73.1034
   19120      66.8595
   19121      67.6974
   19122      71.1955
   19123      68.0530
   19124      74.4773
   19125      79.9558
   19126      80.2261
   19127      80.9848
   19128      83.1352
   19129      84.8968
   19130      82.2117
   19131      73.1103
   19132      74.0108
   19133      77.1395
   19134      77.3183
   19135      82.7881
   19136      82.2414
   19137      83.5404
   19138      82.7273
   19139      80.6225
   19140      85.9357
   19141      83.6999
   19142      87.0863
   19143      87.1273
   19144      84.0650
   19145      81.8823
   19146      83.1665
   19147      81.9722
   19148      79.0741
   19149      75.3004
   19150      74.1959
   19151      75.0040
   19152      73.9639
   19153      72.3991
   19154      72.9066
   19155      79.2033
   19156      83.2647
   19157      81.8755
   19158      79.9671
   19159      85.7352
   19160      88.0736
   19161      81.2748
   19162      78.7880
   19163      76.6352
   19164      73.5444
   19165      72.8568
   19166      74.4178
   19167      79.2900
   19168      79.9968
   19169      81.2466
   19170      78.4189
   19171      86.3049
   19172      85.7872
   19173      87.8539
   19174      83.9205
   19175      80.3874
   19176      80.5443
   19177      80.4139
   19178      76.4741
   19179      78.1832
   19180      78.7764
   19181      78.4691
   19182      78.2323
   19183      81.4651
   19184      81.9175
   19185      76.4117
   19186      76.2740
   19187      75.7665
   19188      70.2451
   19189      67.7968
   19190      69.5452
   19191      74.3957
   19192      68.8990
   19193      77.9051
   19194      80.8931
   19195      81.4838
   19196      83.3807
   19197      85.9846
   19198      85.4459
   19199      87.6767
   19200      81.9045
   19201      80.5104
   19202      83.2139
   19203      84.6754
   19204      84.7719
   19205      80.2903
   19206      82.0104
   19207      86.7575
   19208      88.4413
   19209      84.1502
   19210      80.2115
   19211      78.6902
   19212      82.6906
   19213      81.3487
   19214      83.0257
   19215      80.1897
   19216      80.3373
   19217      80.5326
   19218      81.5483
   19219      84.5108
   19220      78.7228
   19221      76.4341
   19222      75.8062
   19223      74.0021
   19224      76.4714
   19225      77.2108
   19226      74.6945
   19227      78.9594
   19228      79.8927
   19229      84.7262
   19230      84.8565
   19231      81.5530
   19232      81.3151
   19233      79.8802
   19234      78.1275
   19235      75.6591
   19236      73.7400
   19237      78.6982
   19238      80.4769
   19239      82.2712
   19240      84.0223
   19241      85.1614
   19242      87.1368
   19243      85.5767
   19244      82.7242
   19245      84.0012
   19246      87.4542
   19247      89.4546
   19248      91.1320
   19249      93.4948
   19250      95.5911
   19251      95.1548
   19252      92.8773
   19253      90.3153
   19254      91.2834
   19255      87.6706
   19256      86.3004
   19257      83.5449
   19258      85.9550
   19259      84.6551
   19260      81.7803
   19261      77.3390
   19262      76.4833
   19263      76.7283
   19264      76.2534
   19265      72.5979
   19266      72.4872
   19267      75.1853
   19268      78.7106
   19269      83.0995
   19270      83.6034
   19271      87.8939
   19272      91.1385
   19273      86.4031
   19274      85.3758
   19275      83.2175
   19276      84.1235
   19277      87.5054
   19278      85.4026
   19279      86.9409
   19280      84.7466
   19281      82.7310
   19282      75.1090
   19283      72.6390
   19284      69.1800
   19285      68.0558
   19286      62.3637
   19287      66.8390
   19288      70.9602
   19289      75.0507
   19290      73.0596
   19291      65.8227
   19292      67.2084
   19293      63.6762
   19294      63.5798
   19295      64.8793
   19296      69.5441
   19297      73.8052
   19298      74.9004
   19299      76.1149
   19300      70.7251
   19301      76.0073
   19302      75.3771
   19303      77.6728
   19304      77.6590
   19305      79.6862
   19306      79.1354
   19307      84.4073
   19308      84.6105
   19309      88.4445
   19310      89.7405
   19311      90.0772
   19312      90.0564
   19313      85.9655
   19314      84.3419
   19315      89.4885
   19316      88.8011
   19317      88.2002
   19318      95.1525
   19319      92.0652
   19320      90.0949
   19321      91.3858
   19322      91.0368
   19323      95.0255
   19324      90.7486
   19325      90.1157
   19326      90.4432
   19327      86.2294
   19328      88.7065
   19329      80.1760
   19330      70.2845
   19331      76.5793
   19332      75.9397
   19333      76.4455
   19334      83.2389
   19335      84.4970
   19336      82.9793
   19337      80.3617
   19338      83.4987
   19339      81.5605
   19340      84.0602
   19341      81.7570
   19342      79.2897
   19343      80.6765
   19344      84.3667
   19345      80.9325
   19346      89.5265
   19347      89.6948
   19348      84.0353
   19349      85.7744
   19350      76.4657
   19351      75.7872
   19352      75.2112
   19353      80.2737
   19354      80.3401
   19355      79.6355
   19356      83.2937
   19357      78.8351
   19358      70.8218
   19359      72.7776
   19360      73.3790
   19361      68.4659
   19362      75.4094
   19363      76.5878
   19364      80.8067
   19365      77.1893
   19366      73.6324
   19367      75.0841
   19368      77.5549
   19369      75.8533
   19370      73.2127
   19371      79.0140
   19372      80.7420
   19373      77.2326
   19374      78.1831
   19375      80.3738
   19376      78.0406
   19377      78.1409
   19378      78.9304
   19379      79.1737
   19380      78.2813
   19381      77.7176
   19382      75.9097
   19383      82.3475
   19384      81.1437
   19385      86.3540
   19386      84.6241
   19387      84.7378
   19388      76.9576
   19389      74.0129
   19390      76.8545
   19391      73.9277
   19392      79.2972
   19393      85.4131
   19394      83.1297
   19395      79.9489
   19396      77.4917
   19397      73.3593
   19398      73.4582
   19399      71.6942
   19400      71.3962
   19401      73.0662
   19402      77.6673
   19403      77.6550
   19404      68.6401
   19405      70.5160
   19406      75.3172
   19407      75.8311
   19408      75.4455
   19409      77.8636
   19410      77.4315
   19411      76.6539
   19412      77.3823
   19413      82.9816
   19414      82.9419
   19415      84.3753
   19416      81.3281
   19417      86.8853
   19418      88.1493
   19419      87.9767
   19420      89.8217
   19421      88.7132
   19422      87.7869
   19423      83.0803
   19424      78.1033
   19425      78.8228
   19426      86.7250
   19427      90.6644
   19428      86.3824
   19429      85.4532
   19430      85.8891
   19431      85.8141
   19432      84.1613
   19433      77.5642
   19434      79.5101
   19435      82.0033
   19436      80.7072
   19437      81.2821
   19438      74.5517
   19439      77.7106
   19440      76.0232
   19441      76.4174
   19442      77.7127
   19443      86.1854
   19444      87.8968
   19445      83.3823
   19446      77.6714
   19447      75.3035
   19448      75.9572
   19449      87.4145
   19450      79.3616
   19451      75.7832
   19452      71.0228
   19453      71.9902
   19454      69.4616
   19455      65.6216
   19456      74.2237
   19457      77.7678
   19458      77.6730
   19459      82.5393
   19460      87.1592
   19461      85.3421
   19462      83.8105
   19463      82.7542
   19464      82.8429
   19465      81.7498
   19466      78.6934
   19467      72.6078
   19468      77.5322
   19469      80.4775
   19470      81.0202
   19471      79.2100
   19472      82.8004
   19473      82.4600
   19474      81.5431
   19475      83.6491
   19476      88.9537
   19477      89.5801
   19478      89.3516
   19479      87.3922
   19480      85.4301
   19481      84.5303
   19482      84.8863
   19483      82.0919
   19484      82.0239
   19485      83.9009
   19486      78.6362
   19487      79.7663
   19488      78.3171
   19489      78.7440
   19490      85.6072
   19491      89.5541
   19492      88.2753
   19493      88.5155
   19494      88.7623
   19495      93.7662
   19496      95.3382
   19497      91.5903
   19498      85.0433
   19499      81.4895
   19500      78.2498
   19501      78.8357
   19502      77.0631
   19503      76.7983
   19504      79.8806
   19505      80.8921
   19506      80.1582
   19507      77.1821
   19508      77.3863
   19509      79.5139
   19510      82.9546
   19511      87.5691
   19512      88.6180
   19513      86.5207
   19514      87.6561
   19515      87.5397
   19516      86.8563
   19517      87.8362
   19518      92.4201
   19519      88.3402
   19520      87.8910
   19521      88.6676
   19522      89.4986
   19523      89.0508
   19524      83.3939
   19525      83.3114
   19526      80.4455
   19527      78.0295
   19528      78.7323
   19529      79.9479
   19530      83.8878
   19531      77.7531
   19532      77.9533
   19533      76.1029
   19534      82.8585
   19535      80.7930
   19536      78.4145
   19537      80.0193
   19538      84.8295
   19539      83.5632
   19540      83.0160
   19541      84.2076
   19542      85.9707
   19543      83.8292
   19544      78.5787
   19545      79.6681
   19546      78.3386
   19547      75.5489
   19548      76.4784
   19549      72.6787
   19550      75.0871
   19551      74.6778
   19552      75.2265
   19553      73.2422
   19554      76.0264
   19555      72.1527
   19556      72.4986
   19557      70.5129
   19558      71.5144
   19559      67.2942
   19560      74.5286
   19561      76.1209
   19562      77.6877
   19563      79.5048
   19564      76.0478
   19565      71.2719
   19566      69.1767
   19567      70.7196
   19568      70.9952
   19569      66.6943
   19570      67.5892
   19571      70.9014
   19572      74.5440
   19573      72.8067
   19574      72.5602
   19575      71.4082
   19576      69.6052
   19577      72.1703
   19578      71.5752
   19579      71.7516
   19580      71.0414
   19581      74.2830
   19582      77.1172
   19583      77.2941
   19584      73.0933
   19585      70.4776
   19586      69.5729
   19587      64.4205
   19588      66.4271
   19589      69.4964
   19590      74.3395
   19591      74.8124
   19592      72.5508
   19593      74.2363
   19594      78.2199
   19595      76.0958
   19596      76.8595
   19597      73.5383
   19598      73.3686
   19599      78.8647
   19600      74.3762
   19601      72.3303
   19602      74.4461
   19603      71.6567
   19604      67.5745
   19605      66.3499
   19606      66.7336
   19607      69.1823
   19608      68.5539
   19609      71.7819
   19610      74.4381
   19611      69.0226
   19612      72.5362
   19613      78.8317
   19614      73.9616
   19615      71.4832
   19616      71.8517
   19617      73.3535
   19618      77.1384
   19619      73.3981
   19620      74.6349
   19621      74.5654
   19622      72.8137
   19623      74.6562
   19624      72.0430
   19625      73.2682
   19626      69.4110
   19627      73.7877
   19628      79.5975
   19629      85.7818
   19630      83.4256
   19631      78.1686
   19632      77.8247
   19633      79.1133
   19634      79.4279
   19635      74.1867
   19636      72.2028
   19637      68.3065
   19638      71.9259
   19639      74.7700
   19640      78.7784
   19641      78.3355
   19642      78.0251
   19643      75.9973
   19644      74.7900
   19645      77.7955
   19646      75.3614
   19647      77.7164
   19648      77.3832
   19649      78.0071
   19650      76.8513
   19651      75.7515
   19652      78.2825
   19653      75.1092
   19654      76.6110
   19655      78.2844
   19656      77.9763
   19657      82.6025
   19658      85.9260
   19659      85.5943
   19660      86.0972
   19661      86.6505
   19662      82.3559
   19663      77.1934
   19664      79.0379
   19665      79.5292
   19666      81.1853
   19667      87.2312
   19668      85.4048
   19669      86.3781
   19670      89.8137
   19671      85.1301
   19672      84.8781
   19673      85.2717
   19674      80.6818
   19675      76.2834
   19676      74.6357
   19677      78.9990
   19678      80.0659
   19679      87.0792
   19680      87.3664
   19681      84.7094
   19682      86.6609
   19683      86.7451
   19684      87.7661
   19685      85.5183
   19686      84.2223
   19687      86.4570
   19688      86.1877
   19689      85.5879
   19690      84.1462
   19691      84.7384
   19692      86.1159
   19693      81.9886
   19694      76.5316
   19695      80.2504
   19696      77.5144
   19697      76.4753
   19698      78.9061
   19699      76.6433
   19700      70.5915
   19701      80.7615
   19702      83.6776
   19703      81.7224
   19704      77.7137
   19705      73.2973
   19706      74.2299
   19707      77.5023
   19708      74.8325
   19709      73.3159
   19710      77.3343
   19711      73.9694
   19712      80.1551
   19713      82.4938
   19714      84.8864
   19715      80.4106
   19716      82.0765
   19717      79.2104
   19718      76.7113
   19719      80.5805
   19720      85.2474
   19721      82.9024
   19722      80.9921
   19723      76.3817
   19724      74.6863
   19725      77.8243
   19726      75.9865
   19727      76.1267
   19728      75.5318
   19729      77.0673
   19730      78.3437
   19731      76.4817
   19732      78.0933
   19733      74.3267
   19734      73.3172
   19735      72.6447
   19736      74.0038
   19737      72.6301
   19738      69.9504
   19739      68.4549
   19740      67.9296
   19741      70.0403
   19742      71.5954
   19743      68.2795
   19744      70.1567
   19745      73.9465
   19746      76.9055
   19747      77.7541
   19748      75.1205
   19749      78.9910
   19750      82.5212
   19751      83.0609
   19752      77.2743
   19753      75.5145
   19754      79.7734
   19755      77.9065
   19756      76.0393
   19757      84.4308
   19758      79.0599
   19759      71.1114
   19760      70.1921
   19761      73.8776
   19762      71.6016
   19763      70.4699
   19764      74.6081
   19765      75.0208
   19766      76.0336
   19767      76.3662
   19768      67.6828
   19769      74.5907
   19770      74.3783
   19771      74.9111
   19772      70.1402
   19773      73.7444
   19774      72.6558
   19775      71.5399
   19776      71.7006
   19777      70.9544
   19778      72.4479
   19779      71.6371
   19780      78.2500
   19781      78.3060
   19782      80.9801
   19783      83.0860
   19784      79.9558
   19785      76.1155
   19786      75.1655
   19787      73.5433
   19788      75.5274
   19789      74.2944
   19790      81.8929
   19791      79.3697
   19792      84.6728
   19793      83.7554
   19794      79.0630
   19795      75.8223
   19796      74.4397
   19797      74.4394
   19798      78.0370
   19799      85.6100
   19800      80.7993
   19801      78.2491
   19802      82.5224
   19803      89.5005
   19804      87.9347
   19805      85.6056
   19806      82.1346
   19807      82.0013
   19808      76.1524
   19809      80.0775
   19810      75.0635
   19811      79.5029
   19812      77.9264
   19813      76.4445
   19814      73.3710
   19815      75.7785
   19816      74.0818
   19817      76.9264
   19818      76.4678
   19819      77.7335
   19820      77.5695
   19821      80.4126
   19822      80.7963
   19823      69.3842
   19824      65.3702
   19825      64.6415
   19826      63.3374
   19827      65.0561
   19828      65.4740
   19829      59.5891
   19830      60.2631
   19831      59.1371
   19832      63.6683
   19833      63.0065
   19834      61.9183
   19835      60.7218
   19836      59.0616
   19837      59.0785
   19838      62.6073
   19839      65.1904
   19840      61.4444
   19841      68.3660
   19842      64.8306
   19843      62.1240
   19844      63.2752
   19845      66.2581
   19846      64.5162
   19847      65.8539
   19848      68.3075
   19849      66.2195
   19850      67.6008
   19851      68.5492
   19852      65.8508
   19853      66.2675
   19854      66.0554
   19855      69.3110
   19856      65.9129
   19857      63.2595
   19858      61.0166
   19859      65.6661
   19860      68.5976
   19861      63.4518
   19862      69.0210
   19863      69.3954
   19864      71.6736
   19865      69.4230
   19866      60.6403
   19867      63.9629
   19868      64.2640
   19869      65.6429
   19870      59.8280
   19871      58.9364
   19872      57.2888
   19873      64.1402
   19874      65.8678
   19875      67.4457
   19876      71.1875
   19877      66.2419
   19878      64.1921
   19879      66.0788
   19880      71.1631
   19881      72.2179
   19882      71.4386
   19883      70.5809
   19884      68.3677
   19885      68.8125
   19886      69.1819
   19887      70.6130
   19888      72.5283
   19889      77.2416
   19890      75.2228
   19891      76.3812
   19892      72.9445
   19893      76.5259
   19894      74.0567
   19895      71.3510
   19896      74.3724
   19897      81.5138
   19898      80.4614
   19899      83.5164
   19900      82.1885
   19901      76.8911
   19902      79.6304
   19903      77.8854
   19904      78.4320
   19905      75.5396
   19906      77.7275
   19907      81.2179
   19908      80.1357
   19909      82.5203
   19910      83.8889
   19911      79.5141
   19912      73.7000
   19913      75.7987
   19914      76.7003
   19915      73.9702
   19916      76.2072
   19917      79.2418
   19918      76.6399
   19919      78.0216
   19920      80.0401
   19921      81.3625
   19922      82.3885
   19923      82.0465
   19924      78.0886
   19925      80.9151
   19926      76.8620
   19927      71.5763
   19928      77.3644
   19929      73.4833
   19930      69.3213
   19931      75.5422
   19932      76.9408
   19933      77.0174
   19934      75.3807
   19935      70.4675
   19936      71.5284
   19937      73.7503
   19938      73.9261
   19939      77.1018
   19940      76.2438
   19941      72.7591
   19942      72.9220
   19943      71.3783
   19944      73.2416
   19945      73.4374
   19946      73.6845
   19947      69.3706
   19948      73.8895
   19949      73.9594
   19950      69.1498
   19951      76.0447
   19952      82.7293
   19953      87.3996
   19954      90.3474
   19955      86.1859
   19956      87.9853
   19957      88.1052
   19958      87.3318
   19959      80.3213
   19960      80.9944
   19961      81.7534
   19962      88.8163
   19963      79.2210
   19964      78.0046
   19965      76.2338
   19966      79.6125
   19967      80.2084
   19968      86.9909
   19969      86.8495
   19970      85.9009
   19971      87.0576
   19972      87.2083
   19973      85.8709
   19974      80.6098
   19975      79.1202
   19976      73.3881
   19977      66.4742
   19978      66.0757
   19979      69.4467
   19980      68.8661
   19981      69.3910
   19982      71.1465
   19983      69.1192
   19984      67.3287
   19985      71.6256
   19986      75.8263
   19987      73.8128
   19988      68.7210
   19989      66.1187
   19990      67.7860
   19991      68.3316
   19992      70.0741
   19993      64.8780
   19994      67.1150
   19995      71.6406
   19996      69.6786
   19997      71.2606
   19998      70.9259
   19999      70.7466
   20000      69.2517
   20001      72.5663
