# Receptor
 # Elec VdW
0 -39376.575800 -4992.352218
1 -39321.388700 -5030.567683
2 -39326.695000 -5053.084938
3 -39409.461300 -5046.154890
4 -39468.261800 -4958.106031
5 -39357.479500 -5040.251812
6 -39422.613500 -5006.199521
7 -39428.515000 -5013.771343
8 -39460.598900 -4983.946103
9 -39367.810700 -4967.949466
10 -39455.087600 -5068.298439
11 -39305.324700 -5052.518560
12 -39351.126700 -5071.221332
13 -39396.470900 -5066.455023
14 -39360.036900 -5051.234104
15 -39481.028400 -4985.231716
16 -39359.361300 -5025.921152
17 -39454.386600 -5027.721779
18 -39397.945200 -5053.394016
19 -39418.632900 -5022.361599
20 -39347.255200 -4995.396055
21 -39427.661500 -5020.224343
22 -39422.497900 -5011.138685
23 -39366.957200 -5042.409560
24 -39383.520000 -5054.986850
25 -39301.242900 -5038.708480
26 -39362.064200 -4982.717261
27 -39468.243000 -5011.634526
28 -39401.301500 -5048.653428
29 -39451.988400 -5013.772095
30 -39436.656800 -5034.925983
31 -39378.357200 -5022.197518
32 -39339.614200 -5047.982698
33 -39403.317300 -5059.185518
34 -39444.127100 -5059.721786
35 -39408.230000 -5020.072231
36 -39421.339200 -5011.619606
37 -39443.776700 -5018.919371
38 -39367.118600 -5023.022684
39 -39412.208200 -5060.766572
40 -39444.007300 -4994.942647
41 -39391.375300 -4994.420885
42 -39493.412700 -4993.078689
43 -39455.113600 -5072.020149
44 -39500.826300 -5023.165112
45 -39383.071300 -5056.867920
46 -39444.724400 -4985.874400
47 -39526.065700 -4991.779723
48 -39468.016400 -4992.451011
49 -39456.753900 -5010.600659
50 -39451.184900 -4999.926881
51 -39502.873400 -5009.282417
52 -39556.846300 -4991.671485
53 -39440.064600 -5064.688584
54 -39475.287700 -5030.745429
55 -39394.616700 -5058.076468
56 -39423.566600 -4992.485145
57 -39450.283400 -5093.511897
58 -39477.175400 -5053.332682
59 -39429.220900 -4987.390700
60 -39440.503700 -5032.042441
61 -39408.968900 -5056.229934
62 -39516.894700 -4986.840537
63 -39433.294400 -5027.273423
64 -39332.245500 -5023.542494
65 -39467.037800 -4999.891906
66 -39477.041200 -5004.205702
67 -39453.257400 -5019.147281
68 -39413.512100 -5030.573799
69 -39373.521300 -5030.008412
70 -39471.228000 -4966.775624
71 -39507.534000 -4990.158809
72 -39431.629400 -5037.926667
73 -39480.505100 -5057.005485
74 -39339.038700 -5030.071321
75 -39345.404700 -5083.266032
76 -39504.086200 -4998.631258
77 -39415.844800 -5017.390586
78 -39444.087200 -5034.261340
79 -39387.946000 -5000.167180
80 -39484.513000 -4998.845143
81 -39480.540400 -5033.704166
82 -39419.825400 -5065.982226
83 -39413.922700 -5016.385468
84 -39373.006500 -5055.647364
85 -39404.565900 -5027.215197
86 -39366.688400 -5035.308578
87 -39340.308400 -5046.162584
88 -39389.044200 -5045.170440
89 -39372.101800 -5057.821233
90 -39351.819000 -5026.669372
91 -39364.938100 -5026.066936
92 -39486.755800 -4983.560398
93 -39426.424800 -4961.531392
94 -39345.242700 -5025.158337
95 -39373.585500 -5065.515455
96 -39452.450000 -5008.241608
97 -39429.837000 -5024.334094
98 -39395.074800 -5038.906289
99 -39414.763300 -5037.105673
100 -39419.588700 -5053.006893
101 -39434.779300 -4916.927279
102 -39367.544600 -4993.446247
103 -39419.187100 -4955.628074
104 -39455.162400 -4998.054051
105 -39415.907900 -4970.481192
106 -39369.919400 -5091.483080
107 -39431.334200 -5026.885511
108 -39451.644100 -4986.746195
109 -39333.552700 -5038.916485
110 -39396.779100 -5066.728974
111 -39325.552200 -4996.538461
112 -39348.602400 -5035.613104
113 -39380.746000 -5065.689053
114 -39385.658100 -5007.485388
115 -39353.069200 -5056.394847
116 -39418.997700 -5058.380788
117 -39405.523700 -5043.419551
118 -39459.395400 -5004.246017
119 -39352.205900 -5036.119360
120 -39422.013800 -5032.893519
121 -39427.046700 -5051.565347
122 -39432.431000 -5045.296228
123 -39445.455100 -5040.079282
124 -39472.801700 -5018.637460
125 -39372.902600 -5055.377593
126 -39445.180400 -5067.234170
127 -39395.545400 -5042.760574
128 -39436.948800 -5052.525569
129 -39367.314200 -5067.613018
130 -39343.528000 -5034.059555
131 -39392.691600 -5080.648513
132 -39421.323200 -5043.208656
133 -39441.703700 -5026.636275
134 -39402.619000 -5064.398246
135 -39432.791600 -4986.683608
136 -39419.626300 -5017.447985
137 -39331.011100 -5019.314887
138 -39392.690400 -5034.807017
139 -39397.737000 -5023.912739
140 -39445.722200 -5053.527095
141 -39399.861100 -5065.647010
142 -39399.418600 -5041.994143
143 -39401.055600 -5056.307786
144 -39453.912900 -5038.640386
145 -39429.425500 -5042.996387
146 -39379.207100 -5065.556871
147 -39448.212600 -5066.868335
148 -39397.277200 -5084.282936
149 -39415.932900 -5070.119505
150 -39471.241100 -5034.956384
151 -39345.151200 -5034.753684
152 -39405.831100 -5050.044684
153 -39427.210900 -5035.952434
154 -39469.904700 -5007.960357
155 -39396.309400 -5048.752713
156 -39397.718400 -5054.341100
157 -39480.706800 -5072.056129
158 -39461.463500 -5009.601107
159 -39429.159100 -5052.418112
160 -39404.727000 -5052.026304
161 -39405.573200 -5046.683082
162 -39433.504300 -5045.886517
163 -39440.987800 -5056.182572
164 -39484.991000 -4974.699778
165 -39410.340500 -5034.299505
166 -39449.754900 -5085.785458
167 -39378.092300 -5077.612979
168 -39427.769700 -5060.252384
169 -39411.453700 -5010.789015
170 -39519.883800 -5053.756479
171 -39504.405800 -4992.748447
172 -39387.677400 -5053.553225
173 -39458.303300 -5025.627003
174 -39400.571300 -5003.701122
175 -39505.373200 -5068.092937
176 -39487.889800 -5052.801034
177 -39343.016900 -5078.461184
178 -39418.058700 -5064.677345
179 -39451.447300 -5042.592638
180 -39400.380000 -5043.033417
181 -39396.262200 -5083.406155
182 -39394.213500 -5070.513940
183 -39461.045000 -5066.018181
184 -39401.007600 -5046.191536
185 -39435.048500 -5042.349310
186 -39456.724400 -5025.128688
187 -39439.508900 -4996.739658
188 -39433.939900 -4998.655166
189 -39430.556400 -4986.250832
190 -39463.616800 -5056.548564
191 -39424.160100 -5043.910471
192 -39345.384400 -5062.631732
193 -39420.563700 -5074.549513
194 -39456.146800 -5040.906951
195 -39422.902400 -5034.367929
196 -39391.961600 -5048.589799
197 -39439.020500 -5037.984841
198 -39411.840100 -5015.947261
199 -39395.188000 -5046.258959
200 -39429.567700 -5045.175568
201 -39392.440000 -5038.739216
202 -39418.442700 -5044.387956
203 -39336.140600 -5111.171936
204 -39467.557900 -5037.474486
205 -39493.703900 -5062.535480
206 -39371.769600 -5033.783912
207 -39454.923500 -5059.461564
208 -39362.863900 -5037.939872
209 -39460.766400 -5027.335481
210 -39518.093100 -5008.481359
211 -39409.147200 -5051.715353
212 -39483.612500 -5024.290961
213 -39461.767500 -5014.670226
214 -39402.404000 -5021.273042
215 -39395.066200 -4988.728100
216 -39494.459900 -5070.615644
217 -39415.276600 -5011.186809
218 -39468.294600 -5026.993291
219 -39317.916200 -5031.007588
220 -39360.591300 -5042.218753
221 -39448.751300 -5040.595400
222 -39513.466100 -5056.524819
223 -39420.328400 -5042.054159
224 -39399.023800 -5032.212958
225 -39403.075700 -5035.986861
226 -39412.465100 -5081.647083
227 -39472.148700 -4976.435948
228 -39410.517400 -5055.710358
229 -39452.221600 -5046.862237
230 -39386.462100 -5038.379881
231 -39288.748700 -5079.397524
232 -39430.108100 -5030.523578
233 -39507.559400 -5043.281860
234 -39357.821900 -5048.583765
235 -39401.892900 -5049.521095
236 -39417.672600 -5067.287272
237 -39376.359400 -5067.191552
238 -39302.002600 -5066.760127
239 -39492.821400 -5000.648307
240 -39431.269500 -5038.774726
241 -39395.492500 -5043.762620
242 -39370.658500 -4984.835704
243 -39428.319900 -5025.520628
244 -39378.722700 -5045.996936
245 -39382.393100 -5066.034944
246 -39435.414600 -5066.543458
247 -39429.443500 -5053.329737
248 -39415.143100 -5042.834453
249 -39407.927800 -5001.414932
250 -39462.629100 -5028.578679
251 -39447.839400 -5044.408253
252 -39422.999200 -5029.634040
253 -39414.235400 -5039.522463
254 -39507.700300 -5011.233689
255 -39410.276800 -5074.034546
256 -39420.270100 -5039.626861
257 -39380.715300 -5056.798824
258 -39510.373700 -5019.093779
259 -39451.202800 -5037.568352
260 -39322.537000 -4976.188936
261 -39428.928900 -5053.319306
262 -39428.778800 -5049.983608
263 -39468.226900 -5055.119482
264 -39354.554400 -5042.861278
265 -39376.883900 -5039.287045
266 -39411.951600 -5035.323851
267 -39475.899300 -5017.781881
268 -39408.842500 -5037.042595
269 -39411.732400 -5054.072467
270 -39403.145800 -5102.213188
271 -39436.835500 -5026.856845
272 -39378.699500 -5037.963143
273 -39411.119800 -4999.581456
274 -39351.348300 -5047.690370
275 -39374.982100 -5065.984821
276 -39382.593200 -5033.685922
277 -39508.402500 -5020.667377
278 -39501.349600 -5002.225563
279 -39406.960700 -5012.802406
280 -39444.989400 -5085.856232
281 -39404.064100 -5065.693795
282 -39427.351600 -5052.962820
283 -39403.130500 -5035.271199
284 -39523.657000 -4999.593532
285 -39472.137800 -5081.982732
286 -39377.649100 -5024.970316
287 -39372.985800 -5096.571559
288 -39496.408400 -5030.190756
289 -39447.940800 -5054.187034
290 -39423.774900 -5071.958042
291 -39478.290100 -5034.402547
292 -39413.368100 -5037.886696
293 -39394.521400 -5093.751165
294 -39437.622100 -4998.043936
295 -39419.279300 -5056.232772
296 -39349.347100 -5076.065145
297 -39508.774700 -5038.967775
298 -39435.271000 -5058.543741
299 -39429.023800 -5065.795887
300 -39459.371000 -5021.640623
301 -39418.815500 -5091.154698
302 -39462.862800 -5079.226513
303 -39484.511700 -5028.069410
304 -39380.170300 -5071.608346
305 -39441.383800 -4987.855060
306 -39429.449300 -5036.572734
307 -39435.520700 -5055.747342
308 -39433.067400 -5078.781169
309 -39438.617200 -5038.044656
310 -39467.004800 -4997.066615
311 -39491.913700 -4991.647230
312 -39381.622200 -5089.259308
313 -39379.418200 -5019.487809
314 -39482.375300 -5025.207347
315 -39423.455200 -5039.551078
316 -39447.824300 -5002.452453
317 -39431.794500 -5074.884145
318 -39409.067900 -5068.542708
319 -39458.326800 -5069.844295
320 -39458.438800 -5097.299710
321 -39478.543900 -5031.818415
322 -39336.250100 -5070.719791
323 -39387.797700 -5060.972352
324 -39488.185100 -5026.638872
325 -39550.339100 -5014.054130
326 -39489.304200 -5034.926053
327 -39328.576800 -5061.006536
328 -39472.362100 -5072.856897
329 -39529.622200 -5043.485349
330 -39440.424200 -5069.498300
331 -39391.508600 -5104.152930
332 -39399.789300 -5034.204971
333 -39404.763600 -5044.249168
334 -39524.402400 -5078.487399
335 -39449.556900 -5012.530387
336 -39395.667000 -5022.847397
337 -39446.938500 -5032.466801
338 -39375.202300 -5045.777526
339 -39529.353700 -5082.331732
340 -39472.350200 -5024.434646
341 -39521.690700 -5028.769632
342 -39370.167800 -5025.770477
343 -39530.643700 -4991.589522
344 -39452.325500 -5036.506126
345 -39519.919700 -5029.177260
346 -39440.455500 -5078.961558
347 -39432.027700 -5063.550368
348 -39459.951400 -5054.280918
349 -39393.242000 -5016.072395
350 -39441.864200 -5075.756161
351 -39381.517500 -5105.154511
352 -39374.365700 -5093.135960
353 -39511.916200 -5055.211692
354 -39409.190200 -5059.546521
355 -39507.977100 -5056.293112
356 -39441.307900 -5082.762030
357 -39304.240400 -5051.044817
358 -39442.443700 -5072.083319
359 -39458.180400 -5076.898052
360 -39445.816800 -5077.335458
361 -39412.874600 -5004.817150
362 -39406.244500 -5092.909188
363 -39429.280700 -5041.164644
364 -39440.325500 -5038.148254
365 -39457.148700 -5053.251116
366 -39377.951900 -5097.316714
367 -39332.030900 -5073.562714
368 -39347.288500 -5084.579525
369 -39467.018800 -5058.827482
370 -39366.580400 -5088.449854
371 -39365.403900 -5065.610646
372 -39379.120900 -5088.624858
373 -39490.910700 -5030.755005
374 -39398.456700 -5062.534726
375 -39473.750000 -5067.310260
376 -39444.129000 -5022.213302
377 -39447.741100 -5001.055690
378 -39357.415500 -5067.202963
379 -39416.444600 -5033.309588
380 -39455.115000 -5036.226947
381 -39536.289600 -5042.382312
382 -39390.449800 -5034.378577
383 -39574.399200 -5060.919624
384 -39419.131800 -5062.406947
385 -39497.381900 -5013.598352
386 -39497.062200 -5028.761258
387 -39439.975800 -5052.442009
388 -39469.299800 -5081.847556
389 -39339.769500 -5102.810168
390 -39526.691900 -4984.751210
391 -39474.593400 -5045.967228
392 -39403.959400 -5040.883593
393 -39441.146900 -5057.658557
394 -39416.142800 -5062.394322
395 -39358.695100 -5104.503390
396 -39491.941900 -5097.415402
397 -39466.810300 -5017.864426
398 -39477.705300 -5024.633325
399 -39442.366200 -5022.217340
400 -39464.819900 -5051.319984
401 -39423.127100 -5015.386292
402 -39512.654400 -5037.649222
403 -39378.833900 -5077.836771
404 -39412.157000 -5038.397248
405 -39585.557400 -5019.915021
406 -39489.387400 -5086.463333
407 -39468.227100 -5066.782881
408 -39448.353800 -5115.519375
409 -39531.400300 -5062.639355
410 -39433.541800 -5064.074074
411 -39495.045200 -5033.103756
412 -39414.172100 -5057.720646
413 -39480.009400 -5083.723645
414 -39472.258900 -5068.793332
415 -39541.679400 -5017.995762
416 -39470.105000 -5072.296407
417 -39453.298700 -5001.673163
418 -39380.311900 -5042.857407
419 -39415.830700 -5071.832476
420 -39370.302400 -4999.549158
421 -39409.201100 -5097.849387
422 -39407.754700 -5029.173310
423 -39419.540600 -5012.816974
424 -39385.682100 -5041.734023
425 -39471.439100 -5033.441288
426 -39404.391000 -5038.690128
427 -39447.792500 -5126.067787
428 -39452.814700 -5020.107742
429 -39407.579800 -5081.028960
430 -39489.086000 -5059.092220
431 -39448.214800 -5024.030607
432 -39404.775900 -5080.765517
433 -39471.253500 -5011.562009
434 -39426.395100 -5050.508510
435 -39326.930100 -5053.885952
436 -39424.726800 -5037.578651
437 -39453.956800 -5003.776691
438 -39397.191300 -5020.056619
439 -39439.406100 -5026.528200
440 -39340.708300 -5084.755262
441 -39436.973500 -5027.469408
442 -39582.481600 -5054.830640
443 -39410.118800 -5063.707553
444 -39368.416700 -5091.165371
445 -39395.246500 -5068.452187
446 -39423.283900 -5085.198794
447 -39392.123700 -5093.736895
448 -39505.587100 -5052.643626
449 -39422.219700 -5019.848380
450 -39410.266100 -5052.896870
451 -39445.451100 -5029.885897
452 -39414.845100 -5064.027428
453 -39438.434400 -5041.548444
454 -39500.261600 -5067.464432
455 -39452.029500 -5091.882153
456 -39473.883200 -5070.408168
457 -39429.599600 -5058.892188
458 -39455.231900 -5073.175739
459 -39431.864600 -5015.598433
460 -39386.191800 -5081.499984
461 -39408.922200 -5091.129727
462 -39486.514400 -5038.058483
463 -39334.534100 -5065.075230
464 -39456.891400 -5075.088871
465 -39472.337700 -5020.872638
466 -39386.658600 -5068.393830
467 -39449.814900 -5009.303449
468 -39441.375300 -5037.775715
469 -39445.784900 -5030.540380
470 -39386.964800 -5040.886579
471 -39362.960400 -5023.734912
472 -39449.364000 -5070.332371
473 -39356.847100 -5087.118954
474 -39383.356300 -5081.722093
475 -39493.895600 -5021.562746
476 -39514.645600 -5042.645403
477 -39426.947400 -5098.989903
478 -39358.858900 -4999.269136
479 -39430.201600 -5036.253938
480 -39418.848800 -5021.937146
481 -39452.480700 -5073.667235
482 -39374.266200 -5034.557739
483 -39429.940900 -4989.547175
484 -39474.517700 -5004.822252
485 -39392.759200 -5064.179770
486 -39408.594400 -5022.694671
487 -39378.366900 -5061.923074
488 -39466.891500 -5011.329724
489 -39408.079000 -5089.738104
490 -39388.658000 -5032.110812
491 -39376.040800 -5063.541455
492 -39406.245100 -5024.943490
493 -39377.768800 -5057.431665
494 -39383.414200 -5074.902974
495 -39399.027000 -5053.715502
496 -39477.078300 -5077.157810
497 -39435.496200 -5051.509737
498 -39383.651300 -5024.778488
499 -39495.524500 -5053.953313
500 -39357.281500 -5075.260013
501 -39403.350000 -5104.505600
502 -39398.768500 -5068.703648
503 -39407.927800 -5039.881053
504 -39441.085100 -5066.557926
505 -39438.399500 -5074.770651
506 -39420.712700 -5067.521952
507 -39391.597900 -5040.819472
508 -39458.087900 -5040.774265
509 -39399.228200 -5100.849217
510 -39326.853800 -5030.027602
511 -39413.440600 -5056.170837
512 -39470.817700 -5087.609769
513 -39416.258500 -5041.243719
514 -39324.226800 -5076.140321
515 -39404.560500 -5050.458193
516 -39414.103600 -5053.141243
517 -39422.931900 -5087.546023
518 -39443.931200 -5069.366584
519 -39430.141000 -5066.468048
520 -39380.223000 -5125.924089
521 -39408.185300 -5027.734772
522 -39409.960300 -5053.413778
523 -39366.483100 -5036.007454
524 -39366.163200 -5029.051584
525 -39357.722400 -5077.833067
526 -39401.636200 -5058.445772
527 -39323.508900 -5133.164770
528 -39386.048900 -5067.154698
529 -39386.010300 -5060.938596
530 -39410.245600 -5072.639228
531 -39440.669700 -5020.554444
532 -39427.320800 -5036.333392
533 -39465.595200 -5028.733612
534 -39463.034100 -5085.455059
535 -39473.733700 -5005.392094
536 -39445.309800 -5091.761972
537 -39400.936800 -5070.824261
538 -39446.643100 -5042.071113
539 -39510.000000 -5085.611681
540 -39368.891700 -5071.007102
541 -39458.607000 -5096.786113
542 -39458.475900 -5072.960083
543 -39502.364300 -5057.229268
544 -39430.152300 -5016.419564
545 -39348.912700 -5040.714632
546 -39418.994100 -5087.940756
547 -39413.950600 -4990.781063
548 -39371.140500 -5048.982067
549 -39354.618100 -5054.140281
550 -39413.012800 -5086.205277
551 -39411.939300 -5099.143703
552 -39358.473100 -5095.884616
553 -39451.075600 -5040.630037
554 -39310.010300 -5090.140431
555 -39416.876400 -5075.766993
556 -39372.349200 -5085.443784
557 -39461.962100 -5057.592717
558 -39422.785900 -5063.024210
559 -39382.618500 -5115.150700
560 -39352.803600 -5103.957605
561 -39470.490600 -5082.444646
562 -39485.239800 -5044.551730
563 -39433.703300 -5098.072925
564 -39342.426300 -5017.430012
565 -39515.118000 -5033.096782
566 -39320.090800 -5066.312457
567 -39435.451300 -5044.988189
568 -39384.740100 -5073.624302
569 -39428.588000 -5087.670244
570 -39427.904300 -5065.505328
571 -39431.840200 -5060.973963
572 -39405.892500 -5043.648232
573 -39447.437500 -5015.173478
574 -39345.901500 -5074.947554
575 -39438.129700 -5078.747471
576 -39403.955100 -5017.768071
577 -39421.900700 -5041.925837
578 -39434.908100 -5140.021590
579 -39448.313500 -5079.904912
580 -39327.104600 -5092.587524
581 -39434.759000 -5020.444331
582 -39430.547100 -5041.086673
583 -39436.616100 -5098.807137
584 -39421.760200 -5032.251186
585 -39433.755600 -5021.519014
586 -39340.549900 -5091.763150
587 -39401.069600 -5080.143606
588 -39480.176100 -5062.080586
589 -39403.207200 -5061.425088
590 -39465.834500 -5050.709518
591 -39388.184800 -5070.122519
592 -39371.642500 -5028.964972
593 -39440.191500 -5019.568439
594 -39400.895300 -5045.863468
595 -39424.327500 -5030.276378
596 -39328.667700 -5101.043502
597 -39437.739200 -5059.397721
598 -39484.802500 -5075.971360
599 -39453.259300 -5045.241124
600 -39469.904900 -5033.156108
601 -39454.987200 -5061.448545
602 -39438.208200 -5078.016772
603 -39361.223200 -5092.019484
604 -39418.477400 -5084.290775
605 -39432.106900 -5015.898726
606 -39478.661500 -5073.025952
607 -39438.054400 -5033.730612
608 -39477.338500 -5036.079946
609 -39487.645600 -5030.164231
610 -39397.884100 -5032.078093
611 -39380.444600 -5032.818984
612 -39411.872800 -5053.020600
613 -39443.415800 -5070.615992
614 -39462.803200 -5028.042943
615 -39399.322000 -5063.840011
616 -39432.840800 -5058.117582
617 -39320.128300 -5091.438168
618 -39335.341000 -5096.408024
619 -39329.418800 -5112.907241
620 -39461.023700 -5046.211300
621 -39410.423400 -5058.645139
622 -39354.841300 -5089.784156
623 -39416.533800 -5077.232795
624 -39383.892600 -5037.623299
625 -39342.074200 -5036.979189
626 -39406.772200 -5078.270972
627 -39462.555100 -5038.138846
628 -39380.430500 -5077.018196
629 -39357.421100 -5030.659692
630 -39467.937500 -5039.268382
631 -39321.314400 -5094.659624
632 -39425.778800 -5092.027458
633 -39281.751800 -5084.965729
634 -39387.604700 -5077.392432
635 -39473.023500 -5018.071663
636 -39383.119100 -5011.435473
637 -39381.402400 -5046.243374
638 -39379.323700 -5063.596078
639 -39444.912000 -5082.820115
640 -39471.959200 -5018.868132
641 -39395.677700 -5029.627539
642 -39424.857200 -5075.876401
643 -39363.938500 -5029.477383
644 -39454.350100 -5054.750577
645 -39394.829700 -5053.765911
646 -39407.603900 -5057.102374
647 -39516.643500 -5029.515190
648 -39480.887400 -5000.774092
649 -39406.537400 -5041.428145
650 -39436.079100 -5037.413062
651 -39400.495000 -5037.896681
652 -39388.633900 -5088.404181
653 -39296.864800 -5047.232030
654 -39448.147700 -5033.260896
655 -39513.938000 -5023.094272
656 -39395.814300 -5034.962615
657 -39421.757000 -5041.575660
658 -39477.551000 -5003.908748
659 -39427.064800 -5030.788907
660 -39410.099100 -5044.588520
661 -39363.382700 -5071.435228
662 -39422.703200 -5041.686518
663 -39493.007700 -4999.064601
664 -39441.060500 -5058.062778
665 -39378.346400 -5055.385514
666 -39380.952300 -5024.994194
667 -39394.089600 -5014.283596
668 -39474.186600 -5025.592350
669 -39354.360900 -5020.135565
670 -39391.505100 -5036.306404
671 -39503.771800 -5049.045367
672 -39466.971300 -5037.956782
673 -39396.852000 -5022.129852
674 -39409.850200 -5054.069649
675 -39447.079000 -5022.387646
676 -39364.603100 -5075.244859
677 -39401.864100 -5037.950420
678 -39310.194900 -5045.157597
679 -39377.803300 -5079.785096
680 -39455.030300 -5066.410906
681 -39427.207600 -5039.835749
682 -39412.444200 -5068.545334
683 -39417.114900 -5023.634714
684 -39403.371800 -5089.249786
685 -39397.300500 -5058.384942
686 -39332.712700 -5067.559897
687 -39417.179300 -5064.132778
688 -39286.985800 -5032.090249
689 -39422.768600 -5031.123532
690 -39425.096000 -5042.518962
691 -39463.003300 -5052.602797
692 -39421.086700 -5059.949900
693 -39358.528000 -4996.230785
694 -39442.021500 -5039.384558
695 -39351.751800 -5081.173657
696 -39391.125100 -5056.781658
697 -39456.425200 -5063.079667
698 -39396.358000 -5039.535325
699 -39425.683300 -5031.424709
700 -39408.887900 -5034.543241
701 -39413.255100 -5046.365568
702 -39402.780500 -5073.769135
703 -39435.735100 -5052.312455
704 -39469.224100 -5000.212003
705 -39392.104200 -5028.700571
706 -39425.788900 -5070.944162
707 -39450.397800 -5115.092176
708 -39432.696600 -5043.257439
709 -39401.672800 -5005.673114
710 -39411.639000 -5047.408504
711 -39375.508100 -5042.790550
712 -39418.283000 -5059.242991
713 -39404.554800 -5087.455645
714 -39452.353300 -4950.409602
715 -39538.739300 -5053.362047
716 -39398.785300 -5063.120282
717 -39386.212900 -5076.908510
718 -39423.005900 -5058.295213
719 -39418.865300 -4993.673772
720 -39370.504000 -5028.763588
721 -39339.037300 -5079.074694
722 -39407.852400 -5039.469521
723 -39464.102200 -5041.121118
724 -39445.092000 -5033.642655
725 -39374.569100 -5037.170863
726 -39426.529400 -5089.489141
727 -39495.044800 -5027.051423
728 -39406.567900 -5043.979751
729 -39438.283200 -5044.458615
730 -39431.356800 -5043.322735
731 -39444.675100 -5029.092910
732 -39453.851400 -5026.952596
733 -39462.921100 -5019.429495
734 -39457.726500 -5002.559912
735 -39377.789300 -5070.806073
736 -39414.700900 -5049.786689
737 -39434.105400 -5042.907338
738 -39313.837900 -5083.984703
739 -39426.256700 -5048.261686
740 -39455.762900 -5080.134067
741 -39469.551500 -5032.439894
742 -39499.728300 -5001.074437
743 -39498.469400 -5063.412827
744 -39356.252700 -5068.296233
745 -39475.013800 -5037.939242
746 -39442.913100 -5047.355260
747 -39438.206200 -5027.919851
748 -39401.410000 -5056.964385
749 -39348.333800 -5081.678591
750 -39433.913200 -5106.804486
751 -39422.244600 -5043.023827
752 -39416.517700 -5075.183758
753 -39437.794000 -5045.495686
754 -39372.082300 -5047.449680
755 -39346.933700 -5022.632798
756 -39443.788100 -5046.005863
757 -39352.447700 -5033.581040
758 -39449.416300 -5065.924116
759 -39336.766100 -5080.036260
760 -39472.030600 -5029.863805
761 -39433.781500 -5051.489254
762 -39366.588800 -5052.671650
763 -39453.580400 -5097.946891
764 -39381.756600 -5068.525307
765 -39387.303500 -5049.213899
766 -39399.605200 -5102.195533
767 -39479.956400 -5053.436143
768 -39466.240800 -5052.417308
769 -39370.849700 -5018.013719
770 -39466.704200 -5060.253318
771 -39387.115200 -5059.681550
772 -39417.918000 -5043.596218
773 -39445.907800 -5039.572073
774 -39430.980000 -5041.053155
775 -39297.625500 -5079.020495
776 -39400.045900 -5033.324975
777 -39510.953400 -5027.997073
778 -39473.950800 -5031.909683
779 -39382.872300 -5056.391410
780 -39423.975700 -5076.328831
781 -39495.924600 -5046.777620
782 -39474.806000 -5080.656934
783 -39469.739200 -5013.591740
784 -39460.556100 -5041.066940
785 -39490.920700 -5031.140636
786 -39359.930300 -5067.807382
787 -39441.821200 -5047.694261
788 -39406.202400 -5107.613709
789 -39419.931400 -5061.871533
790 -39369.277700 -4998.936422
791 -39429.859100 -5020.095601
792 -39358.718000 -5059.904022
793 -39394.918900 -5085.357979
794 -39438.910300 -5037.900506
795 -39459.063000 -5055.042920
796 -39432.146300 -5072.953408
797 -39324.438600 -5072.512090
798 -39460.126700 -5092.674604
799 -39385.062800 -5021.548871
800 -39453.104700 -5007.678540
801 -39407.730600 -5027.636126
802 -39442.458400 -5015.982977
803 -39365.814000 -5026.434196
804 -39427.693500 -5042.868589
805 -39330.263200 -5043.522674
806 -39434.596800 -5092.882568
807 -39478.082900 -5005.643006
808 -39419.533100 -5046.285445
809 -39348.354900 -5082.064902
810 -39435.390900 -5048.871786
811 -39425.948000 -5017.869451
812 -39426.848500 -5005.899079
813 -39447.484900 -5055.552848
814 -39470.639300 -5026.000202
815 -39422.119900 -5055.799608
816 -39476.895000 -5038.469220
817 -39420.707400 -5035.775675
818 -39504.901200 -5030.137502
819 -39478.461100 -5018.151982
820 -39369.045200 -5097.885209
821 -39438.657300 -5042.317765
822 -39470.187800 -5060.656254
823 -39452.401000 -5029.708824
824 -39490.484200 -5011.812523
825 -39423.252900 -5041.821224
826 -39431.408400 -5003.215851
827 -39404.531600 -5029.980417
828 -39511.516500 -4999.946913
829 -39452.178600 -5036.989666
830 -39452.707500 -5102.086612
831 -39370.226300 -5036.161071
832 -39413.268500 -5019.111644
833 -39381.418700 -5027.812315
834 -39473.852900 -5039.396809
835 -39419.238400 -5053.868721
836 -39499.107200 -5038.513333
837 -39402.883400 -5049.473642
838 -39438.192900 -5064.665338
839 -39444.356900 -5048.418786
840 -39406.007800 -5030.267521
841 -39451.104200 -5047.527628
842 -39427.786300 -5061.452556
843 -39358.510900 -5055.506360
844 -39380.633200 -5040.355122
845 -39280.067400 -5037.841946
846 -39346.098800 -5004.787227
847 -39437.697900 -5045.095320
848 -39448.631300 -5042.585389
849 -39440.605600 -5020.119573
850 -39475.611300 -5016.324897
851 -39398.006300 -5068.430742
852 -39326.758600 -5063.478383
853 -39374.967400 -5035.301020
854 -39479.985300 -5018.859582
855 -39343.873900 -5081.989882
856 -39414.668600 -5047.673281
857 -39525.195900 -5031.387662
858 -39410.704800 -5075.936424
859 -39472.922000 -5073.083526
860 -39453.420300 -5030.170840
861 -39488.902300 -5026.595849
862 -39419.804700 -5047.787063
863 -39357.094300 -5106.484003
864 -39387.569800 -5086.108666
865 -39364.529100 -4983.328866
866 -39362.282100 -5076.914605
867 -39458.277700 -5078.139860
868 -39382.345100 -5024.626945
869 -39390.565700 -5045.083620
870 -39381.134600 -5010.898930
871 -39427.852300 -5031.875536
872 -39378.770400 -5064.167356
873 -39320.220300 -5061.851283
874 -39428.192900 -5051.464875
875 -39444.015300 -5011.069385
876 -39453.608700 -5020.176135
877 -39479.612500 -5070.244961
878 -39339.058600 -5064.047300
879 -39399.287700 -5031.173205
880 -39380.741200 -5065.475403
881 -39511.665200 -5067.173676
882 -39449.526900 -5048.941675
883 -39432.369500 -5053.785841
884 -39473.082800 -5084.467540
885 -39469.463400 -5068.413244
886 -39399.234000 -5045.223794
887 -39487.263800 -5008.493102
888 -39386.718200 -5073.524328
889 -39542.605700 -5055.518001
890 -39476.647300 -5040.471152
891 -39352.617100 -5091.402932
892 -39409.320300 -5007.901332
893 -39380.889300 -5052.054170
894 -39367.067400 -5045.306333
895 -39431.526100 -5055.222547
896 -39400.432100 -5063.454692
897 -39365.593100 -5070.604165
898 -39309.356700 -5083.576173
899 -39459.814100 -5083.326928
900 -39442.384800 -5035.615654
901 -39419.236400 -5044.594172
902 -39458.692000 -5006.636650
903 -39389.516200 -5051.757417
904 -39459.915900 -4990.642438
905 -39451.836900 -4999.138070
906 -39406.072200 -5090.910545
907 -39436.048800 -5036.926468
908 -39519.885700 -4987.842114
909 -39332.457000 -5078.863397
910 -39512.191300 -5044.000064
911 -39461.281800 -4989.490896
912 -39401.703300 -5032.669262
913 -39383.049600 -5073.429190
914 -39433.481000 -4995.320555
915 -39458.212200 -5046.165734
916 -39431.977200 -5075.081836
917 -39448.743800 -5020.661476
918 -39378.220300 -5057.200097
919 -39424.597400 -5036.372865
920 -39412.175300 -5028.157778
921 -39446.411300 -5029.619132
922 -39450.348700 -5010.185023
923 -39457.557300 -5019.600834
924 -39357.170300 -5028.869926
925 -39483.672200 -4984.648722
926 -39381.835600 -5054.124354
927 -39436.515700 -5036.493979
928 -39343.678900 -5043.852594
929 -39466.479900 -5069.996255
930 -39385.175000 -5043.227116
931 -39406.821300 -5058.561007
932 -39359.900500 -5053.909146
933 -39385.730000 -5061.581978
934 -39352.809800 -5031.802944
935 -39421.266700 -5047.706819
936 -39457.311700 -5004.907357
937 -39349.538900 -5044.341578
938 -39408.940200 -5041.504136
939 -39409.710400 -5019.973836
940 -39364.135800 -5092.355965
941 -39367.273400 -5033.062227
942 -39414.947500 -5042.914064
943 -39399.721700 -5028.500278
944 -39345.570200 -5123.385145
945 -39456.004300 -5030.293353
946 -39410.312900 -5071.683254
947 -39428.104700 -5022.888542
948 -39429.723000 -5021.457584
949 -39396.281300 -5038.245869
950 -39374.226700 -5096.053977
951 -39438.227300 -5074.798814
952 -39425.564600 -5100.671411
953 -39357.147600 -5068.794563
954 -39380.364400 -5099.957572
955 -39386.722100 -5083.669154
956 -39346.425800 -5075.326709
957 -39480.957900 -5051.639759
958 -39427.408600 -5050.533083
959 -39341.543000 -5056.155812
960 -39388.652000 -5067.315331
961 -39436.920900 -5028.388991
962 -39474.722600 -5047.477388
963 -39388.287900 -5067.504553
964 -39441.823700 -5050.123727
965 -39387.419100 -5026.485608
966 -39411.629200 -5088.794419
967 -39401.693600 -5061.865505
968 -39390.705600 -5024.958610
969 -39533.615700 -5000.081125
970 -39434.249900 -5031.973393
971 -39323.716500 -5059.131159
972 -39384.661000 -5051.787834
973 -39379.125400 -5097.851835
974 -39470.401000 -5043.241752
975 -39459.863400 -5015.030203
976 -39440.594100 -5044.669764
977 -39458.636100 -5083.437196
978 -39459.861500 -4999.785630
979 -39409.922000 -5020.344791
980 -39423.588900 -5045.674847
981 -39423.654200 -5038.900378
982 -39443.299300 -5042.229457
983 -39416.222100 -5014.650894
984 -39373.477200 -5014.816635
985 -39451.548100 -4998.590611
986 -39427.517900 -5028.085527
987 -39502.561000 -4991.953778
988 -39492.178200 -5062.766111
989 -39365.185300 -5082.151606
990 -39461.893400 -5044.378103
991 -39410.117000 -5074.900821
992 -39419.234900 -5024.370511
993 -39412.628400 -5061.393511
994 -39416.004600 -5044.139343
995 -39494.546100 -5044.207829
996 -39394.203300 -5035.272392
997 -39449.622400 -5027.383441
998 -39432.929200 -5074.773126
999 -39305.266900 -5061.612751
1000 -39334.363900 -5020.388070
1001 -39349.600300 -5061.430287
1002 -39325.712200 -4992.887727
1003 -39350.007900 -5021.371691
1004 -39383.134000 -5035.778387
1005 -39289.718100 -5042.348963
1006 -39388.120600 -5063.570517
1007 -39429.559000 -5114.901792
1008 -39322.758900 -5122.875950
1009 -39397.667600 -5058.103658
1010 -39398.072200 -5016.907439
1011 -39366.121300 -5076.508780
1012 -39347.897900 -5076.648479
1013 -39430.714300 -5043.483562
1014 -39358.487300 -5009.510274
1015 -39452.165800 -5049.479100
1016 -39487.755500 -5064.870789
1017 -39403.672800 -5091.851887
1018 -39367.514800 -5028.305470
1019 -39414.236000 -5058.952412
1020 -39362.435200 -5053.143695
1021 -39413.144100 -5083.728745
1022 -39420.097600 -5056.322651
1023 -39395.100400 -5039.457353
1024 -39392.891000 -5041.949878
1025 -39444.121700 -5078.197007
1026 -39401.902800 -5004.057170
1027 -39389.736200 -5046.959416
1028 -39369.514700 -5022.081313
1029 -39460.859300 -5039.020504
1030 -39456.415900 -5035.655817
1031 -39485.165000 -5049.909541
1032 -39368.399300 -5066.084316
1033 -39419.738200 -5083.934225
1034 -39437.832200 -5045.559005
1035 -39422.100400 -5041.564740
1036 -39416.402300 -5055.015717
1037 -39452.406000 -5052.558742
1038 -39421.118500 -5032.611978
1039 -39369.604200 -4999.347356
1040 -39459.812400 -5046.213822
1041 -39455.648200 -5006.625692
1042 -39351.861500 -5047.029893
1043 -39378.629700 -5019.649539
1044 -39394.168400 -5020.173239
1045 -39386.522500 -5058.593641
1046 -39388.233000 -5103.566374
1047 -39412.653200 -5054.990683
1048 -39441.759300 -5058.603768
1049 -39344.760700 -5049.710594
1050 -39422.517100 -5033.304240
1051 -39398.027500 -5013.603226
1052 -39484.751800 -5043.374509
1053 -39317.062300 -5044.161925
1054 -39375.457800 -5053.017321
1055 -39409.003100 -5062.119406
1056 -39323.630000 -5048.742452
1057 -39352.828700 -5038.512418
1058 -39390.109600 -5008.637082
1059 -39436.621400 -5038.532027
1060 -39447.341700 -5021.265164
1061 -39369.504600 -5032.641961
1062 -39487.022300 -5015.695481
1063 -39340.870100 -5056.074981
1064 -39382.488900 -5042.463012
1065 -39387.785900 -5072.106906
1066 -39449.736400 -5044.130578
1067 -39500.488300 -5043.084978
1068 -39338.406500 -5101.750170
1069 -39432.721300 -5014.736077
1070 -39429.131500 -4976.100640
1071 -39414.073100 -5071.950390
1072 -39439.912300 -5060.747057
1073 -39388.261400 -5020.978180
1074 -39375.883400 -5036.790888
1075 -39384.927500 -5063.124303
1076 -39420.261600 -5017.734508
1077 -39444.817500 -5029.699552
1078 -39502.283100 -5055.517786
1079 -39394.547200 -5064.959769
1080 -39376.980100 -5035.386565
1081 -39343.157600 -5066.156946
1082 -39380.428300 -5051.552439
1083 -39444.706700 -5039.992979
1084 -39448.390200 -5037.062719
1085 -39457.176300 -5081.524989
1086 -39413.258500 -5049.012858
1087 -39415.625000 -5024.850617
1088 -39438.933600 -5090.056307
1089 -39416.148400 -5060.468564
1090 -39465.771800 -5043.927614
1091 -39413.136000 -5053.493319
1092 -39449.704500 -4999.296505
1093 -39441.488400 -5054.975957
1094 -39332.079500 -5107.972834
1095 -39428.972800 -5061.700112
1096 -39490.749400 -5025.063634
1097 -39481.489400 -5081.779736
1098 -39413.192200 -5029.944465
1099 -39408.558000 -5021.432033
1100 -39383.436800 -5073.641817
1101 -39462.469100 -5023.451287
1102 -39325.962200 -5042.387113
1103 -39377.590700 -5075.931171
1104 -39438.498600 -4994.658926
1105 -39437.475600 -5047.389971
1106 -39385.895100 -5093.415761
1107 -39305.620000 -5086.850700
1108 -39395.746900 -5052.312851
1109 -39401.268500 -5067.192174
1110 -39415.996800 -5028.160990
1111 -39375.745600 -5116.859348
1112 -39397.231300 -5067.188601
1113 -39469.467700 -5095.322542
1114 -39382.327100 -5061.894114
1115 -39407.841500 -5078.279051
1116 -39346.474100 -5024.524449
1117 -39429.638100 -5054.925275
1118 -39415.509400 -5077.657701
1119 -39408.074300 -5049.746263
1120 -39354.322200 -5051.015738
1121 -39365.969200 -5025.714426
1122 -39457.380000 -5024.291341
1123 -39349.818700 -5021.335102
1124 -39409.538900 -5081.272519
1125 -39433.764600 -4995.928340
1126 -39524.486400 -5021.766598
1127 -39372.572000 -5092.454176
1128 -39404.885800 -5019.338848
1129 -39434.372800 -5032.071203
1130 -39426.302100 -5048.950405
1131 -39355.579300 -5093.548431
1132 -39452.884600 -5072.212445
1133 -39400.782700 -5079.379676
1134 -39337.016800 -5046.952376
1135 -39341.539500 -5077.448932
1136 -39394.141600 -5101.622992
1137 -39276.063900 -5079.800939
1138 -39325.752400 -5032.009053
1139 -39407.777800 -5086.479091
1140 -39471.065200 -5044.207181
1141 -39371.566100 -5069.688399
1142 -39464.092500 -5039.352314
1143 -39491.159900 -5032.860696
1144 -39439.166700 -5094.754445
1145 -39377.048200 -5031.216359
1146 -39409.568600 -5090.747351
1147 -39343.892200 -4990.363808
1148 -39433.604900 -5034.363814
1149 -39411.265400 -4989.966928
1150 -39442.917600 -5074.591868
1151 -39372.218500 -5028.408303
1152 -39298.084300 -5012.514159
1153 -39385.991000 -5104.325744
1154 -39318.511400 -5072.427568
1155 -39456.142000 -5014.856003
1156 -39386.877500 -5033.934224
1157 -39366.166300 -5062.949699
1158 -39392.901400 -5071.996377
1159 -39459.673000 -5024.584341
1160 -39318.269100 -5062.598640
1161 -39425.890600 -5066.957992
1162 -39343.299400 -5039.305410
1163 -39395.732000 -4999.959288
1164 -39320.506200 -5105.571396
1165 -39422.428300 -5067.480938
1166 -39450.330400 -5050.767695
1167 -39407.316900 -5040.734514
1168 -39469.812200 -5046.694069
1169 -39378.302200 -5034.586786
1170 -39431.692600 -5057.190954
1171 -39442.016900 -5054.952548
1172 -39414.536400 -5071.048411
1173 -39444.261600 -5094.603840
1174 -39421.193600 -5050.010666
1175 -39416.276500 -5043.425824
1176 -39412.158000 -5030.263298
1177 -39376.720500 -5094.304565
1178 -39395.273100 -5050.201192
1179 -39434.891800 -5010.532432
1180 -39460.208100 -5065.079183
1181 -39352.944100 -5045.442478
1182 -39369.930400 -5057.051756
1183 -39404.738600 -5095.321503
1184 -39377.358600 -5029.559929
1185 -39400.572600 -5084.913133
1186 -39401.049300 -5093.963426
1187 -39446.936800 -5045.115753
1188 -39383.441200 -5044.142800
1189 -39398.918200 -5068.505454
1190 -39434.065400 -5062.197241
1191 -39335.810300 -5078.090156
1192 -39369.381500 -5072.454303
1193 -39372.896100 -5040.492345
1194 -39415.393700 -5081.354912
1195 -39431.160800 -5049.119649
1196 -39476.978600 -5040.931296
1197 -39419.253100 -5043.495729
1198 -39410.519600 -5065.609767
1199 -39415.697100 -5026.229581
1200 -39366.894300 -5046.165289
1201 -39359.624000 -5111.079976
1202 -39377.148700 -5066.219506
1203 -39358.435400 -5057.008502
1204 -39392.828700 -5059.488130
1205 -39389.905300 -5052.908707
1206 -39336.498000 -5078.546358
1207 -39436.503800 -5009.445753
1208 -39398.508900 -5039.129327
1209 -39400.490300 -5058.104351
1210 -39339.109400 -5040.655641
1211 -39450.503700 -5039.232851
1212 -39424.554000 -5008.939770
1213 -39440.139000 -5035.122551
1214 -39310.496100 -5037.979516
1215 -39444.755000 -5054.118852
1216 -39433.985400 -5070.637731
1217 -39308.128500 -5076.779054
1218 -39344.274300 -5075.656965
1219 -39365.977100 -5064.634242
1220 -39394.525200 -5038.865793
1221 -39347.915700 -5090.713320
1222 -39474.509100 -5039.969641
1223 -39414.348400 -5010.180916
1224 -39390.562700 -5051.232321
1225 -39456.434100 -5056.715022
1226 -39313.640600 -5082.645908
1227 -39265.325300 -5078.791885
1228 -39435.805800 -5032.748805
1229 -39370.226300 -5031.683824
1230 -39376.090000 -5053.086202
1231 -39400.884600 -5053.984958
1232 -39376.851000 -5078.731653
1233 -39397.391400 -5029.268461
1234 -39440.863600 -5034.490364
1235 -39458.607300 -5060.608737
1236 -39431.314100 -5058.374839
1237 -39363.039500 -5022.441866
1238 -39356.613400 -5044.977508
1239 -39374.773500 -5050.519925
1240 -39381.542300 -5022.033559
1241 -39312.478100 -5075.750729
1242 -39444.927700 -5041.902495
1243 -39375.177600 -5057.564888
1244 -39410.743500 -5054.427961
1245 -39489.898100 -5020.629750
1246 -39467.468800 -4999.235579
1247 -39393.240400 -5073.034198
1248 -39487.823300 -5076.653385
1249 -39353.089700 -5070.931953
1250 -39339.576000 -5088.056876
1251 -39403.855300 -5042.747730
1252 -39449.180000 -5033.610832
1253 -39371.456000 -5055.391952
1254 -39384.192100 -5027.580669
1255 -39262.494400 -5075.145200
1256 -39411.996400 -5103.891109
1257 -39462.577200 -5077.197264
1258 -39507.993000 -5109.139525
1259 -39462.498100 -5044.366348
1260 -39434.517600 -5050.434774
1261 -39406.197300 -5046.689903
1262 -39379.448800 -5118.068631
1263 -39422.154200 -5060.017718
1264 -39360.272900 -5062.580107
1265 -39416.477700 -5048.744323
1266 -39438.962600 -5044.497206
1267 -39355.776500 -5059.003323
1268 -39364.908400 -5023.306479
1269 -39492.845000 -5026.596248
1270 -39486.673100 -4992.718853
1271 -39439.883900 -5035.573739
1272 -39448.942000 -5019.292051
1273 -39469.458500 -5048.249318
1274 -39411.901300 -5064.217927
1275 -39406.134900 -5052.637100
1276 -39376.196900 -5042.636590
1277 -39441.640400 -5107.888611
1278 -39450.392600 -5054.270745
1279 -39469.641200 -5044.579136
1280 -39438.197100 -5072.198229
1281 -39488.194300 -5042.613570
1282 -39364.019600 -5041.759042
1283 -39436.603500 -5036.259770
1284 -39391.774400 -5103.040572
1285 -39320.305800 -5061.964291
1286 -39495.260500 -5051.082361
1287 -39432.437800 -5044.945900
1288 -39413.805300 -5036.320320
1289 -39437.863300 -5038.769592
1290 -39338.730400 -5050.499501
1291 -39373.983800 -5047.786207
1292 -39475.488100 -5022.789081
1293 -39420.806000 -5055.536406
1294 -39413.896900 -5039.155918
1295 -39412.923900 -5072.018016
1296 -39477.899300 -5036.941632
1297 -39400.601100 -4999.339194
1298 -39483.261900 -5016.140379
1299 -39416.402800 -5030.645666
1300 -39379.386700 -5023.542176
1301 -39429.181600 -5033.422749
1302 -39364.931100 -5052.460287
1303 -39464.327400 -5043.301441
1304 -39419.524500 -5043.314847
1305 -39471.507500 -4987.125246
1306 -39443.840200 -5042.869443
1307 -39438.234200 -5033.798284
1308 -39336.512200 -5029.638979
1309 -39443.905800 -5058.163300
1310 -39454.266100 -5058.483996
1311 -39386.216100 -5039.602325
1312 -39354.700200 -5099.305616
1313 -39412.307000 -5042.597656
1314 -39374.543600 -5064.623437
1315 -39346.683900 -5097.776951
1316 -39363.199000 -5036.038478
1317 -39397.933300 -5045.356381
1318 -39355.726100 -5035.030149
1319 -39299.486200 -5083.268776
1320 -39335.257700 -5021.448724
1321 -39403.956500 -5065.317724
1322 -39366.760700 -5013.731640
1323 -39478.637200 -5049.139180
1324 -39378.642800 -5022.407031
1325 -39348.096900 -5061.200598
1326 -39414.370200 -5031.537416
1327 -39294.584200 -5054.489776
1328 -39386.269200 -5048.674034
1329 -39338.044600 -5067.118740
1330 -39382.507200 -5084.808854
1331 -39408.576900 -5044.101747
1332 -39371.890900 -5062.334172
1333 -39311.760400 -5065.834130
1334 -39256.928200 -5058.487217
1335 -39285.768000 -5056.575719
1336 -39411.595600 -5054.686248
1337 -39282.116900 -5079.875792
1338 -39392.695400 -5048.294112
1339 -39302.782700 -5032.305435
1340 -39308.675700 -5087.943109
1341 -39343.520700 -4980.953644
1342 -39380.525700 -5017.088251
1343 -39397.009300 -5015.016993
1344 -39332.653800 -5083.232511
1345 -39392.227300 -5020.364846
1346 -39365.564400 -5063.268561
1347 -39389.049000 -5016.423874
1348 -39451.639900 -5019.951713
1349 -39345.251000 -5083.682896
1350 -39450.585900 -5008.743825
1351 -39330.160300 -5048.928050
1352 -39403.180200 -5077.361254
1353 -39352.714000 -4989.645917
1354 -39335.056200 -5043.646669
1355 -39480.448000 -4997.725283
1356 -39315.589000 -5008.152689
1357 -39372.508700 -5066.115217
1358 -39542.111200 -5010.796404
1359 -39392.008100 -4983.113673
1360 -39327.405900 -5075.795870
1361 -39442.617100 -5070.482983
1362 -39392.446200 -5028.880796
1363 -39399.842600 -5031.438842
1364 -39348.429900 -5057.030406
1365 -39389.892900 -5062.552129
1366 -39282.232400 -4988.218843
1367 -39318.995800 -5023.870424
1368 -39295.956800 -5032.944831
1369 -39353.303900 -5041.098931
1370 -39417.212100 -5074.139846
1371 -39375.288500 -5026.404095
1372 -39282.502500 -5007.841291
1373 -39384.520100 -5033.209832
1374 -39420.493600 -5011.048539
1375 -39491.181700 -5032.064071
1376 -39411.041200 -5032.148333
1377 -39341.679500 -5062.890715
1378 -39295.942000 -5015.393654
1379 -39462.763000 -5039.187398
1380 -39350.493200 -5073.033940
1381 -39312.583600 -5031.177212
1382 -39369.338500 -5022.851503
1383 -39387.732000 -5054.453481
1384 -39316.640200 -5054.875507
1385 -39338.654700 -5030.707561
1386 -39370.721000 -5049.112625
1387 -39335.469700 -5067.459356
1388 -39362.176900 -5034.224790
1389 -39372.692300 -5048.294624
1390 -39415.081800 -5075.266914
1391 -39423.103100 -5062.197789
1392 -39336.359900 -5057.325174
1393 -39457.225600 -4992.798392
1394 -39326.850100 -5042.642961
1395 -39312.714200 -5037.102168
1396 -39396.282100 -5027.990365
1397 -39435.360100 -5030.909886
1398 -39411.394900 -5039.060599
1399 -39344.346000 -5051.043955
1400 -39451.517400 -5032.833401
1401 -39375.471600 -5023.490741
1402 -39447.345300 -5066.406923
1403 -39315.315400 -5059.501567
1404 -39396.611100 -5044.673888
1405 -39416.536300 -5051.951076
1406 -39513.687300 -5063.392986
1407 -39400.186800 -5068.258910
1408 -39374.766800 -5059.337484
1409 -39307.354400 -5053.960382
1410 -39402.334200 -4973.134317
1411 -39350.374300 -5016.145704
1412 -39417.529000 -5031.737471
1413 -39302.590900 -5063.865119
1414 -39310.930500 -5078.770860
1415 -39348.876100 -5040.026047
1416 -39318.788300 -5023.287451
1417 -39386.753000 -4987.738297
1418 -39415.020100 -5067.877654
1419 -39335.553300 -5030.973816
1420 -39320.119400 -5097.429912
1421 -39381.099000 -5113.271609
1422 -39407.210100 -5044.162486
1423 -39304.851500 -5043.048633
1424 -39368.658500 -4964.220359
1425 -39379.426600 -5031.943225
1426 -39447.936300 -5034.014600
1427 -39288.214100 -5049.123959
1428 -39458.801400 -4988.672771
1429 -39414.427300 -4989.729832
1430 -39461.858500 -5023.844537
1431 -39353.297700 -5066.506317
1432 -39356.587800 -5059.872314
1433 -39298.872800 -5084.702583
1434 -39453.714200 -5094.221444
1435 -39406.409400 -5052.472139
1436 -39328.589700 -5069.183688
1437 -39398.247100 -5050.129759
1438 -39345.092200 -5070.065464
1439 -39298.741000 -5054.943525
1440 -39363.088800 -5087.666054
1441 -39446.713600 -4970.413666
1442 -39360.970400 -5112.254761
1443 -39446.360900 -5071.683272
1444 -39299.335500 -5041.570467
1445 -39346.693800 -5042.568871
1446 -39368.237700 -5010.349515
1447 -39423.301400 -5029.228210
1448 -39338.427600 -5011.951067
1449 -39332.080800 -5053.394831
1450 -39371.414000 -5040.859257
1451 -39347.968000 -5062.378608
1452 -39389.212100 -5101.542933
1453 -39349.762900 -5070.968646
1454 -39351.848700 -5084.429357
1455 -39489.607200 -5053.441562
1456 -39413.251400 -5060.143026
1457 -39324.688400 -5084.024608
1458 -39341.153900 -5099.628352
1459 -39347.457600 -5054.221969
1460 -39328.845600 -5037.943075
1461 -39327.578100 -5083.961550
1462 -39447.531800 -5020.321428
1463 -39419.597700 -5037.062844
1464 -39351.406100 -5050.727264
1465 -39425.248700 -5014.608841
1466 -39297.974500 -5096.815313
1467 -39396.760400 -5041.382648
1468 -39365.017000 -5048.362048
1469 -39285.957200 -5065.352494
1470 -39346.035200 -5056.642978
1471 -39344.292000 -5059.247419
1472 -39402.077400 -5023.098425
1473 -39394.379100 -5056.071593
1474 -39387.485400 -5032.400062
1475 -39386.097800 -5054.502748
1476 -39410.503000 -5062.266895
1477 -39380.413300 -5035.111103
1478 -39395.991900 -4993.259456
1479 -39353.162900 -5024.712398
1480 -39491.575400 -4999.201529
1481 -39326.595500 -5081.803050
1482 -39402.710400 -5056.622751
1483 -39382.479900 -5085.142199
1484 -39412.730200 -5023.273810
1485 -39372.348500 -5046.744634
1486 -39443.021100 -5028.520503
1487 -39351.360500 -5054.328193
1488 -39352.688100 -5074.700877
1489 -39376.299400 -5036.057892
1490 -39382.170100 -5029.726631
1491 -39407.675300 -5061.127816
1492 -39401.472200 -5018.634164
1493 -39460.424700 -4999.830844
1494 -39388.270300 -5027.723275
1495 -39354.406100 -5052.766942
1496 -39331.596100 -5095.734672
1497 -39354.382000 -5070.334055
1498 -39367.343000 -5042.939502
1499 -39204.565700 -5109.699362
1500 -39330.576200 -5007.373904
1501 -39429.071800 -5077.667295
1502 -39340.089000 -5078.261513
1503 -39386.902300 -5052.634214
1504 -39462.103200 -5030.276412
1505 -39422.449000 -4966.428569
1506 -39266.882300 -5055.941060
1507 -39429.416300 -5074.740189
1508 -39374.800400 -5036.680726
1509 -39433.503200 -5018.123908
1510 -39324.786700 -5023.401961
1511 -39236.943900 -5045.518845
1512 -39308.398700 -5076.600257
1513 -39436.868200 -5045.094381
1514 -39407.317700 -5015.269847
1515 -39349.239500 -5052.616332
1516 -39379.575700 -5073.294917
1517 -39367.378700 -5049.642147
1518 -39401.041700 -5036.573242
1519 -39415.187200 -5045.304860
1520 -39395.325000 -5019.465972
1521 -39415.071000 -5022.520276
1522 -39322.556800 -5098.540447
1523 -39401.387500 -5063.575869
1524 -39352.984600 -5044.642307
1525 -39396.077900 -5050.671331
1526 -39406.871100 -5072.811287
1527 -39418.945900 -5070.584286
1528 -39422.793400 -5055.544885
1529 -39383.475900 -5036.986039
1530 -39443.827200 -5002.327301
1531 -39334.060900 -5015.795964
1532 -39418.179000 -5038.830512
1533 -39474.398100 -5039.892083
1534 -39450.783300 -5050.801339
1535 -39355.356300 -5024.486084
1536 -39393.937100 -5028.007410
1537 -39393.742100 -5035.443300
1538 -39369.718600 -5036.292867
1539 -39300.578700 -5062.923042
1540 -39390.849600 -5064.340293
1541 -39387.580600 -5072.738097
1542 -39368.632500 -5042.582912
1543 -39321.826900 -5060.464948
1544 -39420.114900 -5026.546363
1545 -39467.829900 -5071.143018
1546 -39389.607600 -4997.792167
1547 -39473.731800 -5037.359753
1548 -39420.115700 -5019.767541
1549 -39385.865400 -4997.332892
1550 -39340.938100 -5063.556498
1551 -39451.402500 -5042.203503
1552 -39386.252900 -5088.210257
1553 -39438.051800 -4986.130739
1554 -39371.132800 -5035.027004
1555 -39400.382300 -5083.417767
1556 -39373.345200 -5073.013151
1557 -39397.114500 -5034.771607
1558 -39414.143200 -5026.829908
1559 -39416.117400 -5067.848073
1560 -39364.226900 -5094.464790
1561 -39452.155600 -5053.231676
1562 -39498.756000 -5037.802219
1563 -39396.140100 -5023.385407
1564 -39408.812800 -5047.498736
1565 -39415.277600 -5042.338249
1566 -39373.114200 -5004.376878
1567 -39362.684800 -5057.697160
1568 -39341.536500 -5074.768534
1569 -39412.814100 -5009.729750
1570 -39377.166400 -5055.321986
1571 -39434.987200 -5028.621984
1572 -39434.310500 -5059.584867
1573 -39381.400000 -5034.823235
1574 -39450.388700 -4986.786502
1575 -39422.811500 -5043.334375
1576 -39387.878400 -5024.654311
1577 -39326.630800 -5034.993365
1578 -39448.119800 -5006.036325
1579 -39469.050400 -4970.003929
1580 -39393.415900 -5032.419039
1581 -39399.008000 -5054.171888
1582 -39345.852700 -5047.377954
1583 -39389.802000 -5053.129677
1584 -39421.563400 -4968.797754
1585 -39389.747000 -5022.382909
1586 -39412.218700 -5012.238647
1587 -39406.163400 -5039.914584
1588 -39391.776400 -5055.035265
1589 -39361.227700 -5076.653541
1590 -39359.420500 -5089.296652
1591 -39399.992700 -5079.844458
1592 -39281.145700 -5108.911428
1593 -39376.196900 -5057.037243
1594 -39466.593700 -5070.254144
1595 -39336.933500 -5058.829599
1596 -39339.010200 -5007.861111
1597 -39328.866900 -5068.836146
1598 -39396.048800 -5060.336918
1599 -39406.695400 -5049.774347
1600 -39403.487000 -5027.944380
1601 -39444.982900 -5047.766451
1602 -39500.777400 -5035.314241
1603 -39460.159000 -4986.452270
1604 -39375.047700 -5082.800294
1605 -39385.187100 -5084.887419
1606 -39419.684800 -5104.578623
1607 -39440.345600 -5064.052020
1608 -39445.681100 -5042.912789
1609 -39500.101800 -5068.889367
1610 -39433.789400 -5003.168518
1611 -39359.332400 -5046.699981
1612 -39436.697600 -5059.047594
1613 -39421.177600 -5011.871105
1614 -39467.617700 -5046.176246
1615 -39352.926400 -4995.023194
1616 -39502.213300 -5048.663584
1617 -39431.831900 -5049.651509
1618 -39384.529400 -5069.168152
1619 -39402.170600 -5021.756629
1620 -39380.249400 -5028.839190
1621 -39408.757100 -5043.125243
1622 -39471.311900 -5032.441022
1623 -39386.254100 -5049.449892
1624 -39382.774300 -5075.174575
1625 -39352.156300 -5009.673655
1626 -39431.072200 -5019.752553
1627 -39368.671200 -5004.540455
1628 -39438.925500 -4989.470544
1629 -39371.251300 -5042.802058
1630 -39430.926700 -5060.719072
1631 -39503.505100 -5003.524067
1632 -39403.191300 -5005.268898
1633 -39381.553700 -5062.701467
1634 -39525.001700 -5038.442557
1635 -39471.124800 -5086.294902
1636 -39449.612600 -5077.965349
1637 -39370.602000 -5009.910737
1638 -39508.898100 -5014.456266
1639 -39391.507900 -5052.111952
1640 -39430.310200 -5061.344991
1641 -39467.545000 -5037.606894
1642 -39426.345700 -5053.500108
1643 -39437.968600 -5010.506261
1644 -39461.315800 -5030.403084
1645 -39482.408100 -5017.806290
1646 -39405.486200 -5039.080805
1647 -39460.315200 -5055.236263
1648 -39395.256800 -5060.235490
1649 -39467.878100 -4990.787473
1650 -39455.396700 -4996.753188
1651 -39414.601000 -5025.563220
1652 -39320.743400 -5103.760303
1653 -39351.565200 -5015.385666
1654 -39363.663500 -5070.748476
1655 -39451.497700 -5063.835798
1656 -39370.718400 -5030.790348
1657 -39486.131500 -5027.609373
1658 -39435.172900 -5049.862708
1659 -39361.653000 -5071.539479
1660 -39339.418600 -5095.179000
1661 -39402.259000 -5092.267668
1662 -39420.382300 -5049.732486
1663 -39397.496000 -5052.000901
1664 -39389.850700 -5109.401694
1665 -39399.279100 -5062.819911
1666 -39426.958300 -5074.783440
1667 -39458.557800 -5039.390956
1668 -39332.308200 -5081.711721
1669 -39436.616300 -5076.380978
1670 -39410.952400 -5048.180802
1671 -39383.718800 -5065.616226
1672 -39499.988400 -5031.831547
1673 -39388.328000 -5072.624335
1674 -39410.173000 -5042.621259
1675 -39371.225200 -5044.341849
1676 -39389.295800 -5046.029264
1677 -39326.915500 -5074.289578
1678 -39346.659600 -5071.550761
1679 -39338.743500 -5094.112475
1680 -39450.926000 -5036.911896
1681 -39381.716000 -5064.547946
1682 -39478.244300 -5065.246375
1683 -39420.636100 -5055.494410
1684 -39497.854300 -5001.071467
1685 -39413.550800 -5023.563720
1686 -39445.671300 -5041.903854
1687 -39424.126500 -5056.457000
1688 -39377.501500 -5030.749754
1689 -39357.376000 -5082.166954
1690 -39366.473800 -5050.835788
1691 -39436.443900 -5038.987985
1692 -39443.279700 -5071.973903
1693 -39396.750300 -5045.461931
1694 -39433.231400 -5055.534431
1695 -39368.666600 -5033.551023
1696 -39380.011200 -5065.357098
1697 -39365.984600 -5061.192424
1698 -39401.990100 -5074.991108
1699 -39384.570400 -5017.194661
1700 -39439.425200 -5037.523414
1701 -39369.341000 -5033.878796
1702 -39381.495600 -5039.538320
1703 -39498.900900 -5039.756030
1704 -39298.553400 -5059.785172
1705 -39403.860300 -5037.635988
1706 -39389.881600 -5050.999369
1707 -39399.071000 -5065.571668
1708 -39320.709200 -5052.910513
1709 -39463.339600 -5023.939066
1710 -39446.013600 -5087.664089
1711 -39450.910500 -5065.924382
1712 -39380.172100 -5048.756053
1713 -39382.972000 -5076.915674
1714 -39334.744000 -5102.273965
1715 -39394.958700 -4985.911821
1716 -39481.676800 -5036.684641
1717 -39418.942800 -5034.357286
1718 -39411.426400 -5027.949734
1719 -39328.227200 -5081.887745
1720 -39451.571600 -5049.750276
1721 -39406.235000 -5054.966632
1722 -39419.095800 -5045.427407
1723 -39386.786900 -5025.585168
1724 -39343.810900 -5059.362519
1725 -39445.532200 -5023.699742
1726 -39427.680600 -5013.279426
1727 -39509.124300 -5051.851279
1728 -39408.519100 -5083.427319
1729 -39457.846000 -5082.000860
1730 -39495.066200 -5064.411022
1731 -39448.965800 -5068.553881
1732 -39454.384200 -5065.684093
1733 -39359.834600 -5040.205593
1734 -39448.128700 -5069.096354
1735 -39470.612300 -5006.478614
1736 -39359.467000 -5052.848405
1737 -39416.360900 -5082.579188
1738 -39445.523700 -5047.198973
1739 -39347.372900 -5007.958396
1740 -39307.899000 -5050.988380
1741 -39428.900900 -5026.704525
1742 -39418.791800 -5044.452599
1743 -39330.974500 -5062.224494
1744 -39437.189000 -5021.751676
1745 -39445.981700 -5022.442656
1746 -39338.091700 -5031.959671
1747 -39369.914700 -5020.890004
1748 -39357.370900 -5099.400764
1749 -39433.321300 -5051.760710
1750 -39480.637900 -4990.864853
1751 -39318.466400 -5055.749586
1752 -39460.910300 -5080.390257
1753 -39390.707000 -5003.711316
1754 -39376.366900 -5060.811868
1755 -39353.201400 -5046.962899
1756 -39324.486700 -5045.948893
1757 -39337.137100 -5109.448619
1758 -39357.341000 -5048.897915
1759 -39370.656800 -5003.503138
1760 -39436.800100 -5030.949707
1761 -39432.855100 -5025.297657
1762 -39449.490100 -4983.900677
1763 -39447.943600 -5074.414281
1764 -39418.520500 -4992.944491
1765 -39417.345900 -5056.139457
1766 -39387.258700 -5017.590648
1767 -39390.839800 -5041.503032
1768 -39362.943500 -5031.291131
1769 -39371.561100 -5062.568324
1770 -39367.091300 -5058.000884
1771 -39374.683400 -5115.739358
1772 -39414.483300 -5034.100397
1773 -39507.828500 -5028.802236
1774 -39372.452500 -5018.189425
1775 -39415.866600 -5083.497305
1776 -39430.457800 -5043.872452
1777 -39327.898000 -5072.709614
1778 -39361.024500 -5050.313566
1779 -39394.961100 -5015.194340
1780 -39380.392400 -5044.103487
1781 -39448.209300 -5056.276652
1782 -39458.545400 -5037.896419
1783 -39470.718200 -4999.186158
1784 -39370.673200 -5055.077840
1785 -39370.708700 -5031.861536
1786 -39417.571700 -5032.642699
1787 -39364.760700 -5063.888063
1788 -39414.260400 -4992.500792
1789 -39376.699700 -5003.681578
1790 -39319.020900 -5064.162314
1791 -39433.873800 -4993.111350
1792 -39434.203000 -4986.392957
1793 -39345.049000 -5090.015702
1794 -39394.897400 -5080.397974
1795 -39383.098500 -5048.569774
1796 -39401.447300 -5050.649871
1797 -39338.127900 -5047.971570
1798 -39366.388200 -5022.747451
1799 -39395.551600 -5090.154718
1800 -39391.265500 -5058.387169
1801 -39416.874900 -5045.342802
1802 -39373.221900 -5050.581314
1803 -39410.748300 -5055.073442
1804 -39394.814000 -5036.021324
1805 -39374.103500 -5044.727628
1806 -39365.625500 -5103.149079
1807 -39464.632000 -5001.100114
1808 -39364.260400 -5045.232167
1809 -39370.136000 -5048.593219
1810 -39284.618900 -5019.886804
1811 -39392.977900 -5024.655749
1812 -39452.455500 -5055.448673
1813 -39426.543700 -5053.147812
1814 -39421.631600 -5038.441665
1815 -39392.807300 -5083.868166
1816 -39340.395800 -5054.568414
1817 -39446.966700 -5034.943824
1818 -39414.155200 -5052.899472
1819 -39318.824100 -5041.483811
1820 -39378.945600 -5066.515444
1821 -39379.771000 -5033.505695
1822 -39372.189000 -5020.750341
1823 -39450.886200 -5031.861442
1824 -39373.261500 -5027.428370
1825 -39321.003900 -5070.446619
1826 -39448.673500 -5078.914201
1827 -39354.921900 -5016.090676
1828 -39422.477200 -5011.494420
1829 -39423.601300 -5038.648529
1830 -39331.634800 -5047.333976
1831 -39416.615200 -5078.822196
1832 -39452.667600 -5033.989164
1833 -39402.355900 -5045.912254
1834 -39445.153500 -5063.807508
1835 -39461.360700 -5044.229703
1836 -39420.370300 -5047.383731
1837 -39461.942700 -5021.412459
1838 -39340.562100 -5081.386632
1839 -39425.612300 -5008.494904
1840 -39391.838100 -5082.056471
1841 -39403.409200 -5022.480612
1842 -39288.744200 -5088.737425
1843 -39421.333900 -5079.466862
1844 -39376.294600 -5094.736991
1845 -39328.829100 -5048.690046
1846 -39395.484900 -5048.048848
1847 -39454.919100 -5035.173187
1848 -39354.260800 -5061.893356
1849 -39420.984000 -5031.958714
1850 -39432.828500 -5009.278655
1851 -39363.594100 -5062.989584
1852 -39348.785000 -5093.995813
1853 -39323.076600 -5016.833406
1854 -39403.729500 -5053.063160
1855 -39446.203300 -5082.923963
1856 -39366.027700 -5088.051113
1857 -39306.575500 -5049.181482
1858 -39369.613200 -5037.314995
1859 -39390.801500 -5055.984400
1860 -39374.718600 -5080.353425
1861 -39401.464900 -5038.516715
1862 -39442.200000 -5095.120905
1863 -39347.089600 -5022.339258
1864 -39401.629200 -5044.703166
1865 -39421.544200 -5043.379448
1866 -39359.406600 -5054.471447
1867 -39456.410600 -5018.885600
1868 -39335.544200 -5060.687689
1869 -39398.764800 -5033.441106
1870 -39434.058300 -5049.847992
1871 -39372.835300 -5005.159738
1872 -39378.970700 -5010.481807
1873 -39481.913700 -4983.560102
1874 -39387.665700 -5013.735497
1875 -39236.759700 -5082.297664
1876 -39354.172000 -4990.875082
1877 -39373.651400 -5006.176267
1878 -39399.899800 -5086.867511
1879 -39354.626400 -5049.094248
1880 -39406.680500 -5038.850951
1881 -39418.299200 -5049.862308
1882 -39422.278400 -5020.530496
1883 -39417.809500 -5012.470393
1884 -39327.413500 -5034.747082
1885 -39349.062400 -5024.281878
1886 -39484.640900 -5054.089640
1887 -39415.205400 -5069.446687
1888 -39383.239500 -5013.933090
1889 -39369.438100 -5042.737486
1890 -39401.608900 -5038.287054
1891 -39409.576800 -5065.105102
1892 -39315.976800 -5101.556410
1893 -39417.279000 -5069.968181
1894 -39395.100500 -5048.497241
1895 -39361.031800 -5063.989623
1896 -39373.725200 -5044.045511
1897 -39356.129600 -5008.895969
1898 -39452.183500 -5059.501886
1899 -39417.774900 -5060.290956
1900 -39358.633300 -5037.335999
1901 -39344.867700 -5023.634133
1902 -39352.080300 -5054.263245
1903 -39317.293000 -5053.078115
1904 -39396.166900 -5030.641359
1905 -39304.987400 -5062.192482
1906 -39432.027900 -5008.155624
1907 -39427.178600 -5084.302950
1908 -39323.109500 -5089.636807
1909 -39404.958600 -5058.028692
1910 -39299.359000 -5110.988181
1911 -39346.827800 -5072.445753
1912 -39334.182500 -5077.020911
1913 -39399.589200 -5067.549675
1914 -39323.471200 -5037.625969
1915 -39454.138700 -5078.382916
1916 -39339.013700 -5054.988580
1917 -39312.840000 -5044.093462
1918 -39353.942300 -5046.270464
1919 -39319.596200 -5034.540583
1920 -39430.552500 -5044.873064
1921 -39415.566100 -5041.330016
1922 -39410.919100 -5074.340880
1923 -39461.860000 -5026.076258
1924 -39415.756400 -5052.413969
1925 -39424.242600 -5080.774986
1926 -39403.795100 -5022.018602
1927 -39382.769600 -5082.933735
1928 -39415.478400 -5023.160629
1929 -39419.646300 -5062.276884
1930 -39519.788300 -5064.587114
1931 -39496.565700 -5056.745494
1932 -39394.256900 -5028.507415
1933 -39355.778700 -5032.636316
1934 -39423.818900 -5044.253606
1935 -39415.877400 -5024.973466
1936 -39335.742200 -5027.382638
1937 -39413.214300 -4994.770211
1938 -39367.104600 -5007.652042
1939 -39438.626300 -5030.132707
1940 -39463.442200 -5037.546252
1941 -39320.164900 -5087.241520
1942 -39389.337800 -5023.643438
1943 -39406.000700 -5040.513599
1944 -39445.534300 -5054.373377
1945 -39374.494500 -5013.181062
1946 -39386.979500 -5060.706383
1947 -39364.318500 -5042.309027
1948 -39250.812500 -5059.308413
1949 -39298.892100 -5051.085204
1950 -39278.349600 -5055.788996
1951 -39315.954300 -5067.252570
1952 -39408.236400 -5108.977682
1953 -39363.218600 -5051.069081
1954 -39365.809300 -5066.318022
1955 -39439.719000 -5007.207770
1956 -39371.850600 -5039.200270
1957 -39395.758400 -5064.731838
1958 -39339.256700 -5092.153692
1959 -39321.194700 -5060.916564
1960 -39453.942300 -5013.141823
1961 -39380.942400 -5058.104139
1962 -39374.590500 -5051.858121
1963 -39370.719500 -5052.915327
1964 -39413.576400 -5070.826209
1965 -39388.496000 -4983.161816
1966 -39370.763000 -5055.523791
1967 -39377.054300 -5013.188793
1968 -39304.272000 -5029.333427
1969 -39369.271000 -5058.584645
1970 -39324.006800 -5067.516771
1971 -39386.333800 -5057.929908
1972 -39342.886200 -5059.844807
1973 -39358.981300 -5053.828362
1974 -39369.588400 -5007.813553
1975 -39313.823700 -5078.221035
1976 -39431.967000 -4984.067914
1977 -39361.024600 -5031.822920
1978 -39386.502900 -5071.077736
1979 -39387.444200 -5064.820548
1980 -39378.104300 -5051.337416
1981 -39454.261400 -5052.131826
1982 -39416.430700 -5011.286037
1983 -39517.338900 -5044.165119
1984 -39433.773300 -5084.305339
1985 -39400.594500 -5026.905806
1986 -39346.081200 -5034.636977
1987 -39411.644000 -5066.808403
1988 -39472.400900 -5035.457686
1989 -39387.243200 -5076.100214
1990 -39359.312100 -5042.292334
1991 -39342.379300 -5059.330402
1992 -39389.990800 -4999.389009
1993 -39415.010700 -5057.229366
1994 -39353.857900 -5070.452160
1995 -39429.979800 -5031.699438
1996 -39340.221100 -5086.410119
1997 -39452.449800 -5071.920712
1998 -39379.046400 -5057.266186
1999 -39370.776600 -5062.257125
2000 -39383.979700 -5001.068046
2001 -39325.142000 -5030.843173
2002 -39427.444100 -5011.127799
2003 -39397.275500 -5003.171716
2004 -39366.926600 -5046.755995
2005 -39482.745600 -4998.821429
2006 -39358.182700 -5004.056419
2007 -39346.179000 -5024.531238
2008 -39322.089300 -5098.345513
2009 -39348.033000 -5008.657382
2010 -39458.914500 -5017.910818
2011 -39393.167000 -5043.716903
2012 -39333.505800 -5072.088399
2013 -39447.171700 -5020.397485
2014 -39345.513000 -5068.026184
2015 -39439.802500 -5065.508827
2016 -39426.313200 -5010.543989
2017 -39321.580300 -5033.505929
2018 -39378.080800 -5024.136525
2019 -39437.080400 -4991.391348
2020 -39370.668800 -5032.964124
2021 -39320.441500 -5071.003430
2022 -39314.285100 -5079.161265
2023 -39425.968900 -5047.302044
2024 -39317.763100 -5101.305771
2025 -39412.766900 -4954.822090
2026 -39451.325000 -5046.964371
2027 -39447.795400 -5010.358725
2028 -39340.716300 -5045.732524
2029 -39391.984600 -5024.354461
2030 -39371.052400 -5022.683878
2031 -39399.320500 -5032.046784
2032 -39447.224000 -5013.608719
2033 -39326.878300 -5020.919292
2034 -39458.673600 -5042.754332
2035 -39368.119000 -5028.369237
2036 -39403.162900 -5011.017961
2037 -39436.532500 -5025.845650
2038 -39332.674500 -4992.586215
2039 -39359.052600 -5034.062890
2040 -39329.668200 -4998.456253
2041 -39416.638900 -5009.404778
2042 -39450.464700 -5015.780224
2043 -39355.464100 -5025.232410
2044 -39335.828800 -5036.825056
2045 -39424.831400 -5003.147807
2046 -39353.759100 -4995.217899
2047 -39314.100500 -5051.427380
2048 -39320.901800 -5027.332371
2049 -39450.213900 -4993.078505
2050 -39385.305700 -5002.716526
2051 -39422.609900 -4962.180678
2052 -39397.419500 -5031.401322
2053 -39435.048400 -5007.503011
2054 -39412.805900 -5042.904677
2055 -39351.294300 -5071.757745
2056 -39447.158300 -5018.427775
2057 -39410.768000 -5066.791669
2058 -39349.012100 -5049.633676
2059 -39339.718800 -5059.866273
2060 -39498.359200 -4994.216952
2061 -39445.000500 -4989.712983
2062 -39352.676500 -5037.815938
2063 -39393.602000 -5030.199189
2064 -39430.810100 -5028.248624
2065 -39376.639600 -5033.006225
2066 -39343.061700 -5000.140482
2067 -39355.185700 -4996.684118
2068 -39347.103700 -5006.222104
2069 -39463.834700 -5046.826976
2070 -39366.659000 -5010.087435
2071 -39464.085700 -4979.516026
2072 -39482.685700 -5014.374784
2073 -39309.748100 -5022.002336
2074 -39388.905600 -5017.100146
2075 -39410.310800 -4984.483290
2076 -39460.158000 -4984.373331
2077 -39451.597400 -5032.502422
2078 -39426.809600 -4999.779637
2079 -39450.214300 -5005.198414
2080 -39360.014300 -5037.598237
2081 -39400.870600 -5041.307986
2082 -39451.490900 -5020.374307
2083 -39352.326700 -5002.182683
2084 -39404.658600 -5077.228848
2085 -39409.700500 -5030.329795
2086 -39395.479300 -5030.787794
2087 -39403.969400 -5041.176404
2088 -39418.173300 -5015.878454
2089 -39376.098200 -5031.146134
2090 -39358.451300 -5047.184183
2091 -39459.358900 -5048.207528
2092 -39390.588900 -5005.141345
2093 -39407.052000 -5040.920250
2094 -39395.603600 -5016.769518
2095 -39374.626000 -5010.033499
2096 -39402.568500 -5015.919174
2097 -39420.326900 -5073.130547
2098 -39343.021900 -5033.823240
2099 -39396.489700 -5049.005789
2100 -39443.081600 -5028.610064
2101 -39393.987600 -5036.126694
2102 -39469.678000 -5045.138990
2103 -39439.927600 -5046.392117
2104 -39328.397800 -5048.817559
2105 -39348.605800 -5042.509698
2106 -39336.674000 -5088.616958
2107 -39351.998300 -5062.755873
2108 -39333.410900 -5090.825119
2109 -39287.860400 -5028.064590
2110 -39437.800200 -5035.353709
2111 -39301.802200 -4993.564578
2112 -39344.454700 -5049.215849
2113 -39338.460600 -5069.932126
2114 -39450.915900 -5028.821337
2115 -39350.121900 -5051.443222
2116 -39309.742300 -5046.402054
2117 -39358.812300 -5059.213443
2118 -39344.718100 -5073.995833
2119 -39340.804400 -5048.673862
2120 -39421.519200 -4987.198184
2121 -39393.790500 -5035.688502
2122 -39306.317900 -5012.071969
2123 -39420.337700 -5004.423130
2124 -39429.657400 -5078.274853
2125 -39334.330400 -5016.777089
2126 -39414.136200 -5065.973642
2127 -39406.914500 -5054.983945
2128 -39330.278300 -5088.429244
2129 -39420.735000 -5060.890278
2130 -39373.654900 -5065.925271
2131 -39351.039000 -5054.251610
2132 -39308.806400 -5030.254359
2133 -39362.893000 -5068.688067
2134 -39306.180700 -5035.604578
2135 -39429.732500 -4996.510447
2136 -39410.176100 -5008.100105
2137 -39374.929700 -5058.424335
2138 -39402.658400 -5070.938146
2139 -39458.803400 -4998.928645
2140 -39394.601700 -5063.961942
2141 -39412.799000 -5032.037435
2142 -39249.375600 -5066.209846
2143 -39351.810900 -5018.898751
2144 -39285.381300 -5092.688797
2145 -39377.167100 -5039.936493
2146 -39365.685500 -5009.290993
2147 -39371.505500 -5046.563200
2148 -39353.894900 -5111.387708
2149 -39368.245400 -5033.164636
2150 -39387.683400 -5039.663579
2151 -39401.601100 -5102.057871
2152 -39368.565400 -4992.946947
2153 -39371.727300 -5077.837328
2154 -39357.163800 -5054.559835
2155 -39378.537000 -5041.132043
2156 -39394.561000 -5046.039481
2157 -39465.030200 -5014.597282
2158 -39367.030000 -5049.803506
2159 -39351.201900 -5056.350712
2160 -39284.509400 -5026.195318
2161 -39365.634200 -5005.548793
2162 -39412.426100 -5036.691748
2163 -39345.044700 -5049.835308
2164 -39388.533700 -4980.456915
2165 -39301.803000 -5104.516413
2166 -39262.992300 -5059.167887
2167 -39299.338800 -5065.406067
2168 -39441.759200 -5050.059692
2169 -39304.921700 -5054.738308
2170 -39248.504400 -5082.463624
2171 -39433.428900 -5072.590091
2172 -39436.014200 -5035.810542
2173 -39320.634100 -5031.612447
2174 -39384.332000 -5041.409407
2175 -39341.229300 -5072.982061
2176 -39365.702500 -5055.855243
2177 -39366.071400 -5071.787205
2178 -39430.191700 -5047.813846
2179 -39416.328500 -5047.668034
2180 -39362.770800 -5051.834699
2181 -39378.340800 -5000.562739
2182 -39320.971600 -5025.830031
2183 -39421.024300 -5106.192281
2184 -39339.268400 -5064.678744
2185 -39352.820700 -5032.305689
2186 -39444.680100 -5083.012732
2187 -39348.918300 -5022.544192
2188 -39342.500700 -5075.657148
2189 -39383.605100 -5048.213101
2190 -39330.369100 -5030.432663
2191 -39389.235400 -5066.519428
2192 -39415.020300 -4979.294331
2193 -39433.334800 -5014.410916
2194 -39305.793000 -5070.420320
2195 -39346.403000 -5069.198750
2196 -39425.269800 -5088.988548
2197 -39423.783200 -5003.759068
2198 -39369.758800 -5087.284139
2199 -39432.562800 -5065.835624
2200 -39402.300000 -5029.842861
2201 -39403.585100 -5021.617079
2202 -39428.115300 -5063.405539
2203 -39458.822700 -5030.800971
2204 -39270.662200 -5048.902328
2205 -39370.030300 -5026.704225
2206 -39356.770000 -5095.989505
2207 -39391.961200 -5074.272580
2208 -39330.882800 -5037.300691
2209 -39390.292600 -5024.439365
2210 -39402.532600 -5028.577145
2211 -39379.157900 -5070.579784
2212 -39291.858900 -5050.813236
2213 -39438.688600 -4996.049029
2214 -39414.336900 -5032.209978
2215 -39434.584400 -5068.997553
2216 -39289.355100 -5050.268266
2217 -39350.152100 -5083.494624
2218 -39344.802200 -5063.855812
2219 -39334.982100 -5027.829203
2220 -39326.571300 -5071.289096
2221 -39349.324900 -5053.638353
2222 -39343.239500 -5018.700337
2223 -39400.524900 -5051.648235
2224 -39427.309300 -5037.387309
2225 -39326.991200 -5102.010193
2226 -39289.559800 -5085.105034
2227 -39341.927200 -5006.973025
2228 -39335.192300 -5007.898697
2229 -39386.484600 -5041.718151
2230 -39376.789100 -5026.031292
2231 -39365.275400 -5045.250949
2232 -39367.203300 -5050.132399
2233 -39434.282800 -5007.595183
2234 -39357.874100 -5066.844383
2235 -39283.597800 -5077.653583
2236 -39420.688800 -5018.915556
2237 -39359.052400 -5074.692681
2238 -39357.540300 -5038.865144
2239 -39321.145900 -5050.769982
2240 -39396.565000 -5020.950349
2241 -39382.637400 -5086.999280
2242 -39334.194400 -5060.901897
2243 -39359.928700 -5060.384150
2244 -39374.618800 -5050.789577
2245 -39416.029000 -4997.809050
2246 -39353.373500 -5079.648477
2247 -39367.989000 -5116.386680
2248 -39383.721100 -5055.502155
2249 -39367.294400 -5027.536249
2250 -39391.109800 -5089.055653
2251 -39346.653700 -5019.383116
2252 -39368.153500 -5003.072569
2253 -39429.901400 -5092.804417
2254 -39344.738800 -5073.470488
2255 -39405.473600 -5020.304281
2256 -39304.905100 -5053.919721
2257 -39327.186800 -5058.441923
2258 -39344.100000 -5022.093357
2259 -39350.231800 -5023.057167
2260 -39451.989600 -5043.085049
2261 -39401.458900 -5031.507883
2262 -39380.475700 -5067.750720
2263 -39309.151700 -5047.578878
2264 -39439.733700 -5000.721744
2265 -39289.352300 -5102.280979
2266 -39335.738200 -5094.330926
2267 -39332.632000 -5060.932862
2268 -39385.494200 -5075.108995
2269 -39357.709600 -4986.729535
2270 -39396.359900 -5038.718727
2271 -39404.056300 -5080.371850
2272 -39452.609700 -5040.748609
2273 -39370.571700 -5021.816342
2274 -39460.000100 -5039.304174
2275 -39351.192900 -5038.388984
2276 -39418.524700 -5020.035491
2277 -39315.360600 -5085.103262
2278 -39314.629500 -5058.133418
2279 -39323.909800 -5083.058814
2280 -39359.609700 -5069.069625
2281 -39390.624800 -5068.913435
2282 -39445.096200 -5041.842179
2283 -39338.661900 -5079.180011
2284 -39313.836700 -5039.679437
2285 -39335.878000 -5068.161968
2286 -39411.693100 -5049.295033
2287 -39366.544800 -5022.283586
2288 -39393.798000 -5052.702738
2289 -39299.898000 -5068.687968
2290 -39410.667800 -5050.443960
2291 -39331.863900 -5056.929122
2292 -39316.032000 -5034.742151
2293 -39383.664900 -5079.399142
2294 -39277.186800 -5040.831739
2295 -39330.055800 -5081.229780
2296 -39402.059400 -5081.832192
2297 -39343.844900 -5089.078333
2298 -39344.486500 -5034.024515
2299 -39389.906800 -5010.959887
2300 -39404.122100 -5030.929223
2301 -39439.750500 -5059.891844
2302 -39386.569100 -4974.756717
2303 -39373.518600 -5032.278829
2304 -39421.332400 -5001.732695
2305 -39395.096400 -5048.805696
2306 -39476.271100 -5002.880504
2307 -39252.056000 -5074.677970
2308 -39409.671200 -5027.112882
2309 -39413.291700 -5070.689885
2310 -39391.085800 -4994.399207
2311 -39467.810300 -5011.512439
2312 -39363.972400 -5073.901230
2313 -39285.530300 -5006.549155
2314 -39318.557000 -5052.314304
2315 -39376.732500 -5065.772904
2316 -39390.096700 -5013.432468
2317 -39283.653400 -5048.244468
2318 -39346.295000 -5008.138586
2319 -39230.465100 -5060.181262
2320 -39372.845900 -5038.254219
2321 -39352.178800 -5058.744745
2322 -39438.086100 -5024.234634
2323 -39375.071400 -5030.632194
2324 -39452.899600 -5006.410982
2325 -39342.474200 -5073.652481
2326 -39221.849300 -5073.392372
2327 -39412.661700 -5055.919357
2328 -39385.256300 -5039.498908
2329 -39425.260600 -4984.657796
2330 -39347.906000 -5031.866880
2331 -39361.830400 -5050.280221
2332 -39362.047700 -4975.184337
2333 -39341.316800 -5009.568526
2334 -39278.899900 -5037.658586
2335 -39366.999500 -5053.158196
2336 -39363.682700 -5026.742239
2337 -39431.648300 -5071.700452
2338 -39340.943500 -5032.106964
2339 -39311.143600 -5055.649167
2340 -39341.360200 -5035.699219
2341 -39403.991400 -4997.379756
2342 -39364.924400 -5019.626976
2343 -39392.518700 -5031.906057
2344 -39423.385800 -5061.040046
2345 -39387.507300 -5017.384580
2346 -39377.445100 -5047.381850
2347 -39285.613900 -5009.255177
2348 -39411.735800 -5060.956340
2349 -39406.459900 -5020.959096
2350 -39385.239900 -5013.989134
2351 -39309.615700 -5080.529168
2352 -39417.735600 -5064.392366
2353 -39293.941600 -5056.390182
2354 -39387.788400 -5010.372036
2355 -39360.925100 -5073.724420
2356 -39347.851800 -5053.785670
2357 -39436.114700 -5097.468784
2358 -39348.948000 -5094.213818
2359 -39302.324600 -5046.456518
2360 -39409.388400 -5059.024466
2361 -39345.328500 -5074.061983
2362 -39351.130500 -5019.446159
2363 -39383.193400 -5016.226585
2364 -39287.355300 -5063.904747
2365 -39291.598100 -5006.748753
2366 -39340.680700 -5107.180984
2367 -39400.377300 -5060.803813
2368 -39452.843400 -5026.322143
2369 -39341.738800 -5056.845985
2370 -39374.459300 -5024.998020
2371 -39346.351200 -5044.762868
2372 -39369.713700 -5015.365144
2373 -39401.466100 -5043.945513
2374 -39385.148500 -5038.111680
2375 -39416.498100 -5044.501591
2376 -39393.182700 -5063.628966
2377 -39370.991500 -5085.617688
2378 -39286.716400 -5063.612581
2379 -39310.643500 -5096.436389
2380 -39234.731000 -5039.928031
2381 -39376.867300 -5072.074045
2382 -39393.739600 -5042.526920
2383 -39365.218300 -5052.967632
2384 -39461.738300 -5085.967957
2385 -39335.941600 -5059.370534
2386 -39449.420400 -5010.237152
2387 -39348.437800 -5095.541116
2388 -39383.965000 -5085.920837
2389 -39334.759500 -5075.208132
2390 -39394.554600 -5070.421674
2391 -39412.495000 -5020.011633
2392 -39358.435300 -5074.624140
2393 -39256.819300 -5027.985735
2394 -39400.899500 -5063.621150
2395 -39316.102300 -5091.628242
2396 -39384.288500 -5028.522756
2397 -39418.185700 -5054.014269
2398 -39373.146600 -5103.464872
2399 -39395.288500 -5047.824366
2400 -39345.400000 -5052.455005
2401 -39375.787900 -5058.038224
2402 -39426.472900 -5050.493692
2403 -39350.474200 -5073.351840
2404 -39430.302400 -5006.349007
2405 -39389.659000 -5044.428999
2406 -39444.184900 -5040.267013
2407 -39465.494900 -5011.246585
2408 -39338.020000 -5044.600810
2409 -39365.799900 -5078.470307
2410 -39322.391000 -5033.394746
2411 -39309.644500 -5054.472729
2412 -39418.586800 -5014.054487
2413 -39296.545900 -5068.301115
2414 -39277.736000 -5052.824858
2415 -39416.953500 -5026.837631
2416 -39365.435200 -5066.776425
2417 -39324.307100 -5025.334666
2418 -39414.919400 -5026.046111
2419 -39308.465900 -5069.891234
2420 -39376.543200 -5056.266832
2421 -39318.919900 -5071.491015
2422 -39398.721200 -5080.791521
2423 -39370.811700 -5058.253904
2424 -39436.024500 -5017.016069
2425 -39370.574300 -5047.447314
2426 -39355.380400 -5084.660416
2427 -39322.666300 -5037.107097
2428 -39310.800200 -5067.002232
2429 -39340.644300 -5081.788875
2430 -39321.313100 -5019.825060
2431 -39365.869000 -5072.444494
2432 -39385.193200 -5097.488174
2433 -39362.888200 -5072.546031
2434 -39376.085800 -5099.385780
2435 -39380.767400 -5044.645267
2436 -39309.982600 -5043.805238
2437 -39379.011300 -5032.838849
2438 -39347.033200 -5103.125698
2439 -39385.971800 -5077.548813
2440 -39395.696900 -5050.642368
2441 -39390.430700 -5026.094187
2442 -39298.070800 -5052.151830
2443 -39430.216400 -5086.776808
2444 -39387.617800 -5028.382771
2445 -39401.926200 -5050.556930
2446 -39376.089900 -5058.186642
2447 -39390.587700 -5071.728258
2448 -39340.748900 -5026.559565
2449 -39363.679200 -5024.507556
2450 -39409.873900 -5054.428979
2451 -39369.592200 -5063.053764
2452 -39384.876000 -5051.594752
2453 -39469.333300 -5035.304210
2454 -39391.253600 -5019.886713
2455 -39372.816400 -5081.209270
2456 -39371.587600 -5084.710624
2457 -39398.517800 -5061.880618
2458 -39321.648500 -5107.615024
2459 -39408.169500 -5059.092296
2460 -39373.783100 -5086.516363
2461 -39401.623700 -5047.438237
2462 -39375.615100 -5005.944071
2463 -39352.638900 -5080.914906
2464 -39311.724900 -5106.973705
2465 -39399.800700 -5049.886262
2466 -39461.238900 -5038.015978
2467 -39391.573700 -5051.959005
2468 -39421.169100 -5022.543545
2469 -39454.554800 -5037.499473
2470 -39381.222900 -5050.594843
2471 -39447.413700 -5073.926396
2472 -39425.874500 -5042.824113
2473 -39433.622200 -5047.716431
2474 -39332.216400 -5123.384785
2475 -39396.699400 -5052.843139
2476 -39313.317200 -5082.353188
2477 -39292.486300 -5103.668156
2478 -39392.891800 -5073.107716
2479 -39345.966000 -5055.767517
2480 -39285.988900 -5076.962593
2481 -39361.471700 -5013.620332
2482 -39330.594100 -5096.784581
2483 -39330.155700 -5056.627984
2484 -39403.009900 -5065.633103
2485 -39312.279400 -5088.480142
2486 -39431.583300 -5028.258696
2487 -39499.568000 -5026.851896
2488 -39465.457600 -5032.583729
2489 -39367.414000 -5036.897528
2490 -39410.281000 -5058.257381
2491 -39208.323900 -5078.859088
2492 -39357.181300 -5036.534188
2493 -39350.592800 -5067.351625
2494 -39329.553300 -5041.453773
2495 -39292.844300 -5072.276779
2496 -39403.855700 -5022.234745
2497 -39342.650000 -5094.781615
2498 -39348.192500 -5076.935400
2499 -39242.377700 -5042.154360
2500 -39460.608900 -5013.743745
2501 -39301.943000 -5089.292531
2502 -39360.371100 -5068.779292
2503 -39384.471800 -5072.675169
2504 -39385.574500 -5041.226446
2505 -39303.117500 -5083.961557
2506 -39314.309900 -5040.025607
2507 -39388.942500 -5044.914364
2508 -39390.268300 -5063.876763
2509 -39415.930700 -5048.178714
2510 -39287.001400 -5082.439089
2511 -39326.066600 -5061.178570
2512 -39434.538400 -5070.725500
2513 -39467.443800 -5067.341228
2514 -39342.518900 -5002.620801
2515 -39414.841500 -5079.200446
2516 -39457.437100 -5019.291307
2517 -39381.414000 -5040.880070
2518 -39339.785300 -5039.229797
2519 -39322.302500 -5071.781952
2520 -39393.750300 -5031.841773
2521 -39435.298800 -5106.933988
2522 -39420.784700 -5003.558287
2523 -39382.560300 -5021.302424
2524 -39355.775300 -5053.161557
2525 -39296.072400 -5098.643813
2526 -39394.024100 -5018.767188
2527 -39368.554000 -5085.670126
2528 -39377.814900 -5056.414386
2529 -39375.807300 -5011.998710
2530 -39362.579800 -5045.606913
2531 -39357.227600 -5022.816240
2532 -39432.808100 -5092.197946
2533 -39337.322400 -5061.562401
2534 -39344.973200 -5043.156133
2535 -39349.928200 -5088.325891
2536 -39439.616700 -5035.313743
2537 -39390.760900 -5036.755045
2538 -39477.763400 -5003.069882
2539 -39376.917600 -5061.788358
2540 -39396.874600 -5048.047765
2541 -39395.658400 -5025.216272
2542 -39347.873900 -5046.604510
2543 -39383.425500 -5010.728090
2544 -39363.455100 -5026.790983
2545 -39383.352400 -5072.391050
2546 -39310.264900 -5086.155573
2547 -39330.230000 -5075.096401
2548 -39414.260800 -5059.204739
2549 -39484.760100 -5065.719243
2550 -39522.944600 -4994.481876
2551 -39442.725700 -5057.268091
2552 -39438.853500 -4990.655791
2553 -39404.040000 -4998.453601
2554 -39372.829700 -5059.420459
2555 -39386.601900 -4984.706893
2556 -39293.237200 -5035.921806
2557 -39530.168600 -5029.626448
2558 -39409.878000 -5055.316025
2559 -39441.452800 -5028.739906
2560 -39359.909600 -5045.001485
2561 -39366.151100 -5052.527036
2562 -39401.962500 -5044.019732
2563 -39323.920200 -5053.382384
2564 -39360.340200 -5036.200811
2565 -39450.859300 -5005.058749
2566 -39399.404200 -5079.367502
2567 -39409.680700 -5034.536831
2568 -39404.244700 -5044.593439
2569 -39466.453900 -5048.995934
2570 -39409.296000 -4999.602665
2571 -39465.227800 -5059.001618
2572 -39354.934900 -5066.504216
2573 -39387.565700 -5025.391152
2574 -39428.208300 -5041.947388
2575 -39369.314700 -5055.259006
2576 -39402.354300 -5077.273269
2577 -39434.401200 -5038.124884
2578 -39454.446900 -5034.050063
2579 -39439.557400 -5064.522038
2580 -39335.461900 -5071.651685
2581 -39430.357800 -5011.483814
2582 -39322.122600 -5032.018444
2583 -39393.085100 -4987.281285
2584 -39390.118100 -5037.308985
2585 -39504.066000 -5063.854355
2586 -39542.105800 -5024.660316
2587 -39375.959200 -5026.973409
2588 -39384.582400 -5073.881407
2589 -39433.420100 -4987.633661
2590 -39329.006900 -5032.117920
2591 -39388.534800 -5064.962435
2592 -39454.982200 -4969.995548
2593 -39456.973600 -5049.017683
2594 -39350.669400 -5076.603142
2595 -39436.878200 -5070.077832
2596 -39375.198700 -5056.488725
2597 -39378.982400 -5042.554121
2598 -39369.960600 -5055.596205
2599 -39436.372300 -5018.642861
2600 -39389.934300 -5023.812023
2601 -39465.654600 -5017.796779
2602 -39369.245600 -4981.973665
2603 -39338.565200 -5027.644828
2604 -39380.816200 -5043.015329
2605 -39367.027800 -5039.859380
2606 -39311.035500 -5033.589494
2607 -39387.665000 -5033.157283
2608 -39410.298000 -5072.100242
2609 -39415.439100 -5022.370708
2610 -39289.832900 -5096.450033
2611 -39312.798100 -5009.114238
2612 -39352.765800 -5042.671636
2613 -39374.833900 -5048.889470
2614 -39315.950200 -5076.165288
2615 -39340.189200 -5080.812421
2616 -39380.329300 -5047.542832
2617 -39347.006400 -5044.412301
2618 -39378.390100 -5034.013241
2619 -39495.205100 -5021.470171
2620 -39466.230200 -4998.582150
2621 -39378.200300 -5017.903071
2622 -39368.110200 -5021.282667
2623 -39407.487600 -4985.648114
2624 -39385.187200 -5025.111475
2625 -39381.036800 -5071.528950
2626 -39435.284100 -5053.927417
2627 -39327.999200 -5073.594546
2628 -39419.151900 -5026.789776
2629 -39362.862000 -4996.207385
2630 -39428.476500 -5013.441362
2631 -39379.917600 -5056.965770
2632 -39369.705000 -5001.925229
2633 -39400.394400 -4996.690531
2634 -39321.266300 -5057.368711
2635 -39318.700300 -5071.818033
2636 -39385.371300 -5014.143692
2637 -39411.596800 -4993.588738
2638 -39333.644300 -5051.141319
2639 -39400.906100 -5086.831122
2640 -39426.433500 -5012.916539
2641 -39392.401500 -5044.771872
2642 -39423.182300 -5014.437750
2643 -39448.997400 -5113.685303
2644 -39519.381100 -5024.848638
2645 -39422.003300 -5035.525614
2646 -39397.172400 -5069.656487
2647 -39391.064000 -5065.955232
2648 -39365.418500 -5032.001944
2649 -39416.428900 -5039.491844
2650 -39334.837700 -5065.319470
2651 -39357.832600 -5017.756892
2652 -39375.769500 -5057.552948
2653 -39389.578800 -5062.147272
2654 -39387.833800 -5049.866916
2655 -39343.475500 -5045.635541
2656 -39341.866200 -5042.141612
2657 -39351.531700 -5027.722506
2658 -39268.338000 -5040.092414
2659 -39445.834800 -4983.768626
2660 -39378.093200 -5046.943999
2661 -39274.528500 -5067.735543
2662 -39356.586900 -5065.676224
2663 -39432.229800 -5004.751424
2664 -39392.533500 -5053.191389
2665 -39375.023100 -5022.768302
2666 -39338.452600 -5088.256114
2667 -39323.275300 -5058.768211
2668 -39345.469800 -5047.048034
2669 -39411.917900 -5002.563754
2670 -39334.920400 -5049.968215
2671 -39402.074000 -5040.850453
2672 -39394.422700 -5014.075176
2673 -39353.309500 -5068.722035
2674 -39394.788000 -5016.896156
2675 -39309.147600 -5082.802554
2676 -39362.876500 -5018.532171
2677 -39432.795000 -5056.612532
2678 -39441.336300 -5083.826471
2679 -39357.696100 -5083.503942
2680 -39392.889800 -5046.165794
2681 -39381.287100 -5069.368166
2682 -39378.444400 -5083.128714
2683 -39342.075700 -5067.372258
2684 -39313.898300 -5050.158297
2685 -39373.674700 -5060.730828
2686 -39359.169800 -5080.208740
2687 -39367.959800 -5034.614303
2688 -39339.944700 -5037.982197
2689 -39349.953300 -5071.785485
2690 -39400.088200 -5036.723860
2691 -39417.721600 -5055.836814
2692 -39410.199500 -5039.893422
2693 -39344.971200 -5044.059100
2694 -39451.511700 -5037.353541
2695 -39369.586900 -5069.469575
2696 -39400.703000 -5100.533319
2697 -39390.268400 -5035.061186
2698 -39370.793200 -5059.143753
2699 -39487.278700 -5051.803452
2700 -39416.871600 -5081.674248
2701 -39457.829700 -5111.020539
2702 -39368.688800 -5077.001698
2703 -39444.826600 -5083.211483
2704 -39401.301900 -5062.926473
2705 -39413.303600 -5030.426771
2706 -39395.591300 -5023.119201
2707 -39486.180000 -5025.023234
2708 -39388.133900 -5062.594147
2709 -39410.595700 -5057.328146
2710 -39390.232300 -5029.702237
2711 -39390.511300 -5068.121433
2712 -39473.155900 -5058.025199
2713 -39374.915700 -5120.497609
2714 -39414.923600 -5025.525313
2715 -39367.127800 -5096.764761
2716 -39420.763400 -5079.003917
2717 -39394.800900 -5116.397819
2718 -39396.754700 -5054.337331
2719 -39379.056100 -5056.551117
2720 -39308.720500 -5066.035360
2721 -39402.806500 -5038.530611
2722 -39370.779100 -5069.533346
2723 -39449.103200 -5008.724519
2724 -39418.240800 -5018.729810
2725 -39375.338300 -5054.507684
2726 -39426.793100 -5004.403791
2727 -39314.979800 -4999.291388
2728 -39297.237600 -5049.414215
2729 -39265.136200 -5073.967058
2730 -39360.398700 -5031.020375
2731 -39377.434000 -5052.551192
2732 -39319.721600 -5032.861675
2733 -39393.461400 -5056.162482
2734 -39342.669600 -5028.434353
2735 -39422.352000 -4998.450415
2736 -39422.983600 -5031.999585
2737 -39386.177100 -5011.106056
2738 -39376.497600 -5025.812704
2739 -39349.626600 -5073.671566
2740 -39354.186200 -5067.107083
2741 -39375.909300 -5042.899190
2742 -39306.924500 -5027.030378
2743 -39307.237800 -5060.764506
2744 -39405.052600 -5026.705069
2745 -39378.931400 -5039.755624
2746 -39374.519000 -5052.182204
2747 -39367.065200 -5058.335932
2748 -39390.030900 -5010.213155
2749 -39349.984500 -5036.864346
2750 -39355.346900 -5024.502599
2751 -39283.039900 -5062.493811
2752 -39356.747600 -4987.742829
2753 -39317.233000 -5077.041937
2754 -39373.579600 -5021.035166
2755 -39460.392500 -5034.163425
2756 -39323.295300 -5060.138889
2757 -39390.712400 -5002.368358
2758 -39415.170400 -5038.022261
2759 -39365.996800 -5022.084872
2760 -39388.540100 -5081.755700
2761 -39413.146400 -5001.397519
2762 -39458.305800 -5011.118948
2763 -39364.767400 -5109.751316
2764 -39390.913500 -5116.120488
2765 -39457.403400 -5011.954067
2766 -39354.624800 -5048.124503
2767 -39430.693900 -5059.094281
2768 -39431.106700 -5019.191794
2769 -39387.993700 -5031.892785
2770 -39275.722100 -5056.880807
2771 -39382.292600 -5000.695427
2772 -39292.860600 -5052.161349
2773 -39396.175100 -5046.065493
2774 -39365.653300 -5070.813974
2775 -39297.624000 -4986.747412
2776 -39415.238700 -5075.810861
2777 -39424.628900 -5050.545607
2778 -39344.527600 -5038.280117
2779 -39350.991400 -5033.504102
2780 -39399.719900 -5055.767499
2781 -39422.759100 -5002.403276
2782 -39359.342300 -5067.131436
2783 -39349.127000 -5071.155335
2784 -39376.201300 -5016.819783
2785 -39423.224000 -5004.186299
2786 -39345.806700 -4985.514904
2787 -39398.863300 -5027.335018
2788 -39409.951000 -4957.728220
2789 -39402.872400 -5015.565949
2790 -39307.080400 -5085.935025
2791 -39389.861200 -5057.132906
2792 -39421.624900 -5051.338707
2793 -39346.963100 -5066.014057
2794 -39251.289800 -5100.768150
2795 -39360.417100 -5059.219969
2796 -39327.457900 -5001.745898
2797 -39351.100800 -5080.497792
2798 -39456.271900 -4966.506094
2799 -39414.558800 -5071.502055
2800 -39318.023400 -5089.889958
2801 -39399.095200 -5082.265203
2802 -39457.992900 -5045.499703
2803 -39371.076800 -5121.398535
2804 -39328.930700 -5063.539955
2805 -39300.930900 -5094.954209
2806 -39432.128300 -5025.709034
2807 -39447.379200 -5038.909800
2808 -39414.578300 -5091.819030
2809 -39386.101300 -4985.794277
2810 -39350.588000 -5053.755663
2811 -39382.243300 -5013.540053
2812 -39303.666200 -5063.630045
2813 -39358.335300 -5077.043024
2814 -39440.937400 -5065.319558
2815 -39377.803000 -5006.238271
2816 -39396.196000 -5102.054173
2817 -39481.857200 -5036.131077
2818 -39367.827200 -5035.970749
2819 -39403.364800 -5066.017777
2820 -39415.452300 -5038.771209
2821 -39410.516100 -5032.449582
2822 -39430.148600 -5040.489291
2823 -39338.890100 -5077.691229
2824 -39407.616700 -5012.641223
2825 -39411.353800 -5022.917897
2826 -39384.582900 -5055.654504
2827 -39350.243500 -5044.801285
2828 -39396.799500 -5039.528075
2829 -39282.713500 -5015.525412
2830 -39329.486700 -5071.654844
2831 -39392.082800 -5052.394212
2832 -39461.389200 -5015.824074
2833 -39288.462300 -5048.862296
2834 -39419.078900 -5060.490780
2835 -39352.180200 -5054.275818
2836 -39403.347500 -5103.929110
2837 -39454.209900 -5063.659302
2838 -39350.764500 -5085.541634
2839 -39416.566700 -5078.833979
2840 -39423.982000 -5028.099691
2841 -39408.320800 -5072.537271
2842 -39378.328300 -5044.873734
2843 -39300.052900 -5037.978742
2844 -39426.405800 -5053.209578
2845 -39403.655000 -5055.701930
2846 -39383.870200 -5019.295652
2847 -39337.207500 -5034.262261
2848 -39393.892800 -5066.251213
2849 -39418.225100 -5040.685443
2850 -39453.656400 -5059.625896
2851 -39480.965700 -5041.138981
2852 -39375.866800 -5077.420615
2853 -39348.220900 -5055.467055
2854 -39397.867700 -5054.286180
2855 -39423.742100 -5022.958911
2856 -39376.645600 -5042.498247
2857 -39354.994400 -5026.364079
2858 -39384.122900 -5014.925100
2859 -39303.852800 -5030.028092
2860 -39405.695800 -5025.638062
2861 -39439.012500 -5065.453672
2862 -39321.981200 -5033.272648
2863 -39393.818100 -5053.521383
2864 -39378.511200 -5053.407460
2865 -39364.271300 -5038.339626
2866 -39382.659300 -5064.630443
2867 -39406.567900 -4983.106762
2868 -39326.153300 -5015.386203
2869 -39354.952500 -5046.888221
2870 -39379.412500 -5046.172132
2871 -39424.830400 -5009.377370
2872 -39370.292100 -5060.307032
2873 -39383.950700 -5070.262932
2874 -39332.839800 -5105.938327
2875 -39406.727400 -5035.955167
2876 -39380.082900 -5018.390136
2877 -39461.565400 -5017.474714
2878 -39349.165600 -5015.550769
2879 -39421.244900 -5070.583042
2880 -39384.301400 -5046.383838
2881 -39373.823400 -5014.472354
2882 -39404.628100 -4981.889794
2883 -39395.423300 -5056.322571
2884 -39384.277100 -4996.715727
2885 -39370.494800 -5041.374987
2886 -39342.269100 -5038.674878
2887 -39372.145300 -5062.963630
2888 -39455.434700 -5008.916522
2889 -39387.968300 -5044.018933
2890 -39438.568200 -4999.519698
2891 -39383.513500 -5026.806548
2892 -39324.094000 -5032.624700
2893 -39423.541900 -4987.866792
2894 -39326.205400 -5007.576924
2895 -39338.189100 -5077.751065
2896 -39421.949700 -5062.329019
2897 -39335.887500 -5017.261330
2898 -39295.932300 -5016.746659
2899 -39424.716400 -5015.590591
2900 -39357.075200 -5073.520471
2901 -39481.045800 -5018.179184
2902 -39338.429800 -5035.911087
2903 -39391.253600 -5059.710214
2904 -39481.008200 -4996.690002
2905 -39398.542300 -5006.757147
2906 -39436.136500 -5066.561110
2907 -39448.806000 -5044.900043
2908 -39372.056900 -5029.337692
2909 -39405.793600 -5062.979633
2910 -39404.614700 -5023.947207
2911 -39446.141300 -5018.865642
2912 -39441.851400 -5018.968350
2913 -39328.056800 -5008.626167
2914 -39401.767800 -5012.672335
2915 -39366.283900 -4967.996874
2916 -39367.272700 -4999.912393
2917 -39476.300500 -5038.927929
2918 -39329.684900 -5041.348166
2919 -39444.146800 -5041.018873
2920 -39374.530300 -5022.153641
2921 -39376.849200 -5062.086415
2922 -39401.543900 -5038.163835
2923 -39320.829000 -5071.573923
2924 -39415.040000 -5078.777189
2925 -39503.022600 -5041.188292
2926 -39468.540500 -5057.000450
2927 -39380.656700 -5025.746935
2928 -39294.904700 -5051.433414
2929 -39426.157000 -5014.722733
2930 -39353.043300 -4982.527016
2931 -39388.491000 -5001.245313
2932 -39386.947000 -5065.941534
2933 -39447.989800 -5033.975474
2934 -39321.043900 -5035.655913
2935 -39332.242700 -5029.790835
2936 -39403.068400 -5029.125606
2937 -39349.475200 -5049.770114
2938 -39421.762600 -5039.044076
2939 -39423.553800 -5024.471980
2940 -39428.111200 -5060.189196
2941 -39453.929500 -5058.375924
2942 -39375.316400 -5060.713101
2943 -39400.210400 -4999.226896
2944 -39368.225900 -5036.492288
2945 -39302.080000 -5063.329425
2946 -39436.480400 -5034.884277
2947 -39394.610500 -5096.834327
2948 -39412.578200 -5033.710651
2949 -39404.497600 -4966.675029
2950 -39372.772900 -5041.893787
2951 -39326.628000 -5069.284357
2952 -39340.322900 -5018.861065
2953 -39371.489500 -5043.779077
2954 -39398.702300 -5049.882101
2955 -39418.762200 -5065.609691
2956 -39381.700700 -5012.796111
2957 -39373.007500 -5056.478812
2958 -39448.779000 -5051.796903
2959 -39344.135100 -5083.764198
2960 -39345.551900 -5061.274904
2961 -39438.391900 -5048.457460
2962 -39498.700600 -5039.293961
2963 -39372.564000 -5055.738786
2964 -39398.843700 -5057.971464
2965 -39298.023300 -5070.475553
2966 -39357.100300 -5081.023542
2967 -39302.691100 -5082.225266
2968 -39348.660900 -5067.833872
2969 -39378.689400 -5009.092408
2970 -39355.906800 -5069.990339
2971 -39422.468900 -5055.809392
2972 -39460.229500 -5025.224921
2973 -39405.353200 -5058.399990
2974 -39390.825900 -5003.242825
2975 -39378.772300 -5065.730353
2976 -39364.321200 -5014.222475
2977 -39482.528100 -4981.563141
2978 -39441.982100 -5025.768906
2979 -39354.041500 -5060.460922
2980 -39420.360600 -5034.079694
2981 -39351.989200 -5071.965407
2982 -39392.429300 -5045.702691
2983 -39377.674300 -5070.174311
2984 -39438.374700 -5056.601079
2985 -39373.510200 -5031.595458
2986 -39360.466000 -5073.523744
2987 -39461.838400 -5057.881291
2988 -39345.252100 -5071.197767
2989 -39411.991400 -5059.229079
2990 -39420.159400 -5002.204775
2991 -39408.120900 -5045.023272
2992 -39364.105700 -5089.712675
2993 -39465.140200 -4990.684707
2994 -39395.503100 -4997.292841
2995 -39423.013200 -4989.199294
2996 -39409.358700 -5054.607934
2997 -39442.075300 -5042.130316
2998 -39434.973600 -5007.434085
2999 -39405.496800 -5035.778012
3000 -39463.993700 -5020.254731
3001 -39368.096700 -5052.875200
3002 -39416.771700 -5033.612223
3003 -39383.012600 -5068.317445
3004 -39508.539200 -5020.807675
3005 -39366.421600 -5071.684687
3006 -39344.840300 -5028.123644
3007 -39442.398900 -5077.366021
3008 -39370.338500 -5070.584988
3009 -39349.358500 -5080.031548
3010 -39411.526000 -5086.955350
3011 -39430.380200 -5055.930740
3012 -39330.993200 -5043.731300
3013 -39389.513800 -4988.042321
3014 -39381.791000 -5049.265381
3015 -39391.101500 -5024.371863
3016 -39482.227000 -5011.865159
3017 -39369.535800 -5054.521389
3018 -39406.300100 -5018.678051
3019 -39407.691900 -5102.930966
3020 -39356.058300 -5046.613806
3021 -39443.170200 -5018.763369
3022 -39382.323400 -5054.784451
3023 -39385.461400 -5032.070853
3024 -39425.525100 -5075.975271
3025 -39470.574300 -5007.223684
3026 -39392.510600 -5017.239744
3027 -39506.335400 -4960.558629
3028 -39390.566300 -4984.405186
3029 -39408.766200 -5046.782773
3030 -39370.487000 -5032.268205
3031 -39333.252400 -5032.300084
3032 -39392.636700 -5031.847679
3033 -39423.023900 -5077.968534
3034 -39422.068200 -5052.718276
3035 -39308.012600 -5051.247559
3036 -39408.951300 -5058.063838
3037 -39378.634800 -5043.717693
3038 -39366.999100 -5011.866618
3039 -39372.659800 -5037.007792
3040 -39387.521500 -5089.263135
3041 -39430.588100 -5067.370498
3042 -39473.300500 -5034.070001
3043 -39439.798500 -5047.634171
3044 -39519.455100 -5049.629950
3045 -39451.344000 -5008.705932
3046 -39494.033200 -5043.586301
3047 -39510.268500 -5050.193833
3048 -39486.795700 -5062.723693
3049 -39428.370100 -5016.703632
3050 -39431.356800 -5031.761128
3051 -39393.047800 -5039.935855
3052 -39294.384100 -5066.140320
3053 -39425.299300 -5040.000805
3054 -39426.609100 -5033.754156
3055 -39390.388600 -5028.983448
3056 -39380.125400 -5024.420292
3057 -39424.816400 -4995.638305
3058 -39434.458500 -5050.408458
3059 -39513.667700 -5012.422982
3060 -39370.673800 -5062.163506
3061 -39457.352500 -5027.534524
3062 -39413.498200 -5071.447934
3063 -39389.262500 -5039.441628
3064 -39291.547200 -5096.619108
3065 -39473.862700 -5044.128302
3066 -39446.394800 -5024.911091
3067 -39381.707900 -5055.183263
3068 -39370.523800 -5074.576870
3069 -39372.407600 -5026.638752
3070 -39523.206400 -5044.451288
3071 -39422.632800 -5015.302913
3072 -39388.663900 -5100.219304
3073 -39355.126900 -5060.898465
3074 -39439.015800 -5063.103976
3075 -39424.114300 -5056.053658
3076 -39409.230900 -5093.557371
3077 -39376.590700 -5059.972832
3078 -39405.916200 -5040.178057
3079 -39365.176400 -5089.133607
3080 -39455.500500 -5025.640959
3081 -39375.879000 -5042.053213
3082 -39411.548700 -5038.387993
3083 -39484.893600 -4977.752600
3084 -39422.651200 -5015.244127
3085 -39360.586700 -5045.569840
3086 -39408.180500 -5035.030538
3087 -39297.870700 -5086.987773
3088 -39416.539800 -5009.285717
3089 -39448.203700 -5065.675142
3090 -39459.678200 -5007.901819
3091 -39354.390000 -5045.470387
3092 -39371.988300 -5040.182694
3093 -39400.409500 -5041.174607
3094 -39488.330600 -5042.793126
3095 -39443.634600 -5020.860744
3096 -39379.664100 -5063.714482
3097 -39396.459600 -5037.774215
3098 -39401.876900 -5071.688048
3099 -39373.746300 -5060.297034
3100 -39432.732500 -5066.439980
3101 -39371.068300 -5061.280474
3102 -39340.076300 -5040.263579
3103 -39479.743500 -5015.888207
3104 -39449.601100 -5036.405426
3105 -39433.750200 -5070.602116
3106 -39387.121500 -5094.923848
3107 -39417.872800 -5043.322876
3108 -39445.832300 -5092.717331
3109 -39458.749500 -5010.040871
3110 -39352.266500 -5059.504892
3111 -39429.235600 -5008.917076
3112 -39393.586000 -5028.055737
3113 -39382.415300 -5071.657932
3114 -39508.778600 -5028.986362
3115 -39423.887000 -4987.148408
3116 -39387.189700 -5012.430570
3117 -39417.612800 -5034.080031
3118 -39487.827600 -5015.900186
3119 -39366.600100 -5063.017568
3120 -39460.012000 -5042.635885
3121 -39369.374100 -5005.765271
3122 -39335.659900 -5045.457337
3123 -39355.949700 -5041.158485
3124 -39423.448200 -5033.348393
3125 -39372.095300 -5039.466671
3126 -39405.480700 -5036.022173
3127 -39434.426600 -5013.981712
3128 -39353.920400 -5043.025887
3129 -39303.028700 -5113.510212
3130 -39417.852700 -5023.579770
3131 -39448.543200 -5015.170726
3132 -39413.255600 -5022.359613
3133 -39372.205200 -5104.377056
3134 -39367.132500 -4999.336839
3135 -39387.547900 -5051.074814
3136 -39424.051800 -5040.292059
3137 -39393.200800 -4983.286775
3138 -39449.123800 -5041.869965
3139 -39361.467300 -5028.480666
3140 -39354.744900 -5042.723869
3141 -39484.130000 -5095.052965
3142 -39349.173900 -5037.947639
3143 -39383.590800 -5033.967997
3144 -39429.626400 -5006.989190
3145 -39327.179300 -5106.230254
3146 -39482.253500 -5073.680404
3147 -39316.806600 -5045.922613
3148 -39336.754900 -5026.515921
3149 -39337.512800 -5042.996554
3150 -39389.384500 -5044.806044
3151 -39309.648400 -5069.740460
3152 -39326.661700 -5011.834790
3153 -39430.250200 -5021.033291
3154 -39380.998300 -5080.222942
3155 -39284.117800 -5068.766524
3156 -39450.022300 -5008.221052
3157 -39395.496900 -5082.886839
3158 -39422.350100 -5032.794163
3159 -39371.832900 -4972.643427
3160 -39395.476800 -5060.909420
3161 -39414.972100 -5041.257398
3162 -39399.372300 -5043.899645
3163 -39381.645300 -5045.887830
3164 -39376.343200 -5101.706709
3165 -39402.729800 -5044.353572
3166 -39375.873300 -5013.441782
3167 -39345.930500 -5066.592370
3168 -39303.761000 -5012.945462
3169 -39423.348900 -5031.744448
3170 -39433.284700 -5037.436154
3171 -39358.582800 -4996.214152
3172 -39500.983200 -5063.002578
3173 -39429.997800 -5029.666374
3174 -39347.558600 -5103.594763
3175 -39298.544300 -5104.938518
3176 -39472.665700 -5022.634831
3177 -39382.912500 -5030.874578
3178 -39348.732300 -5070.717480
3179 -39357.963200 -5040.952139
3180 -39238.265200 -5048.524745
3181 -39352.307800 -5038.737624
3182 -39397.137000 -5001.353917
3183 -39452.352700 -5089.257798
3184 -39401.313600 -5067.571034
3185 -39467.302600 -5022.799887
3186 -39450.559900 -5040.793715
3187 -39384.920100 -5111.152178
3188 -39369.521100 -5031.216133
3189 -39387.086200 -5037.125561
3190 -39384.695600 -5054.355704
3191 -39370.770700 -5020.970796
3192 -39361.133400 -4997.845919
3193 -39400.604500 -5085.447843
3194 -39425.654500 -5065.781707
3195 -39442.417000 -5022.281797
3196 -39370.548300 -5030.532617
3197 -39391.243100 -5037.625541
3198 -39304.085100 -5050.660551
3199 -39378.781700 -5065.336877
3200 -39340.897200 -5042.219113
3201 -39406.365200 -5053.816128
3202 -39381.165300 -5044.610203
3203 -39361.259300 -5038.165291
3204 -39412.963600 -5038.094507
3205 -39386.126800 -5014.575959
3206 -39463.448300 -5021.871797
3207 -39377.892100 -5024.351795
3208 -39358.165300 -5033.449662
3209 -39415.320800 -5020.296987
3210 -39443.366300 -5089.582477
3211 -39377.374600 -5079.912407
3212 -39316.628000 -5070.525969
3213 -39398.968600 -5074.418269
3214 -39403.036600 -5065.064038
3215 -39407.228600 -5086.954446
3216 -39307.651300 -5100.013969
3217 -39395.737500 -5079.253188
3218 -39450.735300 -5044.503861
3219 -39402.022500 -5022.876362
3220 -39398.168500 -5046.171601
3221 -39394.616400 -5028.183837
3222 -39443.314500 -5010.728918
3223 -39325.096900 -5039.861951
3224 -39437.610400 -5011.193758
3225 -39363.498900 -5001.312227
3226 -39420.733700 -5031.551085
3227 -39388.519500 -5095.535831
3228 -39378.781400 -5090.356159
3229 -39406.972000 -5073.567564
3230 -39355.262700 -5099.933617
3231 -39371.819700 -5051.406483
3232 -39308.409800 -5054.214965
3233 -39441.693800 -5024.637838
3234 -39303.709200 -5045.088751
3235 -39378.933400 -4988.181493
3236 -39371.611700 -5036.417348
3237 -39270.955200 -4988.563363
3238 -39394.563300 -5039.737350
3239 -39423.417700 -5030.051251
3240 -39408.945900 -4974.275062
3241 -39351.835000 -5072.084426
3242 -39417.716600 -5032.363408
3243 -39259.814600 -5044.032826
3244 -39364.680800 -5048.299746
3245 -39421.793600 -4996.997489
3246 -39387.381100 -5037.287709
3247 -39378.318100 -5060.387307
3248 -39250.020700 -5036.040515
3249 -39472.834600 -5001.466046
3250 -39412.694600 -5048.647562
3251 -39380.728800 -5028.334024
3252 -39407.261500 -4998.640874
3253 -39435.658500 -5031.339895
3254 -39403.853900 -5006.921460
3255 -39302.269700 -5064.770800
3256 -39427.007300 -5011.871049
3257 -39340.217600 -5022.806178
3258 -39406.150300 -4977.179424
3259 -39374.987600 -5092.360572
3260 -39411.256500 -5050.316059
3261 -39353.758000 -5006.571850
3262 -39419.575500 -5008.105423
3263 -39354.492900 -5009.430170
3264 -39308.589800 -5036.423773
3265 -39264.138700 -5025.715013
3266 -39396.217600 -5001.770196
3267 -39354.417900 -4990.835142
3268 -39440.173800 -4965.703518
3269 -39486.707100 -5013.187205
3270 -39394.545300 -5039.560699
3271 -39389.985100 -5034.207683
3272 -39343.003800 -5011.146395
3273 -39381.276400 -5012.192042
3274 -39392.274500 -5002.971574
3275 -39317.910700 -5053.179494
3276 -39397.354400 -4986.486117
3277 -39390.782400 -4994.933112
3278 -39334.791000 -5022.023087
3279 -39402.128200 -5005.880870
3280 -39438.589600 -4991.748197
3281 -39445.949800 -5034.233244
3282 -39414.190900 -5017.914741
3283 -39411.456900 -5049.672186
3284 -39375.633800 -5001.005083
3285 -39291.609100 -5008.312633
3286 -39384.431500 -5047.241795
3287 -39503.619700 -5028.428161
3288 -39383.970800 -5039.661202
3289 -39446.874100 -5011.483256
3290 -39307.591100 -5025.135501
3291 -39332.017800 -5047.163105
3292 -39349.906200 -5062.066168
3293 -39385.250500 -4968.071609
3294 -39374.876100 -4997.144731
3295 -39296.480900 -5030.133531
3296 -39384.467300 -4997.648317
3297 -39454.719700 -5041.815439
3298 -39363.124100 -5005.426652
3299 -39333.842800 -4978.202720
3300 -39306.453500 -5026.952006
3301 -39292.400900 -5017.270160
3302 -39285.782900 -5048.149997
3303 -39400.719900 -5005.658580
3304 -39362.752900 -5028.944630
3305 -39352.045000 -5083.889698
3306 -39360.942700 -5040.481087
3307 -39404.915300 -4995.367014
3308 -39348.041300 -5013.096901
3309 -39339.389600 -5007.828201
3310 -39356.059900 -4988.732043
3311 -39417.401700 -5006.421086
3312 -39362.694200 -5026.268289
3313 -39320.808100 -5011.440871
3314 -39415.214300 -4992.935945
3315 -39405.405400 -5006.994540
3316 -39346.025400 -5035.553188
3317 -39302.313900 -5008.639090
3318 -39344.833800 -5027.176269
3319 -39327.352800 -5019.771286
3320 -39418.039900 -5058.411818
3321 -39329.007500 -5006.497430
3322 -39332.633900 -5040.913488
3323 -39342.101900 -5074.374831
3324 -39400.453300 -5019.726359
3325 -39417.509000 -5016.392025
3326 -39350.878500 -5026.196887
3327 -39342.953000 -5107.041152
3328 -39257.075000 -5049.909251
3329 -39346.118100 -5065.743368
3330 -39396.691900 -5086.147464
3331 -39276.812200 -5013.255456
3332 -39422.908000 -4976.637814
3333 -39304.052200 -5051.177580
3334 -39379.459600 -5032.614206
3335 -39430.063300 -5018.485015
3336 -39274.442200 -5044.459245
3337 -39349.956300 -5066.108900
3338 -39367.870000 -5019.092908
3339 -39419.285400 -4991.667476
3340 -39376.826500 -4980.526794
3341 -39415.840500 -5060.140630
3342 -39282.670800 -5072.148870
3343 -39413.787600 -5064.587764
3344 -39436.382400 -5047.424616
3345 -39355.056300 -5013.054537
3346 -39433.812800 -5008.790944
3347 -39298.376000 -5046.559401
3348 -39414.766200 -5035.863137
3349 -39370.706900 -5055.994598
3350 -39384.024600 -4999.042730
3351 -39432.050300 -5033.984620
3352 -39333.200300 -5042.787175
3353 -39346.648200 -5020.172533
3354 -39369.299300 -4974.797182
3355 -39436.371400 -5018.799578
3356 -39371.415200 -5012.147928
3357 -39385.526800 -4987.483668
3358 -39408.629400 -5019.661140
3359 -39498.274300 -5014.185928
3360 -39414.926500 -5058.773211
3361 -39387.764200 -5029.494622
3362 -39347.972600 -5040.922221
3363 -39317.889300 -5049.894919
3364 -39387.201600 -5012.238575
3365 -39437.053000 -5063.199100
3366 -39329.642300 -5086.723705
3367 -39280.607600 -5088.672343
3368 -39363.522200 -5023.654096
3369 -39393.481500 -5010.271454
3370 -39373.152900 -5061.266020
3371 -39338.402800 -5011.877306
3372 -39394.404700 -5017.583295
3373 -39363.008400 -5034.389048
3374 -39334.502300 -5030.678520
3375 -39319.816200 -5066.860895
3376 -39335.900800 -5018.089675
3377 -39290.128600 -5053.284846
3378 -39386.053400 -5032.496091
3379 -39337.357600 -5034.347392
3380 -39386.077100 -5029.753099
3381 -39318.617800 -5032.546510
3382 -39361.744500 -4997.592206
3383 -39328.981600 -5031.818775
3384 -39430.418000 -5048.523209
3385 -39360.245900 -4992.923511
3386 -39415.529100 -4976.641570
3387 -39393.585200 -5003.041674
3388 -39396.707000 -4954.824463
3389 -39426.461000 -4980.350473
3390 -39378.463000 -5018.141415
3391 -39258.754300 -5058.002676
3392 -39349.199800 -5063.625708
3393 -39358.640700 -5029.854123
3394 -39347.185200 -5094.705379
3395 -39408.725500 -4981.615827
3396 -39374.950300 -5047.712762
3397 -39351.727600 -5014.316868
3398 -39304.832000 -5028.678231
3399 -39325.690900 -5078.668005
3400 -39334.804100 -5050.002583
3401 -39402.254100 -5009.119702
3402 -39311.467300 -5053.964118
3403 -39366.974200 -5036.666458
3404 -39337.087500 -5080.113861
3405 -39312.437100 -4998.080628
3406 -39268.331000 -5026.807079
3407 -39380.979100 -5017.809550
3408 -39416.108900 -5037.269846
3409 -39359.594800 -5031.452182
3410 -39415.440400 -4987.981690
3411 -39382.142800 -4981.529430
3412 -39423.903600 -5000.791711
3413 -39385.164700 -5009.753183
3414 -39378.822600 -5012.273705
3415 -39403.540600 -5024.971190
3416 -39429.468200 -4997.466405
3417 -39465.536200 -5008.233343
3418 -39333.106500 -5034.650210
3419 -39308.919300 -5044.242343
3420 -39386.170400 -5061.022909
3421 -39312.847500 -5062.520749
3422 -39451.488500 -5027.125734
3423 -39290.905700 -5033.432543
3424 -39429.300900 -5032.388987
3425 -39400.043200 -5055.019551
3426 -39332.316800 -5041.723367
3427 -39437.081800 -5052.936273
3428 -39393.542200 -5014.796144
3429 -39429.786400 -5012.482259
3430 -39341.207300 -5036.733653
3431 -39327.538500 -5051.188828
3432 -39439.753500 -4985.860281
3433 -39422.390100 -5019.003087
3434 -39320.604400 -5042.651622
3435 -39406.426900 -5010.684817
3436 -39319.737200 -5056.596879
3437 -39434.943600 -5034.871694
3438 -39318.859000 -5022.026055
3439 -39350.121900 -5081.654878
3440 -39341.456800 -5028.577143
3441 -39377.550800 -5024.945728
3442 -39341.916600 -5055.198330
3443 -39438.328700 -5035.759937
3444 -39406.462000 -5032.130714
3445 -39398.682400 -5040.409030
3446 -39438.258600 -4991.605719
3447 -39387.047100 -5077.562638
3448 -39464.659900 -5031.112383
3449 -39382.752900 -5011.770334
3450 -39342.776300 -5050.955384
3451 -39475.301000 -5009.883567
3452 -39449.508800 -5013.103908
3453 -39386.128000 -5055.395472
3454 -39442.392600 -5080.771691
3455 -39409.633000 -5063.699892
3456 -39347.909100 -5045.755717
3457 -39442.831600 -4965.804876
3458 -39411.437400 -5031.668292
3459 -39400.389200 -5014.029298
3460 -39405.230700 -5054.802087
3461 -39336.459100 -5055.802482
3462 -39467.532600 -5016.408334
3463 -39419.768300 -5039.283059
3464 -39410.107600 -5013.344348
3465 -39394.683000 -5021.218798
3466 -39406.953500 -5030.750009
3467 -39337.185500 -5073.129829
3468 -39403.011700 -5028.872734
3469 -39321.267700 -5037.700610
3470 -39414.638500 -5016.238263
3471 -39431.460600 -5067.250759
3472 -39345.727000 -5047.771965
3473 -39389.100200 -5044.345729
3474 -39313.380300 -5024.372473
3475 -39325.544300 -5017.239832
3476 -39339.190800 -5039.090540
3477 -39355.181800 -5039.295118
3478 -39332.933000 -5087.013359
3479 -39377.006800 -5032.581407
3480 -39374.394400 -5052.764989
3481 -39381.204100 -5060.309236
3482 -39450.030700 -4990.242735
3483 -39406.892300 -5012.288035
3484 -39410.845800 -5016.744755
3485 -39327.902400 -5054.033522
3486 -39271.780300 -5077.531533
3487 -39402.853800 -5056.366874
3488 -39364.039400 -5029.740535
3489 -39365.011400 -5082.765956
3490 -39349.770400 -5044.697062
3491 -39359.246000 -5050.862184
3492 -39310.575200 -5033.290085
3493 -39413.889700 -5040.333556
3494 -39390.582900 -4982.111981
3495 -39321.900800 -5031.300806
3496 -39337.893100 -5064.688886
3497 -39307.398600 -5078.009687
3498 -39403.304400 -4992.110098
3499 -39388.202300 -5043.477127
3500 -39413.046400 -5037.386141
3501 -39398.332700 -5074.778841
3502 -39276.624800 -5074.768275
3503 -39450.847900 -5000.510606
3504 -39375.715200 -5092.088530
3505 -39462.882200 -5024.815255
3506 -39315.979100 -4999.827767
3507 -39408.432600 -5041.221481
3508 -39418.906700 -5008.074103
3509 -39391.533000 -5034.962592
3510 -39379.359700 -5057.284036
3511 -39460.212600 -5042.333737
3512 -39366.549200 -5025.654373
3513 -39385.642000 -5021.783559
3514 -39294.537200 -5091.589489
3515 -39365.438000 -4967.859633
3516 -39333.042600 -5015.102617
3517 -39487.579000 -4986.416120
3518 -39388.926100 -5007.888947
3519 -39449.164900 -5005.878793
3520 -39367.397600 -5055.826402
3521 -39389.500200 -5000.259729
3522 -39373.236400 -5042.874829
3523 -39394.021800 -5041.371456
3524 -39370.051700 -5075.742237
3525 -39306.102600 -5013.758980
3526 -39357.390000 -5029.259477
3527 -39372.531500 -5026.645296
3528 -39363.936200 -5022.859238
3529 -39399.167600 -5025.366552
3530 -39386.849200 -5049.755369
3531 -39356.674400 -5024.326098
3532 -39370.772800 -5019.100107
3533 -39440.320800 -5002.859270
3534 -39366.046200 -5061.776163
3535 -39390.578000 -5015.270664
3536 -39431.895200 -5052.720558
3537 -39356.042200 -5037.884723
3538 -39469.213500 -4994.818159
3539 -39383.991400 -5063.055153
3540 -39369.366600 -5013.592430
3541 -39444.274400 -5015.183845
3542 -39359.254000 -5055.839282
3543 -39387.666400 -5073.005364
3544 -39394.610800 -5039.072082
3545 -39346.969000 -5092.674612
3546 -39370.549500 -5006.698480
3547 -39336.629100 -5054.496558
3548 -39366.157100 -5036.500597
3549 -39432.116500 -5019.584937
3550 -39462.465200 -5061.600898
3551 -39330.091700 -5020.796709
3552 -39455.813300 -5021.525383
3553 -39435.381100 -5018.163811
3554 -39432.671500 -5024.722479
3555 -39375.918000 -5052.614592
3556 -39450.765100 -5025.890432
3557 -39368.573100 -5087.859274
3558 -39351.077800 -5030.137928
3559 -39373.637000 -5053.770621
3560 -39454.885300 -5056.687440
3561 -39393.583100 -5020.931592
3562 -39412.162500 -5002.087169
3563 -39306.044400 -5045.493885
3564 -39455.927500 -4979.342265
3565 -39451.071800 -5022.851755
3566 -39394.306100 -5057.714236
3567 -39345.135300 -5059.625644
3568 -39357.460800 -5045.261902
3569 -39433.320000 -5020.151236
3570 -39416.816000 -5020.414936
3571 -39330.468900 -5046.537646
3572 -39370.782800 -5038.526440
3573 -39417.230500 -5015.559958
3574 -39443.334900 -5037.585425
3575 -39345.171500 -5064.592267
3576 -39446.797200 -5060.276886
3577 -39402.501600 -5061.960135
3578 -39451.098800 -5071.245403
3579 -39364.264200 -5017.141042
3580 -39375.461900 -5032.940823
3581 -39388.856400 -5061.754137
3582 -39393.600900 -5012.819048
3583 -39402.645300 -4987.897502
3584 -39429.590800 -5057.400207
3585 -39373.769500 -5012.951358
3586 -39397.988900 -5009.487773
3587 -39391.248200 -5038.471646
3588 -39385.268300 -5023.132159
3589 -39343.240600 -5042.210389
3590 -39419.847800 -5019.017460
3591 -39383.875500 -5052.556527
3592 -39417.021800 -5020.549054
3593 -39383.029900 -5042.224108
3594 -39324.349200 -5071.965276
3595 -39341.628000 -5021.886698
3596 -39449.603500 -4992.782609
3597 -39376.959100 -5093.612791
3598 -39501.146300 -5028.644807
3599 -39409.755500 -5049.641779
3600 -39333.733600 -5021.857539
3601 -39411.437800 -5023.632658
3602 -39417.311200 -5063.258455
3603 -39388.552500 -5013.624214
3604 -39337.397700 -5103.591562
3605 -39355.200200 -5030.722704
3606 -39374.818500 -5068.874390
3607 -39301.233700 -5041.562545
3608 -39363.977800 -5018.004400
3609 -39370.328800 -5051.763470
3610 -39354.410000 -5038.139682
3611 -39376.548200 -5011.792321
3612 -39364.069600 -5020.799186
3613 -39365.527300 -5054.280427
3614 -39379.473000 -5073.116576
3615 -39266.187300 -5051.679785
3616 -39348.601300 -5061.662997
3617 -39352.383200 -5049.821464
3618 -39413.176200 -5005.350075
3619 -39384.432900 -5018.158462
3620 -39381.703200 -5015.998821
3621 -39406.690900 -5033.888718
3622 -39363.943000 -5052.616442
3623 -39329.071500 -5104.134655
3624 -39448.336800 -5038.336123
3625 -39337.186800 -4993.827526
3626 -39381.555500 -5105.946556
3627 -39407.808700 -5059.767159
3628 -39426.506100 -4980.670702
3629 -39413.148300 -5003.183837
3630 -39382.591200 -5023.172496
3631 -39378.724500 -5033.012182
3632 -39376.782100 -5003.440834
3633 -39362.190600 -5044.360937
3634 -39438.233600 -4992.488094
3635 -39354.335500 -5047.873641
3636 -39395.356800 -5033.693903
3637 -39422.248800 -5025.699819
3638 -39356.356400 -5016.909446
3639 -39426.573700 -5007.779517
3640 -39360.348200 -5030.478751
3641 -39419.944400 -5007.195730
3642 -39341.915000 -5040.252874
3643 -39399.059600 -5014.586632
3644 -39328.861600 -5024.786816
3645 -39306.891800 -5034.678455
3646 -39328.799600 -5048.411870
3647 -39298.511100 -5038.134053
3648 -39297.397300 -5065.514104
3649 -39407.078100 -5041.878378
3650 -39369.296300 -5023.866864
3651 -39465.538400 -5000.585374
3652 -39399.554100 -5053.982903
3653 -39380.825600 -5022.270526
3654 -39417.340700 -5049.222970
3655 -39363.529900 -5067.571025
3656 -39434.661100 -5105.822961
3657 -39343.666200 -5068.444917
3658 -39390.719300 -5014.612733
3659 -39467.607500 -4999.362420
3660 -39420.220600 -5066.453744
3661 -39391.135900 -5040.539749
3662 -39350.821400 -5087.636224
3663 -39381.186500 -5074.451846
3664 -39324.665600 -5055.310481
3665 -39364.800600 -5068.118369
3666 -39431.170500 -5054.798231
3667 -39323.993100 -5046.321815
3668 -39392.466300 -5044.819586
3669 -39451.873600 -5040.218667
3670 -39346.029200 -5049.138884
3671 -39386.806900 -5005.630144
3672 -39413.694700 -5010.168279
3673 -39378.380500 -5007.440032
3674 -39424.189800 -5021.309762
3675 -39390.018100 -5029.605870
3676 -39387.302200 -5028.286134
3677 -39406.375200 -5034.724732
3678 -39472.451400 -5030.091264
3679 -39371.988300 -5050.655123
3680 -39358.412200 -5051.529856
3681 -39343.870300 -5059.892609
3682 -39336.116300 -5054.005983
3683 -39333.665300 -5017.605661
3684 -39358.824000 -5058.122048
3685 -39393.840000 -5002.058002
3686 -39338.004200 -5013.718615
3687 -39429.166300 -5020.023736
3688 -39371.759100 -5059.824825
3689 -39369.961600 -5062.235019
3690 -39406.465100 -5036.561089
3691 -39381.668600 -5057.456231
3692 -39364.618500 -5042.590207
3693 -39371.382500 -5025.527314
3694 -39390.255100 -5112.220678
3695 -39406.783300 -5072.587597
3696 -39372.444700 -5061.346253
3697 -39423.208300 -5048.244275
3698 -39282.727500 -4999.097778
3699 -39425.312700 -5021.357358
3700 -39410.601700 -5046.725125
3701 -39371.994800 -5039.792258
3702 -39373.497000 -5010.479128
3703 -39323.769000 -5039.985337
3704 -39405.620200 -5030.964360
3705 -39369.395000 -5046.449011
3706 -39263.218200 -5080.398634
3707 -39471.094000 -5019.107767
3708 -39348.079400 -5061.863096
3709 -39388.849300 -5072.862922
3710 -39440.883900 -5038.370870
3711 -39367.157400 -5034.904578
3712 -39433.079700 -5022.044540
3713 -39350.550000 -5055.052277
3714 -39328.810600 -5093.566377
3715 -39370.590400 -5038.250229
3716 -39278.805200 -5111.937623
3717 -39343.253700 -5058.984320
3718 -39370.234000 -5061.241136
3719 -39314.968000 -5123.081533
3720 -39393.396200 -5031.430814
3721 -39326.088000 -5051.324101
3722 -39359.532600 -4998.163614
3723 -39378.253100 -5084.941168
3724 -39385.903600 -5084.235252
3725 -39343.426600 -5052.866267
3726 -39335.154500 -5061.216398
3727 -39428.230700 -5026.347738
3728 -39355.810700 -5031.042476
3729 -39380.715300 -5041.118863
3730 -39373.973000 -4997.874256
3731 -39370.749700 -5047.001475
3732 -39395.805800 -5033.804418
3733 -39319.100400 -5075.365538
3734 -39424.209600 -5035.635620
3735 -39424.528700 -5041.453870
3736 -39377.758800 -4993.083414
3737 -39428.396500 -5052.263762
3738 -39256.193600 -5101.790853
3739 -39425.764300 -5078.902283
3740 -39349.438000 -5063.048718
3741 -39381.669200 -5045.175096
3742 -39307.918600 -5091.507738
3743 -39377.122400 -5070.249453
3744 -39446.144800 -5006.299535
3745 -39226.721000 -5119.543650
3746 -39320.375600 -5052.529930
3747 -39460.895900 -5004.912851
3748 -39359.536200 -5034.368028
3749 -39311.873200 -5091.219028
3750 -39434.793200 -5019.554253
3751 -39429.504500 -5026.378512
3752 -39476.366200 -5006.640055
3753 -39417.138000 -5004.687954
3754 -39412.656700 -5070.780363
3755 -39442.143300 -5046.990247
3756 -39339.438000 -5084.201644
3757 -39379.355800 -5026.738097
3758 -39337.336000 -5054.419360
3759 -39358.672100 -5007.011523
3760 -39444.960400 -5055.071645
3761 -39497.171400 -5007.209395
3762 -39349.334700 -5055.412687
3763 -39416.435900 -4981.713569
3764 -39386.875700 -5087.909171
3765 -39338.715100 -5057.573192
3766 -39376.971100 -4994.588188
3767 -39453.740200 -5049.147849
3768 -39381.884600 -5042.709771
3769 -39416.873200 -5005.128630
3770 -39373.320600 -5032.390763
3771 -39358.521000 -5026.685878
3772 -39386.732200 -5052.669950
3773 -39380.329600 -5067.325390
3774 -39375.427600 -5074.455655
3775 -39404.601400 -5073.380985
3776 -39339.060800 -5015.952232
3777 -39364.113400 -5019.595996
3778 -39383.750800 -5010.848505
3779 -39351.662700 -5070.278580
3780 -39343.164600 -5043.252024
3781 -39319.395700 -5081.454689
3782 -39424.382500 -5029.188635
3783 -39358.630800 -4999.726132
3784 -39374.288200 -5037.839331
3785 -39416.691100 -5061.293350
3786 -39342.265400 -5049.712215
3787 -39377.964300 -5000.096036
3788 -39357.338600 -5056.181678
3789 -39378.363100 -5026.517719
3790 -39429.571900 -5029.738297
3791 -39404.168100 -5083.832433
3792 -39457.422500 -5026.800650
3793 -39374.480800 -5053.031290
3794 -39445.512600 -5015.811913
3795 -39352.897100 -5091.183800
3796 -39393.712900 -5048.091115
3797 -39335.808300 -5068.290738
3798 -39363.247500 -5013.826535
3799 -39382.292500 -5064.252208
3800 -39388.750200 -4987.103530
3801 -39393.030200 -5042.631470
3802 -39351.361200 -5029.649814
3803 -39445.818400 -5037.319207
3804 -39388.467200 -5036.111966
3805 -39409.755300 -5027.531248
3806 -39349.134400 -5108.256976
3807 -39427.597300 -5035.907349
3808 -39371.357200 -5061.416839
3809 -39317.950700 -5084.621518
3810 -39379.840000 -5104.133967
3811 -39264.217900 -5120.534765
3812 -39393.795800 -5040.848489
3813 -39317.833400 -5056.981466
3814 -39349.650900 -5046.350825
3815 -39374.800800 -5047.066589
3816 -39432.662300 -5063.207606
3817 -39426.335200 -5044.124980
3818 -39378.932500 -5068.079318
3819 -39301.256100 -5060.949133
3820 -39346.312600 -5062.163333
3821 -39385.516500 -5087.625271
3822 -39348.521700 -5086.824388
3823 -39396.722400 -5032.713795
3824 -39384.653200 -5047.343987
3825 -39359.359200 -5038.713275
3826 -39400.817700 -5032.374239
3827 -39346.905600 -5031.571190
3828 -39362.680600 -5046.252678
3829 -39389.842600 -5017.051599
3830 -39300.689400 -5031.136527
3831 -39360.312100 -5060.090239
3832 -39350.553300 -5059.089697
3833 -39352.694100 -5030.256214
3834 -39339.981700 -5050.023191
3835 -39432.832400 -5000.839967
3836 -39395.595900 -5071.350443
3837 -39449.220700 -4965.106837
3838 -39360.062300 -5071.721970
3839 -39374.396400 -5086.875998
3840 -39349.156700 -5070.536156
3841 -39415.525100 -5027.624589
3842 -39454.039200 -5070.625757
3843 -39462.227800 -5066.650676
3844 -39349.518000 -5044.413113
3845 -39403.032200 -5049.771769
3846 -39371.348100 -5056.495649
3847 -39369.323600 -5008.873804
3848 -39295.520400 -5056.342101
3849 -39356.429500 -5056.306003
3850 -39393.366200 -5047.447540
3851 -39378.347000 -5071.876788
3852 -39401.309300 -5043.083785
3853 -39307.212100 -5047.308992
3854 -39338.747100 -5044.880040
3855 -39436.975900 -5117.005717
3856 -39389.046300 -5074.519523
3857 -39413.376200 -5061.557807
3858 -39342.653700 -5050.143135
3859 -39406.011400 -5073.073470
3860 -39329.204600 -5022.433726
3861 -39362.249000 -5076.633822
3862 -39379.578200 -5080.264060
3863 -39387.047600 -5067.342742
3864 -39278.667100 -5088.675074
3865 -39396.221000 -5026.238997
3866 -39356.054200 -5043.747155
3867 -39346.409600 -5062.684738
3868 -39370.701100 -5039.256795
3869 -39363.270800 -5061.129138
3870 -39401.813200 -5048.213776
3871 -39421.456200 -5021.944951
3872 -39379.833100 -4987.923065
3873 -39401.580500 -5024.233923
3874 -39456.595900 -5028.415597
3875 -39347.105300 -5087.787367
3876 -39390.762100 -5081.043725
3877 -39437.015500 -5031.731389
3878 -39474.305900 -5030.062651
3879 -39437.566600 -5037.969088
3880 -39393.099200 -5067.762089
3881 -39414.257600 -5057.478727
3882 -39321.117700 -5051.294031
3883 -39427.695400 -5009.164050
3884 -39352.183300 -5065.977441
3885 -39351.800900 -5086.981710
3886 -39450.916800 -5042.408980
3887 -39332.693500 -5059.853001
3888 -39359.277800 -5077.812668
3889 -39360.075400 -5037.791501
3890 -39429.527700 -5039.845070
3891 -39396.624900 -5090.675659
3892 -39399.322900 -4992.891801
3893 -39436.234700 -4980.018472
3894 -39414.733400 -5036.966253
3895 -39451.416700 -5044.795312
3896 -39318.569600 -5019.472573
3897 -39434.081700 -5034.766141
3898 -39338.604200 -5087.912864
3899 -39362.205200 -5029.763762
3900 -39310.056900 -5061.471705
3901 -39337.724200 -5056.728731
3902 -39372.194200 -5058.310175
3903 -39383.922300 -5086.668439
3904 -39471.045100 -5059.852507
3905 -39377.230800 -5076.931420
3906 -39429.719700 -5025.935186
3907 -39439.716700 -5002.747512
3908 -39387.645400 -5065.785466
3909 -39388.999700 -5014.345784
3910 -39433.506600 -5039.474033
3911 -39422.638300 -5078.962575
3912 -39404.890700 -5050.019194
3913 -39386.612700 -5077.460200
3914 -39465.614500 -5023.437765
3915 -39301.694500 -5053.693563
3916 -39330.835700 -5064.067420
3917 -39398.957000 -5065.184861
3918 -39400.378500 -5061.141528
3919 -39413.309500 -5087.936994
3920 -39336.256500 -5088.822933
3921 -39433.876300 -5009.290385
3922 -39462.633300 -5042.207429
3923 -39453.225400 -5029.642644
3924 -39462.841700 -5058.840644
3925 -39370.112600 -5042.853519
3926 -39324.887900 -5051.775943
3927 -39346.619200 -5005.032154
3928 -39424.576400 -5044.022836
3929 -39335.481700 -5061.864770
3930 -39392.516700 -5051.398855
3931 -39378.538500 -5033.563751
3932 -39363.494500 -5090.283466
3933 -39310.375100 -5089.273927
3934 -39324.996900 -5057.715579
3935 -39419.540600 -5065.687896
3936 -39487.810300 -5052.129134
3937 -39486.796800 -5039.579067
3938 -39356.203800 -5003.703931
3939 -39460.176200 -5005.841738
3940 -39259.311500 -5033.621068
3941 -39347.387300 -5041.857148
3942 -39456.835200 -5059.586512
3943 -39327.569700 -5069.514911
3944 -39473.021200 -5051.288210
3945 -39401.424400 -5065.689827
3946 -39400.266000 -5046.418566
3947 -39372.170100 -5056.864777
3948 -39420.245400 -5050.250784
3949 -39433.742200 -5009.019733
3950 -39319.534800 -5078.000712
3951 -39332.493200 -5016.729428
3952 -39392.458000 -5058.227857
3953 -39294.669900 -5060.921160
3954 -39494.802300 -5050.903103
3955 -39409.099900 -5037.528782
3956 -39344.036100 -5041.915410
3957 -39399.139500 -5040.404896
3958 -39385.380900 -5045.205940
3959 -39466.663300 -5004.677034
3960 -39506.447200 -5005.533550
3961 -39404.570400 -5059.556580
3962 -39433.342900 -5020.402089
3963 -39468.039300 -5034.363293
3964 -39341.697100 -5058.391806
3965 -39427.861100 -5022.572093
3966 -39455.705000 -5049.088246
3967 -39352.852600 -5079.725632
3968 -39454.424800 -4982.317238
3969 -39386.764100 -5079.652423
3970 -39373.630100 -5042.092893
3971 -39407.679100 -5041.912715
3972 -39448.307200 -5010.409809
3973 -39436.510400 -5020.278345
3974 -39403.110100 -5038.907754
3975 -39354.230900 -5052.621751
3976 -39424.940900 -5026.581502
3977 -39422.047000 -5007.275937
3978 -39297.735200 -5036.459569
3979 -39423.106800 -5025.515215
3980 -39448.468800 -5062.496659
3981 -39391.560100 -5068.737212
3982 -39431.321200 -5076.187809
3983 -39347.671200 -5016.370398
3984 -39518.702800 -5000.239697
3985 -39460.285900 -5039.919250
3986 -39423.127600 -5041.433935
3987 -39353.138900 -5052.552600
3988 -39404.599400 -5050.343891
3989 -39390.558100 -5018.146897
3990 -39410.240300 -5052.302403
3991 -39351.349000 -5076.018340
3992 -39406.089700 -5050.075031
3993 -39367.683900 -5093.039074
3994 -39351.943400 -5043.622789
3995 -39366.863800 -4982.789575
3996 -39375.088200 -5045.382990
3997 -39402.257700 -5030.368245
3998 -39289.040300 -5114.582324
3999 -39322.101100 -5061.397329
4000 -39477.627200 -5007.019589
4001 -39386.503400 -5058.726995
4002 -39429.053200 -5037.536657
4003 -39420.509700 -5029.709489
4004 -39448.926800 -5035.099465
4005 -39403.230100 -5119.112219
4006 -39339.781300 -5032.847020
4007 -39378.625600 -5041.354158
4008 -39401.786700 -5053.677460
4009 -39385.418100 -5060.069393
4010 -39349.315400 -5033.250637
4011 -39392.653200 -4998.980281
4012 -39302.554200 -5037.000883
4013 -39372.056500 -5023.938002
4014 -39423.391700 -5057.896479
4015 -39304.835600 -5038.984518
4016 -39336.745100 -5024.316147
4017 -39423.505700 -5055.112892
4018 -39380.534500 -5000.491526
4019 -39336.829000 -5065.748432
4020 -39410.393600 -5046.992722
4021 -39387.189700 -5042.174462
4022 -39374.993800 -5029.730806
4023 -39412.291300 -5029.481571
4024 -39376.244600 -5040.490077
4025 -39276.783700 -5061.302870
4026 -39350.130900 -5035.497660
4027 -39351.524500 -5059.706858
4028 -39363.595300 -5047.695845
4029 -39352.013300 -5082.714000
4030 -39370.520700 -5073.343003
4031 -39413.708700 -5016.257854
4032 -39283.719900 -5074.372405
4033 -39337.978500 -5040.202002
4034 -39367.872200 -5061.212764
4035 -39355.016100 -4974.582103
4036 -39416.139500 -5018.452466
4037 -39373.949400 -5057.585764
4038 -39311.321400 -5043.015880
4039 -39283.651300 -5063.956859
4040 -39330.225400 -5064.147563
4041 -39386.423200 -5012.761677
4042 -39409.983600 -5069.204100
4043 -39436.719200 -4999.671005
4044 -39382.545300 -5021.402013
4045 -39379.620400 -5024.009833
4046 -39354.199800 -5032.781400
4047 -39412.489400 -5013.366889
4048 -39460.474500 -4965.456923
4049 -39356.163100 -4991.747746
4050 -39344.111100 -5056.548962
4051 -39421.649700 -5028.880916
4052 -39435.242900 -5018.036348
4053 -39483.583100 -5038.228542
4054 -39399.904000 -5063.102195
4055 -39428.976500 -5007.811572
4056 -39336.268600 -5068.122794
4057 -39327.498600 -5054.729279
4058 -39463.178700 -5051.958437
4059 -39393.880700 -5037.205937
4060 -39390.715000 -5005.264715
4061 -39396.909800 -5043.612203
4062 -39332.302400 -5038.051944
4063 -39453.651800 -4998.686904
4064 -39386.631800 -5012.606906
4065 -39356.374700 -5061.376543
4066 -39338.346900 -5040.592226
4067 -39450.076400 -5018.457846
4068 -39392.442300 -5082.762121
4069 -39419.930400 -5039.181185
4070 -39370.637000 -5072.506123
4071 -39392.747900 -5081.547242
4072 -39376.707900 -5074.567854
4073 -39343.991500 -5052.146998
4074 -39389.993500 -5078.466501
4075 -39429.187400 -5031.039154
4076 -39378.979300 -5017.153557
4077 -39408.912500 -5072.258215
4078 -39482.562700 -5024.720404
4079 -39475.459900 -5065.491770
4080 -39377.538100 -5012.736715
4081 -39340.972100 -5022.045462
4082 -39325.866100 -5053.313364
4083 -39364.994400 -5065.667474
4084 -39408.560100 -5064.736450
4085 -39384.870500 -5033.567432
4086 -39372.702000 -5082.338907
4087 -39351.077300 -5016.356568
4088 -39446.668800 -5073.949432
4089 -39381.425800 -5046.385655
4090 -39451.228600 -5022.230416
4091 -39371.891400 -5052.070952
4092 -39365.302500 -5044.238532
4093 -39433.025400 -5021.690646
4094 -39433.136800 -5062.254671
4095 -39394.341200 -5042.310967
4096 -39402.236800 -5024.036024
4097 -39361.428400 -5027.241748
4098 -39418.752000 -5091.838548
4099 -39445.411100 -5101.722569
4100 -39442.988800 -4996.766542
4101 -39313.929100 -5063.872237
4102 -39500.381100 -5021.860156
4103 -39420.505800 -5026.574780
4104 -39384.381500 -5067.219092
4105 -39427.486600 -5052.631867
4106 -39385.644500 -5027.226116
4107 -39347.483400 -5042.873873
4108 -39395.121700 -5031.686340
4109 -39345.435800 -5014.648425
4110 -39349.015000 -5046.617392
4111 -39477.381900 -5043.482029
4112 -39361.215500 -5083.878487
4113 -39369.782900 -5016.393979
4114 -39308.436600 -5046.445092
4115 -39326.421700 -5016.540030
4116 -39350.102900 -5068.229030
4117 -39367.935800 -5092.574386
4118 -39371.746100 -5084.015184
4119 -39366.923800 -5074.848062
4120 -39421.914600 -5027.868885
4121 -39419.576500 -5038.556608
4122 -39440.325500 -5012.716331
4123 -39423.358300 -4995.800740
4124 -39382.815300 -5045.338367
4125 -39449.079100 -5070.695907
4126 -39377.470200 -5024.652798
4127 -39472.228500 -5060.701859
4128 -39403.062300 -5032.631463
4129 -39379.907400 -5045.278169
4130 -39442.562300 -5058.974472
4131 -39439.499000 -5040.047507
4132 -39363.592900 -5061.604206
4133 -39379.356100 -5049.821124
4134 -39445.668300 -5064.980237
4135 -39369.628900 -5077.068193
4136 -39458.597100 -5058.841413
4137 -39392.972800 -5062.602712
4138 -39456.292400 -5022.847547
4139 -39375.067600 -5042.705119
4140 -39322.602600 -5046.283737
4141 -39377.581000 -5051.924922
4142 -39400.643800 -5039.960089
4143 -39396.380500 -5043.074897
4144 -39420.498900 -5037.500227
4145 -39389.965500 -5038.344038
4146 -39389.963500 -5012.228668
4147 -39430.316200 -5010.672244
4148 -39401.416300 -5063.940727
4149 -39341.917300 -5107.572341
4150 -39352.909500 -5005.724712
4151 -39390.529900 -5059.527782
4152 -39442.422100 -5015.083773
4153 -39348.282300 -5054.966640
4154 -39408.308000 -5067.269205
4155 -39383.195100 -5045.065328
4156 -39397.809500 -5051.509369
4157 -39380.863900 -5048.816757
4158 -39372.585000 -5029.586200
4159 -39474.662000 -5009.311313
4160 -39349.718600 -5073.577058
4161 -39444.876500 -4993.302319
4162 -39312.569200 -5084.858125
4163 -39361.198300 -5070.541265
4164 -39386.213600 -5069.917893
4165 -39399.612500 -5014.773139
4166 -39484.253300 -5060.709683
4167 -39419.232100 -5081.619884
4168 -39292.368700 -5089.227407
4169 -39436.369400 -5041.977027
4170 -39348.753100 -5031.592396
4171 -39328.107800 -5090.662509
4172 -39459.196800 -5031.741566
4173 -39431.416600 -5042.427531
4174 -39362.618700 -5092.269901
4175 -39447.273500 -5057.358424
4176 -39437.812200 -5034.637928
4177 -39437.404200 -5053.615730
4178 -39322.297000 -5057.772593
4179 -39351.260600 -5057.359070
4180 -39400.149100 -5086.972804
4181 -39360.547500 -5038.964594
4182 -39401.104800 -5052.323542
4183 -39382.729100 -5015.389693
4184 -39347.940200 -5051.710201
4185 -39459.636800 -5055.011265
4186 -39418.236000 -5079.760130
4187 -39429.519200 -5034.962657
4188 -39359.542800 -5074.273851
4189 -39396.281300 -5020.745525
4190 -39425.742400 -5008.240531
4191 -39432.801400 -5071.614670
4192 -39427.897300 -5035.835984
4193 -39516.253100 -5031.029480
4194 -39350.950200 -5060.738903
4195 -39418.931900 -4986.627342
4196 -39349.740000 -5009.845445
4197 -39341.349300 -5078.703416
4198 -39337.034700 -5025.398682
4199 -39383.720900 -5028.704275
4200 -39429.567800 -4979.360582
4201 -39265.423300 -4990.635723
4202 -39340.452600 -5034.699295
4203 -39360.412200 -4980.890110
4204 -39448.862800 -5027.149052
4205 -39408.496600 -4997.485492
4206 -39448.673200 -5020.595940
4207 -39366.493700 -5028.845562
4208 -39290.163500 -5081.638660
4209 -39330.917800 -5050.097499
4210 -39455.325000 -4996.689324
4211 -39320.589600 -5020.993781
4212 -39304.495000 -5029.047247
4213 -39373.433300 -5011.964506
4214 -39321.128200 -5030.363700
4215 -39336.262400 -5060.198330
4216 -39416.810100 -4957.221414
4217 -39341.407100 -5002.176710
4218 -39344.029700 -5005.802937
4219 -39392.683800 -5030.299859
4220 -39462.190000 -5027.702067
4221 -39447.344600 -5027.340573
4222 -39340.436400 -5017.436610
4223 -39365.573400 -5079.966849
4224 -39362.316500 -5017.530164
4225 -39303.502800 -5041.368073
4226 -39361.357200 -5049.643571
4227 -39402.721000 -5033.014970
4228 -39372.082900 -5006.576116
4229 -39350.278400 -5075.832019
4230 -39383.625300 -5037.724559
4231 -39405.477600 -5065.123507
4232 -39407.620300 -5019.652597
4233 -39403.710800 -4995.468822
4234 -39343.392100 -5064.990811
4235 -39358.976800 -5058.232434
4236 -39412.222900 -5054.357924
4237 -39462.496400 -5001.771708
4238 -39370.727800 -5034.778326
4239 -39397.953100 -5042.276915
4240 -39378.990100 -5050.151846
4241 -39322.582400 -5038.543832
4242 -39419.050100 -5020.480678
4243 -39431.616900 -5080.706983
4244 -39286.408100 -5004.132733
4245 -39407.864400 -5019.661971
4246 -39435.235900 -5046.793633
4247 -39358.491700 -5062.104364
4248 -39359.156600 -5017.665126
4249 -39382.189900 -5037.752383
4250 -39411.050700 -5031.370378
4251 -39438.017100 -5041.772676
4252 -39402.932800 -5009.475707
4253 -39399.597500 -5024.082144
4254 -39420.612700 -5018.311718
4255 -39433.096500 -5035.630268
4256 -39512.975700 -5008.128335
4257 -39392.866600 -5074.547288
4258 -39391.751000 -5044.852449
4259 -39383.956700 -5040.423085
4260 -39400.645700 -4982.236276
4261 -39441.697300 -5052.413602
4262 -39375.117800 -5028.061863
4263 -39351.063400 -5058.065293
4264 -39362.536400 -5054.160266
4265 -39338.206700 -5058.183977
4266 -39390.955500 -5034.671016
4267 -39431.178500 -5053.270344
4268 -39326.654600 -5054.947162
4269 -39342.365600 -5075.962969
4270 -39430.553200 -5046.248073
4271 -39315.063000 -5052.163594
4272 -39397.174400 -5026.899120
4273 -39409.155300 -5034.240648
4274 -39377.969300 -4998.562937
4275 -39398.943000 -5064.476982
4276 -39431.837100 -5040.707666
4277 -39385.661500 -5021.096584
4278 -39406.170800 -5031.486394
4279 -39478.159000 -5013.949340
4280 -39446.123900 -5079.931226
4281 -39349.920300 -5047.867405
4282 -39370.603600 -5075.936994
4283 -39402.898400 -5084.226110
4284 -39408.675700 -5071.461134
4285 -39479.600300 -5057.456583
4286 -39328.413800 -5065.304626
4287 -39382.898900 -5044.279342
4288 -39411.049300 -5097.693005
4289 -39397.414400 -5035.683742
4290 -39325.525900 -5105.282958
4291 -39440.730100 -5039.832133
4292 -39385.183900 -5076.629446
4293 -39355.830000 -5076.461347
4294 -39528.056900 -5073.251123
4295 -39317.618200 -5065.752046
4296 -39442.324300 -5037.084265
4297 -39424.722700 -5036.792095
4298 -39396.453200 -5076.322367
4299 -39437.224400 -5059.656908
4300 -39420.311700 -5054.664238
4301 -39349.076600 -5106.003655
4302 -39328.343800 -5081.397488
4303 -39399.903000 -5018.185070
4304 -39410.949400 -5027.402968
4305 -39332.974000 -5099.921255
4306 -39491.638900 -5015.549221
4307 -39483.967500 -5026.660475
4308 -39346.677100 -5056.321904
4309 -39360.364800 -5089.395050
4310 -39369.944600 -5114.807513
4311 -39457.725700 -5025.137647
4312 -39372.758700 -5025.861486
4313 -39381.633300 -5053.314217
4314 -39401.789600 -5061.989027
4315 -39404.834500 -5027.233096
4316 -39467.508000 -5019.492774
4317 -39424.684500 -5026.378452
4318 -39436.178100 -5025.639097
4319 -39387.186900 -5037.184570
4320 -39396.039700 -5040.648633
4321 -39423.410100 -5039.121460
4322 -39381.541400 -5052.960270
4323 -39342.892200 -5072.769999
4324 -39369.941700 -5008.939805
4325 -39436.467300 -5015.591675
4326 -39438.336700 -5028.468792
4327 -39409.952500 -5059.226673
4328 -39445.645300 -5025.830012
4329 -39406.371400 -5021.744823
4330 -39396.412700 -5058.926758
4331 -39434.329200 -5004.810719
4332 -39377.003300 -5043.800763
4333 -39338.086700 -5099.778690
4334 -39436.479300 -5047.274095
4335 -39358.807000 -5057.122242
4336 -39435.399000 -5019.629608
4337 -39342.976500 -5071.471935
4338 -39474.480500 -5060.341243
4339 -39416.835700 -5051.392421
4340 -39381.558200 -5051.794382
4341 -39299.295900 -5073.141823
4342 -39369.395700 -5101.142752
4343 -39325.123700 -5116.181735
4344 -39405.292200 -4999.413886
4345 -39397.440600 -5051.493032
4346 -39465.958400 -5059.115460
4347 -39401.117200 -5064.884002
4348 -39453.080500 -5082.431253
4349 -39383.378000 -5070.921140
4350 -39430.068300 -5031.131308
4351 -39434.587700 -5044.674273
4352 -39351.706600 -5046.451129
4353 -39460.766000 -5104.120527
4354 -39340.567500 -5062.769302
4355 -39459.371700 -4989.119605
4356 -39416.188500 -5048.104401
4357 -39358.780300 -5019.078552
4358 -39452.551700 -5002.597205
4359 -39371.838500 -5080.954424
4360 -39377.743600 -5020.803840
4361 -39378.473200 -5023.940687
4362 -39330.786900 -5038.996799
4363 -39357.210900 -5017.278998
4364 -39378.701500 -5091.375992
4365 -39406.513000 -5069.104116
4366 -39389.307900 -5124.310340
4367 -39386.198900 -5102.905229
4368 -39448.488200 -5091.859644
4369 -39335.884200 -5016.573189
4370 -39380.943900 -5022.346849
4371 -39439.315600 -5069.045349
4372 -39345.586600 -5058.635683
4373 -39422.925000 -5044.110264
4374 -39385.442600 -5060.072532
4375 -39291.865200 -5064.712885
4376 -39381.659000 -5068.833109
4377 -39404.194400 -5102.087037
4378 -39396.664200 -5045.650891
4379 -39406.527800 -5036.788273
4380 -39480.947200 -5051.244890
4381 -39465.371000 -5037.801510
4382 -39427.007800 -5079.708288
4383 -39406.856600 -4999.802641
4384 -39343.236800 -5085.310119
4385 -39372.761300 -5065.637228
4386 -39376.249700 -5023.377728
4387 -39431.059300 -5084.385167
4388 -39441.135200 -5035.118662
4389 -39457.563500 -5048.716042
4390 -39318.726300 -5053.738799
4391 -39451.395200 -5018.561781
4392 -39380.702900 -5025.713851
4393 -39354.953300 -5094.708405
4394 -39415.586700 -5078.474228
4395 -39452.513700 -5049.414753
4396 -39424.844100 -5043.139291
4397 -39350.971700 -5111.643304
4398 -39326.503700 -5065.423922
4399 -39449.740800 -5043.615297
4400 -39393.140300 -5045.142053
4401 -39378.132700 -5051.706602
4402 -39410.595900 -5040.501635
4403 -39417.602700 -5040.869559
4404 -39381.876700 -5041.312803
4405 -39460.213200 -5044.494454
4406 -39363.513700 -5084.231446
4407 -39451.423300 -5035.926913
4408 -39432.806900 -5052.257183
4409 -39486.859700 -5086.579124
4410 -39501.027500 -5075.137649
4411 -39465.489000 -5051.744594
4412 -39384.712700 -5090.181581
4413 -39410.769000 -5075.738831
4414 -39391.041500 -5051.496423
4415 -39263.019500 -5063.321736
4416 -39441.471900 -5039.708578
4417 -39462.562400 -5082.727924
4418 -39440.958300 -5086.124052
4419 -39471.378200 -5011.862316
4420 -39484.181200 -5024.160237
4421 -39490.049400 -5032.605783
4422 -39434.383700 -5050.350563
4423 -39409.208200 -5048.859550
4424 -39479.678800 -5045.292175
4425 -39387.490400 -5068.163003
4426 -39421.196400 -5089.408665
4427 -39431.896400 -5099.587175
4428 -39373.621100 -5057.456538
4429 -39432.217200 -5055.652865
4430 -39415.878300 -5089.051777
4431 -39465.733800 -5041.077870
4432 -39444.857900 -5092.343443
4433 -39466.903500 -5030.317072
4434 -39447.862100 -5030.795386
4435 -39451.820700 -5021.480561
4436 -39485.267400 -5032.097457
4437 -39405.874300 -4993.075537
4438 -39393.760700 -5066.655345
4439 -39435.053900 -5017.297755
4440 -39457.008100 -5064.268863
4441 -39346.778800 -5041.981782
4442 -39412.537500 -5055.411643
4443 -39432.718300 -5037.102756
4444 -39371.961900 -5065.782723
4445 -39437.131600 -5043.749640
4446 -39454.956500 -5024.806582
4447 -39405.077600 -5072.346650
4448 -39411.491900 -5067.045743
4449 -39477.440200 -5031.207651
4450 -39478.480500 -5075.289590
4451 -39440.093100 -5088.968864
4452 -39367.370800 -5094.612727
4453 -39411.242900 -5075.196058
4454 -39368.301800 -5103.448116
4455 -39363.663600 -5035.464701
4456 -39336.086300 -5079.257572
4457 -39447.358700 -5096.491147
4458 -39490.170700 -5045.472574
4459 -39359.660000 -5059.282360
4460 -39362.640900 -5037.996454
4461 -39358.437400 -5028.038541
4462 -39431.279600 -5046.284767
4463 -39385.831600 -5091.572874
4464 -39365.150400 -5027.707299
4465 -39290.320400 -5062.643095
4466 -39414.455200 -5050.729354
4467 -39419.756000 -5091.931067
4468 -39386.913100 -5024.380111
4469 -39467.026200 -5042.758432
4470 -39380.560100 -5048.688579
4471 -39370.390100 -5072.208177
4472 -39393.580900 -5069.298201
4473 -39428.795900 -5005.859412
4474 -39438.249900 -5028.646076
4475 -39390.125300 -5024.233337
4476 -39334.212800 -5041.243930
4477 -39420.955900 -5062.551423
4478 -39483.894200 -5041.526160
4479 -39357.517200 -5037.982925
4480 -39405.938600 -5042.219100
4481 -39439.946000 -5032.132201
4482 -39357.443000 -5074.639807
4483 -39427.346200 -5065.439873
4484 -39364.897800 -5057.474516
4485 -39382.346900 -5038.416152
4486 -39365.653300 -5106.457455
4487 -39419.624900 -5083.387021
4488 -39488.069700 -5019.954098
4489 -39380.173600 -5013.701179
4490 -39415.479200 -5040.248578
4491 -39327.243200 -5104.738097
4492 -39393.790300 -5030.702469
4493 -39363.107600 -5081.748553
4494 -39401.338000 -5078.074439
4495 -39433.724300 -5054.015848
4496 -39457.699500 -5026.731239
4497 -39426.789000 -5026.390060
4498 -39414.798100 -5021.840449
4499 -39451.494200 -5002.382336
4500 -39409.619900 -5083.603967
4501 -39413.192500 -5055.926470
4502 -39375.283200 -5098.365560
4503 -39356.586700 -5068.032312
4504 -39412.235500 -5068.193801
4505 -39457.154700 -5062.165798
4506 -39325.489800 -5107.435790
4507 -39388.603100 -5070.363332
4508 -39424.052900 -5069.124806
4509 -39428.106700 -5073.350149
4510 -39441.378800 -5113.645316
4511 -39299.720200 -5085.293726
4512 -39358.852300 -5052.298444
4513 -39400.346000 -5057.729481
4514 -39357.982600 -5026.346818
4515 -39441.595000 -4983.567287
4516 -39368.389700 -5059.460378
4517 -39497.682400 -5065.555545
4518 -39397.108800 -5063.443535
4519 -39439.003900 -5081.284060
4520 -39421.057800 -5101.877838
4521 -39421.910500 -5016.762875
4522 -39373.838700 -5057.049320
4523 -39281.943300 -5102.968955
4524 -39478.018500 -5037.625270
4525 -39384.940200 -5020.910439
4526 -39443.720000 -5055.375350
4527 -39361.294500 -5034.899758
4528 -39463.907500 -5069.127877
4529 -39420.855700 -5080.916731
4530 -39471.578800 -5027.059765
4531 -39419.890100 -5042.701346
4532 -39382.547900 -5059.546107
4533 -39356.561400 -5067.019362
4534 -39331.774900 -5066.260801
4535 -39428.363500 -5003.318963
4536 -39411.347800 -5029.985040
4537 -39394.870200 -5101.958311
4538 -39374.349800 -5094.017124
4539 -39369.769700 -5108.686298
4540 -39313.006000 -5053.473381
4541 -39290.168500 -5057.712205
4542 -39376.550500 -5029.757082
4543 -39435.889500 -5037.893827
4544 -39282.494600 -5069.999994
4545 -39503.672000 -5045.635391
4546 -39307.599600 -5068.014210
4547 -39343.991800 -5021.294540
4548 -39337.645000 -5050.059480
4549 -39300.422700 -5064.683649
4550 -39290.787100 -5056.620621
4551 -39477.201300 -5051.905483
4552 -39352.983100 -5091.336842
4553 -39376.093000 -5092.104564
4554 -39448.231300 -5005.472999
4555 -39292.636900 -5112.924832
4556 -39333.282100 -5115.141179
4557 -39466.571100 -5067.118443
4558 -39427.928200 -5101.901584
4559 -39492.983500 -5049.847632
4560 -39375.644600 -5044.899298
4561 -39330.053700 -5061.489733
4562 -39386.205100 -5062.164473
4563 -39444.192900 -5046.233235
4564 -39384.697100 -5033.252237
4565 -39343.420700 -5077.281799
4566 -39302.133000 -5099.678077
4567 -39373.438600 -5079.134255
4568 -39354.958800 -5104.466183
4569 -39459.434200 -5036.703978
4570 -39374.548800 -5114.940044
4571 -39391.137100 -5039.452444
4572 -39422.010500 -5084.842711
4573 -39324.582600 -5070.368298
4574 -39421.866400 -4988.652408
4575 -39414.561100 -5066.151474
4576 -39452.342400 -5034.919066
4577 -39292.027300 -5051.044184
4578 -39451.298400 -5041.448968
4579 -39390.238400 -5070.456363
4580 -39327.979800 -5056.636280
4581 -39346.997600 -5085.910066
4582 -39458.315900 -5052.566212
4583 -39369.730800 -5040.758599
4584 -39336.163000 -4995.937729
4585 -39409.143900 -5089.694414
4586 -39350.688600 -5061.615545
4587 -39351.583600 -5044.783606
4588 -39352.860500 -5023.499036
4589 -39386.956200 -5041.916861
4590 -39449.577800 -5040.815457
4591 -39320.773800 -5059.329743
4592 -39379.011300 -5069.294937
4593 -39490.096400 -5043.050836
4594 -39352.384000 -5090.889999
4595 -39266.447500 -5077.293026
4596 -39376.320700 -5080.547136
4597 -39461.748600 -5000.922014
4598 -39395.268400 -5059.243304
4599 -39427.127700 -5035.237287
4600 -39302.591200 -5095.647873
4601 -39360.786600 -5022.753604
4602 -39459.484400 -5037.159361
4603 -39383.656200 -5059.860215
4604 -39418.574700 -5006.445359
4605 -39425.205700 -5073.689864
4606 -39402.050600 -5035.815497
4607 -39394.971300 -5092.953291
4608 -39410.364700 -5089.375830
4609 -39364.191000 -5067.098492
4610 -39342.798900 -5040.522450
4611 -39428.772300 -5028.037627
4612 -39404.615800 -5030.240071
4613 -39376.179300 -5067.418387
4614 -39417.999000 -5059.520681
4615 -39440.859100 -5019.398461
4616 -39385.372100 -5065.138716
4617 -39446.433000 -4990.590071
4618 -39399.460700 -5058.232896
4619 -39431.522300 -5029.244171
4620 -39323.995400 -5046.324287
4621 -39394.037300 -5009.171852
4622 -39396.072300 -5081.924064
4623 -39338.185800 -5047.131861
4624 -39386.847600 -5054.706929
4625 -39456.901100 -5068.211363
4626 -39424.900000 -5011.567192
4627 -39392.569500 -5073.166749
4628 -39421.153300 -5049.339059
4629 -39348.671900 -5063.109309
4630 -39403.484600 -5073.878286
4631 -39379.086100 -5030.044970
4632 -39480.970900 -5068.792064
4633 -39455.533100 -5016.392921
4634 -39329.189600 -5033.843335
4635 -39344.022000 -5030.877063
4636 -39319.033200 -5025.939791
4637 -39286.850600 -4992.603877
4638 -39356.883300 -5034.717766
4639 -39347.458200 -5074.389037
4640 -39426.859300 -5027.043681
4641 -39304.777900 -5015.574076
4642 -39359.627400 -5014.706477
4643 -39394.023700 -5067.702618
4644 -39401.427300 -5074.448724
4645 -39443.708900 -4983.462250
4646 -39375.308600 -5049.311547
4647 -39385.642800 -5052.351866
4648 -39333.916000 -5072.904063
4649 -39274.859200 -5019.780174
4650 -39435.139600 -4997.417824
4651 -39393.998000 -5038.343963
4652 -39403.784800 -5101.676413
4653 -39441.460100 -5043.241381
4654 -39429.279700 -5024.886779
4655 -39431.145800 -5032.169867
4656 -39478.902100 -5041.379204
4657 -39389.548300 -5045.600029
4658 -39448.958700 -5020.897555
4659 -39357.558300 -5046.450373
4660 -39367.690800 -5033.838415
4661 -39391.044700 -5040.986667
4662 -39410.968600 -4995.580868
4663 -39397.503200 -5020.286540
4664 -39358.797000 -5017.249540
4665 -39432.652000 -5029.035407
4666 -39345.489300 -5055.115499
4667 -39357.135700 -5015.472998
4668 -39335.084100 -5051.144181
4669 -39354.130900 -5076.879224
4670 -39333.880700 -5057.520197
4671 -39397.076800 -5091.554043
4672 -39391.971900 -5035.663049
4673 -39348.934800 -5114.787643
4674 -39482.645300 -5013.845900
4675 -39354.516000 -5055.461097
4676 -39400.859200 -5049.283399
4677 -39351.712700 -5046.414844
4678 -39366.806000 -5052.933380
4679 -39342.010900 -5105.176215
4680 -39374.327400 -5046.912408
4681 -39373.353700 -5024.763282
4682 -39350.798800 -5088.757418
4683 -39362.397700 -5093.471694
4684 -39335.047400 -5071.676889
4685 -39391.266800 -5027.418068
4686 -39346.140800 -5066.039401
4687 -39389.167100 -5050.822782
4688 -39314.544700 -5073.344627
4689 -39352.779700 -5061.709224
4690 -39404.942700 -5036.380840
4691 -39425.825800 -5003.508985
4692 -39414.605300 -5029.119389
4693 -39369.157300 -5045.761515
4694 -39343.792600 -5039.594310
4695 -39271.801700 -5081.343748
4696 -39356.703000 -5074.518374
4697 -39384.177900 -5030.327171
4698 -39370.173700 -5004.185274
4699 -39419.064400 -4962.767211
4700 -39430.699000 -5064.950138
4701 -39426.587800 -5076.651627
4702 -39473.616000 -5046.380464
4703 -39445.584600 -5020.145145
4704 -39452.496400 -5029.718402
4705 -39375.004700 -5018.770246
4706 -39513.455800 -5011.349140
4707 -39432.959100 -5054.716578
4708 -39384.339100 -5024.555912
4709 -39356.833600 -5016.829944
4710 -39436.967800 -5025.448480
4711 -39332.847100 -5053.240772
4712 -39403.240200 -4983.380370
4713 -39346.519400 -5062.300380
4714 -39357.720500 -5025.130240
4715 -39219.541300 -5110.956612
4716 -39381.775500 -5024.314786
4717 -39333.987500 -5059.563078
4718 -39356.747900 -5090.431738
4719 -39405.129300 -5030.639968
4720 -39385.528000 -5049.485765
4721 -39329.219900 -5053.912130
4722 -39333.086900 -5008.046292
4723 -39409.812900 -5103.000331
4724 -39393.815400 -5000.109642
4725 -39428.146600 -5062.748195
4726 -39356.179600 -5047.562226
4727 -39369.428600 -5049.473790
4728 -39356.878000 -5047.818666
4729 -39399.372000 -5073.228301
4730 -39306.014400 -5089.559398
4731 -39334.821800 -5027.903527
4732 -39401.114800 -5101.452691
4733 -39305.846300 -5039.647253
4734 -39360.011500 -5070.151913
4735 -39279.085900 -5080.631878
4736 -39303.561100 -5054.301466
4737 -39381.007100 -5045.980525
4738 -39316.791000 -5078.309064
4739 -39394.986700 -5086.241112
4740 -39386.503800 -5078.836342
4741 -39311.413600 -5028.851385
4742 -39377.756300 -5046.417107
4743 -39336.131700 -5064.812073
4744 -39330.409600 -5043.234112
4745 -39407.715300 -5074.846590
4746 -39346.111500 -5064.097307
4747 -39364.783000 -5021.790733
4748 -39319.538600 -5052.255205
4749 -39317.622400 -5033.272947
4750 -39378.753700 -5082.646043
4751 -39390.146000 -5067.017568
4752 -39358.960000 -5098.383503
4753 -39446.638000 -5080.069617
4754 -39446.524100 -5025.876571
4755 -39325.591500 -5075.407875
4756 -39255.733200 -5104.669523
4757 -39416.772600 -5036.394412
4758 -39275.233400 -5061.163473
4759 -39382.106700 -5053.900656
4760 -39387.298500 -5042.048535
4761 -39411.845700 -5016.528452
4762 -39333.335700 -5050.237690
4763 -39333.404500 -5048.896555
4764 -39368.229600 -5056.852577
4765 -39342.628300 -5042.956074
4766 -39332.299200 -5035.197674
4767 -39345.805200 -5092.768760
4768 -39328.751700 -5060.794206
4769 -39379.519000 -5051.389605
4770 -39295.038400 -5058.086855
4771 -39359.413500 -5029.775710
4772 -39371.207500 -5092.398640
4773 -39373.773500 -5021.011282
4774 -39356.683800 -5013.867442
4775 -39325.728200 -5115.655871
4776 -39417.923400 -5009.023067
4777 -39318.598200 -5057.592905
4778 -39387.965100 -5060.352919
4779 -39356.892900 -5052.802545
4780 -39356.226800 -5075.767080
4781 -39374.616300 -4973.386523
4782 -39380.085500 -5050.016326
4783 -39404.555500 -5053.805038
4784 -39327.102000 -5048.697034
4785 -39374.084600 -5058.822277
4786 -39339.387500 -5039.663410
4787 -39444.835900 -4991.561473
4788 -39332.406000 -5026.222740
4789 -39331.036200 -5063.449191
4790 -39336.103200 -5106.796010
4791 -39362.976600 -5029.718299
4792 -39309.302200 -5017.834188
4793 -39306.917500 -5028.548663
4794 -39387.444400 -5051.401028
4795 -39383.534500 -5043.130052
4796 -39406.343800 -5032.549694
4797 -39301.185900 -5049.142743
4798 -39346.455900 -5059.174195
4799 -39387.131000 -5108.386829
4800 -39269.510100 -5082.928850
4801 -39325.466100 -5090.006183
4802 -39271.602400 -5014.300757
4803 -39335.924400 -5070.275831
4804 -39381.903500 -5052.002842
4805 -39395.361000 -5007.130630
4806 -39330.733900 -5056.589887
4807 -39251.514000 -5016.377778
4808 -39297.291100 -5049.603681
4809 -39322.468900 -5065.167219
4810 -39368.515400 -5051.199188
4811 -39346.209100 -5082.636994
4812 -39312.173100 -5037.378302
4813 -39364.432600 -5074.350670
4814 -39344.512900 -5083.707033
4815 -39317.822200 -5056.254708
4816 -39389.462300 -5047.192500
4817 -39302.221100 -5075.430425
4818 -39309.099100 -5097.006238
4819 -39293.764200 -5075.110223
4820 -39392.498900 -5040.502862
4821 -39321.131100 -5069.853442
4822 -39347.150500 -5073.997746
4823 -39338.342500 -5073.609715
4824 -39281.053900 -5075.179769
4825 -39335.445700 -5024.985278
4826 -39396.041800 -5007.836291
4827 -39379.647900 -5022.758952
4828 -39328.235900 -5001.401749
4829 -39362.522600 -5058.116923
4830 -39498.119900 -5024.989187
4831 -39331.883800 -5041.931839
4832 -39361.358600 -5013.827273
4833 -39377.356500 -5040.267387
4834 -39266.182800 -5093.891594
4835 -39388.622700 -5049.085096
4836 -39406.140300 -5026.586072
4837 -39314.770300 -5043.661326
4838 -39328.020700 -5025.818482
4839 -39383.731800 -5056.111729
4840 -39440.765700 -5005.369561
4841 -39347.137600 -5065.638894
4842 -39336.316500 -5048.567893
4843 -39450.501700 -5023.215351
4844 -39294.812900 -5049.927293
4845 -39440.596700 -5008.120468
4846 -39399.476500 -5025.151916
4847 -39423.810200 -4996.292116
4848 -39427.316200 -5059.702113
4849 -39373.527400 -5054.514283
4850 -39371.122000 -5027.205383
4851 -39403.656800 -4985.166025
4852 -39356.615000 -5020.034429
4853 -39329.279800 -5043.884414
4854 -39356.234600 -5063.402753
4855 -39365.931900 -5013.417324
4856 -39352.791000 -5045.352577
4857 -39303.556900 -5038.139260
4858 -39380.334700 -5010.857316
4859 -39348.611300 -5026.605133
4860 -39339.564800 -5025.006206
4861 -39342.330500 -5071.402421
4862 -39383.976800 -5053.836964
4863 -39331.625800 -5019.917136
4864 -39332.347100 -5005.523969
4865 -39345.987000 -5049.659770
4866 -39338.240300 -5069.207536
4867 -39301.592100 -5026.874928
4868 -39453.775000 -5022.907383
4869 -39400.371900 -5003.158285
4870 -39304.900000 -5058.221421
4871 -39372.023800 -5041.942621
4872 -39469.324100 -5011.676186
4873 -39311.020100 -5030.347503
4874 -39357.378300 -5048.201976
4875 -39410.134000 -5038.892450
4876 -39445.260100 -4999.478356
4877 -39260.516900 -5035.874010
4878 -39323.784200 -5025.511148
4879 -39370.293700 -5019.740791
4880 -39413.678100 -5070.759490
4881 -39300.728500 -5023.443386
4882 -39298.697000 -5040.819516
4883 -39433.265400 -5034.375252
4884 -39317.239400 -5038.244511
4885 -39346.320600 -5012.765633
4886 -39461.539400 -5032.643207
4887 -39366.074600 -5013.770754
4888 -39317.108100 -5038.160081
4889 -39397.630200 -5058.332287
4890 -39414.691800 -5037.708385
4891 -39347.724300 -5009.057584
4892 -39296.970200 -5049.038813
4893 -39392.514600 -5086.257402
4894 -39359.560500 -5069.028210
4895 -39333.743200 -5047.770629
4896 -39410.682200 -5028.649920
4897 -39448.533500 -5043.293218
4898 -39365.799800 -5086.598651
4899 -39328.502900 -5020.591854
4900 -39413.820300 -5046.626243
4901 -39467.737600 -5008.107531
4902 -39416.507200 -5011.884118
4903 -39389.717600 -5047.470932
4904 -39376.594700 -5036.751611
4905 -39370.329700 -5097.621966
4906 -39339.107400 -5059.397153
4907 -39446.365800 -5066.022663
4908 -39401.202700 -5070.723147
4909 -39436.365900 -5058.002000
4910 -39405.919400 -5040.421456
4911 -39390.764700 -5059.634941
4912 -39371.241100 -5054.221009
4913 -39421.737800 -5018.344837
4914 -39484.279700 -5005.010806
4915 -39346.307100 -5012.396670
4916 -39546.138700 -5002.246018
4917 -39421.825400 -5033.400971
4918 -39411.599300 -5036.604098
4919 -39495.208300 -4990.855281
4920 -39396.664700 -5022.813397
4921 -39364.235800 -5019.590930
4922 -39466.423500 -5066.599418
4923 -39363.211100 -5069.049631
4924 -39366.961300 -5065.657319
4925 -39368.467500 -5018.785218
4926 -39418.133400 -5030.104314
4927 -39364.881800 -5061.115218
4928 -39381.128900 -5035.392580
4929 -39378.776900 -5073.748499
4930 -39315.648800 -5042.297011
4931 -39332.814900 -5052.972087
4932 -39365.458100 -5012.485770
4933 -39303.592300 -5031.004474
4934 -39254.650400 -5066.700588
4935 -39327.573000 -5053.435135
4936 -39367.426700 -4987.721327
4937 -39391.285000 -5041.677364
4938 -39356.387000 -5034.318882
4939 -39406.739100 -5014.757020
4940 -39423.678100 -5006.528956
4941 -39325.622500 -5052.492983
4942 -39356.636400 -5061.620459
4943 -39375.314500 -4995.736954
4944 -39367.256100 -5061.526385
4945 -39328.207400 -5039.485916
4946 -39475.353900 -4994.450159
4947 -39381.905800 -4989.699385
4948 -39434.841800 -5011.498154
4949 -39365.594900 -5052.839435
4950 -39267.602500 -5052.045706
4951 -39458.014000 -5019.676476
4952 -39305.622300 -5013.216455
4953 -39409.435800 -5067.093655
4954 -39439.124100 -4984.966468
4955 -39409.460300 -5058.477251
4956 -39424.329700 -5045.822140
4957 -39365.071200 -5049.602861
4958 -39422.568300 -5003.305554
4959 -39494.038200 -4996.291266
4960 -39403.987700 -5045.596038
4961 -39318.562800 -5044.269589
4962 -39382.377400 -5043.122001
4963 -39453.096300 -5040.571455
4964 -39401.209000 -5055.477862
4965 -39385.220400 -5028.935452
4966 -39358.318400 -4999.654451
4967 -39413.786800 -5012.268726
4968 -39313.505400 -5020.054004
4969 -39364.451900 -5016.550269
4970 -39335.037600 -5060.813068
4971 -39263.140400 -5040.806632
4972 -39415.195600 -5011.170095
4973 -39383.885000 -5070.832200
4974 -39389.444100 -5061.352099
4975 -39291.593300 -5072.001504
4976 -39320.043800 -5029.683206
4977 -39394.946900 -5014.029051
4978 -39364.612500 -5048.191891
4979 -39500.991700 -4995.758208
4980 -39390.097200 -5021.368966
4981 -39403.893200 -5045.294116
4982 -39355.935300 -5009.961294
4983 -39368.731900 -5037.566436
4984 -39317.603400 -4984.072812
4985 -39373.300600 -5014.369971
4986 -39336.383800 -5054.074107
4987 -39365.863200 -5044.886893
4988 -39441.253900 -5075.257945
4989 -39315.545600 -5060.120891
4990 -39314.950100 -5059.865677
4991 -39412.772000 -5030.980765
4992 -39325.715700 -4977.391372
4993 -39315.279000 -5058.872397
4994 -39414.086600 -5078.673691
4995 -39309.890100 -5048.229466
4996 -39392.319100 -5017.943936
4997 -39403.045300 -4994.810893
4998 -39338.892300 -5017.573157
4999 -39261.654700 -5057.006933
5000 -39436.566200 -5060.794650
5001 -39323.268100 -4980.572680
5002 -39387.603100 -5011.472968
5003 -39337.252300 -5031.255489
5004 -39446.620400 -5018.929386
5005 -39378.878300 -5033.818205
5006 -39424.448800 -5027.958889
5007 -39355.098300 -5026.873317
5008 -39477.645800 -5009.234457
5009 -39262.674600 -5044.444650
5010 -39421.066800 -5056.155855
5011 -39335.709200 -5020.076825
5012 -39359.811300 -4982.516176
5013 -39402.446400 -5021.202207
5014 -39323.183800 -5048.019527
5015 -39302.946300 -5059.058575
5016 -39447.007700 -5024.988405
5017 -39399.885400 -5055.118694
5018 -39388.771400 -5017.457232
5019 -39376.595100 -5060.465268
5020 -39490.480000 -5038.666386
5021 -39383.520800 -5030.714213
5022 -39388.726200 -5046.424661
5023 -39395.680600 -5067.732104
5024 -39371.042800 -5057.076687
5025 -39388.695400 -5037.207623
5026 -39361.656700 -5058.009327
5027 -39340.527800 -5085.381039
5028 -39372.428200 -5071.406222
5029 -39336.583000 -5089.653450
5030 -39461.655700 -5063.514577
5031 -39319.257900 -5043.716261
5032 -39394.937800 -5067.061758
5033 -39382.905400 -5004.674605
5034 -39422.881500 -5039.758952
5035 -39431.428900 -5004.333572
5036 -39416.780000 -4992.539171
5037 -39387.862500 -5034.431915
5038 -39379.173100 -5025.318693
5039 -39366.856200 -5037.913623
5040 -39389.701200 -5013.474723
5041 -39403.389400 -5033.395721
5042 -39381.625100 -5045.066583
5043 -39344.782500 -5098.700297
5044 -39426.962300 -5017.100170
5045 -39344.570500 -5039.843138
5046 -39317.468500 -5022.295762
5047 -39444.562500 -5010.668428
5048 -39409.735000 -5048.146142
5049 -39355.597300 -5097.208817
5050 -39300.147800 -5014.910211
5051 -39363.146800 -5022.921730
5052 -39328.927800 -5038.660647
5053 -39416.725400 -5053.268314
5054 -39406.529200 -5053.091220
5055 -39391.883200 -5087.939606
5056 -39367.806700 -5053.828992
5057 -39322.086900 -5081.670848
5058 -39360.268400 -5040.458594
5059 -39440.302500 -5044.039743
5060 -39399.335000 -5057.345410
5061 -39294.422600 -5091.457827
5062 -39400.274700 -5062.711392
5063 -39500.079700 -4987.427830
5064 -39436.907100 -5017.587268
5065 -39400.541100 -5036.507287
5066 -39411.803800 -5042.308593
5067 -39418.840700 -5002.358851
5068 -39421.113900 -5032.304924
5069 -39363.038300 -5062.257571
5070 -39347.541800 -5046.289189
5071 -39388.698200 -5000.137355
5072 -39350.484000 -5049.212702
5073 -39402.084700 -5062.913745
5074 -39430.232100 -5007.846180
5075 -39358.522200 -5057.739947
5076 -39419.093400 -5000.999648
5077 -39400.139400 -5028.137740
5078 -39450.960800 -5003.219495
5079 -39476.133500 -5061.719288
5080 -39380.506900 -5026.533157
5081 -39411.905800 -5006.633665
5082 -39298.760300 -5074.259381
5083 -39432.208000 -5072.861171
5084 -39388.714800 -5045.633721
5085 -39413.816600 -5029.653134
5086 -39371.441800 -5099.386190
5087 -39416.402000 -5055.119021
5088 -39347.470500 -5086.889317
5089 -39451.129200 -5025.527717
5090 -39421.418000 -5001.514910
5091 -39495.333400 -5041.928094
5092 -39380.260300 -5048.191746
5093 -39487.241000 -5036.770245
5094 -39400.917500 -5034.821297
5095 -39389.724300 -5082.378257
5096 -39413.920300 -5064.870848
5097 -39500.255600 -5050.433950
5098 -39432.101400 -5035.493779
5099 -39529.700800 -5040.993576
5100 -39409.775300 -5001.451310
5101 -39410.354300 -5082.879669
5102 -39416.297400 -5025.449831
5103 -39460.251100 -5018.147668
5104 -39369.221500 -4999.410517
5105 -39321.695100 -4988.989731
5106 -39387.821200 -5044.815030
5107 -39429.399900 -5071.597419
5108 -39327.309500 -5026.593830
5109 -39441.863400 -5028.279449
5110 -39400.484400 -5042.876275
5111 -39375.253300 -5010.590553
5112 -39383.651800 -5035.704606
5113 -39389.672400 -5061.967914
5114 -39374.381600 -5040.241442
5115 -39368.899100 -5066.950456
5116 -39362.441100 -5050.869907
5117 -39369.805300 -5034.002163
5118 -39436.154100 -5029.182027
5119 -39399.173000 -5020.282752
5120 -39395.707800 -5054.482027
5121 -39382.232200 -5000.222894
5122 -39389.823400 -5079.974686
5123 -39307.597400 -5038.103952
5124 -39365.431700 -5054.363770
5125 -39386.628400 -5056.945212
5126 -39453.937500 -5025.360064
5127 -39362.337800 -5038.738569
5128 -39425.363500 -5047.924765
5129 -39439.163500 -5036.367420
5130 -39486.318300 -5042.904267
5131 -39348.267800 -5081.411091
5132 -39448.618400 -5017.298338
5133 -39405.689900 -4999.564354
5134 -39363.738000 -5084.401466
5135 -39387.324800 -5027.359857
5136 -39401.003200 -5046.158645
5137 -39464.668300 -4986.613586
5138 -39577.099300 -5023.663587
5139 -39381.942700 -5041.531002
5140 -39345.415100 -5038.073251
5141 -39393.916800 -5025.712892
5142 -39343.727500 -5065.618649
5143 -39343.649100 -5054.468656
5144 -39462.380200 -5039.037693
5145 -39382.346300 -5071.325743
5146 -39383.838800 -5027.722432
5147 -39451.894000 -5030.963157
5148 -39347.817300 -5077.578251
5149 -39414.010600 -5068.714927
5150 -39420.108100 -5010.750618
5151 -39320.002700 -5041.513412
5152 -39394.767100 -5041.372725
5153 -39480.351300 -5052.312301
5154 -39350.192500 -5097.816111
5155 -39500.993000 -5048.153700
5156 -39334.118500 -5040.470139
5157 -39396.946300 -5053.087706
5158 -39348.886000 -5014.978394
5159 -39421.431400 -5046.297310
5160 -39450.325400 -4990.979082
5161 -39335.500800 -5065.091433
5162 -39366.671900 -5075.277136
5163 -39332.663900 -5072.007283
5164 -39420.838900 -5011.042629
5165 -39491.056800 -5012.006169
5166 -39465.359400 -5011.621192
5167 -39471.010500 -4979.636214
5168 -39447.118600 -4983.090742
5169 -39385.347000 -5044.892313
5170 -39496.347600 -5016.822160
5171 -39456.186200 -5018.281797
5172 -39407.843400 -5052.638900
5173 -39414.853900 -5068.239052
5174 -39364.384200 -5027.873068
5175 -39341.341600 -5037.677885
5176 -39522.429400 -5041.434842
5177 -39402.675700 -5041.403848
5178 -39418.480100 -5043.190600
5179 -39335.102600 -5029.386706
5180 -39321.913300 -5040.023235
5181 -39397.080100 -5057.121012
5182 -39396.682100 -5044.089132
5183 -39383.624300 -5063.022336
5184 -39456.800100 -5072.229470
5185 -39374.402000 -5020.742325
5186 -39433.921900 -5053.611931
5187 -39411.212600 -5063.145256
5188 -39473.428800 -5048.030102
5189 -39384.185200 -5069.074174
5190 -39439.728300 -5060.004263
5191 -39411.468300 -5059.564903
5192 -39319.536000 -5076.611217
5193 -39378.867500 -5031.607742
5194 -39479.136400 -4983.529114
5195 -39394.693600 -5020.316793
5196 -39441.201500 -5051.433832
5197 -39433.739000 -4987.479681
5198 -39372.396500 -5054.345172
5199 -39426.649500 -5025.189592
5200 -39417.755300 -5041.703113
5201 -39394.668200 -5033.187509
5202 -39355.351900 -5062.007656
5203 -39444.129600 -5040.482720
5204 -39356.964900 -5033.046575
5205 -39365.373300 -5053.065926
5206 -39341.092600 -5027.357490
5207 -39373.109000 -5055.332569
5208 -39419.016400 -5007.063941
5209 -39335.791500 -5054.702028
5210 -39447.643100 -5002.982920
5211 -39421.820600 -4995.450569
5212 -39405.134100 -5038.089213
5213 -39375.617200 -5009.924279
5214 -39406.339700 -5027.445391
5215 -39290.169900 -5037.606886
5216 -39435.579000 -5041.816542
5217 -39372.822400 -5056.320427
5218 -39405.536100 -5063.942963
5219 -39398.300800 -5035.978709
5220 -39383.908500 -5016.130162
5221 -39340.552600 -5036.535407
5222 -39355.761500 -4976.896660
5223 -39327.760700 -5046.543581
5224 -39372.649100 -5027.139023
5225 -39368.309300 -5044.130837
5226 -39369.911800 -5030.525932
5227 -39377.874400 -5073.493097
5228 -39447.054400 -5028.501528
5229 -39423.478300 -5025.766920
5230 -39384.879100 -5032.310478
5231 -39361.861800 -5049.294131
5232 -39441.726000 -5016.405991
5233 -39384.456700 -5060.628990
5234 -39431.458800 -5002.232146
5235 -39486.596500 -5037.185102
5236 -39336.489800 -5024.883706
5237 -39495.596000 -4992.805860
5238 -39458.254400 -5027.567444
5239 -39406.528800 -5037.495311
5240 -39289.664100 -4991.488858
5241 -39375.247700 -5021.452431
5242 -39403.076200 -5079.141982
5243 -39399.163300 -5064.820009
5244 -39373.588700 -5004.596594
5245 -39361.887500 -5092.149088
5246 -39359.505400 -5038.909156
5247 -39361.679900 -5061.181408
5248 -39409.089500 -5054.729676
5249 -39383.142400 -5047.291752
5250 -39395.251000 -4996.155425
5251 -39448.034700 -5022.483637
5252 -39499.426800 -5019.599168
5253 -39435.377600 -5082.730267
5254 -39376.051700 -5045.500860
5255 -39406.164100 -5077.434845
5256 -39385.862900 -5018.696205
5257 -39439.769300 -5023.105108
5258 -39466.099600 -5000.181882
5259 -39396.311400 -4974.172552
5260 -39397.076500 -5013.786825
5261 -39408.422300 -5044.714288
5262 -39439.000700 -5062.449985
5263 -39437.394500 -5071.146072
5264 -39389.232500 -5094.528817
5265 -39332.183500 -5047.498576
5266 -39355.386400 -5019.564302
5267 -39424.502900 -4987.209628
5268 -39424.365600 -5047.126929
5269 -39467.248100 -5005.001297
5270 -39437.580700 -4996.051308
5271 -39361.263700 -5048.319208
5272 -39407.067500 -5017.121782
5273 -39339.820700 -5050.083589
5274 -39403.989500 -5060.143120
5275 -39433.167600 -5032.598801
5276 -39304.309000 -5019.717978
5277 -39410.138200 -5002.396542
5278 -39339.997600 -5000.351108
5279 -39450.054400 -5004.056926
5280 -39286.637000 -5089.095037
5281 -39287.935900 -5071.085190
5282 -39353.578000 -4999.928560
5283 -39371.197500 -5039.239886
5284 -39450.965600 -5023.853512
5285 -39416.042500 -5002.521913
5286 -39409.732500 -5021.271589
5287 -39363.987100 -5069.459674
5288 -39401.793800 -5041.854643
5289 -39389.233400 -5000.161410
5290 -39337.882700 -5067.830343
5291 -39345.282200 -5033.549968
5292 -39364.188900 -5047.016097
5293 -39386.981000 -5081.247585
5294 -39367.398200 -5020.925422
5295 -39347.769400 -4998.249301
5296 -39396.184300 -5024.382378
5297 -39415.793100 -5073.506228
5298 -39417.742100 -5039.114244
5299 -39421.670500 -5021.331969
5300 -39406.216100 -5051.495924
5301 -39408.374200 -5001.686829
5302 -39377.134300 -4985.649362
5303 -39418.820000 -4983.779778
5304 -39419.857100 -5006.794256
5305 -39443.112000 -5033.098268
5306 -39328.565900 -5041.332266
5307 -39381.617900 -4980.854271
5308 -39320.001300 -5042.189200
5309 -39304.502100 -5029.369539
5310 -39397.109000 -5033.417895
5311 -39341.810300 -5019.998719
5312 -39435.439400 -5065.202898
5313 -39348.377400 -5034.096598
5314 -39466.661100 -5000.351336
5315 -39459.469900 -5000.119872
5316 -39413.161200 -5015.371696
5317 -39412.826400 -5017.673756
5318 -39405.162000 -5033.573380
5319 -39414.822900 -4999.851916
5320 -39452.674400 -5059.144653
5321 -39461.972900 -4996.561609
5322 -39392.762600 -5028.841628
5323 -39539.394400 -5001.518419
5324 -39382.612500 -5018.993889
5325 -39419.244100 -5033.464848
5326 -39392.874600 -5011.233416
5327 -39385.976800 -5066.900173
5328 -39443.779700 -5017.902153
5329 -39444.031900 -4981.231161
5330 -39330.108100 -5036.103878
5331 -39378.013600 -5031.414805
5332 -39364.505400 -5042.668964
5333 -39416.314600 -5052.772551
5334 -39285.108200 -5017.338594
5335 -39346.234200 -5045.948732
5336 -39345.187100 -5062.322450
5337 -39312.414300 -5041.931788
5338 -39327.650800 -5103.960943
5339 -39414.649400 -5055.637549
5340 -39407.175800 -5031.131914
5341 -39495.845300 -4985.502827
5342 -39363.023500 -5064.955694
5343 -39417.216800 -5046.351906
5344 -39471.358800 -5027.732502
5345 -39380.122500 -5035.739017
5346 -39460.784500 -5040.319454
5347 -39465.601400 -4958.860872
5348 -39377.723800 -5066.310506
5349 -39366.549500 -5062.066661
5350 -39360.202000 -5106.539725
5351 -39386.531900 -5017.865824
5352 -39416.426000 -5061.057412
5353 -39404.787400 -5035.775710
5354 -39300.911600 -5044.112901
5355 -39419.570200 -5019.812757
5356 -39442.956100 -5013.780555
5357 -39315.420300 -5010.917927
5358 -39430.691700 -5033.096925
5359 -39411.150100 -4987.874297
5360 -39422.477000 -4999.964950
5361 -39430.906100 -5015.045113
5362 -39408.454200 -5003.947737
5363 -39459.934000 -5030.309119
5364 -39449.345300 -5079.453025
5365 -39338.577000 -5019.196582
5366 -39408.329200 -5036.493812
5367 -39278.819700 -5074.370938
5368 -39501.563900 -5048.970672
5369 -39429.586900 -5044.218396
5370 -39399.101100 -4982.495380
5371 -39415.594900 -5023.674484
5372 -39299.217000 -5086.614940
5373 -39501.511300 -5033.894423
5374 -39436.191600 -5042.766802
5375 -39422.863400 -5014.203168
5376 -39417.687200 -5065.624057
5377 -39398.102200 -5056.050360
5378 -39378.119800 -5071.068947
5379 -39406.230500 -5071.871158
5380 -39355.943000 -5026.840602
5381 -39395.492300 -5084.458696
5382 -39404.261100 -5046.159932
5383 -39369.491000 -5038.588107
5384 -39377.491600 -5040.246767
5385 -39439.928600 -5051.962608
5386 -39402.078700 -5026.750953
5387 -39382.901000 -5064.234131
5388 -39477.530400 -5039.845919
5389 -39368.140900 -5042.599645
5390 -39441.285500 -4971.129500
5391 -39438.708900 -5035.587047
5392 -39361.174500 -5068.029801
5393 -39429.258100 -5035.731294
5394 -39365.250000 -5009.350089
5395 -39412.891900 -4968.848789
5396 -39355.724600 -5067.554701
5397 -39404.806100 -5051.176554
5398 -39472.870100 -4987.198688
5399 -39411.131000 -5017.044633
5400 -39387.179700 -5037.517056
5401 -39374.334100 -5057.073424
5402 -39391.958900 -5034.663166
5403 -39322.179700 -5117.104998
5404 -39412.238200 -5039.219344
5405 -39348.444400 -5038.415928
5406 -39468.064900 -5018.589294
5407 -39374.992400 -5070.443130
5408 -39405.889600 -5030.719972
5409 -39351.318900 -5073.411411
5410 -39352.177800 -5002.750164
5411 -39366.894600 -5061.836323
5412 -39395.337300 -5029.241107
5413 -39425.393300 -5077.745298
5414 -39409.125100 -5021.149899
5415 -39369.093100 -5059.280307
5416 -39434.610800 -5003.193100
5417 -39426.734200 -5032.352881
5418 -39393.084500 -5017.050563
5419 -39371.799400 -5016.802472
5420 -39440.089100 -5025.166013
5421 -39390.588200 -5015.874075
5422 -39339.578400 -5029.404469
5423 -39399.215000 -5046.533573
5424 -39439.321700 -5030.595793
5425 -39362.433600 -5050.309582
5426 -39360.105600 -5043.223335
5427 -39449.787900 -5060.908151
5428 -39428.783500 -4991.854129
5429 -39280.348300 -5062.453283
5430 -39366.906000 -5022.946296
5431 -39478.736700 -5030.783620
5432 -39454.613500 -5005.646258
5433 -39242.560100 -5029.640118
5434 -39354.704300 -5020.098450
5435 -39393.695800 -5053.664789
5436 -39366.957600 -4988.241098
5437 -39434.612200 -5004.130984
5438 -39420.633100 -5044.029286
5439 -39393.707700 -5036.022052
5440 -39369.120200 -5019.382382
5441 -39359.954700 -5039.260888
5442 -39396.953800 -5011.703555
5443 -39282.620700 -5023.758158
5444 -39316.780100 -5021.734872
5445 -39401.755500 -4993.927538
5446 -39423.986200 -4999.890491
5447 -39369.332100 -5014.819415
5448 -39427.693800 -5017.782363
5449 -39415.916100 -5041.475874
5450 -39415.848400 -5034.174626
5451 -39442.704700 -5030.220920
5452 -39424.671400 -5019.329902
5453 -39375.166800 -5042.130054
5454 -39353.434400 -5050.469461
5455 -39400.630400 -4975.482969
5456 -39374.095300 -5023.247378
5457 -39476.737300 -5005.123854
5458 -39397.628900 -5006.717843
5459 -39379.006300 -5073.360587
5460 -39380.971900 -5027.787973
5461 -39365.428200 -5038.692985
5462 -39373.802400 -5078.722071
5463 -39350.440000 -4996.256208
5464 -39423.780300 -5038.303926
5465 -39314.115500 -5058.143882
5466 -39393.322600 -5052.986689
5467 -39385.840900 -5028.870105
5468 -39415.940300 -5007.345197
5469 -39351.135400 -5016.968005
5470 -39383.660000 -5005.599059
5471 -39370.848100 -5030.268232
5472 -39442.851900 -5039.672353
5473 -39425.640100 -5051.184159
5474 -39370.630000 -5024.866805
5475 -39437.462900 -5050.446798
5476 -39375.755200 -5018.017278
5477 -39410.796300 -5005.404136
5478 -39376.825800 -5068.377949
5479 -39413.003400 -5052.103040
5480 -39452.100700 -5010.550695
5481 -39360.102700 -5048.642878
5482 -39364.260700 -5044.430694
5483 -39326.062800 -5031.373756
5484 -39335.841300 -5028.501221
5485 -39386.172700 -5019.177392
5486 -39479.551500 -5050.531331
5487 -39346.137100 -5035.682963
5488 -39396.011700 -5040.592125
5489 -39346.281000 -5075.832010
5490 -39331.800300 -5097.994610
5491 -39445.899100 -5027.959503
5492 -39340.305500 -5060.847302
5493 -39397.049800 -5056.874152
5494 -39446.836300 -5009.880716
5495 -39368.573500 -5039.212772
5496 -39457.477800 -5019.885413
5497 -39380.955900 -5093.215357
5498 -39369.809700 -5029.463195
5499 -39461.926200 -5035.227230
5500 -39349.472100 -5048.231360
5501 -39328.519800 -5007.639428
5502 -39416.859100 -5030.523410
5503 -39401.289500 -5060.440536
5504 -39322.004900 -5084.054569
5505 -39336.562400 -5023.099004
5506 -39415.815900 -5014.325101
5507 -39387.581500 -5012.945127
5508 -39367.148400 -5057.728694
5509 -39348.340800 -5044.394928
5510 -39394.874000 -5025.405091
5511 -39465.744300 -5012.670552
5512 -39339.136400 -5023.856675
5513 -39397.967200 -5040.282497
5514 -39300.818100 -5012.745934
5515 -39304.307800 -5044.504168
5516 -39318.707300 -5007.365000
5517 -39370.485200 -5028.813603
5518 -39408.337500 -5053.317632
5519 -39306.342300 -5040.876309
5520 -39338.385800 -5053.460856
5521 -39425.853900 -5012.544934
5522 -39395.240500 -5015.551731
5523 -39322.496200 -5063.773352
5524 -39436.531200 -5021.239067
5525 -39346.764900 -5023.702083
5526 -39455.664700 -5069.518698
5527 -39429.084800 -5033.972206
5528 -39389.302400 -5003.840474
5529 -39348.478900 -5054.995087
5530 -39445.093100 -5024.646205
5531 -39412.633100 -5035.578698
5532 -39425.264900 -5016.420760
5533 -39359.679500 -5055.837474
5534 -39424.976600 -4981.251518
5535 -39386.085500 -4994.862290
5536 -39387.921700 -5082.849873
5537 -39418.396000 -5001.331129
5538 -39420.609400 -5047.599838
5539 -39414.463500 -4976.416376
5540 -39338.494100 -5013.869988
5541 -39451.396600 -4994.574384
5542 -39434.288300 -5034.485165
5543 -39393.926800 -5051.178860
5544 -39426.165100 -5075.486404
5545 -39376.042800 -5020.387798
5546 -39397.587300 -5050.712805
5547 -39379.760100 -5035.828691
5548 -39411.159800 -5023.064802
5549 -39393.315600 -5035.378262
5550 -39360.000200 -5046.935436
5551 -39382.085100 -5035.033045
5552 -39348.648400 -5062.387490
5553 -39364.211500 -5008.188598
5554 -39309.000300 -5027.113247
5555 -39364.657900 -5019.708954
5556 -39333.228200 -5040.504372
5557 -39422.996500 -5037.571841
5558 -39381.509100 -5051.932269
5559 -39396.359600 -5014.478181
5560 -39386.846300 -5071.062058
5561 -39390.445400 -5061.280422
5562 -39410.997200 -5035.705500
5563 -39302.561400 -5068.028812
5564 -39290.718800 -5052.303116
5565 -39357.293200 -5005.755787
5566 -39402.950900 -4986.346095
5567 -39446.874800 -4982.077548
5568 -39481.087500 -4995.945052
5569 -39477.902400 -5008.531952
5570 -39303.475600 -5074.097017
5571 -39409.405100 -5003.914243
5572 -39457.409000 -5020.051225
5573 -39448.806500 -5004.930278
5574 -39428.133200 -5058.219947
5575 -39475.485300 -4980.891908
5576 -39410.570200 -5035.487656
5577 -39347.982700 -5048.778992
5578 -39418.552200 -5045.144789
5579 -39389.586300 -5051.686614
5580 -39345.815600 -5031.870586
5581 -39409.690800 -5075.325398
5582 -39423.127700 -4994.529146
5583 -39430.678600 -5031.945012
5584 -39365.401400 -5007.793922
5585 -39341.905300 -5026.873076
5586 -39371.386100 -5069.611551
5587 -39385.137400 -5024.205479
5588 -39391.454100 -5004.750790
5589 -39299.215600 -5008.868068
5590 -39371.833000 -5071.531736
5591 -39391.331300 -4978.440181
5592 -39437.178800 -5015.491382
5593 -39447.095900 -4972.793865
5594 -39434.063600 -5009.275779
5595 -39327.179400 -5042.466482
5596 -39302.733200 -5038.986739
5597 -39398.315100 -5028.075143
5598 -39447.176100 -4994.860850
5599 -39430.134600 -5026.245628
5600 -39339.843000 -5006.309515
5601 -39340.506000 -5074.118281
5602 -39448.326000 -5023.214762
5603 -39279.230600 -5044.748084
5604 -39447.288900 -5000.015586
5605 -39343.745000 -5020.609455
5606 -39421.975600 -5060.444417
5607 -39378.643000 -5035.576491
5608 -39365.402400 -5065.595523
5609 -39419.678000 -5040.912229
5610 -39431.057800 -5004.844746
5611 -39412.355300 -5003.427195
5612 -39328.946600 -5022.054101
5613 -39321.133500 -5042.044101
5614 -39353.247800 -4992.275462
5615 -39451.861500 -5004.079445
5616 -39468.420900 -4966.918921
5617 -39446.916100 -5073.769819
5618 -39384.843900 -5020.718050
5619 -39439.326700 -5038.689786
5620 -39404.337900 -5036.246313
5621 -39458.146500 -5053.572007
5622 -39410.578000 -5017.863067
5623 -39418.724800 -5038.913230
5624 -39384.393500 -5084.285712
5625 -39375.582900 -5067.802070
5626 -39363.858200 -5039.357122
5627 -39387.235800 -5096.882094
5628 -39452.944700 -4985.288862
5629 -39348.972800 -4989.491489
5630 -39323.395100 -5063.908056
5631 -39392.026200 -5002.483307
5632 -39490.216400 -5045.524990
5633 -39380.296000 -5024.820347
5634 -39287.782100 -5045.326640
5635 -39417.485400 -5053.976755
5636 -39340.237300 -5051.188418
5637 -39385.405100 -5044.941344
5638 -39308.626800 -5071.091969
5639 -39492.986900 -5051.588028
5640 -39438.159500 -5049.020997
5641 -39418.310700 -5031.435366
5642 -39390.948600 -5030.002724
5643 -39363.051500 -5007.018915
5644 -39446.042800 -5020.793626
5645 -39448.831600 -5032.936061
5646 -39445.075700 -4985.782815
5647 -39415.378000 -5045.463766
5648 -39485.284100 -5049.041163
5649 -39324.338400 -5028.163846
5650 -39357.365800 -5095.976034
5651 -39416.098900 -5051.082190
5652 -39363.725500 -5063.113020
5653 -39374.246400 -4985.344453
5654 -39374.698000 -5022.248413
5655 -39397.794900 -5043.961003
5656 -39410.430600 -5010.029159
5657 -39313.864200 -5063.248826
5658 -39422.371400 -5044.085228
5659 -39394.735300 -5014.682550
5660 -39481.367700 -5030.512961
5661 -39428.496400 -5032.747719
5662 -39453.250600 -5014.637568
5663 -39343.334100 -5042.628757
5664 -39429.376500 -5030.142350
5665 -39397.968500 -5046.174015
5666 -39419.209800 -5041.994926
5667 -39463.573200 -5016.317224
5668 -39365.258500 -5015.699654
5669 -39430.595400 -5047.016886
5670 -39348.577600 -5055.840274
5671 -39326.759500 -5022.453413
5672 -39454.733500 -5075.541774
5673 -39498.606300 -5013.451927
5674 -39431.876500 -5045.679721
5675 -39389.563300 -5021.201377
5676 -39337.525100 -5002.562762
5677 -39422.191700 -5011.019737
5678 -39381.760100 -5059.770283
5679 -39420.353500 -5063.365718
5680 -39324.727700 -5089.845902
5681 -39351.318200 -5031.695282
5682 -39411.078200 -5065.040171
5683 -39375.073900 -5010.163442
5684 -39454.476000 -5031.311515
5685 -39349.787600 -4992.403866
5686 -39432.167900 -5027.748664
5687 -39333.262200 -5065.962194
5688 -39437.390700 -5067.239918
5689 -39312.778000 -5060.338917
5690 -39392.316900 -5022.287759
5691 -39362.266100 -5050.353932
5692 -39460.839300 -5046.752516
5693 -39361.490000 -5048.041301
5694 -39352.530000 -5028.377547
5695 -39353.879800 -5031.930861
5696 -39344.617400 -5018.150225
5697 -39390.616700 -5034.540139
5698 -39445.570300 -5031.044542
5699 -39348.305300 -5069.339622
5700 -39491.538100 -4983.130529
5701 -39347.922900 -5054.810964
5702 -39351.518100 -5054.970488
5703 -39403.654100 -5021.173033
5704 -39470.469900 -5049.132530
5705 -39380.910700 -5044.242416
5706 -39377.540200 -5035.503016
5707 -39322.524600 -5049.395752
5708 -39377.981300 -5014.823233
5709 -39361.574700 -5033.323650
5710 -39273.808200 -5035.657485
5711 -39447.917800 -4985.021857
5712 -39380.876100 -5061.665737
5713 -39436.578000 -5044.139729
5714 -39411.184100 -5011.652017
5715 -39424.277900 -5066.728847
5716 -39356.206000 -5080.094766
5717 -39309.284500 -5054.549450
5718 -39334.806800 -5049.245418
5719 -39393.886400 -5065.957723
5720 -39392.632700 -5010.024565
5721 -39391.400100 -5057.942199
5722 -39392.206400 -5069.490839
5723 -39387.620200 -5043.016409
5724 -39358.534300 -5038.963707
5725 -39385.050200 -5068.410241
5726 -39470.048400 -5054.058762
5727 -39416.861100 -5072.696483
5728 -39381.463100 -5001.038132
5729 -39320.384700 -5067.760846
5730 -39381.642900 -5060.910209
5731 -39386.332100 -5066.101779
5732 -39356.771500 -5032.648846
5733 -39330.118500 -5037.471277
5734 -39402.285300 -5044.062048
5735 -39418.783300 -5023.656891
5736 -39429.397100 -5082.038084
5737 -39393.034000 -5054.123225
5738 -39537.470000 -5042.290329
5739 -39351.461700 -5050.723237
5740 -39286.348300 -5074.190290
5741 -39426.203900 -5041.471695
5742 -39421.177800 -5061.872419
5743 -39373.775100 -5032.512819
5744 -39328.901200 -5053.949853
5745 -39335.561300 -5042.443172
5746 -39349.219000 -4999.715498
5747 -39388.344400 -5014.251837
5748 -39321.004300 -5061.725913
5749 -39407.108100 -5013.702084
5750 -39360.210400 -5073.888121
5751 -39440.806200 -5051.541328
5752 -39464.651600 -5039.880526
5753 -39445.654900 -4987.058172
5754 -39442.074200 -5036.589251
5755 -39383.830200 -5048.674245
5756 -39317.696600 -5050.249745
5757 -39309.800800 -5103.723316
5758 -39404.058200 -5015.261975
5759 -39465.836100 -5042.838876
5760 -39397.379500 -5030.206065
5761 -39352.144700 -5081.651303
5762 -39336.418600 -5043.147123
5763 -39407.174400 -5066.074291
5764 -39387.084600 -5029.454740
5765 -39393.860900 -5002.922682
5766 -39454.791500 -5026.369029
5767 -39371.971000 -5034.329202
5768 -39361.411400 -5071.573284
5769 -39341.383500 -5084.026338
5770 -39383.166600 -5029.756234
5771 -39394.581800 -5038.717256
5772 -39381.372500 -5023.131364
5773 -39432.121100 -5036.264276
5774 -39462.009500 -5053.083433
5775 -39307.316200 -5046.641173
5776 -39382.633800 -5023.358101
5777 -39370.844300 -5070.942147
5778 -39331.481000 -5050.345699
5779 -39368.455400 -5066.704714
5780 -39446.572900 -4992.141323
5781 -39485.416700 -4989.205774
5782 -39388.457600 -5023.370032
5783 -39326.902700 -5009.866115
5784 -39428.643900 -5027.746465
5785 -39278.548200 -5084.630652
5786 -39432.369800 -5070.983366
5787 -39399.933700 -5047.350323
5788 -39353.150900 -5044.140942
5789 -39413.517500 -5055.515715
5790 -39376.570000 -5046.756638
5791 -39360.425300 -5053.518249
5792 -39433.181400 -5042.408505
5793 -39347.850800 -5085.754378
5794 -39358.609200 -5018.682034
5795 -39295.568600 -5101.605472
5796 -39348.885200 -5088.205726
5797 -39393.013000 -5021.817275
5798 -39299.603100 -5072.282254
5799 -39300.348000 -5074.358609
5800 -39446.651400 -5066.798256
5801 -39357.112600 -5049.372357
5802 -39424.750900 -5039.225073
5803 -39301.566500 -5083.101665
5804 -39405.199900 -5056.390603
5805 -39279.303900 -5031.398982
5806 -39403.517300 -5046.808922
5807 -39434.705300 -4974.644996
5808 -39431.104400 -5066.193084
5809 -39379.103200 -5053.965412
5810 -39412.396100 -5043.608397
5811 -39319.472500 -5045.403519
5812 -39413.397400 -5029.953766
5813 -39447.617900 -5058.006013
5814 -39360.673500 -5025.224041
5815 -39327.133600 -5060.186692
5816 -39405.648400 -5031.796293
5817 -39197.225400 -5084.671425
5818 -39426.559500 -5006.524455
5819 -39379.629500 -5051.712696
5820 -39328.524700 -5079.557637
5821 -39449.220500 -5042.025485
5822 -39380.775200 -5078.373120
5823 -39475.097700 -5038.195031
5824 -39391.987200 -5020.345766
5825 -39416.630700 -5079.592988
5826 -39401.145000 -5037.391468
5827 -39398.419300 -5072.062200
5828 -39389.882200 -5040.714275
5829 -39367.979300 -5036.852451
5830 -39414.870000 -5026.201561
5831 -39359.954000 -5031.641382
5832 -39377.011000 -5033.822538
5833 -39426.058200 -5061.172796
5834 -39429.975700 -5069.471599
5835 -39428.053000 -5039.929391
5836 -39422.016000 -5056.895675
5837 -39371.689100 -5054.475859
5838 -39351.675300 -5079.664746
5839 -39290.635200 -5014.058154
5840 -39383.117000 -5012.197355
5841 -39364.455100 -5060.997002
5842 -39318.968100 -5053.070572
5843 -39440.432100 -4999.549858
5844 -39346.154500 -5048.375229
5845 -39384.798300 -5048.631410
5846 -39486.263100 -5023.637654
5847 -39418.764100 -5083.839233
5848 -39382.960300 -4981.009333
5849 -39395.930600 -5061.559077
5850 -39305.751400 -5050.726556
5851 -39313.511400 -5047.563559
5852 -39436.837600 -5016.444100
5853 -39413.669600 -5067.920739
5854 -39370.204300 -4998.575760
5855 -39380.880600 -5037.290379
5856 -39383.581500 -5047.084636
5857 -39434.302300 -5072.362262
5858 -39450.700200 -5039.907908
5859 -39365.187300 -5058.740298
5860 -39390.607500 -5058.958701
5861 -39406.490000 -5070.029790
5862 -39332.409100 -5028.976245
5863 -39358.860400 -5054.002950
5864 -39405.923500 -5058.967412
5865 -39394.114800 -5049.590091
5866 -39460.515200 -5040.484337
5867 -39414.080100 -5039.576711
5868 -39358.610300 -5052.325230
5869 -39383.118600 -5026.741589
5870 -39371.739500 -5069.992677
5871 -39341.304100 -5098.315172
5872 -39294.241700 -5032.546934
5873 -39370.781600 -5043.894430
5874 -39356.218200 -5019.120030
5875 -39294.137900 -5086.935482
5876 -39326.827900 -4999.275003
5877 -39498.066900 -5013.375451
5878 -39396.310800 -5021.498764
5879 -39407.407900 -5056.766948
5880 -39407.857300 -5024.073440
5881 -39423.825900 -5014.125164
5882 -39354.870300 -5032.960238
5883 -39425.299400 -5012.384764
5884 -39344.166500 -4992.585597
5885 -39376.221200 -4972.265572
5886 -39367.236100 -5000.906256
5887 -39382.223300 -5059.240848
5888 -39278.589400 -5061.692412
5889 -39362.965800 -5088.161857
5890 -39401.385400 -5010.618341
5891 -39483.322300 -5044.504402
5892 -39329.475600 -5018.289130
5893 -39354.748300 -5043.967363
5894 -39354.196400 -5057.138057
5895 -39437.911500 -5011.055125
5896 -39300.608100 -5058.992598
5897 -39453.464400 -5046.077901
5898 -39349.477900 -5039.042513
5899 -39344.259900 -5027.560458
5900 -39352.560600 -5045.780164
5901 -39400.586700 -5053.845075
5902 -39338.124700 -5032.182985
5903 -39400.000600 -5007.132270
5904 -39389.649700 -5045.808714
5905 -39325.259900 -5057.263200
5906 -39385.078000 -5019.354516
5907 -39372.882200 -5054.456458
5908 -39421.724700 -5034.376647
5909 -39355.290900 -5022.797308
5910 -39434.206700 -5050.062031
5911 -39460.752800 -5001.672056
5912 -39422.531000 -5033.566622
5913 -39386.711500 -5020.867846
5914 -39397.847300 -5012.153141
5915 -39353.617500 -5027.454536
5916 -39374.663000 -5042.493387
5917 -39360.699500 -5088.054742
5918 -39372.607100 -5072.698922
5919 -39392.396200 -5042.330585
5920 -39397.930900 -5068.329856
5921 -39438.311900 -4997.507259
5922 -39394.816900 -5064.104967
5923 -39411.126900 -5043.016631
5924 -39430.309400 -5022.504960
5925 -39389.449800 -5070.916009
5926 -39304.572800 -5056.144344
5927 -39389.925100 -5026.957241
5928 -39441.609800 -5022.024001
5929 -39430.932900 -5065.214101
5930 -39276.977900 -5016.032605
5931 -39415.140300 -5027.251061
5932 -39291.625500 -5016.149757
5933 -39357.845800 -5053.647509
5934 -39321.910700 -5047.764312
5935 -39375.764500 -5060.614168
5936 -39450.816800 -5068.780471
5937 -39434.197500 -5060.829684
5938 -39496.738800 -5054.136318
5939 -39311.795500 -5052.489164
5940 -39410.016500 -5079.549995
5941 -39233.559200 -5069.594263
5942 -39426.507900 -5046.816747
5943 -39458.239600 -5011.591490
5944 -39368.224400 -5037.527456
5945 -39458.334500 -5021.197645
5946 -39401.226000 -5035.921110
5947 -39406.306200 -5051.784790
5948 -39433.466300 -5059.795261
5949 -39374.304300 -5077.415589
5950 -39407.582400 -5043.608420
5951 -39319.940200 -5063.794748
5952 -39438.232100 -5055.697248
5953 -39375.343900 -5023.810729
5954 -39489.784700 -5055.346624
5955 -39466.484500 -5030.978511
5956 -39340.319000 -5071.509344
5957 -39415.205600 -5012.915616
5958 -39358.772800 -5004.384015
5959 -39379.886500 -5048.190871
5960 -39428.770200 -5057.361454
5961 -39457.881200 -5026.506574
5962 -39364.429200 -5061.494048
5963 -39368.555400 -5027.933243
5964 -39383.607500 -5077.841145
5965 -39453.516400 -4983.158948
5966 -39422.882200 -4982.071185
5967 -39427.403000 -4979.624221
5968 -39336.670500 -5077.747353
5969 -39349.269800 -5034.900612
5970 -39442.456700 -4966.821001
5971 -39387.995000 -5045.465190
5972 -39371.935000 -5058.770674
5973 -39425.167100 -5022.413216
5974 -39472.434900 -5042.671012
5975 -39382.002200 -5052.241211
5976 -39396.085700 -5057.667829
5977 -39458.156600 -5037.041352
5978 -39358.665200 -5009.550440
5979 -39303.842700 -5051.647715
5980 -39439.671700 -5043.668456
5981 -39457.776100 -5009.185801
5982 -39324.650200 -5047.325308
5983 -39354.257000 -5079.951422
5984 -39369.997400 -5062.591146
5985 -39341.421300 -5072.846227
5986 -39347.934900 -5046.950967
5987 -39421.475000 -5021.463278
5988 -39390.726400 -5064.990139
5989 -39361.379200 -5061.779781
5990 -39379.998000 -5043.301507
5991 -39438.910600 -5062.293874
5992 -39397.872200 -5019.002480
5993 -39403.437900 -5019.803782
5994 -39394.231400 -5037.882500
5995 -39371.972100 -5010.841616
5996 -39470.763500 -5064.521010
5997 -39389.566600 -5036.923205
5998 -39328.674200 -5078.544858
5999 -39366.240200 -5042.372970
6000 -39351.407900 -4993.864441
6001 -39300.714700 -5052.154810
6002 -39445.511000 -5049.065573
6003 -39328.042900 -5076.699367
6004 -39369.266000 -5045.434485
6005 -39347.435000 -5043.562992
6006 -39434.639900 -5055.201688
6007 -39401.663900 -5005.074433
6008 -39334.388900 -5050.830552
6009 -39339.076800 -5060.330416
6010 -39412.340300 -5016.740304
6011 -39414.593800 -4987.564269
6012 -39346.060800 -5052.002161
6013 -39410.061500 -5100.794678
6014 -39417.163900 -5037.236706
6015 -39404.371400 -5014.675665
6016 -39395.619300 -4977.949123
6017 -39446.997200 -5002.455263
6018 -39409.971700 -5018.164015
6019 -39335.430000 -5000.419358
6020 -39417.275100 -4998.347233
6021 -39475.290700 -5031.238839
6022 -39339.343200 -5083.079019
6023 -39365.699400 -5035.537695
6024 -39381.219600 -5056.563003
6025 -39426.681000 -5013.498651
6026 -39459.854300 -5021.803679
6027 -39371.780200 -5047.459832
6028 -39393.496100 -5035.390164
6029 -39452.800100 -5081.389618
6030 -39397.836000 -5016.103396
6031 -39410.277400 -5042.997433
6032 -39374.653700 -5023.686671
6033 -39441.682600 -5028.935540
6034 -39378.815500 -5028.916766
6035 -39382.068500 -4973.954401
6036 -39327.951100 -5048.190194
6037 -39367.350700 -5055.604283
6038 -39495.216700 -5080.706169
6039 -39387.103600 -5062.746638
6040 -39428.846600 -5026.918363
6041 -39397.951000 -5048.307665
6042 -39408.110100 -5072.456744
6043 -39429.506800 -5040.919035
6044 -39408.090200 -5025.814490
6045 -39431.344700 -5052.461554
6046 -39355.997000 -5080.300237
6047 -39415.654100 -5014.794751
6048 -39310.609000 -5044.179671
6049 -39360.368600 -5060.023535
6050 -39409.350500 -5001.973172
6051 -39414.941200 -5042.702572
6052 -39380.308000 -5009.564831
6053 -39383.881300 -5035.561175
6054 -39313.003100 -5059.854898
6055 -39398.959700 -5068.130395
6056 -39401.684500 -5070.127362
6057 -39299.267800 -5062.671345
6058 -39338.362900 -4984.001685
6059 -39394.347500 -5049.305837
6060 -39414.648900 -5072.624173
6061 -39372.155100 -5045.860990
6062 -39407.883100 -5064.471030
6063 -39419.176300 -5062.720810
6064 -39418.286400 -5062.307317
6065 -39520.746700 -5019.219176
6066 -39388.440800 -5009.906981
6067 -39393.502200 -5042.348327
6068 -39463.315600 -5042.239665
6069 -39397.671800 -5053.105663
6070 -39384.315400 -5008.720638
6071 -39374.183000 -5001.497786
6072 -39403.593900 -5071.898429
6073 -39349.523800 -5017.031810
6074 -39334.074800 -5100.123450
6075 -39318.537500 -5035.301723
6076 -39414.956100 -5042.836636
6077 -39382.610700 -5027.886125
6078 -39426.330000 -4995.940060
6079 -39359.815800 -5043.474371
6080 -39373.078000 -5050.483482
6081 -39437.420700 -5030.190086
6082 -39415.184800 -5018.270586
6083 -39429.340400 -4961.512096
6084 -39374.241600 -5075.203018
6085 -39437.931100 -5046.675157
6086 -39387.412100 -5062.702397
6087 -39323.074300 -5038.972551
6088 -39347.228600 -5070.519781
6089 -39352.468100 -5064.483672
6090 -39270.990900 -5040.431160
6091 -39398.257900 -5047.882915
6092 -39410.954000 -5010.455258
6093 -39445.457300 -5072.109258
6094 -39405.049200 -5022.145719
6095 -39344.443100 -5055.594756
6096 -39417.322900 -5075.471148
6097 -39363.896900 -5016.333745
6098 -39343.905500 -5035.954149
6099 -39361.499500 -5037.593553
6100 -39372.208100 -5053.813001
6101 -39403.704100 -5076.290456
6102 -39380.788000 -5000.847460
6103 -39320.075000 -5027.776476
6104 -39461.716100 -5042.263206
6105 -39379.631600 -5015.894367
6106 -39363.126000 -5061.894297
6107 -39416.160000 -5008.797518
6108 -39375.183100 -5048.071805
6109 -39434.354000 -5062.388080
6110 -39397.932000 -5039.446972
6111 -39435.780000 -5019.915101
6112 -39449.583200 -4997.295882
6113 -39327.702300 -5090.522615
6114 -39380.702500 -5030.869824
6115 -39400.948300 -5024.584928
6116 -39442.425300 -5018.596745
6117 -39363.563000 -5024.543210
6118 -39365.591200 -4982.311211
6119 -39357.698800 -5063.658038
6120 -39447.346000 -5033.306963
6121 -39343.608200 -4989.823036
6122 -39318.243700 -5024.573913
6123 -39415.564900 -5045.993560
6124 -39407.966600 -5052.238981
6125 -39403.962800 -5011.776212
6126 -39402.807200 -5010.253434
6127 -39312.593100 -5001.533109
6128 -39320.244100 -5063.116199
6129 -39370.844600 -5097.079472
6130 -39430.926800 -5047.468373
6131 -39387.746600 -5006.975793
6132 -39383.778800 -5070.505166
6133 -39377.581700 -5041.252642
6134 -39407.949700 -5020.339774
6135 -39462.110700 -5005.190076
6136 -39424.342400 -5006.094185
6137 -39395.897800 -5051.198098
6138 -39350.601200 -5059.320445
6139 -39473.311800 -5047.404006
6140 -39414.559900 -5063.163394
6141 -39426.604400 -5049.544024
6142 -39415.322300 -5016.585276
6143 -39342.702100 -5082.173869
6144 -39365.283700 -5089.734082
6145 -39430.153400 -5049.441044
6146 -39349.422000 -5088.353292
6147 -39437.327800 -5035.105688
6148 -39467.659400 -5049.551887
6149 -39419.428600 -5043.474909
6150 -39445.584300 -5050.417090
6151 -39462.092000 -5051.976840
6152 -39458.540100 -5041.065283
6153 -39358.406100 -5067.981238
6154 -39421.092000 -5024.206852
6155 -39314.057600 -5044.947298
6156 -39412.141900 -5049.403674
6157 -39322.576000 -5092.527760
6158 -39401.618800 -5044.365930
6159 -39344.197900 -5052.327415
6160 -39336.809400 -5071.511152
6161 -39395.386800 -5016.822452
6162 -39391.878700 -5041.881144
6163 -39385.588200 -5032.306954
6164 -39345.024500 -5063.893149
6165 -39397.798600 -5011.635194
6166 -39316.288100 -5041.703887
6167 -39385.723700 -5041.054621
6168 -39417.515900 -5032.492508
6169 -39431.174300 -5042.491454
6170 -39418.549900 -5010.464335
6171 -39380.227200 -5018.083540
6172 -39387.174000 -5022.144291
6173 -39413.352000 -5051.330123
6174 -39276.178600 -5072.171495
6175 -39378.028200 -5050.332560
6176 -39363.299800 -5037.929121
6177 -39441.692700 -5007.183355
6178 -39404.744100 -5073.898982
6179 -39431.313300 -4977.381706
6180 -39401.466300 -5039.396594
6181 -39372.000300 -5016.771656
6182 -39375.150100 -5016.140743
6183 -39407.517400 -5034.534581
6184 -39364.207500 -5067.163815
6185 -39320.102100 -5078.916366
6186 -39369.180500 -5034.429709
6187 -39363.829100 -5018.745745
6188 -39426.498100 -5033.736086
6189 -39318.700700 -5095.577973
6190 -39334.405600 -4990.024838
6191 -39425.155600 -5058.142790
6192 -39374.193500 -5023.841489
6193 -39433.216500 -4996.955898
6194 -39352.477100 -5060.804082
6195 -39423.812800 -5032.100480
6196 -39441.931500 -5047.939544
6197 -39371.300500 -4991.852756
6198 -39425.036600 -5037.999121
6199 -39396.167500 -5000.686994
6200 -39318.454400 -5052.259730
6201 -39380.874900 -5033.906110
6202 -39334.467800 -5006.026212
6203 -39355.032200 -5005.684756
6204 -39352.829000 -5060.038583
6205 -39367.687100 -5036.757985
6206 -39406.591100 -5051.136719
6207 -39425.934500 -5080.411418
6208 -39377.139800 -5058.437526
6209 -39359.462300 -5059.346012
6210 -39384.959400 -5064.577359
6211 -39439.634800 -5041.875958
6212 -39352.883800 -5109.675600
6213 -39303.063800 -5104.832126
6214 -39398.509800 -5065.603907
6215 -39399.964900 -5012.911271
6216 -39363.198200 -5048.105912
6217 -39332.698000 -5097.904670
6218 -39419.974700 -5026.402841
6219 -39434.000000 -5024.292126
6220 -39386.009300 -5032.564936
6221 -39412.848600 -5004.833481
6222 -39358.161000 -5065.407077
6223 -39413.049500 -5039.942848
6224 -39463.694500 -4993.597340
6225 -39352.010900 -5038.848792
6226 -39345.895700 -5046.289019
6227 -39347.938900 -5034.584131
6228 -39354.409800 -5040.817565
6229 -39340.904100 -5057.333383
6230 -39369.302500 -4990.064629
6231 -39389.314500 -4986.303768
6232 -39330.243000 -5020.718805
6233 -39361.149400 -5026.836131
6234 -39351.880300 -5043.617812
6235 -39353.367900 -4991.751022
6236 -39344.263500 -5064.593633
6237 -39423.690000 -5034.599640
6238 -39325.312900 -5032.639970
6239 -39378.702400 -5043.370981
6240 -39377.599800 -4996.425635
6241 -39381.887500 -4983.535853
6242 -39361.848300 -4983.541968
6243 -39411.630500 -5038.067116
6244 -39424.317200 -5010.931658
6245 -39478.303600 -5009.690605
6246 -39415.009600 -5068.805285
6247 -39427.049500 -5027.774618
6248 -39388.967700 -5049.507810
6249 -39371.793900 -5008.659475
6250 -39436.026200 -5020.728574
6251 -39368.629000 -5044.881200
6252 -39418.715900 -5046.647061
6253 -39374.004400 -5069.434802
6254 -39403.400800 -5076.912000
6255 -39360.455600 -5039.399243
6256 -39340.865700 -5083.084167
6257 -39438.849600 -5012.523232
6258 -39287.929900 -5057.479736
6259 -39399.084300 -5090.125538
6260 -39377.745000 -5028.659730
6261 -39349.003100 -4997.157946
6262 -39471.045700 -5067.877969
6263 -39320.560100 -5068.477493
6264 -39394.903300 -5035.464848
6265 -39332.024100 -5080.279528
6266 -39417.643200 -5010.503995
6267 -39421.702900 -5019.387530
6268 -39358.351400 -5077.053129
6269 -39376.926800 -5076.766720
6270 -39294.141000 -5048.247942
6271 -39363.899100 -5048.922780
6272 -39430.930000 -5038.225238
6273 -39440.097900 -5038.417184
6274 -39431.250700 -4991.882657
6275 -39383.060300 -4998.212648
6276 -39270.891300 -5023.532288
6277 -39430.031800 -5014.877862
6278 -39470.001200 -5025.184778
6279 -39380.620200 -5001.646420
6280 -39381.792500 -5050.040511
6281 -39360.853900 -5010.455063
6282 -39394.858500 -5031.107915
6283 -39322.463100 -5051.049167
6284 -39398.345800 -5014.934029
6285 -39394.886800 -5016.672111
6286 -39493.952800 -4962.680794
6287 -39402.370600 -5006.780470
6288 -39420.702900 -5033.010038
6289 -39391.530900 -4990.264352
6290 -39296.398100 -5041.512156
6291 -39387.223000 -5012.280421
6292 -39311.470100 -5069.911737
6293 -39376.973200 -5024.867828
6294 -39330.312500 -5075.395049
6295 -39389.703600 -5024.187065
6296 -39409.377500 -5020.407271
6297 -39332.477100 -5061.386684
6298 -39306.899500 -5036.793071
6299 -39398.278000 -5067.370059
6300 -39313.181500 -5024.595962
6301 -39379.985100 -4994.843150
6302 -39348.183200 -5027.411760
6303 -39388.863800 -5013.461806
6304 -39370.227400 -5047.934247
6305 -39376.451700 -5037.957396
6306 -39496.848100 -5000.315023
6307 -39347.122800 -5023.173892
6308 -39437.787100 -5037.940287
6309 -39454.776500 -5024.912706
6310 -39413.651700 -5068.276666
6311 -39288.985800 -5074.414359
6312 -39492.021800 -4999.869493
6313 -39325.792100 -5013.074465
6314 -39398.652100 -5032.438382
6315 -39449.015300 -5022.984783
6316 -39389.697100 -5038.604454
6317 -39416.142100 -5093.635480
6318 -39426.599700 -5023.130448
6319 -39388.170900 -5032.310414
6320 -39371.005400 -5076.478886
6321 -39492.028700 -5023.256861
6322 -39365.195800 -5069.311601
6323 -39320.154200 -5057.221205
6324 -39356.854900 -5065.275242
6325 -39377.160400 -5057.910859
6326 -39380.635700 -5041.533512
6327 -39400.373300 -5027.876434
6328 -39314.882800 -5033.580573
6329 -39411.407900 -4993.225096
6330 -39429.873900 -5019.973181
6331 -39425.192700 -5078.218613
6332 -39419.614800 -5039.325272
6333 -39375.341800 -5032.984821
6334 -39358.810000 -5035.421599
6335 -39373.640200 -5007.459678
6336 -39410.388100 -5066.213537
6337 -39314.214700 -5039.647305
6338 -39439.703400 -5057.137278
6339 -39369.529300 -5045.559861
6340 -39389.226600 -5043.679363
6341 -39338.263000 -5020.144333
6342 -39490.769100 -5010.539017
6343 -39389.303200 -5055.133986
6344 -39290.668800 -5022.051127
6345 -39456.299100 -5006.333230
6346 -39468.291900 -5024.587717
6347 -39408.866600 -5086.577737
6348 -39389.192700 -5019.584229
6349 -39401.694500 -4988.580221
6350 -39255.546700 -5073.515233
6351 -39310.890700 -5039.199794
6352 -39343.724800 -5068.216797
6353 -39369.723700 -5001.953414
6354 -39367.106600 -5042.393796
6355 -39361.345300 -5028.291765
6356 -39447.638400 -5068.728151
6357 -39368.281000 -5077.971541
6358 -39480.089800 -5048.125445
6359 -39403.479400 -5068.362779
6360 -39426.647200 -5062.969936
6361 -39344.571200 -5033.974933
6362 -39405.219900 -5009.655454
6363 -39361.935800 -5009.617649
6364 -39303.215200 -5058.473715
6365 -39306.617900 -5014.321503
6366 -39290.809800 -5036.803651
6367 -39423.429300 -4972.832098
6368 -39361.009500 -5015.189304
6369 -39368.458900 -5024.485455
6370 -39386.750200 -5039.311619
6371 -39382.188900 -5002.853518
6372 -39263.203800 -5046.006455
6373 -39373.377000 -5065.642320
6374 -39328.263500 -5082.349844
6375 -39325.689200 -5022.072840
6376 -39382.268300 -5015.486193
6377 -39351.468400 -5051.480760
6378 -39349.331200 -5060.445835
6379 -39318.866300 -5018.093774
6380 -39449.873600 -5031.197129
6381 -39445.588600 -4994.523366
6382 -39441.361900 -5017.644112
6383 -39478.843300 -5023.754143
6384 -39378.698700 -5055.409091
6385 -39332.106300 -5052.693857
6386 -39376.581900 -5036.413637
6387 -39386.286000 -5041.630150
6388 -39366.122300 -5043.518561
6389 -39362.255600 -5078.172676
6390 -39337.883700 -5071.150053
6391 -39337.031800 -5015.107759
6392 -39229.152000 -5106.006997
6393 -39331.590500 -5038.333737
6394 -39322.784800 -5027.660234
6395 -39339.489700 -5080.006591
6396 -39341.624200 -5044.313267
6397 -39445.566900 -5074.197235
6398 -39360.586500 -5076.242687
6399 -39374.237400 -5018.633674
6400 -39374.308300 -5071.507565
6401 -39395.732500 -5071.588384
6402 -39432.522900 -5050.648709
6403 -39400.168100 -5025.701973
6404 -39319.384500 -5046.869752
6405 -39374.369300 -5014.263215
6406 -39297.809600 -5055.392469
6407 -39400.132100 -5036.118425
6408 -39321.449200 -5032.554078
6409 -39408.569200 -5004.782865
6410 -39363.450800 -5060.179581
6411 -39341.875200 -5074.823529
6412 -39301.816700 -5082.360170
6413 -39364.814900 -5045.652368
6414 -39332.327700 -5054.759709
6415 -39337.175300 -5013.469079
6416 -39293.375600 -5076.898584
6417 -39355.940800 -5081.374103
6418 -39322.352600 -5048.299049
6419 -39461.868100 -5023.556791
6420 -39369.597100 -5032.617654
6421 -39302.542300 -5080.614133
6422 -39392.003900 -5041.827158
6423 -39354.664600 -4985.986269
6424 -39289.573700 -5041.865364
6425 -39433.525200 -5046.550996
6426 -39376.689600 -5074.509273
6427 -39325.957600 -5039.350157
6428 -39304.219100 -5064.920393
6429 -39377.033100 -5055.717912
6430 -39349.435400 -5015.456361
6431 -39370.050000 -5032.309973
6432 -39433.099400 -5021.842286
6433 -39364.321700 -5079.137423
6434 -39318.180800 -5079.111909
6435 -39451.850700 -4985.327678
6436 -39364.701900 -5054.586986
6437 -39420.742100 -5046.660918
6438 -39379.683400 -5032.747131
6439 -39308.543900 -5063.537049
6440 -39377.723600 -5063.195887
6441 -39363.558800 -5051.415692
6442 -39430.175300 -5032.322189
6443 -39439.102300 -5066.577460
6444 -39431.346000 -5048.957611
6445 -39422.926200 -5050.295035
6446 -39405.476700 -5088.846373
6447 -39369.134100 -5066.302408
6448 -39353.232400 -5073.927540
6449 -39323.523600 -5067.312351
6450 -39459.556900 -5037.015850
6451 -39395.563900 -5036.177372
6452 -39350.823900 -5077.548993
6453 -39445.707900 -5076.196656
6454 -39366.985400 -5065.019436
6455 -39353.088100 -5074.449776
6456 -39407.954700 -5043.376743
6457 -39423.949500 -5063.623701
6458 -39389.793500 -5053.248163
6459 -39470.390900 -5037.179449
6460 -39397.725600 -5012.194804
6461 -39312.123000 -5052.435664
6462 -39322.491600 -5049.011102
6463 -39409.610100 -5046.435157
6464 -39359.526100 -5033.292730
6465 -39380.811600 -5037.997029
6466 -39316.326800 -5114.123747
6467 -39352.777300 -5038.760963
6468 -39413.911200 -5081.833875
6469 -39485.666900 -5031.879262
6470 -39414.907600 -5038.772440
6471 -39381.515100 -5007.718375
6472 -39505.689400 -5034.306054
6473 -39417.586900 -5041.711175
6474 -39342.225600 -5073.933225
6475 -39380.634200 -5030.938203
6476 -39356.064800 -5045.167086
6477 -39394.894300 -5024.223522
6478 -39374.999900 -5037.453987
6479 -39383.972200 -5016.022021
6480 -39422.509300 -5056.369865
6481 -39393.851300 -5087.898654
6482 -39409.410700 -5035.186056
6483 -39412.132000 -5083.512841
6484 -39346.495000 -5039.165885
6485 -39325.437500 -5038.690271
6486 -39341.789400 -5051.008129
6487 -39397.012100 -5100.369989
6488 -39423.129600 -5083.277576
6489 -39431.540600 -5035.667942
6490 -39428.024600 -5052.973983
6491 -39360.687800 -5050.125025
6492 -39381.695900 -5050.394773
6493 -39327.896100 -5080.166069
6494 -39379.902700 -5054.333179
6495 -39405.051900 -5064.900908
6496 -39446.472200 -4994.380750
6497 -39334.178300 -5061.843691
6498 -39362.170200 -5058.765700
6499 -39405.736200 -5039.241095
6500 -39406.342400 -5076.588275
6501 -39426.775100 -4981.968942
6502 -39316.066200 -5032.984922
6503 -39446.915700 -4980.198453
6504 -39391.209500 -5042.919954
6505 -39451.712000 -5059.147487
6506 -39335.962100 -5066.432786
6507 -39315.922400 -5071.402368
6508 -39362.812400 -5044.017232
6509 -39397.881900 -5046.197274
6510 -39321.934000 -5016.897871
6511 -39398.379200 -5075.514160
6512 -39436.047300 -5051.492302
6513 -39429.291400 -5054.728971
6514 -39323.600400 -5089.805142
6515 -39476.858500 -5056.781899
6516 -39384.514500 -5030.707932
6517 -39259.287200 -5123.721876
6518 -39408.207300 -5091.941523
6519 -39411.114000 -5075.132645
6520 -39350.135600 -5040.357771
6521 -39509.029700 -5011.917480
6522 -39420.340900 -5087.298485
6523 -39416.449800 -5038.503728
6524 -39387.354700 -4963.877131
6525 -39388.070900 -5077.133605
6526 -39333.149400 -5076.456292
6527 -39367.714700 -5033.847413
6528 -39333.936800 -5094.172649
6529 -39422.592100 -5031.701448
6530 -39301.676400 -5079.809374
6531 -39406.910800 -5060.287193
6532 -39416.384100 -5023.100421
6533 -39424.773000 -5119.284066
6534 -39402.059400 -5086.235095
6535 -39382.374100 -5039.511059
6536 -39387.559400 -5010.809589
6537 -39400.596700 -5036.472236
6538 -39366.146100 -5041.695506
6539 -39327.960900 -5073.199289
6540 -39392.992200 -5088.265855
6541 -39263.734600 -5107.213103
6542 -39318.284300 -5042.831188
6543 -39307.262000 -5070.423562
6544 -39334.638700 -5060.137265
6545 -39367.633100 -5072.356108
6546 -39351.147000 -5044.640502
6547 -39290.948800 -5099.951530
6548 -39425.376000 -5041.500621
6549 -39400.075400 -5009.051892
6550 -39387.495800 -5030.814731
6551 -39432.842300 -5101.613564
6552 -39450.419100 -5043.941812
6553 -39392.260600 -5003.024442
6554 -39394.908200 -5035.775480
6555 -39402.449000 -5041.785481
6556 -39366.530300 -5091.126580
6557 -39405.351800 -5085.511495
6558 -39431.755600 -4945.489445
6559 -39457.993800 -5034.648853
6560 -39455.190400 -5027.920169
6561 -39435.247700 -5020.379592
6562 -39363.941100 -5084.202677
6563 -39477.113600 -5020.163296
6564 -39467.152000 -5084.587292
6565 -39412.991200 -5027.526673
6566 -39361.918700 -5042.382544
6567 -39454.403000 -5038.663389
6568 -39399.464100 -5048.901949
6569 -39442.456300 -5060.770926
6570 -39418.429200 -5025.111165
6571 -39386.337900 -5040.192024
6572 -39443.682900 -5053.497557
6573 -39406.266100 -5057.204006
6574 -39351.979400 -5041.820762
6575 -39373.715000 -5033.434429
6576 -39413.755600 -5059.224076
6577 -39423.936100 -5013.577445
6578 -39413.433100 -5027.120767
6579 -39431.976500 -5044.611124
6580 -39450.079900 -5082.717275
6581 -39377.399100 -5025.351962
6582 -39343.041200 -5102.011713
6583 -39421.223800 -5094.107316
6584 -39343.879600 -5095.080961
6585 -39449.203900 -5043.500523
6586 -39414.037600 -5045.899946
6587 -39434.546800 -5073.863142
6588 -39386.893400 -5022.564078
6589 -39431.775800 -5025.965487
6590 -39363.965900 -5038.208653
6591 -39450.194800 -5032.572312
6592 -39382.274400 -5031.572389
6593 -39432.896900 -5015.583454
6594 -39387.164300 -5041.617409
6595 -39389.756100 -5050.956578
6596 -39403.835500 -5027.031402
6597 -39315.038200 -5047.994490
6598 -39372.620400 -5030.784049
6599 -39386.926000 -5001.309234
6600 -39389.204500 -5044.322781
6601 -39426.182300 -5011.122945
6602 -39393.326300 -5024.143501
6603 -39352.856400 -5035.896895
6604 -39342.832600 -5062.704388
6605 -39463.667600 -5033.506968
6606 -39361.350700 -5039.206090
6607 -39413.562000 -5080.199429
6608 -39458.951200 -5011.726030
6609 -39313.240300 -5009.408677
6610 -39389.322000 -5011.236310
6611 -39455.174100 -5004.373216
6612 -39416.170700 -5051.569648
6613 -39458.820300 -4994.920213
6614 -39305.812200 -5048.833026
6615 -39443.528600 -4995.341638
6616 -39398.506400 -5079.974344
6617 -39396.889400 -5016.479942
6618 -39463.542300 -5017.578777
6619 -39376.903300 -5030.679738
6620 -39363.978900 -5093.658703
6621 -39344.896300 -5044.678573
6622 -39403.099100 -5059.545254
6623 -39408.393300 -5015.630001
6624 -39370.785600 -5092.776130
6625 -39343.100000 -5007.342762
6626 -39397.751700 -5058.283032
6627 -39452.393600 -5015.664959
6628 -39351.764600 -5065.488816
6629 -39330.594300 -5042.723803
6630 -39365.620800 -5068.457093
6631 -39387.374400 -5033.753339
6632 -39386.251200 -5040.383354
6633 -39331.090800 -5066.485075
6634 -39420.768800 -5051.156041
6635 -39322.307100 -5090.154316
6636 -39429.658800 -5058.055030
6637 -39418.254600 -5088.372375
6638 -39315.684600 -5023.557265
6639 -39441.983900 -5046.230207
6640 -39403.799600 -5025.643704
6641 -39414.555500 -5031.338175
6642 -39301.302400 -5042.975760
6643 -39365.371200 -5039.641329
6644 -39415.626600 -5058.469679
6645 -39319.497500 -5078.191208
6646 -39396.646300 -5059.017549
6647 -39460.281000 -5068.478349
6648 -39478.840700 -4986.754355
6649 -39426.064700 -5025.931430
6650 -39421.303500 -5024.277839
6651 -39393.455500 -5020.251794
6652 -39371.360600 -5054.752951
6653 -39452.440900 -5061.441078
6654 -39448.538500 -5031.097777
6655 -39388.583500 -5050.212447
6656 -39335.907700 -5034.424554
6657 -39373.902900 -5083.766451
6658 -39465.982200 -4988.252609
6659 -39335.598000 -5072.347253
6660 -39510.727500 -5035.846375
6661 -39393.387100 -4986.238931
6662 -39418.426700 -5070.109788
6663 -39401.424800 -5059.770637
6664 -39411.396000 -5018.823342
6665 -39427.006800 -5072.719573
6666 -39417.154300 -5056.943999
6667 -39360.194900 -5066.397675
6668 -39417.265300 -5042.295831
6669 -39450.114700 -5046.598396
6670 -39368.065000 -5037.311738
6671 -39348.209900 -5061.261325
6672 -39389.523200 -5039.580522
6673 -39418.793400 -5060.310705
6674 -39425.468300 -5069.959178
6675 -39369.087400 -5060.308090
6676 -39339.287000 -5060.369781
6677 -39427.304900 -5055.404246
6678 -39384.981800 -5090.297741
6679 -39425.804000 -5036.792182
6680 -39489.339700 -5050.710160
6681 -39397.395300 -5071.078566
6682 -39362.739000 -5087.795945
6683 -39416.800600 -5073.249692
6684 -39430.545800 -5068.134228
6685 -39420.928100 -5061.459471
6686 -39445.381800 -5056.642700
6687 -39430.357200 -5029.091433
6688 -39416.738500 -5000.371339
6689 -39464.103800 -5051.955000
6690 -39370.578400 -5116.066361
6691 -39453.048200 -5038.559475
6692 -39427.531600 -5018.191507
6693 -39398.306200 -5058.749754
6694 -39403.978200 -5022.275926
6695 -39386.007900 -5019.471568
6696 -39412.840000 -5078.661071
6697 -39342.091100 -5065.250351
6698 -39386.818600 -5082.019760
6699 -39379.477700 -5062.987603
6700 -39326.326000 -5097.043517
6701 -39428.776100 -4989.820175
6702 -39372.875900 -5060.753561
6703 -39408.826800 -5012.010676
6704 -39384.160000 -5043.465896
6705 -39456.841500 -5045.330077
6706 -39430.209500 -5054.196009
6707 -39385.231400 -5047.978427
6708 -39259.368700 -5029.160160
6709 -39293.613300 -5081.695941
6710 -39371.018200 -4983.955600
6711 -39407.624600 -5057.649702
6712 -39389.612800 -5064.274671
6713 -39429.350400 -5046.571392
6714 -39341.354900 -5075.423028
6715 -39325.941600 -5032.633212
6716 -39432.564800 -5056.108395
6717 -39341.239500 -5081.782468
6718 -39362.872700 -5070.236992
6719 -39388.647800 -5114.680414
6720 -39320.236500 -5032.587112
6721 -39330.698300 -5083.978067
6722 -39432.007300 -5048.306990
6723 -39330.057500 -5039.084921
6724 -39453.938100 -5053.211394
6725 -39345.314400 -5041.230076
6726 -39417.074400 -4991.265706
6727 -39469.821900 -5043.800789
6728 -39413.505100 -5035.088364
6729 -39361.942700 -5053.081694
6730 -39451.771600 -5024.878191
6731 -39415.824600 -5016.874050
6732 -39400.311800 -5015.362070
6733 -39415.864400 -5028.261426
6734 -39413.421300 -5056.777495
6735 -39443.156400 -5056.078908
6736 -39445.149800 -5013.598713
6737 -39497.206900 -5051.327789
6738 -39371.083200 -5056.865970
6739 -39429.034700 -5070.013853
6740 -39349.460700 -5073.658467
6741 -39330.377800 -5106.754471
6742 -39462.570400 -5027.612190
6743 -39410.211600 -5051.325024
6744 -39372.366300 -5082.932711
6745 -39342.754100 -5053.537995
6746 -39416.600600 -5034.594566
6747 -39437.479100 -5024.350254
6748 -39336.094900 -5106.302245
6749 -39301.390700 -5077.527874
6750 -39351.312100 -5086.376039
6751 -39324.139400 -5077.779241
6752 -39476.534500 -5042.810091
6753 -39417.409900 -5032.830190
6754 -39418.299000 -5039.275018
6755 -39440.048700 -5102.116482
6756 -39394.505100 -5046.424951
6757 -39459.806000 -5030.894254
6758 -39505.595900 -4993.238743
6759 -39413.804900 -5036.218224
6760 -39459.109100 -5072.720700
6761 -39450.434600 -5053.944141
6762 -39384.845300 -5071.500901
6763 -39394.578900 -5099.593109
6764 -39403.255900 -5018.126194
6765 -39369.346900 -5009.897652
6766 -39452.326600 -5046.823659
6767 -39336.227600 -5042.878096
6768 -39450.745800 -5025.448164
6769 -39382.127400 -5043.745710
6770 -39463.616500 -5042.255892
6771 -39454.258300 -5019.282870
6772 -39379.808800 -5086.539549
6773 -39414.498600 -5100.124782
6774 -39371.516900 -5075.452177
6775 -39402.128300 -5055.553916
6776 -39392.329400 -5011.901193
6777 -39332.695900 -5084.442087
6778 -39466.816500 -5060.330978
6779 -39416.742400 -5075.059407
6780 -39449.718600 -5086.530481
6781 -39401.682900 -5037.812864
6782 -39501.518800 -4999.469274
6783 -39395.575500 -5057.440729
6784 -39476.844800 -5074.118604
6785 -39386.680600 -5023.106666
6786 -39487.141400 -5018.831617
6787 -39453.573500 -5054.566261
6788 -39392.080400 -5063.003724
6789 -39404.997400 -5087.448016
6790 -39366.926300 -5106.773021
6791 -39497.910600 -5067.728305
6792 -39405.626500 -5004.123333
6793 -39498.812500 -5038.601558
6794 -39459.273200 -5067.441652
6795 -39353.563000 -5055.546078
6796 -39449.720200 -5088.662763
6797 -39404.039700 -5021.056131
6798 -39456.994200 -5044.293412
6799 -39466.658100 -5019.196298
6800 -39475.438400 -5008.945083
6801 -39502.435800 -5024.011289
6802 -39396.822100 -5054.961501
6803 -39378.258100 -5055.203188
6804 -39306.232100 -5091.170587
6805 -39414.898100 -5011.000088
6806 -39416.595500 -5056.552560
6807 -39483.824000 -5054.090789
6808 -39280.965300 -5033.528502
6809 -39427.738500 -5032.711116
6810 -39412.758100 -5062.414002
6811 -39362.990600 -5039.387471
6812 -39360.601400 -5054.331467
6813 -39317.997300 -5099.663235
6814 -39341.049300 -5094.304182
6815 -39430.704900 -4997.025747
6816 -39439.122700 -5041.571088
6817 -39436.190800 -5062.958076
6818 -39393.635400 -5111.730484
6819 -39415.126600 -5049.182530
6820 -39406.789700 -5067.723786
6821 -39422.754900 -5052.099681
6822 -39431.815800 -5006.181206
6823 -39386.309300 -4992.151073
6824 -39366.644400 -5017.884658
6825 -39504.485600 -5007.018317
6826 -39464.538700 -5033.845473
6827 -39436.114000 -5073.634693
6828 -39468.255300 -5034.705876
6829 -39379.049000 -5070.691138
6830 -39365.764200 -5021.641496
6831 -39414.804100 -5025.212766
6832 -39406.835800 -5048.954674
6833 -39421.929400 -5071.454636
6834 -39387.024300 -5080.522048
6835 -39463.339900 -5055.387607
6836 -39362.898100 -5056.319770
6837 -39420.516000 -5068.747337
6838 -39400.218300 -5087.850054
6839 -39410.751800 -5015.644001
6840 -39382.593600 -5045.167119
6841 -39442.303500 -5007.039955
6842 -39432.892600 -4997.037138
6843 -39353.851500 -5073.787781
6844 -39428.038900 -5053.224727
6845 -39376.304600 -5039.984289
6846 -39400.989000 -5085.005098
6847 -39416.654400 -5043.315613
6848 -39475.212700 -5048.951034
6849 -39359.171300 -5047.098613
6850 -39433.434600 -5058.735734
6851 -39410.884900 -5041.693882
6852 -39438.147000 -5047.595387
6853 -39456.356300 -5080.557091
6854 -39386.432400 -5007.256666
6855 -39449.495900 -5074.240481
6856 -39427.797100 -5047.953940
6857 -39413.090200 -5006.691921
6858 -39510.358000 -5017.885126
6859 -39371.194000 -5064.546398
6860 -39401.851300 -5043.196563
6861 -39390.762000 -5073.782754
6862 -39447.532000 -5049.506126
6863 -39438.889300 -5016.578497
6864 -39380.948700 -5036.418155
6865 -39364.277400 -5046.643993
6866 -39316.130200 -5034.853636
6867 -39407.924300 -5046.902929
6868 -39405.734400 -5032.583503
6869 -39433.450200 -4995.825627
6870 -39401.015200 -5069.383514
6871 -39407.752900 -5064.164712
6872 -39287.327200 -5061.289873
6873 -39333.655300 -5012.392161
6874 -39424.336000 -5017.815275
6875 -39391.861100 -5072.379241
6876 -39411.319100 -5032.150286
6877 -39445.339000 -4974.888217
6878 -39403.055100 -5088.434482
6879 -39428.456100 -5082.575446
6880 -39285.378400 -5064.250642
6881 -39337.201200 -5107.017036
6882 -39421.289800 -5023.193457
6883 -39413.923800 -5000.756772
6884 -39401.120300 -5069.382460
6885 -39369.513100 -5092.162635
6886 -39364.601900 -5045.784408
6887 -39339.432700 -5064.583251
6888 -39364.443200 -5050.554602
6889 -39477.860900 -5033.983589
6890 -39413.837300 -5038.962417
6891 -39398.464400 -5040.620212
6892 -39470.969500 -5024.051800
6893 -39426.942600 -5038.627682
6894 -39416.268800 -5047.076915
6895 -39463.145800 -4993.088417
6896 -39408.361200 -5063.953244
6897 -39428.730400 -5007.549320
6898 -39329.462000 -5001.513675
6899 -39318.438800 -5048.919543
6900 -39393.658300 -5046.471311
6901 -39396.278200 -5004.639926
6902 -39458.833700 -5014.992823
6903 -39520.765300 -4986.988305
6904 -39413.286100 -5024.593723
6905 -39363.964800 -5025.581504
6906 -39440.802500 -5051.225334
6907 -39288.040100 -5034.321393
6908 -39379.675500 -5014.747788
6909 -39437.522400 -5018.958903
6910 -39354.483600 -5036.930522
6911 -39446.434800 -5036.916269
6912 -39405.789900 -5033.770932
6913 -39436.030600 -5033.469659
6914 -39383.743900 -5042.124843
6915 -39366.329300 -5033.766379
6916 -39414.840500 -5004.498348
6917 -39361.521700 -5052.125516
6918 -39366.596100 -5015.059711
6919 -39388.123700 -4983.556831
6920 -39304.954200 -5060.161438
6921 -39416.934500 -5049.020100
6922 -39389.252300 -5048.865956
6923 -39370.906700 -4997.895538
6924 -39418.817100 -4948.797186
6925 -39390.256100 -5017.302069
6926 -39374.575400 -5024.338965
6927 -39372.553300 -5035.473143
6928 -39452.244100 -5052.853012
6929 -39412.402700 -5009.820907
6930 -39459.423100 -5015.925848
6931 -39431.700800 -4995.648816
6932 -39389.217900 -5051.188445
6933 -39403.057200 -5051.966700
6934 -39403.877900 -5034.471160
6935 -39423.101500 -5080.802621
6936 -39371.937700 -5098.942500
6937 -39411.018600 -5035.085473
6938 -39344.034300 -5014.167964
6939 -39415.248700 -5061.293136
6940 -39331.788100 -5030.180990
6941 -39481.560100 -5010.599812
6942 -39304.302100 -5065.205069
6943 -39425.728900 -5087.650405
6944 -39331.338500 -5018.326860
6945 -39343.988300 -5061.150146
6946 -39504.735200 -4969.458089
6947 -39397.402900 -5038.400572
6948 -39445.975300 -5028.859851
6949 -39404.157200 -5049.267312
6950 -39430.036100 -5043.968137
6951 -39370.140100 -5034.857203
6952 -39413.964700 -5035.320747
6953 -39406.569500 -5014.630670
6954 -39369.993200 -5085.143326
6955 -39422.192600 -4983.028038
6956 -39362.748200 -5061.123746
6957 -39452.854200 -4990.815101
6958 -39421.183700 -5049.721331
6959 -39418.962000 -5049.224641
6960 -39405.235100 -5068.331583
6961 -39367.427300 -5057.576318
6962 -39481.621100 -4994.874548
6963 -39378.229600 -5040.722628
6964 -39341.716100 -5056.779387
6965 -39452.372900 -5073.734172
6966 -39285.046800 -5082.357895
6967 -39374.978200 -5062.121615
6968 -39387.376700 -5050.806350
6969 -39411.201900 -5071.626847
6970 -39405.083800 -5081.253062
6971 -39358.681600 -5076.204866
6972 -39442.742800 -5034.745090
6973 -39451.295900 -5023.710428
6974 -39384.825400 -5054.418327
6975 -39418.254600 -5043.723533
6976 -39451.431500 -5022.288409
6977 -39409.504700 -5065.485350
6978 -39486.448500 -5038.273346
6979 -39306.138500 -5090.278609
6980 -39459.790300 -5053.598480
6981 -39388.274400 -5071.949185
6982 -39446.729100 -5005.098424
6983 -39429.815600 -5093.795369
6984 -39483.143300 -5010.541471
6985 -39420.557200 -5059.316085
6986 -39468.365700 -4970.057089
6987 -39358.713700 -5033.022621
6988 -39354.002700 -5061.759006
6989 -39436.711600 -5032.486798
6990 -39427.731000 -5037.125835
6991 -39405.560200 -5090.784236
6992 -39387.825000 -5009.784225
6993 -39382.953900 -5008.954360
6994 -39350.874200 -5046.427434
6995 -39472.746500 -5067.988880
6996 -39450.257900 -5016.205540
6997 -39427.509100 -5044.795755
6998 -39374.977900 -5047.194384
6999 -39435.784100 -4998.967075
7000 -39459.326400 -5020.838818
7001 -39327.071500 -5024.280474
7002 -39367.753200 -5138.115922
7003 -39410.657000 -5012.263917
7004 -39424.589400 -5015.090615
7005 -39474.161700 -5034.407740
7006 -39397.237600 -5068.727708
7007 -39384.070400 -5047.258929
7008 -39443.536500 -5008.546401
7009 -39338.521000 -5097.853633
7010 -39350.383300 -5068.589204
7011 -39361.054400 -5055.619462
7012 -39325.909800 -5099.883510
7013 -39444.243600 -5038.584662
7014 -39379.900500 -5017.855766
7015 -39432.706700 -5065.489053
7016 -39362.322600 -5043.473110
7017 -39370.877200 -5056.178758
7018 -39439.982800 -5044.455783
7019 -39433.557800 -5033.518643
7020 -39448.001800 -5062.541447
7021 -39518.874300 -5024.986579
7022 -39416.078500 -5026.578756
7023 -39373.748500 -5050.449617
7024 -39510.067800 -5028.481048
7025 -39452.474300 -5005.001166
7026 -39407.322100 -5025.102569
7027 -39472.748000 -5034.412755
7028 -39313.036600 -5078.071771
7029 -39397.797400 -5065.119428
7030 -39471.133300 -5031.814622
7031 -39422.818900 -4995.929914
7032 -39433.502900 -4983.039274
7033 -39432.157100 -5047.964542
7034 -39473.207700 -5032.560991
7035 -39411.168600 -5034.971866
7036 -39410.064400 -5048.123764
7037 -39467.473800 -5059.411758
7038 -39468.010400 -4995.849114
7039 -39398.128000 -5031.669574
7040 -39440.079300 -5057.129057
7041 -39462.001600 -5038.473428
7042 -39401.746700 -5031.940965
7043 -39316.999600 -5106.289435
7044 -39514.223200 -5020.952482
7045 -39381.214700 -5046.956815
7046 -39387.714700 -5049.363718
7047 -39417.559800 -5072.331386
7048 -39394.605600 -5057.416012
7049 -39429.409700 -5028.421835
7050 -39455.780100 -5038.187150
7051 -39450.515400 -5012.741934
7052 -39465.014600 -5039.371923
7053 -39521.704700 -5027.609532
7054 -39393.293800 -5072.181097
7055 -39480.894000 -5023.237602
7056 -39344.879900 -5038.348257
7057 -39440.764700 -5016.010477
7058 -39427.197900 -5072.941008
7059 -39415.562500 -5056.810332
7060 -39416.923700 -5046.034981
7061 -39388.451800 -5073.444270
7062 -39337.392600 -5065.087343
7063 -39355.103900 -5056.165710
7064 -39451.799900 -5026.506687
7065 -39440.301300 -5014.167513
7066 -39358.537500 -5037.131577
7067 -39430.631000 -5029.649116
7068 -39490.374300 -5029.185163
7069 -39404.157000 -5041.049213
7070 -39421.826400 -5036.425609
7071 -39466.946400 -5063.631473
7072 -39506.906500 -5028.747379
7073 -39419.694100 -5055.523686
7074 -39391.241000 -5023.915852
7075 -39353.621900 -5052.199697
7076 -39499.244500 -5068.232413
7077 -39427.160000 -5079.961108
7078 -39480.717300 -5054.677208
7079 -39446.458400 -5016.151536
7080 -39434.860300 -5053.728734
7081 -39425.358400 -5024.320014
7082 -39357.004300 -5107.007513
7083 -39355.969000 -5069.221873
7084 -39403.148200 -5030.292786
7085 -39422.816600 -5030.644412
7086 -39393.541700 -5059.570902
7087 -39416.381300 -5067.635731
7088 -39415.760400 -5070.479650
7089 -39441.765200 -5056.200950
7090 -39384.497800 -5067.687074
7091 -39459.433800 -5046.769420
7092 -39468.176900 -5009.679184
7093 -39545.739800 -5037.061928
7094 -39506.466800 -5025.211949
7095 -39547.879600 -5058.248289
7096 -39468.785400 -5072.821325
7097 -39445.496600 -5058.280752
7098 -39393.919400 -5061.603167
7099 -39369.886500 -5047.284310
7100 -39423.946600 -5029.635154
7101 -39463.688800 -5044.110730
7102 -39369.558300 -5061.843600
7103 -39419.767900 -4998.925223
7104 -39413.313400 -5064.391925
7105 -39301.031500 -5090.128985
7106 -39469.846300 -4986.510209
7107 -39465.191500 -5002.190375
7108 -39444.731300 -5042.100318
7109 -39294.326000 -5105.410281
7110 -39391.318300 -5055.264336
7111 -39376.465200 -5016.929764
7112 -39437.615200 -5032.658386
7113 -39400.809200 -5031.560117
7114 -39430.134300 -5055.746278
7115 -39496.831600 -5006.967080
7116 -39376.898700 -5096.408737
7117 -39398.969800 -5047.303798
7118 -39299.178300 -5020.332758
7119 -39408.159400 -5051.225703
7120 -39536.128700 -4996.934745
7121 -39330.251100 -5053.014098
7122 -39435.765500 -5049.349455
7123 -39434.551000 -5065.248990
7124 -39407.659100 -5065.710282
7125 -39451.461700 -5028.005757
7126 -39460.237400 -5044.012610
7127 -39295.043600 -5084.730001
7128 -39396.490800 -5057.304629
7129 -39381.409800 -5049.985192
7130 -39423.393800 -5006.333618
7131 -39340.508600 -5035.588924
7132 -39350.572400 -5023.556804
7133 -39405.744200 -5064.484839
7134 -39490.190000 -5024.456870
7135 -39453.927800 -5009.817934
7136 -39428.987800 -5016.514017
7137 -39375.500600 -5068.806631
7138 -39363.642100 -5111.484880
7139 -39446.219500 -5029.623939
7140 -39443.508300 -5110.814400
7141 -39403.057400 -5092.205895
7142 -39412.632800 -5052.467989
7143 -39425.957600 -5081.150948
7144 -39525.091400 -5002.744791
7145 -39366.070400 -5017.006750
7146 -39455.476400 -5046.209573
7147 -39410.633000 -5110.837379
7148 -39330.523700 -5037.975448
7149 -39385.536900 -5077.718765
7150 -39448.752000 -5053.245176
7151 -39348.318000 -5077.810675
7152 -39442.677900 -5085.378261
7153 -39407.389000 -5082.167116
7154 -39345.884300 -5050.299890
7155 -39490.933100 -5030.709942
7156 -39397.987600 -5046.742712
7157 -39308.405500 -5052.398320
7158 -39436.995300 -4991.100056
7159 -39510.348600 -5029.830291
7160 -39396.046800 -5068.588017
7161 -39420.135600 -5079.752167
7162 -39431.960400 -5036.909190
7163 -39522.171800 -5053.983614
7164 -39400.382200 -5065.765891
7165 -39366.682300 -5055.389423
7166 -39379.417100 -5061.915634
7167 -39457.901800 -5081.096180
7168 -39433.450400 -5057.078436
7169 -39466.153200 -5094.999567
7170 -39426.083900 -5070.315470
7171 -39423.672700 -5030.485531
7172 -39341.383600 -5068.771295
7173 -39414.603700 -5053.343729
7174 -39437.002200 -5007.047684
7175 -39417.074700 -5032.962089
7176 -39435.178600 -5038.841705
7177 -39447.891300 -5078.367214
7178 -39470.858200 -5035.151774
7179 -39421.877900 -5059.121106
7180 -39392.835700 -5066.887789
7181 -39376.743000 -5027.595888
7182 -39510.963100 -5022.528352
7183 -39399.544700 -5061.160708
7184 -39399.835300 -5096.678475
7185 -39320.063200 -5122.830330
7186 -39356.517600 -5074.791570
7187 -39490.054600 -5044.924561
7188 -39471.849500 -5032.796203
7189 -39386.793800 -5119.855969
7190 -39384.601800 -5098.448280
7191 -39374.387800 -5090.324855
7192 -39421.849200 -5099.972049
7193 -39339.797000 -5065.171938
7194 -39450.435400 -5053.152511
7195 -39423.105900 -5075.473803
7196 -39372.606200 -5074.349444
7197 -39381.980300 -5006.954855
7198 -39396.769700 -5127.805342
7199 -39423.340900 -5092.810425
7200 -39426.560800 -5002.408747
7201 -39417.882900 -5048.697052
7202 -39395.425700 -5055.075569
7203 -39479.046200 -5070.558980
7204 -39406.640500 -5082.360939
7205 -39403.506500 -5100.060836
7206 -39485.354100 -5087.262732
7207 -39371.625300 -5055.795195
7208 -39399.558000 -5028.705886
7209 -39405.312500 -5058.890002
7210 -39336.276300 -5092.442063
7211 -39330.849500 -5104.304019
7212 -39408.189600 -5057.710658
7213 -39377.995700 -5010.983869
7214 -39406.076600 -5046.781371
7215 -39337.867100 -5108.944019
7216 -39487.257300 -5060.683132
7217 -39401.679700 -5067.707170
7218 -39366.122300 -5112.533016
7219 -39391.526900 -5091.660405
7220 -39445.351600 -5086.937023
7221 -39379.922100 -5007.693920
7222 -39386.429700 -5080.824898
7223 -39423.690200 -5075.480689
7224 -39417.858600 -5065.288882
7225 -39469.549300 -5080.384667
7226 -39341.638500 -5089.822906
7227 -39454.075800 -5044.402475
7228 -39421.707000 -5045.215276
7229 -39371.687300 -5082.114631
7230 -39374.138600 -5116.339919
7231 -39390.368500 -5032.476788
7232 -39427.429400 -5045.596820
7233 -39336.164500 -5105.640849
7234 -39448.215500 -5086.715101
7235 -39432.905500 -5043.081058
7236 -39390.104000 -5041.005853
7237 -39396.250800 -5049.842213
7238 -39363.392300 -5086.833317
7239 -39416.427100 -5076.646364
7240 -39470.464300 -5027.314158
7241 -39462.863800 -5033.368830
7242 -39475.025700 -5094.084337
7243 -39396.847600 -5047.789526
7244 -39407.185800 -5082.978122
7245 -39394.584500 -5046.587484
7246 -39413.957800 -5086.515417
7247 -39339.342200 -5053.002407
7248 -39405.831400 -5039.032143
7249 -39428.369800 -5027.415766
7250 -39452.260300 -4995.369126
7251 -39383.733800 -5049.244718
7252 -39373.011700 -5061.988763
7253 -39467.481300 -5053.752191
7254 -39377.865100 -5042.444557
7255 -39371.295900 -5052.091171
7256 -39418.689900 -5018.487971
7257 -39454.597700 -5105.105297
7258 -39276.793900 -5067.849941
7259 -39431.220800 -5075.458445
7260 -39475.264300 -5056.203470
7261 -39382.123100 -5080.208670
7262 -39418.138500 -5069.570366
7263 -39440.396500 -5058.147438
7264 -39470.182800 -5103.334668
7265 -39333.581900 -5067.300175
7266 -39416.921300 -5038.872936
7267 -39388.582600 -5077.743637
7268 -39398.714100 -5097.127662
7269 -39362.351800 -5100.407890
7270 -39487.977300 -5005.625460
7271 -39371.226600 -5056.678298
7272 -39407.926900 -5063.366707
7273 -39436.089000 -5068.957930
7274 -39372.306700 -5063.366273
7275 -39366.107000 -5017.423529
7276 -39387.784000 -5045.250729
7277 -39372.844700 -5063.960162
7278 -39411.225600 -5045.326201
7279 -39353.028700 -5077.418731
7280 -39398.621800 -5050.027045
7281 -39387.112900 -5075.945869
7282 -39402.263900 -5093.394856
7283 -39418.938400 -5124.672979
7284 -39417.127700 -5126.408657
7285 -39351.781400 -5079.780693
7286 -39391.866800 -5016.868806
7287 -39332.696200 -5073.069976
7288 -39398.107500 -5070.862891
7289 -39350.834600 -5047.291776
7290 -39309.524300 -5042.610447
7291 -39430.372900 -5036.610203
7292 -39343.637400 -5046.209493
7293 -39490.317000 -5055.486872
7294 -39388.111000 -5096.577979
7295 -39449.689200 -5106.152596
7296 -39448.947800 -5088.292135
7297 -39419.174300 -5078.392149
7298 -39405.669800 -5053.799492
7299 -39393.016300 -5013.462448
7300 -39327.287800 -5093.071565
7301 -39384.482100 -5115.169045
7302 -39415.309800 -5046.403995
7303 -39305.511000 -5093.525456
7304 -39392.956500 -5076.047266
7305 -39371.620500 -5118.781016
7306 -39423.584800 -5066.163285
7307 -39413.919800 -5036.126756
7308 -39374.007000 -5039.051845
7309 -39409.550800 -5065.615708
7310 -39416.602300 -5040.901761
7311 -39438.140100 -5112.069812
7312 -39381.372500 -5087.192055
7313 -39448.134900 -5029.009032
7314 -39410.874300 -5092.336797
7315 -39427.045600 -5096.002709
7316 -39391.184700 -5091.766772
7317 -39340.464100 -5097.248705
7318 -39346.284700 -5071.199013
7319 -39441.061500 -5022.951819
7320 -39416.256400 -5029.438714
7321 -39397.380000 -5080.472469
7322 -39442.456700 -5063.745078
7323 -39366.183600 -5102.019241
7324 -39367.757500 -5069.735442
7325 -39339.569600 -5037.492189
7326 -39353.465700 -5035.144462
7327 -39370.823600 -5040.101860
7328 -39359.727400 -5057.975168
7329 -39317.855000 -5052.687669
7330 -39396.106600 -5077.006408
7331 -39385.637200 -5042.641009
7332 -39357.686600 -5093.083002
7333 -39437.433400 -5049.824413
7334 -39312.727400 -5035.876252
7335 -39308.793000 -5074.889550
7336 -39359.650700 -5036.138993
7337 -39455.012600 -5040.558649
7338 -39400.630400 -5061.618787
7339 -39344.452100 -5048.843368
7340 -39435.995900 -5005.198364
7341 -39418.987500 -5056.648852
7342 -39356.420800 -5059.394585
7343 -39435.298400 -5016.888215
7344 -39362.082100 -5024.212904
7345 -39379.521100 -5054.264599
7346 -39348.834200 -5074.840735
7347 -39339.500400 -5070.279176
7348 -39418.110000 -5033.167988
7349 -39430.155500 -5025.803385
7350 -39424.819300 -5064.473422
7351 -39429.513700 -5049.975568
7352 -39278.766900 -5062.301940
7353 -39416.858800 -5063.789647
7354 -39422.775100 -5081.456245
7355 -39439.729800 -5087.369414
7356 -39328.412600 -5057.264037
7357 -39404.003400 -5050.278811
7358 -39355.244200 -5099.851591
7359 -39390.047900 -5050.892634
7360 -39424.987800 -5024.889366
7361 -39417.094900 -5019.224725
7362 -39341.025200 -5087.073651
7363 -39296.234200 -5093.576338
7364 -39353.986200 -5131.992731
7365 -39395.386000 -5080.303823
7366 -39364.007100 -5071.612685
7367 -39461.765500 -5011.861312
7368 -39276.433600 -5077.639933
7369 -39324.043100 -5073.911364
7370 -39398.674500 -5046.716834
7371 -39380.408500 -5069.229102
7372 -39458.733600 -5062.078180
7373 -39451.517600 -5069.435184
7374 -39427.033700 -5023.355158
7375 -39335.509500 -5036.583711
7376 -39348.796800 -5132.657763
7377 -39391.828800 -5053.234649
7378 -39447.296000 -5045.746071
7379 -39447.326300 -5019.526036
7380 -39392.329200 -5023.155037
7381 -39363.496700 -5053.520597
7382 -39480.405400 -5023.010667
7383 -39423.723800 -5070.440559
7384 -39403.215200 -5073.051131
7385 -39325.645300 -5062.383777
7386 -39394.002900 -5080.226333
7387 -39419.997100 -5038.717350
7388 -39441.725400 -5028.973848
7389 -39430.891300 -5042.773296
7390 -39374.292200 -5045.319714
7391 -39404.506200 -5049.128557
7392 -39458.779100 -5039.269104
7393 -39371.914700 -5038.595222
7394 -39386.270600 -5083.731477
7395 -39374.550500 -5033.974144
7396 -39357.578500 -5092.405128
7397 -39422.371500 -4995.778264
7398 -39432.863200 -5052.400549
7399 -39357.805300 -5058.221791
7400 -39329.715200 -5069.220530
7401 -39388.912000 -5029.635054
7402 -39366.340500 -5097.880691
7403 -39449.761600 -5023.291146
7404 -39365.634500 -5010.687263
7405 -39387.701200 -5055.854334
7406 -39354.156400 -5032.030727
7407 -39388.368600 -5033.842628
7408 -39357.128100 -5059.234358
7409 -39361.029200 -5093.360959
7410 -39445.359800 -5072.337569
7411 -39480.230100 -5059.643121
7412 -39336.080900 -5090.456053
7413 -39435.825800 -5080.352390
7414 -39432.965900 -5084.544957
7415 -39421.672000 -5073.823034
7416 -39356.643900 -5081.090622
7417 -39423.774700 -5045.230867
7418 -39399.822600 -5048.162267
7419 -39377.412100 -5046.435769
7420 -39281.601000 -5131.761002
7421 -39338.597400 -5039.363776
7422 -39353.343000 -5085.857603
7423 -39353.107800 -5078.511926
7424 -39404.060300 -5040.552079
7425 -39305.348500 -5063.104636
7426 -39343.774200 -5085.918453
7427 -39300.900700 -5133.801747
7428 -39374.060100 -5044.225780
7429 -39380.493500 -5073.538239
7430 -39338.473500 -5035.390082
7431 -39340.526200 -5039.472033
7432 -39363.595400 -5105.159202
7433 -39372.200900 -5069.612473
7434 -39451.626700 -5033.935705
7435 -39361.201300 -5048.916182
7436 -39371.703600 -5111.561234
7437 -39389.168000 -5095.361074
7438 -39413.458000 -5060.155141
7439 -39374.883100 -5097.658989
7440 -39323.964500 -5109.130103
7441 -39444.956900 -5057.964441
7442 -39405.419900 -5087.316754
7443 -39427.681100 -5062.726986
7444 -39407.379500 -5035.570086
7445 -39299.078700 -5060.148474
7446 -39319.902500 -5047.613744
7447 -39345.811200 -5089.916675
7448 -39373.298400 -5022.420963
7449 -39278.892500 -5086.072473
7450 -39383.561700 -5051.772186
7451 -39392.124600 -5036.234015
7452 -39337.462000 -5078.103216
7453 -39354.354200 -5080.045868
7454 -39342.815600 -5116.538973
7455 -39369.878200 -5074.141867
7456 -39282.387700 -5104.242510
7457 -39369.742800 -5087.682680
7458 -39393.437100 -5015.199526
7459 -39478.765300 -5018.426764
7460 -39362.782700 -5095.368161
7461 -39414.888000 -5058.519622
7462 -39365.623400 -5043.204912
7463 -39298.216300 -5055.344612
7464 -39293.157400 -5135.960698
7465 -39341.020800 -5043.611732
7466 -39387.987700 -5050.218077
7467 -39391.025300 -5064.478610
7468 -39268.244000 -5076.597424
7469 -39397.588500 -5011.791389
7470 -39295.977300 -5047.469323
7471 -39245.510700 -5094.356225
7472 -39403.945900 -5046.430943
7473 -39385.703600 -5014.569085
7474 -39380.764000 -5059.712531
7475 -39349.272100 -5063.262594
7476 -39327.803400 -5002.257474
7477 -39322.928200 -5072.202981
7478 -39325.253700 -5042.331245
7479 -39424.766400 -5054.125788
7480 -39368.940900 -5067.595344
7481 -39371.376800 -5060.950166
7482 -39360.125600 -5045.197893
7483 -39393.979700 -5088.895044
7484 -39335.405400 -5063.295681
7485 -39359.893700 -5038.927501
7486 -39341.811400 -5077.634403
7487 -39400.973900 -5023.586987
7488 -39482.743500 -5039.515894
7489 -39457.133900 -5072.337174
7490 -39399.533200 -5060.218719
7491 -39333.988700 -5075.674913
7492 -39385.286600 -5004.996561
7493 -39368.992400 -5030.527661
7494 -39310.889300 -5053.033290
7495 -39394.263600 -5014.790062
7496 -39361.913600 -5052.107770
7497 -39536.871900 -5064.291166
7498 -39337.195600 -5121.308927
7499 -39347.803500 -5078.855908
7500 -39352.650300 -5053.788294
7501 -39351.920000 -5016.611198
7502 -39300.872900 -5044.171138
7503 -39348.222600 -5083.083005
7504 -39301.404100 -5061.613159
7505 -39414.249700 -5038.910269
7506 -39276.768000 -5147.911836
7507 -39338.083200 -5084.290319
7508 -39410.533500 -5080.368008
7509 -39436.956300 -5044.735280
7510 -39373.614700 -5063.934256
7511 -39371.770900 -5064.817697
7512 -39412.392400 -5027.493429
7513 -39309.998600 -5058.656685
7514 -39319.951500 -5044.487129
7515 -39390.604400 -5096.467952
7516 -39442.836600 -5064.109596
7517 -39393.555900 -5077.240086
7518 -39394.867800 -5072.161513
7519 -39387.669100 -5071.438176
7520 -39330.017600 -5068.184525
7521 -39401.680600 -5017.876697
7522 -39461.189200 -5019.715035
7523 -39382.185500 -5009.649682
7524 -39404.704800 -5027.230378
7525 -39301.860600 -5063.574652
7526 -39388.442000 -5077.758117
7527 -39343.325000 -5049.757531
7528 -39326.500100 -5062.726024
7529 -39267.653100 -5056.969970
7530 -39261.923200 -5048.826448
7531 -39381.014400 -5065.183391
7532 -39341.840300 -5045.151046
7533 -39432.294700 -4993.615778
7534 -39378.116200 -4958.110295
7535 -39381.966300 -5035.804494
7536 -39386.711800 -5065.463369
7537 -39369.476100 -5020.132949
7538 -39367.158300 -5008.910324
7539 -39276.363200 -4997.911041
7540 -39326.328500 -5068.417253
7541 -39446.875700 -5040.605547
7542 -39334.119400 -5036.495032
7543 -39309.777900 -5092.788007
7544 -39462.586600 -5086.508967
7545 -39299.434600 -5083.957347
7546 -39362.784200 -5049.219596
7547 -39392.840200 -5011.177746
7548 -39393.644800 -5044.209108
7549 -39414.057900 -5037.842924
7550 -39398.111600 -5027.745587
7551 -39464.814600 -5103.706902
7552 -39465.392700 -5058.247671
7553 -39345.493000 -5117.687996
7554 -39353.465300 -4999.301871
7555 -39407.094900 -5058.179510
7556 -39424.292300 -5028.790106
7557 -39407.843000 -5016.173338
7558 -39373.644000 -5034.765097
7559 -39300.904700 -5070.374080
7560 -39423.631300 -5021.322972
7561 -39411.020400 -5041.768492
7562 -39387.752400 -5028.255977
7563 -39289.019300 -5014.872620
7564 -39274.718400 -5092.681079
7565 -39359.728900 -5065.425543
7566 -39406.772400 -5022.620991
7567 -39454.417300 -5021.740093
7568 -39350.968400 -5011.006330
7569 -39410.684800 -5035.124068
7570 -39366.199000 -5034.887977
7571 -39317.999900 -5078.083698
7572 -39429.908900 -5058.267089
7573 -39435.293100 -5051.121361
7574 -39357.268000 -5013.687009
7575 -39331.590400 -5016.135782
7576 -39413.097300 -5027.051408
7577 -39302.551000 -5089.250940
7578 -39346.805600 -5045.778475
7579 -39324.963900 -5107.051583
7580 -39276.143500 -5035.001809
7581 -39376.536800 -5057.561609
7582 -39305.836000 -5072.660292
7583 -39434.241000 -5014.284400
7584 -39343.884000 -5069.278127
7585 -39311.469400 -5085.121841
7586 -39323.159100 -5071.209054
7587 -39329.633000 -5044.331727
7588 -39397.548900 -5043.675245
7589 -39338.072100 -5049.183917
7590 -39356.764000 -5039.290259
7591 -39350.498000 -5053.875305
7592 -39441.377800 -5000.560300
7593 -39386.913900 -4999.489475
7594 -39353.896500 -5008.087686
7595 -39386.823000 -5062.563102
7596 -39405.917100 -5023.930993
7597 -39379.152000 -5027.319104
7598 -39425.931500 -5032.978550
7599 -39359.883000 -5011.489666
7600 -39389.145200 -5066.011857
7601 -39400.843800 -5067.919371
7602 -39358.584900 -5035.006003
7603 -39386.035400 -5058.123923
7604 -39440.162900 -5027.641430
7605 -39385.429100 -5009.630242
7606 -39384.229100 -5013.771272
7607 -39377.676200 -5042.277546
7608 -39399.415000 -5036.002007
7609 -39257.256100 -5077.262066
7610 -39435.647200 -5058.543155
7611 -39371.254700 -5041.123665
7612 -39413.386700 -5055.305858
7613 -39408.214700 -5022.373093
7614 -39411.320000 -5071.075373
7615 -39259.853600 -5083.359451
7616 -39345.140200 -5039.392575
7617 -39357.865900 -5016.090542
7618 -39355.040900 -5037.091280
7619 -39405.680400 -5083.794104
7620 -39436.510600 -5040.961420
7621 -39292.709100 -5061.470893
7622 -39288.627200 -5052.384385
7623 -39328.810300 -5092.588006
7624 -39327.087000 -5063.807393
7625 -39387.023700 -5063.168406
7626 -39374.627200 -4981.244697
7627 -39343.546500 -5067.060628
7628 -39408.543300 -5035.336660
7629 -39416.221900 -5031.710680
7630 -39304.827400 -5047.506204
7631 -39443.268800 -5022.264485
7632 -39378.757800 -5060.120445
7633 -39369.844900 -5057.467464
7634 -39512.357400 -4987.849326
7635 -39406.075200 -5058.055957
7636 -39389.874200 -5057.589339
7637 -39340.595900 -5048.220778
7638 -39314.191300 -5045.883228
7639 -39338.062500 -5055.697604
7640 -39406.911100 -5011.267741
7641 -39351.840000 -5080.441459
7642 -39416.770100 -5039.032717
7643 -39333.262800 -5037.061839
7644 -39371.568400 -5054.434345
7645 -39345.255700 -5075.214687
7646 -39319.806400 -5099.005781
7647 -39331.633800 -5025.334885
7648 -39372.473400 -5039.867388
7649 -39403.074900 -5028.673423
7650 -39364.120700 -5072.767241
7651 -39364.876300 -5027.496939
7652 -39486.203300 -5018.156970
7653 -39390.889300 -5070.676945
7654 -39405.666200 -5068.434095
7655 -39431.398700 -5064.747551
7656 -39354.547200 -5084.947248
7657 -39395.859100 -5005.804904
7658 -39310.845600 -5084.645487
7659 -39347.946700 -5058.365222
7660 -39277.981400 -5033.115789
7661 -39313.902500 -5021.390317
7662 -39343.707100 -5075.634505
7663 -39354.645300 -5020.074768
7664 -39345.900600 -5017.318867
7665 -39413.012500 -5031.477749
7666 -39334.388300 -5039.992638
7667 -39367.816800 -5064.369911
7668 -39387.328600 -5039.909359
7669 -39306.383700 -5033.824295
7670 -39374.695900 -5050.449041
7671 -39335.830400 -5117.823995
7672 -39389.845200 -5110.186085
7673 -39348.575100 -5095.569013
7674 -39327.551700 -5102.623063
7675 -39352.533200 -5051.336054
7676 -39303.275500 -5078.779684
7677 -39361.060200 -5029.964630
7678 -39331.645200 -5077.299738
7679 -39303.164500 -5092.244182
7680 -39419.451400 -5049.588751
7681 -39473.734400 -5021.440702
7682 -39327.488500 -5047.898474
7683 -39330.693100 -5034.537141
7684 -39350.337400 -5050.926723
7685 -39375.176900 -5025.718245
7686 -39337.395200 -5082.175172
7687 -39404.638100 -5072.197360
7688 -39348.754900 -5038.364838
7689 -39419.124700 -5011.254540
7690 -39363.556200 -5030.820936
7691 -39334.451200 -5114.596043
7692 -39469.811400 -5018.025171
7693 -39299.466100 -5059.474539
7694 -39351.347200 -5059.046310
7695 -39361.662600 -5032.537936
7696 -39371.606800 -5055.817928
7697 -39372.629400 -5026.467758
7698 -39415.870400 -5079.606547
7699 -39380.069400 -5018.929860
7700 -39369.824200 -5074.775359
7701 -39473.015600 -5065.761952
7702 -39389.624000 -5056.227800
7703 -39349.328200 -5050.737205
7704 -39377.888000 -5033.944219
7705 -39466.493600 -5027.972519
7706 -39394.309600 -5086.200041
7707 -39309.260100 -5110.631475
7708 -39358.891100 -5039.329579
7709 -39380.498600 -5073.129676
7710 -39359.410600 -5012.411623
7711 -39412.013300 -5057.449824
7712 -39339.794900 -5036.249819
7713 -39411.776700 -5019.550110
7714 -39450.692100 -5030.770153
7715 -39493.544900 -5038.599349
7716 -39332.572400 -5078.297749
7717 -39378.682400 -5016.273920
7718 -39402.304900 -5040.320560
7719 -39342.030000 -5026.833506
7720 -39293.459800 -5051.542821
7721 -39423.248200 -5029.408828
7722 -39325.063100 -5062.837084
7723 -39424.956200 -5048.838346
7724 -39373.804300 -5080.150527
7725 -39338.732700 -5059.116049
7726 -39340.225500 -5098.848993
7727 -39327.316200 -5090.210481
7728 -39397.648000 -5067.148562
7729 -39381.158500 -5062.893089
7730 -39405.507800 -5045.587009
7731 -39383.185300 -5039.110032
7732 -39397.893200 -5043.225947
7733 -39315.445200 -5092.856342
7734 -39339.564100 -5067.181177
7735 -39347.030900 -5092.278382
7736 -39343.367100 -5076.643198
7737 -39425.551800 -5040.205840
7738 -39375.917400 -5058.187845
7739 -39391.754500 -5061.639582
7740 -39518.013800 -5033.659313
7741 -39366.725600 -5030.406896
7742 -39330.816500 -5086.529632
7743 -39370.638600 -5023.963377
7744 -39363.294900 -5052.046870
7745 -39385.107200 -5045.099535
7746 -39419.266900 -5087.376617
7747 -39429.989100 -4978.039781
7748 -39446.963700 -5066.153622
7749 -39307.233400 -5026.877756
7750 -39412.476100 -5017.959845
7751 -39438.399600 -5083.885590
7752 -39363.066300 -5050.210415
7753 -39335.860100 -5047.948420
7754 -39351.799400 -5065.811666
7755 -39404.757300 -5130.161149
7756 -39360.487700 -5062.489892
7757 -39478.925200 -5027.249069
7758 -39330.713300 -5091.527890
7759 -39329.919700 -5051.210270
7760 -39337.727000 -5036.227817
7761 -39395.895600 -5017.017839
7762 -39298.724100 -5021.301380
7763 -39415.860500 -5061.059934
7764 -39454.359900 -5026.959406
7765 -39424.814400 -5068.958690
7766 -39348.888700 -5034.890535
7767 -39368.489500 -5038.609556
7768 -39365.793800 -5017.092359
7769 -39324.115400 -5059.819063
7770 -39293.918500 -5070.206777
7771 -39351.582600 -5069.149314
7772 -39385.434700 -5028.123440
7773 -39333.788800 -5076.657388
7774 -39333.649600 -5017.501239
7775 -39467.055200 -5055.448267
7776 -39372.653900 -5040.224676
7777 -39336.311500 -5085.921715
7778 -39374.475400 -5044.018376
7779 -39392.819800 -5038.475257
7780 -39351.756100 -5033.074317
7781 -39447.167900 -5039.024652
7782 -39372.110000 -5064.166987
7783 -39493.925900 -5003.799311
7784 -39448.940100 -5020.708720
7785 -39355.953900 -5054.174791
7786 -39300.980500 -5044.469896
7787 -39436.542800 -5056.631613
7788 -39395.366600 -5056.708301
7789 -39444.204600 -5034.659757
7790 -39378.157000 -5045.522536
7791 -39411.197300 -5007.300061
7792 -39338.510800 -5094.065556
7793 -39322.695700 -5063.494202
7794 -39405.208700 -5055.326739
7795 -39371.209200 -5089.080687
7796 -39401.867400 -5061.147679
7797 -39346.599000 -5073.081055
7798 -39402.475600 -5045.330410
7799 -39486.590700 -5038.151701
7800 -39340.874700 -5049.397816
7801 -39452.289300 -5054.854970
7802 -39380.110500 -5057.681300
7803 -39437.245700 -5022.070739
7804 -39331.475200 -5047.681586
7805 -39293.840400 -5130.793304
7806 -39319.277100 -5084.810235
7807 -39427.607600 -5036.629146
7808 -39331.603700 -5055.976606
7809 -39343.458300 -5086.419253
7810 -39310.271900 -5070.051315
7811 -39341.364900 -5081.313632
7812 -39463.682700 -5054.588894
7813 -39367.784300 -5076.914644
7814 -39457.300700 -5029.393305
7815 -39287.711700 -5070.132406
7816 -39371.978200 -5063.814274
7817 -39353.174900 -5089.221639
7818 -39412.566600 -5047.101680
7819 -39419.992300 -5055.797117
7820 -39305.557300 -5050.878153
7821 -39327.801900 -5021.941385
7822 -39314.939000 -5029.288901
7823 -39366.993400 -5033.289726
7824 -39393.648500 -5048.587330
7825 -39422.042200 -5058.462182
7826 -39468.533700 -5024.755426
7827 -39423.024800 -5018.386752
7828 -39333.463600 -5094.307158
7829 -39320.859600 -5066.592714
7830 -39413.266500 -5054.237172
7831 -39349.321100 -5049.194886
7832 -39510.360100 -5027.024630
7833 -39405.651800 -5029.238077
7834 -39367.149700 -5033.574050
7835 -39331.486800 -5056.253198
7836 -39389.665900 -5019.338909
7837 -39360.745100 -5053.094973
7838 -39342.397900 -5068.235826
7839 -39398.556900 -5029.395442
7840 -39369.618800 -5036.423523
7841 -39419.743600 -5081.484592
7842 -39321.082900 -5043.366171
7843 -39381.831600 -5019.192148
7844 -39334.217700 -5031.292290
7845 -39445.678000 -5061.166934
7846 -39438.564400 -5064.675454
7847 -39401.916800 -5053.168788
7848 -39369.922500 -5025.460833
7849 -39309.865200 -5034.584776
7850 -39434.346200 -5083.487460
7851 -39422.281000 -5011.261844
7852 -39341.304100 -5050.789277
7853 -39374.348500 -5038.496544
7854 -39302.760100 -5107.050707
7855 -39415.401100 -5043.163146
7856 -39299.341600 -5055.789980
7857 -39344.074700 -5055.546464
7858 -39385.192800 -5083.132177
7859 -39319.384800 -5020.503522
7860 -39377.974000 -5017.476263
7861 -39397.598600 -5035.021506
7862 -39344.649600 -5074.126462
7863 -39269.257400 -5055.909336
7864 -39409.628400 -5039.893272
7865 -39340.175200 -5059.027890
7866 -39400.005200 -5026.547483
7867 -39412.835400 -5024.569069
7868 -39316.390300 -5026.672232
7869 -39315.379900 -5054.827180
7870 -39346.534400 -5065.090517
7871 -39339.533400 -5042.408713
7872 -39303.454500 -5023.186762
7873 -39368.053200 -5020.620846
7874 -39412.639900 -4995.719619
7875 -39352.042900 -5002.784677
7876 -39377.605800 -5038.244111
7877 -39357.583900 -5064.642024
7878 -39372.190800 -5043.722803
7879 -39413.158200 -5019.388904
7880 -39321.142900 -5061.918805
7881 -39419.353200 -5021.480127
7882 -39389.470300 -5034.570957
7883 -39315.149100 -5025.583966
7884 -39400.151300 -5058.305861
7885 -39432.704400 -5034.484178
7886 -39398.801600 -5005.221067
7887 -39379.413100 -4999.836875
7888 -39290.086400 -5022.264094
7889 -39378.669300 -5015.613827
7890 -39375.193500 -5051.839340
7891 -39395.764800 -5077.899719
7892 -39481.287900 -5023.135026
7893 -39359.007600 -5061.898501
7894 -39366.037400 -5023.242188
7895 -39382.558100 -5050.354627
7896 -39369.173300 -5020.989458
7897 -39382.259300 -5047.871680
7898 -39371.326900 -5071.796704
7899 -39301.695600 -5052.996120
7900 -39392.707400 -5008.761932
7901 -39414.963600 -5040.907268
7902 -39424.076200 -5036.679579
7903 -39383.061000 -5081.164206
7904 -39421.091600 -5050.985091
7905 -39437.099800 -4985.729190
7906 -39361.194400 -5016.425055
7907 -39375.469100 -5039.593751
7908 -39425.252500 -5014.497517
7909 -39382.058300 -5060.332654
7910 -39363.910500 -5058.160622
7911 -39226.813100 -5062.263928
7912 -39348.151300 -5054.738716
7913 -39372.839000 -5015.228928
7914 -39455.032100 -5097.409151
7915 -39395.637300 -5028.674531
7916 -39420.360100 -5077.761137
7917 -39353.809900 -5077.459717
7918 -39351.690000 -5068.303599
7919 -39403.591100 -5046.397888
7920 -39374.201800 -5021.012793
7921 -39437.540400 -5023.001742
7922 -39355.272800 -5075.614026
7923 -39448.953800 -5027.549263
7924 -39414.604000 -5059.584707
7925 -39399.723900 -5095.727718
7926 -39404.247900 -5003.092564
7927 -39466.091000 -5024.792205
7928 -39437.750000 -5097.004294
7929 -39403.240500 -5043.848894
7930 -39310.830200 -5099.353757
7931 -39342.594200 -5032.024925
7932 -39371.134600 -5016.531545
7933 -39342.738800 -5072.051461
7934 -39350.193000 -5072.696907
7935 -39300.696500 -5088.140097
7936 -39415.863400 -5081.061842
7937 -39324.326300 -5033.166375
7938 -39367.188900 -5046.624917
7939 -39377.412300 -5110.343482
7940 -39424.398600 -5042.108289
7941 -39408.611000 -5036.626238
7942 -39437.641500 -5024.651946
7943 -39445.681000 -5015.842786
7944 -39438.486000 -5041.772661
7945 -39417.667100 -5016.300410
7946 -39372.362100 -5041.424712
7947 -39378.759900 -5013.569404
7948 -39306.283000 -5018.797934
7949 -39372.212700 -4975.629337
7950 -39418.053500 -4964.991207
7951 -39386.678100 -5061.514279
7952 -39341.698400 -4998.636134
7953 -39368.741500 -5067.425562
7954 -39305.111000 -5048.354394
7955 -39418.098400 -5017.659446
7956 -39302.200200 -5068.993143
7957 -39496.689600 -4998.401065
7958 -39370.544300 -5028.975362
7959 -39346.273700 -5061.108143
7960 -39363.324000 -5050.979585
7961 -39372.500100 -5055.057775
7962 -39376.786800 -5044.700245
7963 -39416.565900 -5040.234155
7964 -39358.862900 -5083.730499
7965 -39413.506000 -5046.414275
7966 -39419.663500 -5060.476585
7967 -39345.997800 -5001.404731
7968 -39305.422900 -5047.263689
7969 -39403.240700 -5054.387039
7970 -39394.966100 -5039.455878
7971 -39414.715000 -4995.730215
7972 -39439.012000 -4947.910065
7973 -39351.024400 -5051.248094
7974 -39386.753100 -4983.070045
7975 -39452.484300 -5031.061210
7976 -39340.453200 -5058.950190
7977 -39425.754700 -5044.093154
7978 -39397.459300 -5000.396676
7979 -39356.409200 -5047.011426
7980 -39396.521800 -5053.858630
7981 -39423.397200 -5020.763358
7982 -39462.207200 -5096.598875
7983 -39348.422100 -5050.607865
7984 -39394.492300 -5038.914248
7985 -39461.969100 -5034.396599
7986 -39360.977200 -5051.651236
7987 -39408.301800 -5023.418486
7988 -39327.567000 -5072.769117
7989 -39363.441900 -5044.562206
7990 -39330.851800 -5078.316349
7991 -39366.190400 -5021.633969
7992 -39317.559600 -5050.325908
7993 -39397.093300 -4986.677656
7994 -39369.400100 -4998.194439
7995 -39437.064000 -5008.176196
7996 -39436.695900 -5031.531362
7997 -39387.749800 -5057.654791
7998 -39450.491100 -4998.521578
7999 -39349.770500 -5038.797591
